mtllib Base_Corpo1.mtl
v 0.008571066856384278 0.012021888494491578 0.065
v 0.010159509181976318 0.010815404653549195 0.065
v 0.011571893692016602 0.009406372308731079 0.065
v 0.012783228158950806 0.00782159149646759 0.065
v 0.013773500919342041 0.006089273095130921 0.065
v 0.014524940252304077 0.004244056642055512 0.065
v 0.015026679039001465 0.0023190906643867494 0.065
v 0.015272957086563111 0.0003397992998361588 0.065
v 0.015259237289428712 -0.0016529056429862975 0.065
v 0.01498784065246582 -0.0036242422461509704 0.065
v 0.014462957382202149 -0.005549189448356628 0.065
v 0.013695663213729859 -0.007389042973518372 0.065
v 0.01270093321800232 -0.009113187789916993 0.065
v 0.011491703987121583 -0.010700708627700806 0.065
v 0.010091679096221924 -0.012121140956878662 0.065
v 0.00852624773979187 -0.013351497650146484 0.065
v 0.006814717054367065 -0.014377745389938355 0.065
v 0.004537816643714905 -0.015250184535980225 0.064951171875
v 0.0021543461084365845 -0.01576447606086731 0.06490234375000001
v -0.00027971869334578517 -0.01590854048728943 0.064853515625
v -0.0027072143554687502 -0.015678995847702028 0.0648046875
v -0.0050711315870285035 -0.015081231594085694 0.064755859375
v -0.007315953969955444 -0.014129287004470826 0.06470703125
v -0.009388961791992188 -0.012845517396926881 0.06465820312500001
v -0.011241471767425537 -0.01126007318496704 0.064609375
v -0.012829977273941041 -0.009410187005996704 0.064560546875
v -0.014117171764373779 -0.007339304089546203 0.06451171875
v -0.015072827339172364 -0.00509605884552002 0.064462890625
v -0.015674498081207276 -0.002733132839202881 0.06441406250000001
v -0.015908056497573854 -0.0003060200624167919 0.064365234375
v -0.015768016576766967 0.0021282796561717986 0.06431640625
v -0.015257666110992432 0.0045125970244407655 0.064267578125
v -0.01438899278640747 0.006790936589241028 0.06421875
v -0.01318239450454712 0.008909792304039002 0.06416992187500001
v -0.011666209697723388 0.010819401741027832 0.06412109375
v -0.009876046180725098 0.012474920749664307 0.064072265625
v -0.007853944897651673 0.0138374662399292 0.0640234375
v -0.005647394061088562 0.014875041246414185 0.063974609375
v -0.0033082157373428346 0.015563278198242188 0.06392578125000001
v -0.0008913441002368928 0.01588601350784302 0.063876953125
v 0.0015464605391025544 0.015835667848587035 0.063828125
v 0.003947947025299072 0.015413423776626587 0.063779296875
v 0.006256716251373291 0.014629197120666505 0.06373046875
v 0.00841854751110077 0.01350140690803528 0.06368164062500001
v 0.010382670164108277 0.012056536674499511 0.0636328125
v 0.012102956771850587 0.010328521728515625 0.063583984375
v 0.013539007902145387 0.008357941508293151 0.06353515625
v 0.014657096862792969 0.006191076636314392 0.063486328125
v 0.01543096661567688 0.0038788151741027833 0.06343750000000001
v 0.01584244132041931 0.0014754600822925567 0.063388671875
v 0.015881857872009277 -0.0009625457227230072 0.06333984375
v 0.015548292398452759 -0.0033779463171958925 0.063291015625
v 0.014849576950073242 -0.005714016556739808 0.0632421875
v 0.013802120685577393 -0.00791589379310608 0.06319335937500001
v 0.012430524826049805 -0.009931867122650147 0.06314453125
v 0.010766998529434205 -0.011714591979980468 0.063095703125
v 0.008850611448287964 -0.013222200870513916 0.063046875
v 0.006726368665695191 -0.014419288635253907 0.062998046875
v 0.004444157779216766 -0.015277740955352783 0.06294921875000001
v 0.0020575766265392304 -0.015777398347854615 0.062900390625
v -0.0003773264214396477 -0.015906525850296022 0.0628515625
v -0.0028033679723739624 -0.015662089586257935 0.062802734375
v -0.005163573026657105 -0.015049831867218018 0.06275390625
v -0.007402511835098267 -0.01408413052558899 0.06270507812500001
v -0.009467604160308838 -0.012787666320800781 0.06265625
v -0.01131035089492798 -0.011190884113311768 0.062607421875
v -0.012887475490570068 -0.009331286549568177 0.06255859375
v -0.01416193962097168 -0.007252544760704041 0.062509765625
v -0.015103812217712403 -0.005003477334976196 0.0624609375
v -0.015690973997116088 -0.002636904716491699 0.062412109375000004
v -0.015909634828567505 -0.0002084043063223362 0.06236328125
v -0.0157546603679657 0.0022249902784824372 0.062314453125
v -0.015229690074920655 0.004606131315231323 0.062265625
v -0.014347052574157715 0.006879097819328308 0.062216796875
v -0.013127477169036866 0.008990510106086732 0.062167968750000004
v -0.01159960389137268 0.010890780687332154 0.062119140625
v -0.009799315333366395 0.01253528356552124 0.0620703125
v -0.0077688914537429815 0.013885396718978883 0.062021484375
v -0.005556016564369202 0.014909412860870361 0.06197265625
v -0.0032126590609550475 0.0155832839012146 0.061923828125000004
v -0.0007938525825738907 0.015891183614730835 0.061875
v 0.0016435973346233367 0.01582588076591492 0.061826171875
v 0.004042447507381439 0.015388909578323364 0.06177734375
v 0.0063463616371154784 0.014590531587600708 0.061728515625
v 0.008501231670379639 0.01344949722290039 0.061679687500000004
v 0.010456452369689942 0.011992603540420532 0.061630859375
v 0.012166104316711427 0.010254064798355103 0.06158203125
v 0.013590036630630494 0.008274710178375244 0.061533203125
v 0.014694808721542359 0.006101025938987732 0.061484375
v 0.01545447587966919 0.003784059286117554 0.061435546875000004
v 0.01585119605064392 0.001378224939107895 0.06138671875
v 0.01587565302848816 -0.0010599768906831742 0.061337890625
v 0.015527273416519166 -0.003473285436630249 0.0612890625
v 0.014814237356185913 -0.005805023908615112 0.061240234375
v 0.013753290176391602 -0.008000432848930358 0.061191406250000004
v 0.01236935019493103 -0.010007952451705934 0.061142578125
v 0.010694916248321534 -0.011780436038970948 0.06109375
v 0.008769314885139465 -0.013276258707046509 0.061044921875
v 0.00663776695728302 -0.014460289478302002 0.06099609375
v 0.004350331723690033 -0.015304722785949708 0.060947265625000004
v 0.0019607295095920565 -0.015789726972579958 0.0608984375
v -0.0004749199002981186 -0.015903910398483278 0.060849609375
v -0.002899416089057922 -0.015644593238830568 0.06080078125
v -0.00525581955909729 -0.015017865896224976 0.060751953125
v -0.007488791346549988 -0.014038444757461549 0.060703125000000004
v -0.009545889496803284 -0.012729332447052003 0.060654296875
v -0.011378803253173829 -0.01112127423286438 0.06060546875
v -0.012944488525390626 -0.009252034425735474 0.060556640625
v -0.014206173419952393 -0.007165511846542358 0.0605078125
v -0.015134228467941284 -0.00491070806980133 0.060458984375000004
v -0.01570685863494873 -0.0025405770540237425 0.06041015625
v -0.015910614728927613 -0.00011078068986535072 0.060361328125
v -0.015740711688995362 0.002321617156267166 0.0603125
v -0.015201140642166138 0.004699492156505585 0.060263671875
v -0.01430457353591919 0.006967000365257263 0.060214843750000004
v -0.013072065114974976 0.009070889353752136 0.060166015625
v -0.011532560586929322 0.01096174955368042 0.0601171875
v -0.009722216129302979 0.012595175504684449 0.060068359375
v -0.007683546543121338 0.013932803869247437 0.06001953125
v -0.005464429259300232 0.01494322419166565 0.059970703125000004
v -0.003116981089115143 0.015602703094482423 0.059921875
v -0.000696331188082695 0.01589575529098511 0.059873046875
v 0.0017406721413135528 0.015815497636795045 0.05982421875
v 0.004136795997619629 0.015363816022872925 0.059775390625
v 0.006435768008232117 0.014551316499710084 0.059726562500000004
v 0.008583596348762513 0.013397082090377807 0.059677734375
v 0.010529839992523193 0.01192821741104126 0.05962890625
v 0.012228792905807495 0.010179221630096436 0.059580078125
v 0.013640552759170532 0.008191167712211608 0.05953125
v 0.014731967449188232 0.006010745167732239 0.059482421875000004
v 0.015477403402328492 0.003689161241054535 0.05943359375
v 0.015859354734420777 0.0012809379398822786 0.059384765625
v 0.015868850946426392 -0.0011573681235313416 0.0593359375
v 0.015505669116973876 -0.0035684934258461 0.059287109375
v 0.014778338670730591 -0.00589581310749054 0.059238281250000004
v 0.01370394229888916 -0.008084670901298522 0.059189453125
v 0.012307709455490113 -0.010083661079406739 0.059140625
v 0.010622432231903076 -0.011845837831497192 0.059091796875
v 0.008687688112258911 -0.013329815864562989 0.05904296875
v 0.006548914909362793 -0.014500745534896851 0.058994140625000004
v 0.004256341755390167 -0.015331127643585206 0.0589453125
v 0.0018638087809085845 -0.015801459550857544 0.058896484375
v -0.0005724955350160599 -0.015900697708129883 0.05884765625
v -0.0029953548312187197 -0.015626507997512817 0.058798828125
v -0.005347868800163269 -0.014985333681106567 0.058750000000000004
v -0.007574788331985474 -0.013992229700088501 0.058701171875
v -0.009623815417289735 -0.012670520544052124 0.05865234375
v -0.01144682765007019 -0.01105124592781067 0.058603515625
v -0.01300101399421692 -0.009172434806823731 0.0585546875
v -0.014249873161315919 -0.007078209519386292 0.058505859375000004
v -0.015164074897766113 -0.004817753732204437 0.05845703125
v -0.015722150802612304 -0.0024441535770893096 0.058408203125
v -0.01591099500656128 -1.3152911560609938e-05 0.058359375
v -0.015726170539855956 0.002418156713247299 0.058310546875
v -0.015172019004821779 0.004792676270008087 0.058261718750000004
v -0.014261555671691895 0.007054640650749206 0.058212890625
v -0.013016160726547241 0.009150927662849426 0.0581640625
v -0.011465083360671997 0.011032305955886841 0.058115234375
v -0.009644750356674194 0.012654592990875244 0.05806640625
v -0.007597911357879639 0.013979687690734863 0.058017578125000004
v -0.005372636914253235 0.014976471662521362 0.05796875
v -0.0030211862921714783 0.01562153458595276 0.057919921875
v -0.0005987835302948952 0.015899728536605835 0.05787109375
v 0.001837681531906128 0.015804519653320314 0.057822265625
v 0.004230988919734955 0.015338144302368165 0.057773437500000004
v 0.006524931788444519 0.014511553049087524 0.057724609375
v 0.008665637969970703 0.01334416151046753 0.05767578125
v 0.010602833032608032 0.011863383054733277 0.057626953125
v 0.012291021347045898 0.010103995800018311 0.057578125
v 0.013690556287765504 0.008107316493988038 0.057529296875000004
v 0.014768571853637696 0.005920238494873047 0.05748046875
v 0.01549974799156189 0.0035941243171691895 0.057431640625
v 0.01586691498756409 0.0011836026608943939 0.0573828125
v 0.015861450433731078 -0.001254715770483017 0.057333984375
v 0.015483481884002686 -0.003663567304611206 0.057285156250000004
v 0.014741884469985962 -0.0059863805770874025 0.057236328125
v 0.013654077053070068 -0.008168604373931885 0.0571875
v 0.012245604991912842 -0.010158989429473877 0.057138671875
v 0.010549547672271729 -0.011910792589187622 0.05708984375
v 0.00860573410987854 -0.013382872343063354 0.057041015625000004
v 0.006459816694259644 -0.014540656805038452 0.0569921875
v 0.004162191450595856 -0.015356955528259277 0.056943359375
v 0.001766817718744278 -0.01581259846687317 0.05689453125
v -0.0006700495630502701 -0.015896885395050048 0.056845703125
v -0.0030911809206008913 -0.015607835054397584 0.056796875000000004
v -0.00543971598148346 -0.014952237606048585 0.056748046875
v -0.007660500407218934 -0.013945488929748536 0.05669921875
v -0.00970137894153595 -0.012611231803894044 0.056650390625
v -0.011514421701431275 -0.010980801582336426 0.0566015625
v -0.013057050704956054 -0.00909248948097229 0.056552734375000004
v -0.014293035268783569 -0.006990640759468079 0.05650390625
v -0.015193350315093994 -0.004724618196487427 0.056455078125
v -0.015736851692199707 -0.0023476383090019226 0.05640625
v -0.015910775661468507 8.447536267340183e-05 0.056357421875
v -0.015711036920547487 0.002514605224132538 0.056308593750000004
v -0.01514232635498047 0.00488567978143692 0.056259765625
v -0.014218000173568725 0.007142015099525452 0.0562109375
v -0.012959767580032349 0.009230620861053467 0.056162109375
v -0.0113971745967865 0.01110244631767273 0.05611328125
v -0.009566921591758728 0.012713533639907838 0.056064453125000004
v -0.007511990666389466 0.014026044607162476 0.056015625
v -0.0052806419134140015 0.0150091552734375 0.055966796875
v -0.002925277352333069 0.01563977837562561 0.05591796875
v -0.0005012133345007896 0.015903103351593017 0.055869140625
v 0.0019346216320991518 0.015792946815490722 0.055820312500000004
v 0.004325022101402283 0.015311894416809082 0.055771484375
v 0.006613849997520447 0.014471243619918823 0.05572265625
v 0.008747352957725526 0.013290739059448243 0.055673828125
v 0.010675425529479981 0.011798102855682373 0.055625
v 0.01235278606414795 0.010028388500213623 0.055576171875000004
v 0.013740044832229615 0.008023160099983216 0.05552734375
v 0.014804619550704957 0.0058295089006423955 0.055478515625
v 0.015521509647369385 0.003498952090740204 0.0554296875
v 0.015873879194259644 0.00108622282743454 0.055380859375
v 0.015853452682495116 -0.001352016180753708 0.055332031250000004
v 0.015460710525512695 -0.0037585031986236573 0.055283203125
v 0.014704875946044922 -0.006076722145080566 0.055234375
v 0.013603698015213012 -0.008252230286598206 0.055185546875
v 0.012183040380477905 -0.010233936309814453 0.05513671875
v 0.010476264953613281 -0.01197529911994934 0.055087890625000004
v 0.008523456454277038 -0.013435423374176025 0.0550390625
v 0.00637047529220581 -0.014580019712448121 0.054990234375
v 0.004067884683609009 -0.01538220524787903 0.05494140625
v 0.0016697601974010468 -0.015823142528533937 0.054892578125
v -0.0007675784081220627 -0.01589247465133667 0.054843750000000004
v -0.003186890482902527 -0.015588574409484864 0.054794921875
v -0.0055313587188720705 -0.014918578863143921 0.05474609375
v -0.00774592399597168 -0.013898222446441651 0.054697265625
v -0.00977857768535614 -0.012551467418670654 0.0546484375
v -0.011581581830978394 -0.010909943580627442 0.054599609375000004
v -0.013112595081329345 -0.00901220142841339 0.05455078125
v -0.014335659742355346 -0.006902808547019959 0.054501953125
v -0.015222054719924927 -0.004631304442882538 0.054453125
v -0.01575096130371094 -0.002251034677028656 0.054404296875
v -0.015909957885742187 0.00018210045993328095 0.054355468750000004
v -0.015695312023162843 0.002610958814620972 0.054306640625
v -0.015112063884735108 0.004978499412536621 0.0542578125
v -0.01417391061782837 0.00722912073135376 0.054208984375
v -0.012902884483337403 0.009309966564178467 0.05416015625
v -0.011328836679458618 0.01117216944694519 0.054111328125000004
v -0.009488732814788818 0.012771995067596437 0.0540625
v -0.007425786852836609 0.014071873426437379 0.054013671875
v -0.005188447833061219 0.015041273832321168 0.05396484375
v -0.002829258441925049 0.015657433271408082 0.053916015625
v -0.0004036242887377739 0.015905879735946656 0.053867187500000004
v 0.0020314888656139374 0.015780779123306273 0.053818359375
v 0.004418892860412598 0.015285067558288574 0.05376953125
v 0.006702519655227661 0.014430389404296876 0.053720703125
v 0.008828738927841187 0.013236815929412843 0.053671875
v 0.010747616291046144 0.01173237681388855 0.053623046875000004
v 0.012414087057113648 0.009952405095100402 0.05357421875
v 0.01378901481628418 0.00793870210647583 0.053525390625
v 0.01484010934829712 0.005738559365272522 0.0534765625
v 0.015542685985565186 0.003403647840023041 0.053427734375
v 0.015880244970321655 0.0009888020902872085 0.053378906250000004
v 0.0158448588848114 -0.001449265629053116 0.053330078125
v 0.015437357425689698 -0.003853297531604767 0.05328125
v 0.01466731309890747 -0.006166835427284241 0.053232421875
v 0.013552807569503784 -0.008335545659065247 0.05318359375
v 0.012120016813278199 -0.010308496952056885 0.053134765625000004
v 0.010402588844299317 -0.012039355039596559 0.0530859375
v 0.008440858125686646 -0.013487470149993897 0.053037109375
v 0.00628089427947998 -0.01461883306503296 0.05298828125
v 0.003973424732685089 -0.015406875610351563 0.052939453125
v 0.0015726397931575776 -0.015833089351654055 0.052890625000000004
v -0.0008650783449411393 -0.015887465476989746 0.052841796875
v -0.0032824802398681643 -0.015568726062774658 0.05279296875
v -0.0056227934360504155 -0.014884357452392579 0.052744140625
v -0.007831056118011475 -0.013850432634353638 0.0526953125
v -0.009855407476425172 -0.012491230964660646 0.052646484375000004
v -0.011648305654525758 -0.010838675498962403 0.05259765625
v -0.013167645931243897 -0.008931574225425721 0.052548828125
v -0.014377745389938355 -0.006814717054367065 0.0525
v -0.015250184535980225 -0.004537816643714905 0.052451171875
v -0.01576447606086731 -0.0021543461084365845 0.052402343750000004
v -0.01590854048728943 0.00027971869334578517 0.052353515625
v -0.015678995847702028 0.0027072143554687502 0.0523046875
v -0.015081231594085694 0.0050711315870285035 0.052255859375
v -0.014129287004470826 0.007315953969955444 0.05220703125
v -0.012845517396926881 0.009388961791992188 0.052158203125000004
v -0.01126007318496704 0.011241471767425537 0.052109375
v -0.009410187005996704 0.012829977273941041 0.052060546875
v -0.007339304089546203 0.014117171764373779 0.05201171875
v -0.00509605884552002 0.015072827339172364 0.051962890625
v -0.002733132839202881 0.015674498081207276 0.051914062500000004
v -0.0003060200624167919 0.015908056497573854 0.051865234375
v 0.0021282796561717986 0.015768016576766967 0.05181640625
v 0.0045125970244407655 0.015257666110992432 0.051767578125
v 0.006790936589241028 0.01438899278640747 0.05171875
v 0.008909792304039002 0.01318239450454712 0.051669921875000004
v 0.010819401741027832 0.011666209697723388 0.05162109375
v 0.012474920749664307 0.009876046180725098 0.051572265625
v 0.0138374662399292 0.007853944897651673 0.0515234375
v 0.014875041246414185 0.005647394061088562 0.051474609375
v 0.015563278198242188 0.0033082157373428346 0.051425781250000004
v 0.01588601350784302 0.0008913441002368928 0.051376953125
v 0.015835667848587035 -0.0015464605391025544 0.051328125
v 0.015413423776626587 -0.003947947025299072 0.051279296875
v 0.014629197120666505 -0.006256716251373291 0.05123046875
v 0.01350140690803528 -0.00841854751110077 0.051181640625000004
v 0.012056536674499511 -0.010382670164108277 0.0511328125
v 0.010328521728515625 -0.012102956771850587 0.051083984375
v 0.008357941508293151 -0.013539007902145387 0.05103515625
v 0.006191076636314392 -0.014657096862792969 0.050986328125
v 0.0038788151741027833 -0.01543096661567688 0.050937500000000004
v 0.0014754600822925567 -0.01584244132041931 0.050888671875
v -0.0009625457227230072 -0.015881857872009277 0.05083984375
v -0.0033779463171958925 -0.015548292398452759 0.050791015625
v -0.005714016556739808 -0.014849576950073242 0.0507421875
v -0.00791589379310608 -0.013802120685577393 0.050693359375000004
v -0.009931867122650147 -0.012430524826049805 0.05064453125
v -0.011714591979980468 -0.010766998529434205 0.050595703125
v -0.013222200870513916 -0.008850611448287964 0.050546875
v -0.014419288635253907 -0.006726368665695191 0.050498046875
v -0.015277740955352783 -0.004444157779216766 0.050449218750000004
v -0.015777398347854615 -0.0020575766265392304 0.050400390625
v -0.015906525850296022 0.0003773264214396477 0.0503515625
v -0.015662089586257935 0.0028033679723739624 0.050302734375
v -0.015049831867218018 0.005163573026657105 0.05025390625
v -0.01408413052558899 0.007402511835098267 0.050205078125000004
v -0.012787666320800781 0.009467604160308838 0.05015625
v -0.011190884113311768 0.01131035089492798 0.050107421875
v -0.009331286549568177 0.012887475490570068 0.05005859375
v -0.007252544760704041 0.01416193962097168 0.050009765625
v -0.005003477334976196 0.015103812217712403 0.049960937500000004
v -0.002636904716491699 0.015690973997116088 0.049912109375
v -0.0002084043063223362 0.015909634828567505 0.04986328125
v 0.0022249902784824372 0.0157546603679657 0.049814453125
v 0.004606131315231323 0.015229690074920655 0.049765625
v 0.006879097819328308 0.014347052574157715 0.049716796875000004
v 0.008990510106086732 0.013127477169036866 0.04966796875
v 0.010890780687332154 0.01159960389137268 0.049619140625
v 0.01253528356552124 0.009799315333366395 0.0495703125
v 0.013885396718978883 0.0077688914537429815 0.049521484375
v 0.014909412860870361 0.005556016564369202 0.049472656250000004
v 0.0155832839012146 0.0032126590609550475 0.049423828125
v 0.015891183614730835 0.0007938525825738907 0.049375
v 0.01582588076591492 -0.0016435973346233367 0.049326171875
v 0.015388909578323364 -0.004042447507381439 0.04927734375
v 0.014590531587600708 -0.0063463616371154784 0.049228515625000004
v 0.01344949722290039 -0.008501231670379639 0.0491796875
v 0.011992603540420532 -0.010456452369689942 0.049130859375
v 0.010254064798355103 -0.012166104316711427 0.04908203125
v 0.008274710178375244 -0.013590036630630494 0.049033203125
v 0.006101025938987732 -0.014694808721542359 0.048984375000000004
v 0.003784059286117554 -0.01545447587966919 0.048935546875
v 0.001378224939107895 -0.01585119605064392 0.04888671875
v -0.0010599768906831742 -0.01587565302848816 0.048837890625
v -0.003473285436630249 -0.015527273416519166 0.0487890625
v -0.005805023908615112 -0.014814237356185913 0.048740234375000004
v -0.008000432848930358 -0.013753290176391602 0.04869140625
v -0.010007952451705934 -0.01236935019493103 0.048642578125
v -0.011780436038970948 -0.010694916248321534 0.04859375
v -0.013276258707046509 -0.008769314885139465 0.048544921875
v -0.014460289478302002 -0.00663776695728302 0.048496093750000004
v -0.015304722785949708 -0.004350331723690033 0.048447265625
v -0.015789726972579958 -0.0019607295095920565 0.0483984375
v -0.015903910398483278 0.0004749199002981186 0.048349609375
v -0.015644593238830568 0.002899416089057922 0.04830078125
v -0.015017865896224976 0.00525581955909729 0.048251953125000004
v -0.014038444757461549 0.007488791346549988 0.048203125
v -0.012729332447052003 0.009545889496803284 0.048154296875
v -0.01112127423286438 0.011378803253173829 0.04810546875
v -0.009252034425735474 0.012944488525390626 0.048056640625
v -0.007165511846542358 0.014206173419952393 0.048007812500000004
v -0.00491070806980133 0.015134228467941284 0.047958984375
v -0.0025405770540237425 0.01570685863494873 0.04791015625
v -0.00011078068986535072 0.015910614728927613 0.047861328125
v 0.002321617156267166 0.015740711688995362 0.0478125
v 0.004699492156505585 0.015201140642166138 0.047763671875000004
v 0.006967000365257263 0.01430457353591919 0.04771484375
v 0.009070889353752136 0.013072065114974976 0.047666015625
v 0.01096174955368042 0.011532560586929322 0.0476171875
v 0.012595175504684449 0.009722216129302979 0.047568359375
v 0.013932803869247437 0.007683546543121338 0.047519531250000004
v 0.01494322419166565 0.005464429259300232 0.047470703125
v 0.015602703094482423 0.003116981089115143 0.047421875
v 0.01589575529098511 0.000696331188082695 0.047373046875
v 0.015815497636795045 -0.0017406721413135528 0.04732421875
v 0.015363816022872925 -0.004136795997619629 0.047275390625000004
v 0.014551316499710084 -0.006435768008232117 0.0472265625
v 0.013397082090377807 -0.008583596348762513 0.047177734375
v 0.01192821741104126 -0.010529839992523193 0.04712890625
v 0.010179221630096436 -0.012228792905807495 0.047080078125
v 0.008191167712211608 -0.013640552759170532 0.047031250000000004
v 0.006010745167732239 -0.014731967449188232 0.046982421875
v 0.003689161241054535 -0.015477403402328492 0.04693359375
v 0.0012809379398822786 -0.015859354734420777 0.046884765625
v -0.0011573681235313416 -0.015868850946426392 0.0468359375
v -0.0035684934258461 -0.015505669116973876 0.046787109375000004
v -0.00589581310749054 -0.014778338670730591 0.04673828125
v -0.008084670901298522 -0.01370394229888916 0.046689453125
v -0.010083661079406739 -0.012307709455490113 0.046640625
v -0.011845837831497192 -0.010622432231903076 0.046591796875
v -0.013329815864562989 -0.008687688112258911 0.046542968750000004
v -0.014500745534896851 -0.006548914909362793 0.046494140625
v -0.015331127643585206 -0.004256341755390167 0.0464453125
v -0.015801459550857544 -0.0018638087809085845 0.046396484375
v -0.015900697708129883 0.0005724955350160599 0.04634765625
v -0.015626507997512817 0.0029953548312187197 0.046298828125000004
v -0.014985333681106567 0.005347868800163269 0.04625
v -0.013992229700088501 0.007574788331985474 0.046201171875
v -0.012670520544052124 0.009623815417289735 0.04615234375
v -0.01105124592781067 0.01144682765007019 0.046103515625
v -0.009172434806823731 0.01300101399421692 0.046054687500000004
v -0.007078209519386292 0.014249873161315919 0.046005859375
v -0.004817753732204437 0.015164074897766113 0.04595703125
v -0.0024441535770893096 0.015722150802612304 0.045908203125
v -1.3152911560609938e-05 0.01591099500656128 0.045859375
v 0.002418156713247299 0.015726170539855956 0.045810546875000004
v 0.004792676270008087 0.015172019004821779 0.04576171875
v 0.007054640650749206 0.014261555671691895 0.045712890625
v 0.009150927662849426 0.013016160726547241 0.0456640625
v 0.011032305955886841 0.011465083360671997 0.045615234375
v 0.012654592990875244 0.009644750356674194 0.045566406250000004
v 0.013979687690734863 0.007597911357879639 0.045517578125
v 0.014976471662521362 0.005372636914253235 0.04546875
v 0.01562153458595276 0.0030211862921714783 0.045419921875
v 0.015899728536605835 0.0005987835302948952 0.04537109375
v 0.015804519653320314 -0.001837681531906128 0.045322265625000004
v 0.015338144302368165 -0.004230988919734955 0.0452734375
v 0.014511553049087524 -0.006524931788444519 0.045224609375
v 0.01334416151046753 -0.008665637969970703 0.04517578125
v 0.011863383054733277 -0.010602833032608032 0.045126953125
v 0.010103995800018311 -0.012291021347045898 0.045078125000000004
v 0.008107316493988038 -0.013690556287765504 0.045029296875
v 0.005920238494873047 -0.014768571853637696 0.04498046875
v 0.0035941243171691895 -0.01549974799156189 0.044931640625
v 0.0011836026608943939 -0.01586691498756409 0.0448828125
v -0.001254715770483017 -0.015861450433731078 0.044833984375000004
v -0.003663567304611206 -0.015483481884002686 0.04478515625
v -0.0059863805770874025 -0.014741884469985962 0.044736328125
v -0.008168604373931885 -0.013654077053070068 0.0446875
v -0.010158989429473877 -0.012245604991912842 0.044638671875
v -0.011910792589187622 -0.010549547672271729 0.044589843750000004
v -0.013382872343063354 -0.00860573410987854 0.044541015625
v -0.014540656805038452 -0.006459816694259644 0.0444921875
v -0.015356955528259277 -0.004162191450595856 0.044443359375
v -0.01581259846687317 -0.001766817718744278 0.04439453125
v -0.015896885395050048 0.0006700495630502701 0.044345703125000004
v -0.015607835054397584 0.0030911809206008913 0.044296875
v -0.014952237606048585 0.00543971598148346 0.044248046875
v -0.013945488929748536 0.007660500407218934 0.04419921875
v -0.012611231803894044 0.00970137894153595 0.044150390625
v -0.010980801582336426 0.011514421701431275 0.044101562500000004
v -0.00909248948097229 0.013057050704956054 0.044052734375
v -0.006990640759468079 0.014293035268783569 0.04400390625
v -0.004724618196487427 0.015193350315093994 0.043955078125
v -0.0023476383090019226 0.015736851692199707 0.04390625
v 8.447536267340183e-05 0.015910775661468507 0.043857421875000004
v 0.002514605224132538 0.015711036920547487 0.04380859375
v 0.00488567978143692 0.01514232635498047 0.043759765625
v 0.007142015099525452 0.014218000173568725 0.0437109375
v 0.009230620861053467 0.012959767580032349 0.043662109375
v 0.01110244631767273 0.0113971745967865 0.043613281250000004
v 0.012713533639907838 0.009566921591758728 0.043564453125
v 0.014026044607162476 0.007511990666389466 0.043515625
v 0.0150091552734375 0.0052806419134140015 0.043466796875
v 0.01563977837562561 0.002925277352333069 0.04341796875
v 0.015903103351593017 0.0005012133345007896 0.043369140625000004
v 0.015792946815490722 -0.0019346216320991518 0.0433203125
v 0.015311894416809082 -0.004325022101402283 0.043271484375
v 0.014471243619918823 -0.006613849997520447 0.04322265625
v 0.013290739059448243 -0.008747352957725526 0.043173828125
v 0.011798102855682373 -0.010675425529479981 0.043125000000000004
v 0.010028388500213623 -0.01235278606414795 0.043076171875
v 0.008023160099983216 -0.013740044832229615 0.04302734375
v 0.0058295089006423955 -0.014804619550704957 0.042978515625
v 0.003498952090740204 -0.015521509647369385 0.0429296875
v 0.00108622282743454 -0.015873879194259644 0.042880859375000004
v -0.001352016180753708 -0.015853452682495116 0.04283203125
v -0.0037585031986236573 -0.015460710525512695 0.042783203125
v -0.006076722145080566 -0.014704875946044922 0.042734375
v -0.008252230286598206 -0.013603698015213012 0.042685546875
v -0.010233936309814453 -0.012183040380477905 0.042636718750000004
v -0.01197529911994934 -0.010476264953613281 0.042587890625
v -0.013435423374176025 -0.008523456454277038 0.0425390625
v -0.014580019712448121 -0.00637047529220581 0.042490234375
v -0.01538220524787903 -0.004067884683609009 0.04244140625
v -0.015823142528533937 -0.0016697601974010468 0.042392578125000004
v -0.01589247465133667 0.0007675784081220627 0.04234375
v -0.015588574409484864 0.003186890482902527 0.042294921875
v -0.014918578863143921 0.0055313587188720705 0.04224609375
v -0.013898222446441651 0.00774592399597168 0.042197265625
v -0.012551467418670654 0.00977857768535614 0.042148437500000004
v -0.010909943580627442 0.011581581830978394 0.042099609375
v -0.00901220142841339 0.013112595081329345 0.04205078125
v -0.006902808547019959 0.014335659742355346 0.042001953125
v -0.004631304442882538 0.015222054719924927 0.041953125
v -0.002251034677028656 0.01575096130371094 0.041904296875000004
v 0.00018210045993328095 0.015909957885742187 0.04185546875
v 0.002610958814620972 0.015695312023162843 0.041806640625
v 0.004978499412536621 0.015112063884735108 0.0417578125
v 0.00722912073135376 0.01417391061782837 0.041708984375
v 0.009309966564178467 0.012902884483337403 0.041660156250000004
v 0.01117216944694519 0.011328836679458618 0.041611328125
v 0.012771995067596437 0.009488732814788818 0.0415625
v 0.014071873426437379 0.007425786852836609 0.041513671875
v 0.015041273832321168 0.005188447833061219 0.04146484375
v 0.015657433271408082 0.002829258441925049 0.041416015625000004
v 0.015905879735946656 0.0004036242887377739 0.0413671875
v 0.015780779123306273 -0.0020314888656139374 0.041318359375
v 0.015285067558288574 -0.004418892860412598 0.04126953125
v 0.014430389404296876 -0.006702519655227661 0.041220703125
v 0.013236815929412843 -0.008828738927841187 0.041171875000000004
v 0.01173237681388855 -0.010747616291046144 0.041123046875
v 0.009952405095100402 -0.012414087057113648 0.04107421875
v 0.00793870210647583 -0.01378901481628418 0.041025390625
v 0.005738559365272522 -0.01484010934829712 0.0409765625
v 0.003403647840023041 -0.015542685985565186 0.040927734375000004
v 0.0009888020902872085 -0.015880244970321655 0.04087890625
v -0.001449265629053116 -0.0158448588848114 0.040830078125
v -0.003853297531604767 -0.015437357425689698 0.04078125
v -0.006166835427284241 -0.01466731309890747 0.040732421875
v -0.008335545659065247 -0.013552807569503784 0.040683593750000004
v -0.010308496952056885 -0.012120016813278199 0.040634765625
v -0.012039355039596559 -0.010402588844299317 0.0405859375
v -0.013487470149993897 -0.008440858125686646 0.040537109375
v -0.01461883306503296 -0.00628089427947998 0.04048828125
v -0.015406875610351563 -0.003973424732685089 0.040439453125000004
v -0.015833089351654055 -0.0015726397931575776 0.040390625
v -0.015887465476989746 0.0008650783449411393 0.040341796875
v -0.015568726062774658 0.0032824802398681643 0.04029296875
v -0.014884357452392579 0.0056227934360504155 0.040244140625
v -0.013850432634353638 0.007831056118011475 0.040195312500000004
v -0.012491230964660646 0.009855407476425172 0.040146484375
v -0.010838675498962403 0.011648305654525758 0.04009765625
v -0.008931574225425721 0.013167645931243897 0.040048828125
v -0.006814717054367065 0.014377745389938355 0.04
v -0.004537816643714905 0.015250184535980225 0.039951171875000004
v -0.0021543461084365845 0.01576447606086731 0.03990234375
v 0.00027971869334578517 0.01590854048728943 0.039853515625
v 0.0027072143554687502 0.015678995847702028 0.0398046875
v 0.0050711315870285035 0.015081231594085694 0.039755859375
v 0.007315953969955444 0.014129287004470826 0.039707031250000004
v 0.009388961791992188 0.012845517396926881 0.039658203125
v 0.011241471767425537 0.01126007318496704 0.039609375
v 0.012829977273941041 0.009410187005996704 0.039560546875
v 0.014117171764373779 0.007339304089546203 0.03951171875
v 0.015072827339172364 0.00509605884552002 0.039462890625000004
v 0.015674498081207276 0.002733132839202881 0.0394140625
v 0.015908056497573854 0.0003060200624167919 0.039365234375
v 0.015768016576766967 -0.0021282796561717986 0.03931640625
v 0.015257666110992432 -0.0045125970244407655 0.039267578125
v 0.01438899278640747 -0.006790936589241028 0.039218750000000004
v 0.01318239450454712 -0.008909792304039002 0.039169921875
v 0.011666209697723388 -0.010819401741027832 0.03912109375
v 0.009876046180725098 -0.012474920749664307 0.039072265625
v 0.007853944897651673 -0.0138374662399292 0.0390234375
v 0.005647394061088562 -0.014875041246414185 0.038974609375000004
v 0.0033082157373428346 -0.015563278198242188 0.03892578125
v 0.0008913441002368928 -0.01588601350784302 0.038876953125
v -0.0015464605391025544 -0.015835667848587035 0.038828125
v -0.003947947025299072 -0.015413423776626587 0.038779296875
v -0.006256716251373291 -0.014629197120666505 0.038730468750000004
v -0.00841854751110077 -0.01350140690803528 0.038681640625
v -0.010382670164108277 -0.012056536674499511 0.0386328125
v -0.012102956771850587 -0.010328521728515625 0.038583984375
v -0.013539007902145387 -0.008357941508293151 0.03853515625
v -0.014657096862792969 -0.006191076636314392 0.038486328125000004
v -0.01543096661567688 -0.0038788151741027833 0.0384375
v -0.01584244132041931 -0.0014754600822925567 0.038388671875
v -0.015881857872009277 0.0009625457227230072 0.03833984375
v -0.015548292398452759 0.0033779463171958925 0.038291015625
v -0.014849576950073242 0.005714016556739808 0.038242187500000004
v -0.013802120685577393 0.00791589379310608 0.038193359375
v -0.012430524826049805 0.009931867122650147 0.03814453125
v -0.010766998529434205 0.011714591979980468 0.038095703125
v -0.008850611448287964 0.013222200870513916 0.038046875
v -0.006726368665695191 0.014419288635253907 0.037998046875000004
v -0.004444157779216766 0.015277740955352783 0.03794921875
v -0.0020575766265392304 0.015777398347854615 0.037900390625
v 0.0003773264214396477 0.015906525850296022 0.0378515625
v 0.0028033679723739624 0.015662089586257935 0.037802734375
v 0.005163573026657105 0.015049831867218018 0.037753906250000004
v 0.007402511835098267 0.01408413052558899 0.037705078125
v 0.009467604160308838 0.012787666320800781 0.03765625
v 0.01131035089492798 0.011190884113311768 0.037607421875
v 0.012887475490570068 0.009331286549568177 0.03755859375
v 0.01416193962097168 0.007252544760704041 0.037509765625000004
v 0.015103812217712403 0.005003477334976196 0.0374609375
v 0.015690973997116088 0.002636904716491699 0.037412109375
v 0.015909634828567505 0.0002084043063223362 0.03736328125
v 0.0157546603679657 -0.0022249902784824372 0.037314453125
v 0.015229690074920655 -0.004606131315231323 0.037265625000000004
v 0.014347052574157715 -0.006879097819328308 0.037216796875
v 0.013127477169036866 -0.008990510106086732 0.03716796875
v 0.01159960389137268 -0.010890780687332154 0.037119140625
v 0.009799315333366395 -0.01253528356552124 0.0370703125
v 0.0077688914537429815 -0.013885396718978883 0.037021484375000004
v 0.005556016564369202 -0.014909412860870361 0.03697265625
v 0.0032126590609550475 -0.0155832839012146 0.036923828125
v 0.0007938525825738907 -0.015891183614730835 0.036875
v -0.0016435973346233367 -0.01582588076591492 0.036826171875
v -0.004042447507381439 -0.015388909578323364 0.036777343750000004
v -0.0063463616371154784 -0.014590531587600708 0.036728515625
v -0.008501231670379639 -0.01344949722290039 0.0366796875
v -0.010456452369689942 -0.011992603540420532 0.036630859375
v -0.012166104316711427 -0.010254064798355103 0.03658203125
v -0.013590036630630494 -0.008274710178375244 0.036533203125000004
v -0.014694808721542359 -0.006101025938987732 0.036484375
v -0.01545447587966919 -0.003784059286117554 0.036435546875
v -0.01585119605064392 -0.001378224939107895 0.03638671875
v -0.01587565302848816 0.0010599768906831742 0.036337890625
v -0.015527273416519166 0.003473285436630249 0.036289062500000004
v -0.014814237356185913 0.005805023908615112 0.036240234375
v -0.013753290176391602 0.008000432848930358 0.03619140625
v -0.01236935019493103 0.010007952451705934 0.036142578125
v -0.010694916248321534 0.011780436038970948 0.03609375
v -0.008769314885139465 0.013276258707046509 0.036044921875000004
v -0.00663776695728302 0.014460289478302002 0.03599609375
v -0.004350331723690033 0.015304722785949708 0.035947265625
v -0.0019607295095920565 0.015789726972579958 0.0358984375
v 0.0004749199002981186 0.015903910398483278 0.035849609375
v 0.002899416089057922 0.015644593238830568 0.035800781250000004
v 0.00525581955909729 0.015017865896224976 0.035751953125
v 0.007488791346549988 0.014038444757461549 0.035703125
v 0.009545889496803284 0.012729332447052003 0.035654296875
v 0.011378803253173829 0.01112127423286438 0.03560546875
v 0.012944488525390626 0.009252034425735474 0.035556640625000004
v 0.014206173419952393 0.007165511846542358 0.0355078125
v 0.015134228467941284 0.00491070806980133 0.035458984375
v 0.01570685863494873 0.0025405770540237425 0.03541015625
v 0.015910614728927613 0.00011078068986535072 0.035361328125
v 0.015740711688995362 -0.002321617156267166 0.035312500000000004
v 0.015201140642166138 -0.004699492156505585 0.035263671875
v 0.01430457353591919 -0.006967000365257263 0.03521484375
v 0.013072065114974976 -0.009070889353752136 0.035166015625
v 0.011532560586929322 -0.01096174955368042 0.0351171875
v 0.009722216129302979 -0.012595175504684449 0.035068359375000004
v 0.007683546543121338 -0.013932803869247437 0.03501953125
v 0.005464429259300232 -0.01494322419166565 0.034970703125
v 0.003116981089115143 -0.015602703094482423 0.034921875
v 0.000696331188082695 -0.01589575529098511 0.034873046875
v -0.0017406721413135528 -0.015815497636795045 0.034824218750000004
v -0.004136795997619629 -0.015363816022872925 0.034775390625
v -0.006435768008232117 -0.014551316499710084 0.0347265625
v -0.008583596348762513 -0.013397082090377807 0.034677734375
v -0.010529839992523193 -0.01192821741104126 0.03462890625
v -0.012228792905807495 -0.010179221630096436 0.034580078125000004
v -0.013640552759170532 -0.008191167712211608 0.03453125
v -0.014731967449188232 -0.006010745167732239 0.034482421875
v -0.015477403402328492 -0.003689161241054535 0.03443359375
v -0.015859354734420777 -0.0012809379398822786 0.034384765625
v -0.015868850946426392 0.0011573681235313416 0.034335937500000004
v -0.015505669116973876 0.0035684934258461 0.034287109375
v -0.014778338670730591 0.00589581310749054 0.03423828125
v -0.01370394229888916 0.008084670901298522 0.034189453125
v -0.012307709455490113 0.010083661079406739 0.034140625
v -0.010622432231903076 0.011845837831497192 0.034091796875000004
v -0.008687688112258911 0.013329815864562989 0.03404296875
v -0.006548914909362793 0.014500745534896851 0.033994140625
v -0.004256341755390167 0.015331127643585206 0.0339453125
v -0.0018638087809085845 0.015801459550857544 0.033896484375
v 0.0005724955350160599 0.015900697708129883 0.033847656250000004
v 0.0029953548312187197 0.015626507997512817 0.033798828125
v 0.005347868800163269 0.014985333681106567 0.03375
v 0.007574788331985474 0.013992229700088501 0.033701171875
v 0.009623815417289735 0.012670520544052124 0.03365234375
v 0.01144682765007019 0.01105124592781067 0.033603515625000004
v 0.01300101399421692 0.009172434806823731 0.0335546875
v 0.014249873161315919 0.007078209519386292 0.033505859375
v 0.015164074897766113 0.004817753732204437 0.03345703125
v 0.015722150802612304 0.0024441535770893096 0.033408203125
v 0.01591099500656128 1.3152911560609938e-05 0.033359375000000004
v 0.015726170539855956 -0.002418156713247299 0.033310546875
v 0.015172019004821779 -0.004792676270008087 0.03326171875
v 0.014261555671691895 -0.007054640650749206 0.033212890625
v 0.013016160726547241 -0.009150927662849426 0.0331640625
v 0.011465083360671997 -0.011032305955886841 0.033115234375000004
v 0.009644750356674194 -0.012654592990875244 0.03306640625
v 0.007597911357879639 -0.013979687690734863 0.033017578125
v 0.005372636914253235 -0.014976471662521362 0.03296875
v 0.0030211862921714783 -0.01562153458595276 0.032919921875
v 0.0005987835302948952 -0.015899728536605835 0.032871093750000004
v -0.001837681531906128 -0.015804519653320314 0.032822265625
v -0.004230988919734955 -0.015338144302368165 0.0327734375
v -0.006524931788444519 -0.014511553049087524 0.032724609375
v -0.008665637969970703 -0.01334416151046753 0.03267578125
v -0.010602833032608032 -0.011863383054733277 0.032626953125000004
v -0.012291021347045898 -0.010103995800018311 0.032578125
v -0.013690556287765504 -0.008107316493988038 0.032529296875
v -0.014768571853637696 -0.005920238494873047 0.03248046875
v -0.01549974799156189 -0.0035941243171691895 0.032431640625
v -0.01586691498756409 -0.0011836026608943939 0.032382812500000004
v -0.015861450433731078 0.001254715770483017 0.032333984375
v -0.015483481884002686 0.003663567304611206 0.03228515625
v -0.014741884469985962 0.0059863805770874025 0.032236328125
v -0.013654077053070068 0.008168604373931885 0.0321875
v -0.012245604991912842 0.010158989429473877 0.032138671875000004
v -0.010549547672271729 0.011910792589187622 0.03208984375
v -0.00860573410987854 0.013382872343063354 0.032041015625
v -0.006459816694259644 0.014540656805038452 0.0319921875
v -0.004162191450595856 0.015356955528259277 0.031943359375
v -0.001766817718744278 0.01581259846687317 0.031894531250000004
v 0.0006700495630502701 0.015896885395050048 0.031845703125
v 0.0030911809206008913 0.015607835054397584 0.031796875
v 0.00543971598148346 0.014952237606048585 0.031748046875
v 0.007660500407218934 0.013945488929748536 0.03169921875
v 0.00970137894153595 0.012611231803894044 0.031650390625000004
v 0.011514421701431275 0.010980801582336426 0.0316015625
v 0.013057050704956054 0.00909248948097229 0.031552734375
v 0.014293035268783569 0.006990640759468079 0.03150390625
v 0.015193350315093994 0.004724618196487427 0.031455078125
v 0.015736851692199707 0.0023476383090019226 0.031406250000000004
v 0.015910775661468507 -8.447536267340183e-05 0.031357421875
v 0.015711036920547487 -0.002514605224132538 0.03130859375
v 0.01514232635498047 -0.00488567978143692 0.031259765625
v 0.014218000173568725 -0.007142015099525452 0.0312109375
v 0.012959767580032349 -0.009230620861053467 0.031162109375
v 0.0113971745967865 -0.01110244631767273 0.03111328125
v 0.009566921591758728 -0.012713533639907838 0.031064453125000002
v 0.007511990666389466 -0.014026044607162476 0.031015625
v 0.0052806419134140015 -0.0150091552734375 0.030966796875
v 0.002925277352333069 -0.01563977837562561 0.03091796875
v 0.0005012133345007896 -0.015903103351593017 0.030869140625
v -0.0019346216320991518 -0.015792946815490722 0.030820312500000002
v -0.004325022101402283 -0.015311894416809082 0.030771484375
v -0.006613849997520447 -0.014471243619918823 0.03072265625
v -0.008747352957725526 -0.013290739059448243 0.030673828125
v -0.010675425529479981 -0.011798102855682373 0.030625
v -0.01235278606414795 -0.010028388500213623 0.030576171875000002
v -0.013740044832229615 -0.008023160099983216 0.03052734375
v -0.014804619550704957 -0.0058295089006423955 0.030478515625
v -0.015521509647369385 -0.003498952090740204 0.0304296875
v -0.015873879194259644 -0.00108622282743454 0.030380859375
v -0.015853452682495116 0.001352016180753708 0.030332031250000002
v -0.015460710525512695 0.0037585031986236573 0.030283203125
v -0.014704875946044922 0.006076722145080566 0.030234375
v -0.013603698015213012 0.008252230286598206 0.030185546875
v -0.012183040380477905 0.010233936309814453 0.03013671875
v -0.010476264953613281 0.01197529911994934 0.030087890625000002
v -0.008523456454277038 0.013435423374176025 0.0300390625
v -0.00637047529220581 0.014580019712448121 0.029990234375
v -0.004067884683609009 0.01538220524787903 0.02994140625
v -0.0016697601974010468 0.015823142528533937 0.029892578125
v 0.0007675784081220627 0.01589247465133667 0.029843750000000002
v 0.003186890482902527 0.015588574409484864 0.029794921875
v 0.0055313587188720705 0.014918578863143921 0.02974609375
v 0.00774592399597168 0.013898222446441651 0.029697265625
v 0.00977857768535614 0.012551467418670654 0.0296484375
v 0.011581581830978394 0.010909943580627442 0.029599609375000002
v 0.013112595081329345 0.00901220142841339 0.02955078125
v 0.014335659742355346 0.006902808547019959 0.029501953125
v 0.015222054719924927 0.004631304442882538 0.029453125
v 0.01575096130371094 0.002251034677028656 0.029404296875
v 0.015909957885742187 -0.00018210045993328095 0.029355468750000002
v 0.015695312023162843 -0.002610958814620972 0.029306640625
v 0.015112063884735108 -0.004978499412536621 0.0292578125
v 0.01417391061782837 -0.00722912073135376 0.029208984375
v 0.012902884483337403 -0.009309966564178467 0.02916015625
v 0.011328836679458618 -0.01117216944694519 0.029111328125000002
v 0.009488732814788818 -0.012771995067596437 0.0290625
v 0.007425786852836609 -0.014071873426437379 0.029013671875
v 0.005188447833061219 -0.015041273832321168 0.02896484375
v 0.002829258441925049 -0.015657433271408082 0.028916015625
v 0.0004036242887377739 -0.015905879735946656 0.028867187500000002
v -0.0020314888656139374 -0.015780779123306273 0.028818359375
v -0.004418892860412598 -0.015285067558288574 0.02876953125
v -0.006702519655227661 -0.014430389404296876 0.028720703125
v -0.008828738927841187 -0.013236815929412843 0.028671875
v -0.010747616291046144 -0.01173237681388855 0.028623046875000002
v -0.012414087057113648 -0.009952405095100402 0.02857421875
v -0.01378901481628418 -0.00793870210647583 0.028525390625
v -0.01484010934829712 -0.005738559365272522 0.0284765625
v -0.015542685985565186 -0.003403647840023041 0.028427734375
v -0.015880244970321655 -0.0009888020902872085 0.028378906250000002
v -0.0158448588848114 0.001449265629053116 0.028330078125
v -0.015437357425689698 0.003853297531604767 0.02828125
v -0.01466731309890747 0.006166835427284241 0.028232421875
v -0.013552807569503784 0.008335545659065247 0.02818359375
v -0.012120016813278199 0.010308496952056885 0.028134765625000002
v -0.010402588844299317 0.012039355039596559 0.0280859375
v -0.008440858125686646 0.013487470149993897 0.028037109375
v -0.00628089427947998 0.01461883306503296 0.02798828125
v -0.003973424732685089 0.015406875610351563 0.027939453125
v -0.0015726397931575776 0.015833089351654055 0.027890625000000002
v 0.0008650783449411393 0.015887465476989746 0.027841796875
v 0.0032824802398681643 0.015568726062774658 0.02779296875
v 0.0056227934360504155 0.014884357452392579 0.027744140625
v 0.007831056118011475 0.013850432634353638 0.0276953125
v 0.009855407476425172 0.012491230964660646 0.027646484375000002
v 0.011648305654525758 0.010838675498962403 0.02759765625
v 0.013167645931243897 0.008931574225425721 0.027548828125
v 0.014377745389938355 0.006814717054367065 0.0275
v 0.015250184535980225 0.004537816643714905 0.027451171875
v 0.01576447606086731 0.0021543461084365845 0.027402343750000002
v 0.01590854048728943 -0.00027971869334578517 0.027353515625
v 0.015678995847702028 -0.0027072143554687502 0.0273046875
v 0.015081231594085694 -0.0050711315870285035 0.027255859375
v 0.014129287004470826 -0.007315953969955444 0.02720703125
v 0.012845517396926881 -0.009388961791992188 0.027158203125000002
v 0.01126007318496704 -0.011241471767425537 0.027109375
v 0.009410187005996704 -0.012829977273941041 0.027060546875
v 0.007339304089546203 -0.014117171764373779 0.02701171875
v 0.00509605884552002 -0.015072827339172364 0.026962890625
v 0.002733132839202881 -0.015674498081207276 0.026914062500000002
v 0.0003060200624167919 -0.015908056497573854 0.026865234375
v -0.0021282796561717986 -0.015768016576766967 0.02681640625
v -0.0045125970244407655 -0.015257666110992432 0.026767578125
v -0.006790936589241028 -0.01438899278640747 0.02671875
v -0.008909792304039002 -0.01318239450454712 0.026669921875000002
v -0.010819401741027832 -0.011666209697723388 0.02662109375
v -0.012474920749664307 -0.009876046180725098 0.026572265625
v -0.0138374662399292 -0.007853944897651673 0.0265234375
v -0.014875041246414185 -0.005647394061088562 0.026474609375
v -0.015563278198242188 -0.0033082157373428346 0.026425781250000002
v -0.01588601350784302 -0.0008913441002368928 0.026376953125
v -0.015835667848587035 0.0015464605391025544 0.026328125
v -0.015413423776626587 0.003947947025299072 0.026279296875
v -0.014629197120666505 0.006256716251373291 0.02623046875
v -0.01350140690803528 0.00841854751110077 0.026181640625000002
v -0.012056536674499511 0.010382670164108277 0.0261328125
v -0.010328521728515625 0.012102956771850587 0.026083984375
v -0.008357941508293151 0.013539007902145387 0.02603515625
v -0.006191076636314392 0.014657096862792969 0.025986328125
v -0.0038788151741027833 0.01543096661567688 0.025937500000000002
v -0.0014754600822925567 0.01584244132041931 0.025888671875
v 0.0009625457227230072 0.015881857872009277 0.02583984375
v 0.0033779463171958925 0.015548292398452759 0.025791015625
v 0.005714016556739808 0.014849576950073242 0.0257421875
v 0.00791589379310608 0.013802120685577393 0.025693359375000002
v 0.009931867122650147 0.012430524826049805 0.02564453125
v 0.011714591979980468 0.010766998529434205 0.025595703125
v 0.013222200870513916 0.008850611448287964 0.025546875
v 0.014419288635253907 0.006726368665695191 0.025498046875
v 0.015277740955352783 0.004444157779216766 0.025449218750000002
v 0.015777398347854615 0.0020575766265392304 0.025400390625
v 0.015906525850296022 -0.0003773264214396477 0.0253515625
v 0.015662089586257935 -0.0028033679723739624 0.025302734375
v 0.015049831867218018 -0.005163573026657105 0.02525390625
v 0.01408413052558899 -0.007402511835098267 0.025205078125000002
v 0.012787666320800781 -0.009467604160308838 0.02515625
v 0.011190884113311768 -0.01131035089492798 0.025107421875
v 0.009331286549568177 -0.012887475490570068 0.02505859375
v 0.007252544760704041 -0.01416193962097168 0.025009765625
v 0.005003477334976196 -0.015103812217712403 0.024960937500000002
v 0.002636904716491699 -0.015690973997116088 0.024912109375
v 0.0002084043063223362 -0.015909634828567505 0.02486328125
v -0.0022249902784824372 -0.0157546603679657 0.024814453125
v -0.004606131315231323 -0.015229690074920655 0.024765625
v -0.006879097819328308 -0.014347052574157715 0.024716796875000002
v -0.008990510106086732 -0.013127477169036866 0.02466796875
v -0.010890780687332154 -0.01159960389137268 0.024619140625
v -0.01253528356552124 -0.009799315333366395 0.0245703125
v -0.013885396718978883 -0.0077688914537429815 0.024521484375
v -0.014909412860870361 -0.005556016564369202 0.024472656250000002
v -0.0155832839012146 -0.0032126590609550475 0.024423828125
v -0.015891183614730835 -0.0007938525825738907 0.024375
v -0.01582588076591492 0.0016435973346233367 0.024326171875
v -0.015388909578323364 0.004042447507381439 0.02427734375
v -0.014590531587600708 0.0063463616371154784 0.024228515625000002
v -0.01344949722290039 0.008501231670379639 0.0241796875
v -0.011992603540420532 0.010456452369689942 0.024130859375
v -0.010254064798355103 0.012166104316711427 0.02408203125
v -0.008274710178375244 0.013590036630630494 0.024033203125
v -0.006101025938987732 0.014694808721542359 0.023984375000000002
v -0.003784059286117554 0.01545447587966919 0.023935546875
v -0.001378224939107895 0.01585119605064392 0.02388671875
v 0.0010599768906831742 0.01587565302848816 0.023837890625
v 0.003473285436630249 0.015527273416519166 0.0237890625
v 0.005805023908615112 0.014814237356185913 0.023740234375000002
v 0.008000432848930358 0.013753290176391602 0.02369140625
v 0.010007952451705934 0.01236935019493103 0.023642578125
v 0.011780436038970948 0.010694916248321534 0.02359375
v 0.013276258707046509 0.008769314885139465 0.023544921875
v 0.014460289478302002 0.00663776695728302 0.023496093750000002
v 0.015304722785949708 0.004350331723690033 0.023447265625
v 0.015789726972579958 0.0019607295095920565 0.0233984375
v 0.015903910398483278 -0.0004749199002981186 0.023349609375
v 0.015644593238830568 -0.002899416089057922 0.02330078125
v 0.015017865896224976 -0.00525581955909729 0.023251953125
v 0.014038444757461549 -0.007488791346549988 0.023203125
v 0.012729332447052003 -0.009545889496803284 0.023154296875
v 0.01112127423286438 -0.011378803253173829 0.02310546875
v 0.009252034425735474 -0.012944488525390626 0.023056640625
v 0.007165511846542358 -0.014206173419952393 0.0230078125
v 0.00491070806980133 -0.015134228467941284 0.022958984375
v 0.0025405770540237425 -0.01570685863494873 0.02291015625
v 0.00011078068986535072 -0.015910614728927613 0.022861328125
v -0.002321617156267166 -0.015740711688995362 0.0228125
v -0.004699492156505585 -0.015201140642166138 0.022763671875
v -0.006967000365257263 -0.01430457353591919 0.02271484375
v -0.009070889353752136 -0.013072065114974976 0.022666015625
v -0.01096174955368042 -0.011532560586929322 0.0226171875
v -0.012595175504684449 -0.009722216129302979 0.022568359375
v -0.013932803869247437 -0.007683546543121338 0.02251953125
v -0.01494322419166565 -0.005464429259300232 0.022470703125
v -0.015602703094482423 -0.003116981089115143 0.022421875
v -0.01589575529098511 -0.000696331188082695 0.022373046875
v -0.015815497636795045 0.0017406721413135528 0.02232421875
v -0.015363816022872925 0.004136795997619629 0.022275390625
v -0.014551316499710084 0.006435768008232117 0.0222265625
v -0.013397082090377807 0.008583596348762513 0.022177734375
v -0.01192821741104126 0.010529839992523193 0.02212890625
v -0.010179221630096436 0.012228792905807495 0.022080078125
v -0.008191167712211608 0.013640552759170532 0.02203125
v -0.006010745167732239 0.014731967449188232 0.021982421875
v -0.003689161241054535 0.015477403402328492 0.02193359375
v -0.0012809379398822786 0.015859354734420777 0.021884765625
v 0.0011573681235313416 0.015868850946426392 0.0218359375
v 0.0035684934258461 0.015505669116973876 0.021787109375
v 0.00589581310749054 0.014778338670730591 0.02173828125
v 0.008084670901298522 0.01370394229888916 0.021689453125
v 0.010083661079406739 0.012307709455490113 0.021640625
v 0.011845837831497192 0.010622432231903076 0.021591796875
v 0.013329815864562989 0.008687688112258911 0.02154296875
v 0.014500745534896851 0.006548914909362793 0.021494140625
v 0.015331127643585206 0.004256341755390167 0.0214453125
v 0.015801459550857544 0.0018638087809085845 0.021396484375
v 0.015900697708129883 -0.0005724955350160599 0.02134765625
v 0.015626507997512817 -0.0029953548312187197 0.021298828125
v 0.014985333681106567 -0.005347868800163269 0.02125
v 0.013992229700088501 -0.007574788331985474 0.021201171875
v 0.012670520544052124 -0.009623815417289735 0.02115234375
v 0.01105124592781067 -0.01144682765007019 0.021103515625
v 0.009172434806823731 -0.01300101399421692 0.0210546875
v 0.007078209519386292 -0.014249873161315919 0.021005859375
v 0.004817753732204437 -0.015164074897766113 0.02095703125
v 0.0024441535770893096 -0.015722150802612304 0.020908203125
v 1.3152911560609938e-05 -0.01591099500656128 0.020859375
v -0.002418156713247299 -0.015726170539855956 0.020810546875
v -0.004792676270008087 -0.015172019004821779 0.02076171875
v -0.007054640650749206 -0.014261555671691895 0.020712890625
v -0.009150927662849426 -0.013016160726547241 0.0206640625
v -0.011032305955886841 -0.011465083360671997 0.020615234375
v -0.012654592990875244 -0.009644750356674194 0.02056640625
v -0.013979687690734863 -0.007597911357879639 0.020517578125
v -0.014976471662521362 -0.005372636914253235 0.02046875
v -0.01562153458595276 -0.0030211862921714783 0.020419921875
v -0.015899728536605835 -0.0005987835302948952 0.02037109375
v -0.015804519653320314 0.001837681531906128 0.020322265625
v -0.015338144302368165 0.004230988919734955 0.0202734375
v -0.014511553049087524 0.006524931788444519 0.020224609375
v -0.01334416151046753 0.008665637969970703 0.02017578125
v -0.011863383054733277 0.010602833032608032 0.020126953125
v -0.010103995800018311 0.012291021347045898 0.020078125
v -0.008107316493988038 0.013690556287765504 0.020029296875
v -0.005920238494873047 0.014768571853637696 0.01998046875
v -0.0035941243171691895 0.01549974799156189 0.019931640625
v -0.0011836026608943939 0.01586691498756409 0.0198828125
v 0.001254715770483017 0.015861450433731078 0.019833984375
v 0.003663567304611206 0.015483481884002686 0.01978515625
v 0.0059863805770874025 0.014741884469985962 0.019736328125
v 0.008168604373931885 0.013654077053070068 0.0196875
v 0.010158989429473877 0.012245604991912842 0.019638671875
v 0.011910792589187622 0.010549547672271729 0.01958984375
v 0.013382872343063354 0.00860573410987854 0.019541015625
v 0.014540656805038452 0.006459816694259644 0.0194921875
v 0.015356955528259277 0.004162191450595856 0.019443359375
v 0.01581259846687317 0.001766817718744278 0.01939453125
v 0.015896885395050048 -0.0006700495630502701 0.019345703125
v 0.015607835054397584 -0.0030911809206008913 0.019296875
v 0.014952237606048585 -0.00543971598148346 0.019248046875
v 0.013945488929748536 -0.007660500407218934 0.01919921875
v 0.012611231803894044 -0.00970137894153595 0.019150390625
v 0.010980801582336426 -0.011514421701431275 0.0191015625
v 0.00909248948097229 -0.013057050704956054 0.019052734375
v 0.006990640759468079 -0.014293035268783569 0.01900390625
v 0.004724618196487427 -0.015193350315093994 0.018955078125
v 0.0023476383090019226 -0.015736851692199707 0.01890625
v -8.447536267340183e-05 -0.015910775661468507 0.018857421875
v -0.002514605224132538 -0.015711036920547487 0.01880859375
v -0.00488567978143692 -0.01514232635498047 0.018759765625
v -0.007142015099525452 -0.014218000173568725 0.0187109375
v -0.009230620861053467 -0.012959767580032349 0.018662109375
v -0.01110244631767273 -0.0113971745967865 0.01861328125
v -0.012713533639907838 -0.009566921591758728 0.018564453125
v -0.014026044607162476 -0.007511990666389466 0.018515625
v -0.0150091552734375 -0.0052806419134140015 0.018466796875
v -0.01563977837562561 -0.002925277352333069 0.01841796875
v -0.015903103351593017 -0.0005012133345007896 0.018369140625
v -0.015792946815490722 0.0019346216320991518 0.0183203125
v -0.015311894416809082 0.004325022101402283 0.018271484375
v -0.014471243619918823 0.006613849997520447 0.01822265625
v -0.013290739059448243 0.008747352957725526 0.018173828125
v -0.011798102855682373 0.010675425529479981 0.018125
v -0.010028388500213623 0.01235278606414795 0.018076171875
v -0.008023160099983216 0.013740044832229615 0.01802734375
v -0.0058295089006423955 0.014804619550704957 0.017978515625
v -0.003498952090740204 0.015521509647369385 0.0179296875
v -0.00108622282743454 0.015873879194259644 0.017880859375
v 0.001352016180753708 0.015853452682495116 0.01783203125
v 0.0037585031986236573 0.015460710525512695 0.017783203125
v 0.006076722145080566 0.014704875946044922 0.017734375
v 0.008252230286598206 0.013603698015213012 0.017685546875
v 0.010233936309814453 0.012183040380477905 0.01763671875
v 0.01197529911994934 0.010476264953613281 0.017587890625
v 0.013435423374176025 0.008523456454277038 0.0175390625
v 0.014580019712448121 0.00637047529220581 0.017490234375
v 0.01538220524787903 0.004067884683609009 0.01744140625
v 0.015823142528533937 0.0016697601974010468 0.017392578125
v 0.01589247465133667 -0.0007675784081220627 0.01734375
v 0.015588574409484864 -0.003186890482902527 0.017294921875
v 0.014918578863143921 -0.0055313587188720705 0.01724609375
v 0.013898222446441651 -0.00774592399597168 0.017197265625
v 0.012551467418670654 -0.00977857768535614 0.0171484375
v 0.010909943580627442 -0.011581581830978394 0.017099609375
v 0.00901220142841339 -0.013112595081329345 0.01705078125
v 0.006902808547019959 -0.014335659742355346 0.017001953125
v 0.004631304442882538 -0.015222054719924927 0.016953125
v 0.002251034677028656 -0.01575096130371094 0.016904296875
v -0.00018210045993328095 -0.015909957885742187 0.01685546875
v -0.002610958814620972 -0.015695312023162843 0.016806640625
v -0.004978499412536621 -0.015112063884735108 0.0167578125
v -0.00722912073135376 -0.01417391061782837 0.016708984375
v -0.009309966564178467 -0.012902884483337403 0.01666015625
v -0.01117216944694519 -0.011328836679458618 0.016611328125
v -0.012771995067596437 -0.009488732814788818 0.0165625
v -0.014071873426437379 -0.007425786852836609 0.016513671875
v -0.015041273832321168 -0.005188447833061219 0.01646484375
v -0.015657433271408082 -0.002829258441925049 0.016416015625
v -0.015905879735946656 -0.0004036242887377739 0.0163671875
v -0.015780779123306273 0.0020314888656139374 0.016318359375
v -0.015285067558288574 0.004418892860412598 0.01626953125
v -0.014430389404296876 0.006702519655227661 0.016220703125
v -0.013236815929412843 0.008828738927841187 0.016171875
v -0.01173237681388855 0.010747616291046144 0.016123046875
v -0.009952405095100402 0.012414087057113648 0.01607421875
v -0.00793870210647583 0.01378901481628418 0.016025390625
v -0.005738559365272522 0.01484010934829712 0.0159765625
v -0.003403647840023041 0.015542685985565186 0.015927734375
v -0.0009888020902872085 0.015880244970321655 0.01587890625
v 0.001449265629053116 0.0158448588848114 0.015830078125
v 0.003853297531604767 0.015437357425689698 0.01578125
v 0.006166835427284241 0.01466731309890747 0.015732421875
v 0.008335545659065247 0.013552807569503784 0.01568359375
v 0.010308496952056885 0.012120016813278199 0.015634765625
v 0.012039355039596559 0.010402588844299317 0.0155859375
v 0.013487470149993897 0.008440858125686646 0.015537109375
v 0.01461883306503296 0.00628089427947998 0.015488281250000001
v 0.015406875610351563 0.003973424732685089 0.015439453125
v 0.015833089351654055 0.0015726397931575776 0.015390625
v 0.015887465476989746 -0.0008650783449411393 0.015341796875
v 0.015568726062774658 -0.0032824802398681643 0.01529296875
v 0.014884357452392579 -0.0056227934360504155 0.015244140625000001
v 0.013850432634353638 -0.007831056118011475 0.0151953125
v 0.012491230964660646 -0.009855407476425172 0.015146484375
v 0.010838675498962403 -0.011648305654525758 0.01509765625
v 0.008931574225425721 -0.013167645931243897 0.015048828125
v 0.006814717054367065 -0.014377745389938355 0.015
v 0.00852624773979187 -0.013351497650146484 0.015
v 0.010091679096221924 -0.012121140956878662 0.015
v 0.011491703987121583 -0.010700708627700806 0.015
v 0.01270093321800232 -0.009113187789916993 0.015
v 0.013695663213729859 -0.007389042973518372 0.015
v 0.014462957382202149 -0.005549189448356628 0.015
v 0.01498784065246582 -0.0036242422461509704 0.015
v 0.015259237289428712 -0.0016529056429862975 0.015
v 0.015272957086563111 0.0003397992998361588 0.015
v 0.015026679039001465 0.0023190906643867494 0.015
v 0.014524940252304077 0.004244056642055512 0.015
v 0.013773500919342041 0.006089273095130921 0.015
v 0.012783228158950806 0.00782159149646759 0.015
v 0.011571893692016602 0.009406372308731079 0.015
v 0.010159509181976318 0.010815404653549195 0.015
v 0.008571066856384278 0.012021888494491578 0.015
v 0.0066335111856460575 0.013190356492996215 0.015048828125
v 0.004540168046951294 0.014049052000045777 0.01509765625
v 0.002340199947357178 0.014577807188034059 0.015146484375
v 8.5272416472435e-05 0.014764204025268554 0.0151953125
v -0.002171657681465149 0.014603865146636964 0.015244140625000001
v -0.004377586543560028 0.014100557565689087 0.01529296875
v -0.006480708718299866 0.013266099691390991 0.015341796875
v -0.008431631922721863 0.012120089530944825 0.015390625
v -0.010184539556503296 0.01068943977355957 0.015439453125
v -0.011698265075683594 0.00900775134563446 0.015488281250000001
v -0.012937257289886475 0.007114516496658325 0.015537109375
v -0.01387242078781128 0.005054197907447815 0.0155859375
v -0.014481792449951172 0.0028751826286315917 0.015634765625
v -0.01475106120109558 0.0006286440044641495 0.01568359375
v -0.014673901796340942 -0.0016326583921909333 0.015732421875
v -0.014252129793167114 -0.003855617940425873 0.01578125
v -0.013495646715164185 -0.005988028645515442 0.015830078125
v -0.012422221899032594 -0.007979812026023865 0.01587890625
v -0.011057062149047852 -0.009784190058708191 0.015927734375
v -0.009432228207588196 -0.011358788013458252 0.0159765625
v -0.007585880160331726 -0.0126666259765625 0.016025390625
v -0.005561378598213196 -0.013676990270614624 0.01607421875
v -0.0034062689542770385 -0.014366152286529542 0.016123046875
v -0.0011711635440587998 -0.014717926979064941 0.016171875
v 0.001091446503996849 -0.014724053144454956 0.016220703125
v 0.003328424096107483 -0.014384386539459228 0.01626953125
v 0.005487233996391296 -0.013706904649734498 0.016318359375
v 0.007517176866531372 -0.012707518339157104 0.0163671875
v 0.009370580315589905 -0.011409697532653808 0.016416015625
v 0.011003916263580323 -0.009843922257423402 0.01646484375
v 0.012378827333450318 -0.008046963214874268 0.016513671875
v 0.013463022708892823 -0.006061022281646729 0.0165625
v 0.014231041669845582 -0.0039327389001846316 0.016611328125
v 0.014664846658706666 -0.0017120960354804994 0.01666015625
v 0.014754248857498169 0.0005487554147839546 0.016708984375
v 0.014497148990631105 0.0027967193722724915 0.0167578125
v 0.013899587392807007 0.00497900277376175 0.016806640625
v 0.01297559380531311 0.007044354677200318 0.01685546875
v 0.01174687147140503 0.008944271206855774 0.016904296875
v 0.010242274999618531 0.010634132623672486 0.016953125
v 0.008497140407562257 0.01207425355911255 0.017001953125
v 0.006552451848983765 0.013230811357498169 0.01705078125
v 0.004453879296779633 0.014076645374298096 0.017099609375
v 0.0022507080435752867 0.014591891765594483 0.0171484375
v -5.320635391399265e-06 0.01476444959640503 0.017197265625
v -0.002261224389076233 0.01459026575088501 0.01724609375
v -0.00446402370929718 0.014073431491851807 0.017294921875
v -0.006561985611915589 0.01322608470916748 0.01734375
v -0.00850584089756012 0.012068126201629639 0.017392578125
v -0.010249936580657959 0.010626747608184814 0.01744140625
v -0.011753314733505249 0.008935802578926087 0.017490234375
v -0.012980668544769288 0.007035000920295715 0.0175390625
v -0.0139031720161438 0.00496898353099823 0.017587890625
v -0.01449916124343872 0.002786270081996918 0.01763671875
v -0.014754639863967895 0.0005381213501095772 0.017685546875
v -0.014663608074188234 -0.0017226649820804595 0.017734375
v -0.014228203296661378 -0.003942994773387909 0.017783203125
v -0.013458651304244996 -0.006070724129676819 0.01783203125
v -0.012373024225234985 -0.008055883049964905 0.017880859375
v -0.010996818542480469 -0.009851850271224975 0.0179296875
v -0.009362354278564453 -0.01141644835472107 0.017978515625
v -0.007508016228675842 -0.0127129328250885 0.01802734375
v -0.00547735333442688 -0.013710856437683105 0.018076171875
v -0.0033180558681488036 -0.014386781454086305 0.018125
v -0.0010808340460062027 -0.014724835157394409 0.018173828125
v 0.0011817710101604461 -0.01471707820892334 0.01822265625
v 0.003416622281074524 -0.014363692998886108 0.018271484375
v 0.005571234822273254 -0.013672977685928345 0.0183203125
v 0.007595007419586182 -0.012661155462265015 0.018369140625
v 0.009440412521362304 -0.011351985931396484 0.01841796875
v 0.01106411099433899 -0.009776217937469482 0.018466796875
v 0.012427970170974731 -0.007970856428146362 0.018515625
v 0.013499959707260131 -0.005978300571441651 0.018564453125
v 0.014254904985427856 -0.0038453450798988345 0.01861328125
v 0.014675074815750122 -0.001622081995010376 0.018662109375
v 0.014750603437423706 0.000639275461435318 0.0187109375
v 0.014479715824127198 0.002885619401931763 0.018759765625
v 0.013868774175643922 0.0050641953945159916 0.01880859375
v 0.01293212652206421 0.007123839259147644 0.018857421875
v 0.011691769361495971 0.009016180634498596 0.01890625
v 0.010176832675933839 0.010696778297424317 0.018955078125
v 0.008422894477844238 0.012126163244247437 0.01900390625
v 0.006471145749092102 0.013270766735076905 0.019052734375
v 0.004367422759532929 0.014103708267211914 0.0191015625
v 0.002161131501197815 0.014605426788330078 0.019150390625
v -9.59134940057993e-05 0.014764138460159303 0.01919921875
v -0.0023507060110569 0.014576116800308228 0.019248046875
v -0.004550292491912842 0.014045776128768922 0.019296875
v -0.006643016338348389 0.013185572624206544 0.019345703125
v -0.008579729199409485 0.012015707492828369 0.01939453125
v -0.010314948558807373 0.010563654899597168 0.019443359375
v -0.011807923316955567 0.008863517642021179 0.0194921875
v -0.013023589849472047 0.006955220699310303 0.019541015625
v -0.013933398723602296 0.004883581697940826 0.01958984375
v -0.014515985250473023 0.002697252333164215 0.019638671875
v -0.0147576642036438 0.00044757843017578124 0.0196875
v -0.014652762413024902 -0.0018126067519187927 0.019736328125
v -0.014203741550445556 -0.0040302231907844545 0.01978515625
v -0.013421149253845216 -0.006153190135955811 0.019833984375
v -0.01232336163520813 -0.008131650686264038 0.0198828125
v -0.010936162471771241 -0.009919140338897705 0.019931640625
v -0.009292128086090088 -0.0114736807346344 0.01998046875
v -0.007429869771003723 -0.0127587628364563 0.020029296875
v -0.005393122434616089 -0.013744206428527833 0.020078125
v -0.0032297176122665404 -0.014406870603561401 0.020126953125
v -0.0009904637932777404 -0.014731190204620362 0.02017578125
v 0.0012720510363578798 -0.014709550142288209 0.020224609375
v 0.003504692018032074 -0.014342458248138429 0.0202734375
v 0.005655025839805603 -0.013638535737991333 0.020322265625
v 0.007672551870346069 -0.012614314556121827 0.02037109375
v 0.009509888887405395 -0.011293847560882569 0.020419921875
v 0.011123888492584229 -0.0097081458568573 0.02046875
v 0.012476644515991212 -0.007894449830055238 0.020517578125
v 0.01353638768196106 -0.005895353555679321 0.02056640625
v 0.014278230667114257 -0.003757806122303009 0.020615234375
v 0.014684752225875855 -0.001532006859779358 0.0206640625
v 0.014746403694152832 0.0007297714054584504 0.020712890625
v 0.014461737871170045 0.0029744109511375427 0.02076171875
v 0.013837440013885498 0.005149196982383728 0.020810546875
v 0.012888171672821046 0.007203055024147034 0.020859375
v 0.011636227369308472 0.009087749719619752 0.020908203125
v 0.010111006498336792 0.010759021043777467 0.02095703125
v 0.008348330855369568 0.012177616357803345 0.021005859375
v 0.006389595866203308 0.013310223817825317 0.0210546875
v 0.004280801713466644 0.014130241870880127 0.021103515625
v 0.0020714735984802245 0.014618412256240845 0.02115234375
v -0.00018650272861123085 0.014763271808624268 0.021201171875
v -0.0024400991201400757 0.014561418294906616 0.02125
v -0.004636390209197998 0.01401759147644043 0.021298828125
v -0.006723796129226685 0.013144563436508178 0.02134765625
v -0.008653295040130616 0.011962836980819702 0.021396484375
v -0.010379571914672852 0.010500165224075318 0.0214453125
v -0.011862086057662964 0.008790898323059083 0.021494140625
v -0.01306602120399475 0.006875178813934326 0.02154296875
v -0.013963102102279664 0.004797995984554291 0.021591796875
v -0.014532262086868286 0.0026081332564353945 0.021640625
v -0.014760133028030396 0.0003570186719298363 0.021689453125
v -0.014641364812850952 -0.0019024802744388582 0.02173828125
v -0.014178745746612549 -0.0041172999143600465 0.021787109375
v -0.013383140563964844 -0.006235424876213074 0.0218359375
v -0.012273235321044922 -0.008207112550735474 0.021884765625
v -0.010875093936920167 -0.009986056685447693 0.02193359375
v -0.009221552014350891 -0.011530479192733764 0.021982421875
v -0.007351443767547608 -0.012804111242294311 0.02203125
v -0.005308687686920166 -0.013777039051055909 0.022080078125
v -0.0031412580609321596 -0.014426416158676148 0.02212890625
v -0.0009000562876462937 -0.014736989736557007 0.022177734375
v 0.0013622832298278808 -0.014701467752456666 0.0222265625
v 0.003592629730701447 -0.014320684671401978 0.022275390625
v 0.005738603472709656 -0.013603581190109253 0.02232421875
v 0.0077498072385787965 -0.012566999197006226 0.022373046875
v 0.009579007625579835 -0.011235283613204956 0.022421875
v 0.011183246374130248 -0.009639708399772644 0.022470703125
v 0.012524847984313966 -0.007817745804786683 0.02251953125
v 0.01357230544090271 -0.005812185406684876 0.022568359375
v 0.014301019906997682 -0.0036701259016990663 0.0226171875
v 0.014693875312805176 -0.0014418740570545196 0.022666015625
v 0.014741648435592652 0.000820239931344986 0.02271484375
v 0.014443215131759644 0.003063090741634369 0.022763671875
v 0.013805584907531738 0.005234004855155945 0.0228125
v 0.012843732833862306 0.007281999588012696 0.022861328125
v 0.011580246686935426 0.009158977270126344 0.02291015625
v 0.010044800043106079 0.010820858478546143 0.022958984375
v 0.008273453712463378 0.012228611707687378 0.0230078125
v 0.006307805776596069 0.013349179029464722 0.023056640625
v 0.004194019734859467 0.014156241416931153 0.02310546875
v 0.0019817377626895906 0.014630846977233887 0.023154296875
v -0.00027708496898412707 0.014761849641799926 0.023203125
v -0.002529400289058685 0.014546171426773072 0.023251953125
v -0.004722313284873963 0.013988878726959229 0.02330078125
v -0.006804323196411133 0.01310305953025818 0.023349609375
v -0.008726534247398377 0.011909515857696534 0.0233984375
v -0.010443804264068603 0.010436279773712158 0.023447265625
v -0.011915802955627441 0.00871794879436493 0.023496093750000002
v -0.013107960224151612 0.006794877648353577 0.023544921875
v -0.013992278575897217 0.004712229669094086 0.02359375
v -0.014547991752624513 0.0025189158320426943 0.023642578125
v -0.014762045145034791 0.00026644548401236537 0.02369140625
v -0.014629415273666383 -0.0019922822713851927 0.023740234375000002
v -0.014153215885162353 -0.004204221367835999 0.0237890625
v -0.013344628810882568 -0.0063174253702163695 0.023837890625
v -0.01222264528274536 -0.008282265067100525 0.02388671875
v -0.010813615322113038 -0.010052597522735596 0.023935546875
v -0.009150629043579103 -0.01158684492111206 0.023984375000000002
v -0.007272740602493286 -0.01284897804260254 0.024033203125
v -0.005224053263664246 -0.013809353113174438 0.02408203125
v -0.003052680194377899 -0.014445419311523438 0.024130859375
v -0.0008096148818731308 -0.014742234945297241 0.0241796875
v 0.0014524640142917634 -0.014692832231521607 0.024228515625000002
v 0.003680432140827179 -0.014298371076583863 0.02427734375
v 0.00582196593284607 -0.01356811285018921 0.024326171875
v 0.007826771140098571 -0.012519210577011108 0.024375
v 0.009647765755653381 -0.01117629647254944 0.024423828125
v 0.01124218463897705 -0.009570907950401306 0.024472656250000002
v 0.01257258176803589 -0.007740747928619385 0.024521484375
v 0.013607712984085083 -0.005728797316551209 0.0245703125
v 0.014323270320892334 -0.0035823073983192446 0.024619140625
v 0.014702446460723877 -0.001351687014102936 0.02466796875
v 0.014736337661743164 0.0009106775373220444 0.024716796875000002
v 0.014424148797988891 0.003151654899120331 0.024765625
v 0.013773210048675537 0.005318616032600403 0.024814453125
v 0.012798808813095093 0.00736066997051239 0.02486328125
v 0.011523830890655519 0.009229860305786134 0.024912109375
v 0.00997821569442749 0.010882288217544556 0.024960937500000002
v 0.008198264241218566 0.012279146909713745 0.025009765625
v 0.006225777864456177 0.013387631177902221 0.02505859375
v 0.004107079803943634 0.014181709289550782 0.025107421875
v 0.001891927272081375 0.0146427321434021 0.02515625
v -0.00036765675991773606 0.01475987195968628 0.025205078125000002
v -0.0026186063885688783 0.014530377388000488 0.02525390625
v -0.004808058440685273 0.013959640264511108 0.025302734375
v -0.006884593963623047 0.013061062097549439 0.0253515625
v -0.008799445629119874 0.011855747699737549 0.025400390625
v -0.010507643222808838 0.010372000932693482 0.025449218750000002
v -0.011969070434570312 0.008644670248031616 0.025498046875
v -0.013149405717849732 0.006714320778846741 0.025546875
v -0.014020929336547852 0.004626286029815674 0.025595703125
v -0.014563173055648804 0.002429603636264801 0.02564453125
v -0.014763402938842774 0.00017586227506399154 0.025693359375000002
v -0.014616916179656983 -0.0020820091664791106 0.0257421875
v -0.01412715196609497 -0.004290984869003296 0.025791015625
v -0.013305615186691284 -0.006399187445640564 0.02583984375
v -0.01217159628868103 -0.008357105851173401 0.025888671875
v -0.01075173020362854 -0.01011875867843628 0.025937500000000002
v -0.009079360961914062 -0.0116427743434906 0.025986328125
v -0.007193763852119446 -0.012893360853195191 0.02603515625
v -0.0051392227411270145 -0.013841147422790528 0.026083984375
v -0.0029639872908592225 -0.01446387767791748 0.0261328125
v -0.0007191429287195205 -0.014746925830841065 0.026181640625000002
v 0.0015425902605056762 -0.014683643579483032 0.02623046875
v 0.003768095970153809 -0.014275518655776977 0.026279296875
v 0.005905108451843262 -0.013532135486602783 0.026328125
v 0.007903439998626709 -0.012470951080322265 0.026376953125
v 0.009716160893440247 -0.011116888523101807 0.026425781250000002
v 0.011300698518753052 -0.009501746892929078 0.026474609375
v 0.012619841098785401 -0.007663457989692688 0.0265234375
v 0.013642607927322388 -0.005645194649696351 0.026572265625
v 0.014344980716705322 -0.0034943538904190063 0.02662109375
v 0.014710463285446167 -0.001261449009180069 0.026669921875000002
v 0.014730472564697266 0.0010010808706283568 0.02671875
v 0.014404538869857788 0.0032401004433631896 0.026767578125
v 0.01374031662940979 0.0054030269384384155 0.02681640625
v 0.012753404378890991 0.007439063787460327 0.026865234375
v 0.01146697998046875 0.009300395250320434 0.026914062500000002
v 0.009911255836486816 0.010943307876586914 0.026962890625
v 0.008122766613960266 0.012329219579696656 0.02701171875
v 0.006143515706062317 0.013425580263137818 0.027060546875
v 0.004019984900951385 0.014206643104553223 0.027109375
v 0.0018020455539226531 0.014654065370559693 0.027158203125000002
v -0.0004582146927714348 0.01475733757019043 0.02720703125
v -0.002707713842391968 0.014514037370681764 0.027255859375
v -0.004893622696399689 0.01392987608909607 0.0273046875
v -0.006964605450630188 0.01301857352256775 0.027353515625
v -0.00887202560901642 0.011801531314849853 0.027402343750000002
v -0.01057108759880066 0.010307332277297973 0.027451171875
v -0.012021888494491578 0.008571066856384278 0.0275
v -0.013190356492996215 0.0066335111856460575 0.027548828125
v -0.014049052000045777 0.004540168046951294 0.02759765625
v -0.014577807188034059 0.002340199947357178 0.027646484375000002
v -0.014764204025268554 8.5272416472435e-05 0.0276953125
v -0.014603865146636964 -0.002171657681465149 0.027744140625
v -0.014100557565689087 -0.004377586543560028 0.02779296875
v -0.013266099691390991 -0.006480708718299866 0.027841796875
v -0.012120089530944825 -0.008431631922721863 0.027890625000000002
v -0.01068943977355957 -0.010184539556503296 0.027939453125
v -0.00900775134563446 -0.011698265075683594 0.02798828125
v -0.007114516496658325 -0.012937257289886475 0.028037109375
v -0.005054197907447815 -0.01387242078781128 0.0280859375
v -0.0028751826286315917 -0.014481792449951172 0.028134765625000002
v -0.0006286440044641495 -0.01475106120109558 0.02818359375
v 0.0016326583921909333 -0.014673901796340942 0.028232421875
v 0.003855617940425873 -0.014252129793167114 0.02828125
v 0.005988028645515442 -0.013495646715164185 0.028330078125
v 0.007979812026023865 -0.012422221899032594 0.028378906250000002
v 0.009784190058708191 -0.011057062149047852 0.028427734375
v 0.011358788013458252 -0.009432228207588196 0.0284765625
v 0.0126666259765625 -0.007585880160331726 0.028525390625
v 0.013676990270614624 -0.005561378598213196 0.02857421875
v 0.014366152286529542 -0.0034062689542770385 0.028623046875000002
v 0.014717926979064941 -0.0011711635440587998 0.028671875
v 0.014724053144454956 0.001091446503996849 0.028720703125
v 0.014384386539459228 0.003328424096107483 0.02876953125
v 0.013706904649734498 0.005487233996391296 0.028818359375
v 0.012707518339157104 0.007517176866531372 0.028867187500000002
v 0.011409697532653808 0.009370580315589905 0.028916015625
v 0.009843922257423402 0.011003916263580323 0.02896484375
v 0.008046963214874268 0.012378827333450318 0.029013671875
v 0.006061022281646729 0.013463022708892823 0.0290625
v 0.0039327389001846316 0.014231041669845582 0.029111328125000002
v 0.0017120960354804994 0.014664846658706666 0.02916015625
v -0.0005487554147839546 0.014754248857498169 0.029208984375
v -0.0027967193722724915 0.014497148990631105 0.0292578125
v -0.00497900277376175 0.013899587392807007 0.029306640625
v -0.007044354677200318 0.01297559380531311 0.029355468750000002
v -0.008944271206855774 0.01174687147140503 0.029404296875
v -0.010634132623672486 0.010242274999618531 0.029453125
v -0.01207425355911255 0.008497140407562257 0.029501953125
v -0.013230811357498169 0.006552451848983765 0.02955078125
v -0.014076645374298096 0.004453879296779633 0.029599609375000002
v -0.014591891765594483 0.0022507080435752867 0.0296484375
v -0.01476444959640503 -5.320635391399265e-06 0.029697265625
v -0.01459026575088501 -0.002261224389076233 0.02974609375
v -0.014073431491851807 -0.00446402370929718 0.029794921875
v -0.01322608470916748 -0.006561985611915589 0.029843750000000002
v -0.012068126201629639 -0.00850584089756012 0.029892578125
v -0.010626747608184814 -0.010249936580657959 0.02994140625
v -0.008935802578926087 -0.011753314733505249 0.029990234375
v -0.007035000920295715 -0.012980668544769288 0.0300390625
v -0.00496898353099823 -0.0139031720161438 0.030087890625000002
v -0.002786270081996918 -0.01449916124343872 0.03013671875
v -0.0005381213501095772 -0.014754639863967895 0.030185546875
v 0.0017226649820804595 -0.014663608074188234 0.030234375
v 0.003942994773387909 -0.014228203296661378 0.030283203125
v 0.006070724129676819 -0.013458651304244996 0.030332031250000002
v 0.008055883049964905 -0.012373024225234985 0.030380859375
v 0.009851850271224975 -0.010996818542480469 0.0304296875
v 0.01141644835472107 -0.009362354278564453 0.030478515625
v 0.0127129328250885 -0.007508016228675842 0.03052734375
v 0.013710856437683105 -0.00547735333442688 0.030576171875000002
v 0.014386781454086305 -0.0033180558681488036 0.030625
v 0.014724835157394409 -0.0010808340460062027 0.030673828125
v 0.01471707820892334 0.0011817710101604461 0.03072265625
v 0.014363692998886108 0.003416622281074524 0.030771484375
v 0.013672977685928345 0.005571234822273254 0.030820312500000002
v 0.012661155462265015 0.007595007419586182 0.030869140625
v 0.011351985931396484 0.009440412521362304 0.03091796875
v 0.009776217937469482 0.01106411099433899 0.030966796875
v 0.007970856428146362 0.012427970170974731 0.031015625
v 0.005978300571441651 0.013499959707260131 0.031064453125000002
v 0.0038453450798988345 0.014254904985427856 0.03111328125
v 0.001622081995010376 0.014675074815750122 0.031162109375
v -0.000639275461435318 0.014750603437423706 0.0312109375
v -0.002885619401931763 0.014479715824127198 0.031259765625
v -0.0050641953945159916 0.013868774175643922 0.03130859375
v -0.007123839259147644 0.01293212652206421 0.031357421875
v -0.009016180634498596 0.011691769361495971 0.031406250000000004
v -0.010696778297424317 0.010176832675933839 0.031455078125
v -0.012126163244247437 0.008422894477844238 0.03150390625
v -0.013270766735076905 0.006471145749092102 0.031552734375
v -0.014103708267211914 0.004367422759532929 0.0316015625
v -0.014605426788330078 0.002161131501197815 0.031650390625000004
v -0.014764138460159303 -9.59134940057993e-05 0.03169921875
v -0.014576116800308228 -0.0023507060110569 0.031748046875
v -0.014045776128768922 -0.004550292491912842 0.031796875
v -0.013185572624206544 -0.006643016338348389 0.031845703125
v -0.012015707492828369 -0.008579729199409485 0.031894531250000004
v -0.010563654899597168 -0.010314948558807373 0.031943359375
v -0.008863517642021179 -0.011807923316955567 0.0319921875
v -0.006955220699310303 -0.013023589849472047 0.032041015625
v -0.004883581697940826 -0.013933398723602296 0.03208984375
v -0.002697252333164215 -0.014515985250473023 0.032138671875000004
v -0.00044757843017578124 -0.0147576642036438 0.0321875
v 0.0018126067519187927 -0.014652762413024902 0.032236328125
v 0.0040302231907844545 -0.014203741550445556 0.03228515625
v 0.006153190135955811 -0.013421149253845216 0.032333984375
v 0.008131650686264038 -0.01232336163520813 0.032382812500000004
v 0.009919140338897705 -0.010936162471771241 0.032431640625
v 0.0114736807346344 -0.009292128086090088 0.03248046875
v 0.0127587628364563 -0.007429869771003723 0.032529296875
v 0.013744206428527833 -0.005393122434616089 0.032578125
v 0.014406870603561401 -0.0032297176122665404 0.032626953125000004
v 0.014731190204620362 -0.0009904637932777404 0.03267578125
v 0.014709550142288209 0.0012720510363578798 0.032724609375
v 0.014342458248138429 0.003504692018032074 0.0327734375
v 0.013638535737991333 0.005655025839805603 0.032822265625
v 0.012614314556121827 0.007672551870346069 0.032871093750000004
v 0.011293847560882569 0.009509888887405395 0.032919921875
v 0.0097081458568573 0.011123888492584229 0.03296875
v 0.007894449830055238 0.012476644515991212 0.033017578125
v 0.005895353555679321 0.01353638768196106 0.03306640625
v 0.003757806122303009 0.014278230667114257 0.033115234375000004
v 0.001532006859779358 0.014684752225875855 0.0331640625
v -0.0007297714054584504 0.014746403694152832 0.033212890625
v -0.0029744109511375427 0.014461737871170045 0.03326171875
v -0.005149196982383728 0.013837440013885498 0.033310546875
v -0.007203055024147034 0.012888171672821046 0.033359375000000004
v -0.009087749719619752 0.011636227369308472 0.033408203125
v -0.010759021043777467 0.010111006498336792 0.03345703125
v -0.012177616357803345 0.008348330855369568 0.033505859375
v -0.013310223817825317 0.006389595866203308 0.0335546875
v -0.014130241870880127 0.004280801713466644 0.033603515625000004
v -0.014618412256240845 0.0020714735984802245 0.03365234375
v -0.014763271808624268 -0.00018650272861123085 0.033701171875
v -0.014561418294906616 -0.0024400991201400757 0.03375
v -0.01401759147644043 -0.004636390209197998 0.033798828125
v -0.013144563436508178 -0.006723796129226685 0.033847656250000004
v -0.011962836980819702 -0.008653295040130616 0.033896484375
v -0.010500165224075318 -0.010379571914672852 0.0339453125
v -0.008790898323059083 -0.011862086057662964 0.033994140625
v -0.006875178813934326 -0.01306602120399475 0.03404296875
v -0.004797995984554291 -0.013963102102279664 0.034091796875000004
v -0.0026081332564353945 -0.014532262086868286 0.034140625
v -0.0003570186719298363 -0.014760133028030396 0.034189453125
v 0.0019024802744388582 -0.014641364812850952 0.03423828125
v 0.0041172999143600465 -0.014178745746612549 0.034287109375
v 0.006235424876213074 -0.013383140563964844 0.034335937500000004
v 0.008207112550735474 -0.012273235321044922 0.034384765625
v 0.009986056685447693 -0.010875093936920167 0.03443359375
v 0.011530479192733764 -0.009221552014350891 0.034482421875
v 0.012804111242294311 -0.007351443767547608 0.03453125
v 0.013777039051055909 -0.005308687686920166 0.034580078125000004
v 0.014426416158676148 -0.0031412580609321596 0.03462890625
v 0.014736989736557007 -0.0009000562876462937 0.034677734375
v 0.014701467752456666 0.0013622832298278808 0.0347265625
v 0.014320684671401978 0.003592629730701447 0.034775390625
v 0.013603581190109253 0.005738603472709656 0.034824218750000004
v 0.012566999197006226 0.0077498072385787965 0.034873046875
v 0.011235283613204956 0.009579007625579835 0.034921875
v 0.009639708399772644 0.011183246374130248 0.034970703125
v 0.007817745804786683 0.012524847984313966 0.03501953125
v 0.005812185406684876 0.01357230544090271 0.035068359375000004
v 0.0036701259016990663 0.014301019906997682 0.0351171875
v 0.0014418740570545196 0.014693875312805176 0.035166015625
v -0.000820239931344986 0.014741648435592652 0.03521484375
v -0.003063090741634369 0.014443215131759644 0.035263671875
v -0.005234004855155945 0.013805584907531738 0.035312500000000004
v -0.007281999588012696 0.012843732833862306 0.035361328125
v -0.009158977270126344 0.011580246686935426 0.03541015625
v -0.010820858478546143 0.010044800043106079 0.035458984375
v -0.012228611707687378 0.008273453712463378 0.0355078125
v -0.013349179029464722 0.006307805776596069 0.035556640625000004
v -0.014156241416931153 0.004194019734859467 0.03560546875
v -0.014630846977233887 0.0019817377626895906 0.035654296875
v -0.014761849641799926 -0.00027708496898412707 0.035703125
v -0.014546171426773072 -0.002529400289058685 0.035751953125
v -0.013988878726959229 -0.004722313284873963 0.035800781250000004
v -0.01310305953025818 -0.006804323196411133 0.035849609375
v -0.011909515857696534 -0.008726534247398377 0.0358984375
v -0.010436279773712158 -0.010443804264068603 0.035947265625
v -0.00871794879436493 -0.011915802955627441 0.03599609375
v -0.006794877648353577 -0.013107960224151612 0.036044921875000004
v -0.004712229669094086 -0.013992278575897217 0.03609375
v -0.0025189158320426943 -0.014547991752624513 0.036142578125
v -0.00026644548401236537 -0.014762045145034791 0.03619140625
v 0.0019922822713851927 -0.014629415273666383 0.036240234375
v 0.004204221367835999 -0.014153215885162353 0.036289062500000004
v 0.0063174253702163695 -0.013344628810882568 0.036337890625
v 0.008282265067100525 -0.01222264528274536 0.03638671875
v 0.010052597522735596 -0.010813615322113038 0.036435546875
v 0.01158684492111206 -0.009150629043579103 0.036484375
v 0.01284897804260254 -0.007272740602493286 0.036533203125000004
v 0.013809353113174438 -0.005224053263664246 0.03658203125
v 0.014445419311523438 -0.003052680194377899 0.036630859375
v 0.014742234945297241 -0.0008096148818731308 0.0366796875
v 0.014692832231521607 0.0014524640142917634 0.036728515625
v 0.014298371076583863 0.003680432140827179 0.036777343750000004
v 0.01356811285018921 0.00582196593284607 0.036826171875
v 0.012519210577011108 0.007826771140098571 0.036875
v 0.01117629647254944 0.009647765755653381 0.036923828125
v 0.009570907950401306 0.01124218463897705 0.03697265625
v 0.007740747928619385 0.01257258176803589 0.037021484375000004
v 0.005728797316551209 0.013607712984085083 0.0370703125
v 0.0035823073983192446 0.014323270320892334 0.037119140625
v 0.001351687014102936 0.014702446460723877 0.03716796875
v -0.0009106775373220444 0.014736337661743164 0.037216796875
v -0.003151654899120331 0.014424148797988891 0.037265625000000004
v -0.005318616032600403 0.013773210048675537 0.037314453125
v -0.00736066997051239 0.012798808813095093 0.03736328125
v -0.009229860305786134 0.011523830890655519 0.037412109375
v -0.010882288217544556 0.00997821569442749 0.0374609375
v -0.012279146909713745 0.008198264241218566 0.037509765625000004
v -0.013387631177902221 0.006225777864456177 0.03755859375
v -0.014181709289550782 0.004107079803943634 0.037607421875
v -0.0146427321434021 0.001891927272081375 0.03765625
v -0.01475987195968628 -0.00036765675991773606 0.037705078125
v -0.014530377388000488 -0.0026186063885688783 0.037753906250000004
v -0.013959640264511108 -0.004808058440685273 0.037802734375
v -0.013061062097549439 -0.006884593963623047 0.0378515625
v -0.011855747699737549 -0.008799445629119874 0.037900390625
v -0.010372000932693482 -0.010507643222808838 0.03794921875
v -0.008644670248031616 -0.011969070434570312 0.037998046875000004
v -0.006714320778846741 -0.013149405717849732 0.038046875
v -0.004626286029815674 -0.014020929336547852 0.038095703125
v -0.002429603636264801 -0.014563173055648804 0.03814453125
v -0.00017586227506399154 -0.014763402938842774 0.038193359375
v 0.0020820091664791106 -0.014616916179656983 0.038242187500000004
v 0.004290984869003296 -0.01412715196609497 0.038291015625
v 0.006399187445640564 -0.013305615186691284 0.03833984375
v 0.008357105851173401 -0.01217159628868103 0.038388671875
v 0.01011875867843628 -0.01075173020362854 0.0384375
v 0.0116427743434906 -0.009079360961914062 0.038486328125000004
v 0.012893360853195191 -0.007193763852119446 0.03853515625
v 0.013841147422790528 -0.0051392227411270145 0.038583984375
v 0.01446387767791748 -0.0029639872908592225 0.0386328125
v 0.014746925830841065 -0.0007191429287195205 0.038681640625
v 0.014683643579483032 0.0015425902605056762 0.038730468750000004
v 0.014275518655776977 0.003768095970153809 0.038779296875
v 0.013532135486602783 0.005905108451843262 0.038828125
v 0.012470951080322265 0.007903439998626709 0.038876953125
v 0.011116888523101807 0.009716160893440247 0.03892578125
v 0.009501746892929078 0.011300698518753052 0.038974609375000004
v 0.007663457989692688 0.012619841098785401 0.0390234375
v 0.005645194649696351 0.013642607927322388 0.039072265625
v 0.0034943538904190063 0.014344980716705322 0.03912109375
v 0.001261449009180069 0.014710463285446167 0.039169921875
v -0.0010010808706283568 0.014730472564697266 0.039218750000000004
v -0.0032401004433631896 0.014404538869857788 0.039267578125
v -0.0054030269384384155 0.01374031662940979 0.03931640625
v -0.007439063787460327 0.012753404378890991 0.039365234375
v -0.009300395250320434 0.01146697998046875 0.0394140625
v -0.010943307876586914 0.009911255836486816 0.039462890625000004
v -0.012329219579696656 0.008122766613960266 0.03951171875
v -0.013425580263137818 0.006143515706062317 0.039560546875
v -0.014206643104553223 0.004019984900951385 0.039609375
v -0.014654065370559693 0.0018020455539226531 0.039658203125
v -0.01475733757019043 -0.0004582146927714348 0.039707031250000004
v -0.014514037370681764 -0.002707713842391968 0.039755859375
v -0.01392987608909607 -0.004893622696399689 0.0398046875
v -0.01301857352256775 -0.006964605450630188 0.039853515625
v -0.011801531314849853 -0.00887202560901642 0.03990234375
v -0.010307332277297973 -0.01057108759880066 0.039951171875000004
v -0.008571066856384278 -0.012021888494491578 0.04
v -0.0066335111856460575 -0.013190356492996215 0.040048828125
v -0.004540168046951294 -0.014049052000045777 0.04009765625
v -0.002340199947357178 -0.014577807188034059 0.040146484375
v -8.5272416472435e-05 -0.014764204025268554 0.040195312500000004
v 0.002171657681465149 -0.014603865146636964 0.040244140625
v 0.004377586543560028 -0.014100557565689087 0.04029296875
v 0.006480708718299866 -0.013266099691390991 0.040341796875
v 0.008431631922721863 -0.012120089530944825 0.040390625
v 0.010184539556503296 -0.01068943977355957 0.040439453125000004
v 0.011698265075683594 -0.00900775134563446 0.04048828125
v 0.012937257289886475 -0.007114516496658325 0.040537109375
v 0.01387242078781128 -0.005054197907447815 0.0405859375
v 0.014481792449951172 -0.0028751826286315917 0.040634765625
v 0.01475106120109558 -0.0006286440044641495 0.040683593750000004
v 0.014673901796340942 0.0016326583921909333 0.040732421875
v 0.014252129793167114 0.003855617940425873 0.04078125
v 0.013495646715164185 0.005988028645515442 0.040830078125
v 0.012422221899032594 0.007979812026023865 0.04087890625
v 0.011057062149047852 0.009784190058708191 0.040927734375000004
v 0.009432228207588196 0.011358788013458252 0.0409765625
v 0.007585880160331726 0.0126666259765625 0.041025390625
v 0.005561378598213196 0.013676990270614624 0.04107421875
v 0.0034062689542770385 0.014366152286529542 0.041123046875
v 0.0011711635440587998 0.014717926979064941 0.041171875000000004
v -0.001091446503996849 0.014724053144454956 0.041220703125
v -0.003328424096107483 0.014384386539459228 0.04126953125
v -0.005487233996391296 0.013706904649734498 0.041318359375
v -0.007517176866531372 0.012707518339157104 0.0413671875
v -0.009370580315589905 0.011409697532653808 0.041416015625000004
v -0.011003916263580323 0.009843922257423402 0.04146484375
v -0.012378827333450318 0.008046963214874268 0.041513671875
v -0.013463022708892823 0.006061022281646729 0.0415625
v -0.014231041669845582 0.0039327389001846316 0.041611328125
v -0.014664846658706666 0.0017120960354804994 0.041660156250000004
v -0.014754248857498169 -0.0005487554147839546 0.041708984375
v -0.014497148990631105 -0.0027967193722724915 0.0417578125
v -0.013899587392807007 -0.00497900277376175 0.041806640625
v -0.01297559380531311 -0.007044354677200318 0.04185546875
v -0.01174687147140503 -0.008944271206855774 0.041904296875000004
v -0.010242274999618531 -0.010634132623672486 0.041953125
v -0.008497140407562257 -0.01207425355911255 0.042001953125
v -0.006552451848983765 -0.013230811357498169 0.04205078125
v -0.004453879296779633 -0.014076645374298096 0.042099609375
v -0.0022507080435752867 -0.014591891765594483 0.042148437500000004
v 5.320635391399265e-06 -0.01476444959640503 0.042197265625
v 0.002261224389076233 -0.01459026575088501 0.04224609375
v 0.00446402370929718 -0.014073431491851807 0.042294921875
v 0.006561985611915589 -0.01322608470916748 0.04234375
v 0.00850584089756012 -0.012068126201629639 0.042392578125000004
v 0.010249936580657959 -0.010626747608184814 0.04244140625
v 0.011753314733505249 -0.008935802578926087 0.042490234375
v 0.012980668544769288 -0.007035000920295715 0.0425390625
v 0.0139031720161438 -0.00496898353099823 0.042587890625
v 0.01449916124343872 -0.002786270081996918 0.042636718750000004
v 0.014754639863967895 -0.0005381213501095772 0.042685546875
v 0.014663608074188234 0.0017226649820804595 0.042734375
v 0.014228203296661378 0.003942994773387909 0.042783203125
v 0.013458651304244996 0.006070724129676819 0.04283203125
v 0.012373024225234985 0.008055883049964905 0.042880859375000004
v 0.010996818542480469 0.009851850271224975 0.0429296875
v 0.009362354278564453 0.01141644835472107 0.042978515625
v 0.007508016228675842 0.0127129328250885 0.04302734375
v 0.00547735333442688 0.013710856437683105 0.043076171875
v 0.0033180558681488036 0.014386781454086305 0.043125000000000004
v 0.0010808340460062027 0.014724835157394409 0.043173828125
v -0.0011817710101604461 0.01471707820892334 0.04322265625
v -0.003416622281074524 0.014363692998886108 0.043271484375
v -0.005571234822273254 0.013672977685928345 0.0433203125
v -0.007595007419586182 0.012661155462265015 0.043369140625000004
v -0.009440412521362304 0.011351985931396484 0.04341796875
v -0.01106411099433899 0.009776217937469482 0.043466796875
v -0.012427970170974731 0.007970856428146362 0.043515625
v -0.013499959707260131 0.005978300571441651 0.043564453125
v -0.014254904985427856 0.0038453450798988345 0.043613281250000004
v -0.014675074815750122 0.001622081995010376 0.043662109375
v -0.014750603437423706 -0.000639275461435318 0.0437109375
v -0.014479715824127198 -0.002885619401931763 0.043759765625
v -0.013868774175643922 -0.0050641953945159916 0.04380859375
v -0.01293212652206421 -0.007123839259147644 0.043857421875000004
v -0.011691769361495971 -0.009016180634498596 0.04390625
v -0.010176832675933839 -0.010696778297424317 0.043955078125
v -0.008422894477844238 -0.012126163244247437 0.04400390625
v -0.006471145749092102 -0.013270766735076905 0.044052734375
v -0.004367422759532929 -0.014103708267211914 0.044101562500000004
v -0.002161131501197815 -0.014605426788330078 0.044150390625
v 9.59134940057993e-05 -0.014764138460159303 0.04419921875
v 0.0023507060110569 -0.014576116800308228 0.044248046875
v 0.004550292491912842 -0.014045776128768922 0.044296875
v 0.006643016338348389 -0.013185572624206544 0.044345703125000004
v 0.008579729199409485 -0.012015707492828369 0.04439453125
v 0.010314948558807373 -0.010563654899597168 0.044443359375
v 0.011807923316955567 -0.008863517642021179 0.0444921875
v 0.013023589849472047 -0.006955220699310303 0.044541015625
v 0.013933398723602296 -0.004883581697940826 0.044589843750000004
v 0.014515985250473023 -0.002697252333164215 0.044638671875
v 0.0147576642036438 -0.00044757843017578124 0.0446875
v 0.014652762413024902 0.0018126067519187927 0.044736328125
v 0.014203741550445556 0.0040302231907844545 0.04478515625
v 0.013421149253845216 0.006153190135955811 0.044833984375000004
v 0.01232336163520813 0.008131650686264038 0.0448828125
v 0.010936162471771241 0.009919140338897705 0.044931640625
v 0.009292128086090088 0.0114736807346344 0.04498046875
v 0.007429869771003723 0.0127587628364563 0.045029296875
v 0.005393122434616089 0.013744206428527833 0.045078125000000004
v 0.0032297176122665404 0.014406870603561401 0.045126953125
v 0.0009904637932777404 0.014731190204620362 0.04517578125
v -0.0012720510363578798 0.014709550142288209 0.045224609375
v -0.003504692018032074 0.014342458248138429 0.0452734375
v -0.005655025839805603 0.013638535737991333 0.045322265625000004
v -0.007672551870346069 0.012614314556121827 0.04537109375
v -0.009509888887405395 0.011293847560882569 0.045419921875
v -0.011123888492584229 0.0097081458568573 0.04546875
v -0.012476644515991212 0.007894449830055238 0.045517578125
v -0.01353638768196106 0.005895353555679321 0.045566406250000004
v -0.014278230667114257 0.003757806122303009 0.045615234375
v -0.014684752225875855 0.001532006859779358 0.0456640625
v -0.014746403694152832 -0.0007297714054584504 0.045712890625
v -0.014461737871170045 -0.0029744109511375427 0.04576171875
v -0.013837440013885498 -0.005149196982383728 0.045810546875000004
v -0.012888171672821046 -0.007203055024147034 0.045859375
v -0.011636227369308472 -0.009087749719619752 0.045908203125
v -0.010111006498336792 -0.010759021043777467 0.04595703125
v -0.008348330855369568 -0.012177616357803345 0.046005859375
v -0.006389595866203308 -0.013310223817825317 0.046054687500000004
v -0.004280801713466644 -0.014130241870880127 0.046103515625
v -0.0020714735984802245 -0.014618412256240845 0.04615234375
v 0.00018650272861123085 -0.014763271808624268 0.046201171875
v 0.0024400991201400757 -0.014561418294906616 0.04625
v 0.004636390209197998 -0.01401759147644043 0.046298828125000004
v 0.006723796129226685 -0.013144563436508178 0.04634765625
v 0.008653295040130616 -0.011962836980819702 0.046396484375
v 0.010379571914672852 -0.010500165224075318 0.0464453125
v 0.011862086057662964 -0.008790898323059083 0.046494140625
v 0.01306602120399475 -0.006875178813934326 0.046542968750000004
v 0.013963102102279664 -0.004797995984554291 0.046591796875
v 0.014532262086868286 -0.0026081332564353945 0.046640625
v 0.014760133028030396 -0.0003570186719298363 0.046689453125
v 0.014641364812850952 0.0019024802744388582 0.04673828125
v 0.014178745746612549 0.0041172999143600465 0.046787109375000004
v 0.013383140563964844 0.006235424876213074 0.0468359375
v 0.012273235321044922 0.008207112550735474 0.046884765625
v 0.010875093936920167 0.009986056685447693 0.04693359375
v 0.009221552014350891 0.011530479192733764 0.046982421875
v 0.007351443767547608 0.012804111242294311 0.047031250000000004
v 0.005308687686920166 0.013777039051055909 0.047080078125
v 0.0031412580609321596 0.014426416158676148 0.04712890625
v 0.0009000562876462937 0.014736989736557007 0.047177734375
v -0.0013622832298278808 0.014701467752456666 0.0472265625
v -0.003592629730701447 0.014320684671401978 0.047275390625000004
v -0.005738603472709656 0.013603581190109253 0.04732421875
v -0.0077498072385787965 0.012566999197006226 0.047373046875
v -0.009579007625579835 0.011235283613204956 0.047421875
v -0.011183246374130248 0.009639708399772644 0.047470703125
v -0.012524847984313966 0.007817745804786683 0.047519531250000004
v -0.01357230544090271 0.005812185406684876 0.047568359375
v -0.014301019906997682 0.0036701259016990663 0.0476171875
v -0.014693875312805176 0.0014418740570545196 0.047666015625
v -0.014741648435592652 -0.000820239931344986 0.04771484375
v -0.014443215131759644 -0.003063090741634369 0.047763671875000004
v -0.013805584907531738 -0.005234004855155945 0.0478125
v -0.012843732833862306 -0.007281999588012696 0.047861328125
v -0.011580246686935426 -0.009158977270126344 0.04791015625
v -0.010044800043106079 -0.010820858478546143 0.047958984375
v -0.008273453712463378 -0.012228611707687378 0.048007812500000004
v -0.006307805776596069 -0.013349179029464722 0.048056640625
v -0.004194019734859467 -0.014156241416931153 0.04810546875
v -0.0019817377626895906 -0.014630846977233887 0.048154296875
v 0.00027708496898412707 -0.014761849641799926 0.048203125
v 0.002529400289058685 -0.014546171426773072 0.048251953125000004
v 0.004722313284873963 -0.013988878726959229 0.04830078125
v 0.006804323196411133 -0.01310305953025818 0.048349609375
v 0.008726534247398377 -0.011909515857696534 0.0483984375
v 0.010443804264068603 -0.010436279773712158 0.048447265625
v 0.011915802955627441 -0.00871794879436493 0.048496093750000004
v 0.013107960224151612 -0.006794877648353577 0.048544921875
v 0.013992278575897217 -0.004712229669094086 0.04859375
v 0.014547991752624513 -0.0025189158320426943 0.048642578125
v 0.014762045145034791 -0.00026644548401236537 0.04869140625
v 0.014629415273666383 0.0019922822713851927 0.048740234375000004
v 0.014153215885162353 0.004204221367835999 0.0487890625
v 0.013344628810882568 0.0063174253702163695 0.048837890625
v 0.01222264528274536 0.008282265067100525 0.04888671875
v 0.010813615322113038 0.010052597522735596 0.048935546875
v 0.009150629043579103 0.01158684492111206 0.048984375000000004
v 0.007272740602493286 0.01284897804260254 0.049033203125
v 0.005224053263664246 0.013809353113174438 0.04908203125
v 0.003052680194377899 0.014445419311523438 0.049130859375
v 0.0008096148818731308 0.014742234945297241 0.0491796875
v -0.0014524640142917634 0.014692832231521607 0.049228515625000004
v -0.003680432140827179 0.014298371076583863 0.04927734375
v -0.00582196593284607 0.01356811285018921 0.049326171875
v -0.007826771140098571 0.012519210577011108 0.049375
v -0.009647765755653381 0.01117629647254944 0.049423828125
v -0.01124218463897705 0.009570907950401306 0.049472656250000004
v -0.01257258176803589 0.007740747928619385 0.049521484375
v -0.013607712984085083 0.005728797316551209 0.0495703125
v -0.014323270320892334 0.0035823073983192446 0.049619140625
v -0.014702446460723877 0.001351687014102936 0.04966796875
v -0.014736337661743164 -0.0009106775373220444 0.049716796875000004
v -0.014424148797988891 -0.003151654899120331 0.049765625
v -0.013773210048675537 -0.005318616032600403 0.049814453125
v -0.012798808813095093 -0.00736066997051239 0.04986328125
v -0.011523830890655519 -0.009229860305786134 0.049912109375
v -0.00997821569442749 -0.010882288217544556 0.049960937500000004
v -0.008198264241218566 -0.012279146909713745 0.050009765625
v -0.006225777864456177 -0.013387631177902221 0.05005859375
v -0.004107079803943634 -0.014181709289550782 0.050107421875
v -0.001891927272081375 -0.0146427321434021 0.05015625
v 0.00036765675991773606 -0.01475987195968628 0.050205078125000004
v 0.0026186063885688783 -0.014530377388000488 0.05025390625
v 0.004808058440685273 -0.013959640264511108 0.050302734375
v 0.006884593963623047 -0.013061062097549439 0.0503515625
v 0.008799445629119874 -0.011855747699737549 0.050400390625
v 0.010507643222808838 -0.010372000932693482 0.050449218750000004
v 0.011969070434570312 -0.008644670248031616 0.050498046875
v 0.013149405717849732 -0.006714320778846741 0.050546875
v 0.014020929336547852 -0.004626286029815674 0.050595703125
v 0.014563173055648804 -0.002429603636264801 0.05064453125
v 0.014763402938842774 -0.00017586227506399154 0.050693359375000004
v 0.014616916179656983 0.0020820091664791106 0.0507421875
v 0.01412715196609497 0.004290984869003296 0.050791015625
v 0.013305615186691284 0.006399187445640564 0.05083984375
v 0.01217159628868103 0.008357105851173401 0.050888671875
v 0.01075173020362854 0.01011875867843628 0.050937500000000004
v 0.009079360961914062 0.0116427743434906 0.050986328125
v 0.007193763852119446 0.012893360853195191 0.05103515625
v 0.0051392227411270145 0.013841147422790528 0.051083984375
v 0.0029639872908592225 0.01446387767791748 0.0511328125
v 0.0007191429287195205 0.014746925830841065 0.051181640625000004
v -0.0015425902605056762 0.014683643579483032 0.05123046875
v -0.003768095970153809 0.014275518655776977 0.051279296875
v -0.005905108451843262 0.013532135486602783 0.051328125
v -0.007903439998626709 0.012470951080322265 0.051376953125
v -0.009716160893440247 0.011116888523101807 0.051425781250000004
v -0.011300698518753052 0.009501746892929078 0.051474609375
v -0.012619841098785401 0.007663457989692688 0.0515234375
v -0.013642607927322388 0.005645194649696351 0.051572265625
v -0.014344980716705322 0.0034943538904190063 0.05162109375
v -0.014710463285446167 0.001261449009180069 0.051669921875000004
v -0.014730472564697266 -0.0010010808706283568 0.05171875
v -0.014404538869857788 -0.0032401004433631896 0.051767578125
v -0.01374031662940979 -0.0054030269384384155 0.05181640625
v -0.012753404378890991 -0.007439063787460327 0.051865234375
v -0.01146697998046875 -0.009300395250320434 0.051914062500000004
v -0.009911255836486816 -0.010943307876586914 0.051962890625
v -0.008122766613960266 -0.012329219579696656 0.05201171875
v -0.006143515706062317 -0.013425580263137818 0.052060546875
v -0.004019984900951385 -0.014206643104553223 0.052109375
v -0.0018020455539226531 -0.014654065370559693 0.052158203125000004
v 0.0004582146927714348 -0.01475733757019043 0.05220703125
v 0.002707713842391968 -0.014514037370681764 0.052255859375
v 0.004893622696399689 -0.01392987608909607 0.0523046875
v 0.006964605450630188 -0.01301857352256775 0.052353515625
v 0.00887202560901642 -0.011801531314849853 0.052402343750000004
v 0.01057108759880066 -0.010307332277297973 0.052451171875
v 0.012021888494491578 -0.008571066856384278 0.0525
v 0.013190356492996215 -0.0066335111856460575 0.052548828125
v 0.014049052000045777 -0.004540168046951294 0.05259765625
v 0.014577807188034059 -0.002340199947357178 0.052646484375000004
v 0.014764204025268554 -8.5272416472435e-05 0.0526953125
v 0.014603865146636964 0.002171657681465149 0.052744140625
v 0.014100557565689087 0.004377586543560028 0.05279296875
v 0.013266099691390991 0.006480708718299866 0.052841796875
v 0.012120089530944825 0.008431631922721863 0.052890625000000004
v 0.01068943977355957 0.010184539556503296 0.052939453125
v 0.00900775134563446 0.011698265075683594 0.05298828125
v 0.007114516496658325 0.012937257289886475 0.053037109375
v 0.005054197907447815 0.01387242078781128 0.0530859375
v 0.0028751826286315917 0.014481792449951172 0.053134765625000004
v 0.0006286440044641495 0.01475106120109558 0.05318359375
v -0.0016326583921909333 0.014673901796340942 0.053232421875
v -0.003855617940425873 0.014252129793167114 0.05328125
v -0.005988028645515442 0.013495646715164185 0.053330078125
v -0.007979812026023865 0.012422221899032594 0.053378906250000004
v -0.009784190058708191 0.011057062149047852 0.053427734375
v -0.011358788013458252 0.009432228207588196 0.0534765625
v -0.0126666259765625 0.007585880160331726 0.053525390625
v -0.013676990270614624 0.005561378598213196 0.05357421875
v -0.014366152286529542 0.0034062689542770385 0.053623046875000004
v -0.014717926979064941 0.0011711635440587998 0.053671875
v -0.014724053144454956 -0.001091446503996849 0.053720703125
v -0.014384386539459228 -0.003328424096107483 0.05376953125
v -0.013706904649734498 -0.005487233996391296 0.053818359375
v -0.012707518339157104 -0.007517176866531372 0.053867187500000004
v -0.011409697532653808 -0.009370580315589905 0.053916015625
v -0.009843922257423402 -0.011003916263580323 0.05396484375
v -0.008046963214874268 -0.012378827333450318 0.054013671875
v -0.006061022281646729 -0.013463022708892823 0.0540625
v -0.0039327389001846316 -0.014231041669845582 0.054111328125000004
v -0.0017120960354804994 -0.014664846658706666 0.05416015625
v 0.0005487554147839546 -0.014754248857498169 0.054208984375
v 0.0027967193722724915 -0.014497148990631105 0.0542578125
v 0.00497900277376175 -0.013899587392807007 0.054306640625
v 0.007044354677200318 -0.01297559380531311 0.054355468750000004
v 0.008944271206855774 -0.01174687147140503 0.054404296875
v 0.010634132623672486 -0.010242274999618531 0.054453125
v 0.01207425355911255 -0.008497140407562257 0.054501953125
v 0.013230811357498169 -0.006552451848983765 0.05455078125
v 0.014076645374298096 -0.004453879296779633 0.054599609375000004
v 0.014591891765594483 -0.0022507080435752867 0.0546484375
v 0.01476444959640503 5.320635391399265e-06 0.054697265625
v 0.01459026575088501 0.002261224389076233 0.05474609375
v 0.014073431491851807 0.00446402370929718 0.054794921875
v 0.01322608470916748 0.006561985611915589 0.054843750000000004
v 0.012068126201629639 0.00850584089756012 0.054892578125
v 0.010626747608184814 0.010249936580657959 0.05494140625
v 0.008935802578926087 0.011753314733505249 0.054990234375
v 0.007035000920295715 0.012980668544769288 0.0550390625
v 0.00496898353099823 0.0139031720161438 0.055087890625000004
v 0.002786270081996918 0.01449916124343872 0.05513671875
v 0.0005381213501095772 0.014754639863967895 0.055185546875
v -0.0017226649820804595 0.014663608074188234 0.055234375
v -0.003942994773387909 0.014228203296661378 0.055283203125
v -0.006070724129676819 0.013458651304244996 0.055332031250000004
v -0.008055883049964905 0.012373024225234985 0.055380859375
v -0.009851850271224975 0.010996818542480469 0.0554296875
v -0.01141644835472107 0.009362354278564453 0.055478515625
v -0.0127129328250885 0.007508016228675842 0.05552734375
v -0.013710856437683105 0.00547735333442688 0.055576171875000004
v -0.014386781454086305 0.0033180558681488036 0.055625
v -0.014724835157394409 0.0010808340460062027 0.055673828125
v -0.01471707820892334 -0.0011817710101604461 0.05572265625
v -0.014363692998886108 -0.003416622281074524 0.055771484375
v -0.013672977685928345 -0.005571234822273254 0.055820312500000004
v -0.012661155462265015 -0.007595007419586182 0.055869140625
v -0.011351985931396484 -0.009440412521362304 0.05591796875
v -0.009776217937469482 -0.01106411099433899 0.055966796875
v -0.007970856428146362 -0.012427970170974731 0.056015625
v -0.005978300571441651 -0.013499959707260131 0.056064453125000004
v -0.0038453450798988345 -0.014254904985427856 0.05611328125
v -0.001622081995010376 -0.014675074815750122 0.056162109375
v 0.000639275461435318 -0.014750603437423706 0.0562109375
v 0.002885619401931763 -0.014479715824127198 0.056259765625
v 0.0050641953945159916 -0.013868774175643922 0.056308593750000004
v 0.007123839259147644 -0.01293212652206421 0.056357421875
v 0.009016180634498596 -0.011691769361495971 0.05640625
v 0.010696778297424317 -0.010176832675933839 0.056455078125
v 0.012126163244247437 -0.008422894477844238 0.05650390625
v 0.013270766735076905 -0.006471145749092102 0.056552734375000004
v 0.014103708267211914 -0.004367422759532929 0.0566015625
v 0.014605426788330078 -0.002161131501197815 0.056650390625
v 0.014764138460159303 9.59134940057993e-05 0.05669921875
v 0.014576116800308228 0.0023507060110569 0.056748046875
v 0.014045776128768922 0.004550292491912842 0.056796875000000004
v 0.013185572624206544 0.006643016338348389 0.056845703125
v 0.012015707492828369 0.008579729199409485 0.05689453125
v 0.010563654899597168 0.010314948558807373 0.056943359375
v 0.008863517642021179 0.011807923316955567 0.0569921875
v 0.006955220699310303 0.013023589849472047 0.057041015625000004
v 0.004883581697940826 0.013933398723602296 0.05708984375
v 0.002697252333164215 0.014515985250473023 0.057138671875
v 0.00044757843017578124 0.0147576642036438 0.0571875
v -0.0018126067519187927 0.014652762413024902 0.057236328125
v -0.0040302231907844545 0.014203741550445556 0.057285156250000004
v -0.006153190135955811 0.013421149253845216 0.057333984375
v -0.008131650686264038 0.01232336163520813 0.0573828125
v -0.009919140338897705 0.010936162471771241 0.057431640625
v -0.0114736807346344 0.009292128086090088 0.05748046875
v -0.0127587628364563 0.007429869771003723 0.057529296875000004
v -0.013744206428527833 0.005393122434616089 0.057578125
v -0.014406870603561401 0.0032297176122665404 0.057626953125
v -0.014731190204620362 0.0009904637932777404 0.05767578125
v -0.014709550142288209 -0.0012720510363578798 0.057724609375
v -0.014342458248138429 -0.003504692018032074 0.057773437500000004
v -0.013638535737991333 -0.005655025839805603 0.057822265625
v -0.012614314556121827 -0.007672551870346069 0.05787109375
v -0.011293847560882569 -0.009509888887405395 0.057919921875
v -0.0097081458568573 -0.011123888492584229 0.05796875
v -0.007894449830055238 -0.012476644515991212 0.058017578125000004
v -0.005895353555679321 -0.01353638768196106 0.05806640625
v -0.003757806122303009 -0.014278230667114257 0.058115234375
v -0.001532006859779358 -0.014684752225875855 0.0581640625
v 0.0007297714054584504 -0.014746403694152832 0.058212890625
v 0.0029744109511375427 -0.014461737871170045 0.058261718750000004
v 0.005149196982383728 -0.013837440013885498 0.058310546875
v 0.007203055024147034 -0.012888171672821046 0.058359375
v 0.009087749719619752 -0.011636227369308472 0.058408203125
v 0.010759021043777467 -0.010111006498336792 0.05845703125
v 0.012177616357803345 -0.008348330855369568 0.058505859375000004
v 0.013310223817825317 -0.006389595866203308 0.0585546875
v 0.014130241870880127 -0.004280801713466644 0.058603515625
v 0.014618412256240845 -0.0020714735984802245 0.05865234375
v 0.014763271808624268 0.00018650272861123085 0.058701171875
v 0.014561418294906616 0.0024400991201400757 0.058750000000000004
v 0.01401759147644043 0.004636390209197998 0.058798828125
v 0.013144563436508178 0.006723796129226685 0.05884765625
v 0.011962836980819702 0.008653295040130616 0.058896484375
v 0.010500165224075318 0.010379571914672852 0.0589453125
v 0.008790898323059083 0.011862086057662964 0.058994140625000004
v 0.006875178813934326 0.01306602120399475 0.05904296875
v 0.004797995984554291 0.013963102102279664 0.059091796875
v 0.0026081332564353945 0.014532262086868286 0.059140625
v 0.0003570186719298363 0.014760133028030396 0.059189453125
v -0.0019024802744388582 0.014641364812850952 0.059238281250000004
v -0.0041172999143600465 0.014178745746612549 0.059287109375
v -0.006235424876213074 0.013383140563964844 0.0593359375
v -0.008207112550735474 0.012273235321044922 0.059384765625
v -0.009986056685447693 0.010875093936920167 0.05943359375
v -0.011530479192733764 0.009221552014350891 0.059482421875000004
v -0.012804111242294311 0.007351443767547608 0.05953125
v -0.013777039051055909 0.005308687686920166 0.059580078125
v -0.014426416158676148 0.0031412580609321596 0.05962890625
v -0.014736989736557007 0.0009000562876462937 0.059677734375
v -0.014701467752456666 -0.0013622832298278808 0.059726562500000004
v -0.014320684671401978 -0.003592629730701447 0.059775390625
v -0.013603581190109253 -0.005738603472709656 0.05982421875
v -0.012566999197006226 -0.0077498072385787965 0.059873046875
v -0.011235283613204956 -0.009579007625579835 0.059921875
v -0.009639708399772644 -0.011183246374130248 0.059970703125000004
v -0.007817745804786683 -0.012524847984313966 0.06001953125
v -0.005812185406684876 -0.01357230544090271 0.060068359375
v -0.0036701259016990663 -0.014301019906997682 0.0601171875
v -0.0014418740570545196 -0.014693875312805176 0.060166015625
v 0.000820239931344986 -0.014741648435592652 0.060214843750000004
v 0.003063090741634369 -0.014443215131759644 0.060263671875
v 0.005234004855155945 -0.013805584907531738 0.0603125
v 0.007281999588012696 -0.012843732833862306 0.060361328125
v 0.009158977270126344 -0.011580246686935426 0.06041015625
v 0.010820858478546143 -0.010044800043106079 0.060458984375000004
v 0.012228611707687378 -0.008273453712463378 0.0605078125
v 0.013349179029464722 -0.006307805776596069 0.060556640625
v 0.014156241416931153 -0.004194019734859467 0.06060546875
v 0.014630846977233887 -0.0019817377626895906 0.060654296875
v 0.014761849641799926 0.00027708496898412707 0.060703125000000004
v 0.014546171426773072 0.002529400289058685 0.060751953125
v 0.013988878726959229 0.004722313284873963 0.06080078125
v 0.01310305953025818 0.006804323196411133 0.060849609375
v 0.011909515857696534 0.008726534247398377 0.0608984375
v 0.010436279773712158 0.010443804264068603 0.060947265625000004
v 0.00871794879436493 0.011915802955627441 0.06099609375
v 0.006794877648353577 0.013107960224151612 0.061044921875
v 0.004712229669094086 0.013992278575897217 0.06109375
v 0.0025189158320426943 0.014547991752624513 0.061142578125
v 0.00026644548401236537 0.014762045145034791 0.061191406250000004
v -0.0019922822713851927 0.014629415273666383 0.061240234375
v -0.004204221367835999 0.014153215885162353 0.0612890625
v -0.0063174253702163695 0.013344628810882568 0.061337890625
v -0.008282265067100525 0.01222264528274536 0.06138671875
v -0.010052597522735596 0.010813615322113038 0.061435546875000004
v -0.01158684492111206 0.009150629043579103 0.061484375
v -0.01284897804260254 0.007272740602493286 0.061533203125
v -0.013809353113174438 0.005224053263664246 0.06158203125
v -0.014445419311523438 0.003052680194377899 0.061630859375
v -0.014742234945297241 0.0008096148818731308 0.061679687500000004
v -0.014692832231521607 -0.0014524640142917634 0.061728515625
v -0.014298371076583863 -0.003680432140827179 0.06177734375
v -0.01356811285018921 -0.00582196593284607 0.061826171875
v -0.012519210577011108 -0.007826771140098571 0.061875
v -0.01117629647254944 -0.009647765755653381 0.061923828125000004
v -0.009570907950401306 -0.01124218463897705 0.06197265625
v -0.007740747928619385 -0.01257258176803589 0.062021484375
v -0.005728797316551209 -0.013607712984085083 0.0620703125
v -0.0035823073983192446 -0.014323270320892334 0.062119140625
v -0.001351687014102936 -0.014702446460723877 0.062167968750000004
v 0.0009106775373220444 -0.014736337661743164 0.062216796875
v 0.003151654899120331 -0.014424148797988891 0.062265625
v 0.005318616032600403 -0.013773210048675537 0.062314453125
v 0.00736066997051239 -0.012798808813095093 0.06236328125
v 0.009229860305786134 -0.011523830890655519 0.062412109375000004
v 0.010882288217544556 -0.00997821569442749 0.0624609375
v 0.012279146909713745 -0.008198264241218566 0.062509765625
v 0.013387631177902221 -0.006225777864456177 0.06255859375
v 0.014181709289550782 -0.004107079803943634 0.062607421875
v 0.0146427321434021 -0.001891927272081375 0.06265625
v 0.01475987195968628 0.00036765675991773606 0.06270507812500001
v 0.014530377388000488 0.0026186063885688783 0.06275390625
v 0.013959640264511108 0.004808058440685273 0.062802734375
v 0.013061062097549439 0.006884593963623047 0.0628515625
v 0.011855747699737549 0.008799445629119874 0.062900390625
v 0.010372000932693482 0.010507643222808838 0.06294921875000001
v 0.008644670248031616 0.011969070434570312 0.062998046875
v 0.006714320778846741 0.013149405717849732 0.063046875
v 0.004626286029815674 0.014020929336547852 0.063095703125
v 0.002429603636264801 0.014563173055648804 0.06314453125
v 0.00017586227506399154 0.014763402938842774 0.06319335937500001
v -0.0020820091664791106 0.014616916179656983 0.0632421875
v -0.004290984869003296 0.01412715196609497 0.063291015625
v -0.006399187445640564 0.013305615186691284 0.06333984375
v -0.008357105851173401 0.01217159628868103 0.063388671875
v -0.01011875867843628 0.01075173020362854 0.06343750000000001
v -0.0116427743434906 0.009079360961914062 0.063486328125
v -0.012893360853195191 0.007193763852119446 0.06353515625
v -0.013841147422790528 0.0051392227411270145 0.063583984375
v -0.01446387767791748 0.0029639872908592225 0.0636328125
v -0.014746925830841065 0.0007191429287195205 0.06368164062500001
v -0.014683643579483032 -0.0015425902605056762 0.06373046875
v -0.014275518655776977 -0.003768095970153809 0.063779296875
v -0.013532135486602783 -0.005905108451843262 0.063828125
v -0.012470951080322265 -0.007903439998626709 0.063876953125
v -0.011116888523101807 -0.009716160893440247 0.06392578125000001
v -0.009501746892929078 -0.011300698518753052 0.063974609375
v -0.007663457989692688 -0.012619841098785401 0.0640234375
v -0.005645194649696351 -0.013642607927322388 0.064072265625
v -0.0034943538904190063 -0.014344980716705322 0.06412109375
v -0.001261449009180069 -0.014710463285446167 0.06416992187500001
v 0.0010010808706283568 -0.014730472564697266 0.06421875
v 0.0032401004433631896 -0.014404538869857788 0.064267578125
v 0.0054030269384384155 -0.01374031662940979 0.06431640625
v 0.007439063787460327 -0.012753404378890991 0.064365234375
v 0.009300395250320434 -0.01146697998046875 0.06441406250000001
v 0.010943307876586914 -0.009911255836486816 0.064462890625
v 0.012329219579696656 -0.008122766613960266 0.06451171875
v 0.013425580263137818 -0.006143515706062317 0.064560546875
v 0.014206643104553223 -0.004019984900951385 0.064609375
v 0.014654065370559693 -0.0018020455539226531 0.06465820312500001
v 0.01475733757019043 0.0004582146927714348 0.06470703125
v 0.014514037370681764 0.002707713842391968 0.064755859375
v 0.01392987608909607 0.004893622696399689 0.0648046875
v 0.01301857352256775 0.006964605450630188 0.064853515625
v 0.011801531314849853 0.00887202560901642 0.06490234375000001
v 0.010307332277297973 0.01057108759880066 0.064951171875
v -0.008571066856384278 0.012021888494491578 0.065
v -0.006320878267288208 0.013342993259429932 0.065
v -0.0038732635974884034 0.014247343540191651 0.065
v -0.0013046711683273315 0.014706692695617677 0.065
v 0.0013046711683273315 0.014706692695617677 0.065
v 0.0038732635974884034 0.014247343540191651 0.065
v 0.006320878267288208 0.013342993259429932 0.065
v 0.008571066856384278 0.012021888494491578 0.065
v 0.010307332277297973 0.01057108759880066 0.064951171875
v 0.011801531314849853 0.00887202560901642 0.06490234375000001
v 0.01301857352256775 0.006964605450630188 0.064853515625
v 0.01392987608909607 0.004893622696399689 0.0648046875
v 0.014514037370681764 0.002707713842391968 0.064755859375
v 0.01475733757019043 0.0004582146927714348 0.06470703125
v 0.014654065370559693 -0.0018020455539226531 0.06465820312500001
v 0.014206643104553223 -0.004019984900951385 0.064609375
v 0.013425580263137818 -0.006143515706062317 0.064560546875
v 0.012329219579696656 -0.008122766613960266 0.06451171875
v 0.010943307876586914 -0.009911255836486816 0.064462890625
v 0.009300395250320434 -0.01146697998046875 0.06441406250000001
v 0.007439063787460327 -0.012753404378890991 0.064365234375
v 0.0054030269384384155 -0.01374031662940979 0.06431640625
v 0.0032401004433631896 -0.014404538869857788 0.064267578125
v 0.0010010808706283568 -0.014730472564697266 0.06421875
v -0.001261449009180069 -0.014710463285446167 0.06416992187500001
v -0.0034943538904190063 -0.014344980716705322 0.06412109375
v -0.005645194649696351 -0.013642607927322388 0.064072265625
v -0.007663457989692688 -0.012619841098785401 0.0640234375
v -0.009501746892929078 -0.011300698518753052 0.063974609375
v -0.011116888523101807 -0.009716160893440247 0.06392578125000001
v -0.012470951080322265 -0.007903439998626709 0.063876953125
v -0.013532135486602783 -0.005905108451843262 0.063828125
v -0.014275518655776977 -0.003768095970153809 0.063779296875
v -0.014683643579483032 -0.0015425902605056762 0.06373046875
v -0.014746925830841065 0.0007191429287195205 0.06368164062500001
v -0.01446387767791748 0.0029639872908592225 0.0636328125
v -0.013841147422790528 0.0051392227411270145 0.063583984375
v -0.012893360853195191 0.007193763852119446 0.06353515625
v -0.0116427743434906 0.009079360961914062 0.063486328125
v -0.01011875867843628 0.01075173020362854 0.06343750000000001
v -0.008357105851173401 0.01217159628868103 0.063388671875
v -0.006399187445640564 0.013305615186691284 0.06333984375
v -0.004290984869003296 0.01412715196609497 0.063291015625
v -0.0020820091664791106 0.014616916179656983 0.0632421875
v 0.00017586227506399154 0.014763402938842774 0.06319335937500001
v 0.002429603636264801 0.014563173055648804 0.06314453125
v 0.004626286029815674 0.014020929336547852 0.063095703125
v 0.006714320778846741 0.013149405717849732 0.063046875
v 0.008644670248031616 0.011969070434570312 0.062998046875
v 0.010372000932693482 0.010507643222808838 0.06294921875000001
v 0.011855747699737549 0.008799445629119874 0.062900390625
v 0.013061062097549439 0.006884593963623047 0.0628515625
v 0.013959640264511108 0.004808058440685273 0.062802734375
v 0.014530377388000488 0.0026186063885688783 0.06275390625
v 0.01475987195968628 0.00036765675991773606 0.06270507812500001
v 0.0146427321434021 -0.001891927272081375 0.06265625
v 0.014181709289550782 -0.004107079803943634 0.062607421875
v 0.013387631177902221 -0.006225777864456177 0.06255859375
v 0.012279146909713745 -0.008198264241218566 0.062509765625
v 0.010882288217544556 -0.00997821569442749 0.0624609375
v 0.009229860305786134 -0.011523830890655519 0.062412109375000004
v 0.00736066997051239 -0.012798808813095093 0.06236328125
v 0.005318616032600403 -0.013773210048675537 0.062314453125
v 0.003151654899120331 -0.014424148797988891 0.062265625
v 0.0009106775373220444 -0.014736337661743164 0.062216796875
v -0.001351687014102936 -0.014702446460723877 0.062167968750000004
v -0.0035823073983192446 -0.014323270320892334 0.062119140625
v -0.005728797316551209 -0.013607712984085083 0.0620703125
v -0.007740747928619385 -0.01257258176803589 0.062021484375
v -0.009570907950401306 -0.01124218463897705 0.06197265625
v -0.01117629647254944 -0.009647765755653381 0.061923828125000004
v -0.012519210577011108 -0.007826771140098571 0.061875
v -0.01356811285018921 -0.00582196593284607 0.061826171875
v -0.014298371076583863 -0.003680432140827179 0.06177734375
v -0.014692832231521607 -0.0014524640142917634 0.061728515625
v -0.014742234945297241 0.0008096148818731308 0.061679687500000004
v -0.014445419311523438 0.003052680194377899 0.061630859375
v -0.013809353113174438 0.005224053263664246 0.06158203125
v -0.01284897804260254 0.007272740602493286 0.061533203125
v -0.01158684492111206 0.009150629043579103 0.061484375
v -0.010052597522735596 0.010813615322113038 0.061435546875000004
v -0.008282265067100525 0.01222264528274536 0.06138671875
v -0.0063174253702163695 0.013344628810882568 0.061337890625
v -0.004204221367835999 0.014153215885162353 0.0612890625
v -0.0019922822713851927 0.014629415273666383 0.061240234375
v 0.00026644548401236537 0.014762045145034791 0.061191406250000004
v 0.0025189158320426943 0.014547991752624513 0.061142578125
v 0.004712229669094086 0.013992278575897217 0.06109375
v 0.006794877648353577 0.013107960224151612 0.061044921875
v 0.00871794879436493 0.011915802955627441 0.06099609375
v 0.010436279773712158 0.010443804264068603 0.060947265625000004
v 0.011909515857696534 0.008726534247398377 0.0608984375
v 0.01310305953025818 0.006804323196411133 0.060849609375
v 0.013988878726959229 0.004722313284873963 0.06080078125
v 0.014546171426773072 0.002529400289058685 0.060751953125
v 0.014761849641799926 0.00027708496898412707 0.060703125000000004
v 0.014630846977233887 -0.0019817377626895906 0.060654296875
v 0.014156241416931153 -0.004194019734859467 0.06060546875
v 0.013349179029464722 -0.006307805776596069 0.060556640625
v 0.012228611707687378 -0.008273453712463378 0.0605078125
v 0.010820858478546143 -0.010044800043106079 0.060458984375000004
v 0.009158977270126344 -0.011580246686935426 0.06041015625
v 0.007281999588012696 -0.012843732833862306 0.060361328125
v 0.005234004855155945 -0.013805584907531738 0.0603125
v 0.003063090741634369 -0.014443215131759644 0.060263671875
v 0.000820239931344986 -0.014741648435592652 0.060214843750000004
v -0.0014418740570545196 -0.014693875312805176 0.060166015625
v -0.0036701259016990663 -0.014301019906997682 0.0601171875
v -0.005812185406684876 -0.01357230544090271 0.060068359375
v -0.007817745804786683 -0.012524847984313966 0.06001953125
v -0.009639708399772644 -0.011183246374130248 0.059970703125000004
v -0.011235283613204956 -0.009579007625579835 0.059921875
v -0.012566999197006226 -0.0077498072385787965 0.059873046875
v -0.013603581190109253 -0.005738603472709656 0.05982421875
v -0.014320684671401978 -0.003592629730701447 0.059775390625
v -0.014701467752456666 -0.0013622832298278808 0.059726562500000004
v -0.014736989736557007 0.0009000562876462937 0.059677734375
v -0.014426416158676148 0.0031412580609321596 0.05962890625
v -0.013777039051055909 0.005308687686920166 0.059580078125
v -0.012804111242294311 0.007351443767547608 0.05953125
v -0.011530479192733764 0.009221552014350891 0.059482421875000004
v -0.009986056685447693 0.010875093936920167 0.05943359375
v -0.008207112550735474 0.012273235321044922 0.059384765625
v -0.006235424876213074 0.013383140563964844 0.0593359375
v -0.0041172999143600465 0.014178745746612549 0.059287109375
v -0.0019024802744388582 0.014641364812850952 0.059238281250000004
v 0.0003570186719298363 0.014760133028030396 0.059189453125
v 0.0026081332564353945 0.014532262086868286 0.059140625
v 0.004797995984554291 0.013963102102279664 0.059091796875
v 0.006875178813934326 0.01306602120399475 0.05904296875
v 0.008790898323059083 0.011862086057662964 0.058994140625000004
v 0.010500165224075318 0.010379571914672852 0.0589453125
v 0.011962836980819702 0.008653295040130616 0.058896484375
v 0.013144563436508178 0.006723796129226685 0.05884765625
v 0.01401759147644043 0.004636390209197998 0.058798828125
v 0.014561418294906616 0.0024400991201400757 0.058750000000000004
v 0.014763271808624268 0.00018650272861123085 0.058701171875
v 0.014618412256240845 -0.0020714735984802245 0.05865234375
v 0.014130241870880127 -0.004280801713466644 0.058603515625
v 0.013310223817825317 -0.006389595866203308 0.0585546875
v 0.012177616357803345 -0.008348330855369568 0.058505859375000004
v 0.010759021043777467 -0.010111006498336792 0.05845703125
v 0.009087749719619752 -0.011636227369308472 0.058408203125
v 0.007203055024147034 -0.012888171672821046 0.058359375
v 0.005149196982383728 -0.013837440013885498 0.058310546875
v 0.0029744109511375427 -0.014461737871170045 0.058261718750000004
v 0.0007297714054584504 -0.014746403694152832 0.058212890625
v -0.001532006859779358 -0.014684752225875855 0.0581640625
v -0.003757806122303009 -0.014278230667114257 0.058115234375
v -0.005895353555679321 -0.01353638768196106 0.05806640625
v -0.007894449830055238 -0.012476644515991212 0.058017578125000004
v -0.0097081458568573 -0.011123888492584229 0.05796875
v -0.011293847560882569 -0.009509888887405395 0.057919921875
v -0.012614314556121827 -0.007672551870346069 0.05787109375
v -0.013638535737991333 -0.005655025839805603 0.057822265625
v -0.014342458248138429 -0.003504692018032074 0.057773437500000004
v -0.014709550142288209 -0.0012720510363578798 0.057724609375
v -0.014731190204620362 0.0009904637932777404 0.05767578125
v -0.014406870603561401 0.0032297176122665404 0.057626953125
v -0.013744206428527833 0.005393122434616089 0.057578125
v -0.0127587628364563 0.007429869771003723 0.057529296875000004
v -0.0114736807346344 0.009292128086090088 0.05748046875
v -0.009919140338897705 0.010936162471771241 0.057431640625
v -0.008131650686264038 0.01232336163520813 0.0573828125
v -0.006153190135955811 0.013421149253845216 0.057333984375
v -0.0040302231907844545 0.014203741550445556 0.057285156250000004
v -0.0018126067519187927 0.014652762413024902 0.057236328125
v 0.00044757843017578124 0.0147576642036438 0.0571875
v 0.002697252333164215 0.014515985250473023 0.057138671875
v 0.004883581697940826 0.013933398723602296 0.05708984375
v 0.006955220699310303 0.013023589849472047 0.057041015625000004
v 0.008863517642021179 0.011807923316955567 0.0569921875
v 0.010563654899597168 0.010314948558807373 0.056943359375
v 0.012015707492828369 0.008579729199409485 0.05689453125
v 0.013185572624206544 0.006643016338348389 0.056845703125
v 0.014045776128768922 0.004550292491912842 0.056796875000000004
v 0.014576116800308228 0.0023507060110569 0.056748046875
v 0.014764138460159303 9.59134940057993e-05 0.05669921875
v 0.014605426788330078 -0.002161131501197815 0.056650390625
v 0.014103708267211914 -0.004367422759532929 0.0566015625
v 0.013270766735076905 -0.006471145749092102 0.056552734375000004
v 0.012126163244247437 -0.008422894477844238 0.05650390625
v 0.010696778297424317 -0.010176832675933839 0.056455078125
v 0.009016180634498596 -0.011691769361495971 0.05640625
v 0.007123839259147644 -0.01293212652206421 0.056357421875
v 0.0050641953945159916 -0.013868774175643922 0.056308593750000004
v 0.002885619401931763 -0.014479715824127198 0.056259765625
v 0.000639275461435318 -0.014750603437423706 0.0562109375
v -0.001622081995010376 -0.014675074815750122 0.056162109375
v -0.0038453450798988345 -0.014254904985427856 0.05611328125
v -0.005978300571441651 -0.013499959707260131 0.056064453125000004
v -0.007970856428146362 -0.012427970170974731 0.056015625
v -0.009776217937469482 -0.01106411099433899 0.055966796875
v -0.011351985931396484 -0.009440412521362304 0.05591796875
v -0.012661155462265015 -0.007595007419586182 0.055869140625
v -0.013672977685928345 -0.005571234822273254 0.055820312500000004
v -0.014363692998886108 -0.003416622281074524 0.055771484375
v -0.01471707820892334 -0.0011817710101604461 0.05572265625
v -0.014724835157394409 0.0010808340460062027 0.055673828125
v -0.014386781454086305 0.0033180558681488036 0.055625
v -0.013710856437683105 0.00547735333442688 0.055576171875000004
v -0.0127129328250885 0.007508016228675842 0.05552734375
v -0.01141644835472107 0.009362354278564453 0.055478515625
v -0.009851850271224975 0.010996818542480469 0.0554296875
v -0.008055883049964905 0.012373024225234985 0.055380859375
v -0.006070724129676819 0.013458651304244996 0.055332031250000004
v -0.003942994773387909 0.014228203296661378 0.055283203125
v -0.0017226649820804595 0.014663608074188234 0.055234375
v 0.0005381213501095772 0.014754639863967895 0.055185546875
v 0.002786270081996918 0.01449916124343872 0.05513671875
v 0.00496898353099823 0.0139031720161438 0.055087890625000004
v 0.007035000920295715 0.012980668544769288 0.0550390625
v 0.008935802578926087 0.011753314733505249 0.054990234375
v 0.010626747608184814 0.010249936580657959 0.05494140625
v 0.012068126201629639 0.00850584089756012 0.054892578125
v 0.01322608470916748 0.006561985611915589 0.054843750000000004
v 0.014073431491851807 0.00446402370929718 0.054794921875
v 0.01459026575088501 0.002261224389076233 0.05474609375
v 0.01476444959640503 5.320635391399265e-06 0.054697265625
v 0.014591891765594483 -0.0022507080435752867 0.0546484375
v 0.014076645374298096 -0.004453879296779633 0.054599609375000004
v 0.013230811357498169 -0.006552451848983765 0.05455078125
v 0.01207425355911255 -0.008497140407562257 0.054501953125
v 0.010634132623672486 -0.010242274999618531 0.054453125
v 0.008944271206855774 -0.01174687147140503 0.054404296875
v 0.007044354677200318 -0.01297559380531311 0.054355468750000004
v 0.00497900277376175 -0.013899587392807007 0.054306640625
v 0.0027967193722724915 -0.014497148990631105 0.0542578125
v 0.0005487554147839546 -0.014754248857498169 0.054208984375
v -0.0017120960354804994 -0.014664846658706666 0.05416015625
v -0.0039327389001846316 -0.014231041669845582 0.054111328125000004
v -0.006061022281646729 -0.013463022708892823 0.0540625
v -0.008046963214874268 -0.012378827333450318 0.054013671875
v -0.009843922257423402 -0.011003916263580323 0.05396484375
v -0.011409697532653808 -0.009370580315589905 0.053916015625
v -0.012707518339157104 -0.007517176866531372 0.053867187500000004
v -0.013706904649734498 -0.005487233996391296 0.053818359375
v -0.014384386539459228 -0.003328424096107483 0.05376953125
v -0.014724053144454956 -0.001091446503996849 0.053720703125
v -0.014717926979064941 0.0011711635440587998 0.053671875
v -0.014366152286529542 0.0034062689542770385 0.053623046875000004
v -0.013676990270614624 0.005561378598213196 0.05357421875
v -0.0126666259765625 0.007585880160331726 0.053525390625
v -0.011358788013458252 0.009432228207588196 0.0534765625
v -0.009784190058708191 0.011057062149047852 0.053427734375
v -0.007979812026023865 0.012422221899032594 0.053378906250000004
v -0.005988028645515442 0.013495646715164185 0.053330078125
v -0.003855617940425873 0.014252129793167114 0.05328125
v -0.0016326583921909333 0.014673901796340942 0.053232421875
v 0.0006286440044641495 0.01475106120109558 0.05318359375
v 0.0028751826286315917 0.014481792449951172 0.053134765625000004
v 0.005054197907447815 0.01387242078781128 0.0530859375
v 0.007114516496658325 0.012937257289886475 0.053037109375
v 0.00900775134563446 0.011698265075683594 0.05298828125
v 0.01068943977355957 0.010184539556503296 0.052939453125
v 0.012120089530944825 0.008431631922721863 0.052890625000000004
v 0.013266099691390991 0.006480708718299866 0.052841796875
v 0.014100557565689087 0.004377586543560028 0.05279296875
v 0.014603865146636964 0.002171657681465149 0.052744140625
v 0.014764204025268554 -8.5272416472435e-05 0.0526953125
v 0.014577807188034059 -0.002340199947357178 0.052646484375000004
v 0.014049052000045777 -0.004540168046951294 0.05259765625
v 0.013190356492996215 -0.0066335111856460575 0.052548828125
v 0.012021888494491578 -0.008571066856384278 0.0525
v 0.01057108759880066 -0.010307332277297973 0.052451171875
v 0.00887202560901642 -0.011801531314849853 0.052402343750000004
v 0.006964605450630188 -0.01301857352256775 0.052353515625
v 0.004893622696399689 -0.01392987608909607 0.0523046875
v 0.002707713842391968 -0.014514037370681764 0.052255859375
v 0.0004582146927714348 -0.01475733757019043 0.05220703125
v -0.0018020455539226531 -0.014654065370559693 0.052158203125000004
v -0.004019984900951385 -0.014206643104553223 0.052109375
v -0.006143515706062317 -0.013425580263137818 0.052060546875
v -0.008122766613960266 -0.012329219579696656 0.05201171875
v -0.009911255836486816 -0.010943307876586914 0.051962890625
v -0.01146697998046875 -0.009300395250320434 0.051914062500000004
v -0.012753404378890991 -0.007439063787460327 0.051865234375
v -0.01374031662940979 -0.0054030269384384155 0.05181640625
v -0.014404538869857788 -0.0032401004433631896 0.051767578125
v -0.014730472564697266 -0.0010010808706283568 0.05171875
v -0.014710463285446167 0.001261449009180069 0.051669921875000004
v -0.014344980716705322 0.0034943538904190063 0.05162109375
v -0.013642607927322388 0.005645194649696351 0.051572265625
v -0.012619841098785401 0.007663457989692688 0.0515234375
v -0.011300698518753052 0.009501746892929078 0.051474609375
v -0.009716160893440247 0.011116888523101807 0.051425781250000004
v -0.007903439998626709 0.012470951080322265 0.051376953125
v -0.005905108451843262 0.013532135486602783 0.051328125
v -0.003768095970153809 0.014275518655776977 0.051279296875
v -0.0015425902605056762 0.014683643579483032 0.05123046875
v 0.0007191429287195205 0.014746925830841065 0.051181640625000004
v 0.0029639872908592225 0.01446387767791748 0.0511328125
v 0.0051392227411270145 0.013841147422790528 0.051083984375
v 0.007193763852119446 0.012893360853195191 0.05103515625
v 0.009079360961914062 0.0116427743434906 0.050986328125
v 0.01075173020362854 0.01011875867843628 0.050937500000000004
v 0.01217159628868103 0.008357105851173401 0.050888671875
v 0.013305615186691284 0.006399187445640564 0.05083984375
v 0.01412715196609497 0.004290984869003296 0.050791015625
v 0.014616916179656983 0.0020820091664791106 0.0507421875
v 0.014763402938842774 -0.00017586227506399154 0.050693359375000004
v 0.014563173055648804 -0.002429603636264801 0.05064453125
v 0.014020929336547852 -0.004626286029815674 0.050595703125
v 0.013149405717849732 -0.006714320778846741 0.050546875
v 0.011969070434570312 -0.008644670248031616 0.050498046875
v 0.010507643222808838 -0.010372000932693482 0.050449218750000004
v 0.008799445629119874 -0.011855747699737549 0.050400390625
v 0.006884593963623047 -0.013061062097549439 0.0503515625
v 0.004808058440685273 -0.013959640264511108 0.050302734375
v 0.0026186063885688783 -0.014530377388000488 0.05025390625
v 0.00036765675991773606 -0.01475987195968628 0.050205078125000004
v -0.001891927272081375 -0.0146427321434021 0.05015625
v -0.004107079803943634 -0.014181709289550782 0.050107421875
v -0.006225777864456177 -0.013387631177902221 0.05005859375
v -0.008198264241218566 -0.012279146909713745 0.050009765625
v -0.00997821569442749 -0.010882288217544556 0.049960937500000004
v -0.011523830890655519 -0.009229860305786134 0.049912109375
v -0.012798808813095093 -0.00736066997051239 0.04986328125
v -0.013773210048675537 -0.005318616032600403 0.049814453125
v -0.014424148797988891 -0.003151654899120331 0.049765625
v -0.014736337661743164 -0.0009106775373220444 0.049716796875000004
v -0.014702446460723877 0.001351687014102936 0.04966796875
v -0.014323270320892334 0.0035823073983192446 0.049619140625
v -0.013607712984085083 0.005728797316551209 0.0495703125
v -0.01257258176803589 0.007740747928619385 0.049521484375
v -0.01124218463897705 0.009570907950401306 0.049472656250000004
v -0.009647765755653381 0.01117629647254944 0.049423828125
v -0.007826771140098571 0.012519210577011108 0.049375
v -0.00582196593284607 0.01356811285018921 0.049326171875
v -0.003680432140827179 0.014298371076583863 0.04927734375
v -0.0014524640142917634 0.014692832231521607 0.049228515625000004
v 0.0008096148818731308 0.014742234945297241 0.0491796875
v 0.003052680194377899 0.014445419311523438 0.049130859375
v 0.005224053263664246 0.013809353113174438 0.04908203125
v 0.007272740602493286 0.01284897804260254 0.049033203125
v 0.009150629043579103 0.01158684492111206 0.048984375000000004
v 0.010813615322113038 0.010052597522735596 0.048935546875
v 0.01222264528274536 0.008282265067100525 0.04888671875
v 0.013344628810882568 0.0063174253702163695 0.048837890625
v 0.014153215885162353 0.004204221367835999 0.0487890625
v 0.014629415273666383 0.0019922822713851927 0.048740234375000004
v 0.014762045145034791 -0.00026644548401236537 0.04869140625
v 0.014547991752624513 -0.0025189158320426943 0.048642578125
v 0.013992278575897217 -0.004712229669094086 0.04859375
v 0.013107960224151612 -0.006794877648353577 0.048544921875
v 0.011915802955627441 -0.00871794879436493 0.048496093750000004
v 0.010443804264068603 -0.010436279773712158 0.048447265625
v 0.008726534247398377 -0.011909515857696534 0.0483984375
v 0.006804323196411133 -0.01310305953025818 0.048349609375
v 0.004722313284873963 -0.013988878726959229 0.04830078125
v 0.002529400289058685 -0.014546171426773072 0.048251953125000004
v 0.00027708496898412707 -0.014761849641799926 0.048203125
v -0.0019817377626895906 -0.014630846977233887 0.048154296875
v -0.004194019734859467 -0.014156241416931153 0.04810546875
v -0.006307805776596069 -0.013349179029464722 0.048056640625
v -0.008273453712463378 -0.012228611707687378 0.048007812500000004
v -0.010044800043106079 -0.010820858478546143 0.047958984375
v -0.011580246686935426 -0.009158977270126344 0.04791015625
v -0.012843732833862306 -0.007281999588012696 0.047861328125
v -0.013805584907531738 -0.005234004855155945 0.0478125
v -0.014443215131759644 -0.003063090741634369 0.047763671875000004
v -0.014741648435592652 -0.000820239931344986 0.04771484375
v -0.014693875312805176 0.0014418740570545196 0.047666015625
v -0.014301019906997682 0.0036701259016990663 0.0476171875
v -0.01357230544090271 0.005812185406684876 0.047568359375
v -0.012524847984313966 0.007817745804786683 0.047519531250000004
v -0.011183246374130248 0.009639708399772644 0.047470703125
v -0.009579007625579835 0.011235283613204956 0.047421875
v -0.0077498072385787965 0.012566999197006226 0.047373046875
v -0.005738603472709656 0.013603581190109253 0.04732421875
v -0.003592629730701447 0.014320684671401978 0.047275390625000004
v -0.0013622832298278808 0.014701467752456666 0.0472265625
v 0.0009000562876462937 0.014736989736557007 0.047177734375
v 0.0031412580609321596 0.014426416158676148 0.04712890625
v 0.005308687686920166 0.013777039051055909 0.047080078125
v 0.007351443767547608 0.012804111242294311 0.047031250000000004
v 0.009221552014350891 0.011530479192733764 0.046982421875
v 0.010875093936920167 0.009986056685447693 0.04693359375
v 0.012273235321044922 0.008207112550735474 0.046884765625
v 0.013383140563964844 0.006235424876213074 0.0468359375
v 0.014178745746612549 0.0041172999143600465 0.046787109375000004
v 0.014641364812850952 0.0019024802744388582 0.04673828125
v 0.014760133028030396 -0.0003570186719298363 0.046689453125
v 0.014532262086868286 -0.0026081332564353945 0.046640625
v 0.013963102102279664 -0.004797995984554291 0.046591796875
v 0.01306602120399475 -0.006875178813934326 0.046542968750000004
v 0.011862086057662964 -0.008790898323059083 0.046494140625
v 0.010379571914672852 -0.010500165224075318 0.0464453125
v 0.008653295040130616 -0.011962836980819702 0.046396484375
v 0.006723796129226685 -0.013144563436508178 0.04634765625
v 0.004636390209197998 -0.01401759147644043 0.046298828125000004
v 0.0024400991201400757 -0.014561418294906616 0.04625
v 0.00018650272861123085 -0.014763271808624268 0.046201171875
v -0.0020714735984802245 -0.014618412256240845 0.04615234375
v -0.004280801713466644 -0.014130241870880127 0.046103515625
v -0.006389595866203308 -0.013310223817825317 0.046054687500000004
v -0.008348330855369568 -0.012177616357803345 0.046005859375
v -0.010111006498336792 -0.010759021043777467 0.04595703125
v -0.011636227369308472 -0.009087749719619752 0.045908203125
v -0.012888171672821046 -0.007203055024147034 0.045859375
v -0.013837440013885498 -0.005149196982383728 0.045810546875000004
v -0.014461737871170045 -0.0029744109511375427 0.04576171875
v -0.014746403694152832 -0.0007297714054584504 0.045712890625
v -0.014684752225875855 0.001532006859779358 0.0456640625
v -0.014278230667114257 0.003757806122303009 0.045615234375
v -0.01353638768196106 0.005895353555679321 0.045566406250000004
v -0.012476644515991212 0.007894449830055238 0.045517578125
v -0.011123888492584229 0.0097081458568573 0.04546875
v -0.009509888887405395 0.011293847560882569 0.045419921875
v -0.007672551870346069 0.012614314556121827 0.04537109375
v -0.005655025839805603 0.013638535737991333 0.045322265625000004
v -0.003504692018032074 0.014342458248138429 0.0452734375
v -0.0012720510363578798 0.014709550142288209 0.045224609375
v 0.0009904637932777404 0.014731190204620362 0.04517578125
v 0.0032297176122665404 0.014406870603561401 0.045126953125
v 0.005393122434616089 0.013744206428527833 0.045078125000000004
v 0.007429869771003723 0.0127587628364563 0.045029296875
v 0.009292128086090088 0.0114736807346344 0.04498046875
v 0.010936162471771241 0.009919140338897705 0.044931640625
v 0.01232336163520813 0.008131650686264038 0.0448828125
v 0.013421149253845216 0.006153190135955811 0.044833984375000004
v 0.014203741550445556 0.0040302231907844545 0.04478515625
v 0.014652762413024902 0.0018126067519187927 0.044736328125
v 0.0147576642036438 -0.00044757843017578124 0.0446875
v 0.014515985250473023 -0.002697252333164215 0.044638671875
v 0.013933398723602296 -0.004883581697940826 0.044589843750000004
v 0.013023589849472047 -0.006955220699310303 0.044541015625
v 0.011807923316955567 -0.008863517642021179 0.0444921875
v 0.010314948558807373 -0.010563654899597168 0.044443359375
v 0.008579729199409485 -0.012015707492828369 0.04439453125
v 0.006643016338348389 -0.013185572624206544 0.044345703125000004
v 0.004550292491912842 -0.014045776128768922 0.044296875
v 0.0023507060110569 -0.014576116800308228 0.044248046875
v 9.59134940057993e-05 -0.014764138460159303 0.04419921875
v -0.002161131501197815 -0.014605426788330078 0.044150390625
v -0.004367422759532929 -0.014103708267211914 0.044101562500000004
v -0.006471145749092102 -0.013270766735076905 0.044052734375
v -0.008422894477844238 -0.012126163244247437 0.04400390625
v -0.010176832675933839 -0.010696778297424317 0.043955078125
v -0.011691769361495971 -0.009016180634498596 0.04390625
v -0.01293212652206421 -0.007123839259147644 0.043857421875000004
v -0.013868774175643922 -0.0050641953945159916 0.04380859375
v -0.014479715824127198 -0.002885619401931763 0.043759765625
v -0.014750603437423706 -0.000639275461435318 0.0437109375
v -0.014675074815750122 0.001622081995010376 0.043662109375
v -0.014254904985427856 0.0038453450798988345 0.043613281250000004
v -0.013499959707260131 0.005978300571441651 0.043564453125
v -0.012427970170974731 0.007970856428146362 0.043515625
v -0.01106411099433899 0.009776217937469482 0.043466796875
v -0.009440412521362304 0.011351985931396484 0.04341796875
v -0.007595007419586182 0.012661155462265015 0.043369140625000004
v -0.005571234822273254 0.013672977685928345 0.0433203125
v -0.003416622281074524 0.014363692998886108 0.043271484375
v -0.0011817710101604461 0.01471707820892334 0.04322265625
v 0.0010808340460062027 0.014724835157394409 0.043173828125
v 0.0033180558681488036 0.014386781454086305 0.043125000000000004
v 0.00547735333442688 0.013710856437683105 0.043076171875
v 0.007508016228675842 0.0127129328250885 0.04302734375
v 0.009362354278564453 0.01141644835472107 0.042978515625
v 0.010996818542480469 0.009851850271224975 0.0429296875
v 0.012373024225234985 0.008055883049964905 0.042880859375000004
v 0.013458651304244996 0.006070724129676819 0.04283203125
v 0.014228203296661378 0.003942994773387909 0.042783203125
v 0.014663608074188234 0.0017226649820804595 0.042734375
v 0.014754639863967895 -0.0005381213501095772 0.042685546875
v 0.01449916124343872 -0.002786270081996918 0.042636718750000004
v 0.0139031720161438 -0.00496898353099823 0.042587890625
v 0.012980668544769288 -0.007035000920295715 0.0425390625
v 0.011753314733505249 -0.008935802578926087 0.042490234375
v 0.010249936580657959 -0.010626747608184814 0.04244140625
v 0.00850584089756012 -0.012068126201629639 0.042392578125000004
v 0.006561985611915589 -0.01322608470916748 0.04234375
v 0.00446402370929718 -0.014073431491851807 0.042294921875
v 0.002261224389076233 -0.01459026575088501 0.04224609375
v 5.320635391399265e-06 -0.01476444959640503 0.042197265625
v -0.0022507080435752867 -0.014591891765594483 0.042148437500000004
v -0.004453879296779633 -0.014076645374298096 0.042099609375
v -0.006552451848983765 -0.013230811357498169 0.04205078125
v -0.008497140407562257 -0.01207425355911255 0.042001953125
v -0.010242274999618531 -0.010634132623672486 0.041953125
v -0.01174687147140503 -0.008944271206855774 0.041904296875000004
v -0.01297559380531311 -0.007044354677200318 0.04185546875
v -0.013899587392807007 -0.00497900277376175 0.041806640625
v -0.014497148990631105 -0.0027967193722724915 0.0417578125
v -0.014754248857498169 -0.0005487554147839546 0.041708984375
v -0.014664846658706666 0.0017120960354804994 0.041660156250000004
v -0.014231041669845582 0.0039327389001846316 0.041611328125
v -0.013463022708892823 0.006061022281646729 0.0415625
v -0.012378827333450318 0.008046963214874268 0.041513671875
v -0.011003916263580323 0.009843922257423402 0.04146484375
v -0.009370580315589905 0.011409697532653808 0.041416015625000004
v -0.007517176866531372 0.012707518339157104 0.0413671875
v -0.005487233996391296 0.013706904649734498 0.041318359375
v -0.003328424096107483 0.014384386539459228 0.04126953125
v -0.001091446503996849 0.014724053144454956 0.041220703125
v 0.0011711635440587998 0.014717926979064941 0.041171875000000004
v 0.0034062689542770385 0.014366152286529542 0.041123046875
v 0.005561378598213196 0.013676990270614624 0.04107421875
v 0.007585880160331726 0.0126666259765625 0.041025390625
v 0.009432228207588196 0.011358788013458252 0.0409765625
v 0.011057062149047852 0.009784190058708191 0.040927734375000004
v 0.012422221899032594 0.007979812026023865 0.04087890625
v 0.013495646715164185 0.005988028645515442 0.040830078125
v 0.014252129793167114 0.003855617940425873 0.04078125
v 0.014673901796340942 0.0016326583921909333 0.040732421875
v 0.01475106120109558 -0.0006286440044641495 0.040683593750000004
v 0.014481792449951172 -0.0028751826286315917 0.040634765625
v 0.01387242078781128 -0.005054197907447815 0.0405859375
v 0.012937257289886475 -0.007114516496658325 0.040537109375
v 0.011698265075683594 -0.00900775134563446 0.04048828125
v 0.010184539556503296 -0.01068943977355957 0.040439453125000004
v 0.008431631922721863 -0.012120089530944825 0.040390625
v 0.006480708718299866 -0.013266099691390991 0.040341796875
v 0.004377586543560028 -0.014100557565689087 0.04029296875
v 0.002171657681465149 -0.014603865146636964 0.040244140625
v -8.5272416472435e-05 -0.014764204025268554 0.040195312500000004
v -0.002340199947357178 -0.014577807188034059 0.040146484375
v -0.004540168046951294 -0.014049052000045777 0.04009765625
v -0.0066335111856460575 -0.013190356492996215 0.040048828125
v -0.008571066856384278 -0.012021888494491578 0.04
v -0.010307332277297973 -0.01057108759880066 0.039951171875000004
v -0.011801531314849853 -0.00887202560901642 0.03990234375
v -0.01301857352256775 -0.006964605450630188 0.039853515625
v -0.01392987608909607 -0.004893622696399689 0.0398046875
v -0.014514037370681764 -0.002707713842391968 0.039755859375
v -0.01475733757019043 -0.0004582146927714348 0.039707031250000004
v -0.014654065370559693 0.0018020455539226531 0.039658203125
v -0.014206643104553223 0.004019984900951385 0.039609375
v -0.013425580263137818 0.006143515706062317 0.039560546875
v -0.012329219579696656 0.008122766613960266 0.03951171875
v -0.010943307876586914 0.009911255836486816 0.039462890625000004
v -0.009300395250320434 0.01146697998046875 0.0394140625
v -0.007439063787460327 0.012753404378890991 0.039365234375
v -0.0054030269384384155 0.01374031662940979 0.03931640625
v -0.0032401004433631896 0.014404538869857788 0.039267578125
v -0.0010010808706283568 0.014730472564697266 0.039218750000000004
v 0.001261449009180069 0.014710463285446167 0.039169921875
v 0.0034943538904190063 0.014344980716705322 0.03912109375
v 0.005645194649696351 0.013642607927322388 0.039072265625
v 0.007663457989692688 0.012619841098785401 0.0390234375
v 0.009501746892929078 0.011300698518753052 0.038974609375000004
v 0.011116888523101807 0.009716160893440247 0.03892578125
v 0.012470951080322265 0.007903439998626709 0.038876953125
v 0.013532135486602783 0.005905108451843262 0.038828125
v 0.014275518655776977 0.003768095970153809 0.038779296875
v 0.014683643579483032 0.0015425902605056762 0.038730468750000004
v 0.014746925830841065 -0.0007191429287195205 0.038681640625
v 0.01446387767791748 -0.0029639872908592225 0.0386328125
v 0.013841147422790528 -0.0051392227411270145 0.038583984375
v 0.012893360853195191 -0.007193763852119446 0.03853515625
v 0.0116427743434906 -0.009079360961914062 0.038486328125000004
v 0.01011875867843628 -0.01075173020362854 0.0384375
v 0.008357105851173401 -0.01217159628868103 0.038388671875
v 0.006399187445640564 -0.013305615186691284 0.03833984375
v 0.004290984869003296 -0.01412715196609497 0.038291015625
v 0.0020820091664791106 -0.014616916179656983 0.038242187500000004
v -0.00017586227506399154 -0.014763402938842774 0.038193359375
v -0.002429603636264801 -0.014563173055648804 0.03814453125
v -0.004626286029815674 -0.014020929336547852 0.038095703125
v -0.006714320778846741 -0.013149405717849732 0.038046875
v -0.008644670248031616 -0.011969070434570312 0.037998046875000004
v -0.010372000932693482 -0.010507643222808838 0.03794921875
v -0.011855747699737549 -0.008799445629119874 0.037900390625
v -0.013061062097549439 -0.006884593963623047 0.0378515625
v -0.013959640264511108 -0.004808058440685273 0.037802734375
v -0.014530377388000488 -0.0026186063885688783 0.037753906250000004
v -0.01475987195968628 -0.00036765675991773606 0.037705078125
v -0.0146427321434021 0.001891927272081375 0.03765625
v -0.014181709289550782 0.004107079803943634 0.037607421875
v -0.013387631177902221 0.006225777864456177 0.03755859375
v -0.012279146909713745 0.008198264241218566 0.037509765625000004
v -0.010882288217544556 0.00997821569442749 0.0374609375
v -0.009229860305786134 0.011523830890655519 0.037412109375
v -0.00736066997051239 0.012798808813095093 0.03736328125
v -0.005318616032600403 0.013773210048675537 0.037314453125
v -0.003151654899120331 0.014424148797988891 0.037265625000000004
v -0.0009106775373220444 0.014736337661743164 0.037216796875
v 0.001351687014102936 0.014702446460723877 0.03716796875
v 0.0035823073983192446 0.014323270320892334 0.037119140625
v 0.005728797316551209 0.013607712984085083 0.0370703125
v 0.007740747928619385 0.01257258176803589 0.037021484375000004
v 0.009570907950401306 0.01124218463897705 0.03697265625
v 0.01117629647254944 0.009647765755653381 0.036923828125
v 0.012519210577011108 0.007826771140098571 0.036875
v 0.01356811285018921 0.00582196593284607 0.036826171875
v 0.014298371076583863 0.003680432140827179 0.036777343750000004
v 0.014692832231521607 0.0014524640142917634 0.036728515625
v 0.014742234945297241 -0.0008096148818731308 0.0366796875
v 0.014445419311523438 -0.003052680194377899 0.036630859375
v 0.013809353113174438 -0.005224053263664246 0.03658203125
v 0.01284897804260254 -0.007272740602493286 0.036533203125000004
v 0.01158684492111206 -0.009150629043579103 0.036484375
v 0.010052597522735596 -0.010813615322113038 0.036435546875
v 0.008282265067100525 -0.01222264528274536 0.03638671875
v 0.0063174253702163695 -0.013344628810882568 0.036337890625
v 0.004204221367835999 -0.014153215885162353 0.036289062500000004
v 0.0019922822713851927 -0.014629415273666383 0.036240234375
v -0.00026644548401236537 -0.014762045145034791 0.03619140625
v -0.0025189158320426943 -0.014547991752624513 0.036142578125
v -0.004712229669094086 -0.013992278575897217 0.03609375
v -0.006794877648353577 -0.013107960224151612 0.036044921875000004
v -0.00871794879436493 -0.011915802955627441 0.03599609375
v -0.010436279773712158 -0.010443804264068603 0.035947265625
v -0.011909515857696534 -0.008726534247398377 0.0358984375
v -0.01310305953025818 -0.006804323196411133 0.035849609375
v -0.013988878726959229 -0.004722313284873963 0.035800781250000004
v -0.014546171426773072 -0.002529400289058685 0.035751953125
v -0.014761849641799926 -0.00027708496898412707 0.035703125
v -0.014630846977233887 0.0019817377626895906 0.035654296875
v -0.014156241416931153 0.004194019734859467 0.03560546875
v -0.013349179029464722 0.006307805776596069 0.035556640625000004
v -0.012228611707687378 0.008273453712463378 0.0355078125
v -0.010820858478546143 0.010044800043106079 0.035458984375
v -0.009158977270126344 0.011580246686935426 0.03541015625
v -0.007281999588012696 0.012843732833862306 0.035361328125
v -0.005234004855155945 0.013805584907531738 0.035312500000000004
v -0.003063090741634369 0.014443215131759644 0.035263671875
v -0.000820239931344986 0.014741648435592652 0.03521484375
v 0.0014418740570545196 0.014693875312805176 0.035166015625
v 0.0036701259016990663 0.014301019906997682 0.0351171875
v 0.005812185406684876 0.01357230544090271 0.035068359375000004
v 0.007817745804786683 0.012524847984313966 0.03501953125
v 0.009639708399772644 0.011183246374130248 0.034970703125
v 0.011235283613204956 0.009579007625579835 0.034921875
v 0.012566999197006226 0.0077498072385787965 0.034873046875
v 0.013603581190109253 0.005738603472709656 0.034824218750000004
v 0.014320684671401978 0.003592629730701447 0.034775390625
v 0.014701467752456666 0.0013622832298278808 0.0347265625
v 0.014736989736557007 -0.0009000562876462937 0.034677734375
v 0.014426416158676148 -0.0031412580609321596 0.03462890625
v 0.013777039051055909 -0.005308687686920166 0.034580078125000004
v 0.012804111242294311 -0.007351443767547608 0.03453125
v 0.011530479192733764 -0.009221552014350891 0.034482421875
v 0.009986056685447693 -0.010875093936920167 0.03443359375
v 0.008207112550735474 -0.012273235321044922 0.034384765625
v 0.006235424876213074 -0.013383140563964844 0.034335937500000004
v 0.0041172999143600465 -0.014178745746612549 0.034287109375
v 0.0019024802744388582 -0.014641364812850952 0.03423828125
v -0.0003570186719298363 -0.014760133028030396 0.034189453125
v -0.0026081332564353945 -0.014532262086868286 0.034140625
v -0.004797995984554291 -0.013963102102279664 0.034091796875000004
v -0.006875178813934326 -0.01306602120399475 0.03404296875
v -0.008790898323059083 -0.011862086057662964 0.033994140625
v -0.010500165224075318 -0.010379571914672852 0.0339453125
v -0.011962836980819702 -0.008653295040130616 0.033896484375
v -0.013144563436508178 -0.006723796129226685 0.033847656250000004
v -0.01401759147644043 -0.004636390209197998 0.033798828125
v -0.014561418294906616 -0.0024400991201400757 0.03375
v -0.014763271808624268 -0.00018650272861123085 0.033701171875
v -0.014618412256240845 0.0020714735984802245 0.03365234375
v -0.014130241870880127 0.004280801713466644 0.033603515625000004
v -0.013310223817825317 0.006389595866203308 0.0335546875
v -0.012177616357803345 0.008348330855369568 0.033505859375
v -0.010759021043777467 0.010111006498336792 0.03345703125
v -0.009087749719619752 0.011636227369308472 0.033408203125
v -0.007203055024147034 0.012888171672821046 0.033359375000000004
v -0.005149196982383728 0.013837440013885498 0.033310546875
v -0.0029744109511375427 0.014461737871170045 0.03326171875
v -0.0007297714054584504 0.014746403694152832 0.033212890625
v 0.001532006859779358 0.014684752225875855 0.0331640625
v 0.003757806122303009 0.014278230667114257 0.033115234375000004
v 0.005895353555679321 0.01353638768196106 0.03306640625
v 0.007894449830055238 0.012476644515991212 0.033017578125
v 0.0097081458568573 0.011123888492584229 0.03296875
v 0.011293847560882569 0.009509888887405395 0.032919921875
v 0.012614314556121827 0.007672551870346069 0.032871093750000004
v 0.013638535737991333 0.005655025839805603 0.032822265625
v 0.014342458248138429 0.003504692018032074 0.0327734375
v 0.014709550142288209 0.0012720510363578798 0.032724609375
v 0.014731190204620362 -0.0009904637932777404 0.03267578125
v 0.014406870603561401 -0.0032297176122665404 0.032626953125000004
v 0.013744206428527833 -0.005393122434616089 0.032578125
v 0.0127587628364563 -0.007429869771003723 0.032529296875
v 0.0114736807346344 -0.009292128086090088 0.03248046875
v 0.009919140338897705 -0.010936162471771241 0.032431640625
v 0.008131650686264038 -0.01232336163520813 0.032382812500000004
v 0.006153190135955811 -0.013421149253845216 0.032333984375
v 0.0040302231907844545 -0.014203741550445556 0.03228515625
v 0.0018126067519187927 -0.014652762413024902 0.032236328125
v -0.00044757843017578124 -0.0147576642036438 0.0321875
v -0.002697252333164215 -0.014515985250473023 0.032138671875000004
v -0.004883581697940826 -0.013933398723602296 0.03208984375
v -0.006955220699310303 -0.013023589849472047 0.032041015625
v -0.008863517642021179 -0.011807923316955567 0.0319921875
v -0.010563654899597168 -0.010314948558807373 0.031943359375
v -0.012015707492828369 -0.008579729199409485 0.031894531250000004
v -0.013185572624206544 -0.006643016338348389 0.031845703125
v -0.014045776128768922 -0.004550292491912842 0.031796875
v -0.014576116800308228 -0.0023507060110569 0.031748046875
v -0.014764138460159303 -9.59134940057993e-05 0.03169921875
v -0.014605426788330078 0.002161131501197815 0.031650390625000004
v -0.014103708267211914 0.004367422759532929 0.0316015625
v -0.013270766735076905 0.006471145749092102 0.031552734375
v -0.012126163244247437 0.008422894477844238 0.03150390625
v -0.010696778297424317 0.010176832675933839 0.031455078125
v -0.009016180634498596 0.011691769361495971 0.031406250000000004
v -0.007123839259147644 0.01293212652206421 0.031357421875
v -0.0050641953945159916 0.013868774175643922 0.03130859375
v -0.002885619401931763 0.014479715824127198 0.031259765625
v -0.000639275461435318 0.014750603437423706 0.0312109375
v 0.001622081995010376 0.014675074815750122 0.031162109375
v 0.0038453450798988345 0.014254904985427856 0.03111328125
v 0.005978300571441651 0.013499959707260131 0.031064453125000002
v 0.007970856428146362 0.012427970170974731 0.031015625
v 0.009776217937469482 0.01106411099433899 0.030966796875
v 0.011351985931396484 0.009440412521362304 0.03091796875
v 0.012661155462265015 0.007595007419586182 0.030869140625
v 0.013672977685928345 0.005571234822273254 0.030820312500000002
v 0.014363692998886108 0.003416622281074524 0.030771484375
v 0.01471707820892334 0.0011817710101604461 0.03072265625
v 0.014724835157394409 -0.0010808340460062027 0.030673828125
v 0.014386781454086305 -0.0033180558681488036 0.030625
v 0.013710856437683105 -0.00547735333442688 0.030576171875000002
v 0.0127129328250885 -0.007508016228675842 0.03052734375
v 0.01141644835472107 -0.009362354278564453 0.030478515625
v 0.009851850271224975 -0.010996818542480469 0.0304296875
v 0.008055883049964905 -0.012373024225234985 0.030380859375
v 0.006070724129676819 -0.013458651304244996 0.030332031250000002
v 0.003942994773387909 -0.014228203296661378 0.030283203125
v 0.0017226649820804595 -0.014663608074188234 0.030234375
v -0.0005381213501095772 -0.014754639863967895 0.030185546875
v -0.002786270081996918 -0.01449916124343872 0.03013671875
v -0.00496898353099823 -0.0139031720161438 0.030087890625000002
v -0.007035000920295715 -0.012980668544769288 0.0300390625
v -0.008935802578926087 -0.011753314733505249 0.029990234375
v -0.010626747608184814 -0.010249936580657959 0.02994140625
v -0.012068126201629639 -0.00850584089756012 0.029892578125
v -0.01322608470916748 -0.006561985611915589 0.029843750000000002
v -0.014073431491851807 -0.00446402370929718 0.029794921875
v -0.01459026575088501 -0.002261224389076233 0.02974609375
v -0.01476444959640503 -5.320635391399265e-06 0.029697265625
v -0.014591891765594483 0.0022507080435752867 0.0296484375
v -0.014076645374298096 0.004453879296779633 0.029599609375000002
v -0.013230811357498169 0.006552451848983765 0.02955078125
v -0.01207425355911255 0.008497140407562257 0.029501953125
v -0.010634132623672486 0.010242274999618531 0.029453125
v -0.008944271206855774 0.01174687147140503 0.029404296875
v -0.007044354677200318 0.01297559380531311 0.029355468750000002
v -0.00497900277376175 0.013899587392807007 0.029306640625
v -0.0027967193722724915 0.014497148990631105 0.0292578125
v -0.0005487554147839546 0.014754248857498169 0.029208984375
v 0.0017120960354804994 0.014664846658706666 0.02916015625
v 0.0039327389001846316 0.014231041669845582 0.029111328125000002
v 0.006061022281646729 0.013463022708892823 0.0290625
v 0.008046963214874268 0.012378827333450318 0.029013671875
v 0.009843922257423402 0.011003916263580323 0.02896484375
v 0.011409697532653808 0.009370580315589905 0.028916015625
v 0.012707518339157104 0.007517176866531372 0.028867187500000002
v 0.013706904649734498 0.005487233996391296 0.028818359375
v 0.014384386539459228 0.003328424096107483 0.02876953125
v 0.014724053144454956 0.001091446503996849 0.028720703125
v 0.014717926979064941 -0.0011711635440587998 0.028671875
v 0.014366152286529542 -0.0034062689542770385 0.028623046875000002
v 0.013676990270614624 -0.005561378598213196 0.02857421875
v 0.0126666259765625 -0.007585880160331726 0.028525390625
v 0.011358788013458252 -0.009432228207588196 0.0284765625
v 0.009784190058708191 -0.011057062149047852 0.028427734375
v 0.007979812026023865 -0.012422221899032594 0.028378906250000002
v 0.005988028645515442 -0.013495646715164185 0.028330078125
v 0.003855617940425873 -0.014252129793167114 0.02828125
v 0.0016326583921909333 -0.014673901796340942 0.028232421875
v -0.0006286440044641495 -0.01475106120109558 0.02818359375
v -0.0028751826286315917 -0.014481792449951172 0.028134765625000002
v -0.005054197907447815 -0.01387242078781128 0.0280859375
v -0.007114516496658325 -0.012937257289886475 0.028037109375
v -0.00900775134563446 -0.011698265075683594 0.02798828125
v -0.01068943977355957 -0.010184539556503296 0.027939453125
v -0.012120089530944825 -0.008431631922721863 0.027890625000000002
v -0.013266099691390991 -0.006480708718299866 0.027841796875
v -0.014100557565689087 -0.004377586543560028 0.02779296875
v -0.014603865146636964 -0.002171657681465149 0.027744140625
v -0.014764204025268554 8.5272416472435e-05 0.0276953125
v -0.014577807188034059 0.002340199947357178 0.027646484375000002
v -0.014049052000045777 0.004540168046951294 0.02759765625
v -0.013190356492996215 0.0066335111856460575 0.027548828125
v -0.012021888494491578 0.008571066856384278 0.0275
v -0.01057108759880066 0.010307332277297973 0.027451171875
v -0.00887202560901642 0.011801531314849853 0.027402343750000002
v -0.006964605450630188 0.01301857352256775 0.027353515625
v -0.004893622696399689 0.01392987608909607 0.0273046875
v -0.002707713842391968 0.014514037370681764 0.027255859375
v -0.0004582146927714348 0.01475733757019043 0.02720703125
v 0.0018020455539226531 0.014654065370559693 0.027158203125000002
v 0.004019984900951385 0.014206643104553223 0.027109375
v 0.006143515706062317 0.013425580263137818 0.027060546875
v 0.008122766613960266 0.012329219579696656 0.02701171875
v 0.009911255836486816 0.010943307876586914 0.026962890625
v 0.01146697998046875 0.009300395250320434 0.026914062500000002
v 0.012753404378890991 0.007439063787460327 0.026865234375
v 0.01374031662940979 0.0054030269384384155 0.02681640625
v 0.014404538869857788 0.0032401004433631896 0.026767578125
v 0.014730472564697266 0.0010010808706283568 0.02671875
v 0.014710463285446167 -0.001261449009180069 0.026669921875000002
v 0.014344980716705322 -0.0034943538904190063 0.02662109375
v 0.013642607927322388 -0.005645194649696351 0.026572265625
v 0.012619841098785401 -0.007663457989692688 0.0265234375
v 0.011300698518753052 -0.009501746892929078 0.026474609375
v 0.009716160893440247 -0.011116888523101807 0.026425781250000002
v 0.007903439998626709 -0.012470951080322265 0.026376953125
v 0.005905108451843262 -0.013532135486602783 0.026328125
v 0.003768095970153809 -0.014275518655776977 0.026279296875
v 0.0015425902605056762 -0.014683643579483032 0.02623046875
v -0.0007191429287195205 -0.014746925830841065 0.026181640625000002
v -0.0029639872908592225 -0.01446387767791748 0.0261328125
v -0.0051392227411270145 -0.013841147422790528 0.026083984375
v -0.007193763852119446 -0.012893360853195191 0.02603515625
v -0.009079360961914062 -0.0116427743434906 0.025986328125
v -0.01075173020362854 -0.01011875867843628 0.025937500000000002
v -0.01217159628868103 -0.008357105851173401 0.025888671875
v -0.013305615186691284 -0.006399187445640564 0.02583984375
v -0.01412715196609497 -0.004290984869003296 0.025791015625
v -0.014616916179656983 -0.0020820091664791106 0.0257421875
v -0.014763402938842774 0.00017586227506399154 0.025693359375000002
v -0.014563173055648804 0.002429603636264801 0.02564453125
v -0.014020929336547852 0.004626286029815674 0.025595703125
v -0.013149405717849732 0.006714320778846741 0.025546875
v -0.011969070434570312 0.008644670248031616 0.025498046875
v -0.010507643222808838 0.010372000932693482 0.025449218750000002
v -0.008799445629119874 0.011855747699737549 0.025400390625
v -0.006884593963623047 0.013061062097549439 0.0253515625
v -0.004808058440685273 0.013959640264511108 0.025302734375
v -0.0026186063885688783 0.014530377388000488 0.02525390625
v -0.00036765675991773606 0.01475987195968628 0.025205078125000002
v 0.001891927272081375 0.0146427321434021 0.02515625
v 0.004107079803943634 0.014181709289550782 0.025107421875
v 0.006225777864456177 0.013387631177902221 0.02505859375
v 0.008198264241218566 0.012279146909713745 0.025009765625
v 0.00997821569442749 0.010882288217544556 0.024960937500000002
v 0.011523830890655519 0.009229860305786134 0.024912109375
v 0.012798808813095093 0.00736066997051239 0.02486328125
v 0.013773210048675537 0.005318616032600403 0.024814453125
v 0.014424148797988891 0.003151654899120331 0.024765625
v 0.014736337661743164 0.0009106775373220444 0.024716796875000002
v 0.014702446460723877 -0.001351687014102936 0.02466796875
v 0.014323270320892334 -0.0035823073983192446 0.024619140625
v 0.013607712984085083 -0.005728797316551209 0.0245703125
v 0.01257258176803589 -0.007740747928619385 0.024521484375
v 0.01124218463897705 -0.009570907950401306 0.024472656250000002
v 0.009647765755653381 -0.01117629647254944 0.024423828125
v 0.007826771140098571 -0.012519210577011108 0.024375
v 0.00582196593284607 -0.01356811285018921 0.024326171875
v 0.003680432140827179 -0.014298371076583863 0.02427734375
v 0.0014524640142917634 -0.014692832231521607 0.024228515625000002
v -0.0008096148818731308 -0.014742234945297241 0.0241796875
v -0.003052680194377899 -0.014445419311523438 0.024130859375
v -0.005224053263664246 -0.013809353113174438 0.02408203125
v -0.007272740602493286 -0.01284897804260254 0.024033203125
v -0.009150629043579103 -0.01158684492111206 0.023984375000000002
v -0.010813615322113038 -0.010052597522735596 0.023935546875
v -0.01222264528274536 -0.008282265067100525 0.02388671875
v -0.013344628810882568 -0.0063174253702163695 0.023837890625
v -0.014153215885162353 -0.004204221367835999 0.0237890625
v -0.014629415273666383 -0.0019922822713851927 0.023740234375000002
v -0.014762045145034791 0.00026644548401236537 0.02369140625
v -0.014547991752624513 0.0025189158320426943 0.023642578125
v -0.013992278575897217 0.004712229669094086 0.02359375
v -0.013107960224151612 0.006794877648353577 0.023544921875
v -0.011915802955627441 0.00871794879436493 0.023496093750000002
v -0.010443804264068603 0.010436279773712158 0.023447265625
v -0.008726534247398377 0.011909515857696534 0.0233984375
v -0.006804323196411133 0.01310305953025818 0.023349609375
v -0.004722313284873963 0.013988878726959229 0.02330078125
v -0.002529400289058685 0.014546171426773072 0.023251953125
v -0.00027708496898412707 0.014761849641799926 0.023203125
v 0.0019817377626895906 0.014630846977233887 0.023154296875
v 0.004194019734859467 0.014156241416931153 0.02310546875
v 0.006307805776596069 0.013349179029464722 0.023056640625
v 0.008273453712463378 0.012228611707687378 0.0230078125
v 0.010044800043106079 0.010820858478546143 0.022958984375
v 0.011580246686935426 0.009158977270126344 0.02291015625
v 0.012843732833862306 0.007281999588012696 0.022861328125
v 0.013805584907531738 0.005234004855155945 0.0228125
v 0.014443215131759644 0.003063090741634369 0.022763671875
v 0.014741648435592652 0.000820239931344986 0.02271484375
v 0.014693875312805176 -0.0014418740570545196 0.022666015625
v 0.014301019906997682 -0.0036701259016990663 0.0226171875
v 0.01357230544090271 -0.005812185406684876 0.022568359375
v 0.012524847984313966 -0.007817745804786683 0.02251953125
v 0.011183246374130248 -0.009639708399772644 0.022470703125
v 0.009579007625579835 -0.011235283613204956 0.022421875
v 0.0077498072385787965 -0.012566999197006226 0.022373046875
v 0.005738603472709656 -0.013603581190109253 0.02232421875
v 0.003592629730701447 -0.014320684671401978 0.022275390625
v 0.0013622832298278808 -0.014701467752456666 0.0222265625
v -0.0009000562876462937 -0.014736989736557007 0.022177734375
v -0.0031412580609321596 -0.014426416158676148 0.02212890625
v -0.005308687686920166 -0.013777039051055909 0.022080078125
v -0.007351443767547608 -0.012804111242294311 0.02203125
v -0.009221552014350891 -0.011530479192733764 0.021982421875
v -0.010875093936920167 -0.009986056685447693 0.02193359375
v -0.012273235321044922 -0.008207112550735474 0.021884765625
v -0.013383140563964844 -0.006235424876213074 0.0218359375
v -0.014178745746612549 -0.0041172999143600465 0.021787109375
v -0.014641364812850952 -0.0019024802744388582 0.02173828125
v -0.014760133028030396 0.0003570186719298363 0.021689453125
v -0.014532262086868286 0.0026081332564353945 0.021640625
v -0.013963102102279664 0.004797995984554291 0.021591796875
v -0.01306602120399475 0.006875178813934326 0.02154296875
v -0.011862086057662964 0.008790898323059083 0.021494140625
v -0.010379571914672852 0.010500165224075318 0.0214453125
v -0.008653295040130616 0.011962836980819702 0.021396484375
v -0.006723796129226685 0.013144563436508178 0.02134765625
v -0.004636390209197998 0.01401759147644043 0.021298828125
v -0.0024400991201400757 0.014561418294906616 0.02125
v -0.00018650272861123085 0.014763271808624268 0.021201171875
v 0.0020714735984802245 0.014618412256240845 0.02115234375
v 0.004280801713466644 0.014130241870880127 0.021103515625
v 0.006389595866203308 0.013310223817825317 0.0210546875
v 0.008348330855369568 0.012177616357803345 0.021005859375
v 0.010111006498336792 0.010759021043777467 0.02095703125
v 0.011636227369308472 0.009087749719619752 0.020908203125
v 0.012888171672821046 0.007203055024147034 0.020859375
v 0.013837440013885498 0.005149196982383728 0.020810546875
v 0.014461737871170045 0.0029744109511375427 0.02076171875
v 0.014746403694152832 0.0007297714054584504 0.020712890625
v 0.014684752225875855 -0.001532006859779358 0.0206640625
v 0.014278230667114257 -0.003757806122303009 0.020615234375
v 0.01353638768196106 -0.005895353555679321 0.02056640625
v 0.012476644515991212 -0.007894449830055238 0.020517578125
v 0.011123888492584229 -0.0097081458568573 0.02046875
v 0.009509888887405395 -0.011293847560882569 0.020419921875
v 0.007672551870346069 -0.012614314556121827 0.02037109375
v 0.005655025839805603 -0.013638535737991333 0.020322265625
v 0.003504692018032074 -0.014342458248138429 0.0202734375
v 0.0012720510363578798 -0.014709550142288209 0.020224609375
v -0.0009904637932777404 -0.014731190204620362 0.02017578125
v -0.0032297176122665404 -0.014406870603561401 0.020126953125
v -0.005393122434616089 -0.013744206428527833 0.020078125
v -0.007429869771003723 -0.0127587628364563 0.020029296875
v -0.009292128086090088 -0.0114736807346344 0.01998046875
v -0.010936162471771241 -0.009919140338897705 0.019931640625
v -0.01232336163520813 -0.008131650686264038 0.0198828125
v -0.013421149253845216 -0.006153190135955811 0.019833984375
v -0.014203741550445556 -0.0040302231907844545 0.01978515625
v -0.014652762413024902 -0.0018126067519187927 0.019736328125
v -0.0147576642036438 0.00044757843017578124 0.0196875
v -0.014515985250473023 0.002697252333164215 0.019638671875
v -0.013933398723602296 0.004883581697940826 0.01958984375
v -0.013023589849472047 0.006955220699310303 0.019541015625
v -0.011807923316955567 0.008863517642021179 0.0194921875
v -0.010314948558807373 0.010563654899597168 0.019443359375
v -0.008579729199409485 0.012015707492828369 0.01939453125
v -0.006643016338348389 0.013185572624206544 0.019345703125
v -0.004550292491912842 0.014045776128768922 0.019296875
v -0.0023507060110569 0.014576116800308228 0.019248046875
v -9.59134940057993e-05 0.014764138460159303 0.01919921875
v 0.002161131501197815 0.014605426788330078 0.019150390625
v 0.004367422759532929 0.014103708267211914 0.0191015625
v 0.006471145749092102 0.013270766735076905 0.019052734375
v 0.008422894477844238 0.012126163244247437 0.01900390625
v 0.010176832675933839 0.010696778297424317 0.018955078125
v 0.011691769361495971 0.009016180634498596 0.01890625
v 0.01293212652206421 0.007123839259147644 0.018857421875
v 0.013868774175643922 0.0050641953945159916 0.01880859375
v 0.014479715824127198 0.002885619401931763 0.018759765625
v 0.014750603437423706 0.000639275461435318 0.0187109375
v 0.014675074815750122 -0.001622081995010376 0.018662109375
v 0.014254904985427856 -0.0038453450798988345 0.01861328125
v 0.013499959707260131 -0.005978300571441651 0.018564453125
v 0.012427970170974731 -0.007970856428146362 0.018515625
v 0.01106411099433899 -0.009776217937469482 0.018466796875
v 0.009440412521362304 -0.011351985931396484 0.01841796875
v 0.007595007419586182 -0.012661155462265015 0.018369140625
v 0.005571234822273254 -0.013672977685928345 0.0183203125
v 0.003416622281074524 -0.014363692998886108 0.018271484375
v 0.0011817710101604461 -0.01471707820892334 0.01822265625
v -0.0010808340460062027 -0.014724835157394409 0.018173828125
v -0.0033180558681488036 -0.014386781454086305 0.018125
v -0.00547735333442688 -0.013710856437683105 0.018076171875
v -0.007508016228675842 -0.0127129328250885 0.01802734375
v -0.009362354278564453 -0.01141644835472107 0.017978515625
v -0.010996818542480469 -0.009851850271224975 0.0179296875
v -0.012373024225234985 -0.008055883049964905 0.017880859375
v -0.013458651304244996 -0.006070724129676819 0.01783203125
v -0.014228203296661378 -0.003942994773387909 0.017783203125
v -0.014663608074188234 -0.0017226649820804595 0.017734375
v -0.014754639863967895 0.0005381213501095772 0.017685546875
v -0.01449916124343872 0.002786270081996918 0.01763671875
v -0.0139031720161438 0.00496898353099823 0.017587890625
v -0.012980668544769288 0.007035000920295715 0.0175390625
v -0.011753314733505249 0.008935802578926087 0.017490234375
v -0.010249936580657959 0.010626747608184814 0.01744140625
v -0.00850584089756012 0.012068126201629639 0.017392578125
v -0.006561985611915589 0.01322608470916748 0.01734375
v -0.00446402370929718 0.014073431491851807 0.017294921875
v -0.002261224389076233 0.01459026575088501 0.01724609375
v -5.320635391399265e-06 0.01476444959640503 0.017197265625
v 0.0022507080435752867 0.014591891765594483 0.0171484375
v 0.004453879296779633 0.014076645374298096 0.017099609375
v 0.006552451848983765 0.013230811357498169 0.01705078125
v 0.008497140407562257 0.01207425355911255 0.017001953125
v 0.010242274999618531 0.010634132623672486 0.016953125
v 0.01174687147140503 0.008944271206855774 0.016904296875
v 0.01297559380531311 0.007044354677200318 0.01685546875
v 0.013899587392807007 0.00497900277376175 0.016806640625
v 0.014497148990631105 0.0027967193722724915 0.0167578125
v 0.014754248857498169 0.0005487554147839546 0.016708984375
v 0.014664846658706666 -0.0017120960354804994 0.01666015625
v 0.014231041669845582 -0.0039327389001846316 0.016611328125
v 0.013463022708892823 -0.006061022281646729 0.0165625
v 0.012378827333450318 -0.008046963214874268 0.016513671875
v 0.011003916263580323 -0.009843922257423402 0.01646484375
v 0.009370580315589905 -0.011409697532653808 0.016416015625
v 0.007517176866531372 -0.012707518339157104 0.0163671875
v 0.005487233996391296 -0.013706904649734498 0.016318359375
v 0.003328424096107483 -0.014384386539459228 0.01626953125
v 0.001091446503996849 -0.014724053144454956 0.016220703125
v -0.0011711635440587998 -0.014717926979064941 0.016171875
v -0.0034062689542770385 -0.014366152286529542 0.016123046875
v -0.005561378598213196 -0.013676990270614624 0.01607421875
v -0.007585880160331726 -0.0126666259765625 0.016025390625
v -0.009432228207588196 -0.011358788013458252 0.0159765625
v -0.011057062149047852 -0.009784190058708191 0.015927734375
v -0.012422221899032594 -0.007979812026023865 0.01587890625
v -0.013495646715164185 -0.005988028645515442 0.015830078125
v -0.014252129793167114 -0.003855617940425873 0.01578125
v -0.014673901796340942 -0.0016326583921909333 0.015732421875
v -0.01475106120109558 0.0006286440044641495 0.01568359375
v -0.014481792449951172 0.0028751826286315917 0.015634765625
v -0.01387242078781128 0.005054197907447815 0.0155859375
v -0.012937257289886475 0.007114516496658325 0.015537109375
v -0.011698265075683594 0.00900775134563446 0.015488281250000001
v -0.010184539556503296 0.01068943977355957 0.015439453125
v -0.008431631922721863 0.012120089530944825 0.015390625
v -0.006480708718299866 0.013266099691390991 0.015341796875
v -0.004377586543560028 0.014100557565689087 0.01529296875
v -0.002171657681465149 0.014603865146636964 0.015244140625000001
v 8.5272416472435e-05 0.014764204025268554 0.0151953125
v 0.002340199947357178 0.014577807188034059 0.015146484375
v 0.004540168046951294 0.014049052000045777 0.01509765625
v 0.0066335111856460575 0.013190356492996215 0.015048828125
v 0.008571066856384278 0.012021888494491578 0.015
v 0.006320878267288208 0.013342993259429932 0.015
v 0.0038732635974884034 0.014247343540191651 0.015
v 0.0013046711683273315 0.014706692695617677 0.015
v -0.0013046711683273315 0.014706692695617677 0.015
v -0.0038732635974884034 0.014247343540191651 0.015
v -0.006320878267288208 0.013342993259429932 0.015
v -0.008571066856384278 0.012021888494491578 0.015
v -0.010307332277297973 0.01057108759880066 0.015048828125
v -0.011801531314849853 0.00887202560901642 0.01509765625
v -0.01301857352256775 0.006964605450630188 0.015146484375
v -0.01392987608909607 0.004893622696399689 0.0151953125
v -0.014514037370681764 0.002707713842391968 0.015244140625000001
v -0.01475733757019043 0.0004582146927714348 0.01529296875
v -0.014654065370559693 -0.0018020455539226531 0.015341796875
v -0.014206643104553223 -0.004019984900951385 0.015390625
v -0.013425580263137818 -0.006143515706062317 0.015439453125
v -0.012329219579696656 -0.008122766613960266 0.015488281250000001
v -0.010943307876586914 -0.009911255836486816 0.015537109375
v -0.009300395250320434 -0.01146697998046875 0.0155859375
v -0.007439063787460327 -0.012753404378890991 0.015634765625
v -0.0054030269384384155 -0.01374031662940979 0.01568359375
v -0.0032401004433631896 -0.014404538869857788 0.015732421875
v -0.0010010808706283568 -0.014730472564697266 0.01578125
v 0.001261449009180069 -0.014710463285446167 0.015830078125
v 0.0034943538904190063 -0.014344980716705322 0.01587890625
v 0.005645194649696351 -0.013642607927322388 0.015927734375
v 0.007663457989692688 -0.012619841098785401 0.0159765625
v 0.009501746892929078 -0.011300698518753052 0.016025390625
v 0.011116888523101807 -0.009716160893440247 0.01607421875
v 0.012470951080322265 -0.007903439998626709 0.016123046875
v 0.013532135486602783 -0.005905108451843262 0.016171875
v 0.014275518655776977 -0.003768095970153809 0.016220703125
v 0.014683643579483032 -0.0015425902605056762 0.01626953125
v 0.014746925830841065 0.0007191429287195205 0.016318359375
v 0.01446387767791748 0.0029639872908592225 0.0163671875
v 0.013841147422790528 0.0051392227411270145 0.016416015625
v 0.012893360853195191 0.007193763852119446 0.01646484375
v 0.0116427743434906 0.009079360961914062 0.016513671875
v 0.01011875867843628 0.01075173020362854 0.0165625
v 0.008357105851173401 0.01217159628868103 0.016611328125
v 0.006399187445640564 0.013305615186691284 0.01666015625
v 0.004290984869003296 0.01412715196609497 0.016708984375
v 0.0020820091664791106 0.014616916179656983 0.0167578125
v -0.00017586227506399154 0.014763402938842774 0.016806640625
v -0.002429603636264801 0.014563173055648804 0.01685546875
v -0.004626286029815674 0.014020929336547852 0.016904296875
v -0.006714320778846741 0.013149405717849732 0.016953125
v -0.008644670248031616 0.011969070434570312 0.017001953125
v -0.010372000932693482 0.010507643222808838 0.01705078125
v -0.011855747699737549 0.008799445629119874 0.017099609375
v -0.013061062097549439 0.006884593963623047 0.0171484375
v -0.013959640264511108 0.004808058440685273 0.017197265625
v -0.014530377388000488 0.0026186063885688783 0.01724609375
v -0.01475987195968628 0.00036765675991773606 0.017294921875
v -0.0146427321434021 -0.001891927272081375 0.01734375
v -0.014181709289550782 -0.004107079803943634 0.017392578125
v -0.013387631177902221 -0.006225777864456177 0.01744140625
v -0.012279146909713745 -0.008198264241218566 0.017490234375
v -0.010882288217544556 -0.00997821569442749 0.0175390625
v -0.009229860305786134 -0.011523830890655519 0.017587890625
v -0.00736066997051239 -0.012798808813095093 0.01763671875
v -0.005318616032600403 -0.013773210048675537 0.017685546875
v -0.003151654899120331 -0.014424148797988891 0.017734375
v -0.0009106775373220444 -0.014736337661743164 0.017783203125
v 0.001351687014102936 -0.014702446460723877 0.01783203125
v 0.0035823073983192446 -0.014323270320892334 0.017880859375
v 0.005728797316551209 -0.013607712984085083 0.0179296875
v 0.007740747928619385 -0.01257258176803589 0.017978515625
v 0.009570907950401306 -0.01124218463897705 0.01802734375
v 0.01117629647254944 -0.009647765755653381 0.018076171875
v 0.012519210577011108 -0.007826771140098571 0.018125
v 0.01356811285018921 -0.00582196593284607 0.018173828125
v 0.014298371076583863 -0.003680432140827179 0.01822265625
v 0.014692832231521607 -0.0014524640142917634 0.018271484375
v 0.014742234945297241 0.0008096148818731308 0.0183203125
v 0.014445419311523438 0.003052680194377899 0.018369140625
v 0.013809353113174438 0.005224053263664246 0.01841796875
v 0.01284897804260254 0.007272740602493286 0.018466796875
v 0.01158684492111206 0.009150629043579103 0.018515625
v 0.010052597522735596 0.010813615322113038 0.018564453125
v 0.008282265067100525 0.01222264528274536 0.01861328125
v 0.0063174253702163695 0.013344628810882568 0.018662109375
v 0.004204221367835999 0.014153215885162353 0.0187109375
v 0.0019922822713851927 0.014629415273666383 0.018759765625
v -0.00026644548401236537 0.014762045145034791 0.01880859375
v -0.0025189158320426943 0.014547991752624513 0.018857421875
v -0.004712229669094086 0.013992278575897217 0.01890625
v -0.006794877648353577 0.013107960224151612 0.018955078125
v -0.00871794879436493 0.011915802955627441 0.01900390625
v -0.010436279773712158 0.010443804264068603 0.019052734375
v -0.011909515857696534 0.008726534247398377 0.0191015625
v -0.01310305953025818 0.006804323196411133 0.019150390625
v -0.013988878726959229 0.004722313284873963 0.01919921875
v -0.014546171426773072 0.002529400289058685 0.019248046875
v -0.014761849641799926 0.00027708496898412707 0.019296875
v -0.014630846977233887 -0.0019817377626895906 0.019345703125
v -0.014156241416931153 -0.004194019734859467 0.01939453125
v -0.013349179029464722 -0.006307805776596069 0.019443359375
v -0.012228611707687378 -0.008273453712463378 0.0194921875
v -0.010820858478546143 -0.010044800043106079 0.019541015625
v -0.009158977270126344 -0.011580246686935426 0.01958984375
v -0.007281999588012696 -0.012843732833862306 0.019638671875
v -0.005234004855155945 -0.013805584907531738 0.0196875
v -0.003063090741634369 -0.014443215131759644 0.019736328125
v -0.000820239931344986 -0.014741648435592652 0.01978515625
v 0.0014418740570545196 -0.014693875312805176 0.019833984375
v 0.0036701259016990663 -0.014301019906997682 0.0198828125
v 0.005812185406684876 -0.01357230544090271 0.019931640625
v 0.007817745804786683 -0.012524847984313966 0.01998046875
v 0.009639708399772644 -0.011183246374130248 0.020029296875
v 0.011235283613204956 -0.009579007625579835 0.020078125
v 0.012566999197006226 -0.0077498072385787965 0.020126953125
v 0.013603581190109253 -0.005738603472709656 0.02017578125
v 0.014320684671401978 -0.003592629730701447 0.020224609375
v 0.014701467752456666 -0.0013622832298278808 0.0202734375
v 0.014736989736557007 0.0009000562876462937 0.020322265625
v 0.014426416158676148 0.0031412580609321596 0.02037109375
v 0.013777039051055909 0.005308687686920166 0.020419921875
v 0.012804111242294311 0.007351443767547608 0.02046875
v 0.011530479192733764 0.009221552014350891 0.020517578125
v 0.009986056685447693 0.010875093936920167 0.02056640625
v 0.008207112550735474 0.012273235321044922 0.020615234375
v 0.006235424876213074 0.013383140563964844 0.0206640625
v 0.0041172999143600465 0.014178745746612549 0.020712890625
v 0.0019024802744388582 0.014641364812850952 0.02076171875
v -0.0003570186719298363 0.014760133028030396 0.020810546875
v -0.0026081332564353945 0.014532262086868286 0.020859375
v -0.004797995984554291 0.013963102102279664 0.020908203125
v -0.006875178813934326 0.01306602120399475 0.02095703125
v -0.008790898323059083 0.011862086057662964 0.021005859375
v -0.010500165224075318 0.010379571914672852 0.0210546875
v -0.011962836980819702 0.008653295040130616 0.021103515625
v -0.013144563436508178 0.006723796129226685 0.02115234375
v -0.01401759147644043 0.004636390209197998 0.021201171875
v -0.014561418294906616 0.0024400991201400757 0.02125
v -0.014763271808624268 0.00018650272861123085 0.021298828125
v -0.014618412256240845 -0.0020714735984802245 0.02134765625
v -0.014130241870880127 -0.004280801713466644 0.021396484375
v -0.013310223817825317 -0.006389595866203308 0.0214453125
v -0.012177616357803345 -0.008348330855369568 0.021494140625
v -0.010759021043777467 -0.010111006498336792 0.02154296875
v -0.009087749719619752 -0.011636227369308472 0.021591796875
v -0.007203055024147034 -0.012888171672821046 0.021640625
v -0.005149196982383728 -0.013837440013885498 0.021689453125
v -0.0029744109511375427 -0.014461737871170045 0.02173828125
v -0.0007297714054584504 -0.014746403694152832 0.021787109375
v 0.001532006859779358 -0.014684752225875855 0.0218359375
v 0.003757806122303009 -0.014278230667114257 0.021884765625
v 0.005895353555679321 -0.01353638768196106 0.02193359375
v 0.007894449830055238 -0.012476644515991212 0.021982421875
v 0.0097081458568573 -0.011123888492584229 0.02203125
v 0.011293847560882569 -0.009509888887405395 0.022080078125
v 0.012614314556121827 -0.007672551870346069 0.02212890625
v 0.013638535737991333 -0.005655025839805603 0.022177734375
v 0.014342458248138429 -0.003504692018032074 0.0222265625
v 0.014709550142288209 -0.0012720510363578798 0.022275390625
v 0.014731190204620362 0.0009904637932777404 0.02232421875
v 0.014406870603561401 0.0032297176122665404 0.022373046875
v 0.013744206428527833 0.005393122434616089 0.022421875
v 0.0127587628364563 0.007429869771003723 0.022470703125
v 0.0114736807346344 0.009292128086090088 0.02251953125
v 0.009919140338897705 0.010936162471771241 0.022568359375
v 0.008131650686264038 0.01232336163520813 0.0226171875
v 0.006153190135955811 0.013421149253845216 0.022666015625
v 0.0040302231907844545 0.014203741550445556 0.02271484375
v 0.0018126067519187927 0.014652762413024902 0.022763671875
v -0.00044757843017578124 0.0147576642036438 0.0228125
v -0.002697252333164215 0.014515985250473023 0.022861328125
v -0.004883581697940826 0.013933398723602296 0.02291015625
v -0.006955220699310303 0.013023589849472047 0.022958984375
v -0.008863517642021179 0.011807923316955567 0.0230078125
v -0.010563654899597168 0.010314948558807373 0.023056640625
v -0.012015707492828369 0.008579729199409485 0.02310546875
v -0.013185572624206544 0.006643016338348389 0.023154296875
v -0.014045776128768922 0.004550292491912842 0.023203125
v -0.014576116800308228 0.0023507060110569 0.023251953125
v -0.014764138460159303 9.59134940057993e-05 0.02330078125
v -0.014605426788330078 -0.002161131501197815 0.023349609375
v -0.014103708267211914 -0.004367422759532929 0.0233984375
v -0.013270766735076905 -0.006471145749092102 0.023447265625
v -0.012126163244247437 -0.008422894477844238 0.023496093750000002
v -0.010696778297424317 -0.010176832675933839 0.023544921875
v -0.009016180634498596 -0.011691769361495971 0.02359375
v -0.007123839259147644 -0.01293212652206421 0.023642578125
v -0.0050641953945159916 -0.013868774175643922 0.02369140625
v -0.002885619401931763 -0.014479715824127198 0.023740234375000002
v -0.000639275461435318 -0.014750603437423706 0.0237890625
v 0.001622081995010376 -0.014675074815750122 0.023837890625
v 0.0038453450798988345 -0.014254904985427856 0.02388671875
v 0.005978300571441651 -0.013499959707260131 0.023935546875
v 0.007970856428146362 -0.012427970170974731 0.023984375000000002
v 0.009776217937469482 -0.01106411099433899 0.024033203125
v 0.011351985931396484 -0.009440412521362304 0.02408203125
v 0.012661155462265015 -0.007595007419586182 0.024130859375
v 0.013672977685928345 -0.005571234822273254 0.0241796875
v 0.014363692998886108 -0.003416622281074524 0.024228515625000002
v 0.01471707820892334 -0.0011817710101604461 0.02427734375
v 0.014724835157394409 0.0010808340460062027 0.024326171875
v 0.014386781454086305 0.0033180558681488036 0.024375
v 0.013710856437683105 0.00547735333442688 0.024423828125
v 0.0127129328250885 0.007508016228675842 0.024472656250000002
v 0.01141644835472107 0.009362354278564453 0.024521484375
v 0.009851850271224975 0.010996818542480469 0.0245703125
v 0.008055883049964905 0.012373024225234985 0.024619140625
v 0.006070724129676819 0.013458651304244996 0.02466796875
v 0.003942994773387909 0.014228203296661378 0.024716796875000002
v 0.0017226649820804595 0.014663608074188234 0.024765625
v -0.0005381213501095772 0.014754639863967895 0.024814453125
v -0.002786270081996918 0.01449916124343872 0.02486328125
v -0.00496898353099823 0.0139031720161438 0.024912109375
v -0.007035000920295715 0.012980668544769288 0.024960937500000002
v -0.008935802578926087 0.011753314733505249 0.025009765625
v -0.010626747608184814 0.010249936580657959 0.02505859375
v -0.012068126201629639 0.00850584089756012 0.025107421875
v -0.01322608470916748 0.006561985611915589 0.02515625
v -0.014073431491851807 0.00446402370929718 0.025205078125000002
v -0.01459026575088501 0.002261224389076233 0.02525390625
v -0.01476444959640503 5.320635391399265e-06 0.025302734375
v -0.014591891765594483 -0.0022507080435752867 0.0253515625
v -0.014076645374298096 -0.004453879296779633 0.025400390625
v -0.013230811357498169 -0.006552451848983765 0.025449218750000002
v -0.01207425355911255 -0.008497140407562257 0.025498046875
v -0.010634132623672486 -0.010242274999618531 0.025546875
v -0.008944271206855774 -0.01174687147140503 0.025595703125
v -0.007044354677200318 -0.01297559380531311 0.02564453125
v -0.00497900277376175 -0.013899587392807007 0.025693359375000002
v -0.0027967193722724915 -0.014497148990631105 0.0257421875
v -0.0005487554147839546 -0.014754248857498169 0.025791015625
v 0.0017120960354804994 -0.014664846658706666 0.02583984375
v 0.0039327389001846316 -0.014231041669845582 0.025888671875
v 0.006061022281646729 -0.013463022708892823 0.025937500000000002
v 0.008046963214874268 -0.012378827333450318 0.025986328125
v 0.009843922257423402 -0.011003916263580323 0.02603515625
v 0.011409697532653808 -0.009370580315589905 0.026083984375
v 0.012707518339157104 -0.007517176866531372 0.0261328125
v 0.013706904649734498 -0.005487233996391296 0.026181640625000002
v 0.014384386539459228 -0.003328424096107483 0.02623046875
v 0.014724053144454956 -0.001091446503996849 0.026279296875
v 0.014717926979064941 0.0011711635440587998 0.026328125
v 0.014366152286529542 0.0034062689542770385 0.026376953125
v 0.013676990270614624 0.005561378598213196 0.026425781250000002
v 0.0126666259765625 0.007585880160331726 0.026474609375
v 0.011358788013458252 0.009432228207588196 0.0265234375
v 0.009784190058708191 0.011057062149047852 0.026572265625
v 0.007979812026023865 0.012422221899032594 0.02662109375
v 0.005988028645515442 0.013495646715164185 0.026669921875000002
v 0.003855617940425873 0.014252129793167114 0.02671875
v 0.0016326583921909333 0.014673901796340942 0.026767578125
v -0.0006286440044641495 0.01475106120109558 0.02681640625
v -0.0028751826286315917 0.014481792449951172 0.026865234375
v -0.005054197907447815 0.01387242078781128 0.026914062500000002
v -0.007114516496658325 0.012937257289886475 0.026962890625
v -0.00900775134563446 0.011698265075683594 0.02701171875
v -0.01068943977355957 0.010184539556503296 0.027060546875
v -0.012120089530944825 0.008431631922721863 0.027109375
v -0.013266099691390991 0.006480708718299866 0.027158203125000002
v -0.014100557565689087 0.004377586543560028 0.02720703125
v -0.014603865146636964 0.002171657681465149 0.027255859375
v -0.014764204025268554 -8.5272416472435e-05 0.0273046875
v -0.014577807188034059 -0.002340199947357178 0.027353515625
v -0.014049052000045777 -0.004540168046951294 0.027402343750000002
v -0.013190356492996215 -0.0066335111856460575 0.027451171875
v -0.012021888494491578 -0.008571066856384278 0.0275
v -0.01057108759880066 -0.010307332277297973 0.027548828125
v -0.00887202560901642 -0.011801531314849853 0.02759765625
v -0.006964605450630188 -0.01301857352256775 0.027646484375000002
v -0.004893622696399689 -0.01392987608909607 0.0276953125
v -0.002707713842391968 -0.014514037370681764 0.027744140625
v -0.0004582146927714348 -0.01475733757019043 0.02779296875
v 0.0018020455539226531 -0.014654065370559693 0.027841796875
v 0.004019984900951385 -0.014206643104553223 0.027890625000000002
v 0.006143515706062317 -0.013425580263137818 0.027939453125
v 0.008122766613960266 -0.012329219579696656 0.02798828125
v 0.009911255836486816 -0.010943307876586914 0.028037109375
v 0.01146697998046875 -0.009300395250320434 0.0280859375
v 0.012753404378890991 -0.007439063787460327 0.028134765625000002
v 0.01374031662940979 -0.0054030269384384155 0.02818359375
v 0.014404538869857788 -0.0032401004433631896 0.028232421875
v 0.014730472564697266 -0.0010010808706283568 0.02828125
v 0.014710463285446167 0.001261449009180069 0.028330078125
v 0.014344980716705322 0.0034943538904190063 0.028378906250000002
v 0.013642607927322388 0.005645194649696351 0.028427734375
v 0.012619841098785401 0.007663457989692688 0.0284765625
v 0.011300698518753052 0.009501746892929078 0.028525390625
v 0.009716160893440247 0.011116888523101807 0.02857421875
v 0.007903439998626709 0.012470951080322265 0.028623046875000002
v 0.005905108451843262 0.013532135486602783 0.028671875
v 0.003768095970153809 0.014275518655776977 0.028720703125
v 0.0015425902605056762 0.014683643579483032 0.02876953125
v -0.0007191429287195205 0.014746925830841065 0.028818359375
v -0.0029639872908592225 0.01446387767791748 0.028867187500000002
v -0.0051392227411270145 0.013841147422790528 0.028916015625
v -0.007193763852119446 0.012893360853195191 0.02896484375
v -0.009079360961914062 0.0116427743434906 0.029013671875
v -0.01075173020362854 0.01011875867843628 0.0290625
v -0.01217159628868103 0.008357105851173401 0.029111328125000002
v -0.013305615186691284 0.006399187445640564 0.02916015625
v -0.01412715196609497 0.004290984869003296 0.029208984375
v -0.014616916179656983 0.0020820091664791106 0.0292578125
v -0.014763402938842774 -0.00017586227506399154 0.029306640625
v -0.014563173055648804 -0.002429603636264801 0.029355468750000002
v -0.014020929336547852 -0.004626286029815674 0.029404296875
v -0.013149405717849732 -0.006714320778846741 0.029453125
v -0.011969070434570312 -0.008644670248031616 0.029501953125
v -0.010507643222808838 -0.010372000932693482 0.02955078125
v -0.008799445629119874 -0.011855747699737549 0.029599609375000002
v -0.006884593963623047 -0.013061062097549439 0.0296484375
v -0.004808058440685273 -0.013959640264511108 0.029697265625
v -0.0026186063885688783 -0.014530377388000488 0.02974609375
v -0.00036765675991773606 -0.01475987195968628 0.029794921875
v 0.001891927272081375 -0.0146427321434021 0.029843750000000002
v 0.004107079803943634 -0.014181709289550782 0.029892578125
v 0.006225777864456177 -0.013387631177902221 0.02994140625
v 0.008198264241218566 -0.012279146909713745 0.029990234375
v 0.00997821569442749 -0.010882288217544556 0.0300390625
v 0.011523830890655519 -0.009229860305786134 0.030087890625000002
v 0.012798808813095093 -0.00736066997051239 0.03013671875
v 0.013773210048675537 -0.005318616032600403 0.030185546875
v 0.014424148797988891 -0.003151654899120331 0.030234375
v 0.014736337661743164 -0.0009106775373220444 0.030283203125
v 0.014702446460723877 0.001351687014102936 0.030332031250000002
v 0.014323270320892334 0.0035823073983192446 0.030380859375
v 0.013607712984085083 0.005728797316551209 0.0304296875
v 0.01257258176803589 0.007740747928619385 0.030478515625
v 0.01124218463897705 0.009570907950401306 0.03052734375
v 0.009647765755653381 0.01117629647254944 0.030576171875000002
v 0.007826771140098571 0.012519210577011108 0.030625
v 0.00582196593284607 0.01356811285018921 0.030673828125
v 0.003680432140827179 0.014298371076583863 0.03072265625
v 0.0014524640142917634 0.014692832231521607 0.030771484375
v -0.0008096148818731308 0.014742234945297241 0.030820312500000002
v -0.003052680194377899 0.014445419311523438 0.030869140625
v -0.005224053263664246 0.013809353113174438 0.03091796875
v -0.007272740602493286 0.01284897804260254 0.030966796875
v -0.009150629043579103 0.01158684492111206 0.031015625
v -0.010813615322113038 0.010052597522735596 0.031064453125000002
v -0.01222264528274536 0.008282265067100525 0.03111328125
v -0.013344628810882568 0.0063174253702163695 0.031162109375
v -0.014153215885162353 0.004204221367835999 0.0312109375
v -0.014629415273666383 0.0019922822713851927 0.031259765625
v -0.014762045145034791 -0.00026644548401236537 0.03130859375
v -0.014547991752624513 -0.0025189158320426943 0.031357421875
v -0.013992278575897217 -0.004712229669094086 0.031406250000000004
v -0.013107960224151612 -0.006794877648353577 0.031455078125
v -0.011915802955627441 -0.00871794879436493 0.03150390625
v -0.010443804264068603 -0.010436279773712158 0.031552734375
v -0.008726534247398377 -0.011909515857696534 0.0316015625
v -0.006804323196411133 -0.01310305953025818 0.031650390625000004
v -0.004722313284873963 -0.013988878726959229 0.03169921875
v -0.002529400289058685 -0.014546171426773072 0.031748046875
v -0.00027708496898412707 -0.014761849641799926 0.031796875
v 0.0019817377626895906 -0.014630846977233887 0.031845703125
v 0.004194019734859467 -0.014156241416931153 0.031894531250000004
v 0.006307805776596069 -0.013349179029464722 0.031943359375
v 0.008273453712463378 -0.012228611707687378 0.0319921875
v 0.010044800043106079 -0.010820858478546143 0.032041015625
v 0.011580246686935426 -0.009158977270126344 0.03208984375
v 0.012843732833862306 -0.007281999588012696 0.032138671875000004
v 0.013805584907531738 -0.005234004855155945 0.0321875
v 0.014443215131759644 -0.003063090741634369 0.032236328125
v 0.014741648435592652 -0.000820239931344986 0.03228515625
v 0.014693875312805176 0.0014418740570545196 0.032333984375
v 0.014301019906997682 0.0036701259016990663 0.032382812500000004
v 0.01357230544090271 0.005812185406684876 0.032431640625
v 0.012524847984313966 0.007817745804786683 0.03248046875
v 0.011183246374130248 0.009639708399772644 0.032529296875
v 0.009579007625579835 0.011235283613204956 0.032578125
v 0.0077498072385787965 0.012566999197006226 0.032626953125000004
v 0.005738603472709656 0.013603581190109253 0.03267578125
v 0.003592629730701447 0.014320684671401978 0.032724609375
v 0.0013622832298278808 0.014701467752456666 0.0327734375
v -0.0009000562876462937 0.014736989736557007 0.032822265625
v -0.0031412580609321596 0.014426416158676148 0.032871093750000004
v -0.005308687686920166 0.013777039051055909 0.032919921875
v -0.007351443767547608 0.012804111242294311 0.03296875
v -0.009221552014350891 0.011530479192733764 0.033017578125
v -0.010875093936920167 0.009986056685447693 0.03306640625
v -0.012273235321044922 0.008207112550735474 0.033115234375000004
v -0.013383140563964844 0.006235424876213074 0.0331640625
v -0.014178745746612549 0.0041172999143600465 0.033212890625
v -0.014641364812850952 0.0019024802744388582 0.03326171875
v -0.014760133028030396 -0.0003570186719298363 0.033310546875
v -0.014532262086868286 -0.0026081332564353945 0.033359375000000004
v -0.013963102102279664 -0.004797995984554291 0.033408203125
v -0.01306602120399475 -0.006875178813934326 0.03345703125
v -0.011862086057662964 -0.008790898323059083 0.033505859375
v -0.010379571914672852 -0.010500165224075318 0.0335546875
v -0.008653295040130616 -0.011962836980819702 0.033603515625000004
v -0.006723796129226685 -0.013144563436508178 0.03365234375
v -0.004636390209197998 -0.01401759147644043 0.033701171875
v -0.0024400991201400757 -0.014561418294906616 0.03375
v -0.00018650272861123085 -0.014763271808624268 0.033798828125
v 0.0020714735984802245 -0.014618412256240845 0.033847656250000004
v 0.004280801713466644 -0.014130241870880127 0.033896484375
v 0.006389595866203308 -0.013310223817825317 0.0339453125
v 0.008348330855369568 -0.012177616357803345 0.033994140625
v 0.010111006498336792 -0.010759021043777467 0.03404296875
v 0.011636227369308472 -0.009087749719619752 0.034091796875000004
v 0.012888171672821046 -0.007203055024147034 0.034140625
v 0.013837440013885498 -0.005149196982383728 0.034189453125
v 0.014461737871170045 -0.0029744109511375427 0.03423828125
v 0.014746403694152832 -0.0007297714054584504 0.034287109375
v 0.014684752225875855 0.001532006859779358 0.034335937500000004
v 0.014278230667114257 0.003757806122303009 0.034384765625
v 0.01353638768196106 0.005895353555679321 0.03443359375
v 0.012476644515991212 0.007894449830055238 0.034482421875
v 0.011123888492584229 0.0097081458568573 0.03453125
v 0.009509888887405395 0.011293847560882569 0.034580078125000004
v 0.007672551870346069 0.012614314556121827 0.03462890625
v 0.005655025839805603 0.013638535737991333 0.034677734375
v 0.003504692018032074 0.014342458248138429 0.0347265625
v 0.0012720510363578798 0.014709550142288209 0.034775390625
v -0.0009904637932777404 0.014731190204620362 0.034824218750000004
v -0.0032297176122665404 0.014406870603561401 0.034873046875
v -0.005393122434616089 0.013744206428527833 0.034921875
v -0.007429869771003723 0.0127587628364563 0.034970703125
v -0.009292128086090088 0.0114736807346344 0.03501953125
v -0.010936162471771241 0.009919140338897705 0.035068359375000004
v -0.01232336163520813 0.008131650686264038 0.0351171875
v -0.013421149253845216 0.006153190135955811 0.035166015625
v -0.014203741550445556 0.0040302231907844545 0.03521484375
v -0.014652762413024902 0.0018126067519187927 0.035263671875
v -0.0147576642036438 -0.00044757843017578124 0.035312500000000004
v -0.014515985250473023 -0.002697252333164215 0.035361328125
v -0.013933398723602296 -0.004883581697940826 0.03541015625
v -0.013023589849472047 -0.006955220699310303 0.035458984375
v -0.011807923316955567 -0.008863517642021179 0.0355078125
v -0.010314948558807373 -0.010563654899597168 0.035556640625000004
v -0.008579729199409485 -0.012015707492828369 0.03560546875
v -0.006643016338348389 -0.013185572624206544 0.035654296875
v -0.004550292491912842 -0.014045776128768922 0.035703125
v -0.0023507060110569 -0.014576116800308228 0.035751953125
v -9.59134940057993e-05 -0.014764138460159303 0.035800781250000004
v 0.002161131501197815 -0.014605426788330078 0.035849609375
v 0.004367422759532929 -0.014103708267211914 0.0358984375
v 0.006471145749092102 -0.013270766735076905 0.035947265625
v 0.008422894477844238 -0.012126163244247437 0.03599609375
v 0.010176832675933839 -0.010696778297424317 0.036044921875000004
v 0.011691769361495971 -0.009016180634498596 0.03609375
v 0.01293212652206421 -0.007123839259147644 0.036142578125
v 0.013868774175643922 -0.0050641953945159916 0.03619140625
v 0.014479715824127198 -0.002885619401931763 0.036240234375
v 0.014750603437423706 -0.000639275461435318 0.036289062500000004
v 0.014675074815750122 0.001622081995010376 0.036337890625
v 0.014254904985427856 0.0038453450798988345 0.03638671875
v 0.013499959707260131 0.005978300571441651 0.036435546875
v 0.012427970170974731 0.007970856428146362 0.036484375
v 0.01106411099433899 0.009776217937469482 0.036533203125000004
v 0.009440412521362304 0.011351985931396484 0.03658203125
v 0.007595007419586182 0.012661155462265015 0.036630859375
v 0.005571234822273254 0.013672977685928345 0.0366796875
v 0.003416622281074524 0.014363692998886108 0.036728515625
v 0.0011817710101604461 0.01471707820892334 0.036777343750000004
v -0.0010808340460062027 0.014724835157394409 0.036826171875
v -0.0033180558681488036 0.014386781454086305 0.036875
v -0.00547735333442688 0.013710856437683105 0.036923828125
v -0.007508016228675842 0.0127129328250885 0.03697265625
v -0.009362354278564453 0.01141644835472107 0.037021484375000004
v -0.010996818542480469 0.009851850271224975 0.0370703125
v -0.012373024225234985 0.008055883049964905 0.037119140625
v -0.013458651304244996 0.006070724129676819 0.03716796875
v -0.014228203296661378 0.003942994773387909 0.037216796875
v -0.014663608074188234 0.0017226649820804595 0.037265625000000004
v -0.014754639863967895 -0.0005381213501095772 0.037314453125
v -0.01449916124343872 -0.002786270081996918 0.03736328125
v -0.0139031720161438 -0.00496898353099823 0.037412109375
v -0.012980668544769288 -0.007035000920295715 0.0374609375
v -0.011753314733505249 -0.008935802578926087 0.037509765625000004
v -0.010249936580657959 -0.010626747608184814 0.03755859375
v -0.00850584089756012 -0.012068126201629639 0.037607421875
v -0.006561985611915589 -0.01322608470916748 0.03765625
v -0.00446402370929718 -0.014073431491851807 0.037705078125
v -0.002261224389076233 -0.01459026575088501 0.037753906250000004
v -5.320635391399265e-06 -0.01476444959640503 0.037802734375
v 0.0022507080435752867 -0.014591891765594483 0.0378515625
v 0.004453879296779633 -0.014076645374298096 0.037900390625
v 0.006552451848983765 -0.013230811357498169 0.03794921875
v 0.008497140407562257 -0.01207425355911255 0.037998046875000004
v 0.010242274999618531 -0.010634132623672486 0.038046875
v 0.01174687147140503 -0.008944271206855774 0.038095703125
v 0.01297559380531311 -0.007044354677200318 0.03814453125
v 0.013899587392807007 -0.00497900277376175 0.038193359375
v 0.014497148990631105 -0.0027967193722724915 0.038242187500000004
v 0.014754248857498169 -0.0005487554147839546 0.038291015625
v 0.014664846658706666 0.0017120960354804994 0.03833984375
v 0.014231041669845582 0.0039327389001846316 0.038388671875
v 0.013463022708892823 0.006061022281646729 0.0384375
v 0.012378827333450318 0.008046963214874268 0.038486328125000004
v 0.011003916263580323 0.009843922257423402 0.03853515625
v 0.009370580315589905 0.011409697532653808 0.038583984375
v 0.007517176866531372 0.012707518339157104 0.0386328125
v 0.005487233996391296 0.013706904649734498 0.038681640625
v 0.003328424096107483 0.014384386539459228 0.038730468750000004
v 0.001091446503996849 0.014724053144454956 0.038779296875
v -0.0011711635440587998 0.014717926979064941 0.038828125
v -0.0034062689542770385 0.014366152286529542 0.038876953125
v -0.005561378598213196 0.013676990270614624 0.03892578125
v -0.007585880160331726 0.0126666259765625 0.038974609375000004
v -0.009432228207588196 0.011358788013458252 0.0390234375
v -0.011057062149047852 0.009784190058708191 0.039072265625
v -0.012422221899032594 0.007979812026023865 0.03912109375
v -0.013495646715164185 0.005988028645515442 0.039169921875
v -0.014252129793167114 0.003855617940425873 0.039218750000000004
v -0.014673901796340942 0.0016326583921909333 0.039267578125
v -0.01475106120109558 -0.0006286440044641495 0.03931640625
v -0.014481792449951172 -0.0028751826286315917 0.039365234375
v -0.01387242078781128 -0.005054197907447815 0.0394140625
v -0.012937257289886475 -0.007114516496658325 0.039462890625000004
v -0.011698265075683594 -0.00900775134563446 0.03951171875
v -0.010184539556503296 -0.01068943977355957 0.039560546875
v -0.008431631922721863 -0.012120089530944825 0.039609375
v -0.006480708718299866 -0.013266099691390991 0.039658203125
v -0.004377586543560028 -0.014100557565689087 0.039707031250000004
v -0.002171657681465149 -0.014603865146636964 0.039755859375
v 8.5272416472435e-05 -0.014764204025268554 0.0398046875
v 0.002340199947357178 -0.014577807188034059 0.039853515625
v 0.004540168046951294 -0.014049052000045777 0.03990234375
v 0.0066335111856460575 -0.013190356492996215 0.039951171875000004
v 0.008571066856384278 -0.012021888494491578 0.04
v 0.010307332277297973 -0.01057108759880066 0.040048828125
v 0.011801531314849853 -0.00887202560901642 0.04009765625
v 0.01301857352256775 -0.006964605450630188 0.040146484375
v 0.01392987608909607 -0.004893622696399689 0.040195312500000004
v 0.014514037370681764 -0.002707713842391968 0.040244140625
v 0.01475733757019043 -0.0004582146927714348 0.04029296875
v 0.014654065370559693 0.0018020455539226531 0.040341796875
v 0.014206643104553223 0.004019984900951385 0.040390625
v 0.013425580263137818 0.006143515706062317 0.040439453125000004
v 0.012329219579696656 0.008122766613960266 0.04048828125
v 0.010943307876586914 0.009911255836486816 0.040537109375
v 0.009300395250320434 0.01146697998046875 0.0405859375
v 0.007439063787460327 0.012753404378890991 0.040634765625
v 0.0054030269384384155 0.01374031662940979 0.040683593750000004
v 0.0032401004433631896 0.014404538869857788 0.040732421875
v 0.0010010808706283568 0.014730472564697266 0.04078125
v -0.001261449009180069 0.014710463285446167 0.040830078125
v -0.0034943538904190063 0.014344980716705322 0.04087890625
v -0.005645194649696351 0.013642607927322388 0.040927734375000004
v -0.007663457989692688 0.012619841098785401 0.0409765625
v -0.009501746892929078 0.011300698518753052 0.041025390625
v -0.011116888523101807 0.009716160893440247 0.04107421875
v -0.012470951080322265 0.007903439998626709 0.041123046875
v -0.013532135486602783 0.005905108451843262 0.041171875000000004
v -0.014275518655776977 0.003768095970153809 0.041220703125
v -0.014683643579483032 0.0015425902605056762 0.04126953125
v -0.014746925830841065 -0.0007191429287195205 0.041318359375
v -0.01446387767791748 -0.0029639872908592225 0.0413671875
v -0.013841147422790528 -0.0051392227411270145 0.041416015625000004
v -0.012893360853195191 -0.007193763852119446 0.04146484375
v -0.0116427743434906 -0.009079360961914062 0.041513671875
v -0.01011875867843628 -0.01075173020362854 0.0415625
v -0.008357105851173401 -0.01217159628868103 0.041611328125
v -0.006399187445640564 -0.013305615186691284 0.041660156250000004
v -0.004290984869003296 -0.01412715196609497 0.041708984375
v -0.0020820091664791106 -0.014616916179656983 0.0417578125
v 0.00017586227506399154 -0.014763402938842774 0.041806640625
v 0.002429603636264801 -0.014563173055648804 0.04185546875
v 0.004626286029815674 -0.014020929336547852 0.041904296875000004
v 0.006714320778846741 -0.013149405717849732 0.041953125
v 0.008644670248031616 -0.011969070434570312 0.042001953125
v 0.010372000932693482 -0.010507643222808838 0.04205078125
v 0.011855747699737549 -0.008799445629119874 0.042099609375
v 0.013061062097549439 -0.006884593963623047 0.042148437500000004
v 0.013959640264511108 -0.004808058440685273 0.042197265625
v 0.014530377388000488 -0.0026186063885688783 0.04224609375
v 0.01475987195968628 -0.00036765675991773606 0.042294921875
v 0.0146427321434021 0.001891927272081375 0.04234375
v 0.014181709289550782 0.004107079803943634 0.042392578125000004
v 0.013387631177902221 0.006225777864456177 0.04244140625
v 0.012279146909713745 0.008198264241218566 0.042490234375
v 0.010882288217544556 0.00997821569442749 0.0425390625
v 0.009229860305786134 0.011523830890655519 0.042587890625
v 0.00736066997051239 0.012798808813095093 0.042636718750000004
v 0.005318616032600403 0.013773210048675537 0.042685546875
v 0.003151654899120331 0.014424148797988891 0.042734375
v 0.0009106775373220444 0.014736337661743164 0.042783203125
v -0.001351687014102936 0.014702446460723877 0.04283203125
v -0.0035823073983192446 0.014323270320892334 0.042880859375000004
v -0.005728797316551209 0.013607712984085083 0.0429296875
v -0.007740747928619385 0.01257258176803589 0.042978515625
v -0.009570907950401306 0.01124218463897705 0.04302734375
v -0.01117629647254944 0.009647765755653381 0.043076171875
v -0.012519210577011108 0.007826771140098571 0.043125000000000004
v -0.01356811285018921 0.00582196593284607 0.043173828125
v -0.014298371076583863 0.003680432140827179 0.04322265625
v -0.014692832231521607 0.0014524640142917634 0.043271484375
v -0.014742234945297241 -0.0008096148818731308 0.0433203125
v -0.014445419311523438 -0.003052680194377899 0.043369140625000004
v -0.013809353113174438 -0.005224053263664246 0.04341796875
v -0.01284897804260254 -0.007272740602493286 0.043466796875
v -0.01158684492111206 -0.009150629043579103 0.043515625
v -0.010052597522735596 -0.010813615322113038 0.043564453125
v -0.008282265067100525 -0.01222264528274536 0.043613281250000004
v -0.0063174253702163695 -0.013344628810882568 0.043662109375
v -0.004204221367835999 -0.014153215885162353 0.0437109375
v -0.0019922822713851927 -0.014629415273666383 0.043759765625
v 0.00026644548401236537 -0.014762045145034791 0.04380859375
v 0.0025189158320426943 -0.014547991752624513 0.043857421875000004
v 0.004712229669094086 -0.013992278575897217 0.04390625
v 0.006794877648353577 -0.013107960224151612 0.043955078125
v 0.00871794879436493 -0.011915802955627441 0.04400390625
v 0.010436279773712158 -0.010443804264068603 0.044052734375
v 0.011909515857696534 -0.008726534247398377 0.044101562500000004
v 0.01310305953025818 -0.006804323196411133 0.044150390625
v 0.013988878726959229 -0.004722313284873963 0.04419921875
v 0.014546171426773072 -0.002529400289058685 0.044248046875
v 0.014761849641799926 -0.00027708496898412707 0.044296875
v 0.014630846977233887 0.0019817377626895906 0.044345703125000004
v 0.014156241416931153 0.004194019734859467 0.04439453125
v 0.013349179029464722 0.006307805776596069 0.044443359375
v 0.012228611707687378 0.008273453712463378 0.0444921875
v 0.010820858478546143 0.010044800043106079 0.044541015625
v 0.009158977270126344 0.011580246686935426 0.044589843750000004
v 0.007281999588012696 0.012843732833862306 0.044638671875
v 0.005234004855155945 0.013805584907531738 0.0446875
v 0.003063090741634369 0.014443215131759644 0.044736328125
v 0.000820239931344986 0.014741648435592652 0.04478515625
v -0.0014418740570545196 0.014693875312805176 0.044833984375000004
v -0.0036701259016990663 0.014301019906997682 0.0448828125
v -0.005812185406684876 0.01357230544090271 0.044931640625
v -0.007817745804786683 0.012524847984313966 0.04498046875
v -0.009639708399772644 0.011183246374130248 0.045029296875
v -0.011235283613204956 0.009579007625579835 0.045078125000000004
v -0.012566999197006226 0.0077498072385787965 0.045126953125
v -0.013603581190109253 0.005738603472709656 0.04517578125
v -0.014320684671401978 0.003592629730701447 0.045224609375
v -0.014701467752456666 0.0013622832298278808 0.0452734375
v -0.014736989736557007 -0.0009000562876462937 0.045322265625000004
v -0.014426416158676148 -0.0031412580609321596 0.04537109375
v -0.013777039051055909 -0.005308687686920166 0.045419921875
v -0.012804111242294311 -0.007351443767547608 0.04546875
v -0.011530479192733764 -0.009221552014350891 0.045517578125
v -0.009986056685447693 -0.010875093936920167 0.045566406250000004
v -0.008207112550735474 -0.012273235321044922 0.045615234375
v -0.006235424876213074 -0.013383140563964844 0.0456640625
v -0.0041172999143600465 -0.014178745746612549 0.045712890625
v -0.0019024802744388582 -0.014641364812850952 0.04576171875
v 0.0003570186719298363 -0.014760133028030396 0.045810546875000004
v 0.0026081332564353945 -0.014532262086868286 0.045859375
v 0.004797995984554291 -0.013963102102279664 0.045908203125
v 0.006875178813934326 -0.01306602120399475 0.04595703125
v 0.008790898323059083 -0.011862086057662964 0.046005859375
v 0.010500165224075318 -0.010379571914672852 0.046054687500000004
v 0.011962836980819702 -0.008653295040130616 0.046103515625
v 0.013144563436508178 -0.006723796129226685 0.04615234375
v 0.01401759147644043 -0.004636390209197998 0.046201171875
v 0.014561418294906616 -0.0024400991201400757 0.04625
v 0.014763271808624268 -0.00018650272861123085 0.046298828125000004
v 0.014618412256240845 0.0020714735984802245 0.04634765625
v 0.014130241870880127 0.004280801713466644 0.046396484375
v 0.013310223817825317 0.006389595866203308 0.0464453125
v 0.012177616357803345 0.008348330855369568 0.046494140625
v 0.010759021043777467 0.010111006498336792 0.046542968750000004
v 0.009087749719619752 0.011636227369308472 0.046591796875
v 0.007203055024147034 0.012888171672821046 0.046640625
v 0.005149196982383728 0.013837440013885498 0.046689453125
v 0.0029744109511375427 0.014461737871170045 0.04673828125
v 0.0007297714054584504 0.014746403694152832 0.046787109375000004
v -0.001532006859779358 0.014684752225875855 0.0468359375
v -0.003757806122303009 0.014278230667114257 0.046884765625
v -0.005895353555679321 0.01353638768196106 0.04693359375
v -0.007894449830055238 0.012476644515991212 0.046982421875
v -0.0097081458568573 0.011123888492584229 0.047031250000000004
v -0.011293847560882569 0.009509888887405395 0.047080078125
v -0.012614314556121827 0.007672551870346069 0.04712890625
v -0.013638535737991333 0.005655025839805603 0.047177734375
v -0.014342458248138429 0.003504692018032074 0.0472265625
v -0.014709550142288209 0.0012720510363578798 0.047275390625000004
v -0.014731190204620362 -0.0009904637932777404 0.04732421875
v -0.014406870603561401 -0.0032297176122665404 0.047373046875
v -0.013744206428527833 -0.005393122434616089 0.047421875
v -0.0127587628364563 -0.007429869771003723 0.047470703125
v -0.0114736807346344 -0.009292128086090088 0.047519531250000004
v -0.009919140338897705 -0.010936162471771241 0.047568359375
v -0.008131650686264038 -0.01232336163520813 0.0476171875
v -0.006153190135955811 -0.013421149253845216 0.047666015625
v -0.0040302231907844545 -0.014203741550445556 0.04771484375
v -0.0018126067519187927 -0.014652762413024902 0.047763671875000004
v 0.00044757843017578124 -0.0147576642036438 0.0478125
v 0.002697252333164215 -0.014515985250473023 0.047861328125
v 0.004883581697940826 -0.013933398723602296 0.04791015625
v 0.006955220699310303 -0.013023589849472047 0.047958984375
v 0.008863517642021179 -0.011807923316955567 0.048007812500000004
v 0.010563654899597168 -0.010314948558807373 0.048056640625
v 0.012015707492828369 -0.008579729199409485 0.04810546875
v 0.013185572624206544 -0.006643016338348389 0.048154296875
v 0.014045776128768922 -0.004550292491912842 0.048203125
v 0.014576116800308228 -0.0023507060110569 0.048251953125000004
v 0.014764138460159303 -9.59134940057993e-05 0.04830078125
v 0.014605426788330078 0.002161131501197815 0.048349609375
v 0.014103708267211914 0.004367422759532929 0.0483984375
v 0.013270766735076905 0.006471145749092102 0.048447265625
v 0.012126163244247437 0.008422894477844238 0.048496093750000004
v 0.010696778297424317 0.010176832675933839 0.048544921875
v 0.009016180634498596 0.011691769361495971 0.04859375
v 0.007123839259147644 0.01293212652206421 0.048642578125
v 0.0050641953945159916 0.013868774175643922 0.04869140625
v 0.002885619401931763 0.014479715824127198 0.048740234375000004
v 0.000639275461435318 0.014750603437423706 0.0487890625
v -0.001622081995010376 0.014675074815750122 0.048837890625
v -0.0038453450798988345 0.014254904985427856 0.04888671875
v -0.005978300571441651 0.013499959707260131 0.048935546875
v -0.007970856428146362 0.012427970170974731 0.048984375000000004
v -0.009776217937469482 0.01106411099433899 0.049033203125
v -0.011351985931396484 0.009440412521362304 0.04908203125
v -0.012661155462265015 0.007595007419586182 0.049130859375
v -0.013672977685928345 0.005571234822273254 0.0491796875
v -0.014363692998886108 0.003416622281074524 0.049228515625000004
v -0.01471707820892334 0.0011817710101604461 0.04927734375
v -0.014724835157394409 -0.0010808340460062027 0.049326171875
v -0.014386781454086305 -0.0033180558681488036 0.049375
v -0.013710856437683105 -0.00547735333442688 0.049423828125
v -0.0127129328250885 -0.007508016228675842 0.049472656250000004
v -0.01141644835472107 -0.009362354278564453 0.049521484375
v -0.009851850271224975 -0.010996818542480469 0.0495703125
v -0.008055883049964905 -0.012373024225234985 0.049619140625
v -0.006070724129676819 -0.013458651304244996 0.04966796875
v -0.003942994773387909 -0.014228203296661378 0.049716796875000004
v -0.0017226649820804595 -0.014663608074188234 0.049765625
v 0.0005381213501095772 -0.014754639863967895 0.049814453125
v 0.002786270081996918 -0.01449916124343872 0.04986328125
v 0.00496898353099823 -0.0139031720161438 0.049912109375
v 0.007035000920295715 -0.012980668544769288 0.049960937500000004
v 0.008935802578926087 -0.011753314733505249 0.050009765625
v 0.010626747608184814 -0.010249936580657959 0.05005859375
v 0.012068126201629639 -0.00850584089756012 0.050107421875
v 0.01322608470916748 -0.006561985611915589 0.05015625
v 0.014073431491851807 -0.00446402370929718 0.050205078125000004
v 0.01459026575088501 -0.002261224389076233 0.05025390625
v 0.01476444959640503 -5.320635391399265e-06 0.050302734375
v 0.014591891765594483 0.0022507080435752867 0.0503515625
v 0.014076645374298096 0.004453879296779633 0.050400390625
v 0.013230811357498169 0.006552451848983765 0.050449218750000004
v 0.01207425355911255 0.008497140407562257 0.050498046875
v 0.010634132623672486 0.010242274999618531 0.050546875
v 0.008944271206855774 0.01174687147140503 0.050595703125
v 0.007044354677200318 0.01297559380531311 0.05064453125
v 0.00497900277376175 0.013899587392807007 0.050693359375000004
v 0.0027967193722724915 0.014497148990631105 0.0507421875
v 0.0005487554147839546 0.014754248857498169 0.050791015625
v -0.0017120960354804994 0.014664846658706666 0.05083984375
v -0.0039327389001846316 0.014231041669845582 0.050888671875
v -0.006061022281646729 0.013463022708892823 0.050937500000000004
v -0.008046963214874268 0.012378827333450318 0.050986328125
v -0.009843922257423402 0.011003916263580323 0.05103515625
v -0.011409697532653808 0.009370580315589905 0.051083984375
v -0.012707518339157104 0.007517176866531372 0.0511328125
v -0.013706904649734498 0.005487233996391296 0.051181640625000004
v -0.014384386539459228 0.003328424096107483 0.05123046875
v -0.014724053144454956 0.001091446503996849 0.051279296875
v -0.014717926979064941 -0.0011711635440587998 0.051328125
v -0.014366152286529542 -0.0034062689542770385 0.051376953125
v -0.013676990270614624 -0.005561378598213196 0.051425781250000004
v -0.0126666259765625 -0.007585880160331726 0.051474609375
v -0.011358788013458252 -0.009432228207588196 0.0515234375
v -0.009784190058708191 -0.011057062149047852 0.051572265625
v -0.007979812026023865 -0.012422221899032594 0.05162109375
v -0.005988028645515442 -0.013495646715164185 0.051669921875000004
v -0.003855617940425873 -0.014252129793167114 0.05171875
v -0.0016326583921909333 -0.014673901796340942 0.051767578125
v 0.0006286440044641495 -0.01475106120109558 0.05181640625
v 0.0028751826286315917 -0.014481792449951172 0.051865234375
v 0.005054197907447815 -0.01387242078781128 0.051914062500000004
v 0.007114516496658325 -0.012937257289886475 0.051962890625
v 0.00900775134563446 -0.011698265075683594 0.05201171875
v 0.01068943977355957 -0.010184539556503296 0.052060546875
v 0.012120089530944825 -0.008431631922721863 0.052109375
v 0.013266099691390991 -0.006480708718299866 0.052158203125000004
v 0.014100557565689087 -0.004377586543560028 0.05220703125
v 0.014603865146636964 -0.002171657681465149 0.052255859375
v 0.014764204025268554 8.5272416472435e-05 0.0523046875
v 0.014577807188034059 0.002340199947357178 0.052353515625
v 0.014049052000045777 0.004540168046951294 0.052402343750000004
v 0.013190356492996215 0.0066335111856460575 0.052451171875
v 0.012021888494491578 0.008571066856384278 0.0525
v 0.01057108759880066 0.010307332277297973 0.052548828125
v 0.00887202560901642 0.011801531314849853 0.05259765625
v 0.006964605450630188 0.01301857352256775 0.052646484375000004
v 0.004893622696399689 0.01392987608909607 0.0526953125
v 0.002707713842391968 0.014514037370681764 0.052744140625
v 0.0004582146927714348 0.01475733757019043 0.05279296875
v -0.0018020455539226531 0.014654065370559693 0.052841796875
v -0.004019984900951385 0.014206643104553223 0.052890625000000004
v -0.006143515706062317 0.013425580263137818 0.052939453125
v -0.008122766613960266 0.012329219579696656 0.05298828125
v -0.009911255836486816 0.010943307876586914 0.053037109375
v -0.01146697998046875 0.009300395250320434 0.0530859375
v -0.012753404378890991 0.007439063787460327 0.053134765625000004
v -0.01374031662940979 0.0054030269384384155 0.05318359375
v -0.014404538869857788 0.0032401004433631896 0.053232421875
v -0.014730472564697266 0.0010010808706283568 0.05328125
v -0.014710463285446167 -0.001261449009180069 0.053330078125
v -0.014344980716705322 -0.0034943538904190063 0.053378906250000004
v -0.013642607927322388 -0.005645194649696351 0.053427734375
v -0.012619841098785401 -0.007663457989692688 0.0534765625
v -0.011300698518753052 -0.009501746892929078 0.053525390625
v -0.009716160893440247 -0.011116888523101807 0.05357421875
v -0.007903439998626709 -0.012470951080322265 0.053623046875000004
v -0.005905108451843262 -0.013532135486602783 0.053671875
v -0.003768095970153809 -0.014275518655776977 0.053720703125
v -0.0015425902605056762 -0.014683643579483032 0.05376953125
v 0.0007191429287195205 -0.014746925830841065 0.053818359375
v 0.0029639872908592225 -0.01446387767791748 0.053867187500000004
v 0.0051392227411270145 -0.013841147422790528 0.053916015625
v 0.007193763852119446 -0.012893360853195191 0.05396484375
v 0.009079360961914062 -0.0116427743434906 0.054013671875
v 0.01075173020362854 -0.01011875867843628 0.0540625
v 0.01217159628868103 -0.008357105851173401 0.054111328125000004
v 0.013305615186691284 -0.006399187445640564 0.05416015625
v 0.01412715196609497 -0.004290984869003296 0.054208984375
v 0.014616916179656983 -0.0020820091664791106 0.0542578125
v 0.014763402938842774 0.00017586227506399154 0.054306640625
v 0.014563173055648804 0.002429603636264801 0.054355468750000004
v 0.014020929336547852 0.004626286029815674 0.054404296875
v 0.013149405717849732 0.006714320778846741 0.054453125
v 0.011969070434570312 0.008644670248031616 0.054501953125
v 0.010507643222808838 0.010372000932693482 0.05455078125
v 0.008799445629119874 0.011855747699737549 0.054599609375000004
v 0.006884593963623047 0.013061062097549439 0.0546484375
v 0.004808058440685273 0.013959640264511108 0.054697265625
v 0.0026186063885688783 0.014530377388000488 0.05474609375
v 0.00036765675991773606 0.01475987195968628 0.054794921875
v -0.001891927272081375 0.0146427321434021 0.054843750000000004
v -0.004107079803943634 0.014181709289550782 0.054892578125
v -0.006225777864456177 0.013387631177902221 0.05494140625
v -0.008198264241218566 0.012279146909713745 0.054990234375
v -0.00997821569442749 0.010882288217544556 0.0550390625
v -0.011523830890655519 0.009229860305786134 0.055087890625000004
v -0.012798808813095093 0.00736066997051239 0.05513671875
v -0.013773210048675537 0.005318616032600403 0.055185546875
v -0.014424148797988891 0.003151654899120331 0.055234375
v -0.014736337661743164 0.0009106775373220444 0.055283203125
v -0.014702446460723877 -0.001351687014102936 0.055332031250000004
v -0.014323270320892334 -0.0035823073983192446 0.055380859375
v -0.013607712984085083 -0.005728797316551209 0.0554296875
v -0.01257258176803589 -0.007740747928619385 0.055478515625
v -0.01124218463897705 -0.009570907950401306 0.05552734375
v -0.009647765755653381 -0.01117629647254944 0.055576171875000004
v -0.007826771140098571 -0.012519210577011108 0.055625
v -0.00582196593284607 -0.01356811285018921 0.055673828125
v -0.003680432140827179 -0.014298371076583863 0.05572265625
v -0.0014524640142917634 -0.014692832231521607 0.055771484375
v 0.0008096148818731308 -0.014742234945297241 0.055820312500000004
v 0.003052680194377899 -0.014445419311523438 0.055869140625
v 0.005224053263664246 -0.013809353113174438 0.05591796875
v 0.007272740602493286 -0.01284897804260254 0.055966796875
v 0.009150629043579103 -0.01158684492111206 0.056015625
v 0.010813615322113038 -0.010052597522735596 0.056064453125000004
v 0.01222264528274536 -0.008282265067100525 0.05611328125
v 0.013344628810882568 -0.0063174253702163695 0.056162109375
v 0.014153215885162353 -0.004204221367835999 0.0562109375
v 0.014629415273666383 -0.0019922822713851927 0.056259765625
v 0.014762045145034791 0.00026644548401236537 0.056308593750000004
v 0.014547991752624513 0.0025189158320426943 0.056357421875
v 0.013992278575897217 0.004712229669094086 0.05640625
v 0.013107960224151612 0.006794877648353577 0.056455078125
v 0.011915802955627441 0.00871794879436493 0.05650390625
v 0.010443804264068603 0.010436279773712158 0.056552734375000004
v 0.008726534247398377 0.011909515857696534 0.0566015625
v 0.006804323196411133 0.01310305953025818 0.056650390625
v 0.004722313284873963 0.013988878726959229 0.05669921875
v 0.002529400289058685 0.014546171426773072 0.056748046875
v 0.00027708496898412707 0.014761849641799926 0.056796875000000004
v -0.0019817377626895906 0.014630846977233887 0.056845703125
v -0.004194019734859467 0.014156241416931153 0.05689453125
v -0.006307805776596069 0.013349179029464722 0.056943359375
v -0.008273453712463378 0.012228611707687378 0.0569921875
v -0.010044800043106079 0.010820858478546143 0.057041015625000004
v -0.011580246686935426 0.009158977270126344 0.05708984375
v -0.012843732833862306 0.007281999588012696 0.057138671875
v -0.013805584907531738 0.005234004855155945 0.0571875
v -0.014443215131759644 0.003063090741634369 0.057236328125
v -0.014741648435592652 0.000820239931344986 0.057285156250000004
v -0.014693875312805176 -0.0014418740570545196 0.057333984375
v -0.014301019906997682 -0.0036701259016990663 0.0573828125
v -0.01357230544090271 -0.005812185406684876 0.057431640625
v -0.012524847984313966 -0.007817745804786683 0.05748046875
v -0.011183246374130248 -0.009639708399772644 0.057529296875000004
v -0.009579007625579835 -0.011235283613204956 0.057578125
v -0.0077498072385787965 -0.012566999197006226 0.057626953125
v -0.005738603472709656 -0.013603581190109253 0.05767578125
v -0.003592629730701447 -0.014320684671401978 0.057724609375
v -0.0013622832298278808 -0.014701467752456666 0.057773437500000004
v 0.0009000562876462937 -0.014736989736557007 0.057822265625
v 0.0031412580609321596 -0.014426416158676148 0.05787109375
v 0.005308687686920166 -0.013777039051055909 0.057919921875
v 0.007351443767547608 -0.012804111242294311 0.05796875
v 0.009221552014350891 -0.011530479192733764 0.058017578125000004
v 0.010875093936920167 -0.009986056685447693 0.05806640625
v 0.012273235321044922 -0.008207112550735474 0.058115234375
v 0.013383140563964844 -0.006235424876213074 0.0581640625
v 0.014178745746612549 -0.0041172999143600465 0.058212890625
v 0.014641364812850952 -0.0019024802744388582 0.058261718750000004
v 0.014760133028030396 0.0003570186719298363 0.058310546875
v 0.014532262086868286 0.0026081332564353945 0.058359375
v 0.013963102102279664 0.004797995984554291 0.058408203125
v 0.01306602120399475 0.006875178813934326 0.05845703125
v 0.011862086057662964 0.008790898323059083 0.058505859375000004
v 0.010379571914672852 0.010500165224075318 0.0585546875
v 0.008653295040130616 0.011962836980819702 0.058603515625
v 0.006723796129226685 0.013144563436508178 0.05865234375
v 0.004636390209197998 0.01401759147644043 0.058701171875
v 0.0024400991201400757 0.014561418294906616 0.058750000000000004
v 0.00018650272861123085 0.014763271808624268 0.058798828125
v -0.0020714735984802245 0.014618412256240845 0.05884765625
v -0.004280801713466644 0.014130241870880127 0.058896484375
v -0.006389595866203308 0.013310223817825317 0.0589453125
v -0.008348330855369568 0.012177616357803345 0.058994140625000004
v -0.010111006498336792 0.010759021043777467 0.05904296875
v -0.011636227369308472 0.009087749719619752 0.059091796875
v -0.012888171672821046 0.007203055024147034 0.059140625
v -0.013837440013885498 0.005149196982383728 0.059189453125
v -0.014461737871170045 0.0029744109511375427 0.059238281250000004
v -0.014746403694152832 0.0007297714054584504 0.059287109375
v -0.014684752225875855 -0.001532006859779358 0.0593359375
v -0.014278230667114257 -0.003757806122303009 0.059384765625
v -0.01353638768196106 -0.005895353555679321 0.05943359375
v -0.012476644515991212 -0.007894449830055238 0.059482421875000004
v -0.011123888492584229 -0.0097081458568573 0.05953125
v -0.009509888887405395 -0.011293847560882569 0.059580078125
v -0.007672551870346069 -0.012614314556121827 0.05962890625
v -0.005655025839805603 -0.013638535737991333 0.059677734375
v -0.003504692018032074 -0.014342458248138429 0.059726562500000004
v -0.0012720510363578798 -0.014709550142288209 0.059775390625
v 0.0009904637932777404 -0.014731190204620362 0.05982421875
v 0.0032297176122665404 -0.014406870603561401 0.059873046875
v 0.005393122434616089 -0.013744206428527833 0.059921875
v 0.007429869771003723 -0.0127587628364563 0.059970703125000004
v 0.009292128086090088 -0.0114736807346344 0.06001953125
v 0.010936162471771241 -0.009919140338897705 0.060068359375
v 0.01232336163520813 -0.008131650686264038 0.0601171875
v 0.013421149253845216 -0.006153190135955811 0.060166015625
v 0.014203741550445556 -0.0040302231907844545 0.060214843750000004
v 0.014652762413024902 -0.0018126067519187927 0.060263671875
v 0.0147576642036438 0.00044757843017578124 0.0603125
v 0.014515985250473023 0.002697252333164215 0.060361328125
v 0.013933398723602296 0.004883581697940826 0.06041015625
v 0.013023589849472047 0.006955220699310303 0.060458984375000004
v 0.011807923316955567 0.008863517642021179 0.0605078125
v 0.010314948558807373 0.010563654899597168 0.060556640625
v 0.008579729199409485 0.012015707492828369 0.06060546875
v 0.006643016338348389 0.013185572624206544 0.060654296875
v 0.004550292491912842 0.014045776128768922 0.060703125000000004
v 0.0023507060110569 0.014576116800308228 0.060751953125
v 9.59134940057993e-05 0.014764138460159303 0.06080078125
v -0.002161131501197815 0.014605426788330078 0.060849609375
v -0.004367422759532929 0.014103708267211914 0.0608984375
v -0.006471145749092102 0.013270766735076905 0.060947265625000004
v -0.008422894477844238 0.012126163244247437 0.06099609375
v -0.010176832675933839 0.010696778297424317 0.061044921875
v -0.011691769361495971 0.009016180634498596 0.06109375
v -0.01293212652206421 0.007123839259147644 0.061142578125
v -0.013868774175643922 0.0050641953945159916 0.061191406250000004
v -0.014479715824127198 0.002885619401931763 0.061240234375
v -0.014750603437423706 0.000639275461435318 0.0612890625
v -0.014675074815750122 -0.001622081995010376 0.061337890625
v -0.014254904985427856 -0.0038453450798988345 0.06138671875
v -0.013499959707260131 -0.005978300571441651 0.061435546875000004
v -0.012427970170974731 -0.007970856428146362 0.061484375
v -0.01106411099433899 -0.009776217937469482 0.061533203125
v -0.009440412521362304 -0.011351985931396484 0.06158203125
v -0.007595007419586182 -0.012661155462265015 0.061630859375
v -0.005571234822273254 -0.013672977685928345 0.061679687500000004
v -0.003416622281074524 -0.014363692998886108 0.061728515625
v -0.0011817710101604461 -0.01471707820892334 0.06177734375
v 0.0010808340460062027 -0.014724835157394409 0.061826171875
v 0.0033180558681488036 -0.014386781454086305 0.061875
v 0.00547735333442688 -0.013710856437683105 0.061923828125000004
v 0.007508016228675842 -0.0127129328250885 0.06197265625
v 0.009362354278564453 -0.01141644835472107 0.062021484375
v 0.010996818542480469 -0.009851850271224975 0.0620703125
v 0.012373024225234985 -0.008055883049964905 0.062119140625
v 0.013458651304244996 -0.006070724129676819 0.062167968750000004
v 0.014228203296661378 -0.003942994773387909 0.062216796875
v 0.014663608074188234 -0.0017226649820804595 0.062265625
v 0.014754639863967895 0.0005381213501095772 0.062314453125
v 0.01449916124343872 0.002786270081996918 0.06236328125
v 0.0139031720161438 0.00496898353099823 0.062412109375000004
v 0.012980668544769288 0.007035000920295715 0.0624609375
v 0.011753314733505249 0.008935802578926087 0.062509765625
v 0.010249936580657959 0.010626747608184814 0.06255859375
v 0.00850584089756012 0.012068126201629639 0.062607421875
v 0.006561985611915589 0.01322608470916748 0.06265625
v 0.00446402370929718 0.014073431491851807 0.06270507812500001
v 0.002261224389076233 0.01459026575088501 0.06275390625
v 5.320635391399265e-06 0.01476444959640503 0.062802734375
v -0.0022507080435752867 0.014591891765594483 0.0628515625
v -0.004453879296779633 0.014076645374298096 0.062900390625
v -0.006552451848983765 0.013230811357498169 0.06294921875000001
v -0.008497140407562257 0.01207425355911255 0.062998046875
v -0.010242274999618531 0.010634132623672486 0.063046875
v -0.01174687147140503 0.008944271206855774 0.063095703125
v -0.01297559380531311 0.007044354677200318 0.06314453125
v -0.013899587392807007 0.00497900277376175 0.06319335937500001
v -0.014497148990631105 0.0027967193722724915 0.0632421875
v -0.014754248857498169 0.0005487554147839546 0.063291015625
v -0.014664846658706666 -0.0017120960354804994 0.06333984375
v -0.014231041669845582 -0.0039327389001846316 0.063388671875
v -0.013463022708892823 -0.006061022281646729 0.06343750000000001
v -0.012378827333450318 -0.008046963214874268 0.063486328125
v -0.011003916263580323 -0.009843922257423402 0.06353515625
v -0.009370580315589905 -0.011409697532653808 0.063583984375
v -0.007517176866531372 -0.012707518339157104 0.0636328125
v -0.005487233996391296 -0.013706904649734498 0.06368164062500001
v -0.003328424096107483 -0.014384386539459228 0.06373046875
v -0.001091446503996849 -0.014724053144454956 0.063779296875
v 0.0011711635440587998 -0.014717926979064941 0.063828125
v 0.0034062689542770385 -0.014366152286529542 0.063876953125
v 0.005561378598213196 -0.013676990270614624 0.06392578125000001
v 0.007585880160331726 -0.0126666259765625 0.063974609375
v 0.009432228207588196 -0.011358788013458252 0.0640234375
v 0.011057062149047852 -0.009784190058708191 0.064072265625
v 0.012422221899032594 -0.007979812026023865 0.06412109375
v 0.013495646715164185 -0.005988028645515442 0.06416992187500001
v 0.014252129793167114 -0.003855617940425873 0.06421875
v 0.014673901796340942 -0.0016326583921909333 0.064267578125
v 0.01475106120109558 0.0006286440044641495 0.06431640625
v 0.014481792449951172 0.0028751826286315917 0.064365234375
v 0.01387242078781128 0.005054197907447815 0.06441406250000001
v 0.012937257289886475 0.007114516496658325 0.064462890625
v 0.011698265075683594 0.00900775134563446 0.06451171875
v 0.010184539556503296 0.01068943977355957 0.064560546875
v 0.008431631922721863 0.012120089530944825 0.064609375
v 0.006480708718299866 0.013266099691390991 0.06465820312500001
v 0.004377586543560028 0.014100557565689087 0.06470703125
v 0.002171657681465149 0.014603865146636964 0.064755859375
v -8.5272416472435e-05 0.014764204025268554 0.0648046875
v -0.002340199947357178 0.014577807188034059 0.064853515625
v -0.004540168046951294 0.014049052000045777 0.06490234375000001
v -0.0066335111856460575 0.013190356492996215 0.064951171875
v 0.014764204025268554 8.5272416472435e-05 0.0523046875
v 0.014654065370559693 -0.0018020455539226531 0.06465820312500001
v 0.014673901796340942 -0.0016326583921909333 0.064267578125
v 0.0146427321434021 -0.001891927272081375 0.06265625
v 0.014663608074188234 -0.0017226649820804595 0.062265625
v 0.014630846977233887 -0.0019817377626895906 0.060654296875
v 0.014652762413024902 -0.0018126067519187927 0.060263671875
v 0.014618412256240845 -0.0020714735984802245 0.05865234375
v 0.014641364812850952 -0.0019024802744388582 0.058261718750000004
v 0.014605426788330078 -0.002161131501197815 0.056650390625
v 0.014629415273666383 -0.0019922822713851927 0.056259765625
v 0.014591891765594483 -0.0022507080435752867 0.0546484375
v 0.014616916179656983 -0.0020820091664791106 0.0542578125
v 0.014603865146636964 0.002171657681465149 0.052744140625
v 0.014763402938842774 -0.00017586227506399154 0.050693359375000004
v 0.01476444959640503 -5.320635391399265e-06 0.050302734375
v 0.014762045145034791 -0.00026644548401236537 0.04869140625
v 0.014764138460159303 -9.59134940057993e-05 0.04830078125
v 0.014760133028030396 -0.0003570186719298363 0.046689453125
v 0.014763271808624268 -0.00018650272861123085 0.046298828125000004
v 0.0147576642036438 -0.00044757843017578124 0.0446875
v 0.014761849641799926 -0.00027708496898412707 0.044296875
v 0.014754639863967895 -0.0005381213501095772 0.042685546875
v 0.01475987195968628 -0.00036765675991773606 0.042294921875
v 0.01475106120109558 -0.0006286440044641495 0.040683593750000004
v 0.01475733757019043 -0.0004582146927714348 0.04029296875
v 0.014746925830841065 -0.0007191429287195205 0.038681640625
v 0.014754248857498169 -0.0005487554147839546 0.038291015625
v 0.014742234945297241 -0.0008096148818731308 0.0366796875
v 0.014750603437423706 -0.000639275461435318 0.036289062500000004
v 0.014736989736557007 -0.0009000562876462937 0.034677734375
v 0.014746403694152832 -0.0007297714054584504 0.034287109375
v 0.014731190204620362 -0.0009904637932777404 0.03267578125
v 0.014741648435592652 -0.000820239931344986 0.03228515625
v 0.014724835157394409 -0.0010808340460062027 0.030673828125
v 0.014736337661743164 -0.0009106775373220444 0.030283203125
v 0.014717926979064941 -0.0011711635440587998 0.028671875
v 0.014730472564697266 -0.0010010808706283568 0.02828125
v 0.014710463285446167 -0.001261449009180069 0.026669921875000002
v 0.014724053144454956 -0.001091446503996849 0.026279296875
v 0.014702446460723877 -0.001351687014102936 0.02466796875
v 0.01471707820892334 -0.0011817710101604461 0.02427734375
v 0.014693875312805176 -0.0014418740570545196 0.022666015625
v 0.014709550142288209 -0.0012720510363578798 0.022275390625
v 0.014684752225875855 -0.001532006859779358 0.0206640625
v 0.014701467752456666 -0.0013622832298278808 0.0202734375
v 0.014675074815750122 -0.001622081995010376 0.018662109375
v 0.014692832231521607 -0.0014524640142917634 0.018271484375
v 0.014664846658706666 -0.0017120960354804994 0.01666015625
v 0.014683643579483032 -0.0015425902605056762 0.01626953125
v -0.006814717054367065 -0.014377745389938355 0.065
v -0.008527625799179078 -0.01335054636001587 0.065
v -0.010097240209579469 -0.01211615562438965 0.065
v -0.011498552560806275 -0.010692812204360962 0.065
v -0.012707178592681886 -0.009103791117668151 0.065
v -0.013703014850616455 -0.007374143004417419 0.065
v -0.014467378854751587 -0.0055363267660141 0.065
v -0.014990109205245973 -0.0036131113767623904 0.065
v -0.015260423421859742 -0.0016362114250659944 0.065
v -0.01527215600013733 0.00035358108580112456 0.065
v -0.015024482011795045 0.0023305243253707885 0.065
v -0.014519592523574829 0.004260099530220032 0.065
v -0.013767511844635011 0.00610158920288086 0.065
v -0.012777477502822876 0.007830251455307007 0.065
v -0.011565849781036378 0.009413270950317383 0.065
v -0.010157603025436402 0.010817079544067383 0.065
v -0.008571066856384278 0.012021888494491578 0.065
v -0.0066335111856460575 0.013190356492996215 0.064951171875
v -0.004540168046951294 0.014049052000045777 0.06490234375000001
v -0.002340199947357178 0.014577807188034059 0.064853515625
v -8.5272416472435e-05 0.014764204025268554 0.0648046875
v 0.002171657681465149 0.014603865146636964 0.064755859375
v 0.004377586543560028 0.014100557565689087 0.06470703125
v 0.006480708718299866 0.013266099691390991 0.06465820312500001
v 0.008431631922721863 0.012120089530944825 0.064609375
v 0.010184539556503296 0.01068943977355957 0.064560546875
v 0.011698265075683594 0.00900775134563446 0.06451171875
v 0.012937257289886475 0.007114516496658325 0.064462890625
v 0.01387242078781128 0.005054197907447815 0.06441406250000001
v 0.014481792449951172 0.0028751826286315917 0.064365234375
v 0.01475106120109558 0.0006286440044641495 0.06431640625
v 0.014673901796340942 -0.0016326583921909333 0.064267578125
v 0.014252129793167114 -0.003855617940425873 0.06421875
v 0.013495646715164185 -0.005988028645515442 0.06416992187500001
v 0.012422221899032594 -0.007979812026023865 0.06412109375
v 0.011057062149047852 -0.009784190058708191 0.064072265625
v 0.009432228207588196 -0.011358788013458252 0.0640234375
v 0.007585880160331726 -0.0126666259765625 0.063974609375
v 0.005561378598213196 -0.013676990270614624 0.06392578125000001
v 0.0034062689542770385 -0.014366152286529542 0.063876953125
v 0.0011711635440587998 -0.014717926979064941 0.063828125
v -0.001091446503996849 -0.014724053144454956 0.063779296875
v -0.003328424096107483 -0.014384386539459228 0.06373046875
v -0.005487233996391296 -0.013706904649734498 0.06368164062500001
v -0.007517176866531372 -0.012707518339157104 0.0636328125
v -0.009370580315589905 -0.011409697532653808 0.063583984375
v -0.011003916263580323 -0.009843922257423402 0.06353515625
v -0.012378827333450318 -0.008046963214874268 0.063486328125
v -0.013463022708892823 -0.006061022281646729 0.06343750000000001
v -0.014231041669845582 -0.0039327389001846316 0.063388671875
v -0.014664846658706666 -0.0017120960354804994 0.06333984375
v -0.014754248857498169 0.0005487554147839546 0.063291015625
v -0.014497148990631105 0.0027967193722724915 0.0632421875
v -0.013899587392807007 0.00497900277376175 0.06319335937500001
v -0.01297559380531311 0.007044354677200318 0.06314453125
v -0.01174687147140503 0.008944271206855774 0.063095703125
v -0.010242274999618531 0.010634132623672486 0.063046875
v -0.008497140407562257 0.01207425355911255 0.062998046875
v -0.006552451848983765 0.013230811357498169 0.06294921875000001
v -0.004453879296779633 0.014076645374298096 0.062900390625
v -0.0022507080435752867 0.014591891765594483 0.0628515625
v 5.320635391399265e-06 0.01476444959640503 0.062802734375
v 0.002261224389076233 0.01459026575088501 0.06275390625
v 0.00446402370929718 0.014073431491851807 0.06270507812500001
v 0.006561985611915589 0.01322608470916748 0.06265625
v 0.00850584089756012 0.012068126201629639 0.062607421875
v 0.010249936580657959 0.010626747608184814 0.06255859375
v 0.011753314733505249 0.008935802578926087 0.062509765625
v 0.012980668544769288 0.007035000920295715 0.0624609375
v 0.0139031720161438 0.00496898353099823 0.062412109375000004
v 0.01449916124343872 0.002786270081996918 0.06236328125
v 0.014754639863967895 0.0005381213501095772 0.062314453125
v 0.014663608074188234 -0.0017226649820804595 0.062265625
v 0.014228203296661378 -0.003942994773387909 0.062216796875
v 0.013458651304244996 -0.006070724129676819 0.062167968750000004
v 0.012373024225234985 -0.008055883049964905 0.062119140625
v 0.010996818542480469 -0.009851850271224975 0.0620703125
v 0.009362354278564453 -0.01141644835472107 0.062021484375
v 0.007508016228675842 -0.0127129328250885 0.06197265625
v 0.00547735333442688 -0.013710856437683105 0.061923828125000004
v 0.0033180558681488036 -0.014386781454086305 0.061875
v 0.0010808340460062027 -0.014724835157394409 0.061826171875
v -0.0011817710101604461 -0.01471707820892334 0.06177734375
v -0.003416622281074524 -0.014363692998886108 0.061728515625
v -0.005571234822273254 -0.013672977685928345 0.061679687500000004
v -0.007595007419586182 -0.012661155462265015 0.061630859375
v -0.009440412521362304 -0.011351985931396484 0.06158203125
v -0.01106411099433899 -0.009776217937469482 0.061533203125
v -0.012427970170974731 -0.007970856428146362 0.061484375
v -0.013499959707260131 -0.005978300571441651 0.061435546875000004
v -0.014254904985427856 -0.0038453450798988345 0.06138671875
v -0.014675074815750122 -0.001622081995010376 0.061337890625
v -0.014750603437423706 0.000639275461435318 0.0612890625
v -0.014479715824127198 0.002885619401931763 0.061240234375
v -0.013868774175643922 0.0050641953945159916 0.061191406250000004
v -0.01293212652206421 0.007123839259147644 0.061142578125
v -0.011691769361495971 0.009016180634498596 0.06109375
v -0.010176832675933839 0.010696778297424317 0.061044921875
v -0.008422894477844238 0.012126163244247437 0.06099609375
v -0.006471145749092102 0.013270766735076905 0.060947265625000004
v -0.004367422759532929 0.014103708267211914 0.0608984375
v -0.002161131501197815 0.014605426788330078 0.060849609375
v 9.59134940057993e-05 0.014764138460159303 0.06080078125
v 0.0023507060110569 0.014576116800308228 0.060751953125
v 0.004550292491912842 0.014045776128768922 0.060703125000000004
v 0.006643016338348389 0.013185572624206544 0.060654296875
v 0.008579729199409485 0.012015707492828369 0.06060546875
v 0.010314948558807373 0.010563654899597168 0.060556640625
v 0.011807923316955567 0.008863517642021179 0.0605078125
v 0.013023589849472047 0.006955220699310303 0.060458984375000004
v 0.013933398723602296 0.004883581697940826 0.06041015625
v 0.014515985250473023 0.002697252333164215 0.060361328125
v 0.0147576642036438 0.00044757843017578124 0.0603125
v 0.014652762413024902 -0.0018126067519187927 0.060263671875
v 0.014203741550445556 -0.0040302231907844545 0.060214843750000004
v 0.013421149253845216 -0.006153190135955811 0.060166015625
v 0.01232336163520813 -0.008131650686264038 0.0601171875
v 0.010936162471771241 -0.009919140338897705 0.060068359375
v 0.009292128086090088 -0.0114736807346344 0.06001953125
v 0.007429869771003723 -0.0127587628364563 0.059970703125000004
v 0.005393122434616089 -0.013744206428527833 0.059921875
v 0.0032297176122665404 -0.014406870603561401 0.059873046875
v 0.0009904637932777404 -0.014731190204620362 0.05982421875
v -0.0012720510363578798 -0.014709550142288209 0.059775390625
v -0.003504692018032074 -0.014342458248138429 0.059726562500000004
v -0.005655025839805603 -0.013638535737991333 0.059677734375
v -0.007672551870346069 -0.012614314556121827 0.05962890625
v -0.009509888887405395 -0.011293847560882569 0.059580078125
v -0.011123888492584229 -0.0097081458568573 0.05953125
v -0.012476644515991212 -0.007894449830055238 0.059482421875000004
v -0.01353638768196106 -0.005895353555679321 0.05943359375
v -0.014278230667114257 -0.003757806122303009 0.059384765625
v -0.014684752225875855 -0.001532006859779358 0.0593359375
v -0.014746403694152832 0.0007297714054584504 0.059287109375
v -0.014461737871170045 0.0029744109511375427 0.059238281250000004
v -0.013837440013885498 0.005149196982383728 0.059189453125
v -0.012888171672821046 0.007203055024147034 0.059140625
v -0.011636227369308472 0.009087749719619752 0.059091796875
v -0.010111006498336792 0.010759021043777467 0.05904296875
v -0.008348330855369568 0.012177616357803345 0.058994140625000004
v -0.006389595866203308 0.013310223817825317 0.0589453125
v -0.004280801713466644 0.014130241870880127 0.058896484375
v -0.0020714735984802245 0.014618412256240845 0.05884765625
v 0.00018650272861123085 0.014763271808624268 0.058798828125
v 0.0024400991201400757 0.014561418294906616 0.058750000000000004
v 0.004636390209197998 0.01401759147644043 0.058701171875
v 0.006723796129226685 0.013144563436508178 0.05865234375
v 0.008653295040130616 0.011962836980819702 0.058603515625
v 0.010379571914672852 0.010500165224075318 0.0585546875
v 0.011862086057662964 0.008790898323059083 0.058505859375000004
v 0.01306602120399475 0.006875178813934326 0.05845703125
v 0.013963102102279664 0.004797995984554291 0.058408203125
v 0.014532262086868286 0.0026081332564353945 0.058359375
v 0.014760133028030396 0.0003570186719298363 0.058310546875
v 0.014641364812850952 -0.0019024802744388582 0.058261718750000004
v 0.014178745746612549 -0.0041172999143600465 0.058212890625
v 0.013383140563964844 -0.006235424876213074 0.0581640625
v 0.012273235321044922 -0.008207112550735474 0.058115234375
v 0.010875093936920167 -0.009986056685447693 0.05806640625
v 0.009221552014350891 -0.011530479192733764 0.058017578125000004
v 0.007351443767547608 -0.012804111242294311 0.05796875
v 0.005308687686920166 -0.013777039051055909 0.057919921875
v 0.0031412580609321596 -0.014426416158676148 0.05787109375
v 0.0009000562876462937 -0.014736989736557007 0.057822265625
v -0.0013622832298278808 -0.014701467752456666 0.057773437500000004
v -0.003592629730701447 -0.014320684671401978 0.057724609375
v -0.005738603472709656 -0.013603581190109253 0.05767578125
v -0.0077498072385787965 -0.012566999197006226 0.057626953125
v -0.009579007625579835 -0.011235283613204956 0.057578125
v -0.011183246374130248 -0.009639708399772644 0.057529296875000004
v -0.012524847984313966 -0.007817745804786683 0.05748046875
v -0.01357230544090271 -0.005812185406684876 0.057431640625
v -0.014301019906997682 -0.0036701259016990663 0.0573828125
v -0.014693875312805176 -0.0014418740570545196 0.057333984375
v -0.014741648435592652 0.000820239931344986 0.057285156250000004
v -0.014443215131759644 0.003063090741634369 0.057236328125
v -0.013805584907531738 0.005234004855155945 0.0571875
v -0.012843732833862306 0.007281999588012696 0.057138671875
v -0.011580246686935426 0.009158977270126344 0.05708984375
v -0.010044800043106079 0.010820858478546143 0.057041015625000004
v -0.008273453712463378 0.012228611707687378 0.0569921875
v -0.006307805776596069 0.013349179029464722 0.056943359375
v -0.004194019734859467 0.014156241416931153 0.05689453125
v -0.0019817377626895906 0.014630846977233887 0.056845703125
v 0.00027708496898412707 0.014761849641799926 0.056796875000000004
v 0.002529400289058685 0.014546171426773072 0.056748046875
v 0.004722313284873963 0.013988878726959229 0.05669921875
v 0.006804323196411133 0.01310305953025818 0.056650390625
v 0.008726534247398377 0.011909515857696534 0.0566015625
v 0.010443804264068603 0.010436279773712158 0.056552734375000004
v 0.011915802955627441 0.00871794879436493 0.05650390625
v 0.013107960224151612 0.006794877648353577 0.056455078125
v 0.013992278575897217 0.004712229669094086 0.05640625
v 0.014547991752624513 0.0025189158320426943 0.056357421875
v 0.014762045145034791 0.00026644548401236537 0.056308593750000004
v 0.014629415273666383 -0.0019922822713851927 0.056259765625
v 0.014153215885162353 -0.004204221367835999 0.0562109375
v 0.013344628810882568 -0.0063174253702163695 0.056162109375
v 0.01222264528274536 -0.008282265067100525 0.05611328125
v 0.010813615322113038 -0.010052597522735596 0.056064453125000004
v 0.009150629043579103 -0.01158684492111206 0.056015625
v 0.007272740602493286 -0.01284897804260254 0.055966796875
v 0.005224053263664246 -0.013809353113174438 0.05591796875
v 0.003052680194377899 -0.014445419311523438 0.055869140625
v 0.0008096148818731308 -0.014742234945297241 0.055820312500000004
v -0.0014524640142917634 -0.014692832231521607 0.055771484375
v -0.003680432140827179 -0.014298371076583863 0.05572265625
v -0.00582196593284607 -0.01356811285018921 0.055673828125
v -0.007826771140098571 -0.012519210577011108 0.055625
v -0.009647765755653381 -0.01117629647254944 0.055576171875000004
v -0.01124218463897705 -0.009570907950401306 0.05552734375
v -0.01257258176803589 -0.007740747928619385 0.055478515625
v -0.013607712984085083 -0.005728797316551209 0.0554296875
v -0.014323270320892334 -0.0035823073983192446 0.055380859375
v -0.014702446460723877 -0.001351687014102936 0.055332031250000004
v -0.014736337661743164 0.0009106775373220444 0.055283203125
v -0.014424148797988891 0.003151654899120331 0.055234375
v -0.013773210048675537 0.005318616032600403 0.055185546875
v -0.012798808813095093 0.00736066997051239 0.05513671875
v -0.011523830890655519 0.009229860305786134 0.055087890625000004
v -0.00997821569442749 0.010882288217544556 0.0550390625
v -0.008198264241218566 0.012279146909713745 0.054990234375
v -0.006225777864456177 0.013387631177902221 0.05494140625
v -0.004107079803943634 0.014181709289550782 0.054892578125
v -0.001891927272081375 0.0146427321434021 0.054843750000000004
v 0.00036765675991773606 0.01475987195968628 0.054794921875
v 0.0026186063885688783 0.014530377388000488 0.05474609375
v 0.004808058440685273 0.013959640264511108 0.054697265625
v 0.006884593963623047 0.013061062097549439 0.0546484375
v 0.008799445629119874 0.011855747699737549 0.054599609375000004
v 0.010507643222808838 0.010372000932693482 0.05455078125
v 0.011969070434570312 0.008644670248031616 0.054501953125
v 0.013149405717849732 0.006714320778846741 0.054453125
v 0.014020929336547852 0.004626286029815674 0.054404296875
v 0.014563173055648804 0.002429603636264801 0.054355468750000004
v 0.014763402938842774 0.00017586227506399154 0.054306640625
v 0.014616916179656983 -0.0020820091664791106 0.0542578125
v 0.01412715196609497 -0.004290984869003296 0.054208984375
v 0.013305615186691284 -0.006399187445640564 0.05416015625
v 0.01217159628868103 -0.008357105851173401 0.054111328125000004
v 0.01075173020362854 -0.01011875867843628 0.0540625
v 0.009079360961914062 -0.0116427743434906 0.054013671875
v 0.007193763852119446 -0.012893360853195191 0.05396484375
v 0.0051392227411270145 -0.013841147422790528 0.053916015625
v 0.0029639872908592225 -0.01446387767791748 0.053867187500000004
v 0.0007191429287195205 -0.014746925830841065 0.053818359375
v -0.0015425902605056762 -0.014683643579483032 0.05376953125
v -0.003768095970153809 -0.014275518655776977 0.053720703125
v -0.005905108451843262 -0.013532135486602783 0.053671875
v -0.007903439998626709 -0.012470951080322265 0.053623046875000004
v -0.009716160893440247 -0.011116888523101807 0.05357421875
v -0.011300698518753052 -0.009501746892929078 0.053525390625
v -0.012619841098785401 -0.007663457989692688 0.0534765625
v -0.013642607927322388 -0.005645194649696351 0.053427734375
v -0.014344980716705322 -0.0034943538904190063 0.053378906250000004
v -0.014710463285446167 -0.001261449009180069 0.053330078125
v -0.014730472564697266 0.0010010808706283568 0.05328125
v -0.014404538869857788 0.0032401004433631896 0.053232421875
v -0.01374031662940979 0.0054030269384384155 0.05318359375
v -0.012753404378890991 0.007439063787460327 0.053134765625000004
v -0.01146697998046875 0.009300395250320434 0.0530859375
v -0.009911255836486816 0.010943307876586914 0.053037109375
v -0.008122766613960266 0.012329219579696656 0.05298828125
v -0.006143515706062317 0.013425580263137818 0.052939453125
v -0.004019984900951385 0.014206643104553223 0.052890625000000004
v -0.0018020455539226531 0.014654065370559693 0.052841796875
v 0.0004582146927714348 0.01475733757019043 0.05279296875
v 0.002707713842391968 0.014514037370681764 0.052744140625
v 0.004893622696399689 0.01392987608909607 0.0526953125
v 0.006964605450630188 0.01301857352256775 0.052646484375000004
v 0.00887202560901642 0.011801531314849853 0.05259765625
v 0.01057108759880066 0.010307332277297973 0.052548828125
v 0.012021888494491578 0.008571066856384278 0.0525
v 0.013190356492996215 0.0066335111856460575 0.052451171875
v 0.014049052000045777 0.004540168046951294 0.052402343750000004
v 0.014577807188034059 0.002340199947357178 0.052353515625
v 0.014764204025268554 8.5272416472435e-05 0.0523046875
v 0.014603865146636964 -0.002171657681465149 0.052255859375
v 0.014100557565689087 -0.004377586543560028 0.05220703125
v 0.013266099691390991 -0.006480708718299866 0.052158203125000004
v 0.012120089530944825 -0.008431631922721863 0.052109375
v 0.01068943977355957 -0.010184539556503296 0.052060546875
v 0.00900775134563446 -0.011698265075683594 0.05201171875
v 0.007114516496658325 -0.012937257289886475 0.051962890625
v 0.005054197907447815 -0.01387242078781128 0.051914062500000004
v 0.0028751826286315917 -0.014481792449951172 0.051865234375
v 0.0006286440044641495 -0.01475106120109558 0.05181640625
v -0.0016326583921909333 -0.014673901796340942 0.051767578125
v -0.003855617940425873 -0.014252129793167114 0.05171875
v -0.005988028645515442 -0.013495646715164185 0.051669921875000004
v -0.007979812026023865 -0.012422221899032594 0.05162109375
v -0.009784190058708191 -0.011057062149047852 0.051572265625
v -0.011358788013458252 -0.009432228207588196 0.0515234375
v -0.0126666259765625 -0.007585880160331726 0.051474609375
v -0.013676990270614624 -0.005561378598213196 0.051425781250000004
v -0.014366152286529542 -0.0034062689542770385 0.051376953125
v -0.014717926979064941 -0.0011711635440587998 0.051328125
v -0.014724053144454956 0.001091446503996849 0.051279296875
v -0.014384386539459228 0.003328424096107483 0.05123046875
v -0.013706904649734498 0.005487233996391296 0.051181640625000004
v -0.012707518339157104 0.007517176866531372 0.0511328125
v -0.011409697532653808 0.009370580315589905 0.051083984375
v -0.009843922257423402 0.011003916263580323 0.05103515625
v -0.008046963214874268 0.012378827333450318 0.050986328125
v -0.006061022281646729 0.013463022708892823 0.050937500000000004
v -0.0039327389001846316 0.014231041669845582 0.050888671875
v -0.0017120960354804994 0.014664846658706666 0.05083984375
v 0.0005487554147839546 0.014754248857498169 0.050791015625
v 0.0027967193722724915 0.014497148990631105 0.0507421875
v 0.00497900277376175 0.013899587392807007 0.050693359375000004
v 0.007044354677200318 0.01297559380531311 0.05064453125
v 0.008944271206855774 0.01174687147140503 0.050595703125
v 0.010634132623672486 0.010242274999618531 0.050546875
v 0.01207425355911255 0.008497140407562257 0.050498046875
v 0.013230811357498169 0.006552451848983765 0.050449218750000004
v 0.014076645374298096 0.004453879296779633 0.050400390625
v 0.014591891765594483 0.0022507080435752867 0.0503515625
v 0.01476444959640503 -5.320635391399265e-06 0.050302734375
v 0.01459026575088501 -0.002261224389076233 0.05025390625
v 0.014073431491851807 -0.00446402370929718 0.050205078125000004
v 0.01322608470916748 -0.006561985611915589 0.05015625
v 0.012068126201629639 -0.00850584089756012 0.050107421875
v 0.010626747608184814 -0.010249936580657959 0.05005859375
v 0.008935802578926087 -0.011753314733505249 0.050009765625
v 0.007035000920295715 -0.012980668544769288 0.049960937500000004
v 0.00496898353099823 -0.0139031720161438 0.049912109375
v 0.002786270081996918 -0.01449916124343872 0.04986328125
v 0.0005381213501095772 -0.014754639863967895 0.049814453125
v -0.0017226649820804595 -0.014663608074188234 0.049765625
v -0.003942994773387909 -0.014228203296661378 0.049716796875000004
v -0.006070724129676819 -0.013458651304244996 0.04966796875
v -0.008055883049964905 -0.012373024225234985 0.049619140625
v -0.009851850271224975 -0.010996818542480469 0.0495703125
v -0.01141644835472107 -0.009362354278564453 0.049521484375
v -0.0127129328250885 -0.007508016228675842 0.049472656250000004
v -0.013710856437683105 -0.00547735333442688 0.049423828125
v -0.014386781454086305 -0.0033180558681488036 0.049375
v -0.014724835157394409 -0.0010808340460062027 0.049326171875
v -0.01471707820892334 0.0011817710101604461 0.04927734375
v -0.014363692998886108 0.003416622281074524 0.049228515625000004
v -0.013672977685928345 0.005571234822273254 0.0491796875
v -0.012661155462265015 0.007595007419586182 0.049130859375
v -0.011351985931396484 0.009440412521362304 0.04908203125
v -0.009776217937469482 0.01106411099433899 0.049033203125
v -0.007970856428146362 0.012427970170974731 0.048984375000000004
v -0.005978300571441651 0.013499959707260131 0.048935546875
v -0.0038453450798988345 0.014254904985427856 0.04888671875
v -0.001622081995010376 0.014675074815750122 0.048837890625
v 0.000639275461435318 0.014750603437423706 0.0487890625
v 0.002885619401931763 0.014479715824127198 0.048740234375000004
v 0.0050641953945159916 0.013868774175643922 0.04869140625
v 0.007123839259147644 0.01293212652206421 0.048642578125
v 0.009016180634498596 0.011691769361495971 0.04859375
v 0.010696778297424317 0.010176832675933839 0.048544921875
v 0.012126163244247437 0.008422894477844238 0.048496093750000004
v 0.013270766735076905 0.006471145749092102 0.048447265625
v 0.014103708267211914 0.004367422759532929 0.0483984375
v 0.014605426788330078 0.002161131501197815 0.048349609375
v 0.014764138460159303 -9.59134940057993e-05 0.04830078125
v 0.014576116800308228 -0.0023507060110569 0.048251953125000004
v 0.014045776128768922 -0.004550292491912842 0.048203125
v 0.013185572624206544 -0.006643016338348389 0.048154296875
v 0.012015707492828369 -0.008579729199409485 0.04810546875
v 0.010563654899597168 -0.010314948558807373 0.048056640625
v 0.008863517642021179 -0.011807923316955567 0.048007812500000004
v 0.006955220699310303 -0.013023589849472047 0.047958984375
v 0.004883581697940826 -0.013933398723602296 0.04791015625
v 0.002697252333164215 -0.014515985250473023 0.047861328125
v 0.00044757843017578124 -0.0147576642036438 0.0478125
v -0.0018126067519187927 -0.014652762413024902 0.047763671875000004
v -0.0040302231907844545 -0.014203741550445556 0.04771484375
v -0.006153190135955811 -0.013421149253845216 0.047666015625
v -0.008131650686264038 -0.01232336163520813 0.0476171875
v -0.009919140338897705 -0.010936162471771241 0.047568359375
v -0.0114736807346344 -0.009292128086090088 0.047519531250000004
v -0.0127587628364563 -0.007429869771003723 0.047470703125
v -0.013744206428527833 -0.005393122434616089 0.047421875
v -0.014406870603561401 -0.0032297176122665404 0.047373046875
v -0.014731190204620362 -0.0009904637932777404 0.04732421875
v -0.014709550142288209 0.0012720510363578798 0.047275390625000004
v -0.014342458248138429 0.003504692018032074 0.0472265625
v -0.013638535737991333 0.005655025839805603 0.047177734375
v -0.012614314556121827 0.007672551870346069 0.04712890625
v -0.011293847560882569 0.009509888887405395 0.047080078125
v -0.0097081458568573 0.011123888492584229 0.047031250000000004
v -0.007894449830055238 0.012476644515991212 0.046982421875
v -0.005895353555679321 0.01353638768196106 0.04693359375
v -0.003757806122303009 0.014278230667114257 0.046884765625
v -0.001532006859779358 0.014684752225875855 0.0468359375
v 0.0007297714054584504 0.014746403694152832 0.046787109375000004
v 0.0029744109511375427 0.014461737871170045 0.04673828125
v 0.005149196982383728 0.013837440013885498 0.046689453125
v 0.007203055024147034 0.012888171672821046 0.046640625
v 0.009087749719619752 0.011636227369308472 0.046591796875
v 0.010759021043777467 0.010111006498336792 0.046542968750000004
v 0.012177616357803345 0.008348330855369568 0.046494140625
v 0.013310223817825317 0.006389595866203308 0.0464453125
v 0.014130241870880127 0.004280801713466644 0.046396484375
v 0.014618412256240845 0.0020714735984802245 0.04634765625
v 0.014763271808624268 -0.00018650272861123085 0.046298828125000004
v 0.014561418294906616 -0.0024400991201400757 0.04625
v 0.01401759147644043 -0.004636390209197998 0.046201171875
v 0.013144563436508178 -0.006723796129226685 0.04615234375
v 0.011962836980819702 -0.008653295040130616 0.046103515625
v 0.010500165224075318 -0.010379571914672852 0.046054687500000004
v 0.008790898323059083 -0.011862086057662964 0.046005859375
v 0.006875178813934326 -0.01306602120399475 0.04595703125
v 0.004797995984554291 -0.013963102102279664 0.045908203125
v 0.0026081332564353945 -0.014532262086868286 0.045859375
v 0.0003570186719298363 -0.014760133028030396 0.045810546875000004
v -0.0019024802744388582 -0.014641364812850952 0.04576171875
v -0.0041172999143600465 -0.014178745746612549 0.045712890625
v -0.006235424876213074 -0.013383140563964844 0.0456640625
v -0.008207112550735474 -0.012273235321044922 0.045615234375
v -0.009986056685447693 -0.010875093936920167 0.045566406250000004
v -0.011530479192733764 -0.009221552014350891 0.045517578125
v -0.012804111242294311 -0.007351443767547608 0.04546875
v -0.013777039051055909 -0.005308687686920166 0.045419921875
v -0.014426416158676148 -0.0031412580609321596 0.04537109375
v -0.014736989736557007 -0.0009000562876462937 0.045322265625000004
v -0.014701467752456666 0.0013622832298278808 0.0452734375
v -0.014320684671401978 0.003592629730701447 0.045224609375
v -0.013603581190109253 0.005738603472709656 0.04517578125
v -0.012566999197006226 0.0077498072385787965 0.045126953125
v -0.011235283613204956 0.009579007625579835 0.045078125000000004
v -0.009639708399772644 0.011183246374130248 0.045029296875
v -0.007817745804786683 0.012524847984313966 0.04498046875
v -0.005812185406684876 0.01357230544090271 0.044931640625
v -0.0036701259016990663 0.014301019906997682 0.0448828125
v -0.0014418740570545196 0.014693875312805176 0.044833984375000004
v 0.000820239931344986 0.014741648435592652 0.04478515625
v 0.003063090741634369 0.014443215131759644 0.044736328125
v 0.005234004855155945 0.013805584907531738 0.0446875
v 0.007281999588012696 0.012843732833862306 0.044638671875
v 0.009158977270126344 0.011580246686935426 0.044589843750000004
v 0.010820858478546143 0.010044800043106079 0.044541015625
v 0.012228611707687378 0.008273453712463378 0.0444921875
v 0.013349179029464722 0.006307805776596069 0.044443359375
v 0.014156241416931153 0.004194019734859467 0.04439453125
v 0.014630846977233887 0.0019817377626895906 0.044345703125000004
v 0.014761849641799926 -0.00027708496898412707 0.044296875
v 0.014546171426773072 -0.002529400289058685 0.044248046875
v 0.013988878726959229 -0.004722313284873963 0.04419921875
v 0.01310305953025818 -0.006804323196411133 0.044150390625
v 0.011909515857696534 -0.008726534247398377 0.044101562500000004
v 0.010436279773712158 -0.010443804264068603 0.044052734375
v 0.00871794879436493 -0.011915802955627441 0.04400390625
v 0.006794877648353577 -0.013107960224151612 0.043955078125
v 0.004712229669094086 -0.013992278575897217 0.04390625
v 0.0025189158320426943 -0.014547991752624513 0.043857421875000004
v 0.00026644548401236537 -0.014762045145034791 0.04380859375
v -0.0019922822713851927 -0.014629415273666383 0.043759765625
v -0.004204221367835999 -0.014153215885162353 0.0437109375
v -0.0063174253702163695 -0.013344628810882568 0.043662109375
v -0.008282265067100525 -0.01222264528274536 0.043613281250000004
v -0.010052597522735596 -0.010813615322113038 0.043564453125
v -0.01158684492111206 -0.009150629043579103 0.043515625
v -0.01284897804260254 -0.007272740602493286 0.043466796875
v -0.013809353113174438 -0.005224053263664246 0.04341796875
v -0.014445419311523438 -0.003052680194377899 0.043369140625000004
v -0.014742234945297241 -0.0008096148818731308 0.0433203125
v -0.014692832231521607 0.0014524640142917634 0.043271484375
v -0.014298371076583863 0.003680432140827179 0.04322265625
v -0.01356811285018921 0.00582196593284607 0.043173828125
v -0.012519210577011108 0.007826771140098571 0.043125000000000004
v -0.01117629647254944 0.009647765755653381 0.043076171875
v -0.009570907950401306 0.01124218463897705 0.04302734375
v -0.007740747928619385 0.01257258176803589 0.042978515625
v -0.005728797316551209 0.013607712984085083 0.0429296875
v -0.0035823073983192446 0.014323270320892334 0.042880859375000004
v -0.001351687014102936 0.014702446460723877 0.04283203125
v 0.0009106775373220444 0.014736337661743164 0.042783203125
v 0.003151654899120331 0.014424148797988891 0.042734375
v 0.005318616032600403 0.013773210048675537 0.042685546875
v 0.00736066997051239 0.012798808813095093 0.042636718750000004
v 0.009229860305786134 0.011523830890655519 0.042587890625
v 0.010882288217544556 0.00997821569442749 0.0425390625
v 0.012279146909713745 0.008198264241218566 0.042490234375
v 0.013387631177902221 0.006225777864456177 0.04244140625
v 0.014181709289550782 0.004107079803943634 0.042392578125000004
v 0.0146427321434021 0.001891927272081375 0.04234375
v 0.01475987195968628 -0.00036765675991773606 0.042294921875
v 0.014530377388000488 -0.0026186063885688783 0.04224609375
v 0.013959640264511108 -0.004808058440685273 0.042197265625
v 0.013061062097549439 -0.006884593963623047 0.042148437500000004
v 0.011855747699737549 -0.008799445629119874 0.042099609375
v 0.010372000932693482 -0.010507643222808838 0.04205078125
v 0.008644670248031616 -0.011969070434570312 0.042001953125
v 0.006714320778846741 -0.013149405717849732 0.041953125
v 0.004626286029815674 -0.014020929336547852 0.041904296875000004
v 0.002429603636264801 -0.014563173055648804 0.04185546875
v 0.00017586227506399154 -0.014763402938842774 0.041806640625
v -0.0020820091664791106 -0.014616916179656983 0.0417578125
v -0.004290984869003296 -0.01412715196609497 0.041708984375
v -0.006399187445640564 -0.013305615186691284 0.041660156250000004
v -0.008357105851173401 -0.01217159628868103 0.041611328125
v -0.01011875867843628 -0.01075173020362854 0.0415625
v -0.0116427743434906 -0.009079360961914062 0.041513671875
v -0.012893360853195191 -0.007193763852119446 0.04146484375
v -0.013841147422790528 -0.0051392227411270145 0.041416015625000004
v -0.01446387767791748 -0.0029639872908592225 0.0413671875
v -0.014746925830841065 -0.0007191429287195205 0.041318359375
v -0.014683643579483032 0.0015425902605056762 0.04126953125
v -0.014275518655776977 0.003768095970153809 0.041220703125
v -0.013532135486602783 0.005905108451843262 0.041171875000000004
v -0.012470951080322265 0.007903439998626709 0.041123046875
v -0.011116888523101807 0.009716160893440247 0.04107421875
v -0.009501746892929078 0.011300698518753052 0.041025390625
v -0.007663457989692688 0.012619841098785401 0.0409765625
v -0.005645194649696351 0.013642607927322388 0.040927734375000004
v -0.0034943538904190063 0.014344980716705322 0.04087890625
v -0.001261449009180069 0.014710463285446167 0.040830078125
v 0.0010010808706283568 0.014730472564697266 0.04078125
v 0.0032401004433631896 0.014404538869857788 0.040732421875
v 0.0054030269384384155 0.01374031662940979 0.040683593750000004
v 0.007439063787460327 0.012753404378890991 0.040634765625
v 0.009300395250320434 0.01146697998046875 0.0405859375
v 0.010943307876586914 0.009911255836486816 0.040537109375
v 0.012329219579696656 0.008122766613960266 0.04048828125
v 0.013425580263137818 0.006143515706062317 0.040439453125000004
v 0.014206643104553223 0.004019984900951385 0.040390625
v 0.014654065370559693 0.0018020455539226531 0.040341796875
v 0.01475733757019043 -0.0004582146927714348 0.04029296875
v 0.014514037370681764 -0.002707713842391968 0.040244140625
v 0.01392987608909607 -0.004893622696399689 0.040195312500000004
v 0.01301857352256775 -0.006964605450630188 0.040146484375
v 0.011801531314849853 -0.00887202560901642 0.04009765625
v 0.010307332277297973 -0.01057108759880066 0.040048828125
v 0.008571066856384278 -0.012021888494491578 0.04
v 0.0066335111856460575 -0.013190356492996215 0.039951171875000004
v 0.004540168046951294 -0.014049052000045777 0.03990234375
v 0.002340199947357178 -0.014577807188034059 0.039853515625
v 8.5272416472435e-05 -0.014764204025268554 0.0398046875
v -0.002171657681465149 -0.014603865146636964 0.039755859375
v -0.004377586543560028 -0.014100557565689087 0.039707031250000004
v -0.006480708718299866 -0.013266099691390991 0.039658203125
v -0.008431631922721863 -0.012120089530944825 0.039609375
v -0.010184539556503296 -0.01068943977355957 0.039560546875
v -0.011698265075683594 -0.00900775134563446 0.03951171875
v -0.012937257289886475 -0.007114516496658325 0.039462890625000004
v -0.01387242078781128 -0.005054197907447815 0.0394140625
v -0.014481792449951172 -0.0028751826286315917 0.039365234375
v -0.01475106120109558 -0.0006286440044641495 0.03931640625
v -0.014673901796340942 0.0016326583921909333 0.039267578125
v -0.014252129793167114 0.003855617940425873 0.039218750000000004
v -0.013495646715164185 0.005988028645515442 0.039169921875
v -0.012422221899032594 0.007979812026023865 0.03912109375
v -0.011057062149047852 0.009784190058708191 0.039072265625
v -0.009432228207588196 0.011358788013458252 0.0390234375
v -0.007585880160331726 0.0126666259765625 0.038974609375000004
v -0.005561378598213196 0.013676990270614624 0.03892578125
v -0.0034062689542770385 0.014366152286529542 0.038876953125
v -0.0011711635440587998 0.014717926979064941 0.038828125
v 0.001091446503996849 0.014724053144454956 0.038779296875
v 0.003328424096107483 0.014384386539459228 0.038730468750000004
v 0.005487233996391296 0.013706904649734498 0.038681640625
v 0.007517176866531372 0.012707518339157104 0.0386328125
v 0.009370580315589905 0.011409697532653808 0.038583984375
v 0.011003916263580323 0.009843922257423402 0.03853515625
v 0.012378827333450318 0.008046963214874268 0.038486328125000004
v 0.013463022708892823 0.006061022281646729 0.0384375
v 0.014231041669845582 0.0039327389001846316 0.038388671875
v 0.014664846658706666 0.0017120960354804994 0.03833984375
v 0.014754248857498169 -0.0005487554147839546 0.038291015625
v 0.014497148990631105 -0.0027967193722724915 0.038242187500000004
v 0.013899587392807007 -0.00497900277376175 0.038193359375
v 0.01297559380531311 -0.007044354677200318 0.03814453125
v 0.01174687147140503 -0.008944271206855774 0.038095703125
v 0.010242274999618531 -0.010634132623672486 0.038046875
v 0.008497140407562257 -0.01207425355911255 0.037998046875000004
v 0.006552451848983765 -0.013230811357498169 0.03794921875
v 0.004453879296779633 -0.014076645374298096 0.037900390625
v 0.0022507080435752867 -0.014591891765594483 0.0378515625
v -5.320635391399265e-06 -0.01476444959640503 0.037802734375
v -0.002261224389076233 -0.01459026575088501 0.037753906250000004
v -0.00446402370929718 -0.014073431491851807 0.037705078125
v -0.006561985611915589 -0.01322608470916748 0.03765625
v -0.00850584089756012 -0.012068126201629639 0.037607421875
v -0.010249936580657959 -0.010626747608184814 0.03755859375
v -0.011753314733505249 -0.008935802578926087 0.037509765625000004
v -0.012980668544769288 -0.007035000920295715 0.0374609375
v -0.0139031720161438 -0.00496898353099823 0.037412109375
v -0.01449916124343872 -0.002786270081996918 0.03736328125
v -0.014754639863967895 -0.0005381213501095772 0.037314453125
v -0.014663608074188234 0.0017226649820804595 0.037265625000000004
v -0.014228203296661378 0.003942994773387909 0.037216796875
v -0.013458651304244996 0.006070724129676819 0.03716796875
v -0.012373024225234985 0.008055883049964905 0.037119140625
v -0.010996818542480469 0.009851850271224975 0.0370703125
v -0.009362354278564453 0.01141644835472107 0.037021484375000004
v -0.007508016228675842 0.0127129328250885 0.03697265625
v -0.00547735333442688 0.013710856437683105 0.036923828125
v -0.0033180558681488036 0.014386781454086305 0.036875
v -0.0010808340460062027 0.014724835157394409 0.036826171875
v 0.0011817710101604461 0.01471707820892334 0.036777343750000004
v 0.003416622281074524 0.014363692998886108 0.036728515625
v 0.005571234822273254 0.013672977685928345 0.0366796875
v 0.007595007419586182 0.012661155462265015 0.036630859375
v 0.009440412521362304 0.011351985931396484 0.03658203125
v 0.01106411099433899 0.009776217937469482 0.036533203125000004
v 0.012427970170974731 0.007970856428146362 0.036484375
v 0.013499959707260131 0.005978300571441651 0.036435546875
v 0.014254904985427856 0.0038453450798988345 0.03638671875
v 0.014675074815750122 0.001622081995010376 0.036337890625
v 0.014750603437423706 -0.000639275461435318 0.036289062500000004
v 0.014479715824127198 -0.002885619401931763 0.036240234375
v 0.013868774175643922 -0.0050641953945159916 0.03619140625
v 0.01293212652206421 -0.007123839259147644 0.036142578125
v 0.011691769361495971 -0.009016180634498596 0.03609375
v 0.010176832675933839 -0.010696778297424317 0.036044921875000004
v 0.008422894477844238 -0.012126163244247437 0.03599609375
v 0.006471145749092102 -0.013270766735076905 0.035947265625
v 0.004367422759532929 -0.014103708267211914 0.0358984375
v 0.002161131501197815 -0.014605426788330078 0.035849609375
v -9.59134940057993e-05 -0.014764138460159303 0.035800781250000004
v -0.0023507060110569 -0.014576116800308228 0.035751953125
v -0.004550292491912842 -0.014045776128768922 0.035703125
v -0.006643016338348389 -0.013185572624206544 0.035654296875
v -0.008579729199409485 -0.012015707492828369 0.03560546875
v -0.010314948558807373 -0.010563654899597168 0.035556640625000004
v -0.011807923316955567 -0.008863517642021179 0.0355078125
v -0.013023589849472047 -0.006955220699310303 0.035458984375
v -0.013933398723602296 -0.004883581697940826 0.03541015625
v -0.014515985250473023 -0.002697252333164215 0.035361328125
v -0.0147576642036438 -0.00044757843017578124 0.035312500000000004
v -0.014652762413024902 0.0018126067519187927 0.035263671875
v -0.014203741550445556 0.0040302231907844545 0.03521484375
v -0.013421149253845216 0.006153190135955811 0.035166015625
v -0.01232336163520813 0.008131650686264038 0.0351171875
v -0.010936162471771241 0.009919140338897705 0.035068359375000004
v -0.009292128086090088 0.0114736807346344 0.03501953125
v -0.007429869771003723 0.0127587628364563 0.034970703125
v -0.005393122434616089 0.013744206428527833 0.034921875
v -0.0032297176122665404 0.014406870603561401 0.034873046875
v -0.0009904637932777404 0.014731190204620362 0.034824218750000004
v 0.0012720510363578798 0.014709550142288209 0.034775390625
v 0.003504692018032074 0.014342458248138429 0.0347265625
v 0.005655025839805603 0.013638535737991333 0.034677734375
v 0.007672551870346069 0.012614314556121827 0.03462890625
v 0.009509888887405395 0.011293847560882569 0.034580078125000004
v 0.011123888492584229 0.0097081458568573 0.03453125
v 0.012476644515991212 0.007894449830055238 0.034482421875
v 0.01353638768196106 0.005895353555679321 0.03443359375
v 0.014278230667114257 0.003757806122303009 0.034384765625
v 0.014684752225875855 0.001532006859779358 0.034335937500000004
v 0.014746403694152832 -0.0007297714054584504 0.034287109375
v 0.014461737871170045 -0.0029744109511375427 0.03423828125
v 0.013837440013885498 -0.005149196982383728 0.034189453125
v 0.012888171672821046 -0.007203055024147034 0.034140625
v 0.011636227369308472 -0.009087749719619752 0.034091796875000004
v 0.010111006498336792 -0.010759021043777467 0.03404296875
v 0.008348330855369568 -0.012177616357803345 0.033994140625
v 0.006389595866203308 -0.013310223817825317 0.0339453125
v 0.004280801713466644 -0.014130241870880127 0.033896484375
v 0.0020714735984802245 -0.014618412256240845 0.033847656250000004
v -0.00018650272861123085 -0.014763271808624268 0.033798828125
v -0.0024400991201400757 -0.014561418294906616 0.03375
v -0.004636390209197998 -0.01401759147644043 0.033701171875
v -0.006723796129226685 -0.013144563436508178 0.03365234375
v -0.008653295040130616 -0.011962836980819702 0.033603515625000004
v -0.010379571914672852 -0.010500165224075318 0.0335546875
v -0.011862086057662964 -0.008790898323059083 0.033505859375
v -0.01306602120399475 -0.006875178813934326 0.03345703125
v -0.013963102102279664 -0.004797995984554291 0.033408203125
v -0.014532262086868286 -0.0026081332564353945 0.033359375000000004
v -0.014760133028030396 -0.0003570186719298363 0.033310546875
v -0.014641364812850952 0.0019024802744388582 0.03326171875
v -0.014178745746612549 0.0041172999143600465 0.033212890625
v -0.013383140563964844 0.006235424876213074 0.0331640625
v -0.012273235321044922 0.008207112550735474 0.033115234375000004
v -0.010875093936920167 0.009986056685447693 0.03306640625
v -0.009221552014350891 0.011530479192733764 0.033017578125
v -0.007351443767547608 0.012804111242294311 0.03296875
v -0.005308687686920166 0.013777039051055909 0.032919921875
v -0.0031412580609321596 0.014426416158676148 0.032871093750000004
v -0.0009000562876462937 0.014736989736557007 0.032822265625
v 0.0013622832298278808 0.014701467752456666 0.0327734375
v 0.003592629730701447 0.014320684671401978 0.032724609375
v 0.005738603472709656 0.013603581190109253 0.03267578125
v 0.0077498072385787965 0.012566999197006226 0.032626953125000004
v 0.009579007625579835 0.011235283613204956 0.032578125
v 0.011183246374130248 0.009639708399772644 0.032529296875
v 0.012524847984313966 0.007817745804786683 0.03248046875
v 0.01357230544090271 0.005812185406684876 0.032431640625
v 0.014301019906997682 0.0036701259016990663 0.032382812500000004
v 0.014693875312805176 0.0014418740570545196 0.032333984375
v 0.014741648435592652 -0.000820239931344986 0.03228515625
v 0.014443215131759644 -0.003063090741634369 0.032236328125
v 0.013805584907531738 -0.005234004855155945 0.0321875
v 0.012843732833862306 -0.007281999588012696 0.032138671875000004
v 0.011580246686935426 -0.009158977270126344 0.03208984375
v 0.010044800043106079 -0.010820858478546143 0.032041015625
v 0.008273453712463378 -0.012228611707687378 0.0319921875
v 0.006307805776596069 -0.013349179029464722 0.031943359375
v 0.004194019734859467 -0.014156241416931153 0.031894531250000004
v 0.0019817377626895906 -0.014630846977233887 0.031845703125
v -0.00027708496898412707 -0.014761849641799926 0.031796875
v -0.002529400289058685 -0.014546171426773072 0.031748046875
v -0.004722313284873963 -0.013988878726959229 0.03169921875
v -0.006804323196411133 -0.01310305953025818 0.031650390625000004
v -0.008726534247398377 -0.011909515857696534 0.0316015625
v -0.010443804264068603 -0.010436279773712158 0.031552734375
v -0.011915802955627441 -0.00871794879436493 0.03150390625
v -0.013107960224151612 -0.006794877648353577 0.031455078125
v -0.013992278575897217 -0.004712229669094086 0.031406250000000004
v -0.014547991752624513 -0.0025189158320426943 0.031357421875
v -0.014762045145034791 -0.00026644548401236537 0.03130859375
v -0.014629415273666383 0.0019922822713851927 0.031259765625
v -0.014153215885162353 0.004204221367835999 0.0312109375
v -0.013344628810882568 0.0063174253702163695 0.031162109375
v -0.01222264528274536 0.008282265067100525 0.03111328125
v -0.010813615322113038 0.010052597522735596 0.031064453125000002
v -0.009150629043579103 0.01158684492111206 0.031015625
v -0.007272740602493286 0.01284897804260254 0.030966796875
v -0.005224053263664246 0.013809353113174438 0.03091796875
v -0.003052680194377899 0.014445419311523438 0.030869140625
v -0.0008096148818731308 0.014742234945297241 0.030820312500000002
v 0.0014524640142917634 0.014692832231521607 0.030771484375
v 0.003680432140827179 0.014298371076583863 0.03072265625
v 0.00582196593284607 0.01356811285018921 0.030673828125
v 0.007826771140098571 0.012519210577011108 0.030625
v 0.009647765755653381 0.01117629647254944 0.030576171875000002
v 0.01124218463897705 0.009570907950401306 0.03052734375
v 0.01257258176803589 0.007740747928619385 0.030478515625
v 0.013607712984085083 0.005728797316551209 0.0304296875
v 0.014323270320892334 0.0035823073983192446 0.030380859375
v 0.014702446460723877 0.001351687014102936 0.030332031250000002
v 0.014736337661743164 -0.0009106775373220444 0.030283203125
v 0.014424148797988891 -0.003151654899120331 0.030234375
v 0.013773210048675537 -0.005318616032600403 0.030185546875
v 0.012798808813095093 -0.00736066997051239 0.03013671875
v 0.011523830890655519 -0.009229860305786134 0.030087890625000002
v 0.00997821569442749 -0.010882288217544556 0.0300390625
v 0.008198264241218566 -0.012279146909713745 0.029990234375
v 0.006225777864456177 -0.013387631177902221 0.02994140625
v 0.004107079803943634 -0.014181709289550782 0.029892578125
v 0.001891927272081375 -0.0146427321434021 0.029843750000000002
v -0.00036765675991773606 -0.01475987195968628 0.029794921875
v -0.0026186063885688783 -0.014530377388000488 0.02974609375
v -0.004808058440685273 -0.013959640264511108 0.029697265625
v -0.006884593963623047 -0.013061062097549439 0.0296484375
v -0.008799445629119874 -0.011855747699737549 0.029599609375000002
v -0.010507643222808838 -0.010372000932693482 0.02955078125
v -0.011969070434570312 -0.008644670248031616 0.029501953125
v -0.013149405717849732 -0.006714320778846741 0.029453125
v -0.014020929336547852 -0.004626286029815674 0.029404296875
v -0.014563173055648804 -0.002429603636264801 0.029355468750000002
v -0.014763402938842774 -0.00017586227506399154 0.029306640625
v -0.014616916179656983 0.0020820091664791106 0.0292578125
v -0.01412715196609497 0.004290984869003296 0.029208984375
v -0.013305615186691284 0.006399187445640564 0.02916015625
v -0.01217159628868103 0.008357105851173401 0.029111328125000002
v -0.01075173020362854 0.01011875867843628 0.0290625
v -0.009079360961914062 0.0116427743434906 0.029013671875
v -0.007193763852119446 0.012893360853195191 0.02896484375
v -0.0051392227411270145 0.013841147422790528 0.028916015625
v -0.0029639872908592225 0.01446387767791748 0.028867187500000002
v -0.0007191429287195205 0.014746925830841065 0.028818359375
v 0.0015425902605056762 0.014683643579483032 0.02876953125
v 0.003768095970153809 0.014275518655776977 0.028720703125
v 0.005905108451843262 0.013532135486602783 0.028671875
v 0.007903439998626709 0.012470951080322265 0.028623046875000002
v 0.009716160893440247 0.011116888523101807 0.02857421875
v 0.011300698518753052 0.009501746892929078 0.028525390625
v 0.012619841098785401 0.007663457989692688 0.0284765625
v 0.013642607927322388 0.005645194649696351 0.028427734375
v 0.014344980716705322 0.0034943538904190063 0.028378906250000002
v 0.014710463285446167 0.001261449009180069 0.028330078125
v 0.014730472564697266 -0.0010010808706283568 0.02828125
v 0.014404538869857788 -0.0032401004433631896 0.028232421875
v 0.01374031662940979 -0.0054030269384384155 0.02818359375
v 0.012753404378890991 -0.007439063787460327 0.028134765625000002
v 0.01146697998046875 -0.009300395250320434 0.0280859375
v 0.009911255836486816 -0.010943307876586914 0.028037109375
v 0.008122766613960266 -0.012329219579696656 0.02798828125
v 0.006143515706062317 -0.013425580263137818 0.027939453125
v 0.004019984900951385 -0.014206643104553223 0.027890625000000002
v 0.0018020455539226531 -0.014654065370559693 0.027841796875
v -0.0004582146927714348 -0.01475733757019043 0.02779296875
v -0.002707713842391968 -0.014514037370681764 0.027744140625
v -0.004893622696399689 -0.01392987608909607 0.0276953125
v -0.006964605450630188 -0.01301857352256775 0.027646484375000002
v -0.00887202560901642 -0.011801531314849853 0.02759765625
v -0.01057108759880066 -0.010307332277297973 0.027548828125
v -0.012021888494491578 -0.008571066856384278 0.0275
v -0.013190356492996215 -0.0066335111856460575 0.027451171875
v -0.014049052000045777 -0.004540168046951294 0.027402343750000002
v -0.014577807188034059 -0.002340199947357178 0.027353515625
v -0.014764204025268554 -8.5272416472435e-05 0.0273046875
v -0.014603865146636964 0.002171657681465149 0.027255859375
v -0.014100557565689087 0.004377586543560028 0.02720703125
v -0.013266099691390991 0.006480708718299866 0.027158203125000002
v -0.012120089530944825 0.008431631922721863 0.027109375
v -0.01068943977355957 0.010184539556503296 0.027060546875
v -0.00900775134563446 0.011698265075683594 0.02701171875
v -0.007114516496658325 0.012937257289886475 0.026962890625
v -0.005054197907447815 0.01387242078781128 0.026914062500000002
v -0.0028751826286315917 0.014481792449951172 0.026865234375
v -0.0006286440044641495 0.01475106120109558 0.02681640625
v 0.0016326583921909333 0.014673901796340942 0.026767578125
v 0.003855617940425873 0.014252129793167114 0.02671875
v 0.005988028645515442 0.013495646715164185 0.026669921875000002
v 0.007979812026023865 0.012422221899032594 0.02662109375
v 0.009784190058708191 0.011057062149047852 0.026572265625
v 0.011358788013458252 0.009432228207588196 0.0265234375
v 0.0126666259765625 0.007585880160331726 0.026474609375
v 0.013676990270614624 0.005561378598213196 0.026425781250000002
v 0.014366152286529542 0.0034062689542770385 0.026376953125
v 0.014717926979064941 0.0011711635440587998 0.026328125
v 0.014724053144454956 -0.001091446503996849 0.026279296875
v 0.014384386539459228 -0.003328424096107483 0.02623046875
v 0.013706904649734498 -0.005487233996391296 0.026181640625000002
v 0.012707518339157104 -0.007517176866531372 0.0261328125
v 0.011409697532653808 -0.009370580315589905 0.026083984375
v 0.009843922257423402 -0.011003916263580323 0.02603515625
v 0.008046963214874268 -0.012378827333450318 0.025986328125
v 0.006061022281646729 -0.013463022708892823 0.025937500000000002
v 0.0039327389001846316 -0.014231041669845582 0.025888671875
v 0.0017120960354804994 -0.014664846658706666 0.02583984375
v -0.0005487554147839546 -0.014754248857498169 0.025791015625
v -0.0027967193722724915 -0.014497148990631105 0.0257421875
v -0.00497900277376175 -0.013899587392807007 0.025693359375000002
v -0.007044354677200318 -0.01297559380531311 0.02564453125
v -0.008944271206855774 -0.01174687147140503 0.025595703125
v -0.010634132623672486 -0.010242274999618531 0.025546875
v -0.01207425355911255 -0.008497140407562257 0.025498046875
v -0.013230811357498169 -0.006552451848983765 0.025449218750000002
v -0.014076645374298096 -0.004453879296779633 0.025400390625
v -0.014591891765594483 -0.0022507080435752867 0.0253515625
v -0.01476444959640503 5.320635391399265e-06 0.025302734375
v -0.01459026575088501 0.002261224389076233 0.02525390625
v -0.014073431491851807 0.00446402370929718 0.025205078125000002
v -0.01322608470916748 0.006561985611915589 0.02515625
v -0.012068126201629639 0.00850584089756012 0.025107421875
v -0.010626747608184814 0.010249936580657959 0.02505859375
v -0.008935802578926087 0.011753314733505249 0.025009765625
v -0.007035000920295715 0.012980668544769288 0.024960937500000002
v -0.00496898353099823 0.0139031720161438 0.024912109375
v -0.002786270081996918 0.01449916124343872 0.02486328125
v -0.0005381213501095772 0.014754639863967895 0.024814453125
v 0.0017226649820804595 0.014663608074188234 0.024765625
v 0.003942994773387909 0.014228203296661378 0.024716796875000002
v 0.006070724129676819 0.013458651304244996 0.02466796875
v 0.008055883049964905 0.012373024225234985 0.024619140625
v 0.009851850271224975 0.010996818542480469 0.0245703125
v 0.01141644835472107 0.009362354278564453 0.024521484375
v 0.0127129328250885 0.007508016228675842 0.024472656250000002
v 0.013710856437683105 0.00547735333442688 0.024423828125
v 0.014386781454086305 0.0033180558681488036 0.024375
v 0.014724835157394409 0.0010808340460062027 0.024326171875
v 0.01471707820892334 -0.0011817710101604461 0.02427734375
v 0.014363692998886108 -0.003416622281074524 0.024228515625000002
v 0.013672977685928345 -0.005571234822273254 0.0241796875
v 0.012661155462265015 -0.007595007419586182 0.024130859375
v 0.011351985931396484 -0.009440412521362304 0.02408203125
v 0.009776217937469482 -0.01106411099433899 0.024033203125
v 0.007970856428146362 -0.012427970170974731 0.023984375000000002
v 0.005978300571441651 -0.013499959707260131 0.023935546875
v 0.0038453450798988345 -0.014254904985427856 0.02388671875
v 0.001622081995010376 -0.014675074815750122 0.023837890625
v -0.000639275461435318 -0.014750603437423706 0.0237890625
v -0.002885619401931763 -0.014479715824127198 0.023740234375000002
v -0.0050641953945159916 -0.013868774175643922 0.02369140625
v -0.007123839259147644 -0.01293212652206421 0.023642578125
v -0.009016180634498596 -0.011691769361495971 0.02359375
v -0.010696778297424317 -0.010176832675933839 0.023544921875
v -0.012126163244247437 -0.008422894477844238 0.023496093750000002
v -0.013270766735076905 -0.006471145749092102 0.023447265625
v -0.014103708267211914 -0.004367422759532929 0.0233984375
v -0.014605426788330078 -0.002161131501197815 0.023349609375
v -0.014764138460159303 9.59134940057993e-05 0.02330078125
v -0.014576116800308228 0.0023507060110569 0.023251953125
v -0.014045776128768922 0.004550292491912842 0.023203125
v -0.013185572624206544 0.006643016338348389 0.023154296875
v -0.012015707492828369 0.008579729199409485 0.02310546875
v -0.010563654899597168 0.010314948558807373 0.023056640625
v -0.008863517642021179 0.011807923316955567 0.0230078125
v -0.006955220699310303 0.013023589849472047 0.022958984375
v -0.004883581697940826 0.013933398723602296 0.02291015625
v -0.002697252333164215 0.014515985250473023 0.022861328125
v -0.00044757843017578124 0.0147576642036438 0.0228125
v 0.0018126067519187927 0.014652762413024902 0.022763671875
v 0.0040302231907844545 0.014203741550445556 0.02271484375
v 0.006153190135955811 0.013421149253845216 0.022666015625
v 0.008131650686264038 0.01232336163520813 0.0226171875
v 0.009919140338897705 0.010936162471771241 0.022568359375
v 0.0114736807346344 0.009292128086090088 0.02251953125
v 0.0127587628364563 0.007429869771003723 0.022470703125
v 0.013744206428527833 0.005393122434616089 0.022421875
v 0.014406870603561401 0.0032297176122665404 0.022373046875
v 0.014731190204620362 0.0009904637932777404 0.02232421875
v 0.014709550142288209 -0.0012720510363578798 0.022275390625
v 0.014342458248138429 -0.003504692018032074 0.0222265625
v 0.013638535737991333 -0.005655025839805603 0.022177734375
v 0.012614314556121827 -0.007672551870346069 0.02212890625
v 0.011293847560882569 -0.009509888887405395 0.022080078125
v 0.0097081458568573 -0.011123888492584229 0.02203125
v 0.007894449830055238 -0.012476644515991212 0.021982421875
v 0.005895353555679321 -0.01353638768196106 0.02193359375
v 0.003757806122303009 -0.014278230667114257 0.021884765625
v 0.001532006859779358 -0.014684752225875855 0.0218359375
v -0.0007297714054584504 -0.014746403694152832 0.021787109375
v -0.0029744109511375427 -0.014461737871170045 0.02173828125
v -0.005149196982383728 -0.013837440013885498 0.021689453125
v -0.007203055024147034 -0.012888171672821046 0.021640625
v -0.009087749719619752 -0.011636227369308472 0.021591796875
v -0.010759021043777467 -0.010111006498336792 0.02154296875
v -0.012177616357803345 -0.008348330855369568 0.021494140625
v -0.013310223817825317 -0.006389595866203308 0.0214453125
v -0.014130241870880127 -0.004280801713466644 0.021396484375
v -0.014618412256240845 -0.0020714735984802245 0.02134765625
v -0.014763271808624268 0.00018650272861123085 0.021298828125
v -0.014561418294906616 0.0024400991201400757 0.02125
v -0.01401759147644043 0.004636390209197998 0.021201171875
v -0.013144563436508178 0.006723796129226685 0.02115234375
v -0.011962836980819702 0.008653295040130616 0.021103515625
v -0.010500165224075318 0.010379571914672852 0.0210546875
v -0.008790898323059083 0.011862086057662964 0.021005859375
v -0.006875178813934326 0.01306602120399475 0.02095703125
v -0.004797995984554291 0.013963102102279664 0.020908203125
v -0.0026081332564353945 0.014532262086868286 0.020859375
v -0.0003570186719298363 0.014760133028030396 0.020810546875
v 0.0019024802744388582 0.014641364812850952 0.02076171875
v 0.0041172999143600465 0.014178745746612549 0.020712890625
v 0.006235424876213074 0.013383140563964844 0.0206640625
v 0.008207112550735474 0.012273235321044922 0.020615234375
v 0.009986056685447693 0.010875093936920167 0.02056640625
v 0.011530479192733764 0.009221552014350891 0.020517578125
v 0.012804111242294311 0.007351443767547608 0.02046875
v 0.013777039051055909 0.005308687686920166 0.020419921875
v 0.014426416158676148 0.0031412580609321596 0.02037109375
v 0.014736989736557007 0.0009000562876462937 0.020322265625
v 0.014701467752456666 -0.0013622832298278808 0.0202734375
v 0.014320684671401978 -0.003592629730701447 0.020224609375
v 0.013603581190109253 -0.005738603472709656 0.02017578125
v 0.012566999197006226 -0.0077498072385787965 0.020126953125
v 0.011235283613204956 -0.009579007625579835 0.020078125
v 0.009639708399772644 -0.011183246374130248 0.020029296875
v 0.007817745804786683 -0.012524847984313966 0.01998046875
v 0.005812185406684876 -0.01357230544090271 0.019931640625
v 0.0036701259016990663 -0.014301019906997682 0.0198828125
v 0.0014418740570545196 -0.014693875312805176 0.019833984375
v -0.000820239931344986 -0.014741648435592652 0.01978515625
v -0.003063090741634369 -0.014443215131759644 0.019736328125
v -0.005234004855155945 -0.013805584907531738 0.0196875
v -0.007281999588012696 -0.012843732833862306 0.019638671875
v -0.009158977270126344 -0.011580246686935426 0.01958984375
v -0.010820858478546143 -0.010044800043106079 0.019541015625
v -0.012228611707687378 -0.008273453712463378 0.0194921875
v -0.013349179029464722 -0.006307805776596069 0.019443359375
v -0.014156241416931153 -0.004194019734859467 0.01939453125
v -0.014630846977233887 -0.0019817377626895906 0.019345703125
v -0.014761849641799926 0.00027708496898412707 0.019296875
v -0.014546171426773072 0.002529400289058685 0.019248046875
v -0.013988878726959229 0.004722313284873963 0.01919921875
v -0.01310305953025818 0.006804323196411133 0.019150390625
v -0.011909515857696534 0.008726534247398377 0.0191015625
v -0.010436279773712158 0.010443804264068603 0.019052734375
v -0.00871794879436493 0.011915802955627441 0.01900390625
v -0.006794877648353577 0.013107960224151612 0.018955078125
v -0.004712229669094086 0.013992278575897217 0.01890625
v -0.0025189158320426943 0.014547991752624513 0.018857421875
v -0.00026644548401236537 0.014762045145034791 0.01880859375
v 0.0019922822713851927 0.014629415273666383 0.018759765625
v 0.004204221367835999 0.014153215885162353 0.0187109375
v 0.0063174253702163695 0.013344628810882568 0.018662109375
v 0.008282265067100525 0.01222264528274536 0.01861328125
v 0.010052597522735596 0.010813615322113038 0.018564453125
v 0.01158684492111206 0.009150629043579103 0.018515625
v 0.01284897804260254 0.007272740602493286 0.018466796875
v 0.013809353113174438 0.005224053263664246 0.01841796875
v 0.014445419311523438 0.003052680194377899 0.018369140625
v 0.014742234945297241 0.0008096148818731308 0.0183203125
v 0.014692832231521607 -0.0014524640142917634 0.018271484375
v 0.014298371076583863 -0.003680432140827179 0.01822265625
v 0.01356811285018921 -0.00582196593284607 0.018173828125
v 0.012519210577011108 -0.007826771140098571 0.018125
v 0.01117629647254944 -0.009647765755653381 0.018076171875
v 0.009570907950401306 -0.01124218463897705 0.01802734375
v 0.007740747928619385 -0.01257258176803589 0.017978515625
v 0.005728797316551209 -0.013607712984085083 0.0179296875
v 0.0035823073983192446 -0.014323270320892334 0.017880859375
v 0.001351687014102936 -0.014702446460723877 0.01783203125
v -0.0009106775373220444 -0.014736337661743164 0.017783203125
v -0.003151654899120331 -0.014424148797988891 0.017734375
v -0.005318616032600403 -0.013773210048675537 0.017685546875
v -0.00736066997051239 -0.012798808813095093 0.01763671875
v -0.009229860305786134 -0.011523830890655519 0.017587890625
v -0.010882288217544556 -0.00997821569442749 0.0175390625
v -0.012279146909713745 -0.008198264241218566 0.017490234375
v -0.013387631177902221 -0.006225777864456177 0.01744140625
v -0.014181709289550782 -0.004107079803943634 0.017392578125
v -0.0146427321434021 -0.001891927272081375 0.01734375
v -0.01475987195968628 0.00036765675991773606 0.017294921875
v -0.014530377388000488 0.0026186063885688783 0.01724609375
v -0.013959640264511108 0.004808058440685273 0.017197265625
v -0.013061062097549439 0.006884593963623047 0.0171484375
v -0.011855747699737549 0.008799445629119874 0.017099609375
v -0.010372000932693482 0.010507643222808838 0.01705078125
v -0.008644670248031616 0.011969070434570312 0.017001953125
v -0.006714320778846741 0.013149405717849732 0.016953125
v -0.004626286029815674 0.014020929336547852 0.016904296875
v -0.002429603636264801 0.014563173055648804 0.01685546875
v -0.00017586227506399154 0.014763402938842774 0.016806640625
v 0.0020820091664791106 0.014616916179656983 0.0167578125
v 0.004290984869003296 0.01412715196609497 0.016708984375
v 0.006399187445640564 0.013305615186691284 0.01666015625
v 0.008357105851173401 0.01217159628868103 0.016611328125
v 0.01011875867843628 0.01075173020362854 0.0165625
v 0.0116427743434906 0.009079360961914062 0.016513671875
v 0.012893360853195191 0.007193763852119446 0.01646484375
v 0.013841147422790528 0.0051392227411270145 0.016416015625
v 0.01446387767791748 0.0029639872908592225 0.0163671875
v 0.014746925830841065 0.0007191429287195205 0.016318359375
v 0.014683643579483032 -0.0015425902605056762 0.01626953125
v 0.014275518655776977 -0.003768095970153809 0.016220703125
v 0.013532135486602783 -0.005905108451843262 0.016171875
v 0.012470951080322265 -0.007903439998626709 0.016123046875
v 0.011116888523101807 -0.009716160893440247 0.01607421875
v 0.009501746892929078 -0.011300698518753052 0.016025390625
v 0.007663457989692688 -0.012619841098785401 0.0159765625
v 0.005645194649696351 -0.013642607927322388 0.015927734375
v 0.0034943538904190063 -0.014344980716705322 0.01587890625
v 0.001261449009180069 -0.014710463285446167 0.015830078125
v -0.0010010808706283568 -0.014730472564697266 0.01578125
v -0.0032401004433631896 -0.014404538869857788 0.015732421875
v -0.0054030269384384155 -0.01374031662940979 0.01568359375
v -0.007439063787460327 -0.012753404378890991 0.015634765625
v -0.009300395250320434 -0.01146697998046875 0.0155859375
v -0.010943307876586914 -0.009911255836486816 0.015537109375
v -0.012329219579696656 -0.008122766613960266 0.015488281250000001
v -0.013425580263137818 -0.006143515706062317 0.015439453125
v -0.014206643104553223 -0.004019984900951385 0.015390625
v -0.014654065370559693 -0.0018020455539226531 0.015341796875
v -0.01475733757019043 0.0004582146927714348 0.01529296875
v -0.014514037370681764 0.002707713842391968 0.015244140625000001
v -0.01392987608909607 0.004893622696399689 0.0151953125
v -0.01301857352256775 0.006964605450630188 0.015146484375
v -0.011801531314849853 0.00887202560901642 0.01509765625
v -0.010307332277297973 0.01057108759880066 0.015048828125
v -0.008571066856384278 0.012021888494491578 0.015
v -0.010157603025436402 0.010817079544067383 0.015
v -0.011565849781036378 0.009413270950317383 0.015
v -0.012777477502822876 0.007830251455307007 0.015
v -0.013767511844635011 0.00610158920288086 0.015
v -0.014519592523574829 0.004260099530220032 0.015
v -0.015024482011795045 0.0023305243253707885 0.015
v -0.01527215600013733 0.00035358108580112456 0.015
v -0.015260423421859742 -0.0016362114250659944 0.015
v -0.014990109205245973 -0.0036131113767623904 0.015
v -0.014467378854751587 -0.0055363267660141 0.015
v -0.013703014850616455 -0.007374143004417419 0.015
v -0.012707178592681886 -0.009103791117668151 0.015
v -0.011498552560806275 -0.010692812204360962 0.015
v -0.010097240209579469 -0.01211615562438965 0.015
v -0.008527625799179078 -0.01335054636001587 0.015
v -0.006814717054367065 -0.014377745389938355 0.015
v -0.004537816643714905 -0.015250184535980225 0.015048828125
v -0.0021543461084365845 -0.01576447606086731 0.01509765625
v 0.00027971869334578517 -0.01590854048728943 0.015146484375
v 0.0027072143554687502 -0.015678995847702028 0.0151953125
v 0.0050711315870285035 -0.015081231594085694 0.015244140625000001
v 0.007315953969955444 -0.014129287004470826 0.01529296875
v 0.009388961791992188 -0.012845517396926881 0.015341796875
v 0.011241471767425537 -0.01126007318496704 0.015390625
v 0.012829977273941041 -0.009410187005996704 0.015439453125
v 0.014117171764373779 -0.007339304089546203 0.015488281250000001
v 0.015072827339172364 -0.00509605884552002 0.015537109375
v 0.015674498081207276 -0.002733132839202881 0.0155859375
v 0.015908056497573854 -0.0003060200624167919 0.015634765625
v 0.015768016576766967 0.0021282796561717986 0.01568359375
v 0.015257666110992432 0.0045125970244407655 0.015732421875
v 0.01438899278640747 0.006790936589241028 0.01578125
v 0.01318239450454712 0.008909792304039002 0.015830078125
v 0.011666209697723388 0.010819401741027832 0.01587890625
v 0.009876046180725098 0.012474920749664307 0.015927734375
v 0.007853944897651673 0.0138374662399292 0.0159765625
v 0.005647394061088562 0.014875041246414185 0.016025390625
v 0.0033082157373428346 0.015563278198242188 0.01607421875
v 0.0008913441002368928 0.01588601350784302 0.016123046875
v -0.0015464605391025544 0.015835667848587035 0.016171875
v -0.003947947025299072 0.015413423776626587 0.016220703125
v -0.006256716251373291 0.014629197120666505 0.01626953125
v -0.00841854751110077 0.01350140690803528 0.016318359375
v -0.010382670164108277 0.012056536674499511 0.0163671875
v -0.012102956771850587 0.010328521728515625 0.016416015625
v -0.013539007902145387 0.008357941508293151 0.01646484375
v -0.014657096862792969 0.006191076636314392 0.016513671875
v -0.01543096661567688 0.0038788151741027833 0.0165625
v -0.01584244132041931 0.0014754600822925567 0.016611328125
v -0.015881857872009277 -0.0009625457227230072 0.01666015625
v -0.015548292398452759 -0.0033779463171958925 0.016708984375
v -0.014849576950073242 -0.005714016556739808 0.0167578125
v -0.013802120685577393 -0.00791589379310608 0.016806640625
v -0.012430524826049805 -0.009931867122650147 0.01685546875
v -0.010766998529434205 -0.011714591979980468 0.016904296875
v -0.008850611448287964 -0.013222200870513916 0.016953125
v -0.006726368665695191 -0.014419288635253907 0.017001953125
v -0.004444157779216766 -0.015277740955352783 0.01705078125
v -0.0020575766265392304 -0.015777398347854615 0.017099609375
v 0.0003773264214396477 -0.015906525850296022 0.0171484375
v 0.0028033679723739624 -0.015662089586257935 0.017197265625
v 0.005163573026657105 -0.015049831867218018 0.01724609375
v 0.007402511835098267 -0.01408413052558899 0.017294921875
v 0.009467604160308838 -0.012787666320800781 0.01734375
v 0.01131035089492798 -0.011190884113311768 0.017392578125
v 0.012887475490570068 -0.009331286549568177 0.01744140625
v 0.01416193962097168 -0.007252544760704041 0.017490234375
v 0.015103812217712403 -0.005003477334976196 0.0175390625
v 0.015690973997116088 -0.002636904716491699 0.017587890625
v 0.015909634828567505 -0.0002084043063223362 0.01763671875
v 0.0157546603679657 0.0022249902784824372 0.017685546875
v 0.015229690074920655 0.004606131315231323 0.017734375
v 0.014347052574157715 0.006879097819328308 0.017783203125
v 0.013127477169036866 0.008990510106086732 0.01783203125
v 0.01159960389137268 0.010890780687332154 0.017880859375
v 0.009799315333366395 0.01253528356552124 0.0179296875
v 0.0077688914537429815 0.013885396718978883 0.017978515625
v 0.005556016564369202 0.014909412860870361 0.01802734375
v 0.0032126590609550475 0.0155832839012146 0.018076171875
v 0.0007938525825738907 0.015891183614730835 0.018125
v -0.0016435973346233367 0.01582588076591492 0.018173828125
v -0.004042447507381439 0.015388909578323364 0.01822265625
v -0.0063463616371154784 0.014590531587600708 0.018271484375
v -0.008501231670379639 0.01344949722290039 0.0183203125
v -0.010456452369689942 0.011992603540420532 0.018369140625
v -0.012166104316711427 0.010254064798355103 0.01841796875
v -0.013590036630630494 0.008274710178375244 0.018466796875
v -0.014694808721542359 0.006101025938987732 0.018515625
v -0.01545447587966919 0.003784059286117554 0.018564453125
v -0.01585119605064392 0.001378224939107895 0.01861328125
v -0.01587565302848816 -0.0010599768906831742 0.018662109375
v -0.015527273416519166 -0.003473285436630249 0.0187109375
v -0.014814237356185913 -0.005805023908615112 0.018759765625
v -0.013753290176391602 -0.008000432848930358 0.01880859375
v -0.01236935019493103 -0.010007952451705934 0.018857421875
v -0.010694916248321534 -0.011780436038970948 0.01890625
v -0.008769314885139465 -0.013276258707046509 0.018955078125
v -0.00663776695728302 -0.014460289478302002 0.01900390625
v -0.004350331723690033 -0.015304722785949708 0.019052734375
v -0.0019607295095920565 -0.015789726972579958 0.0191015625
v 0.0004749199002981186 -0.015903910398483278 0.019150390625
v 0.002899416089057922 -0.015644593238830568 0.01919921875
v 0.00525581955909729 -0.015017865896224976 0.019248046875
v 0.007488791346549988 -0.014038444757461549 0.019296875
v 0.009545889496803284 -0.012729332447052003 0.019345703125
v 0.011378803253173829 -0.01112127423286438 0.01939453125
v 0.012944488525390626 -0.009252034425735474 0.019443359375
v 0.014206173419952393 -0.007165511846542358 0.0194921875
v 0.015134228467941284 -0.00491070806980133 0.019541015625
v 0.01570685863494873 -0.0025405770540237425 0.01958984375
v 0.015910614728927613 -0.00011078068986535072 0.019638671875
v 0.015740711688995362 0.002321617156267166 0.0196875
v 0.015201140642166138 0.004699492156505585 0.019736328125
v 0.01430457353591919 0.006967000365257263 0.01978515625
v 0.013072065114974976 0.009070889353752136 0.019833984375
v 0.011532560586929322 0.01096174955368042 0.0198828125
v 0.009722216129302979 0.012595175504684449 0.019931640625
v 0.007683546543121338 0.013932803869247437 0.01998046875
v 0.005464429259300232 0.01494322419166565 0.020029296875
v 0.003116981089115143 0.015602703094482423 0.020078125
v 0.000696331188082695 0.01589575529098511 0.020126953125
v -0.0017406721413135528 0.015815497636795045 0.02017578125
v -0.004136795997619629 0.015363816022872925 0.020224609375
v -0.006435768008232117 0.014551316499710084 0.0202734375
v -0.008583596348762513 0.013397082090377807 0.020322265625
v -0.010529839992523193 0.01192821741104126 0.02037109375
v -0.012228792905807495 0.010179221630096436 0.020419921875
v -0.013640552759170532 0.008191167712211608 0.02046875
v -0.014731967449188232 0.006010745167732239 0.020517578125
v -0.015477403402328492 0.003689161241054535 0.02056640625
v -0.015859354734420777 0.0012809379398822786 0.020615234375
v -0.015868850946426392 -0.0011573681235313416 0.0206640625
v -0.015505669116973876 -0.0035684934258461 0.020712890625
v -0.014778338670730591 -0.00589581310749054 0.02076171875
v -0.01370394229888916 -0.008084670901298522 0.020810546875
v -0.012307709455490113 -0.010083661079406739 0.020859375
v -0.010622432231903076 -0.011845837831497192 0.020908203125
v -0.008687688112258911 -0.013329815864562989 0.02095703125
v -0.006548914909362793 -0.014500745534896851 0.021005859375
v -0.004256341755390167 -0.015331127643585206 0.0210546875
v -0.0018638087809085845 -0.015801459550857544 0.021103515625
v 0.0005724955350160599 -0.015900697708129883 0.02115234375
v 0.0029953548312187197 -0.015626507997512817 0.021201171875
v 0.005347868800163269 -0.014985333681106567 0.02125
v 0.007574788331985474 -0.013992229700088501 0.021298828125
v 0.009623815417289735 -0.012670520544052124 0.02134765625
v 0.01144682765007019 -0.01105124592781067 0.021396484375
v 0.01300101399421692 -0.009172434806823731 0.0214453125
v 0.014249873161315919 -0.007078209519386292 0.021494140625
v 0.015164074897766113 -0.004817753732204437 0.02154296875
v 0.015722150802612304 -0.0024441535770893096 0.021591796875
v 0.01591099500656128 -1.3152911560609938e-05 0.021640625
v 0.015726170539855956 0.002418156713247299 0.021689453125
v 0.015172019004821779 0.004792676270008087 0.02173828125
v 0.014261555671691895 0.007054640650749206 0.021787109375
v 0.013016160726547241 0.009150927662849426 0.0218359375
v 0.011465083360671997 0.011032305955886841 0.021884765625
v 0.009644750356674194 0.012654592990875244 0.02193359375
v 0.007597911357879639 0.013979687690734863 0.021982421875
v 0.005372636914253235 0.014976471662521362 0.02203125
v 0.0030211862921714783 0.01562153458595276 0.022080078125
v 0.0005987835302948952 0.015899728536605835 0.02212890625
v -0.001837681531906128 0.015804519653320314 0.022177734375
v -0.004230988919734955 0.015338144302368165 0.0222265625
v -0.006524931788444519 0.014511553049087524 0.022275390625
v -0.008665637969970703 0.01334416151046753 0.02232421875
v -0.010602833032608032 0.011863383054733277 0.022373046875
v -0.012291021347045898 0.010103995800018311 0.022421875
v -0.013690556287765504 0.008107316493988038 0.022470703125
v -0.014768571853637696 0.005920238494873047 0.02251953125
v -0.01549974799156189 0.0035941243171691895 0.022568359375
v -0.01586691498756409 0.0011836026608943939 0.0226171875
v -0.015861450433731078 -0.001254715770483017 0.022666015625
v -0.015483481884002686 -0.003663567304611206 0.02271484375
v -0.014741884469985962 -0.0059863805770874025 0.022763671875
v -0.013654077053070068 -0.008168604373931885 0.0228125
v -0.012245604991912842 -0.010158989429473877 0.022861328125
v -0.010549547672271729 -0.011910792589187622 0.02291015625
v -0.00860573410987854 -0.013382872343063354 0.022958984375
v -0.006459816694259644 -0.014540656805038452 0.0230078125
v -0.004162191450595856 -0.015356955528259277 0.023056640625
v -0.001766817718744278 -0.01581259846687317 0.02310546875
v 0.0006700495630502701 -0.015896885395050048 0.023154296875
v 0.0030911809206008913 -0.015607835054397584 0.023203125
v 0.00543971598148346 -0.014952237606048585 0.023251953125
v 0.007660500407218934 -0.013945488929748536 0.02330078125
v 0.00970137894153595 -0.012611231803894044 0.023349609375
v 0.011514421701431275 -0.010980801582336426 0.0233984375
v 0.013057050704956054 -0.00909248948097229 0.023447265625
v 0.014293035268783569 -0.006990640759468079 0.023496093750000002
v 0.015193350315093994 -0.004724618196487427 0.023544921875
v 0.015736851692199707 -0.0023476383090019226 0.02359375
v 0.015910775661468507 8.447536267340183e-05 0.023642578125
v 0.015711036920547487 0.002514605224132538 0.02369140625
v 0.01514232635498047 0.00488567978143692 0.023740234375000002
v 0.014218000173568725 0.007142015099525452 0.0237890625
v 0.012959767580032349 0.009230620861053467 0.023837890625
v 0.0113971745967865 0.01110244631767273 0.02388671875
v 0.009566921591758728 0.012713533639907838 0.023935546875
v 0.007511990666389466 0.014026044607162476 0.023984375000000002
v 0.0052806419134140015 0.0150091552734375 0.024033203125
v 0.002925277352333069 0.01563977837562561 0.02408203125
v 0.0005012133345007896 0.015903103351593017 0.024130859375
v -0.0019346216320991518 0.015792946815490722 0.0241796875
v -0.004325022101402283 0.015311894416809082 0.024228515625000002
v -0.006613849997520447 0.014471243619918823 0.02427734375
v -0.008747352957725526 0.013290739059448243 0.024326171875
v -0.010675425529479981 0.011798102855682373 0.024375
v -0.01235278606414795 0.010028388500213623 0.024423828125
v -0.013740044832229615 0.008023160099983216 0.024472656250000002
v -0.014804619550704957 0.0058295089006423955 0.024521484375
v -0.015521509647369385 0.003498952090740204 0.0245703125
v -0.015873879194259644 0.00108622282743454 0.024619140625
v -0.015853452682495116 -0.001352016180753708 0.02466796875
v -0.015460710525512695 -0.0037585031986236573 0.024716796875000002
v -0.014704875946044922 -0.006076722145080566 0.024765625
v -0.013603698015213012 -0.008252230286598206 0.024814453125
v -0.012183040380477905 -0.010233936309814453 0.02486328125
v -0.010476264953613281 -0.01197529911994934 0.024912109375
v -0.008523456454277038 -0.013435423374176025 0.024960937500000002
v -0.00637047529220581 -0.014580019712448121 0.025009765625
v -0.004067884683609009 -0.01538220524787903 0.02505859375
v -0.0016697601974010468 -0.015823142528533937 0.025107421875
v 0.0007675784081220627 -0.01589247465133667 0.02515625
v 0.003186890482902527 -0.015588574409484864 0.025205078125000002
v 0.0055313587188720705 -0.014918578863143921 0.02525390625
v 0.00774592399597168 -0.013898222446441651 0.025302734375
v 0.00977857768535614 -0.012551467418670654 0.0253515625
v 0.011581581830978394 -0.010909943580627442 0.025400390625
v 0.013112595081329345 -0.00901220142841339 0.025449218750000002
v 0.014335659742355346 -0.006902808547019959 0.025498046875
v 0.015222054719924927 -0.004631304442882538 0.025546875
v 0.01575096130371094 -0.002251034677028656 0.025595703125
v 0.015909957885742187 0.00018210045993328095 0.02564453125
v 0.015695312023162843 0.002610958814620972 0.025693359375000002
v 0.015112063884735108 0.004978499412536621 0.0257421875
v 0.01417391061782837 0.00722912073135376 0.025791015625
v 0.012902884483337403 0.009309966564178467 0.02583984375
v 0.011328836679458618 0.01117216944694519 0.025888671875
v 0.009488732814788818 0.012771995067596437 0.025937500000000002
v 0.007425786852836609 0.014071873426437379 0.025986328125
v 0.005188447833061219 0.015041273832321168 0.02603515625
v 0.002829258441925049 0.015657433271408082 0.026083984375
v 0.0004036242887377739 0.015905879735946656 0.0261328125
v -0.0020314888656139374 0.015780779123306273 0.026181640625000002
v -0.004418892860412598 0.015285067558288574 0.02623046875
v -0.006702519655227661 0.014430389404296876 0.026279296875
v -0.008828738927841187 0.013236815929412843 0.026328125
v -0.010747616291046144 0.01173237681388855 0.026376953125
v -0.012414087057113648 0.009952405095100402 0.026425781250000002
v -0.01378901481628418 0.00793870210647583 0.026474609375
v -0.01484010934829712 0.005738559365272522 0.0265234375
v -0.015542685985565186 0.003403647840023041 0.026572265625
v -0.015880244970321655 0.0009888020902872085 0.02662109375
v -0.0158448588848114 -0.001449265629053116 0.026669921875000002
v -0.015437357425689698 -0.003853297531604767 0.02671875
v -0.01466731309890747 -0.006166835427284241 0.026767578125
v -0.013552807569503784 -0.008335545659065247 0.02681640625
v -0.012120016813278199 -0.010308496952056885 0.026865234375
v -0.010402588844299317 -0.012039355039596559 0.026914062500000002
v -0.008440858125686646 -0.013487470149993897 0.026962890625
v -0.00628089427947998 -0.01461883306503296 0.02701171875
v -0.003973424732685089 -0.015406875610351563 0.027060546875
v -0.0015726397931575776 -0.015833089351654055 0.027109375
v 0.0008650783449411393 -0.015887465476989746 0.027158203125000002
v 0.0032824802398681643 -0.015568726062774658 0.02720703125
v 0.0056227934360504155 -0.014884357452392579 0.027255859375
v 0.007831056118011475 -0.013850432634353638 0.0273046875
v 0.009855407476425172 -0.012491230964660646 0.027353515625
v 0.011648305654525758 -0.010838675498962403 0.027402343750000002
v 0.013167645931243897 -0.008931574225425721 0.027451171875
v 0.014377745389938355 -0.006814717054367065 0.0275
v 0.015250184535980225 -0.004537816643714905 0.027548828125
v 0.01576447606086731 -0.0021543461084365845 0.02759765625
v 0.01590854048728943 0.00027971869334578517 0.027646484375000002
v 0.015678995847702028 0.0027072143554687502 0.0276953125
v 0.015081231594085694 0.0050711315870285035 0.027744140625
v 0.014129287004470826 0.007315953969955444 0.02779296875
v 0.012845517396926881 0.009388961791992188 0.027841796875
v 0.01126007318496704 0.011241471767425537 0.027890625000000002
v 0.009410187005996704 0.012829977273941041 0.027939453125
v 0.007339304089546203 0.014117171764373779 0.02798828125
v 0.00509605884552002 0.015072827339172364 0.028037109375
v 0.002733132839202881 0.015674498081207276 0.0280859375
v 0.0003060200624167919 0.015908056497573854 0.028134765625000002
v -0.0021282796561717986 0.015768016576766967 0.02818359375
v -0.0045125970244407655 0.015257666110992432 0.028232421875
v -0.006790936589241028 0.01438899278640747 0.02828125
v -0.008909792304039002 0.01318239450454712 0.028330078125
v -0.010819401741027832 0.011666209697723388 0.028378906250000002
v -0.012474920749664307 0.009876046180725098 0.028427734375
v -0.0138374662399292 0.007853944897651673 0.0284765625
v -0.014875041246414185 0.005647394061088562 0.028525390625
v -0.015563278198242188 0.0033082157373428346 0.02857421875
v -0.01588601350784302 0.0008913441002368928 0.028623046875000002
v -0.015835667848587035 -0.0015464605391025544 0.028671875
v -0.015413423776626587 -0.003947947025299072 0.028720703125
v -0.014629197120666505 -0.006256716251373291 0.02876953125
v -0.01350140690803528 -0.00841854751110077 0.028818359375
v -0.012056536674499511 -0.010382670164108277 0.028867187500000002
v -0.010328521728515625 -0.012102956771850587 0.028916015625
v -0.008357941508293151 -0.013539007902145387 0.02896484375
v -0.006191076636314392 -0.014657096862792969 0.029013671875
v -0.0038788151741027833 -0.01543096661567688 0.0290625
v -0.0014754600822925567 -0.01584244132041931 0.029111328125000002
v 0.0009625457227230072 -0.015881857872009277 0.02916015625
v 0.0033779463171958925 -0.015548292398452759 0.029208984375
v 0.005714016556739808 -0.014849576950073242 0.0292578125
v 0.00791589379310608 -0.013802120685577393 0.029306640625
v 0.009931867122650147 -0.012430524826049805 0.029355468750000002
v 0.011714591979980468 -0.010766998529434205 0.029404296875
v 0.013222200870513916 -0.008850611448287964 0.029453125
v 0.014419288635253907 -0.006726368665695191 0.029501953125
v 0.015277740955352783 -0.004444157779216766 0.02955078125
v 0.015777398347854615 -0.0020575766265392304 0.029599609375000002
v 0.015906525850296022 0.0003773264214396477 0.0296484375
v 0.015662089586257935 0.0028033679723739624 0.029697265625
v 0.015049831867218018 0.005163573026657105 0.02974609375
v 0.01408413052558899 0.007402511835098267 0.029794921875
v 0.012787666320800781 0.009467604160308838 0.029843750000000002
v 0.011190884113311768 0.01131035089492798 0.029892578125
v 0.009331286549568177 0.012887475490570068 0.02994140625
v 0.007252544760704041 0.01416193962097168 0.029990234375
v 0.005003477334976196 0.015103812217712403 0.0300390625
v 0.002636904716491699 0.015690973997116088 0.030087890625000002
v 0.0002084043063223362 0.015909634828567505 0.03013671875
v -0.0022249902784824372 0.0157546603679657 0.030185546875
v -0.004606131315231323 0.015229690074920655 0.030234375
v -0.006879097819328308 0.014347052574157715 0.030283203125
v -0.008990510106086732 0.013127477169036866 0.030332031250000002
v -0.010890780687332154 0.01159960389137268 0.030380859375
v -0.01253528356552124 0.009799315333366395 0.0304296875
v -0.013885396718978883 0.0077688914537429815 0.030478515625
v -0.014909412860870361 0.005556016564369202 0.03052734375
v -0.0155832839012146 0.0032126590609550475 0.030576171875000002
v -0.015891183614730835 0.0007938525825738907 0.030625
v -0.01582588076591492 -0.0016435973346233367 0.030673828125
v -0.015388909578323364 -0.004042447507381439 0.03072265625
v -0.014590531587600708 -0.0063463616371154784 0.030771484375
v -0.01344949722290039 -0.008501231670379639 0.030820312500000002
v -0.011992603540420532 -0.010456452369689942 0.030869140625
v -0.010254064798355103 -0.012166104316711427 0.03091796875
v -0.008274710178375244 -0.013590036630630494 0.030966796875
v -0.006101025938987732 -0.014694808721542359 0.031015625
v -0.003784059286117554 -0.01545447587966919 0.031064453125000002
v -0.001378224939107895 -0.01585119605064392 0.03111328125
v 0.0010599768906831742 -0.01587565302848816 0.031162109375
v 0.003473285436630249 -0.015527273416519166 0.0312109375
v 0.005805023908615112 -0.014814237356185913 0.031259765625
v 0.008000432848930358 -0.013753290176391602 0.03130859375
v 0.010007952451705934 -0.01236935019493103 0.031357421875
v 0.011780436038970948 -0.010694916248321534 0.031406250000000004
v 0.013276258707046509 -0.008769314885139465 0.031455078125
v 0.014460289478302002 -0.00663776695728302 0.03150390625
v 0.015304722785949708 -0.004350331723690033 0.031552734375
v 0.015789726972579958 -0.0019607295095920565 0.0316015625
v 0.015903910398483278 0.0004749199002981186 0.031650390625000004
v 0.015644593238830568 0.002899416089057922 0.03169921875
v 0.015017865896224976 0.00525581955909729 0.031748046875
v 0.014038444757461549 0.007488791346549988 0.031796875
v 0.012729332447052003 0.009545889496803284 0.031845703125
v 0.01112127423286438 0.011378803253173829 0.031894531250000004
v 0.009252034425735474 0.012944488525390626 0.031943359375
v 0.007165511846542358 0.014206173419952393 0.0319921875
v 0.00491070806980133 0.015134228467941284 0.032041015625
v 0.0025405770540237425 0.01570685863494873 0.03208984375
v 0.00011078068986535072 0.015910614728927613 0.032138671875000004
v -0.002321617156267166 0.015740711688995362 0.0321875
v -0.004699492156505585 0.015201140642166138 0.032236328125
v -0.006967000365257263 0.01430457353591919 0.03228515625
v -0.009070889353752136 0.013072065114974976 0.032333984375
v -0.01096174955368042 0.011532560586929322 0.032382812500000004
v -0.012595175504684449 0.009722216129302979 0.032431640625
v -0.013932803869247437 0.007683546543121338 0.03248046875
v -0.01494322419166565 0.005464429259300232 0.032529296875
v -0.015602703094482423 0.003116981089115143 0.032578125
v -0.01589575529098511 0.000696331188082695 0.032626953125000004
v -0.015815497636795045 -0.0017406721413135528 0.03267578125
v -0.015363816022872925 -0.004136795997619629 0.032724609375
v -0.014551316499710084 -0.006435768008232117 0.0327734375
v -0.013397082090377807 -0.008583596348762513 0.032822265625
v -0.01192821741104126 -0.010529839992523193 0.032871093750000004
v -0.010179221630096436 -0.012228792905807495 0.032919921875
v -0.008191167712211608 -0.013640552759170532 0.03296875
v -0.006010745167732239 -0.014731967449188232 0.033017578125
v -0.003689161241054535 -0.015477403402328492 0.03306640625
v -0.0012809379398822786 -0.015859354734420777 0.033115234375000004
v 0.0011573681235313416 -0.015868850946426392 0.0331640625
v 0.0035684934258461 -0.015505669116973876 0.033212890625
v 0.00589581310749054 -0.014778338670730591 0.03326171875
v 0.008084670901298522 -0.01370394229888916 0.033310546875
v 0.010083661079406739 -0.012307709455490113 0.033359375000000004
v 0.011845837831497192 -0.010622432231903076 0.033408203125
v 0.013329815864562989 -0.008687688112258911 0.03345703125
v 0.014500745534896851 -0.006548914909362793 0.033505859375
v 0.015331127643585206 -0.004256341755390167 0.0335546875
v 0.015801459550857544 -0.0018638087809085845 0.033603515625000004
v 0.015900697708129883 0.0005724955350160599 0.03365234375
v 0.015626507997512817 0.0029953548312187197 0.033701171875
v 0.014985333681106567 0.005347868800163269 0.03375
v 0.013992229700088501 0.007574788331985474 0.033798828125
v 0.012670520544052124 0.009623815417289735 0.033847656250000004
v 0.01105124592781067 0.01144682765007019 0.033896484375
v 0.009172434806823731 0.01300101399421692 0.0339453125
v 0.007078209519386292 0.014249873161315919 0.033994140625
v 0.004817753732204437 0.015164074897766113 0.03404296875
v 0.0024441535770893096 0.015722150802612304 0.034091796875000004
v 1.3152911560609938e-05 0.01591099500656128 0.034140625
v -0.002418156713247299 0.015726170539855956 0.034189453125
v -0.004792676270008087 0.015172019004821779 0.03423828125
v -0.007054640650749206 0.014261555671691895 0.034287109375
v -0.009150927662849426 0.013016160726547241 0.034335937500000004
v -0.011032305955886841 0.011465083360671997 0.034384765625
v -0.012654592990875244 0.009644750356674194 0.03443359375
v -0.013979687690734863 0.007597911357879639 0.034482421875
v -0.014976471662521362 0.005372636914253235 0.03453125
v -0.01562153458595276 0.0030211862921714783 0.034580078125000004
v -0.015899728536605835 0.0005987835302948952 0.03462890625
v -0.015804519653320314 -0.001837681531906128 0.034677734375
v -0.015338144302368165 -0.004230988919734955 0.0347265625
v -0.014511553049087524 -0.006524931788444519 0.034775390625
v -0.01334416151046753 -0.008665637969970703 0.034824218750000004
v -0.011863383054733277 -0.010602833032608032 0.034873046875
v -0.010103995800018311 -0.012291021347045898 0.034921875
v -0.008107316493988038 -0.013690556287765504 0.034970703125
v -0.005920238494873047 -0.014768571853637696 0.03501953125
v -0.0035941243171691895 -0.01549974799156189 0.035068359375000004
v -0.0011836026608943939 -0.01586691498756409 0.0351171875
v 0.001254715770483017 -0.015861450433731078 0.035166015625
v 0.003663567304611206 -0.015483481884002686 0.03521484375
v 0.0059863805770874025 -0.014741884469985962 0.035263671875
v 0.008168604373931885 -0.013654077053070068 0.035312500000000004
v 0.010158989429473877 -0.012245604991912842 0.035361328125
v 0.011910792589187622 -0.010549547672271729 0.03541015625
v 0.013382872343063354 -0.00860573410987854 0.035458984375
v 0.014540656805038452 -0.006459816694259644 0.0355078125
v 0.015356955528259277 -0.004162191450595856 0.035556640625000004
v 0.01581259846687317 -0.001766817718744278 0.03560546875
v 0.015896885395050048 0.0006700495630502701 0.035654296875
v 0.015607835054397584 0.0030911809206008913 0.035703125
v 0.014952237606048585 0.00543971598148346 0.035751953125
v 0.013945488929748536 0.007660500407218934 0.035800781250000004
v 0.012611231803894044 0.00970137894153595 0.035849609375
v 0.010980801582336426 0.011514421701431275 0.0358984375
v 0.00909248948097229 0.013057050704956054 0.035947265625
v 0.006990640759468079 0.014293035268783569 0.03599609375
v 0.004724618196487427 0.015193350315093994 0.036044921875000004
v 0.0023476383090019226 0.015736851692199707 0.03609375
v -8.447536267340183e-05 0.015910775661468507 0.036142578125
v -0.002514605224132538 0.015711036920547487 0.03619140625
v -0.00488567978143692 0.01514232635498047 0.036240234375
v -0.007142015099525452 0.014218000173568725 0.036289062500000004
v -0.009230620861053467 0.012959767580032349 0.036337890625
v -0.01110244631767273 0.0113971745967865 0.03638671875
v -0.012713533639907838 0.009566921591758728 0.036435546875
v -0.014026044607162476 0.007511990666389466 0.036484375
v -0.0150091552734375 0.0052806419134140015 0.036533203125000004
v -0.01563977837562561 0.002925277352333069 0.03658203125
v -0.015903103351593017 0.0005012133345007896 0.036630859375
v -0.015792946815490722 -0.0019346216320991518 0.0366796875
v -0.015311894416809082 -0.004325022101402283 0.036728515625
v -0.014471243619918823 -0.006613849997520447 0.036777343750000004
v -0.013290739059448243 -0.008747352957725526 0.036826171875
v -0.011798102855682373 -0.010675425529479981 0.036875
v -0.010028388500213623 -0.01235278606414795 0.036923828125
v -0.008023160099983216 -0.013740044832229615 0.03697265625
v -0.0058295089006423955 -0.014804619550704957 0.037021484375000004
v -0.003498952090740204 -0.015521509647369385 0.0370703125
v -0.00108622282743454 -0.015873879194259644 0.037119140625
v 0.001352016180753708 -0.015853452682495116 0.03716796875
v 0.0037585031986236573 -0.015460710525512695 0.037216796875
v 0.006076722145080566 -0.014704875946044922 0.037265625000000004
v 0.008252230286598206 -0.013603698015213012 0.037314453125
v 0.010233936309814453 -0.012183040380477905 0.03736328125
v 0.01197529911994934 -0.010476264953613281 0.037412109375
v 0.013435423374176025 -0.008523456454277038 0.0374609375
v 0.014580019712448121 -0.00637047529220581 0.037509765625000004
v 0.01538220524787903 -0.004067884683609009 0.03755859375
v 0.015823142528533937 -0.0016697601974010468 0.037607421875
v 0.01589247465133667 0.0007675784081220627 0.03765625
v 0.015588574409484864 0.003186890482902527 0.037705078125
v 0.014918578863143921 0.0055313587188720705 0.037753906250000004
v 0.013898222446441651 0.00774592399597168 0.037802734375
v 0.012551467418670654 0.00977857768535614 0.0378515625
v 0.010909943580627442 0.011581581830978394 0.037900390625
v 0.00901220142841339 0.013112595081329345 0.03794921875
v 0.006902808547019959 0.014335659742355346 0.037998046875000004
v 0.004631304442882538 0.015222054719924927 0.038046875
v 0.002251034677028656 0.01575096130371094 0.038095703125
v -0.00018210045993328095 0.015909957885742187 0.03814453125
v -0.002610958814620972 0.015695312023162843 0.038193359375
v -0.004978499412536621 0.015112063884735108 0.038242187500000004
v -0.00722912073135376 0.01417391061782837 0.038291015625
v -0.009309966564178467 0.012902884483337403 0.03833984375
v -0.01117216944694519 0.011328836679458618 0.038388671875
v -0.012771995067596437 0.009488732814788818 0.0384375
v -0.014071873426437379 0.007425786852836609 0.038486328125000004
v -0.015041273832321168 0.005188447833061219 0.03853515625
v -0.015657433271408082 0.002829258441925049 0.038583984375
v -0.015905879735946656 0.0004036242887377739 0.0386328125
v -0.015780779123306273 -0.0020314888656139374 0.038681640625
v -0.015285067558288574 -0.004418892860412598 0.038730468750000004
v -0.014430389404296876 -0.006702519655227661 0.038779296875
v -0.013236815929412843 -0.008828738927841187 0.038828125
v -0.01173237681388855 -0.010747616291046144 0.038876953125
v -0.009952405095100402 -0.012414087057113648 0.03892578125
v -0.00793870210647583 -0.01378901481628418 0.038974609375000004
v -0.005738559365272522 -0.01484010934829712 0.0390234375
v -0.003403647840023041 -0.015542685985565186 0.039072265625
v -0.0009888020902872085 -0.015880244970321655 0.03912109375
v 0.001449265629053116 -0.0158448588848114 0.039169921875
v 0.003853297531604767 -0.015437357425689698 0.039218750000000004
v 0.006166835427284241 -0.01466731309890747 0.039267578125
v 0.008335545659065247 -0.013552807569503784 0.03931640625
v 0.010308496952056885 -0.012120016813278199 0.039365234375
v 0.012039355039596559 -0.010402588844299317 0.0394140625
v 0.013487470149993897 -0.008440858125686646 0.039462890625000004
v 0.01461883306503296 -0.00628089427947998 0.03951171875
v 0.015406875610351563 -0.003973424732685089 0.039560546875
v 0.015833089351654055 -0.0015726397931575776 0.039609375
v 0.015887465476989746 0.0008650783449411393 0.039658203125
v 0.015568726062774658 0.0032824802398681643 0.039707031250000004
v 0.014884357452392579 0.0056227934360504155 0.039755859375
v 0.013850432634353638 0.007831056118011475 0.0398046875
v 0.012491230964660646 0.009855407476425172 0.039853515625
v 0.010838675498962403 0.011648305654525758 0.03990234375
v 0.008931574225425721 0.013167645931243897 0.039951171875000004
v 0.006814717054367065 0.014377745389938355 0.04
v 0.004537816643714905 0.015250184535980225 0.040048828125
v 0.0021543461084365845 0.01576447606086731 0.04009765625
v -0.00027971869334578517 0.01590854048728943 0.040146484375
v -0.0027072143554687502 0.015678995847702028 0.040195312500000004
v -0.0050711315870285035 0.015081231594085694 0.040244140625
v -0.007315953969955444 0.014129287004470826 0.04029296875
v -0.009388961791992188 0.012845517396926881 0.040341796875
v -0.011241471767425537 0.01126007318496704 0.040390625
v -0.012829977273941041 0.009410187005996704 0.040439453125000004
v -0.014117171764373779 0.007339304089546203 0.04048828125
v -0.015072827339172364 0.00509605884552002 0.040537109375
v -0.015674498081207276 0.002733132839202881 0.0405859375
v -0.015908056497573854 0.0003060200624167919 0.040634765625
v -0.015768016576766967 -0.0021282796561717986 0.040683593750000004
v -0.015257666110992432 -0.0045125970244407655 0.040732421875
v -0.01438899278640747 -0.006790936589241028 0.04078125
v -0.01318239450454712 -0.008909792304039002 0.040830078125
v -0.011666209697723388 -0.010819401741027832 0.04087890625
v -0.009876046180725098 -0.012474920749664307 0.040927734375000004
v -0.007853944897651673 -0.0138374662399292 0.0409765625
v -0.005647394061088562 -0.014875041246414185 0.041025390625
v -0.0033082157373428346 -0.015563278198242188 0.04107421875
v -0.0008913441002368928 -0.01588601350784302 0.041123046875
v 0.0015464605391025544 -0.015835667848587035 0.041171875000000004
v 0.003947947025299072 -0.015413423776626587 0.041220703125
v 0.006256716251373291 -0.014629197120666505 0.04126953125
v 0.00841854751110077 -0.01350140690803528 0.041318359375
v 0.010382670164108277 -0.012056536674499511 0.0413671875
v 0.012102956771850587 -0.010328521728515625 0.041416015625000004
v 0.013539007902145387 -0.008357941508293151 0.04146484375
v 0.014657096862792969 -0.006191076636314392 0.041513671875
v 0.01543096661567688 -0.0038788151741027833 0.0415625
v 0.01584244132041931 -0.0014754600822925567 0.041611328125
v 0.015881857872009277 0.0009625457227230072 0.041660156250000004
v 0.015548292398452759 0.0033779463171958925 0.041708984375
v 0.014849576950073242 0.005714016556739808 0.0417578125
v 0.013802120685577393 0.00791589379310608 0.041806640625
v 0.012430524826049805 0.009931867122650147 0.04185546875
v 0.010766998529434205 0.011714591979980468 0.041904296875000004
v 0.008850611448287964 0.013222200870513916 0.041953125
v 0.006726368665695191 0.014419288635253907 0.042001953125
v 0.004444157779216766 0.015277740955352783 0.04205078125
v 0.0020575766265392304 0.015777398347854615 0.042099609375
v -0.0003773264214396477 0.015906525850296022 0.042148437500000004
v -0.0028033679723739624 0.015662089586257935 0.042197265625
v -0.005163573026657105 0.015049831867218018 0.04224609375
v -0.007402511835098267 0.01408413052558899 0.042294921875
v -0.009467604160308838 0.012787666320800781 0.04234375
v -0.01131035089492798 0.011190884113311768 0.042392578125000004
v -0.012887475490570068 0.009331286549568177 0.04244140625
v -0.01416193962097168 0.007252544760704041 0.042490234375
v -0.015103812217712403 0.005003477334976196 0.0425390625
v -0.015690973997116088 0.002636904716491699 0.042587890625
v -0.015909634828567505 0.0002084043063223362 0.042636718750000004
v -0.0157546603679657 -0.0022249902784824372 0.042685546875
v -0.015229690074920655 -0.004606131315231323 0.042734375
v -0.014347052574157715 -0.006879097819328308 0.042783203125
v -0.013127477169036866 -0.008990510106086732 0.04283203125
v -0.01159960389137268 -0.010890780687332154 0.042880859375000004
v -0.009799315333366395 -0.01253528356552124 0.0429296875
v -0.0077688914537429815 -0.013885396718978883 0.042978515625
v -0.005556016564369202 -0.014909412860870361 0.04302734375
v -0.0032126590609550475 -0.0155832839012146 0.043076171875
v -0.0007938525825738907 -0.015891183614730835 0.043125000000000004
v 0.0016435973346233367 -0.01582588076591492 0.043173828125
v 0.004042447507381439 -0.015388909578323364 0.04322265625
v 0.0063463616371154784 -0.014590531587600708 0.043271484375
v 0.008501231670379639 -0.01344949722290039 0.0433203125
v 0.010456452369689942 -0.011992603540420532 0.043369140625000004
v 0.012166104316711427 -0.010254064798355103 0.04341796875
v 0.013590036630630494 -0.008274710178375244 0.043466796875
v 0.014694808721542359 -0.006101025938987732 0.043515625
v 0.01545447587966919 -0.003784059286117554 0.043564453125
v 0.01585119605064392 -0.001378224939107895 0.043613281250000004
v 0.01587565302848816 0.0010599768906831742 0.043662109375
v 0.015527273416519166 0.003473285436630249 0.0437109375
v 0.014814237356185913 0.005805023908615112 0.043759765625
v 0.013753290176391602 0.008000432848930358 0.04380859375
v 0.01236935019493103 0.010007952451705934 0.043857421875000004
v 0.010694916248321534 0.011780436038970948 0.04390625
v 0.008769314885139465 0.013276258707046509 0.043955078125
v 0.00663776695728302 0.014460289478302002 0.04400390625
v 0.004350331723690033 0.015304722785949708 0.044052734375
v 0.0019607295095920565 0.015789726972579958 0.044101562500000004
v -0.0004749199002981186 0.015903910398483278 0.044150390625
v -0.002899416089057922 0.015644593238830568 0.04419921875
v -0.00525581955909729 0.015017865896224976 0.044248046875
v -0.007488791346549988 0.014038444757461549 0.044296875
v -0.009545889496803284 0.012729332447052003 0.044345703125000004
v -0.011378803253173829 0.01112127423286438 0.04439453125
v -0.012944488525390626 0.009252034425735474 0.044443359375
v -0.014206173419952393 0.007165511846542358 0.0444921875
v -0.015134228467941284 0.00491070806980133 0.044541015625
v -0.01570685863494873 0.0025405770540237425 0.044589843750000004
v -0.015910614728927613 0.00011078068986535072 0.044638671875
v -0.015740711688995362 -0.002321617156267166 0.0446875
v -0.015201140642166138 -0.004699492156505585 0.044736328125
v -0.01430457353591919 -0.006967000365257263 0.04478515625
v -0.013072065114974976 -0.009070889353752136 0.044833984375000004
v -0.011532560586929322 -0.01096174955368042 0.0448828125
v -0.009722216129302979 -0.012595175504684449 0.044931640625
v -0.007683546543121338 -0.013932803869247437 0.04498046875
v -0.005464429259300232 -0.01494322419166565 0.045029296875
v -0.003116981089115143 -0.015602703094482423 0.045078125000000004
v -0.000696331188082695 -0.01589575529098511 0.045126953125
v 0.0017406721413135528 -0.015815497636795045 0.04517578125
v 0.004136795997619629 -0.015363816022872925 0.045224609375
v 0.006435768008232117 -0.014551316499710084 0.0452734375
v 0.008583596348762513 -0.013397082090377807 0.045322265625000004
v 0.010529839992523193 -0.01192821741104126 0.04537109375
v 0.012228792905807495 -0.010179221630096436 0.045419921875
v 0.013640552759170532 -0.008191167712211608 0.04546875
v 0.014731967449188232 -0.006010745167732239 0.045517578125
v 0.015477403402328492 -0.003689161241054535 0.045566406250000004
v 0.015859354734420777 -0.0012809379398822786 0.045615234375
v 0.015868850946426392 0.0011573681235313416 0.0456640625
v 0.015505669116973876 0.0035684934258461 0.045712890625
v 0.014778338670730591 0.00589581310749054 0.04576171875
v 0.01370394229888916 0.008084670901298522 0.045810546875000004
v 0.012307709455490113 0.010083661079406739 0.045859375
v 0.010622432231903076 0.011845837831497192 0.045908203125
v 0.008687688112258911 0.013329815864562989 0.04595703125
v 0.006548914909362793 0.014500745534896851 0.046005859375
v 0.004256341755390167 0.015331127643585206 0.046054687500000004
v 0.0018638087809085845 0.015801459550857544 0.046103515625
v -0.0005724955350160599 0.015900697708129883 0.04615234375
v -0.0029953548312187197 0.015626507997512817 0.046201171875
v -0.005347868800163269 0.014985333681106567 0.04625
v -0.007574788331985474 0.013992229700088501 0.046298828125000004
v -0.009623815417289735 0.012670520544052124 0.04634765625
v -0.01144682765007019 0.01105124592781067 0.046396484375
v -0.01300101399421692 0.009172434806823731 0.0464453125
v -0.014249873161315919 0.007078209519386292 0.046494140625
v -0.015164074897766113 0.004817753732204437 0.046542968750000004
v -0.015722150802612304 0.0024441535770893096 0.046591796875
v -0.01591099500656128 1.3152911560609938e-05 0.046640625
v -0.015726170539855956 -0.002418156713247299 0.046689453125
v -0.015172019004821779 -0.004792676270008087 0.04673828125
v -0.014261555671691895 -0.007054640650749206 0.046787109375000004
v -0.013016160726547241 -0.009150927662849426 0.0468359375
v -0.011465083360671997 -0.011032305955886841 0.046884765625
v -0.009644750356674194 -0.012654592990875244 0.04693359375
v -0.007597911357879639 -0.013979687690734863 0.046982421875
v -0.005372636914253235 -0.014976471662521362 0.047031250000000004
v -0.0030211862921714783 -0.01562153458595276 0.047080078125
v -0.0005987835302948952 -0.015899728536605835 0.04712890625
v 0.001837681531906128 -0.015804519653320314 0.047177734375
v 0.004230988919734955 -0.015338144302368165 0.0472265625
v 0.006524931788444519 -0.014511553049087524 0.047275390625000004
v 0.008665637969970703 -0.01334416151046753 0.04732421875
v 0.010602833032608032 -0.011863383054733277 0.047373046875
v 0.012291021347045898 -0.010103995800018311 0.047421875
v 0.013690556287765504 -0.008107316493988038 0.047470703125
v 0.014768571853637696 -0.005920238494873047 0.047519531250000004
v 0.01549974799156189 -0.0035941243171691895 0.047568359375
v 0.01586691498756409 -0.0011836026608943939 0.0476171875
v 0.015861450433731078 0.001254715770483017 0.047666015625
v 0.015483481884002686 0.003663567304611206 0.04771484375
v 0.014741884469985962 0.0059863805770874025 0.047763671875000004
v 0.013654077053070068 0.008168604373931885 0.0478125
v 0.012245604991912842 0.010158989429473877 0.047861328125
v 0.010549547672271729 0.011910792589187622 0.04791015625
v 0.00860573410987854 0.013382872343063354 0.047958984375
v 0.006459816694259644 0.014540656805038452 0.048007812500000004
v 0.004162191450595856 0.015356955528259277 0.048056640625
v 0.001766817718744278 0.01581259846687317 0.04810546875
v -0.0006700495630502701 0.015896885395050048 0.048154296875
v -0.0030911809206008913 0.015607835054397584 0.048203125
v -0.00543971598148346 0.014952237606048585 0.048251953125000004
v -0.007660500407218934 0.013945488929748536 0.04830078125
v -0.00970137894153595 0.012611231803894044 0.048349609375
v -0.011514421701431275 0.010980801582336426 0.0483984375
v -0.013057050704956054 0.00909248948097229 0.048447265625
v -0.014293035268783569 0.006990640759468079 0.048496093750000004
v -0.015193350315093994 0.004724618196487427 0.048544921875
v -0.015736851692199707 0.0023476383090019226 0.04859375
v -0.015910775661468507 -8.447536267340183e-05 0.048642578125
v -0.015711036920547487 -0.002514605224132538 0.04869140625
v -0.01514232635498047 -0.00488567978143692 0.048740234375000004
v -0.014218000173568725 -0.007142015099525452 0.0487890625
v -0.012959767580032349 -0.009230620861053467 0.048837890625
v -0.0113971745967865 -0.01110244631767273 0.04888671875
v -0.009566921591758728 -0.012713533639907838 0.048935546875
v -0.007511990666389466 -0.014026044607162476 0.048984375000000004
v -0.0052806419134140015 -0.0150091552734375 0.049033203125
v -0.002925277352333069 -0.01563977837562561 0.04908203125
v -0.0005012133345007896 -0.015903103351593017 0.049130859375
v 0.0019346216320991518 -0.015792946815490722 0.0491796875
v 0.004325022101402283 -0.015311894416809082 0.049228515625000004
v 0.006613849997520447 -0.014471243619918823 0.04927734375
v 0.008747352957725526 -0.013290739059448243 0.049326171875
v 0.010675425529479981 -0.011798102855682373 0.049375
v 0.01235278606414795 -0.010028388500213623 0.049423828125
v 0.013740044832229615 -0.008023160099983216 0.049472656250000004
v 0.014804619550704957 -0.0058295089006423955 0.049521484375
v 0.015521509647369385 -0.003498952090740204 0.0495703125
v 0.015873879194259644 -0.00108622282743454 0.049619140625
v 0.015853452682495116 0.001352016180753708 0.04966796875
v 0.015460710525512695 0.0037585031986236573 0.049716796875000004
v 0.014704875946044922 0.006076722145080566 0.049765625
v 0.013603698015213012 0.008252230286598206 0.049814453125
v 0.012183040380477905 0.010233936309814453 0.04986328125
v 0.010476264953613281 0.01197529911994934 0.049912109375
v 0.008523456454277038 0.013435423374176025 0.049960937500000004
v 0.00637047529220581 0.014580019712448121 0.050009765625
v 0.004067884683609009 0.01538220524787903 0.05005859375
v 0.0016697601974010468 0.015823142528533937 0.050107421875
v -0.0007675784081220627 0.01589247465133667 0.05015625
v -0.003186890482902527 0.015588574409484864 0.050205078125000004
v -0.0055313587188720705 0.014918578863143921 0.05025390625
v -0.00774592399597168 0.013898222446441651 0.050302734375
v -0.00977857768535614 0.012551467418670654 0.0503515625
v -0.011581581830978394 0.010909943580627442 0.050400390625
v -0.013112595081329345 0.00901220142841339 0.050449218750000004
v -0.014335659742355346 0.006902808547019959 0.050498046875
v -0.015222054719924927 0.004631304442882538 0.050546875
v -0.01575096130371094 0.002251034677028656 0.050595703125
v -0.015909957885742187 -0.00018210045993328095 0.05064453125
v -0.015695312023162843 -0.002610958814620972 0.050693359375000004
v -0.015112063884735108 -0.004978499412536621 0.0507421875
v -0.01417391061782837 -0.00722912073135376 0.050791015625
v -0.012902884483337403 -0.009309966564178467 0.05083984375
v -0.011328836679458618 -0.01117216944694519 0.050888671875
v -0.009488732814788818 -0.012771995067596437 0.050937500000000004
v -0.007425786852836609 -0.014071873426437379 0.050986328125
v -0.005188447833061219 -0.015041273832321168 0.05103515625
v -0.002829258441925049 -0.015657433271408082 0.051083984375
v -0.0004036242887377739 -0.015905879735946656 0.0511328125
v 0.0020314888656139374 -0.015780779123306273 0.051181640625000004
v 0.004418892860412598 -0.015285067558288574 0.05123046875
v 0.006702519655227661 -0.014430389404296876 0.051279296875
v 0.008828738927841187 -0.013236815929412843 0.051328125
v 0.010747616291046144 -0.01173237681388855 0.051376953125
v 0.012414087057113648 -0.009952405095100402 0.051425781250000004
v 0.01378901481628418 -0.00793870210647583 0.051474609375
v 0.01484010934829712 -0.005738559365272522 0.0515234375
v 0.015542685985565186 -0.003403647840023041 0.051572265625
v 0.015880244970321655 -0.0009888020902872085 0.05162109375
v 0.0158448588848114 0.001449265629053116 0.051669921875000004
v 0.015437357425689698 0.003853297531604767 0.05171875
v 0.01466731309890747 0.006166835427284241 0.051767578125
v 0.013552807569503784 0.008335545659065247 0.05181640625
v 0.012120016813278199 0.010308496952056885 0.051865234375
v 0.010402588844299317 0.012039355039596559 0.051914062500000004
v 0.008440858125686646 0.013487470149993897 0.051962890625
v 0.00628089427947998 0.01461883306503296 0.05201171875
v 0.003973424732685089 0.015406875610351563 0.052060546875
v 0.0015726397931575776 0.015833089351654055 0.052109375
v -0.0008650783449411393 0.015887465476989746 0.052158203125000004
v -0.0032824802398681643 0.015568726062774658 0.05220703125
v -0.0056227934360504155 0.014884357452392579 0.052255859375
v -0.007831056118011475 0.013850432634353638 0.0523046875
v -0.009855407476425172 0.012491230964660646 0.052353515625
v -0.011648305654525758 0.010838675498962403 0.052402343750000004
v -0.013167645931243897 0.008931574225425721 0.052451171875
v -0.014377745389938355 0.006814717054367065 0.0525
v -0.015250184535980225 0.004537816643714905 0.052548828125
v -0.01576447606086731 0.0021543461084365845 0.05259765625
v -0.01590854048728943 -0.00027971869334578517 0.052646484375000004
v -0.015678995847702028 -0.0027072143554687502 0.0526953125
v -0.015081231594085694 -0.0050711315870285035 0.052744140625
v -0.014129287004470826 -0.007315953969955444 0.05279296875
v -0.012845517396926881 -0.009388961791992188 0.052841796875
v -0.01126007318496704 -0.011241471767425537 0.052890625000000004
v -0.009410187005996704 -0.012829977273941041 0.052939453125
v -0.007339304089546203 -0.014117171764373779 0.05298828125
v -0.00509605884552002 -0.015072827339172364 0.053037109375
v -0.002733132839202881 -0.015674498081207276 0.0530859375
v -0.0003060200624167919 -0.015908056497573854 0.053134765625000004
v 0.0021282796561717986 -0.015768016576766967 0.05318359375
v 0.0045125970244407655 -0.015257666110992432 0.053232421875
v 0.006790936589241028 -0.01438899278640747 0.05328125
v 0.008909792304039002 -0.01318239450454712 0.053330078125
v 0.010819401741027832 -0.011666209697723388 0.053378906250000004
v 0.012474920749664307 -0.009876046180725098 0.053427734375
v 0.0138374662399292 -0.007853944897651673 0.0534765625
v 0.014875041246414185 -0.005647394061088562 0.053525390625
v 0.015563278198242188 -0.0033082157373428346 0.05357421875
v 0.01588601350784302 -0.0008913441002368928 0.053623046875000004
v 0.015835667848587035 0.0015464605391025544 0.053671875
v 0.015413423776626587 0.003947947025299072 0.053720703125
v 0.014629197120666505 0.006256716251373291 0.05376953125
v 0.01350140690803528 0.00841854751110077 0.053818359375
v 0.012056536674499511 0.010382670164108277 0.053867187500000004
v 0.010328521728515625 0.012102956771850587 0.053916015625
v 0.008357941508293151 0.013539007902145387 0.05396484375
v 0.006191076636314392 0.014657096862792969 0.054013671875
v 0.0038788151741027833 0.01543096661567688 0.0540625
v 0.0014754600822925567 0.01584244132041931 0.054111328125000004
v -0.0009625457227230072 0.015881857872009277 0.05416015625
v -0.0033779463171958925 0.015548292398452759 0.054208984375
v -0.005714016556739808 0.014849576950073242 0.0542578125
v -0.00791589379310608 0.013802120685577393 0.054306640625
v -0.009931867122650147 0.012430524826049805 0.054355468750000004
v -0.011714591979980468 0.010766998529434205 0.054404296875
v -0.013222200870513916 0.008850611448287964 0.054453125
v -0.014419288635253907 0.006726368665695191 0.054501953125
v -0.015277740955352783 0.004444157779216766 0.05455078125
v -0.015777398347854615 0.0020575766265392304 0.054599609375000004
v -0.015906525850296022 -0.0003773264214396477 0.0546484375
v -0.015662089586257935 -0.0028033679723739624 0.054697265625
v -0.015049831867218018 -0.005163573026657105 0.05474609375
v -0.01408413052558899 -0.007402511835098267 0.054794921875
v -0.012787666320800781 -0.009467604160308838 0.054843750000000004
v -0.011190884113311768 -0.01131035089492798 0.054892578125
v -0.009331286549568177 -0.012887475490570068 0.05494140625
v -0.007252544760704041 -0.01416193962097168 0.054990234375
v -0.005003477334976196 -0.015103812217712403 0.0550390625
v -0.002636904716491699 -0.015690973997116088 0.055087890625000004
v -0.0002084043063223362 -0.015909634828567505 0.05513671875
v 0.0022249902784824372 -0.0157546603679657 0.055185546875
v 0.004606131315231323 -0.015229690074920655 0.055234375
v 0.006879097819328308 -0.014347052574157715 0.055283203125
v 0.008990510106086732 -0.013127477169036866 0.055332031250000004
v 0.010890780687332154 -0.01159960389137268 0.055380859375
v 0.01253528356552124 -0.009799315333366395 0.0554296875
v 0.013885396718978883 -0.0077688914537429815 0.055478515625
v 0.014909412860870361 -0.005556016564369202 0.05552734375
v 0.0155832839012146 -0.0032126590609550475 0.055576171875000004
v 0.015891183614730835 -0.0007938525825738907 0.055625
v 0.01582588076591492 0.0016435973346233367 0.055673828125
v 0.015388909578323364 0.004042447507381439 0.05572265625
v 0.014590531587600708 0.0063463616371154784 0.055771484375
v 0.01344949722290039 0.008501231670379639 0.055820312500000004
v 0.011992603540420532 0.010456452369689942 0.055869140625
v 0.010254064798355103 0.012166104316711427 0.05591796875
v 0.008274710178375244 0.013590036630630494 0.055966796875
v 0.006101025938987732 0.014694808721542359 0.056015625
v 0.003784059286117554 0.01545447587966919 0.056064453125000004
v 0.001378224939107895 0.01585119605064392 0.05611328125
v -0.0010599768906831742 0.01587565302848816 0.056162109375
v -0.003473285436630249 0.015527273416519166 0.0562109375
v -0.005805023908615112 0.014814237356185913 0.056259765625
v -0.008000432848930358 0.013753290176391602 0.056308593750000004
v -0.010007952451705934 0.01236935019493103 0.056357421875
v -0.011780436038970948 0.010694916248321534 0.05640625
v -0.013276258707046509 0.008769314885139465 0.056455078125
v -0.014460289478302002 0.00663776695728302 0.05650390625
v -0.015304722785949708 0.004350331723690033 0.056552734375000004
v -0.015789726972579958 0.0019607295095920565 0.0566015625
v -0.015903910398483278 -0.0004749199002981186 0.056650390625
v -0.015644593238830568 -0.002899416089057922 0.05669921875
v -0.015017865896224976 -0.00525581955909729 0.056748046875
v -0.014038444757461549 -0.007488791346549988 0.056796875000000004
v -0.012729332447052003 -0.009545889496803284 0.056845703125
v -0.01112127423286438 -0.011378803253173829 0.05689453125
v -0.009252034425735474 -0.012944488525390626 0.056943359375
v -0.007165511846542358 -0.014206173419952393 0.0569921875
v -0.00491070806980133 -0.015134228467941284 0.057041015625000004
v -0.0025405770540237425 -0.01570685863494873 0.05708984375
v -0.00011078068986535072 -0.015910614728927613 0.057138671875
v 0.002321617156267166 -0.015740711688995362 0.0571875
v 0.004699492156505585 -0.015201140642166138 0.057236328125
v 0.006967000365257263 -0.01430457353591919 0.057285156250000004
v 0.009070889353752136 -0.013072065114974976 0.057333984375
v 0.01096174955368042 -0.011532560586929322 0.0573828125
v 0.012595175504684449 -0.009722216129302979 0.057431640625
v 0.013932803869247437 -0.007683546543121338 0.05748046875
v 0.01494322419166565 -0.005464429259300232 0.057529296875000004
v 0.015602703094482423 -0.003116981089115143 0.057578125
v 0.01589575529098511 -0.000696331188082695 0.057626953125
v 0.015815497636795045 0.0017406721413135528 0.05767578125
v 0.015363816022872925 0.004136795997619629 0.057724609375
v 0.014551316499710084 0.006435768008232117 0.057773437500000004
v 0.013397082090377807 0.008583596348762513 0.057822265625
v 0.01192821741104126 0.010529839992523193 0.05787109375
v 0.010179221630096436 0.012228792905807495 0.057919921875
v 0.008191167712211608 0.013640552759170532 0.05796875
v 0.006010745167732239 0.014731967449188232 0.058017578125000004
v 0.003689161241054535 0.015477403402328492 0.05806640625
v 0.0012809379398822786 0.015859354734420777 0.058115234375
v -0.0011573681235313416 0.015868850946426392 0.0581640625
v -0.0035684934258461 0.015505669116973876 0.058212890625
v -0.00589581310749054 0.014778338670730591 0.058261718750000004
v -0.008084670901298522 0.01370394229888916 0.058310546875
v -0.010083661079406739 0.012307709455490113 0.058359375
v -0.011845837831497192 0.010622432231903076 0.058408203125
v -0.013329815864562989 0.008687688112258911 0.05845703125
v -0.014500745534896851 0.006548914909362793 0.058505859375000004
v -0.015331127643585206 0.004256341755390167 0.0585546875
v -0.015801459550857544 0.0018638087809085845 0.058603515625
v -0.015900697708129883 -0.0005724955350160599 0.05865234375
v -0.015626507997512817 -0.0029953548312187197 0.058701171875
v -0.014985333681106567 -0.005347868800163269 0.058750000000000004
v -0.013992229700088501 -0.007574788331985474 0.058798828125
v -0.012670520544052124 -0.009623815417289735 0.05884765625
v -0.01105124592781067 -0.01144682765007019 0.058896484375
v -0.009172434806823731 -0.01300101399421692 0.0589453125
v -0.007078209519386292 -0.014249873161315919 0.058994140625000004
v -0.004817753732204437 -0.015164074897766113 0.05904296875
v -0.0024441535770893096 -0.015722150802612304 0.059091796875
v -1.3152911560609938e-05 -0.01591099500656128 0.059140625
v 0.002418156713247299 -0.015726170539855956 0.059189453125
v 0.004792676270008087 -0.015172019004821779 0.059238281250000004
v 0.007054640650749206 -0.014261555671691895 0.059287109375
v 0.009150927662849426 -0.013016160726547241 0.0593359375
v 0.011032305955886841 -0.011465083360671997 0.059384765625
v 0.012654592990875244 -0.009644750356674194 0.05943359375
v 0.013979687690734863 -0.007597911357879639 0.059482421875000004
v 0.014976471662521362 -0.005372636914253235 0.05953125
v 0.01562153458595276 -0.0030211862921714783 0.059580078125
v 0.015899728536605835 -0.0005987835302948952 0.05962890625
v 0.015804519653320314 0.001837681531906128 0.059677734375
v 0.015338144302368165 0.004230988919734955 0.059726562500000004
v 0.014511553049087524 0.006524931788444519 0.059775390625
v 0.01334416151046753 0.008665637969970703 0.05982421875
v 0.011863383054733277 0.010602833032608032 0.059873046875
v 0.010103995800018311 0.012291021347045898 0.059921875
v 0.008107316493988038 0.013690556287765504 0.059970703125000004
v 0.005920238494873047 0.014768571853637696 0.06001953125
v 0.0035941243171691895 0.01549974799156189 0.060068359375
v 0.0011836026608943939 0.01586691498756409 0.0601171875
v -0.001254715770483017 0.015861450433731078 0.060166015625
v -0.003663567304611206 0.015483481884002686 0.060214843750000004
v -0.0059863805770874025 0.014741884469985962 0.060263671875
v -0.008168604373931885 0.013654077053070068 0.0603125
v -0.010158989429473877 0.012245604991912842 0.060361328125
v -0.011910792589187622 0.010549547672271729 0.06041015625
v -0.013382872343063354 0.00860573410987854 0.060458984375000004
v -0.014540656805038452 0.006459816694259644 0.0605078125
v -0.015356955528259277 0.004162191450595856 0.060556640625
v -0.01581259846687317 0.001766817718744278 0.06060546875
v -0.015896885395050048 -0.0006700495630502701 0.060654296875
v -0.015607835054397584 -0.0030911809206008913 0.060703125000000004
v -0.014952237606048585 -0.00543971598148346 0.060751953125
v -0.013945488929748536 -0.007660500407218934 0.06080078125
v -0.012611231803894044 -0.00970137894153595 0.060849609375
v -0.010980801582336426 -0.011514421701431275 0.0608984375
v -0.00909248948097229 -0.013057050704956054 0.060947265625000004
v -0.006990640759468079 -0.014293035268783569 0.06099609375
v -0.004724618196487427 -0.015193350315093994 0.061044921875
v -0.0023476383090019226 -0.015736851692199707 0.06109375
v 8.447536267340183e-05 -0.015910775661468507 0.061142578125
v 0.002514605224132538 -0.015711036920547487 0.061191406250000004
v 0.00488567978143692 -0.01514232635498047 0.061240234375
v 0.007142015099525452 -0.014218000173568725 0.0612890625
v 0.009230620861053467 -0.012959767580032349 0.061337890625
v 0.01110244631767273 -0.0113971745967865 0.06138671875
v 0.012713533639907838 -0.009566921591758728 0.061435546875000004
v 0.014026044607162476 -0.007511990666389466 0.061484375
v 0.0150091552734375 -0.0052806419134140015 0.061533203125
v 0.01563977837562561 -0.002925277352333069 0.06158203125
v 0.015903103351593017 -0.0005012133345007896 0.061630859375
v 0.015792946815490722 0.0019346216320991518 0.061679687500000004
v 0.015311894416809082 0.004325022101402283 0.061728515625
v 0.014471243619918823 0.006613849997520447 0.06177734375
v 0.013290739059448243 0.008747352957725526 0.061826171875
v 0.011798102855682373 0.010675425529479981 0.061875
v 0.010028388500213623 0.01235278606414795 0.061923828125000004
v 0.008023160099983216 0.013740044832229615 0.06197265625
v 0.0058295089006423955 0.014804619550704957 0.062021484375
v 0.003498952090740204 0.015521509647369385 0.0620703125
v 0.00108622282743454 0.015873879194259644 0.062119140625
v -0.001352016180753708 0.015853452682495116 0.062167968750000004
v -0.0037585031986236573 0.015460710525512695 0.062216796875
v -0.006076722145080566 0.014704875946044922 0.062265625
v -0.008252230286598206 0.013603698015213012 0.062314453125
v -0.010233936309814453 0.012183040380477905 0.06236328125
v -0.01197529911994934 0.010476264953613281 0.062412109375000004
v -0.013435423374176025 0.008523456454277038 0.0624609375
v -0.014580019712448121 0.00637047529220581 0.062509765625
v -0.01538220524787903 0.004067884683609009 0.06255859375
v -0.015823142528533937 0.0016697601974010468 0.062607421875
v -0.01589247465133667 -0.0007675784081220627 0.06265625
v -0.015588574409484864 -0.003186890482902527 0.06270507812500001
v -0.014918578863143921 -0.0055313587188720705 0.06275390625
v -0.013898222446441651 -0.00774592399597168 0.062802734375
v -0.012551467418670654 -0.00977857768535614 0.0628515625
v -0.010909943580627442 -0.011581581830978394 0.062900390625
v -0.00901220142841339 -0.013112595081329345 0.06294921875000001
v -0.006902808547019959 -0.014335659742355346 0.062998046875
v -0.004631304442882538 -0.015222054719924927 0.063046875
v -0.002251034677028656 -0.01575096130371094 0.063095703125
v 0.00018210045993328095 -0.015909957885742187 0.06314453125
v 0.002610958814620972 -0.015695312023162843 0.06319335937500001
v 0.004978499412536621 -0.015112063884735108 0.0632421875
v 0.00722912073135376 -0.01417391061782837 0.063291015625
v 0.009309966564178467 -0.012902884483337403 0.06333984375
v 0.01117216944694519 -0.011328836679458618 0.063388671875
v 0.012771995067596437 -0.009488732814788818 0.06343750000000001
v 0.014071873426437379 -0.007425786852836609 0.063486328125
v 0.015041273832321168 -0.005188447833061219 0.06353515625
v 0.015657433271408082 -0.002829258441925049 0.063583984375
v 0.015905879735946656 -0.0004036242887377739 0.0636328125
v 0.015780779123306273 0.0020314888656139374 0.06368164062500001
v 0.015285067558288574 0.004418892860412598 0.06373046875
v 0.014430389404296876 0.006702519655227661 0.063779296875
v 0.013236815929412843 0.008828738927841187 0.063828125
v 0.01173237681388855 0.010747616291046144 0.063876953125
v 0.009952405095100402 0.012414087057113648 0.06392578125000001
v 0.00793870210647583 0.01378901481628418 0.063974609375
v 0.005738559365272522 0.01484010934829712 0.0640234375
v 0.003403647840023041 0.015542685985565186 0.064072265625
v 0.0009888020902872085 0.015880244970321655 0.06412109375
v -0.001449265629053116 0.0158448588848114 0.06416992187500001
v -0.003853297531604767 0.015437357425689698 0.06421875
v -0.006166835427284241 0.01466731309890747 0.064267578125
v -0.008335545659065247 0.013552807569503784 0.06431640625
v -0.010308496952056885 0.012120016813278199 0.064365234375
v -0.012039355039596559 0.010402588844299317 0.06441406250000001
v -0.013487470149993897 0.008440858125686646 0.064462890625
v -0.01461883306503296 0.00628089427947998 0.06451171875
v -0.015406875610351563 0.003973424732685089 0.064560546875
v -0.015833089351654055 0.0015726397931575776 0.064609375
v -0.015887465476989746 -0.0008650783449411393 0.06465820312500001
v -0.015568726062774658 -0.0032824802398681643 0.06470703125
v -0.014884357452392579 -0.0056227934360504155 0.064755859375
v -0.013850432634353638 -0.007831056118011475 0.0648046875
v -0.012491230964660646 -0.009855407476425172 0.064853515625
v -0.010838675498962403 -0.011648305654525758 0.06490234375000001
v -0.008931574225425721 -0.013167645931243897 0.064951171875
v -0.006814717054367065 -0.014377745389938355 0.065
v -0.008931574225425721 -0.013167645931243897 0.064951171875
v -0.010838675498962403 -0.011648305654525758 0.06490234375000001
v -0.012491230964660646 -0.009855407476425172 0.064853515625
v -0.013850432634353638 -0.007831056118011475 0.0648046875
v -0.014884357452392579 -0.0056227934360504155 0.064755859375
v -0.015568726062774658 -0.0032824802398681643 0.06470703125
v -0.015887465476989746 -0.0008650783449411393 0.06465820312500001
v -0.015833089351654055 0.0015726397931575776 0.064609375
v -0.015406875610351563 0.003973424732685089 0.064560546875
v -0.01461883306503296 0.00628089427947998 0.06451171875
v -0.013487470149993897 0.008440858125686646 0.064462890625
v -0.012039355039596559 0.010402588844299317 0.06441406250000001
v -0.010308496952056885 0.012120016813278199 0.064365234375
v -0.008335545659065247 0.013552807569503784 0.06431640625
v -0.006166835427284241 0.01466731309890747 0.064267578125
v -0.003853297531604767 0.015437357425689698 0.06421875
v -0.001449265629053116 0.0158448588848114 0.06416992187500001
v 0.0009888020902872085 0.015880244970321655 0.06412109375
v 0.003403647840023041 0.015542685985565186 0.064072265625
v 0.005738559365272522 0.01484010934829712 0.0640234375
v 0.00793870210647583 0.01378901481628418 0.063974609375
v 0.009952405095100402 0.012414087057113648 0.06392578125000001
v 0.01173237681388855 0.010747616291046144 0.063876953125
v 0.013236815929412843 0.008828738927841187 0.063828125
v 0.014430389404296876 0.006702519655227661 0.063779296875
v 0.015285067558288574 0.004418892860412598 0.06373046875
v 0.015780779123306273 0.0020314888656139374 0.06368164062500001
v 0.015905879735946656 -0.0004036242887377739 0.0636328125
v 0.015657433271408082 -0.002829258441925049 0.063583984375
v 0.015041273832321168 -0.005188447833061219 0.06353515625
v 0.014071873426437379 -0.007425786852836609 0.063486328125
v 0.012771995067596437 -0.009488732814788818 0.06343750000000001
v 0.01117216944694519 -0.011328836679458618 0.063388671875
v 0.009309966564178467 -0.012902884483337403 0.06333984375
v 0.00722912073135376 -0.01417391061782837 0.063291015625
v 0.004978499412536621 -0.015112063884735108 0.0632421875
v 0.002610958814620972 -0.015695312023162843 0.06319335937500001
v 0.00018210045993328095 -0.015909957885742187 0.06314453125
v -0.002251034677028656 -0.01575096130371094 0.063095703125
v -0.004631304442882538 -0.015222054719924927 0.063046875
v -0.006902808547019959 -0.014335659742355346 0.062998046875
v -0.00901220142841339 -0.013112595081329345 0.06294921875000001
v -0.010909943580627442 -0.011581581830978394 0.062900390625
v -0.012551467418670654 -0.00977857768535614 0.0628515625
v -0.013898222446441651 -0.00774592399597168 0.062802734375
v -0.014918578863143921 -0.0055313587188720705 0.06275390625
v -0.015588574409484864 -0.003186890482902527 0.06270507812500001
v -0.01589247465133667 -0.0007675784081220627 0.06265625
v -0.015823142528533937 0.0016697601974010468 0.062607421875
v -0.01538220524787903 0.004067884683609009 0.06255859375
v -0.014580019712448121 0.00637047529220581 0.062509765625
v -0.013435423374176025 0.008523456454277038 0.0624609375
v -0.01197529911994934 0.010476264953613281 0.062412109375000004
v -0.010233936309814453 0.012183040380477905 0.06236328125
v -0.008252230286598206 0.013603698015213012 0.062314453125
v -0.006076722145080566 0.014704875946044922 0.062265625
v -0.0037585031986236573 0.015460710525512695 0.062216796875
v -0.001352016180753708 0.015853452682495116 0.062167968750000004
v 0.00108622282743454 0.015873879194259644 0.062119140625
v 0.003498952090740204 0.015521509647369385 0.0620703125
v 0.0058295089006423955 0.014804619550704957 0.062021484375
v 0.008023160099983216 0.013740044832229615 0.06197265625
v 0.010028388500213623 0.01235278606414795 0.061923828125000004
v 0.011798102855682373 0.010675425529479981 0.061875
v 0.013290739059448243 0.008747352957725526 0.061826171875
v 0.014471243619918823 0.006613849997520447 0.06177734375
v 0.015311894416809082 0.004325022101402283 0.061728515625
v 0.015792946815490722 0.0019346216320991518 0.061679687500000004
v 0.015903103351593017 -0.0005012133345007896 0.061630859375
v 0.01563977837562561 -0.002925277352333069 0.06158203125
v 0.0150091552734375 -0.0052806419134140015 0.061533203125
v 0.014026044607162476 -0.007511990666389466 0.061484375
v 0.012713533639907838 -0.009566921591758728 0.061435546875000004
v 0.01110244631767273 -0.0113971745967865 0.06138671875
v 0.009230620861053467 -0.012959767580032349 0.061337890625
v 0.007142015099525452 -0.014218000173568725 0.0612890625
v 0.00488567978143692 -0.01514232635498047 0.061240234375
v 0.002514605224132538 -0.015711036920547487 0.061191406250000004
v 8.447536267340183e-05 -0.015910775661468507 0.061142578125
v -0.0023476383090019226 -0.015736851692199707 0.06109375
v -0.004724618196487427 -0.015193350315093994 0.061044921875
v -0.006990640759468079 -0.014293035268783569 0.06099609375
v -0.00909248948097229 -0.013057050704956054 0.060947265625000004
v -0.010980801582336426 -0.011514421701431275 0.0608984375
v -0.012611231803894044 -0.00970137894153595 0.060849609375
v -0.013945488929748536 -0.007660500407218934 0.06080078125
v -0.014952237606048585 -0.00543971598148346 0.060751953125
v -0.015607835054397584 -0.0030911809206008913 0.060703125000000004
v -0.015896885395050048 -0.0006700495630502701 0.060654296875
v -0.01581259846687317 0.001766817718744278 0.06060546875
v -0.015356955528259277 0.004162191450595856 0.060556640625
v -0.014540656805038452 0.006459816694259644 0.0605078125
v -0.013382872343063354 0.00860573410987854 0.060458984375000004
v -0.011910792589187622 0.010549547672271729 0.06041015625
v -0.010158989429473877 0.012245604991912842 0.060361328125
v -0.008168604373931885 0.013654077053070068 0.0603125
v -0.0059863805770874025 0.014741884469985962 0.060263671875
v -0.003663567304611206 0.015483481884002686 0.060214843750000004
v -0.001254715770483017 0.015861450433731078 0.060166015625
v 0.0011836026608943939 0.01586691498756409 0.0601171875
v 0.0035941243171691895 0.01549974799156189 0.060068359375
v 0.005920238494873047 0.014768571853637696 0.06001953125
v 0.008107316493988038 0.013690556287765504 0.059970703125000004
v 0.010103995800018311 0.012291021347045898 0.059921875
v 0.011863383054733277 0.010602833032608032 0.059873046875
v 0.01334416151046753 0.008665637969970703 0.05982421875
v 0.014511553049087524 0.006524931788444519 0.059775390625
v 0.015338144302368165 0.004230988919734955 0.059726562500000004
v 0.015804519653320314 0.001837681531906128 0.059677734375
v 0.015899728536605835 -0.0005987835302948952 0.05962890625
v 0.01562153458595276 -0.0030211862921714783 0.059580078125
v 0.014976471662521362 -0.005372636914253235 0.05953125
v 0.013979687690734863 -0.007597911357879639 0.059482421875000004
v 0.012654592990875244 -0.009644750356674194 0.05943359375
v 0.011032305955886841 -0.011465083360671997 0.059384765625
v 0.009150927662849426 -0.013016160726547241 0.0593359375
v 0.007054640650749206 -0.014261555671691895 0.059287109375
v 0.004792676270008087 -0.015172019004821779 0.059238281250000004
v 0.002418156713247299 -0.015726170539855956 0.059189453125
v -1.3152911560609938e-05 -0.01591099500656128 0.059140625
v -0.0024441535770893096 -0.015722150802612304 0.059091796875
v -0.004817753732204437 -0.015164074897766113 0.05904296875
v -0.007078209519386292 -0.014249873161315919 0.058994140625000004
v -0.009172434806823731 -0.01300101399421692 0.0589453125
v -0.01105124592781067 -0.01144682765007019 0.058896484375
v -0.012670520544052124 -0.009623815417289735 0.05884765625
v -0.013992229700088501 -0.007574788331985474 0.058798828125
v -0.014985333681106567 -0.005347868800163269 0.058750000000000004
v -0.015626507997512817 -0.0029953548312187197 0.058701171875
v -0.015900697708129883 -0.0005724955350160599 0.05865234375
v -0.015801459550857544 0.0018638087809085845 0.058603515625
v -0.015331127643585206 0.004256341755390167 0.0585546875
v -0.014500745534896851 0.006548914909362793 0.058505859375000004
v -0.013329815864562989 0.008687688112258911 0.05845703125
v -0.011845837831497192 0.010622432231903076 0.058408203125
v -0.010083661079406739 0.012307709455490113 0.058359375
v -0.008084670901298522 0.01370394229888916 0.058310546875
v -0.00589581310749054 0.014778338670730591 0.058261718750000004
v -0.0035684934258461 0.015505669116973876 0.058212890625
v -0.0011573681235313416 0.015868850946426392 0.0581640625
v 0.0012809379398822786 0.015859354734420777 0.058115234375
v 0.003689161241054535 0.015477403402328492 0.05806640625
v 0.006010745167732239 0.014731967449188232 0.058017578125000004
v 0.008191167712211608 0.013640552759170532 0.05796875
v 0.010179221630096436 0.012228792905807495 0.057919921875
v 0.01192821741104126 0.010529839992523193 0.05787109375
v 0.013397082090377807 0.008583596348762513 0.057822265625
v 0.014551316499710084 0.006435768008232117 0.057773437500000004
v 0.015363816022872925 0.004136795997619629 0.057724609375
v 0.015815497636795045 0.0017406721413135528 0.05767578125
v 0.01589575529098511 -0.000696331188082695 0.057626953125
v 0.015602703094482423 -0.003116981089115143 0.057578125
v 0.01494322419166565 -0.005464429259300232 0.057529296875000004
v 0.013932803869247437 -0.007683546543121338 0.05748046875
v 0.012595175504684449 -0.009722216129302979 0.057431640625
v 0.01096174955368042 -0.011532560586929322 0.0573828125
v 0.009070889353752136 -0.013072065114974976 0.057333984375
v 0.006967000365257263 -0.01430457353591919 0.057285156250000004
v 0.004699492156505585 -0.015201140642166138 0.057236328125
v 0.002321617156267166 -0.015740711688995362 0.0571875
v -0.00011078068986535072 -0.015910614728927613 0.057138671875
v -0.0025405770540237425 -0.01570685863494873 0.05708984375
v -0.00491070806980133 -0.015134228467941284 0.057041015625000004
v -0.007165511846542358 -0.014206173419952393 0.0569921875
v -0.009252034425735474 -0.012944488525390626 0.056943359375
v -0.01112127423286438 -0.011378803253173829 0.05689453125
v -0.012729332447052003 -0.009545889496803284 0.056845703125
v -0.014038444757461549 -0.007488791346549988 0.056796875000000004
v -0.015017865896224976 -0.00525581955909729 0.056748046875
v -0.015644593238830568 -0.002899416089057922 0.05669921875
v -0.015903910398483278 -0.0004749199002981186 0.056650390625
v -0.015789726972579958 0.0019607295095920565 0.0566015625
v -0.015304722785949708 0.004350331723690033 0.056552734375000004
v -0.014460289478302002 0.00663776695728302 0.05650390625
v -0.013276258707046509 0.008769314885139465 0.056455078125
v -0.011780436038970948 0.010694916248321534 0.05640625
v -0.010007952451705934 0.01236935019493103 0.056357421875
v -0.008000432848930358 0.013753290176391602 0.056308593750000004
v -0.005805023908615112 0.014814237356185913 0.056259765625
v -0.003473285436630249 0.015527273416519166 0.0562109375
v -0.0010599768906831742 0.01587565302848816 0.056162109375
v 0.001378224939107895 0.01585119605064392 0.05611328125
v 0.003784059286117554 0.01545447587966919 0.056064453125000004
v 0.006101025938987732 0.014694808721542359 0.056015625
v 0.008274710178375244 0.013590036630630494 0.055966796875
v 0.010254064798355103 0.012166104316711427 0.05591796875
v 0.011992603540420532 0.010456452369689942 0.055869140625
v 0.01344949722290039 0.008501231670379639 0.055820312500000004
v 0.014590531587600708 0.0063463616371154784 0.055771484375
v 0.015388909578323364 0.004042447507381439 0.05572265625
v 0.01582588076591492 0.0016435973346233367 0.055673828125
v 0.015891183614730835 -0.0007938525825738907 0.055625
v 0.0155832839012146 -0.0032126590609550475 0.055576171875000004
v 0.014909412860870361 -0.005556016564369202 0.05552734375
v 0.013885396718978883 -0.0077688914537429815 0.055478515625
v 0.01253528356552124 -0.009799315333366395 0.0554296875
v 0.010890780687332154 -0.01159960389137268 0.055380859375
v 0.008990510106086732 -0.013127477169036866 0.055332031250000004
v 0.006879097819328308 -0.014347052574157715 0.055283203125
v 0.004606131315231323 -0.015229690074920655 0.055234375
v 0.0022249902784824372 -0.0157546603679657 0.055185546875
v -0.0002084043063223362 -0.015909634828567505 0.05513671875
v -0.002636904716491699 -0.015690973997116088 0.055087890625000004
v -0.005003477334976196 -0.015103812217712403 0.0550390625
v -0.007252544760704041 -0.01416193962097168 0.054990234375
v -0.009331286549568177 -0.012887475490570068 0.05494140625
v -0.011190884113311768 -0.01131035089492798 0.054892578125
v -0.012787666320800781 -0.009467604160308838 0.054843750000000004
v -0.01408413052558899 -0.007402511835098267 0.054794921875
v -0.015049831867218018 -0.005163573026657105 0.05474609375
v -0.015662089586257935 -0.0028033679723739624 0.054697265625
v -0.015906525850296022 -0.0003773264214396477 0.0546484375
v -0.015777398347854615 0.0020575766265392304 0.054599609375000004
v -0.015277740955352783 0.004444157779216766 0.05455078125
v -0.014419288635253907 0.006726368665695191 0.054501953125
v -0.013222200870513916 0.008850611448287964 0.054453125
v -0.011714591979980468 0.010766998529434205 0.054404296875
v -0.009931867122650147 0.012430524826049805 0.054355468750000004
v -0.00791589379310608 0.013802120685577393 0.054306640625
v -0.005714016556739808 0.014849576950073242 0.0542578125
v -0.0033779463171958925 0.015548292398452759 0.054208984375
v -0.0009625457227230072 0.015881857872009277 0.05416015625
v 0.0014754600822925567 0.01584244132041931 0.054111328125000004
v 0.0038788151741027833 0.01543096661567688 0.0540625
v 0.006191076636314392 0.014657096862792969 0.054013671875
v 0.008357941508293151 0.013539007902145387 0.05396484375
v 0.010328521728515625 0.012102956771850587 0.053916015625
v 0.012056536674499511 0.010382670164108277 0.053867187500000004
v 0.01350140690803528 0.00841854751110077 0.053818359375
v 0.014629197120666505 0.006256716251373291 0.05376953125
v 0.015413423776626587 0.003947947025299072 0.053720703125
v 0.015835667848587035 0.0015464605391025544 0.053671875
v 0.01588601350784302 -0.0008913441002368928 0.053623046875000004
v 0.015563278198242188 -0.0033082157373428346 0.05357421875
v 0.014875041246414185 -0.005647394061088562 0.053525390625
v 0.0138374662399292 -0.007853944897651673 0.0534765625
v 0.012474920749664307 -0.009876046180725098 0.053427734375
v 0.010819401741027832 -0.011666209697723388 0.053378906250000004
v 0.008909792304039002 -0.01318239450454712 0.053330078125
v 0.006790936589241028 -0.01438899278640747 0.05328125
v 0.0045125970244407655 -0.015257666110992432 0.053232421875
v 0.0021282796561717986 -0.015768016576766967 0.05318359375
v -0.0003060200624167919 -0.015908056497573854 0.053134765625000004
v -0.002733132839202881 -0.015674498081207276 0.0530859375
v -0.00509605884552002 -0.015072827339172364 0.053037109375
v -0.007339304089546203 -0.014117171764373779 0.05298828125
v -0.009410187005996704 -0.012829977273941041 0.052939453125
v -0.01126007318496704 -0.011241471767425537 0.052890625000000004
v -0.012845517396926881 -0.009388961791992188 0.052841796875
v -0.014129287004470826 -0.007315953969955444 0.05279296875
v -0.015081231594085694 -0.0050711315870285035 0.052744140625
v -0.015678995847702028 -0.0027072143554687502 0.0526953125
v -0.01590854048728943 -0.00027971869334578517 0.052646484375000004
v -0.01576447606086731 0.0021543461084365845 0.05259765625
v -0.015250184535980225 0.004537816643714905 0.052548828125
v -0.014377745389938355 0.006814717054367065 0.0525
v -0.013167645931243897 0.008931574225425721 0.052451171875
v -0.011648305654525758 0.010838675498962403 0.052402343750000004
v -0.009855407476425172 0.012491230964660646 0.052353515625
v -0.007831056118011475 0.013850432634353638 0.0523046875
v -0.0056227934360504155 0.014884357452392579 0.052255859375
v -0.0032824802398681643 0.015568726062774658 0.05220703125
v -0.0008650783449411393 0.015887465476989746 0.052158203125000004
v 0.0015726397931575776 0.015833089351654055 0.052109375
v 0.003973424732685089 0.015406875610351563 0.052060546875
v 0.00628089427947998 0.01461883306503296 0.05201171875
v 0.008440858125686646 0.013487470149993897 0.051962890625
v 0.010402588844299317 0.012039355039596559 0.051914062500000004
v 0.012120016813278199 0.010308496952056885 0.051865234375
v 0.013552807569503784 0.008335545659065247 0.05181640625
v 0.01466731309890747 0.006166835427284241 0.051767578125
v 0.015437357425689698 0.003853297531604767 0.05171875
v 0.0158448588848114 0.001449265629053116 0.051669921875000004
v 0.015880244970321655 -0.0009888020902872085 0.05162109375
v 0.015542685985565186 -0.003403647840023041 0.051572265625
v 0.01484010934829712 -0.005738559365272522 0.0515234375
v 0.01378901481628418 -0.00793870210647583 0.051474609375
v 0.012414087057113648 -0.009952405095100402 0.051425781250000004
v 0.010747616291046144 -0.01173237681388855 0.051376953125
v 0.008828738927841187 -0.013236815929412843 0.051328125
v 0.006702519655227661 -0.014430389404296876 0.051279296875
v 0.004418892860412598 -0.015285067558288574 0.05123046875
v 0.0020314888656139374 -0.015780779123306273 0.051181640625000004
v -0.0004036242887377739 -0.015905879735946656 0.0511328125
v -0.002829258441925049 -0.015657433271408082 0.051083984375
v -0.005188447833061219 -0.015041273832321168 0.05103515625
v -0.007425786852836609 -0.014071873426437379 0.050986328125
v -0.009488732814788818 -0.012771995067596437 0.050937500000000004
v -0.011328836679458618 -0.01117216944694519 0.050888671875
v -0.012902884483337403 -0.009309966564178467 0.05083984375
v -0.01417391061782837 -0.00722912073135376 0.050791015625
v -0.015112063884735108 -0.004978499412536621 0.0507421875
v -0.015695312023162843 -0.002610958814620972 0.050693359375000004
v -0.015909957885742187 -0.00018210045993328095 0.05064453125
v -0.01575096130371094 0.002251034677028656 0.050595703125
v -0.015222054719924927 0.004631304442882538 0.050546875
v -0.014335659742355346 0.006902808547019959 0.050498046875
v -0.013112595081329345 0.00901220142841339 0.050449218750000004
v -0.011581581830978394 0.010909943580627442 0.050400390625
v -0.00977857768535614 0.012551467418670654 0.0503515625
v -0.00774592399597168 0.013898222446441651 0.050302734375
v -0.0055313587188720705 0.014918578863143921 0.05025390625
v -0.003186890482902527 0.015588574409484864 0.050205078125000004
v -0.0007675784081220627 0.01589247465133667 0.05015625
v 0.0016697601974010468 0.015823142528533937 0.050107421875
v 0.004067884683609009 0.01538220524787903 0.05005859375
v 0.00637047529220581 0.014580019712448121 0.050009765625
v 0.008523456454277038 0.013435423374176025 0.049960937500000004
v 0.010476264953613281 0.01197529911994934 0.049912109375
v 0.012183040380477905 0.010233936309814453 0.04986328125
v 0.013603698015213012 0.008252230286598206 0.049814453125
v 0.014704875946044922 0.006076722145080566 0.049765625
v 0.015460710525512695 0.0037585031986236573 0.049716796875000004
v 0.015853452682495116 0.001352016180753708 0.04966796875
v 0.015873879194259644 -0.00108622282743454 0.049619140625
v 0.015521509647369385 -0.003498952090740204 0.0495703125
v 0.014804619550704957 -0.0058295089006423955 0.049521484375
v 0.013740044832229615 -0.008023160099983216 0.049472656250000004
v 0.01235278606414795 -0.010028388500213623 0.049423828125
v 0.010675425529479981 -0.011798102855682373 0.049375
v 0.008747352957725526 -0.013290739059448243 0.049326171875
v 0.006613849997520447 -0.014471243619918823 0.04927734375
v 0.004325022101402283 -0.015311894416809082 0.049228515625000004
v 0.0019346216320991518 -0.015792946815490722 0.0491796875
v -0.0005012133345007896 -0.015903103351593017 0.049130859375
v -0.002925277352333069 -0.01563977837562561 0.04908203125
v -0.0052806419134140015 -0.0150091552734375 0.049033203125
v -0.007511990666389466 -0.014026044607162476 0.048984375000000004
v -0.009566921591758728 -0.012713533639907838 0.048935546875
v -0.0113971745967865 -0.01110244631767273 0.04888671875
v -0.012959767580032349 -0.009230620861053467 0.048837890625
v -0.014218000173568725 -0.007142015099525452 0.0487890625
v -0.01514232635498047 -0.00488567978143692 0.048740234375000004
v -0.015711036920547487 -0.002514605224132538 0.04869140625
v -0.015910775661468507 -8.447536267340183e-05 0.048642578125
v -0.015736851692199707 0.0023476383090019226 0.04859375
v -0.015193350315093994 0.004724618196487427 0.048544921875
v -0.014293035268783569 0.006990640759468079 0.048496093750000004
v -0.013057050704956054 0.00909248948097229 0.048447265625
v -0.011514421701431275 0.010980801582336426 0.0483984375
v -0.00970137894153595 0.012611231803894044 0.048349609375
v -0.007660500407218934 0.013945488929748536 0.04830078125
v -0.00543971598148346 0.014952237606048585 0.048251953125000004
v -0.0030911809206008913 0.015607835054397584 0.048203125
v -0.0006700495630502701 0.015896885395050048 0.048154296875
v 0.001766817718744278 0.01581259846687317 0.04810546875
v 0.004162191450595856 0.015356955528259277 0.048056640625
v 0.006459816694259644 0.014540656805038452 0.048007812500000004
v 0.00860573410987854 0.013382872343063354 0.047958984375
v 0.010549547672271729 0.011910792589187622 0.04791015625
v 0.012245604991912842 0.010158989429473877 0.047861328125
v 0.013654077053070068 0.008168604373931885 0.0478125
v 0.014741884469985962 0.0059863805770874025 0.047763671875000004
v 0.015483481884002686 0.003663567304611206 0.04771484375
v 0.015861450433731078 0.001254715770483017 0.047666015625
v 0.01586691498756409 -0.0011836026608943939 0.0476171875
v 0.01549974799156189 -0.0035941243171691895 0.047568359375
v 0.014768571853637696 -0.005920238494873047 0.047519531250000004
v 0.013690556287765504 -0.008107316493988038 0.047470703125
v 0.012291021347045898 -0.010103995800018311 0.047421875
v 0.010602833032608032 -0.011863383054733277 0.047373046875
v 0.008665637969970703 -0.01334416151046753 0.04732421875
v 0.006524931788444519 -0.014511553049087524 0.047275390625000004
v 0.004230988919734955 -0.015338144302368165 0.0472265625
v 0.001837681531906128 -0.015804519653320314 0.047177734375
v -0.0005987835302948952 -0.015899728536605835 0.04712890625
v -0.0030211862921714783 -0.01562153458595276 0.047080078125
v -0.005372636914253235 -0.014976471662521362 0.047031250000000004
v -0.007597911357879639 -0.013979687690734863 0.046982421875
v -0.009644750356674194 -0.012654592990875244 0.04693359375
v -0.011465083360671997 -0.011032305955886841 0.046884765625
v -0.013016160726547241 -0.009150927662849426 0.0468359375
v -0.014261555671691895 -0.007054640650749206 0.046787109375000004
v -0.015172019004821779 -0.004792676270008087 0.04673828125
v -0.015726170539855956 -0.002418156713247299 0.046689453125
v -0.01591099500656128 1.3152911560609938e-05 0.046640625
v -0.015722150802612304 0.0024441535770893096 0.046591796875
v -0.015164074897766113 0.004817753732204437 0.046542968750000004
v -0.014249873161315919 0.007078209519386292 0.046494140625
v -0.01300101399421692 0.009172434806823731 0.0464453125
v -0.01144682765007019 0.01105124592781067 0.046396484375
v -0.009623815417289735 0.012670520544052124 0.04634765625
v -0.007574788331985474 0.013992229700088501 0.046298828125000004
v -0.005347868800163269 0.014985333681106567 0.04625
v -0.0029953548312187197 0.015626507997512817 0.046201171875
v -0.0005724955350160599 0.015900697708129883 0.04615234375
v 0.0018638087809085845 0.015801459550857544 0.046103515625
v 0.004256341755390167 0.015331127643585206 0.046054687500000004
v 0.006548914909362793 0.014500745534896851 0.046005859375
v 0.008687688112258911 0.013329815864562989 0.04595703125
v 0.010622432231903076 0.011845837831497192 0.045908203125
v 0.012307709455490113 0.010083661079406739 0.045859375
v 0.01370394229888916 0.008084670901298522 0.045810546875000004
v 0.014778338670730591 0.00589581310749054 0.04576171875
v 0.015505669116973876 0.0035684934258461 0.045712890625
v 0.015868850946426392 0.0011573681235313416 0.0456640625
v 0.015859354734420777 -0.0012809379398822786 0.045615234375
v 0.015477403402328492 -0.003689161241054535 0.045566406250000004
v 0.014731967449188232 -0.006010745167732239 0.045517578125
v 0.013640552759170532 -0.008191167712211608 0.04546875
v 0.012228792905807495 -0.010179221630096436 0.045419921875
v 0.010529839992523193 -0.01192821741104126 0.04537109375
v 0.008583596348762513 -0.013397082090377807 0.045322265625000004
v 0.006435768008232117 -0.014551316499710084 0.0452734375
v 0.004136795997619629 -0.015363816022872925 0.045224609375
v 0.0017406721413135528 -0.015815497636795045 0.04517578125
v -0.000696331188082695 -0.01589575529098511 0.045126953125
v -0.003116981089115143 -0.015602703094482423 0.045078125000000004
v -0.005464429259300232 -0.01494322419166565 0.045029296875
v -0.007683546543121338 -0.013932803869247437 0.04498046875
v -0.009722216129302979 -0.012595175504684449 0.044931640625
v -0.011532560586929322 -0.01096174955368042 0.0448828125
v -0.013072065114974976 -0.009070889353752136 0.044833984375000004
v -0.01430457353591919 -0.006967000365257263 0.04478515625
v -0.015201140642166138 -0.004699492156505585 0.044736328125
v -0.015740711688995362 -0.002321617156267166 0.0446875
v -0.015910614728927613 0.00011078068986535072 0.044638671875
v -0.01570685863494873 0.0025405770540237425 0.044589843750000004
v -0.015134228467941284 0.00491070806980133 0.044541015625
v -0.014206173419952393 0.007165511846542358 0.0444921875
v -0.012944488525390626 0.009252034425735474 0.044443359375
v -0.011378803253173829 0.01112127423286438 0.04439453125
v -0.009545889496803284 0.012729332447052003 0.044345703125000004
v -0.007488791346549988 0.014038444757461549 0.044296875
v -0.00525581955909729 0.015017865896224976 0.044248046875
v -0.002899416089057922 0.015644593238830568 0.04419921875
v -0.0004749199002981186 0.015903910398483278 0.044150390625
v 0.0019607295095920565 0.015789726972579958 0.044101562500000004
v 0.004350331723690033 0.015304722785949708 0.044052734375
v 0.00663776695728302 0.014460289478302002 0.04400390625
v 0.008769314885139465 0.013276258707046509 0.043955078125
v 0.010694916248321534 0.011780436038970948 0.04390625
v 0.01236935019493103 0.010007952451705934 0.043857421875000004
v 0.013753290176391602 0.008000432848930358 0.04380859375
v 0.014814237356185913 0.005805023908615112 0.043759765625
v 0.015527273416519166 0.003473285436630249 0.0437109375
v 0.01587565302848816 0.0010599768906831742 0.043662109375
v 0.01585119605064392 -0.001378224939107895 0.043613281250000004
v 0.01545447587966919 -0.003784059286117554 0.043564453125
v 0.014694808721542359 -0.006101025938987732 0.043515625
v 0.013590036630630494 -0.008274710178375244 0.043466796875
v 0.012166104316711427 -0.010254064798355103 0.04341796875
v 0.010456452369689942 -0.011992603540420532 0.043369140625000004
v 0.008501231670379639 -0.01344949722290039 0.0433203125
v 0.0063463616371154784 -0.014590531587600708 0.043271484375
v 0.004042447507381439 -0.015388909578323364 0.04322265625
v 0.0016435973346233367 -0.01582588076591492 0.043173828125
v -0.0007938525825738907 -0.015891183614730835 0.043125000000000004
v -0.0032126590609550475 -0.0155832839012146 0.043076171875
v -0.005556016564369202 -0.014909412860870361 0.04302734375
v -0.0077688914537429815 -0.013885396718978883 0.042978515625
v -0.009799315333366395 -0.01253528356552124 0.0429296875
v -0.01159960389137268 -0.010890780687332154 0.042880859375000004
v -0.013127477169036866 -0.008990510106086732 0.04283203125
v -0.014347052574157715 -0.006879097819328308 0.042783203125
v -0.015229690074920655 -0.004606131315231323 0.042734375
v -0.0157546603679657 -0.0022249902784824372 0.042685546875
v -0.015909634828567505 0.0002084043063223362 0.042636718750000004
v -0.015690973997116088 0.002636904716491699 0.042587890625
v -0.015103812217712403 0.005003477334976196 0.0425390625
v -0.01416193962097168 0.007252544760704041 0.042490234375
v -0.012887475490570068 0.009331286549568177 0.04244140625
v -0.01131035089492798 0.011190884113311768 0.042392578125000004
v -0.009467604160308838 0.012787666320800781 0.04234375
v -0.007402511835098267 0.01408413052558899 0.042294921875
v -0.005163573026657105 0.015049831867218018 0.04224609375
v -0.0028033679723739624 0.015662089586257935 0.042197265625
v -0.0003773264214396477 0.015906525850296022 0.042148437500000004
v 0.0020575766265392304 0.015777398347854615 0.042099609375
v 0.004444157779216766 0.015277740955352783 0.04205078125
v 0.006726368665695191 0.014419288635253907 0.042001953125
v 0.008850611448287964 0.013222200870513916 0.041953125
v 0.010766998529434205 0.011714591979980468 0.041904296875000004
v 0.012430524826049805 0.009931867122650147 0.04185546875
v 0.013802120685577393 0.00791589379310608 0.041806640625
v 0.014849576950073242 0.005714016556739808 0.0417578125
v 0.015548292398452759 0.0033779463171958925 0.041708984375
v 0.015881857872009277 0.0009625457227230072 0.041660156250000004
v 0.01584244132041931 -0.0014754600822925567 0.041611328125
v 0.01543096661567688 -0.0038788151741027833 0.0415625
v 0.014657096862792969 -0.006191076636314392 0.041513671875
v 0.013539007902145387 -0.008357941508293151 0.04146484375
v 0.012102956771850587 -0.010328521728515625 0.041416015625000004
v 0.010382670164108277 -0.012056536674499511 0.0413671875
v 0.00841854751110077 -0.01350140690803528 0.041318359375
v 0.006256716251373291 -0.014629197120666505 0.04126953125
v 0.003947947025299072 -0.015413423776626587 0.041220703125
v 0.0015464605391025544 -0.015835667848587035 0.041171875000000004
v -0.0008913441002368928 -0.01588601350784302 0.041123046875
v -0.0033082157373428346 -0.015563278198242188 0.04107421875
v -0.005647394061088562 -0.014875041246414185 0.041025390625
v -0.007853944897651673 -0.0138374662399292 0.0409765625
v -0.009876046180725098 -0.012474920749664307 0.040927734375000004
v -0.011666209697723388 -0.010819401741027832 0.04087890625
v -0.01318239450454712 -0.008909792304039002 0.040830078125
v -0.01438899278640747 -0.006790936589241028 0.04078125
v -0.015257666110992432 -0.0045125970244407655 0.040732421875
v -0.015768016576766967 -0.0021282796561717986 0.040683593750000004
v -0.015908056497573854 0.0003060200624167919 0.040634765625
v -0.015674498081207276 0.002733132839202881 0.0405859375
v -0.015072827339172364 0.00509605884552002 0.040537109375
v -0.014117171764373779 0.007339304089546203 0.04048828125
v -0.012829977273941041 0.009410187005996704 0.040439453125000004
v -0.011241471767425537 0.01126007318496704 0.040390625
v -0.009388961791992188 0.012845517396926881 0.040341796875
v -0.007315953969955444 0.014129287004470826 0.04029296875
v -0.0050711315870285035 0.015081231594085694 0.040244140625
v -0.0027072143554687502 0.015678995847702028 0.040195312500000004
v -0.00027971869334578517 0.01590854048728943 0.040146484375
v 0.0021543461084365845 0.01576447606086731 0.04009765625
v 0.004537816643714905 0.015250184535980225 0.040048828125
v 0.006814717054367065 0.014377745389938355 0.04
v 0.008931574225425721 0.013167645931243897 0.039951171875000004
v 0.010838675498962403 0.011648305654525758 0.03990234375
v 0.012491230964660646 0.009855407476425172 0.039853515625
v 0.013850432634353638 0.007831056118011475 0.0398046875
v 0.014884357452392579 0.0056227934360504155 0.039755859375
v 0.015568726062774658 0.0032824802398681643 0.039707031250000004
v 0.015887465476989746 0.0008650783449411393 0.039658203125
v 0.015833089351654055 -0.0015726397931575776 0.039609375
v 0.015406875610351563 -0.003973424732685089 0.039560546875
v 0.01461883306503296 -0.00628089427947998 0.03951171875
v 0.013487470149993897 -0.008440858125686646 0.039462890625000004
v 0.012039355039596559 -0.010402588844299317 0.0394140625
v 0.010308496952056885 -0.012120016813278199 0.039365234375
v 0.008335545659065247 -0.013552807569503784 0.03931640625
v 0.006166835427284241 -0.01466731309890747 0.039267578125
v 0.003853297531604767 -0.015437357425689698 0.039218750000000004
v 0.001449265629053116 -0.0158448588848114 0.039169921875
v -0.0009888020902872085 -0.015880244970321655 0.03912109375
v -0.003403647840023041 -0.015542685985565186 0.039072265625
v -0.005738559365272522 -0.01484010934829712 0.0390234375
v -0.00793870210647583 -0.01378901481628418 0.038974609375000004
v -0.009952405095100402 -0.012414087057113648 0.03892578125
v -0.01173237681388855 -0.010747616291046144 0.038876953125
v -0.013236815929412843 -0.008828738927841187 0.038828125
v -0.014430389404296876 -0.006702519655227661 0.038779296875
v -0.015285067558288574 -0.004418892860412598 0.038730468750000004
v -0.015780779123306273 -0.0020314888656139374 0.038681640625
v -0.015905879735946656 0.0004036242887377739 0.0386328125
v -0.015657433271408082 0.002829258441925049 0.038583984375
v -0.015041273832321168 0.005188447833061219 0.03853515625
v -0.014071873426437379 0.007425786852836609 0.038486328125000004
v -0.012771995067596437 0.009488732814788818 0.0384375
v -0.01117216944694519 0.011328836679458618 0.038388671875
v -0.009309966564178467 0.012902884483337403 0.03833984375
v -0.00722912073135376 0.01417391061782837 0.038291015625
v -0.004978499412536621 0.015112063884735108 0.038242187500000004
v -0.002610958814620972 0.015695312023162843 0.038193359375
v -0.00018210045993328095 0.015909957885742187 0.03814453125
v 0.002251034677028656 0.01575096130371094 0.038095703125
v 0.004631304442882538 0.015222054719924927 0.038046875
v 0.006902808547019959 0.014335659742355346 0.037998046875000004
v 0.00901220142841339 0.013112595081329345 0.03794921875
v 0.010909943580627442 0.011581581830978394 0.037900390625
v 0.012551467418670654 0.00977857768535614 0.0378515625
v 0.013898222446441651 0.00774592399597168 0.037802734375
v 0.014918578863143921 0.0055313587188720705 0.037753906250000004
v 0.015588574409484864 0.003186890482902527 0.037705078125
v 0.01589247465133667 0.0007675784081220627 0.03765625
v 0.015823142528533937 -0.0016697601974010468 0.037607421875
v 0.01538220524787903 -0.004067884683609009 0.03755859375
v 0.014580019712448121 -0.00637047529220581 0.037509765625000004
v 0.013435423374176025 -0.008523456454277038 0.0374609375
v 0.01197529911994934 -0.010476264953613281 0.037412109375
v 0.010233936309814453 -0.012183040380477905 0.03736328125
v 0.008252230286598206 -0.013603698015213012 0.037314453125
v 0.006076722145080566 -0.014704875946044922 0.037265625000000004
v 0.0037585031986236573 -0.015460710525512695 0.037216796875
v 0.001352016180753708 -0.015853452682495116 0.03716796875
v -0.00108622282743454 -0.015873879194259644 0.037119140625
v -0.003498952090740204 -0.015521509647369385 0.0370703125
v -0.0058295089006423955 -0.014804619550704957 0.037021484375000004
v -0.008023160099983216 -0.013740044832229615 0.03697265625
v -0.010028388500213623 -0.01235278606414795 0.036923828125
v -0.011798102855682373 -0.010675425529479981 0.036875
v -0.013290739059448243 -0.008747352957725526 0.036826171875
v -0.014471243619918823 -0.006613849997520447 0.036777343750000004
v -0.015311894416809082 -0.004325022101402283 0.036728515625
v -0.015792946815490722 -0.0019346216320991518 0.0366796875
v -0.015903103351593017 0.0005012133345007896 0.036630859375
v -0.01563977837562561 0.002925277352333069 0.03658203125
v -0.0150091552734375 0.0052806419134140015 0.036533203125000004
v -0.014026044607162476 0.007511990666389466 0.036484375
v -0.012713533639907838 0.009566921591758728 0.036435546875
v -0.01110244631767273 0.0113971745967865 0.03638671875
v -0.009230620861053467 0.012959767580032349 0.036337890625
v -0.007142015099525452 0.014218000173568725 0.036289062500000004
v -0.00488567978143692 0.01514232635498047 0.036240234375
v -0.002514605224132538 0.015711036920547487 0.03619140625
v -8.447536267340183e-05 0.015910775661468507 0.036142578125
v 0.0023476383090019226 0.015736851692199707 0.03609375
v 0.004724618196487427 0.015193350315093994 0.036044921875000004
v 0.006990640759468079 0.014293035268783569 0.03599609375
v 0.00909248948097229 0.013057050704956054 0.035947265625
v 0.010980801582336426 0.011514421701431275 0.0358984375
v 0.012611231803894044 0.00970137894153595 0.035849609375
v 0.013945488929748536 0.007660500407218934 0.035800781250000004
v 0.014952237606048585 0.00543971598148346 0.035751953125
v 0.015607835054397584 0.0030911809206008913 0.035703125
v 0.015896885395050048 0.0006700495630502701 0.035654296875
v 0.01581259846687317 -0.001766817718744278 0.03560546875
v 0.015356955528259277 -0.004162191450595856 0.035556640625000004
v 0.014540656805038452 -0.006459816694259644 0.0355078125
v 0.013382872343063354 -0.00860573410987854 0.035458984375
v 0.011910792589187622 -0.010549547672271729 0.03541015625
v 0.010158989429473877 -0.012245604991912842 0.035361328125
v 0.008168604373931885 -0.013654077053070068 0.035312500000000004
v 0.0059863805770874025 -0.014741884469985962 0.035263671875
v 0.003663567304611206 -0.015483481884002686 0.03521484375
v 0.001254715770483017 -0.015861450433731078 0.035166015625
v -0.0011836026608943939 -0.01586691498756409 0.0351171875
v -0.0035941243171691895 -0.01549974799156189 0.035068359375000004
v -0.005920238494873047 -0.014768571853637696 0.03501953125
v -0.008107316493988038 -0.013690556287765504 0.034970703125
v -0.010103995800018311 -0.012291021347045898 0.034921875
v -0.011863383054733277 -0.010602833032608032 0.034873046875
v -0.01334416151046753 -0.008665637969970703 0.034824218750000004
v -0.014511553049087524 -0.006524931788444519 0.034775390625
v -0.015338144302368165 -0.004230988919734955 0.0347265625
v -0.015804519653320314 -0.001837681531906128 0.034677734375
v -0.015899728536605835 0.0005987835302948952 0.03462890625
v -0.01562153458595276 0.0030211862921714783 0.034580078125000004
v -0.014976471662521362 0.005372636914253235 0.03453125
v -0.013979687690734863 0.007597911357879639 0.034482421875
v -0.012654592990875244 0.009644750356674194 0.03443359375
v -0.011032305955886841 0.011465083360671997 0.034384765625
v -0.009150927662849426 0.013016160726547241 0.034335937500000004
v -0.007054640650749206 0.014261555671691895 0.034287109375
v -0.004792676270008087 0.015172019004821779 0.03423828125
v -0.002418156713247299 0.015726170539855956 0.034189453125
v 1.3152911560609938e-05 0.01591099500656128 0.034140625
v 0.0024441535770893096 0.015722150802612304 0.034091796875000004
v 0.004817753732204437 0.015164074897766113 0.03404296875
v 0.007078209519386292 0.014249873161315919 0.033994140625
v 0.009172434806823731 0.01300101399421692 0.0339453125
v 0.01105124592781067 0.01144682765007019 0.033896484375
v 0.012670520544052124 0.009623815417289735 0.033847656250000004
v 0.013992229700088501 0.007574788331985474 0.033798828125
v 0.014985333681106567 0.005347868800163269 0.03375
v 0.015626507997512817 0.0029953548312187197 0.033701171875
v 0.015900697708129883 0.0005724955350160599 0.03365234375
v 0.015801459550857544 -0.0018638087809085845 0.033603515625000004
v 0.015331127643585206 -0.004256341755390167 0.0335546875
v 0.014500745534896851 -0.006548914909362793 0.033505859375
v 0.013329815864562989 -0.008687688112258911 0.03345703125
v 0.011845837831497192 -0.010622432231903076 0.033408203125
v 0.010083661079406739 -0.012307709455490113 0.033359375000000004
v 0.008084670901298522 -0.01370394229888916 0.033310546875
v 0.00589581310749054 -0.014778338670730591 0.03326171875
v 0.0035684934258461 -0.015505669116973876 0.033212890625
v 0.0011573681235313416 -0.015868850946426392 0.0331640625
v -0.0012809379398822786 -0.015859354734420777 0.033115234375000004
v -0.003689161241054535 -0.015477403402328492 0.03306640625
v -0.006010745167732239 -0.014731967449188232 0.033017578125
v -0.008191167712211608 -0.013640552759170532 0.03296875
v -0.010179221630096436 -0.012228792905807495 0.032919921875
v -0.01192821741104126 -0.010529839992523193 0.032871093750000004
v -0.013397082090377807 -0.008583596348762513 0.032822265625
v -0.014551316499710084 -0.006435768008232117 0.0327734375
v -0.015363816022872925 -0.004136795997619629 0.032724609375
v -0.015815497636795045 -0.0017406721413135528 0.03267578125
v -0.01589575529098511 0.000696331188082695 0.032626953125000004
v -0.015602703094482423 0.003116981089115143 0.032578125
v -0.01494322419166565 0.005464429259300232 0.032529296875
v -0.013932803869247437 0.007683546543121338 0.03248046875
v -0.012595175504684449 0.009722216129302979 0.032431640625
v -0.01096174955368042 0.011532560586929322 0.032382812500000004
v -0.009070889353752136 0.013072065114974976 0.032333984375
v -0.006967000365257263 0.01430457353591919 0.03228515625
v -0.004699492156505585 0.015201140642166138 0.032236328125
v -0.002321617156267166 0.015740711688995362 0.0321875
v 0.00011078068986535072 0.015910614728927613 0.032138671875000004
v 0.0025405770540237425 0.01570685863494873 0.03208984375
v 0.00491070806980133 0.015134228467941284 0.032041015625
v 0.007165511846542358 0.014206173419952393 0.0319921875
v 0.009252034425735474 0.012944488525390626 0.031943359375
v 0.01112127423286438 0.011378803253173829 0.031894531250000004
v 0.012729332447052003 0.009545889496803284 0.031845703125
v 0.014038444757461549 0.007488791346549988 0.031796875
v 0.015017865896224976 0.00525581955909729 0.031748046875
v 0.015644593238830568 0.002899416089057922 0.03169921875
v 0.015903910398483278 0.0004749199002981186 0.031650390625000004
v 0.015789726972579958 -0.0019607295095920565 0.0316015625
v 0.015304722785949708 -0.004350331723690033 0.031552734375
v 0.014460289478302002 -0.00663776695728302 0.03150390625
v 0.013276258707046509 -0.008769314885139465 0.031455078125
v 0.011780436038970948 -0.010694916248321534 0.031406250000000004
v 0.010007952451705934 -0.01236935019493103 0.031357421875
v 0.008000432848930358 -0.013753290176391602 0.03130859375
v 0.005805023908615112 -0.014814237356185913 0.031259765625
v 0.003473285436630249 -0.015527273416519166 0.0312109375
v 0.0010599768906831742 -0.01587565302848816 0.031162109375
v -0.001378224939107895 -0.01585119605064392 0.03111328125
v -0.003784059286117554 -0.01545447587966919 0.031064453125000002
v -0.006101025938987732 -0.014694808721542359 0.031015625
v -0.008274710178375244 -0.013590036630630494 0.030966796875
v -0.010254064798355103 -0.012166104316711427 0.03091796875
v -0.011992603540420532 -0.010456452369689942 0.030869140625
v -0.01344949722290039 -0.008501231670379639 0.030820312500000002
v -0.014590531587600708 -0.0063463616371154784 0.030771484375
v -0.015388909578323364 -0.004042447507381439 0.03072265625
v -0.01582588076591492 -0.0016435973346233367 0.030673828125
v -0.015891183614730835 0.0007938525825738907 0.030625
v -0.0155832839012146 0.0032126590609550475 0.030576171875000002
v -0.014909412860870361 0.005556016564369202 0.03052734375
v -0.013885396718978883 0.0077688914537429815 0.030478515625
v -0.01253528356552124 0.009799315333366395 0.0304296875
v -0.010890780687332154 0.01159960389137268 0.030380859375
v -0.008990510106086732 0.013127477169036866 0.030332031250000002
v -0.006879097819328308 0.014347052574157715 0.030283203125
v -0.004606131315231323 0.015229690074920655 0.030234375
v -0.0022249902784824372 0.0157546603679657 0.030185546875
v 0.0002084043063223362 0.015909634828567505 0.03013671875
v 0.002636904716491699 0.015690973997116088 0.030087890625000002
v 0.005003477334976196 0.015103812217712403 0.0300390625
v 0.007252544760704041 0.01416193962097168 0.029990234375
v 0.009331286549568177 0.012887475490570068 0.02994140625
v 0.011190884113311768 0.01131035089492798 0.029892578125
v 0.012787666320800781 0.009467604160308838 0.029843750000000002
v 0.01408413052558899 0.007402511835098267 0.029794921875
v 0.015049831867218018 0.005163573026657105 0.02974609375
v 0.015662089586257935 0.0028033679723739624 0.029697265625
v 0.015906525850296022 0.0003773264214396477 0.0296484375
v 0.015777398347854615 -0.0020575766265392304 0.029599609375000002
v 0.015277740955352783 -0.004444157779216766 0.02955078125
v 0.014419288635253907 -0.006726368665695191 0.029501953125
v 0.013222200870513916 -0.008850611448287964 0.029453125
v 0.011714591979980468 -0.010766998529434205 0.029404296875
v 0.009931867122650147 -0.012430524826049805 0.029355468750000002
v 0.00791589379310608 -0.013802120685577393 0.029306640625
v 0.005714016556739808 -0.014849576950073242 0.0292578125
v 0.0033779463171958925 -0.015548292398452759 0.029208984375
v 0.0009625457227230072 -0.015881857872009277 0.02916015625
v -0.0014754600822925567 -0.01584244132041931 0.029111328125000002
v -0.0038788151741027833 -0.01543096661567688 0.0290625
v -0.006191076636314392 -0.014657096862792969 0.029013671875
v -0.008357941508293151 -0.013539007902145387 0.02896484375
v -0.010328521728515625 -0.012102956771850587 0.028916015625
v -0.012056536674499511 -0.010382670164108277 0.028867187500000002
v -0.01350140690803528 -0.00841854751110077 0.028818359375
v -0.014629197120666505 -0.006256716251373291 0.02876953125
v -0.015413423776626587 -0.003947947025299072 0.028720703125
v -0.015835667848587035 -0.0015464605391025544 0.028671875
v -0.01588601350784302 0.0008913441002368928 0.028623046875000002
v -0.015563278198242188 0.0033082157373428346 0.02857421875
v -0.014875041246414185 0.005647394061088562 0.028525390625
v -0.0138374662399292 0.007853944897651673 0.0284765625
v -0.012474920749664307 0.009876046180725098 0.028427734375
v -0.010819401741027832 0.011666209697723388 0.028378906250000002
v -0.008909792304039002 0.01318239450454712 0.028330078125
v -0.006790936589241028 0.01438899278640747 0.02828125
v -0.0045125970244407655 0.015257666110992432 0.028232421875
v -0.0021282796561717986 0.015768016576766967 0.02818359375
v 0.0003060200624167919 0.015908056497573854 0.028134765625000002
v 0.002733132839202881 0.015674498081207276 0.0280859375
v 0.00509605884552002 0.015072827339172364 0.028037109375
v 0.007339304089546203 0.014117171764373779 0.02798828125
v 0.009410187005996704 0.012829977273941041 0.027939453125
v 0.01126007318496704 0.011241471767425537 0.027890625000000002
v 0.012845517396926881 0.009388961791992188 0.027841796875
v 0.014129287004470826 0.007315953969955444 0.02779296875
v 0.015081231594085694 0.0050711315870285035 0.027744140625
v 0.015678995847702028 0.0027072143554687502 0.0276953125
v 0.01590854048728943 0.00027971869334578517 0.027646484375000002
v 0.01576447606086731 -0.0021543461084365845 0.02759765625
v 0.015250184535980225 -0.004537816643714905 0.027548828125
v 0.014377745389938355 -0.006814717054367065 0.0275
v 0.013167645931243897 -0.008931574225425721 0.027451171875
v 0.011648305654525758 -0.010838675498962403 0.027402343750000002
v 0.009855407476425172 -0.012491230964660646 0.027353515625
v 0.007831056118011475 -0.013850432634353638 0.0273046875
v 0.0056227934360504155 -0.014884357452392579 0.027255859375
v 0.0032824802398681643 -0.015568726062774658 0.02720703125
v 0.0008650783449411393 -0.015887465476989746 0.027158203125000002
v -0.0015726397931575776 -0.015833089351654055 0.027109375
v -0.003973424732685089 -0.015406875610351563 0.027060546875
v -0.00628089427947998 -0.01461883306503296 0.02701171875
v -0.008440858125686646 -0.013487470149993897 0.026962890625
v -0.010402588844299317 -0.012039355039596559 0.026914062500000002
v -0.012120016813278199 -0.010308496952056885 0.026865234375
v -0.013552807569503784 -0.008335545659065247 0.02681640625
v -0.01466731309890747 -0.006166835427284241 0.026767578125
v -0.015437357425689698 -0.003853297531604767 0.02671875
v -0.0158448588848114 -0.001449265629053116 0.026669921875000002
v -0.015880244970321655 0.0009888020902872085 0.02662109375
v -0.015542685985565186 0.003403647840023041 0.026572265625
v -0.01484010934829712 0.005738559365272522 0.0265234375
v -0.01378901481628418 0.00793870210647583 0.026474609375
v -0.012414087057113648 0.009952405095100402 0.026425781250000002
v -0.010747616291046144 0.01173237681388855 0.026376953125
v -0.008828738927841187 0.013236815929412843 0.026328125
v -0.006702519655227661 0.014430389404296876 0.026279296875
v -0.004418892860412598 0.015285067558288574 0.02623046875
v -0.0020314888656139374 0.015780779123306273 0.026181640625000002
v 0.0004036242887377739 0.015905879735946656 0.0261328125
v 0.002829258441925049 0.015657433271408082 0.026083984375
v 0.005188447833061219 0.015041273832321168 0.02603515625
v 0.007425786852836609 0.014071873426437379 0.025986328125
v 0.009488732814788818 0.012771995067596437 0.025937500000000002
v 0.011328836679458618 0.01117216944694519 0.025888671875
v 0.012902884483337403 0.009309966564178467 0.02583984375
v 0.01417391061782837 0.00722912073135376 0.025791015625
v 0.015112063884735108 0.004978499412536621 0.0257421875
v 0.015695312023162843 0.002610958814620972 0.025693359375000002
v 0.015909957885742187 0.00018210045993328095 0.02564453125
v 0.01575096130371094 -0.002251034677028656 0.025595703125
v 0.015222054719924927 -0.004631304442882538 0.025546875
v 0.014335659742355346 -0.006902808547019959 0.025498046875
v 0.013112595081329345 -0.00901220142841339 0.025449218750000002
v 0.011581581830978394 -0.010909943580627442 0.025400390625
v 0.00977857768535614 -0.012551467418670654 0.0253515625
v 0.00774592399597168 -0.013898222446441651 0.025302734375
v 0.0055313587188720705 -0.014918578863143921 0.02525390625
v 0.003186890482902527 -0.015588574409484864 0.025205078125000002
v 0.0007675784081220627 -0.01589247465133667 0.02515625
v -0.0016697601974010468 -0.015823142528533937 0.025107421875
v -0.004067884683609009 -0.01538220524787903 0.02505859375
v -0.00637047529220581 -0.014580019712448121 0.025009765625
v -0.008523456454277038 -0.013435423374176025 0.024960937500000002
v -0.010476264953613281 -0.01197529911994934 0.024912109375
v -0.012183040380477905 -0.010233936309814453 0.02486328125
v -0.013603698015213012 -0.008252230286598206 0.024814453125
v -0.014704875946044922 -0.006076722145080566 0.024765625
v -0.015460710525512695 -0.0037585031986236573 0.024716796875000002
v -0.015853452682495116 -0.001352016180753708 0.02466796875
v -0.015873879194259644 0.00108622282743454 0.024619140625
v -0.015521509647369385 0.003498952090740204 0.0245703125
v -0.014804619550704957 0.0058295089006423955 0.024521484375
v -0.013740044832229615 0.008023160099983216 0.024472656250000002
v -0.01235278606414795 0.010028388500213623 0.024423828125
v -0.010675425529479981 0.011798102855682373 0.024375
v -0.008747352957725526 0.013290739059448243 0.024326171875
v -0.006613849997520447 0.014471243619918823 0.02427734375
v -0.004325022101402283 0.015311894416809082 0.024228515625000002
v -0.0019346216320991518 0.015792946815490722 0.0241796875
v 0.0005012133345007896 0.015903103351593017 0.024130859375
v 0.002925277352333069 0.01563977837562561 0.02408203125
v 0.0052806419134140015 0.0150091552734375 0.024033203125
v 0.007511990666389466 0.014026044607162476 0.023984375000000002
v 0.009566921591758728 0.012713533639907838 0.023935546875
v 0.0113971745967865 0.01110244631767273 0.02388671875
v 0.012959767580032349 0.009230620861053467 0.023837890625
v 0.014218000173568725 0.007142015099525452 0.0237890625
v 0.01514232635498047 0.00488567978143692 0.023740234375000002
v 0.015711036920547487 0.002514605224132538 0.02369140625
v 0.015910775661468507 8.447536267340183e-05 0.023642578125
v 0.015736851692199707 -0.0023476383090019226 0.02359375
v 0.015193350315093994 -0.004724618196487427 0.023544921875
v 0.014293035268783569 -0.006990640759468079 0.023496093750000002
v 0.013057050704956054 -0.00909248948097229 0.023447265625
v 0.011514421701431275 -0.010980801582336426 0.0233984375
v 0.00970137894153595 -0.012611231803894044 0.023349609375
v 0.007660500407218934 -0.013945488929748536 0.02330078125
v 0.00543971598148346 -0.014952237606048585 0.023251953125
v 0.0030911809206008913 -0.015607835054397584 0.023203125
v 0.0006700495630502701 -0.015896885395050048 0.023154296875
v -0.001766817718744278 -0.01581259846687317 0.02310546875
v -0.004162191450595856 -0.015356955528259277 0.023056640625
v -0.006459816694259644 -0.014540656805038452 0.0230078125
v -0.00860573410987854 -0.013382872343063354 0.022958984375
v -0.010549547672271729 -0.011910792589187622 0.02291015625
v -0.012245604991912842 -0.010158989429473877 0.022861328125
v -0.013654077053070068 -0.008168604373931885 0.0228125
v -0.014741884469985962 -0.0059863805770874025 0.022763671875
v -0.015483481884002686 -0.003663567304611206 0.02271484375
v -0.015861450433731078 -0.001254715770483017 0.022666015625
v -0.01586691498756409 0.0011836026608943939 0.0226171875
v -0.01549974799156189 0.0035941243171691895 0.022568359375
v -0.014768571853637696 0.005920238494873047 0.02251953125
v -0.013690556287765504 0.008107316493988038 0.022470703125
v -0.012291021347045898 0.010103995800018311 0.022421875
v -0.010602833032608032 0.011863383054733277 0.022373046875
v -0.008665637969970703 0.01334416151046753 0.02232421875
v -0.006524931788444519 0.014511553049087524 0.022275390625
v -0.004230988919734955 0.015338144302368165 0.0222265625
v -0.001837681531906128 0.015804519653320314 0.022177734375
v 0.0005987835302948952 0.015899728536605835 0.02212890625
v 0.0030211862921714783 0.01562153458595276 0.022080078125
v 0.005372636914253235 0.014976471662521362 0.02203125
v 0.007597911357879639 0.013979687690734863 0.021982421875
v 0.009644750356674194 0.012654592990875244 0.02193359375
v 0.011465083360671997 0.011032305955886841 0.021884765625
v 0.013016160726547241 0.009150927662849426 0.0218359375
v 0.014261555671691895 0.007054640650749206 0.021787109375
v 0.015172019004821779 0.004792676270008087 0.02173828125
v 0.015726170539855956 0.002418156713247299 0.021689453125
v 0.01591099500656128 -1.3152911560609938e-05 0.021640625
v 0.015722150802612304 -0.0024441535770893096 0.021591796875
v 0.015164074897766113 -0.004817753732204437 0.02154296875
v 0.014249873161315919 -0.007078209519386292 0.021494140625
v 0.01300101399421692 -0.009172434806823731 0.0214453125
v 0.01144682765007019 -0.01105124592781067 0.021396484375
v 0.009623815417289735 -0.012670520544052124 0.02134765625
v 0.007574788331985474 -0.013992229700088501 0.021298828125
v 0.005347868800163269 -0.014985333681106567 0.02125
v 0.0029953548312187197 -0.015626507997512817 0.021201171875
v 0.0005724955350160599 -0.015900697708129883 0.02115234375
v -0.0018638087809085845 -0.015801459550857544 0.021103515625
v -0.004256341755390167 -0.015331127643585206 0.0210546875
v -0.006548914909362793 -0.014500745534896851 0.021005859375
v -0.008687688112258911 -0.013329815864562989 0.02095703125
v -0.010622432231903076 -0.011845837831497192 0.020908203125
v -0.012307709455490113 -0.010083661079406739 0.020859375
v -0.01370394229888916 -0.008084670901298522 0.020810546875
v -0.014778338670730591 -0.00589581310749054 0.02076171875
v -0.015505669116973876 -0.0035684934258461 0.020712890625
v -0.015868850946426392 -0.0011573681235313416 0.0206640625
v -0.015859354734420777 0.0012809379398822786 0.020615234375
v -0.015477403402328492 0.003689161241054535 0.02056640625
v -0.014731967449188232 0.006010745167732239 0.020517578125
v -0.013640552759170532 0.008191167712211608 0.02046875
v -0.012228792905807495 0.010179221630096436 0.020419921875
v -0.010529839992523193 0.01192821741104126 0.02037109375
v -0.008583596348762513 0.013397082090377807 0.020322265625
v -0.006435768008232117 0.014551316499710084 0.0202734375
v -0.004136795997619629 0.015363816022872925 0.020224609375
v -0.0017406721413135528 0.015815497636795045 0.02017578125
v 0.000696331188082695 0.01589575529098511 0.020126953125
v 0.003116981089115143 0.015602703094482423 0.020078125
v 0.005464429259300232 0.01494322419166565 0.020029296875
v 0.007683546543121338 0.013932803869247437 0.01998046875
v 0.009722216129302979 0.012595175504684449 0.019931640625
v 0.011532560586929322 0.01096174955368042 0.0198828125
v 0.013072065114974976 0.009070889353752136 0.019833984375
v 0.01430457353591919 0.006967000365257263 0.01978515625
v 0.015201140642166138 0.004699492156505585 0.019736328125
v 0.015740711688995362 0.002321617156267166 0.0196875
v 0.015910614728927613 -0.00011078068986535072 0.019638671875
v 0.01570685863494873 -0.0025405770540237425 0.01958984375
v 0.015134228467941284 -0.00491070806980133 0.019541015625
v 0.014206173419952393 -0.007165511846542358 0.0194921875
v 0.012944488525390626 -0.009252034425735474 0.019443359375
v 0.011378803253173829 -0.01112127423286438 0.01939453125
v 0.009545889496803284 -0.012729332447052003 0.019345703125
v 0.007488791346549988 -0.014038444757461549 0.019296875
v 0.00525581955909729 -0.015017865896224976 0.019248046875
v 0.002899416089057922 -0.015644593238830568 0.01919921875
v 0.0004749199002981186 -0.015903910398483278 0.019150390625
v -0.0019607295095920565 -0.015789726972579958 0.0191015625
v -0.004350331723690033 -0.015304722785949708 0.019052734375
v -0.00663776695728302 -0.014460289478302002 0.01900390625
v -0.008769314885139465 -0.013276258707046509 0.018955078125
v -0.010694916248321534 -0.011780436038970948 0.01890625
v -0.01236935019493103 -0.010007952451705934 0.018857421875
v -0.013753290176391602 -0.008000432848930358 0.01880859375
v -0.014814237356185913 -0.005805023908615112 0.018759765625
v -0.015527273416519166 -0.003473285436630249 0.0187109375
v -0.01587565302848816 -0.0010599768906831742 0.018662109375
v -0.01585119605064392 0.001378224939107895 0.01861328125
v -0.01545447587966919 0.003784059286117554 0.018564453125
v -0.014694808721542359 0.006101025938987732 0.018515625
v -0.013590036630630494 0.008274710178375244 0.018466796875
v -0.012166104316711427 0.010254064798355103 0.01841796875
v -0.010456452369689942 0.011992603540420532 0.018369140625
v -0.008501231670379639 0.01344949722290039 0.0183203125
v -0.0063463616371154784 0.014590531587600708 0.018271484375
v -0.004042447507381439 0.015388909578323364 0.01822265625
v -0.0016435973346233367 0.01582588076591492 0.018173828125
v 0.0007938525825738907 0.015891183614730835 0.018125
v 0.0032126590609550475 0.0155832839012146 0.018076171875
v 0.005556016564369202 0.014909412860870361 0.01802734375
v 0.0077688914537429815 0.013885396718978883 0.017978515625
v 0.009799315333366395 0.01253528356552124 0.0179296875
v 0.01159960389137268 0.010890780687332154 0.017880859375
v 0.013127477169036866 0.008990510106086732 0.01783203125
v 0.014347052574157715 0.006879097819328308 0.017783203125
v 0.015229690074920655 0.004606131315231323 0.017734375
v 0.0157546603679657 0.0022249902784824372 0.017685546875
v 0.015909634828567505 -0.0002084043063223362 0.01763671875
v 0.015690973997116088 -0.002636904716491699 0.017587890625
v 0.015103812217712403 -0.005003477334976196 0.0175390625
v 0.01416193962097168 -0.007252544760704041 0.017490234375
v 0.012887475490570068 -0.009331286549568177 0.01744140625
v 0.01131035089492798 -0.011190884113311768 0.017392578125
v 0.009467604160308838 -0.012787666320800781 0.01734375
v 0.007402511835098267 -0.01408413052558899 0.017294921875
v 0.005163573026657105 -0.015049831867218018 0.01724609375
v 0.0028033679723739624 -0.015662089586257935 0.017197265625
v 0.0003773264214396477 -0.015906525850296022 0.0171484375
v -0.0020575766265392304 -0.015777398347854615 0.017099609375
v -0.004444157779216766 -0.015277740955352783 0.01705078125
v -0.006726368665695191 -0.014419288635253907 0.017001953125
v -0.008850611448287964 -0.013222200870513916 0.016953125
v -0.010766998529434205 -0.011714591979980468 0.016904296875
v -0.012430524826049805 -0.009931867122650147 0.01685546875
v -0.013802120685577393 -0.00791589379310608 0.016806640625
v -0.014849576950073242 -0.005714016556739808 0.0167578125
v -0.015548292398452759 -0.0033779463171958925 0.016708984375
v -0.015881857872009277 -0.0009625457227230072 0.01666015625
v -0.01584244132041931 0.0014754600822925567 0.016611328125
v -0.01543096661567688 0.0038788151741027833 0.0165625
v -0.014657096862792969 0.006191076636314392 0.016513671875
v -0.013539007902145387 0.008357941508293151 0.01646484375
v -0.012102956771850587 0.010328521728515625 0.016416015625
v -0.010382670164108277 0.012056536674499511 0.0163671875
v -0.00841854751110077 0.01350140690803528 0.016318359375
v -0.006256716251373291 0.014629197120666505 0.01626953125
v -0.003947947025299072 0.015413423776626587 0.016220703125
v -0.0015464605391025544 0.015835667848587035 0.016171875
v 0.0008913441002368928 0.01588601350784302 0.016123046875
v 0.0033082157373428346 0.015563278198242188 0.01607421875
v 0.005647394061088562 0.014875041246414185 0.016025390625
v 0.007853944897651673 0.0138374662399292 0.0159765625
v 0.009876046180725098 0.012474920749664307 0.015927734375
v 0.011666209697723388 0.010819401741027832 0.01587890625
v 0.01318239450454712 0.008909792304039002 0.015830078125
v 0.01438899278640747 0.006790936589241028 0.01578125
v 0.015257666110992432 0.0045125970244407655 0.015732421875
v 0.015768016576766967 0.0021282796561717986 0.01568359375
v 0.015908056497573854 -0.0003060200624167919 0.015634765625
v 0.015674498081207276 -0.002733132839202881 0.0155859375
v 0.015072827339172364 -0.00509605884552002 0.015537109375
v 0.014117171764373779 -0.007339304089546203 0.015488281250000001
v 0.012829977273941041 -0.009410187005996704 0.015439453125
v 0.011241471767425537 -0.01126007318496704 0.015390625
v 0.009388961791992188 -0.012845517396926881 0.015341796875
v 0.007315953969955444 -0.014129287004470826 0.01529296875
v 0.0050711315870285035 -0.015081231594085694 0.015244140625000001
v 0.0027072143554687502 -0.015678995847702028 0.0151953125
v 0.00027971869334578517 -0.01590854048728943 0.015146484375
v -0.0021543461084365845 -0.01576447606086731 0.01509765625
v -0.004537816643714905 -0.015250184535980225 0.015048828125
v -0.006814717054367065 -0.014377745389938355 0.015
v -0.00417595773935318 -0.015353218317031861 0.015
v -0.001406644731760025 -0.015848699808120727 0.015
v 0.001406644731760025 -0.015848699808120727 0.015
v 0.00417595773935318 -0.015353218317031861 0.015
v 0.006814717054367065 -0.014377745389938355 0.015
v 0.008931574225425721 -0.013167645931243897 0.015048828125
v 0.010838675498962403 -0.011648305654525758 0.01509765625
v 0.012491230964660646 -0.009855407476425172 0.015146484375
v 0.013850432634353638 -0.007831056118011475 0.0151953125
v 0.014884357452392579 -0.0056227934360504155 0.015244140625000001
v 0.015568726062774658 -0.0032824802398681643 0.01529296875
v 0.015887465476989746 -0.0008650783449411393 0.015341796875
v 0.015833089351654055 0.0015726397931575776 0.015390625
v 0.015406875610351563 0.003973424732685089 0.015439453125
v 0.01461883306503296 0.00628089427947998 0.015488281250000001
v 0.013487470149993897 0.008440858125686646 0.015537109375
v 0.012039355039596559 0.010402588844299317 0.0155859375
v 0.010308496952056885 0.012120016813278199 0.015634765625
v 0.008335545659065247 0.013552807569503784 0.01568359375
v 0.006166835427284241 0.01466731309890747 0.015732421875
v 0.003853297531604767 0.015437357425689698 0.01578125
v 0.001449265629053116 0.0158448588848114 0.015830078125
v -0.0009888020902872085 0.015880244970321655 0.01587890625
v -0.003403647840023041 0.015542685985565186 0.015927734375
v -0.005738559365272522 0.01484010934829712 0.0159765625
v -0.00793870210647583 0.01378901481628418 0.016025390625
v -0.009952405095100402 0.012414087057113648 0.01607421875
v -0.01173237681388855 0.010747616291046144 0.016123046875
v -0.013236815929412843 0.008828738927841187 0.016171875
v -0.014430389404296876 0.006702519655227661 0.016220703125
v -0.015285067558288574 0.004418892860412598 0.01626953125
v -0.015780779123306273 0.0020314888656139374 0.016318359375
v -0.015905879735946656 -0.0004036242887377739 0.0163671875
v -0.015657433271408082 -0.002829258441925049 0.016416015625
v -0.015041273832321168 -0.005188447833061219 0.01646484375
v -0.014071873426437379 -0.007425786852836609 0.016513671875
v -0.012771995067596437 -0.009488732814788818 0.0165625
v -0.01117216944694519 -0.011328836679458618 0.016611328125
v -0.009309966564178467 -0.012902884483337403 0.01666015625
v -0.00722912073135376 -0.01417391061782837 0.016708984375
v -0.004978499412536621 -0.015112063884735108 0.0167578125
v -0.002610958814620972 -0.015695312023162843 0.016806640625
v -0.00018210045993328095 -0.015909957885742187 0.01685546875
v 0.002251034677028656 -0.01575096130371094 0.016904296875
v 0.004631304442882538 -0.015222054719924927 0.016953125
v 0.006902808547019959 -0.014335659742355346 0.017001953125
v 0.00901220142841339 -0.013112595081329345 0.01705078125
v 0.010909943580627442 -0.011581581830978394 0.017099609375
v 0.012551467418670654 -0.00977857768535614 0.0171484375
v 0.013898222446441651 -0.00774592399597168 0.017197265625
v 0.014918578863143921 -0.0055313587188720705 0.01724609375
v 0.015588574409484864 -0.003186890482902527 0.017294921875
v 0.01589247465133667 -0.0007675784081220627 0.01734375
v 0.015823142528533937 0.0016697601974010468 0.017392578125
v 0.01538220524787903 0.004067884683609009 0.01744140625
v 0.014580019712448121 0.00637047529220581 0.017490234375
v 0.013435423374176025 0.008523456454277038 0.0175390625
v 0.01197529911994934 0.010476264953613281 0.017587890625
v 0.010233936309814453 0.012183040380477905 0.01763671875
v 0.008252230286598206 0.013603698015213012 0.017685546875
v 0.006076722145080566 0.014704875946044922 0.017734375
v 0.0037585031986236573 0.015460710525512695 0.017783203125
v 0.001352016180753708 0.015853452682495116 0.01783203125
v -0.00108622282743454 0.015873879194259644 0.017880859375
v -0.003498952090740204 0.015521509647369385 0.0179296875
v -0.0058295089006423955 0.014804619550704957 0.017978515625
v -0.008023160099983216 0.013740044832229615 0.01802734375
v -0.010028388500213623 0.01235278606414795 0.018076171875
v -0.011798102855682373 0.010675425529479981 0.018125
v -0.013290739059448243 0.008747352957725526 0.018173828125
v -0.014471243619918823 0.006613849997520447 0.01822265625
v -0.015311894416809082 0.004325022101402283 0.018271484375
v -0.015792946815490722 0.0019346216320991518 0.0183203125
v -0.015903103351593017 -0.0005012133345007896 0.018369140625
v -0.01563977837562561 -0.002925277352333069 0.01841796875
v -0.0150091552734375 -0.0052806419134140015 0.018466796875
v -0.014026044607162476 -0.007511990666389466 0.018515625
v -0.012713533639907838 -0.009566921591758728 0.018564453125
v -0.01110244631767273 -0.0113971745967865 0.01861328125
v -0.009230620861053467 -0.012959767580032349 0.018662109375
v -0.007142015099525452 -0.014218000173568725 0.0187109375
v -0.00488567978143692 -0.01514232635498047 0.018759765625
v -0.002514605224132538 -0.015711036920547487 0.01880859375
v -8.447536267340183e-05 -0.015910775661468507 0.018857421875
v 0.0023476383090019226 -0.015736851692199707 0.01890625
v 0.004724618196487427 -0.015193350315093994 0.018955078125
v 0.006990640759468079 -0.014293035268783569 0.01900390625
v 0.00909248948097229 -0.013057050704956054 0.019052734375
v 0.010980801582336426 -0.011514421701431275 0.0191015625
v 0.012611231803894044 -0.00970137894153595 0.019150390625
v 0.013945488929748536 -0.007660500407218934 0.01919921875
v 0.014952237606048585 -0.00543971598148346 0.019248046875
v 0.015607835054397584 -0.0030911809206008913 0.019296875
v 0.015896885395050048 -0.0006700495630502701 0.019345703125
v 0.01581259846687317 0.001766817718744278 0.01939453125
v 0.015356955528259277 0.004162191450595856 0.019443359375
v 0.014540656805038452 0.006459816694259644 0.0194921875
v 0.013382872343063354 0.00860573410987854 0.019541015625
v 0.011910792589187622 0.010549547672271729 0.01958984375
v 0.010158989429473877 0.012245604991912842 0.019638671875
v 0.008168604373931885 0.013654077053070068 0.0196875
v 0.0059863805770874025 0.014741884469985962 0.019736328125
v 0.003663567304611206 0.015483481884002686 0.01978515625
v 0.001254715770483017 0.015861450433731078 0.019833984375
v -0.0011836026608943939 0.01586691498756409 0.0198828125
v -0.0035941243171691895 0.01549974799156189 0.019931640625
v -0.005920238494873047 0.014768571853637696 0.01998046875
v -0.008107316493988038 0.013690556287765504 0.020029296875
v -0.010103995800018311 0.012291021347045898 0.020078125
v -0.011863383054733277 0.010602833032608032 0.020126953125
v -0.01334416151046753 0.008665637969970703 0.02017578125
v -0.014511553049087524 0.006524931788444519 0.020224609375
v -0.015338144302368165 0.004230988919734955 0.0202734375
v -0.015804519653320314 0.001837681531906128 0.020322265625
v -0.015899728536605835 -0.0005987835302948952 0.02037109375
v -0.01562153458595276 -0.0030211862921714783 0.020419921875
v -0.014976471662521362 -0.005372636914253235 0.02046875
v -0.013979687690734863 -0.007597911357879639 0.020517578125
v -0.012654592990875244 -0.009644750356674194 0.02056640625
v -0.011032305955886841 -0.011465083360671997 0.020615234375
v -0.009150927662849426 -0.013016160726547241 0.0206640625
v -0.007054640650749206 -0.014261555671691895 0.020712890625
v -0.004792676270008087 -0.015172019004821779 0.02076171875
v -0.002418156713247299 -0.015726170539855956 0.020810546875
v 1.3152911560609938e-05 -0.01591099500656128 0.020859375
v 0.0024441535770893096 -0.015722150802612304 0.020908203125
v 0.004817753732204437 -0.015164074897766113 0.02095703125
v 0.007078209519386292 -0.014249873161315919 0.021005859375
v 0.009172434806823731 -0.01300101399421692 0.0210546875
v 0.01105124592781067 -0.01144682765007019 0.021103515625
v 0.012670520544052124 -0.009623815417289735 0.02115234375
v 0.013992229700088501 -0.007574788331985474 0.021201171875
v 0.014985333681106567 -0.005347868800163269 0.02125
v 0.015626507997512817 -0.0029953548312187197 0.021298828125
v 0.015900697708129883 -0.0005724955350160599 0.02134765625
v 0.015801459550857544 0.0018638087809085845 0.021396484375
v 0.015331127643585206 0.004256341755390167 0.0214453125
v 0.014500745534896851 0.006548914909362793 0.021494140625
v 0.013329815864562989 0.008687688112258911 0.02154296875
v 0.011845837831497192 0.010622432231903076 0.021591796875
v 0.010083661079406739 0.012307709455490113 0.021640625
v 0.008084670901298522 0.01370394229888916 0.021689453125
v 0.00589581310749054 0.014778338670730591 0.02173828125
v 0.0035684934258461 0.015505669116973876 0.021787109375
v 0.0011573681235313416 0.015868850946426392 0.0218359375
v -0.0012809379398822786 0.015859354734420777 0.021884765625
v -0.003689161241054535 0.015477403402328492 0.02193359375
v -0.006010745167732239 0.014731967449188232 0.021982421875
v -0.008191167712211608 0.013640552759170532 0.02203125
v -0.010179221630096436 0.012228792905807495 0.022080078125
v -0.01192821741104126 0.010529839992523193 0.02212890625
v -0.013397082090377807 0.008583596348762513 0.022177734375
v -0.014551316499710084 0.006435768008232117 0.0222265625
v -0.015363816022872925 0.004136795997619629 0.022275390625
v -0.015815497636795045 0.0017406721413135528 0.02232421875
v -0.01589575529098511 -0.000696331188082695 0.022373046875
v -0.015602703094482423 -0.003116981089115143 0.022421875
v -0.01494322419166565 -0.005464429259300232 0.022470703125
v -0.013932803869247437 -0.007683546543121338 0.02251953125
v -0.012595175504684449 -0.009722216129302979 0.022568359375
v -0.01096174955368042 -0.011532560586929322 0.0226171875
v -0.009070889353752136 -0.013072065114974976 0.022666015625
v -0.006967000365257263 -0.01430457353591919 0.02271484375
v -0.004699492156505585 -0.015201140642166138 0.022763671875
v -0.002321617156267166 -0.015740711688995362 0.0228125
v 0.00011078068986535072 -0.015910614728927613 0.022861328125
v 0.0025405770540237425 -0.01570685863494873 0.02291015625
v 0.00491070806980133 -0.015134228467941284 0.022958984375
v 0.007165511846542358 -0.014206173419952393 0.0230078125
v 0.009252034425735474 -0.012944488525390626 0.023056640625
v 0.01112127423286438 -0.011378803253173829 0.02310546875
v 0.012729332447052003 -0.009545889496803284 0.023154296875
v 0.014038444757461549 -0.007488791346549988 0.023203125
v 0.015017865896224976 -0.00525581955909729 0.023251953125
v 0.015644593238830568 -0.002899416089057922 0.02330078125
v 0.015903910398483278 -0.0004749199002981186 0.023349609375
v 0.015789726972579958 0.0019607295095920565 0.0233984375
v 0.015304722785949708 0.004350331723690033 0.023447265625
v 0.014460289478302002 0.00663776695728302 0.023496093750000002
v 0.013276258707046509 0.008769314885139465 0.023544921875
v 0.011780436038970948 0.010694916248321534 0.02359375
v 0.010007952451705934 0.01236935019493103 0.023642578125
v 0.008000432848930358 0.013753290176391602 0.02369140625
v 0.005805023908615112 0.014814237356185913 0.023740234375000002
v 0.003473285436630249 0.015527273416519166 0.0237890625
v 0.0010599768906831742 0.01587565302848816 0.023837890625
v -0.001378224939107895 0.01585119605064392 0.02388671875
v -0.003784059286117554 0.01545447587966919 0.023935546875
v -0.006101025938987732 0.014694808721542359 0.023984375000000002
v -0.008274710178375244 0.013590036630630494 0.024033203125
v -0.010254064798355103 0.012166104316711427 0.02408203125
v -0.011992603540420532 0.010456452369689942 0.024130859375
v -0.01344949722290039 0.008501231670379639 0.0241796875
v -0.014590531587600708 0.0063463616371154784 0.024228515625000002
v -0.015388909578323364 0.004042447507381439 0.02427734375
v -0.01582588076591492 0.0016435973346233367 0.024326171875
v -0.015891183614730835 -0.0007938525825738907 0.024375
v -0.0155832839012146 -0.0032126590609550475 0.024423828125
v -0.014909412860870361 -0.005556016564369202 0.024472656250000002
v -0.013885396718978883 -0.0077688914537429815 0.024521484375
v -0.01253528356552124 -0.009799315333366395 0.0245703125
v -0.010890780687332154 -0.01159960389137268 0.024619140625
v -0.008990510106086732 -0.013127477169036866 0.02466796875
v -0.006879097819328308 -0.014347052574157715 0.024716796875000002
v -0.004606131315231323 -0.015229690074920655 0.024765625
v -0.0022249902784824372 -0.0157546603679657 0.024814453125
v 0.0002084043063223362 -0.015909634828567505 0.02486328125
v 0.002636904716491699 -0.015690973997116088 0.024912109375
v 0.005003477334976196 -0.015103812217712403 0.024960937500000002
v 0.007252544760704041 -0.01416193962097168 0.025009765625
v 0.009331286549568177 -0.012887475490570068 0.02505859375
v 0.011190884113311768 -0.01131035089492798 0.025107421875
v 0.012787666320800781 -0.009467604160308838 0.02515625
v 0.01408413052558899 -0.007402511835098267 0.025205078125000002
v 0.015049831867218018 -0.005163573026657105 0.02525390625
v 0.015662089586257935 -0.0028033679723739624 0.025302734375
v 0.015906525850296022 -0.0003773264214396477 0.0253515625
v 0.015777398347854615 0.0020575766265392304 0.025400390625
v 0.015277740955352783 0.004444157779216766 0.025449218750000002
v 0.014419288635253907 0.006726368665695191 0.025498046875
v 0.013222200870513916 0.008850611448287964 0.025546875
v 0.011714591979980468 0.010766998529434205 0.025595703125
v 0.009931867122650147 0.012430524826049805 0.02564453125
v 0.00791589379310608 0.013802120685577393 0.025693359375000002
v 0.005714016556739808 0.014849576950073242 0.0257421875
v 0.0033779463171958925 0.015548292398452759 0.025791015625
v 0.0009625457227230072 0.015881857872009277 0.02583984375
v -0.0014754600822925567 0.01584244132041931 0.025888671875
v -0.0038788151741027833 0.01543096661567688 0.025937500000000002
v -0.006191076636314392 0.014657096862792969 0.025986328125
v -0.008357941508293151 0.013539007902145387 0.02603515625
v -0.010328521728515625 0.012102956771850587 0.026083984375
v -0.012056536674499511 0.010382670164108277 0.0261328125
v -0.01350140690803528 0.00841854751110077 0.026181640625000002
v -0.014629197120666505 0.006256716251373291 0.02623046875
v -0.015413423776626587 0.003947947025299072 0.026279296875
v -0.015835667848587035 0.0015464605391025544 0.026328125
v -0.01588601350784302 -0.0008913441002368928 0.026376953125
v -0.015563278198242188 -0.0033082157373428346 0.026425781250000002
v -0.014875041246414185 -0.005647394061088562 0.026474609375
v -0.0138374662399292 -0.007853944897651673 0.0265234375
v -0.012474920749664307 -0.009876046180725098 0.026572265625
v -0.010819401741027832 -0.011666209697723388 0.02662109375
v -0.008909792304039002 -0.01318239450454712 0.026669921875000002
v -0.006790936589241028 -0.01438899278640747 0.02671875
v -0.0045125970244407655 -0.015257666110992432 0.026767578125
v -0.0021282796561717986 -0.015768016576766967 0.02681640625
v 0.0003060200624167919 -0.015908056497573854 0.026865234375
v 0.002733132839202881 -0.015674498081207276 0.026914062500000002
v 0.00509605884552002 -0.015072827339172364 0.026962890625
v 0.007339304089546203 -0.014117171764373779 0.02701171875
v 0.009410187005996704 -0.012829977273941041 0.027060546875
v 0.01126007318496704 -0.011241471767425537 0.027109375
v 0.012845517396926881 -0.009388961791992188 0.027158203125000002
v 0.014129287004470826 -0.007315953969955444 0.02720703125
v 0.015081231594085694 -0.0050711315870285035 0.027255859375
v 0.015678995847702028 -0.0027072143554687502 0.0273046875
v 0.01590854048728943 -0.00027971869334578517 0.027353515625
v 0.01576447606086731 0.0021543461084365845 0.027402343750000002
v 0.015250184535980225 0.004537816643714905 0.027451171875
v 0.014377745389938355 0.006814717054367065 0.0275
v 0.013167645931243897 0.008931574225425721 0.027548828125
v 0.011648305654525758 0.010838675498962403 0.02759765625
v 0.009855407476425172 0.012491230964660646 0.027646484375000002
v 0.007831056118011475 0.013850432634353638 0.0276953125
v 0.0056227934360504155 0.014884357452392579 0.027744140625
v 0.0032824802398681643 0.015568726062774658 0.02779296875
v 0.0008650783449411393 0.015887465476989746 0.027841796875
v -0.0015726397931575776 0.015833089351654055 0.027890625000000002
v -0.003973424732685089 0.015406875610351563 0.027939453125
v -0.00628089427947998 0.01461883306503296 0.02798828125
v -0.008440858125686646 0.013487470149993897 0.028037109375
v -0.010402588844299317 0.012039355039596559 0.0280859375
v -0.012120016813278199 0.010308496952056885 0.028134765625000002
v -0.013552807569503784 0.008335545659065247 0.02818359375
v -0.01466731309890747 0.006166835427284241 0.028232421875
v -0.015437357425689698 0.003853297531604767 0.02828125
v -0.0158448588848114 0.001449265629053116 0.028330078125
v -0.015880244970321655 -0.0009888020902872085 0.028378906250000002
v -0.015542685985565186 -0.003403647840023041 0.028427734375
v -0.01484010934829712 -0.005738559365272522 0.0284765625
v -0.01378901481628418 -0.00793870210647583 0.028525390625
v -0.012414087057113648 -0.009952405095100402 0.02857421875
v -0.010747616291046144 -0.01173237681388855 0.028623046875000002
v -0.008828738927841187 -0.013236815929412843 0.028671875
v -0.006702519655227661 -0.014430389404296876 0.028720703125
v -0.004418892860412598 -0.015285067558288574 0.02876953125
v -0.0020314888656139374 -0.015780779123306273 0.028818359375
v 0.0004036242887377739 -0.015905879735946656 0.028867187500000002
v 0.002829258441925049 -0.015657433271408082 0.028916015625
v 0.005188447833061219 -0.015041273832321168 0.02896484375
v 0.007425786852836609 -0.014071873426437379 0.029013671875
v 0.009488732814788818 -0.012771995067596437 0.0290625
v 0.011328836679458618 -0.01117216944694519 0.029111328125000002
v 0.012902884483337403 -0.009309966564178467 0.02916015625
v 0.01417391061782837 -0.00722912073135376 0.029208984375
v 0.015112063884735108 -0.004978499412536621 0.0292578125
v 0.015695312023162843 -0.002610958814620972 0.029306640625
v 0.015909957885742187 -0.00018210045993328095 0.029355468750000002
v 0.01575096130371094 0.002251034677028656 0.029404296875
v 0.015222054719924927 0.004631304442882538 0.029453125
v 0.014335659742355346 0.006902808547019959 0.029501953125
v 0.013112595081329345 0.00901220142841339 0.02955078125
v 0.011581581830978394 0.010909943580627442 0.029599609375000002
v 0.00977857768535614 0.012551467418670654 0.0296484375
v 0.00774592399597168 0.013898222446441651 0.029697265625
v 0.0055313587188720705 0.014918578863143921 0.02974609375
v 0.003186890482902527 0.015588574409484864 0.029794921875
v 0.0007675784081220627 0.01589247465133667 0.029843750000000002
v -0.0016697601974010468 0.015823142528533937 0.029892578125
v -0.004067884683609009 0.01538220524787903 0.02994140625
v -0.00637047529220581 0.014580019712448121 0.029990234375
v -0.008523456454277038 0.013435423374176025 0.0300390625
v -0.010476264953613281 0.01197529911994934 0.030087890625000002
v -0.012183040380477905 0.010233936309814453 0.03013671875
v -0.013603698015213012 0.008252230286598206 0.030185546875
v -0.014704875946044922 0.006076722145080566 0.030234375
v -0.015460710525512695 0.0037585031986236573 0.030283203125
v -0.015853452682495116 0.001352016180753708 0.030332031250000002
v -0.015873879194259644 -0.00108622282743454 0.030380859375
v -0.015521509647369385 -0.003498952090740204 0.0304296875
v -0.014804619550704957 -0.0058295089006423955 0.030478515625
v -0.013740044832229615 -0.008023160099983216 0.03052734375
v -0.01235278606414795 -0.010028388500213623 0.030576171875000002
v -0.010675425529479981 -0.011798102855682373 0.030625
v -0.008747352957725526 -0.013290739059448243 0.030673828125
v -0.006613849997520447 -0.014471243619918823 0.03072265625
v -0.004325022101402283 -0.015311894416809082 0.030771484375
v -0.0019346216320991518 -0.015792946815490722 0.030820312500000002
v 0.0005012133345007896 -0.015903103351593017 0.030869140625
v 0.002925277352333069 -0.01563977837562561 0.03091796875
v 0.0052806419134140015 -0.0150091552734375 0.030966796875
v 0.007511990666389466 -0.014026044607162476 0.031015625
v 0.009566921591758728 -0.012713533639907838 0.031064453125000002
v 0.0113971745967865 -0.01110244631767273 0.03111328125
v 0.012959767580032349 -0.009230620861053467 0.031162109375
v 0.014218000173568725 -0.007142015099525452 0.0312109375
v 0.01514232635498047 -0.00488567978143692 0.031259765625
v 0.015711036920547487 -0.002514605224132538 0.03130859375
v 0.015910775661468507 -8.447536267340183e-05 0.031357421875
v 0.015736851692199707 0.0023476383090019226 0.031406250000000004
v 0.015193350315093994 0.004724618196487427 0.031455078125
v 0.014293035268783569 0.006990640759468079 0.03150390625
v 0.013057050704956054 0.00909248948097229 0.031552734375
v 0.011514421701431275 0.010980801582336426 0.0316015625
v 0.00970137894153595 0.012611231803894044 0.031650390625000004
v 0.007660500407218934 0.013945488929748536 0.03169921875
v 0.00543971598148346 0.014952237606048585 0.031748046875
v 0.0030911809206008913 0.015607835054397584 0.031796875
v 0.0006700495630502701 0.015896885395050048 0.031845703125
v -0.001766817718744278 0.01581259846687317 0.031894531250000004
v -0.004162191450595856 0.015356955528259277 0.031943359375
v -0.006459816694259644 0.014540656805038452 0.0319921875
v -0.00860573410987854 0.013382872343063354 0.032041015625
v -0.010549547672271729 0.011910792589187622 0.03208984375
v -0.012245604991912842 0.010158989429473877 0.032138671875000004
v -0.013654077053070068 0.008168604373931885 0.0321875
v -0.014741884469985962 0.0059863805770874025 0.032236328125
v -0.015483481884002686 0.003663567304611206 0.03228515625
v -0.015861450433731078 0.001254715770483017 0.032333984375
v -0.01586691498756409 -0.0011836026608943939 0.032382812500000004
v -0.01549974799156189 -0.0035941243171691895 0.032431640625
v -0.014768571853637696 -0.005920238494873047 0.03248046875
v -0.013690556287765504 -0.008107316493988038 0.032529296875
v -0.012291021347045898 -0.010103995800018311 0.032578125
v -0.010602833032608032 -0.011863383054733277 0.032626953125000004
v -0.008665637969970703 -0.01334416151046753 0.03267578125
v -0.006524931788444519 -0.014511553049087524 0.032724609375
v -0.004230988919734955 -0.015338144302368165 0.0327734375
v -0.001837681531906128 -0.015804519653320314 0.032822265625
v 0.0005987835302948952 -0.015899728536605835 0.032871093750000004
v 0.0030211862921714783 -0.01562153458595276 0.032919921875
v 0.005372636914253235 -0.014976471662521362 0.03296875
v 0.007597911357879639 -0.013979687690734863 0.033017578125
v 0.009644750356674194 -0.012654592990875244 0.03306640625
v 0.011465083360671997 -0.011032305955886841 0.033115234375000004
v 0.013016160726547241 -0.009150927662849426 0.0331640625
v 0.014261555671691895 -0.007054640650749206 0.033212890625
v 0.015172019004821779 -0.004792676270008087 0.03326171875
v 0.015726170539855956 -0.002418156713247299 0.033310546875
v 0.01591099500656128 1.3152911560609938e-05 0.033359375000000004
v 0.015722150802612304 0.0024441535770893096 0.033408203125
v 0.015164074897766113 0.004817753732204437 0.03345703125
v 0.014249873161315919 0.007078209519386292 0.033505859375
v 0.01300101399421692 0.009172434806823731 0.0335546875
v 0.01144682765007019 0.01105124592781067 0.033603515625000004
v 0.009623815417289735 0.012670520544052124 0.03365234375
v 0.007574788331985474 0.013992229700088501 0.033701171875
v 0.005347868800163269 0.014985333681106567 0.03375
v 0.0029953548312187197 0.015626507997512817 0.033798828125
v 0.0005724955350160599 0.015900697708129883 0.033847656250000004
v -0.0018638087809085845 0.015801459550857544 0.033896484375
v -0.004256341755390167 0.015331127643585206 0.0339453125
v -0.006548914909362793 0.014500745534896851 0.033994140625
v -0.008687688112258911 0.013329815864562989 0.03404296875
v -0.010622432231903076 0.011845837831497192 0.034091796875000004
v -0.012307709455490113 0.010083661079406739 0.034140625
v -0.01370394229888916 0.008084670901298522 0.034189453125
v -0.014778338670730591 0.00589581310749054 0.03423828125
v -0.015505669116973876 0.0035684934258461 0.034287109375
v -0.015868850946426392 0.0011573681235313416 0.034335937500000004
v -0.015859354734420777 -0.0012809379398822786 0.034384765625
v -0.015477403402328492 -0.003689161241054535 0.03443359375
v -0.014731967449188232 -0.006010745167732239 0.034482421875
v -0.013640552759170532 -0.008191167712211608 0.03453125
v -0.012228792905807495 -0.010179221630096436 0.034580078125000004
v -0.010529839992523193 -0.01192821741104126 0.03462890625
v -0.008583596348762513 -0.013397082090377807 0.034677734375
v -0.006435768008232117 -0.014551316499710084 0.0347265625
v -0.004136795997619629 -0.015363816022872925 0.034775390625
v -0.0017406721413135528 -0.015815497636795045 0.034824218750000004
v 0.000696331188082695 -0.01589575529098511 0.034873046875
v 0.003116981089115143 -0.015602703094482423 0.034921875
v 0.005464429259300232 -0.01494322419166565 0.034970703125
v 0.007683546543121338 -0.013932803869247437 0.03501953125
v 0.009722216129302979 -0.012595175504684449 0.035068359375000004
v 0.011532560586929322 -0.01096174955368042 0.0351171875
v 0.013072065114974976 -0.009070889353752136 0.035166015625
v 0.01430457353591919 -0.006967000365257263 0.03521484375
v 0.015201140642166138 -0.004699492156505585 0.035263671875
v 0.015740711688995362 -0.002321617156267166 0.035312500000000004
v 0.015910614728927613 0.00011078068986535072 0.035361328125
v 0.01570685863494873 0.0025405770540237425 0.03541015625
v 0.015134228467941284 0.00491070806980133 0.035458984375
v 0.014206173419952393 0.007165511846542358 0.0355078125
v 0.012944488525390626 0.009252034425735474 0.035556640625000004
v 0.011378803253173829 0.01112127423286438 0.03560546875
v 0.009545889496803284 0.012729332447052003 0.035654296875
v 0.007488791346549988 0.014038444757461549 0.035703125
v 0.00525581955909729 0.015017865896224976 0.035751953125
v 0.002899416089057922 0.015644593238830568 0.035800781250000004
v 0.0004749199002981186 0.015903910398483278 0.035849609375
v -0.0019607295095920565 0.015789726972579958 0.0358984375
v -0.004350331723690033 0.015304722785949708 0.035947265625
v -0.00663776695728302 0.014460289478302002 0.03599609375
v -0.008769314885139465 0.013276258707046509 0.036044921875000004
v -0.010694916248321534 0.011780436038970948 0.03609375
v -0.01236935019493103 0.010007952451705934 0.036142578125
v -0.013753290176391602 0.008000432848930358 0.03619140625
v -0.014814237356185913 0.005805023908615112 0.036240234375
v -0.015527273416519166 0.003473285436630249 0.036289062500000004
v -0.01587565302848816 0.0010599768906831742 0.036337890625
v -0.01585119605064392 -0.001378224939107895 0.03638671875
v -0.01545447587966919 -0.003784059286117554 0.036435546875
v -0.014694808721542359 -0.006101025938987732 0.036484375
v -0.013590036630630494 -0.008274710178375244 0.036533203125000004
v -0.012166104316711427 -0.010254064798355103 0.03658203125
v -0.010456452369689942 -0.011992603540420532 0.036630859375
v -0.008501231670379639 -0.01344949722290039 0.0366796875
v -0.0063463616371154784 -0.014590531587600708 0.036728515625
v -0.004042447507381439 -0.015388909578323364 0.036777343750000004
v -0.0016435973346233367 -0.01582588076591492 0.036826171875
v 0.0007938525825738907 -0.015891183614730835 0.036875
v 0.0032126590609550475 -0.0155832839012146 0.036923828125
v 0.005556016564369202 -0.014909412860870361 0.03697265625
v 0.0077688914537429815 -0.013885396718978883 0.037021484375000004
v 0.009799315333366395 -0.01253528356552124 0.0370703125
v 0.01159960389137268 -0.010890780687332154 0.037119140625
v 0.013127477169036866 -0.008990510106086732 0.03716796875
v 0.014347052574157715 -0.006879097819328308 0.037216796875
v 0.015229690074920655 -0.004606131315231323 0.037265625000000004
v 0.0157546603679657 -0.0022249902784824372 0.037314453125
v 0.015909634828567505 0.0002084043063223362 0.03736328125
v 0.015690973997116088 0.002636904716491699 0.037412109375
v 0.015103812217712403 0.005003477334976196 0.0374609375
v 0.01416193962097168 0.007252544760704041 0.037509765625000004
v 0.012887475490570068 0.009331286549568177 0.03755859375
v 0.01131035089492798 0.011190884113311768 0.037607421875
v 0.009467604160308838 0.012787666320800781 0.03765625
v 0.007402511835098267 0.01408413052558899 0.037705078125
v 0.005163573026657105 0.015049831867218018 0.037753906250000004
v 0.0028033679723739624 0.015662089586257935 0.037802734375
v 0.0003773264214396477 0.015906525850296022 0.0378515625
v -0.0020575766265392304 0.015777398347854615 0.037900390625
v -0.004444157779216766 0.015277740955352783 0.03794921875
v -0.006726368665695191 0.014419288635253907 0.037998046875000004
v -0.008850611448287964 0.013222200870513916 0.038046875
v -0.010766998529434205 0.011714591979980468 0.038095703125
v -0.012430524826049805 0.009931867122650147 0.03814453125
v -0.013802120685577393 0.00791589379310608 0.038193359375
v -0.014849576950073242 0.005714016556739808 0.038242187500000004
v -0.015548292398452759 0.0033779463171958925 0.038291015625
v -0.015881857872009277 0.0009625457227230072 0.03833984375
v -0.01584244132041931 -0.0014754600822925567 0.038388671875
v -0.01543096661567688 -0.0038788151741027833 0.0384375
v -0.014657096862792969 -0.006191076636314392 0.038486328125000004
v -0.013539007902145387 -0.008357941508293151 0.03853515625
v -0.012102956771850587 -0.010328521728515625 0.038583984375
v -0.010382670164108277 -0.012056536674499511 0.0386328125
v -0.00841854751110077 -0.01350140690803528 0.038681640625
v -0.006256716251373291 -0.014629197120666505 0.038730468750000004
v -0.003947947025299072 -0.015413423776626587 0.038779296875
v -0.0015464605391025544 -0.015835667848587035 0.038828125
v 0.0008913441002368928 -0.01588601350784302 0.038876953125
v 0.0033082157373428346 -0.015563278198242188 0.03892578125
v 0.005647394061088562 -0.014875041246414185 0.038974609375000004
v 0.007853944897651673 -0.0138374662399292 0.0390234375
v 0.009876046180725098 -0.012474920749664307 0.039072265625
v 0.011666209697723388 -0.010819401741027832 0.03912109375
v 0.01318239450454712 -0.008909792304039002 0.039169921875
v 0.01438899278640747 -0.006790936589241028 0.039218750000000004
v 0.015257666110992432 -0.0045125970244407655 0.039267578125
v 0.015768016576766967 -0.0021282796561717986 0.03931640625
v 0.015908056497573854 0.0003060200624167919 0.039365234375
v 0.015674498081207276 0.002733132839202881 0.0394140625
v 0.015072827339172364 0.00509605884552002 0.039462890625000004
v 0.014117171764373779 0.007339304089546203 0.03951171875
v 0.012829977273941041 0.009410187005996704 0.039560546875
v 0.011241471767425537 0.01126007318496704 0.039609375
v 0.009388961791992188 0.012845517396926881 0.039658203125
v 0.007315953969955444 0.014129287004470826 0.039707031250000004
v 0.0050711315870285035 0.015081231594085694 0.039755859375
v 0.0027072143554687502 0.015678995847702028 0.0398046875
v 0.00027971869334578517 0.01590854048728943 0.039853515625
v -0.0021543461084365845 0.01576447606086731 0.03990234375
v -0.004537816643714905 0.015250184535980225 0.039951171875000004
v -0.006814717054367065 0.014377745389938355 0.04
v -0.008931574225425721 0.013167645931243897 0.040048828125
v -0.010838675498962403 0.011648305654525758 0.04009765625
v -0.012491230964660646 0.009855407476425172 0.040146484375
v -0.013850432634353638 0.007831056118011475 0.040195312500000004
v -0.014884357452392579 0.0056227934360504155 0.040244140625
v -0.015568726062774658 0.0032824802398681643 0.04029296875
v -0.015887465476989746 0.0008650783449411393 0.040341796875
v -0.015833089351654055 -0.0015726397931575776 0.040390625
v -0.015406875610351563 -0.003973424732685089 0.040439453125000004
v -0.01461883306503296 -0.00628089427947998 0.04048828125
v -0.013487470149993897 -0.008440858125686646 0.040537109375
v -0.012039355039596559 -0.010402588844299317 0.0405859375
v -0.010308496952056885 -0.012120016813278199 0.040634765625
v -0.008335545659065247 -0.013552807569503784 0.040683593750000004
v -0.006166835427284241 -0.01466731309890747 0.040732421875
v -0.003853297531604767 -0.015437357425689698 0.04078125
v -0.001449265629053116 -0.0158448588848114 0.040830078125
v 0.0009888020902872085 -0.015880244970321655 0.04087890625
v 0.003403647840023041 -0.015542685985565186 0.040927734375000004
v 0.005738559365272522 -0.01484010934829712 0.0409765625
v 0.00793870210647583 -0.01378901481628418 0.041025390625
v 0.009952405095100402 -0.012414087057113648 0.04107421875
v 0.01173237681388855 -0.010747616291046144 0.041123046875
v 0.013236815929412843 -0.008828738927841187 0.041171875000000004
v 0.014430389404296876 -0.006702519655227661 0.041220703125
v 0.015285067558288574 -0.004418892860412598 0.04126953125
v 0.015780779123306273 -0.0020314888656139374 0.041318359375
v 0.015905879735946656 0.0004036242887377739 0.0413671875
v 0.015657433271408082 0.002829258441925049 0.041416015625000004
v 0.015041273832321168 0.005188447833061219 0.04146484375
v 0.014071873426437379 0.007425786852836609 0.041513671875
v 0.012771995067596437 0.009488732814788818 0.0415625
v 0.01117216944694519 0.011328836679458618 0.041611328125
v 0.009309966564178467 0.012902884483337403 0.041660156250000004
v 0.00722912073135376 0.01417391061782837 0.041708984375
v 0.004978499412536621 0.015112063884735108 0.0417578125
v 0.002610958814620972 0.015695312023162843 0.041806640625
v 0.00018210045993328095 0.015909957885742187 0.04185546875
v -0.002251034677028656 0.01575096130371094 0.041904296875000004
v -0.004631304442882538 0.015222054719924927 0.041953125
v -0.006902808547019959 0.014335659742355346 0.042001953125
v -0.00901220142841339 0.013112595081329345 0.04205078125
v -0.010909943580627442 0.011581581830978394 0.042099609375
v -0.012551467418670654 0.00977857768535614 0.042148437500000004
v -0.013898222446441651 0.00774592399597168 0.042197265625
v -0.014918578863143921 0.0055313587188720705 0.04224609375
v -0.015588574409484864 0.003186890482902527 0.042294921875
v -0.01589247465133667 0.0007675784081220627 0.04234375
v -0.015823142528533937 -0.0016697601974010468 0.042392578125000004
v -0.01538220524787903 -0.004067884683609009 0.04244140625
v -0.014580019712448121 -0.00637047529220581 0.042490234375
v -0.013435423374176025 -0.008523456454277038 0.0425390625
v -0.01197529911994934 -0.010476264953613281 0.042587890625
v -0.010233936309814453 -0.012183040380477905 0.042636718750000004
v -0.008252230286598206 -0.013603698015213012 0.042685546875
v -0.006076722145080566 -0.014704875946044922 0.042734375
v -0.0037585031986236573 -0.015460710525512695 0.042783203125
v -0.001352016180753708 -0.015853452682495116 0.04283203125
v 0.00108622282743454 -0.015873879194259644 0.042880859375000004
v 0.003498952090740204 -0.015521509647369385 0.0429296875
v 0.0058295089006423955 -0.014804619550704957 0.042978515625
v 0.008023160099983216 -0.013740044832229615 0.04302734375
v 0.010028388500213623 -0.01235278606414795 0.043076171875
v 0.011798102855682373 -0.010675425529479981 0.043125000000000004
v 0.013290739059448243 -0.008747352957725526 0.043173828125
v 0.014471243619918823 -0.006613849997520447 0.04322265625
v 0.015311894416809082 -0.004325022101402283 0.043271484375
v 0.015792946815490722 -0.0019346216320991518 0.0433203125
v 0.015903103351593017 0.0005012133345007896 0.043369140625000004
v 0.01563977837562561 0.002925277352333069 0.04341796875
v 0.0150091552734375 0.0052806419134140015 0.043466796875
v 0.014026044607162476 0.007511990666389466 0.043515625
v 0.012713533639907838 0.009566921591758728 0.043564453125
v 0.01110244631767273 0.0113971745967865 0.043613281250000004
v 0.009230620861053467 0.012959767580032349 0.043662109375
v 0.007142015099525452 0.014218000173568725 0.0437109375
v 0.00488567978143692 0.01514232635498047 0.043759765625
v 0.002514605224132538 0.015711036920547487 0.04380859375
v 8.447536267340183e-05 0.015910775661468507 0.043857421875000004
v -0.0023476383090019226 0.015736851692199707 0.04390625
v -0.004724618196487427 0.015193350315093994 0.043955078125
v -0.006990640759468079 0.014293035268783569 0.04400390625
v -0.00909248948097229 0.013057050704956054 0.044052734375
v -0.010980801582336426 0.011514421701431275 0.044101562500000004
v -0.012611231803894044 0.00970137894153595 0.044150390625
v -0.013945488929748536 0.007660500407218934 0.04419921875
v -0.014952237606048585 0.00543971598148346 0.044248046875
v -0.015607835054397584 0.0030911809206008913 0.044296875
v -0.015896885395050048 0.0006700495630502701 0.044345703125000004
v -0.01581259846687317 -0.001766817718744278 0.04439453125
v -0.015356955528259277 -0.004162191450595856 0.044443359375
v -0.014540656805038452 -0.006459816694259644 0.0444921875
v -0.013382872343063354 -0.00860573410987854 0.044541015625
v -0.011910792589187622 -0.010549547672271729 0.044589843750000004
v -0.010158989429473877 -0.012245604991912842 0.044638671875
v -0.008168604373931885 -0.013654077053070068 0.0446875
v -0.0059863805770874025 -0.014741884469985962 0.044736328125
v -0.003663567304611206 -0.015483481884002686 0.04478515625
v -0.001254715770483017 -0.015861450433731078 0.044833984375000004
v 0.0011836026608943939 -0.01586691498756409 0.0448828125
v 0.0035941243171691895 -0.01549974799156189 0.044931640625
v 0.005920238494873047 -0.014768571853637696 0.04498046875
v 0.008107316493988038 -0.013690556287765504 0.045029296875
v 0.010103995800018311 -0.012291021347045898 0.045078125000000004
v 0.011863383054733277 -0.010602833032608032 0.045126953125
v 0.01334416151046753 -0.008665637969970703 0.04517578125
v 0.014511553049087524 -0.006524931788444519 0.045224609375
v 0.015338144302368165 -0.004230988919734955 0.0452734375
v 0.015804519653320314 -0.001837681531906128 0.045322265625000004
v 0.015899728536605835 0.0005987835302948952 0.04537109375
v 0.01562153458595276 0.0030211862921714783 0.045419921875
v 0.014976471662521362 0.005372636914253235 0.04546875
v 0.013979687690734863 0.007597911357879639 0.045517578125
v 0.012654592990875244 0.009644750356674194 0.045566406250000004
v 0.011032305955886841 0.011465083360671997 0.045615234375
v 0.009150927662849426 0.013016160726547241 0.0456640625
v 0.007054640650749206 0.014261555671691895 0.045712890625
v 0.004792676270008087 0.015172019004821779 0.04576171875
v 0.002418156713247299 0.015726170539855956 0.045810546875000004
v -1.3152911560609938e-05 0.01591099500656128 0.045859375
v -0.0024441535770893096 0.015722150802612304 0.045908203125
v -0.004817753732204437 0.015164074897766113 0.04595703125
v -0.007078209519386292 0.014249873161315919 0.046005859375
v -0.009172434806823731 0.01300101399421692 0.046054687500000004
v -0.01105124592781067 0.01144682765007019 0.046103515625
v -0.012670520544052124 0.009623815417289735 0.04615234375
v -0.013992229700088501 0.007574788331985474 0.046201171875
v -0.014985333681106567 0.005347868800163269 0.04625
v -0.015626507997512817 0.0029953548312187197 0.046298828125000004
v -0.015900697708129883 0.0005724955350160599 0.04634765625
v -0.015801459550857544 -0.0018638087809085845 0.046396484375
v -0.015331127643585206 -0.004256341755390167 0.0464453125
v -0.014500745534896851 -0.006548914909362793 0.046494140625
v -0.013329815864562989 -0.008687688112258911 0.046542968750000004
v -0.011845837831497192 -0.010622432231903076 0.046591796875
v -0.010083661079406739 -0.012307709455490113 0.046640625
v -0.008084670901298522 -0.01370394229888916 0.046689453125
v -0.00589581310749054 -0.014778338670730591 0.04673828125
v -0.0035684934258461 -0.015505669116973876 0.046787109375000004
v -0.0011573681235313416 -0.015868850946426392 0.0468359375
v 0.0012809379398822786 -0.015859354734420777 0.046884765625
v 0.003689161241054535 -0.015477403402328492 0.04693359375
v 0.006010745167732239 -0.014731967449188232 0.046982421875
v 0.008191167712211608 -0.013640552759170532 0.047031250000000004
v 0.010179221630096436 -0.012228792905807495 0.047080078125
v 0.01192821741104126 -0.010529839992523193 0.04712890625
v 0.013397082090377807 -0.008583596348762513 0.047177734375
v 0.014551316499710084 -0.006435768008232117 0.0472265625
v 0.015363816022872925 -0.004136795997619629 0.047275390625000004
v 0.015815497636795045 -0.0017406721413135528 0.04732421875
v 0.01589575529098511 0.000696331188082695 0.047373046875
v 0.015602703094482423 0.003116981089115143 0.047421875
v 0.01494322419166565 0.005464429259300232 0.047470703125
v 0.013932803869247437 0.007683546543121338 0.047519531250000004
v 0.012595175504684449 0.009722216129302979 0.047568359375
v 0.01096174955368042 0.011532560586929322 0.0476171875
v 0.009070889353752136 0.013072065114974976 0.047666015625
v 0.006967000365257263 0.01430457353591919 0.04771484375
v 0.004699492156505585 0.015201140642166138 0.047763671875000004
v 0.002321617156267166 0.015740711688995362 0.0478125
v -0.00011078068986535072 0.015910614728927613 0.047861328125
v -0.0025405770540237425 0.01570685863494873 0.04791015625
v -0.00491070806980133 0.015134228467941284 0.047958984375
v -0.007165511846542358 0.014206173419952393 0.048007812500000004
v -0.009252034425735474 0.012944488525390626 0.048056640625
v -0.01112127423286438 0.011378803253173829 0.04810546875
v -0.012729332447052003 0.009545889496803284 0.048154296875
v -0.014038444757461549 0.007488791346549988 0.048203125
v -0.015017865896224976 0.00525581955909729 0.048251953125000004
v -0.015644593238830568 0.002899416089057922 0.04830078125
v -0.015903910398483278 0.0004749199002981186 0.048349609375
v -0.015789726972579958 -0.0019607295095920565 0.0483984375
v -0.015304722785949708 -0.004350331723690033 0.048447265625
v -0.014460289478302002 -0.00663776695728302 0.048496093750000004
v -0.013276258707046509 -0.008769314885139465 0.048544921875
v -0.011780436038970948 -0.010694916248321534 0.04859375
v -0.010007952451705934 -0.01236935019493103 0.048642578125
v -0.008000432848930358 -0.013753290176391602 0.04869140625
v -0.005805023908615112 -0.014814237356185913 0.048740234375000004
v -0.003473285436630249 -0.015527273416519166 0.0487890625
v -0.0010599768906831742 -0.01587565302848816 0.048837890625
v 0.001378224939107895 -0.01585119605064392 0.04888671875
v 0.003784059286117554 -0.01545447587966919 0.048935546875
v 0.006101025938987732 -0.014694808721542359 0.048984375000000004
v 0.008274710178375244 -0.013590036630630494 0.049033203125
v 0.010254064798355103 -0.012166104316711427 0.04908203125
v 0.011992603540420532 -0.010456452369689942 0.049130859375
v 0.01344949722290039 -0.008501231670379639 0.0491796875
v 0.014590531587600708 -0.0063463616371154784 0.049228515625000004
v 0.015388909578323364 -0.004042447507381439 0.04927734375
v 0.01582588076591492 -0.0016435973346233367 0.049326171875
v 0.015891183614730835 0.0007938525825738907 0.049375
v 0.0155832839012146 0.0032126590609550475 0.049423828125
v 0.014909412860870361 0.005556016564369202 0.049472656250000004
v 0.013885396718978883 0.0077688914537429815 0.049521484375
v 0.01253528356552124 0.009799315333366395 0.0495703125
v 0.010890780687332154 0.01159960389137268 0.049619140625
v 0.008990510106086732 0.013127477169036866 0.04966796875
v 0.006879097819328308 0.014347052574157715 0.049716796875000004
v 0.004606131315231323 0.015229690074920655 0.049765625
v 0.0022249902784824372 0.0157546603679657 0.049814453125
v -0.0002084043063223362 0.015909634828567505 0.04986328125
v -0.002636904716491699 0.015690973997116088 0.049912109375
v -0.005003477334976196 0.015103812217712403 0.049960937500000004
v -0.007252544760704041 0.01416193962097168 0.050009765625
v -0.009331286549568177 0.012887475490570068 0.05005859375
v -0.011190884113311768 0.01131035089492798 0.050107421875
v -0.012787666320800781 0.009467604160308838 0.05015625
v -0.01408413052558899 0.007402511835098267 0.050205078125000004
v -0.015049831867218018 0.005163573026657105 0.05025390625
v -0.015662089586257935 0.0028033679723739624 0.050302734375
v -0.015906525850296022 0.0003773264214396477 0.0503515625
v -0.015777398347854615 -0.0020575766265392304 0.050400390625
v -0.015277740955352783 -0.004444157779216766 0.050449218750000004
v -0.014419288635253907 -0.006726368665695191 0.050498046875
v -0.013222200870513916 -0.008850611448287964 0.050546875
v -0.011714591979980468 -0.010766998529434205 0.050595703125
v -0.009931867122650147 -0.012430524826049805 0.05064453125
v -0.00791589379310608 -0.013802120685577393 0.050693359375000004
v -0.005714016556739808 -0.014849576950073242 0.0507421875
v -0.0033779463171958925 -0.015548292398452759 0.050791015625
v -0.0009625457227230072 -0.015881857872009277 0.05083984375
v 0.0014754600822925567 -0.01584244132041931 0.050888671875
v 0.0038788151741027833 -0.01543096661567688 0.050937500000000004
v 0.006191076636314392 -0.014657096862792969 0.050986328125
v 0.008357941508293151 -0.013539007902145387 0.05103515625
v 0.010328521728515625 -0.012102956771850587 0.051083984375
v 0.012056536674499511 -0.010382670164108277 0.0511328125
v 0.01350140690803528 -0.00841854751110077 0.051181640625000004
v 0.014629197120666505 -0.006256716251373291 0.05123046875
v 0.015413423776626587 -0.003947947025299072 0.051279296875
v 0.015835667848587035 -0.0015464605391025544 0.051328125
v 0.01588601350784302 0.0008913441002368928 0.051376953125
v 0.015563278198242188 0.0033082157373428346 0.051425781250000004
v 0.014875041246414185 0.005647394061088562 0.051474609375
v 0.0138374662399292 0.007853944897651673 0.0515234375
v 0.012474920749664307 0.009876046180725098 0.051572265625
v 0.010819401741027832 0.011666209697723388 0.05162109375
v 0.008909792304039002 0.01318239450454712 0.051669921875000004
v 0.006790936589241028 0.01438899278640747 0.05171875
v 0.0045125970244407655 0.015257666110992432 0.051767578125
v 0.0021282796561717986 0.015768016576766967 0.05181640625
v -0.0003060200624167919 0.015908056497573854 0.051865234375
v -0.002733132839202881 0.015674498081207276 0.051914062500000004
v -0.00509605884552002 0.015072827339172364 0.051962890625
v -0.007339304089546203 0.014117171764373779 0.05201171875
v -0.009410187005996704 0.012829977273941041 0.052060546875
v -0.01126007318496704 0.011241471767425537 0.052109375
v -0.012845517396926881 0.009388961791992188 0.052158203125000004
v -0.014129287004470826 0.007315953969955444 0.05220703125
v -0.015081231594085694 0.0050711315870285035 0.052255859375
v -0.015678995847702028 0.0027072143554687502 0.0523046875
v -0.01590854048728943 0.00027971869334578517 0.052353515625
v -0.01576447606086731 -0.0021543461084365845 0.052402343750000004
v -0.015250184535980225 -0.004537816643714905 0.052451171875
v -0.014377745389938355 -0.006814717054367065 0.0525
v -0.013167645931243897 -0.008931574225425721 0.052548828125
v -0.011648305654525758 -0.010838675498962403 0.05259765625
v -0.009855407476425172 -0.012491230964660646 0.052646484375000004
v -0.007831056118011475 -0.013850432634353638 0.0526953125
v -0.0056227934360504155 -0.014884357452392579 0.052744140625
v -0.0032824802398681643 -0.015568726062774658 0.05279296875
v -0.0008650783449411393 -0.015887465476989746 0.052841796875
v 0.0015726397931575776 -0.015833089351654055 0.052890625000000004
v 0.003973424732685089 -0.015406875610351563 0.052939453125
v 0.00628089427947998 -0.01461883306503296 0.05298828125
v 0.008440858125686646 -0.013487470149993897 0.053037109375
v 0.010402588844299317 -0.012039355039596559 0.0530859375
v 0.012120016813278199 -0.010308496952056885 0.053134765625000004
v 0.013552807569503784 -0.008335545659065247 0.05318359375
v 0.01466731309890747 -0.006166835427284241 0.053232421875
v 0.015437357425689698 -0.003853297531604767 0.05328125
v 0.0158448588848114 -0.001449265629053116 0.053330078125
v 0.015880244970321655 0.0009888020902872085 0.053378906250000004
v 0.015542685985565186 0.003403647840023041 0.053427734375
v 0.01484010934829712 0.005738559365272522 0.0534765625
v 0.01378901481628418 0.00793870210647583 0.053525390625
v 0.012414087057113648 0.009952405095100402 0.05357421875
v 0.010747616291046144 0.01173237681388855 0.053623046875000004
v 0.008828738927841187 0.013236815929412843 0.053671875
v 0.006702519655227661 0.014430389404296876 0.053720703125
v 0.004418892860412598 0.015285067558288574 0.05376953125
v 0.0020314888656139374 0.015780779123306273 0.053818359375
v -0.0004036242887377739 0.015905879735946656 0.053867187500000004
v -0.002829258441925049 0.015657433271408082 0.053916015625
v -0.005188447833061219 0.015041273832321168 0.05396484375
v -0.007425786852836609 0.014071873426437379 0.054013671875
v -0.009488732814788818 0.012771995067596437 0.0540625
v -0.011328836679458618 0.01117216944694519 0.054111328125000004
v -0.012902884483337403 0.009309966564178467 0.05416015625
v -0.01417391061782837 0.00722912073135376 0.054208984375
v -0.015112063884735108 0.004978499412536621 0.0542578125
v -0.015695312023162843 0.002610958814620972 0.054306640625
v -0.015909957885742187 0.00018210045993328095 0.054355468750000004
v -0.01575096130371094 -0.002251034677028656 0.054404296875
v -0.015222054719924927 -0.004631304442882538 0.054453125
v -0.014335659742355346 -0.006902808547019959 0.054501953125
v -0.013112595081329345 -0.00901220142841339 0.05455078125
v -0.011581581830978394 -0.010909943580627442 0.054599609375000004
v -0.00977857768535614 -0.012551467418670654 0.0546484375
v -0.00774592399597168 -0.013898222446441651 0.054697265625
v -0.0055313587188720705 -0.014918578863143921 0.05474609375
v -0.003186890482902527 -0.015588574409484864 0.054794921875
v -0.0007675784081220627 -0.01589247465133667 0.054843750000000004
v 0.0016697601974010468 -0.015823142528533937 0.054892578125
v 0.004067884683609009 -0.01538220524787903 0.05494140625
v 0.00637047529220581 -0.014580019712448121 0.054990234375
v 0.008523456454277038 -0.013435423374176025 0.0550390625
v 0.010476264953613281 -0.01197529911994934 0.055087890625000004
v 0.012183040380477905 -0.010233936309814453 0.05513671875
v 0.013603698015213012 -0.008252230286598206 0.055185546875
v 0.014704875946044922 -0.006076722145080566 0.055234375
v 0.015460710525512695 -0.0037585031986236573 0.055283203125
v 0.015853452682495116 -0.001352016180753708 0.055332031250000004
v 0.015873879194259644 0.00108622282743454 0.055380859375
v 0.015521509647369385 0.003498952090740204 0.0554296875
v 0.014804619550704957 0.0058295089006423955 0.055478515625
v 0.013740044832229615 0.008023160099983216 0.05552734375
v 0.01235278606414795 0.010028388500213623 0.055576171875000004
v 0.010675425529479981 0.011798102855682373 0.055625
v 0.008747352957725526 0.013290739059448243 0.055673828125
v 0.006613849997520447 0.014471243619918823 0.05572265625
v 0.004325022101402283 0.015311894416809082 0.055771484375
v 0.0019346216320991518 0.015792946815490722 0.055820312500000004
v -0.0005012133345007896 0.015903103351593017 0.055869140625
v -0.002925277352333069 0.01563977837562561 0.05591796875
v -0.0052806419134140015 0.0150091552734375 0.055966796875
v -0.007511990666389466 0.014026044607162476 0.056015625
v -0.009566921591758728 0.012713533639907838 0.056064453125000004
v -0.0113971745967865 0.01110244631767273 0.05611328125
v -0.012959767580032349 0.009230620861053467 0.056162109375
v -0.014218000173568725 0.007142015099525452 0.0562109375
v -0.01514232635498047 0.00488567978143692 0.056259765625
v -0.015711036920547487 0.002514605224132538 0.056308593750000004
v -0.015910775661468507 8.447536267340183e-05 0.056357421875
v -0.015736851692199707 -0.0023476383090019226 0.05640625
v -0.015193350315093994 -0.004724618196487427 0.056455078125
v -0.014293035268783569 -0.006990640759468079 0.05650390625
v -0.013057050704956054 -0.00909248948097229 0.056552734375000004
v -0.011514421701431275 -0.010980801582336426 0.0566015625
v -0.00970137894153595 -0.012611231803894044 0.056650390625
v -0.007660500407218934 -0.013945488929748536 0.05669921875
v -0.00543971598148346 -0.014952237606048585 0.056748046875
v -0.0030911809206008913 -0.015607835054397584 0.056796875000000004
v -0.0006700495630502701 -0.015896885395050048 0.056845703125
v 0.001766817718744278 -0.01581259846687317 0.05689453125
v 0.004162191450595856 -0.015356955528259277 0.056943359375
v 0.006459816694259644 -0.014540656805038452 0.0569921875
v 0.00860573410987854 -0.013382872343063354 0.057041015625000004
v 0.010549547672271729 -0.011910792589187622 0.05708984375
v 0.012245604991912842 -0.010158989429473877 0.057138671875
v 0.013654077053070068 -0.008168604373931885 0.0571875
v 0.014741884469985962 -0.0059863805770874025 0.057236328125
v 0.015483481884002686 -0.003663567304611206 0.057285156250000004
v 0.015861450433731078 -0.001254715770483017 0.057333984375
v 0.01586691498756409 0.0011836026608943939 0.0573828125
v 0.01549974799156189 0.0035941243171691895 0.057431640625
v 0.014768571853637696 0.005920238494873047 0.05748046875
v 0.013690556287765504 0.008107316493988038 0.057529296875000004
v 0.012291021347045898 0.010103995800018311 0.057578125
v 0.010602833032608032 0.011863383054733277 0.057626953125
v 0.008665637969970703 0.01334416151046753 0.05767578125
v 0.006524931788444519 0.014511553049087524 0.057724609375
v 0.004230988919734955 0.015338144302368165 0.057773437500000004
v 0.001837681531906128 0.015804519653320314 0.057822265625
v -0.0005987835302948952 0.015899728536605835 0.05787109375
v -0.0030211862921714783 0.01562153458595276 0.057919921875
v -0.005372636914253235 0.014976471662521362 0.05796875
v -0.007597911357879639 0.013979687690734863 0.058017578125000004
v -0.009644750356674194 0.012654592990875244 0.05806640625
v -0.011465083360671997 0.011032305955886841 0.058115234375
v -0.013016160726547241 0.009150927662849426 0.0581640625
v -0.014261555671691895 0.007054640650749206 0.058212890625
v -0.015172019004821779 0.004792676270008087 0.058261718750000004
v -0.015726170539855956 0.002418156713247299 0.058310546875
v -0.01591099500656128 -1.3152911560609938e-05 0.058359375
v -0.015722150802612304 -0.0024441535770893096 0.058408203125
v -0.015164074897766113 -0.004817753732204437 0.05845703125
v -0.014249873161315919 -0.007078209519386292 0.058505859375000004
v -0.01300101399421692 -0.009172434806823731 0.0585546875
v -0.01144682765007019 -0.01105124592781067 0.058603515625
v -0.009623815417289735 -0.012670520544052124 0.05865234375
v -0.007574788331985474 -0.013992229700088501 0.058701171875
v -0.005347868800163269 -0.014985333681106567 0.058750000000000004
v -0.0029953548312187197 -0.015626507997512817 0.058798828125
v -0.0005724955350160599 -0.015900697708129883 0.05884765625
v 0.0018638087809085845 -0.015801459550857544 0.058896484375
v 0.004256341755390167 -0.015331127643585206 0.0589453125
v 0.006548914909362793 -0.014500745534896851 0.058994140625000004
v 0.008687688112258911 -0.013329815864562989 0.05904296875
v 0.010622432231903076 -0.011845837831497192 0.059091796875
v 0.012307709455490113 -0.010083661079406739 0.059140625
v 0.01370394229888916 -0.008084670901298522 0.059189453125
v 0.014778338670730591 -0.00589581310749054 0.059238281250000004
v 0.015505669116973876 -0.0035684934258461 0.059287109375
v 0.015868850946426392 -0.0011573681235313416 0.0593359375
v 0.015859354734420777 0.0012809379398822786 0.059384765625
v 0.015477403402328492 0.003689161241054535 0.05943359375
v 0.014731967449188232 0.006010745167732239 0.059482421875000004
v 0.013640552759170532 0.008191167712211608 0.05953125
v 0.012228792905807495 0.010179221630096436 0.059580078125
v 0.010529839992523193 0.01192821741104126 0.05962890625
v 0.008583596348762513 0.013397082090377807 0.059677734375
v 0.006435768008232117 0.014551316499710084 0.059726562500000004
v 0.004136795997619629 0.015363816022872925 0.059775390625
v 0.0017406721413135528 0.015815497636795045 0.05982421875
v -0.000696331188082695 0.01589575529098511 0.059873046875
v -0.003116981089115143 0.015602703094482423 0.059921875
v -0.005464429259300232 0.01494322419166565 0.059970703125000004
v -0.007683546543121338 0.013932803869247437 0.06001953125
v -0.009722216129302979 0.012595175504684449 0.060068359375
v -0.011532560586929322 0.01096174955368042 0.0601171875
v -0.013072065114974976 0.009070889353752136 0.060166015625
v -0.01430457353591919 0.006967000365257263 0.060214843750000004
v -0.015201140642166138 0.004699492156505585 0.060263671875
v -0.015740711688995362 0.002321617156267166 0.0603125
v -0.015910614728927613 -0.00011078068986535072 0.060361328125
v -0.01570685863494873 -0.0025405770540237425 0.06041015625
v -0.015134228467941284 -0.00491070806980133 0.060458984375000004
v -0.014206173419952393 -0.007165511846542358 0.0605078125
v -0.012944488525390626 -0.009252034425735474 0.060556640625
v -0.011378803253173829 -0.01112127423286438 0.06060546875
v -0.009545889496803284 -0.012729332447052003 0.060654296875
v -0.007488791346549988 -0.014038444757461549 0.060703125000000004
v -0.00525581955909729 -0.015017865896224976 0.060751953125
v -0.002899416089057922 -0.015644593238830568 0.06080078125
v -0.0004749199002981186 -0.015903910398483278 0.060849609375
v 0.0019607295095920565 -0.015789726972579958 0.0608984375
v 0.004350331723690033 -0.015304722785949708 0.060947265625000004
v 0.00663776695728302 -0.014460289478302002 0.06099609375
v 0.008769314885139465 -0.013276258707046509 0.061044921875
v 0.010694916248321534 -0.011780436038970948 0.06109375
v 0.01236935019493103 -0.010007952451705934 0.061142578125
v 0.013753290176391602 -0.008000432848930358 0.061191406250000004
v 0.014814237356185913 -0.005805023908615112 0.061240234375
v 0.015527273416519166 -0.003473285436630249 0.0612890625
v 0.01587565302848816 -0.0010599768906831742 0.061337890625
v 0.01585119605064392 0.001378224939107895 0.06138671875
v 0.01545447587966919 0.003784059286117554 0.061435546875000004
v 0.014694808721542359 0.006101025938987732 0.061484375
v 0.013590036630630494 0.008274710178375244 0.061533203125
v 0.012166104316711427 0.010254064798355103 0.06158203125
v 0.010456452369689942 0.011992603540420532 0.061630859375
v 0.008501231670379639 0.01344949722290039 0.061679687500000004
v 0.0063463616371154784 0.014590531587600708 0.061728515625
v 0.004042447507381439 0.015388909578323364 0.06177734375
v 0.0016435973346233367 0.01582588076591492 0.061826171875
v -0.0007938525825738907 0.015891183614730835 0.061875
v -0.0032126590609550475 0.0155832839012146 0.061923828125000004
v -0.005556016564369202 0.014909412860870361 0.06197265625
v -0.0077688914537429815 0.013885396718978883 0.062021484375
v -0.009799315333366395 0.01253528356552124 0.0620703125
v -0.01159960389137268 0.010890780687332154 0.062119140625
v -0.013127477169036866 0.008990510106086732 0.062167968750000004
v -0.014347052574157715 0.006879097819328308 0.062216796875
v -0.015229690074920655 0.004606131315231323 0.062265625
v -0.0157546603679657 0.0022249902784824372 0.062314453125
v -0.015909634828567505 -0.0002084043063223362 0.06236328125
v -0.015690973997116088 -0.002636904716491699 0.062412109375000004
v -0.015103812217712403 -0.005003477334976196 0.0624609375
v -0.01416193962097168 -0.007252544760704041 0.062509765625
v -0.012887475490570068 -0.009331286549568177 0.06255859375
v -0.01131035089492798 -0.011190884113311768 0.062607421875
v -0.009467604160308838 -0.012787666320800781 0.06265625
v -0.007402511835098267 -0.01408413052558899 0.06270507812500001
v -0.005163573026657105 -0.015049831867218018 0.06275390625
v -0.0028033679723739624 -0.015662089586257935 0.062802734375
v -0.0003773264214396477 -0.015906525850296022 0.0628515625
v 0.0020575766265392304 -0.015777398347854615 0.062900390625
v 0.004444157779216766 -0.015277740955352783 0.06294921875000001
v 0.006726368665695191 -0.014419288635253907 0.062998046875
v 0.008850611448287964 -0.013222200870513916 0.063046875
v 0.010766998529434205 -0.011714591979980468 0.063095703125
v 0.012430524826049805 -0.009931867122650147 0.06314453125
v 0.013802120685577393 -0.00791589379310608 0.06319335937500001
v 0.014849576950073242 -0.005714016556739808 0.0632421875
v 0.015548292398452759 -0.0033779463171958925 0.063291015625
v 0.015881857872009277 -0.0009625457227230072 0.06333984375
v 0.01584244132041931 0.0014754600822925567 0.063388671875
v 0.01543096661567688 0.0038788151741027833 0.06343750000000001
v 0.014657096862792969 0.006191076636314392 0.063486328125
v 0.013539007902145387 0.008357941508293151 0.06353515625
v 0.012102956771850587 0.010328521728515625 0.063583984375
v 0.010382670164108277 0.012056536674499511 0.0636328125
v 0.00841854751110077 0.01350140690803528 0.06368164062500001
v 0.006256716251373291 0.014629197120666505 0.06373046875
v 0.003947947025299072 0.015413423776626587 0.063779296875
v 0.0015464605391025544 0.015835667848587035 0.063828125
v -0.0008913441002368928 0.01588601350784302 0.063876953125
v -0.0033082157373428346 0.015563278198242188 0.06392578125000001
v -0.005647394061088562 0.014875041246414185 0.063974609375
v -0.007853944897651673 0.0138374662399292 0.0640234375
v -0.009876046180725098 0.012474920749664307 0.064072265625
v -0.011666209697723388 0.010819401741027832 0.06412109375
v -0.01318239450454712 0.008909792304039002 0.06416992187500001
v -0.01438899278640747 0.006790936589241028 0.06421875
v -0.015257666110992432 0.0045125970244407655 0.064267578125
v -0.015768016576766967 0.0021282796561717986 0.06431640625
v -0.015908056497573854 -0.0003060200624167919 0.064365234375
v -0.015674498081207276 -0.002733132839202881 0.06441406250000001
v -0.015072827339172364 -0.00509605884552002 0.064462890625
v -0.014117171764373779 -0.007339304089546203 0.06451171875
v -0.012829977273941041 -0.009410187005996704 0.064560546875
v -0.011241471767425537 -0.01126007318496704 0.064609375
v -0.009388961791992188 -0.012845517396926881 0.06465820312500001
v -0.007315953969955444 -0.014129287004470826 0.06470703125
v -0.0050711315870285035 -0.015081231594085694 0.064755859375
v -0.0027072143554687502 -0.015678995847702028 0.0648046875
v -0.00027971869334578517 -0.01590854048728943 0.064853515625
v 0.0021543461084365845 -0.01576447606086731 0.06490234375000001
v 0.004537816643714905 -0.015250184535980225 0.064951171875
v 0.006814717054367065 -0.014377745389938355 0.065
v 0.00417595773935318 -0.015353218317031861 0.065
v 0.001406644731760025 -0.015848699808120727 0.065
v -0.001406644731760025 -0.015848699808120727 0.065
v -0.00417595773935318 -0.015353218317031861 0.065
v 0.015833089351654055 0.0015726397931575776 0.015390625
v 0.015823142528533937 0.0016697601974010468 0.017392578125
v 0.01581259846687317 0.001766817718744278 0.01939453125
v 0.015801459550857544 0.0018638087809085845 0.021396484375
v 0.01591099500656128 1.3152911560609938e-05 0.033359375000000004
v 0.015910614728927613 0.00011078068986535072 0.035361328125
v 0.015909634828567505 0.0002084043063223362 0.03736328125
v 0.015908056497573854 0.0003060200624167919 0.039365234375
v 0.015905879735946656 0.0004036242887377739 0.0413671875
v 0.015903103351593017 0.0005012133345007896 0.043369140625000004
v 0.015899728536605835 0.0005987835302948952 0.04537109375
v 0.01589575529098511 0.000696331188082695 0.047373046875
v 0.015891183614730835 0.0007938525825738907 0.049375
v 0.01588601350784302 0.0008913441002368928 0.051376953125
v 0.015880244970321655 0.0009888020902872085 0.053378906250000004
v 0.015873879194259644 0.00108622282743454 0.055380859375
v 0.01586691498756409 0.0011836026608943939 0.0573828125
v 0.015859354734420777 0.0012809379398822786 0.059384765625
v 0.01585119605064392 0.001378224939107895 0.06138671875
v 0.01584244132041931 0.0014754600822925567 0.063388671875
v 0.015780779123306273 0.0020314888656139374 0.06368164062500001
v 0.015792946815490722 0.0019346216320991518 0.061679687500000004
v 0.015804519653320314 0.001837681531906128 0.059677734375
v 0.015815497636795045 0.0017406721413135528 0.05767578125
v 0.01582588076591492 0.0016435973346233367 0.055673828125
v 0.015835667848587035 0.0015464605391025544 0.053671875
v 0.0158448588848114 0.001449265629053116 0.051669921875000004
v 0.015853452682495116 0.001352016180753708 0.04966796875
v 0.015861450433731078 0.001254715770483017 0.047666015625
v 0.015868850946426392 0.0011573681235313416 0.0456640625
v 0.01587565302848816 0.0010599768906831742 0.043662109375
v 0.015881857872009277 0.0009625457227230072 0.041660156250000004
v 0.015887465476989746 0.0008650783449411393 0.039658203125
v 0.01589247465133667 0.0007675784081220627 0.03765625
v 0.015896885395050048 0.0006700495630502701 0.035654296875
v 0.015900697708129883 0.0005724955350160599 0.03365234375
v 0.015789726972579958 -0.0019607295095920565 0.0316015625
v 0.015910775661468507 -8.447536267340183e-05 0.031357421875
v 0.015777398347854615 -0.0020575766265392304 0.029599609375000002
v 0.015909957885742187 -0.00018210045993328095 0.029355468750000002
v 0.01576447606086731 -0.0021543461084365845 0.02759765625
v 0.01590854048728943 -0.00027971869334578517 0.027353515625
v 0.01575096130371094 -0.002251034677028656 0.025595703125
v 0.015906525850296022 -0.0003773264214396477 0.0253515625
v 0.015736851692199707 -0.0023476383090019226 0.02359375
v 0.015903910398483278 -0.0004749199002981186 0.023349609375
v 0.015726170539855956 0.002418156713247299 0.021689453125
v 0.015740711688995362 0.002321617156267166 0.0196875
v 0.0157546603679657 0.0022249902784824372 0.017685546875
v 0.015768016576766967 0.0021282796561717986 0.01568359375
v -0.008571066856384278 0.012021888494491578 0.065
v -0.010157603025436402 0.010817079544067383 0.065
v -0.011565849781036378 0.009413270950317383 0.065
v -0.012777477502822876 0.007830251455307007 0.065
v -0.013767511844635011 0.00610158920288086 0.065
v -0.014519592523574829 0.004260099530220032 0.065
v -0.015024482011795045 0.0023305243253707885 0.065
v -0.01527215600013733 0.00035358108580112456 0.065
v -0.015260423421859742 -0.0016362114250659944 0.065
v -0.014990109205245973 -0.0036131113767623904 0.065
v -0.014467378854751587 -0.0055363267660141 0.065
v -0.013703014850616455 -0.007374143004417419 0.065
v -0.012707178592681886 -0.009103791117668151 0.065
v -0.011498552560806275 -0.010692812204360962 0.065
v -0.010097240209579469 -0.01211615562438965 0.065
v -0.008527625799179078 -0.01335054636001587 0.065
v -0.006814717054367065 -0.014377745389938355 0.065
v -0.00417595773935318 -0.015353218317031861 0.065
v -0.001406644731760025 -0.015848699808120727 0.065
v 0.001406644731760025 -0.015848699808120727 0.065
v 0.00417595773935318 -0.015353218317031861 0.065
v 0.006814717054367065 -0.014377745389938355 0.065
v 0.00852624773979187 -0.013351497650146484 0.065
v 0.010091679096221924 -0.012121140956878662 0.065
v 0.011491703987121583 -0.010700708627700806 0.065
v 0.01270093321800232 -0.009113187789916993 0.065
v 0.013695663213729859 -0.007389042973518372 0.065
v 0.014462957382202149 -0.005549189448356628 0.065
v 0.01498784065246582 -0.0036242422461509704 0.065
v 0.015259237289428712 -0.0016529056429862975 0.065
v 0.015272957086563111 0.0003397992998361588 0.065
v 0.015026679039001465 0.0023190906643867494 0.065
v 0.014524940252304077 0.004244056642055512 0.065
v 0.013773500919342041 0.006089273095130921 0.065
v 0.012783228158950806 0.00782159149646759 0.065
v 0.011571893692016602 0.009406372308731079 0.065
v 0.010159509181976318 0.010815404653549195 0.065
v 0.008571066856384278 0.012021888494491578 0.065
v 0.006320878267288208 0.013342993259429932 0.065
v 0.0038732635974884034 0.014247343540191651 0.065
v 0.0013046711683273315 0.014706692695617677 0.065
v -0.0013046711683273315 0.014706692695617677 0.065
v -0.0038732635974884034 0.014247343540191651 0.065
v -0.006320878267288208 0.013342993259429932 0.065
v -0.02202500104904175 -0.03814841985702515 0.0
v 0.02202500104904175 -0.03814841985702515 0.0
v 0.02202500104904175 -0.03814841985702515 0.015
v -0.02202500104904175 -0.03814841985702515 0.015
v -0.0440500020980835 0.0 0.0
v -0.02202500104904175 -0.03814841985702515 0.0
v -0.02202500104904175 -0.03814841985702515 0.015
v -0.0440500020980835 0.0 0.015
v -0.02202500104904175 0.03814841985702515 0.0
v -0.0440500020980835 0.0 0.0
v -0.0440500020980835 0.0 0.015
v -0.02202500104904175 0.03814841985702515 0.015
v 0.02202500104904175 0.03814841985702515 0.0
v -0.02202500104904175 0.03814841985702515 0.0
v -0.02202500104904175 0.03814841985702515 0.015
v 0.02202500104904175 0.03814841985702515 0.015
v 0.0440500020980835 0.0 0.0
v 0.02202500104904175 0.03814841985702515 0.0
v 0.02202500104904175 0.03814841985702515 0.015
v 0.0440500020980835 0.0 0.015
v 0.02202500104904175 -0.03814841985702515 0.0
v 0.0440500020980835 0.0 0.0
v 0.0440500020980835 0.0 0.015
v 0.02202500104904175 -0.03814841985702515 0.015
v 0.006814717054367065 -0.014377745389938355 0.015
v 0.00417595773935318 -0.015353218317031861 0.015
v 0.001406644731760025 -0.015848699808120727 0.015
v -0.001406644731760025 -0.015848699808120727 0.015
v -0.00417595773935318 -0.015353218317031861 0.015
v -0.006814717054367065 -0.014377745389938355 0.015
v -0.008527625799179078 -0.01335054636001587 0.015
v -0.010097240209579469 -0.01211615562438965 0.015
v -0.011498552560806275 -0.010692812204360962 0.015
v -0.012707178592681886 -0.009103791117668151 0.015
v -0.013703014850616455 -0.007374143004417419 0.015
v -0.014467378854751587 -0.0055363267660141 0.015
v -0.014990109205245973 -0.0036131113767623904 0.015
v -0.015260423421859742 -0.0016362114250659944 0.015
v -0.01527215600013733 0.00035358108580112456 0.015
v -0.015024482011795045 0.0023305243253707885 0.015
v -0.014519592523574829 0.004260099530220032 0.015
v -0.013767511844635011 0.00610158920288086 0.015
v -0.012777477502822876 0.007830251455307007 0.015
v -0.011565849781036378 0.009413270950317383 0.015
v -0.010157603025436402 0.010817079544067383 0.015
v -0.008571066856384278 0.012021888494491578 0.015
v -0.006320878267288208 0.013342993259429932 0.015
v -0.0038732635974884034 0.014247343540191651 0.015
v -0.0013046711683273315 0.014706692695617677 0.015
v 0.0013046711683273315 0.014706692695617677 0.015
v 0.0038732635974884034 0.014247343540191651 0.015
v 0.006320878267288208 0.013342993259429932 0.015
v 0.008571066856384278 0.012021888494491578 0.015
v 0.010159509181976318 0.010815404653549195 0.015
v 0.011571893692016602 0.009406372308731079 0.015
v 0.012783228158950806 0.00782159149646759 0.015
v 0.013773500919342041 0.006089273095130921 0.015
v 0.014524940252304077 0.004244056642055512 0.015
v 0.015026679039001465 0.0023190906643867494 0.015
v 0.015272957086563111 0.0003397992998361588 0.015
v 0.015259237289428712 -0.0016529056429862975 0.015
v 0.01498784065246582 -0.0036242422461509704 0.015
v 0.014462957382202149 -0.005549189448356628 0.015
v 0.013695663213729859 -0.007389042973518372 0.015
v 0.01270093321800232 -0.009113187789916993 0.015
v 0.011491703987121583 -0.010700708627700806 0.015
v 0.010091679096221924 -0.012121140956878662 0.015
v 0.00852624773979187 -0.013351497650146484 0.015
v 0.02202500104904175 -0.03814841985702515 0.015
v 0.0440500020980835 0.0 0.015
v 0.02202500104904175 0.03814841985702515 0.015
v -0.02202500104904175 0.03814841985702515 0.015
v -0.0440500020980835 0.0 0.015
v -0.02202500104904175 -0.03814841985702515 0.015
v 0.0440500020980835 0.0 0.0
v 0.02202500104904175 -0.03814841985702515 0.0
v -0.02202500104904175 -0.03814841985702515 0.0
v -0.0440500020980835 0.0 0.0
v -0.02202500104904175 0.03814841985702515 0.0
v 0.02202500104904175 0.03814841985702515 0.0
usemtl XID_SteelSatin_2AC6A62CBAEB45B1B9C882C67E962482
f 1 2 2080
f 2080 2 3
f 2080 3 2079
f 2079 3 4
f 2079 4 2078
f 2078 4 5
f 2078 5 2077
f 2077 5 6
f 2077 6 2076
f 2076 6 7
f 2076 7 2075
f 2075 7 8
f 2075 8 2074
f 2074 8 9
f 2074 9 10
f 2074 10 2073
f 2073 10 11
f 2073 11 2072
f 2072 11 12
f 2072 12 2071
f 2071 12 13
f 2071 13 2070
f 2070 13 14
f 2070 14 2069
f 2069 14 15
f 2069 15 16
f 2069 16 2068
f 2068 16 17
f 2068 17 2067
f 2067 17 18
f 2067 18 2066
f 2066 18 19
f 2066 19 2065
f 2065 19 20
f 2065 20 2064
f 2064 20 21
f 2064 21 2063
f 2063 21 22
f 2063 22 2062
f 2062 22 23
f 2062 23 2061
f 2061 23 24
f 2061 24 2060
f 2060 24 25
f 2060 25 2059
f 2059 25 26
f 2059 26 2058
f 2058 26 27
f 2058 27 2057
f 2057 27 28
f 2057 28 2056
f 2056 28 29
f 2056 29 2055
f 2055 29 30
f 2055 30 2054
f 2054 30 31
f 2054 31 2053
f 2053 31 32
f 2053 32 2052
f 2052 32 33
f 2052 33 2051
f 2051 33 34
f 2051 34 2050
f 2050 34 35
f 2050 35 2049
f 2049 35 36
f 2049 36 2048
f 2048 36 37
f 2048 37 2047
f 2047 37 38
f 2047 38 2046
f 2046 38 39
f 2046 39 2045
f 2045 39 40
f 2045 40 2044
f 2044 40 41
f 2044 41 2043
f 2043 41 42
f 2043 42 2042
f 2042 42 43
f 2042 43 2041
f 2041 43 44
f 2041 44 2040
f 2040 44 45
f 2040 45 2039
f 2039 45 46
f 2039 46 2038
f 2038 46 47
f 2038 47 2037
f 2037 47 48
f 2037 48 2036
f 2036 48 49
f 2036 49 2035
f 2035 49 50
f 2035 50 2034
f 2034 50 51
f 2034 51 2033
f 2033 51 52
f 2033 52 2032
f 2032 52 53
f 2032 53 2031
f 2031 53 54
f 2031 54 2030
f 2030 54 55
f 2030 55 2029
f 2029 55 56
f 2029 56 2028
f 2028 56 57
f 2028 57 2027
f 2027 57 58
f 2027 58 2026
f 2026 58 59
f 2026 59 2025
f 2025 59 60
f 2025 60 2024
f 2024 60 61
f 2024 61 2023
f 2023 61 62
f 2023 62 2022
f 2022 62 63
f 2022 63 2021
f 2021 63 64
f 2021 64 2020
f 2020 64 65
f 2020 65 2019
f 2019 65 66
f 2019 66 2018
f 2018 66 67
f 2018 67 2017
f 2017 67 68
f 2017 68 2016
f 2016 68 69
f 2016 69 2015
f 2015 69 70
f 2015 70 2014
f 2014 70 71
f 2014 71 2013
f 2013 71 72
f 2013 72 2012
f 2012 72 73
f 2012 73 2011
f 2011 73 74
f 2011 74 2010
f 2010 74 75
f 2010 75 2009
f 2009 75 76
f 2009 76 2008
f 2008 76 77
f 2008 77 2007
f 2007 77 78
f 2007 78 2006
f 2006 78 79
f 2006 79 2005
f 2005 79 80
f 2005 80 2004
f 2004 80 81
f 2004 81 2003
f 2003 81 82
f 2003 82 2002
f 2002 82 83
f 2002 83 2001
f 2001 83 84
f 2001 84 2000
f 2000 84 85
f 2000 85 1999
f 1999 85 86
f 1999 86 1998
f 1998 86 87
f 1998 87 1997
f 1997 87 88
f 1997 88 1996
f 1996 88 89
f 1996 89 1995
f 1995 89 90
f 1995 90 1994
f 1994 90 91
f 1994 91 1993
f 1993 91 92
f 1993 92 1992
f 1992 92 93
f 1992 93 1991
f 1991 93 94
f 1991 94 1990
f 1990 94 95
f 1990 95 1989
f 1989 95 96
f 1989 96 1988
f 1988 96 97
f 1988 97 1987
f 1987 97 98
f 1987 98 1986
f 1986 98 99
f 1986 99 1985
f 1985 99 100
f 1985 100 1984
f 1984 100 101
f 1984 101 1983
f 1983 101 102
f 1983 102 1982
f 1982 102 103
f 1982 103 1981
f 1981 103 104
f 1981 104 1980
f 1980 104 105
f 1980 105 1979
f 1979 105 106
f 1979 106 1978
f 1978 106 107
f 1978 107 1977
f 1977 107 108
f 1977 108 1976
f 1976 108 109
f 1976 109 1975
f 1975 109 110
f 1975 110 1974
f 1974 110 111
f 1974 111 1973
f 1973 111 112
f 1973 112 1972
f 1972 112 113
f 1972 113 1971
f 1971 113 114
f 1971 114 1970
f 1970 114 115
f 1970 115 1969
f 1969 115 116
f 1969 116 1968
f 1968 116 117
f 1968 117 1967
f 1967 117 118
f 1967 118 1966
f 1966 118 119
f 1966 119 1965
f 1965 119 120
f 1965 120 1964
f 1964 120 121
f 1964 121 1963
f 1963 121 122
f 1963 122 1962
f 1962 122 123
f 1962 123 1961
f 1961 123 124
f 1961 124 1960
f 1960 124 125
f 1960 125 1959
f 1959 125 126
f 1959 126 1958
f 1958 126 127
f 1958 127 1957
f 1957 127 128
f 1957 128 1956
f 1956 128 129
f 1956 129 1955
f 1955 129 130
f 1955 130 1954
f 1954 130 131
f 1954 131 1953
f 1953 131 132
f 1953 132 1952
f 1952 132 133
f 1952 133 1951
f 1951 133 134
f 1951 134 1950
f 1950 134 135
f 1950 135 1949
f 1949 135 136
f 1949 136 1948
f 1948 136 137
f 1948 137 1947
f 1947 137 138
f 1947 138 1946
f 1946 138 139
f 1946 139 1945
f 1945 139 140
f 1945 140 1944
f 1944 140 141
f 1944 141 1943
f 1943 141 142
f 1943 142 1942
f 1942 142 143
f 1942 143 1941
f 1941 143 144
f 1941 144 1940
f 1940 144 145
f 1940 145 1939
f 1939 145 146
f 1939 146 1938
f 1938 146 147
f 1938 147 1937
f 1937 147 148
f 1937 148 1936
f 1936 148 149
f 1936 149 1935
f 1935 149 150
f 1935 150 1934
f 1934 150 151
f 1934 151 1933
f 1933 151 152
f 1933 152 1932
f 1932 152 153
f 1932 153 1931
f 1931 153 154
f 1931 154 1930
f 1930 154 155
f 1930 155 1929
f 1929 155 156
f 1929 156 1928
f 1928 156 157
f 1928 157 1927
f 1927 157 158
f 1927 158 1926
f 1926 158 159
f 1926 159 1925
f 1925 159 160
f 1925 160 1924
f 1924 160 161
f 1924 161 1923
f 1923 161 162
f 1923 162 1922
f 1922 162 163
f 1922 163 1921
f 1921 163 164
f 1921 164 1920
f 1920 164 165
f 1920 165 1919
f 1919 165 166
f 1919 166 1918
f 1918 166 167
f 1918 167 1917
f 1917 167 168
f 1917 168 1916
f 1916 168 169
f 1916 169 1915
f 1915 169 170
f 1915 170 1914
f 1914 170 171
f 1914 171 1913
f 1913 171 172
f 1913 172 1912
f 1912 172 173
f 1912 173 1911
f 1911 173 174
f 1911 174 1910
f 1910 174 175
f 1910 175 1909
f 1909 175 176
f 1909 176 1908
f 1908 176 177
f 1908 177 1907
f 1907 177 178
f 1907 178 1906
f 1906 178 179
f 1906 179 1905
f 1905 179 180
f 1905 180 1904
f 1904 180 181
f 1904 181 1903
f 1903 181 182
f 1903 182 1902
f 1902 182 183
f 1902 183 1901
f 1901 183 184
f 1901 184 1900
f 1900 184 185
f 1900 185 1899
f 1899 185 186
f 1899 186 1898
f 1898 186 187
f 1898 187 1897
f 1897 187 188
f 1897 188 1896
f 1896 188 189
f 1896 189 1895
f 1895 189 190
f 1895 190 1894
f 1894 190 191
f 1894 191 1893
f 1893 191 192
f 1893 192 1892
f 1892 192 193
f 1892 193 1891
f 1891 193 194
f 1891 194 1890
f 1890 194 195
f 1890 195 1889
f 1889 195 196
f 1889 196 1888
f 1888 196 197
f 1888 197 1887
f 1887 197 198
f 1887 198 1886
f 1886 198 199
f 1886 199 1885
f 1885 199 200
f 1885 200 1884
f 1884 200 201
f 1884 201 1883
f 1883 201 202
f 1883 202 1882
f 1882 202 203
f 1882 203 1881
f 1881 203 204
f 1881 204 1880
f 1880 204 205
f 1880 205 1879
f 1879 205 206
f 1879 206 1878
f 1878 206 207
f 1878 207 1877
f 1877 207 208
f 1877 208 1876
f 1876 208 209
f 1876 209 1875
f 1875 209 210
f 1875 210 1874
f 1874 210 211
f 1874 211 1873
f 1873 211 212
f 1873 212 1872
f 1872 212 213
f 1872 213 1871
f 1871 213 214
f 1871 214 1870
f 1870 214 215
f 1870 215 1869
f 1869 215 216
f 1869 216 1868
f 1868 216 217
f 1868 217 1867
f 1867 217 218
f 1867 218 1866
f 1866 218 219
f 1866 219 1865
f 1865 219 220
f 1865 220 1864
f 1864 220 221
f 1864 221 1863
f 1863 221 222
f 1863 222 1862
f 1862 222 223
f 1862 223 1861
f 1861 223 224
f 1861 224 1860
f 1860 224 225
f 1860 225 1859
f 1859 225 226
f 1859 226 1858
f 1858 226 227
f 1858 227 1857
f 1857 227 228
f 1857 228 1856
f 1856 228 229
f 1856 229 1855
f 1855 229 230
f 1855 230 1854
f 1854 230 231
f 1854 231 1853
f 1853 231 232
f 1853 232 1852
f 1852 232 233
f 1852 233 1851
f 1851 233 234
f 1851 234 1850
f 1850 234 235
f 1850 235 1849
f 1849 235 236
f 1849 236 1848
f 1848 236 237
f 1848 237 1847
f 1847 237 238
f 1847 238 1846
f 1846 238 239
f 1846 239 1845
f 1845 239 240
f 1845 240 1844
f 1844 240 241
f 1844 241 1843
f 1843 241 242
f 1843 242 1842
f 1842 242 243
f 1842 243 1841
f 1841 243 244
f 1841 244 1840
f 1840 244 245
f 1840 245 1839
f 1839 245 246
f 1839 246 1838
f 1838 246 247
f 1838 247 1837
f 1837 247 248
f 1837 248 1836
f 1836 248 249
f 1836 249 1835
f 1835 249 250
f 1835 250 1834
f 1834 250 251
f 1834 251 1833
f 1833 251 252
f 1833 252 1832
f 1832 252 253
f 1832 253 1831
f 1831 253 254
f 1831 254 1830
f 1830 254 255
f 1830 255 1829
f 1829 255 256
f 1829 256 1828
f 1828 256 257
f 1828 257 1827
f 1827 257 258
f 1827 258 1826
f 1826 258 259
f 1826 259 1825
f 1825 259 260
f 1825 260 1824
f 1824 260 261
f 1824 261 1823
f 1823 261 262
f 1823 262 1822
f 1822 262 263
f 1822 263 1821
f 1821 263 264
f 1821 264 1820
f 1820 264 265
f 1820 265 1819
f 1819 265 266
f 1819 266 1818
f 1818 266 267
f 1818 267 1817
f 1817 267 268
f 1817 268 1816
f 1816 268 269
f 1816 269 1815
f 1815 269 270
f 1815 270 1814
f 1814 270 271
f 1814 271 1813
f 1813 271 272
f 1813 272 1812
f 1812 272 273
f 1812 273 1811
f 1811 273 274
f 1811 274 1810
f 1810 274 275
f 1810 275 1809
f 1809 275 276
f 1809 276 1808
f 1808 276 277
f 1808 277 1807
f 1807 277 278
f 1807 278 1806
f 1806 278 279
f 1806 279 1805
f 1805 279 280
f 1805 280 1804
f 1804 280 281
f 1804 281 1803
f 1803 281 282
f 1803 282 1802
f 1802 282 283
f 1802 283 1801
f 1801 283 284
f 1801 284 1800
f 1800 284 285
f 1800 285 1799
f 1799 285 286
f 1799 286 1798
f 1798 286 287
f 1798 287 1797
f 1797 287 288
f 1797 288 1796
f 1796 288 289
f 1796 289 1795
f 1795 289 290
f 1795 290 1794
f 1794 290 291
f 1794 291 1793
f 1793 291 292
f 1793 292 1792
f 1792 292 293
f 1792 293 1791
f 1791 293 294
f 1791 294 1790
f 1790 294 295
f 1790 295 1789
f 1789 295 296
f 1789 296 1788
f 1788 296 297
f 1788 297 1787
f 1787 297 298
f 1787 298 1786
f 1786 298 299
f 1786 299 1785
f 1785 299 300
f 1785 300 1784
f 1784 300 301
f 1784 301 1783
f 1783 301 302
f 1783 302 1782
f 1782 302 303
f 1782 303 1781
f 1781 303 304
f 1781 304 1780
f 1780 304 305
f 1780 305 1779
f 1779 305 306
f 1779 306 1778
f 1778 306 307
f 1778 307 1777
f 1777 307 308
f 1777 308 1776
f 1776 308 309
f 1776 309 1775
f 1775 309 310
f 1775 310 1774
f 1774 310 311
f 1774 311 1773
f 1773 311 312
f 1773 312 1772
f 1772 312 313
f 1772 313 1771
f 1771 313 314
f 1771 314 1770
f 1770 314 315
f 1770 315 1769
f 1769 315 316
f 1769 316 1768
f 1768 316 317
f 1768 317 1767
f 1767 317 318
f 1767 318 1766
f 1766 318 319
f 1766 319 1765
f 1765 319 320
f 1765 320 1764
f 1764 320 321
f 1764 321 1763
f 1763 321 322
f 1763 322 1762
f 1762 322 323
f 1762 323 1761
f 1761 323 324
f 1761 324 1760
f 1760 324 325
f 1760 325 1759
f 1759 325 326
f 1759 326 1758
f 1758 326 327
f 1758 327 1757
f 1757 327 328
f 1757 328 1756
f 1756 328 329
f 1756 329 1755
f 1755 329 330
f 1755 330 1754
f 1754 330 331
f 1754 331 1753
f 1753 331 332
f 1753 332 1752
f 1752 332 333
f 1752 333 1751
f 1751 333 334
f 1751 334 1750
f 1750 334 335
f 1750 335 1749
f 1749 335 336
f 1749 336 1748
f 1748 336 337
f 1748 337 1747
f 1747 337 338
f 1747 338 1746
f 1746 338 339
f 1746 339 1745
f 1745 339 340
f 1745 340 1744
f 1744 340 341
f 1744 341 1743
f 1743 341 342
f 1743 342 1742
f 1742 342 343
f 1742 343 1741
f 1741 343 344
f 1741 344 1740
f 1740 344 345
f 1740 345 1739
f 1739 345 346
f 1739 346 1738
f 1738 346 347
f 1738 347 1737
f 1737 347 348
f 1737 348 1736
f 1736 348 349
f 1736 349 1735
f 1735 349 350
f 1735 350 1734
f 1734 350 351
f 1734 351 1733
f 1733 351 352
f 1733 352 1732
f 1732 352 353
f 1732 353 1731
f 1731 353 354
f 1731 354 1730
f 1730 354 355
f 1730 355 1729
f 1729 355 356
f 1729 356 1728
f 1728 356 357
f 1728 357 1727
f 1727 357 358
f 1727 358 1726
f 1726 358 359
f 1726 359 1725
f 1725 359 360
f 1725 360 1724
f 1724 360 361
f 1724 361 1723
f 1723 361 362
f 1723 362 1722
f 1722 362 363
f 1722 363 1721
f 1721 363 364
f 1721 364 1720
f 1720 364 365
f 1720 365 1719
f 1719 365 366
f 1719 366 1718
f 1718 366 367
f 1718 367 1717
f 1717 367 368
f 1717 368 1716
f 1716 368 369
f 1716 369 1715
f 1715 369 370
f 1715 370 1714
f 1714 370 371
f 1714 371 1713
f 1713 371 372
f 1713 372 1712
f 1712 372 373
f 1712 373 1711
f 1711 373 374
f 1711 374 1710
f 1710 374 375
f 1710 375 1709
f 1709 375 376
f 1709 376 1708
f 1708 376 377
f 1708 377 1707
f 1707 377 378
f 1707 378 1706
f 1706 378 379
f 1706 379 1705
f 1705 379 380
f 1705 380 1704
f 1704 380 381
f 1704 381 1703
f 1703 381 382
f 1703 382 1702
f 1702 382 383
f 1702 383 1701
f 1701 383 384
f 1701 384 1700
f 1700 384 385
f 1700 385 1699
f 1699 385 386
f 1699 386 1698
f 1698 386 387
f 1698 387 1697
f 1697 387 388
f 1697 388 1696
f 1696 388 389
f 1696 389 1695
f 1695 389 390
f 1695 390 1694
f 1694 390 391
f 1694 391 1693
f 1693 391 392
f 1693 392 1692
f 1692 392 393
f 1692 393 1691
f 1691 393 394
f 1691 394 1690
f 1690 394 395
f 1690 395 1689
f 1689 395 396
f 1689 396 1688
f 1688 396 397
f 1688 397 1687
f 1687 397 398
f 1687 398 1686
f 1686 398 399
f 1686 399 1685
f 1685 399 400
f 1685 400 1684
f 1684 400 401
f 1684 401 1683
f 1683 401 402
f 1683 402 1682
f 1682 402 403
f 1682 403 1681
f 1681 403 404
f 1681 404 1680
f 1680 404 405
f 1680 405 1679
f 1679 405 406
f 1679 406 1678
f 1678 406 407
f 1678 407 1677
f 1677 407 408
f 1677 408 1676
f 1676 408 409
f 1676 409 1675
f 1675 409 410
f 1675 410 1674
f 1674 410 411
f 1674 411 1673
f 1673 411 412
f 1673 412 1672
f 1672 412 413
f 1672 413 1671
f 1671 413 414
f 1671 414 1670
f 1670 414 415
f 1670 415 1669
f 1669 415 416
f 1669 416 1668
f 1668 416 417
f 1668 417 1667
f 1667 417 418
f 1667 418 1666
f 1666 418 419
f 1666 419 1665
f 1665 419 420
f 1665 420 1664
f 1664 420 421
f 1664 421 1663
f 1663 421 422
f 1663 422 1662
f 1662 422 423
f 1662 423 1661
f 1661 423 424
f 1661 424 1660
f 1660 424 425
f 1660 425 1659
f 1659 425 426
f 1659 426 1658
f 1658 426 427
f 1658 427 1657
f 1657 427 428
f 1657 428 1656
f 1656 428 429
f 1656 429 1655
f 1655 429 430
f 1655 430 1654
f 1654 430 431
f 1654 431 1653
f 1653 431 432
f 1653 432 1652
f 1652 432 433
f 1652 433 1651
f 1651 433 434
f 1651 434 1650
f 1650 434 435
f 1650 435 1649
f 1649 435 436
f 1649 436 1648
f 1648 436 437
f 1648 437 1647
f 1647 437 438
f 1647 438 1646
f 1646 438 439
f 1646 439 1645
f 1645 439 440
f 1645 440 1644
f 1644 440 441
f 1644 441 1643
f 1643 441 442
f 1643 442 1642
f 1642 442 443
f 1642 443 1641
f 1641 443 444
f 1641 444 1640
f 1640 444 445
f 1640 445 1639
f 1639 445 446
f 1639 446 1638
f 1638 446 447
f 1638 447 1637
f 1637 447 448
f 1637 448 1636
f 1636 448 449
f 1636 449 1635
f 1635 449 450
f 1635 450 1634
f 1634 450 451
f 1634 451 1633
f 1633 451 452
f 1633 452 1632
f 1632 452 453
f 1632 453 1631
f 1631 453 454
f 1631 454 1630
f 1630 454 455
f 1630 455 1629
f 1629 455 456
f 1629 456 1628
f 1628 456 457
f 1628 457 1627
f 1627 457 458
f 1627 458 1626
f 1626 458 459
f 1626 459 1625
f 1625 459 460
f 1625 460 1624
f 1624 460 461
f 1624 461 1623
f 1623 461 462
f 1623 462 1622
f 1622 462 463
f 1622 463 1621
f 1621 463 464
f 1621 464 1620
f 1620 464 465
f 1620 465 1619
f 1619 465 466
f 1619 466 1618
f 1618 466 467
f 1618 467 1617
f 1617 467 468
f 1617 468 1616
f 1616 468 469
f 1616 469 1615
f 1615 469 470
f 1615 470 1614
f 1614 470 471
f 1614 471 1613
f 1613 471 472
f 1613 472 1612
f 1612 472 473
f 1612 473 1611
f 1611 473 474
f 1611 474 1610
f 1610 474 475
f 1610 475 1609
f 1609 475 476
f 1609 476 1608
f 1608 476 477
f 1608 477 1607
f 1607 477 478
f 1607 478 1606
f 1606 478 479
f 1606 479 1605
f 1605 479 480
f 1605 480 1604
f 1604 480 481
f 1604 481 1603
f 1603 481 482
f 1603 482 1602
f 1602 482 483
f 1602 483 1601
f 1601 483 484
f 1601 484 1600
f 1600 484 485
f 1600 485 1599
f 1599 485 486
f 1599 486 1598
f 1598 486 487
f 1598 487 1597
f 1597 487 488
f 1597 488 1596
f 1596 488 489
f 1596 489 1595
f 1595 489 490
f 1595 490 1594
f 1594 490 491
f 1594 491 1593
f 1593 491 492
f 1593 492 1592
f 1592 492 493
f 1592 493 1591
f 1591 493 494
f 1591 494 1590
f 1590 494 495
f 1590 495 1589
f 1589 495 496
f 1589 496 1588
f 1588 496 497
f 1588 497 1587
f 1587 497 498
f 1587 498 1586
f 1586 498 499
f 1586 499 1585
f 1585 499 500
f 1585 500 1584
f 1584 500 501
f 1584 501 1583
f 1583 501 502
f 1583 502 1582
f 1582 502 503
f 1582 503 1581
f 1581 503 504
f 1581 504 1580
f 1580 504 505
f 1580 505 1579
f 1579 505 506
f 1579 506 1578
f 1578 506 507
f 1578 507 1577
f 1577 507 508
f 1577 508 1576
f 1576 508 509
f 1576 509 1575
f 1575 509 510
f 1575 510 1574
f 1574 510 511
f 1574 511 1573
f 1573 511 512
f 1573 512 1572
f 1572 512 513
f 1572 513 1571
f 1571 513 514
f 1571 514 1570
f 1570 514 515
f 1570 515 1569
f 1569 515 516
f 1569 516 1568
f 1568 516 517
f 1568 517 1567
f 1567 517 518
f 1567 518 1566
f 1566 518 519
f 1566 519 1565
f 1565 519 520
f 1565 520 1564
f 1564 520 521
f 1564 521 1563
f 1563 521 522
f 1563 522 1562
f 1562 522 523
f 1562 523 1561
f 1561 523 524
f 1561 524 1560
f 1560 524 525
f 1560 525 1559
f 1559 525 526
f 1559 526 1558
f 1558 526 527
f 1558 527 1557
f 1557 527 528
f 1557 528 1556
f 1556 528 529
f 1556 529 1555
f 1555 529 530
f 1555 530 1554
f 1554 530 531
f 1554 531 1553
f 1553 531 532
f 1553 532 1552
f 1552 532 533
f 1552 533 1551
f 1551 533 534
f 1551 534 1550
f 1550 534 535
f 1550 535 1549
f 1549 535 536
f 1549 536 1548
f 1548 536 537
f 1548 537 1547
f 1547 537 538
f 1547 538 1546
f 1546 538 539
f 1546 539 1545
f 1545 539 540
f 1545 540 1544
f 1544 540 541
f 1544 541 1543
f 1543 541 542
f 1543 542 1542
f 1542 542 543
f 1542 543 1541
f 1541 543 544
f 1541 544 1540
f 1540 544 545
f 1540 545 1539
f 1539 545 546
f 1539 546 1538
f 1538 546 547
f 1538 547 1537
f 1537 547 548
f 1537 548 1536
f 1536 548 549
f 1536 549 1535
f 1535 549 550
f 1535 550 1534
f 1534 550 551
f 1534 551 1533
f 1533 551 552
f 1533 552 1532
f 1532 552 553
f 1532 553 1531
f 1531 553 554
f 1531 554 1530
f 1530 554 555
f 1530 555 1529
f 1529 555 556
f 1529 556 1528
f 1528 556 557
f 1528 557 1527
f 1527 557 558
f 1527 558 1526
f 1526 558 559
f 1526 559 1525
f 1525 559 560
f 1525 560 1524
f 1524 560 561
f 1524 561 1523
f 1523 561 562
f 1523 562 1522
f 1522 562 563
f 1522 563 1521
f 1521 563 564
f 1521 564 1520
f 1520 564 565
f 1520 565 1519
f 1519 565 566
f 1519 566 1518
f 1518 566 567
f 1518 567 1517
f 1517 567 568
f 1517 568 1516
f 1516 568 569
f 1516 569 1515
f 1515 569 570
f 1515 570 1514
f 1514 570 571
f 1514 571 1513
f 1513 571 572
f 1513 572 1512
f 1512 572 573
f 1512 573 1511
f 1511 573 574
f 1511 574 1510
f 1510 574 575
f 1510 575 1509
f 1509 575 576
f 1509 576 1508
f 1508 576 577
f 1508 577 1507
f 1507 577 578
f 1507 578 1506
f 1506 578 579
f 1506 579 1505
f 1505 579 580
f 1505 580 1504
f 1504 580 581
f 1504 581 1503
f 1503 581 582
f 1503 582 1502
f 1502 582 583
f 1502 583 1501
f 1501 583 584
f 1501 584 1500
f 1500 584 585
f 1500 585 1499
f 1499 585 586
f 1499 586 1498
f 1498 586 587
f 1498 587 1497
f 1497 587 588
f 1497 588 1496
f 1496 588 589
f 1496 589 1495
f 1495 589 590
f 1495 590 1494
f 1494 590 591
f 1494 591 1493
f 1493 591 592
f 1493 592 1492
f 1492 592 593
f 1492 593 1491
f 1491 593 594
f 1491 594 1490
f 1490 594 595
f 1490 595 1489
f 1489 595 596
f 1489 596 1488
f 1488 596 597
f 1488 597 1487
f 1487 597 598
f 1487 598 1486
f 1486 598 599
f 1486 599 1485
f 1485 599 600
f 1485 600 1484
f 1484 600 601
f 1484 601 1483
f 1483 601 602
f 1483 602 1482
f 1482 602 603
f 1482 603 1481
f 1481 603 604
f 1481 604 1480
f 1480 604 605
f 1480 605 1479
f 1479 605 606
f 1479 606 1478
f 1478 606 607
f 1478 607 1477
f 1477 607 608
f 1477 608 1476
f 1476 608 609
f 1476 609 1475
f 1475 609 610
f 1475 610 1474
f 1474 610 611
f 1474 611 1473
f 1473 611 612
f 1473 612 1472
f 1472 612 613
f 1472 613 1471
f 1471 613 614
f 1471 614 1470
f 1470 614 615
f 1470 615 1469
f 1469 615 616
f 1469 616 1468
f 1468 616 617
f 1468 617 1467
f 1467 617 618
f 1467 618 1466
f 1466 618 619
f 1466 619 1465
f 1465 619 620
f 1465 620 1464
f 1464 620 621
f 1464 621 1463
f 1463 621 622
f 1463 622 1462
f 1462 622 623
f 1462 623 1461
f 1461 623 624
f 1461 624 1460
f 1460 624 625
f 1460 625 1459
f 1459 625 626
f 1459 626 1458
f 1458 626 627
f 1458 627 1457
f 1457 627 628
f 1457 628 1456
f 1456 628 629
f 1456 629 1455
f 1455 629 630
f 1455 630 1454
f 1454 630 631
f 1454 631 1453
f 1453 631 632
f 1453 632 1452
f 1452 632 633
f 1452 633 1451
f 1451 633 634
f 1451 634 1450
f 1450 634 635
f 1450 635 1449
f 1449 635 636
f 1449 636 1448
f 1448 636 637
f 1448 637 1447
f 1447 637 638
f 1447 638 1446
f 1446 638 639
f 1446 639 1445
f 1445 639 640
f 1445 640 1444
f 1444 640 641
f 1444 641 1443
f 1443 641 642
f 1443 642 1442
f 1442 642 643
f 1442 643 1441
f 1441 643 644
f 1441 644 1440
f 1440 644 645
f 1440 645 1439
f 1439 645 646
f 1439 646 1438
f 1438 646 647
f 1438 647 1437
f 1437 647 648
f 1437 648 1436
f 1436 648 649
f 1436 649 1435
f 1435 649 650
f 1435 650 1434
f 1434 650 651
f 1434 651 1433
f 1433 651 652
f 1433 652 1432
f 1432 652 653
f 1432 653 1431
f 1431 653 654
f 1431 654 1430
f 1430 654 655
f 1430 655 1429
f 1429 655 656
f 1429 656 1428
f 1428 656 657
f 1428 657 1427
f 1427 657 658
f 1427 658 1426
f 1426 658 659
f 1426 659 1425
f 1425 659 660
f 1425 660 1424
f 1424 660 661
f 1424 661 1423
f 1423 661 662
f 1423 662 1422
f 1422 662 663
f 1422 663 1421
f 1421 663 664
f 1421 664 1420
f 1420 664 665
f 1420 665 1419
f 1419 665 666
f 1419 666 1418
f 1418 666 667
f 1418 667 1417
f 1417 667 668
f 1417 668 1416
f 1416 668 669
f 1416 669 1415
f 1415 669 670
f 1415 670 1414
f 1414 670 671
f 1414 671 1413
f 1413 671 672
f 1413 672 1412
f 1412 672 673
f 1412 673 1411
f 1411 673 674
f 1411 674 1410
f 1410 674 675
f 1410 675 1409
f 1409 675 676
f 1409 676 1408
f 1408 676 677
f 1408 677 1407
f 1407 677 678
f 1407 678 1406
f 1406 678 679
f 1406 679 1405
f 1405 679 680
f 1405 680 1404
f 1404 680 681
f 1404 681 1403
f 1403 681 682
f 1403 682 1402
f 1402 682 683
f 1402 683 1401
f 1401 683 684
f 1401 684 1400
f 1400 684 685
f 1400 685 1399
f 1399 685 686
f 1399 686 1398
f 1398 686 687
f 1398 687 1397
f 1397 687 688
f 1397 688 1396
f 1396 688 689
f 1396 689 1395
f 1395 689 690
f 1395 690 1394
f 1394 690 691
f 1394 691 1393
f 1393 691 692
f 1393 692 1392
f 1392 692 693
f 1392 693 1391
f 1391 693 694
f 1391 694 1390
f 1390 694 695
f 1390 695 1389
f 1389 695 696
f 1389 696 1388
f 1388 696 697
f 1388 697 1387
f 1387 697 698
f 1387 698 1386
f 1386 698 699
f 1386 699 1385
f 1385 699 700
f 1385 700 1384
f 1384 700 701
f 1384 701 1383
f 1383 701 702
f 1383 702 1382
f 1382 702 703
f 1382 703 1381
f 1381 703 704
f 1381 704 1380
f 1380 704 705
f 1380 705 1379
f 1379 705 706
f 1379 706 1378
f 1378 706 707
f 1378 707 1377
f 1377 707 708
f 1377 708 1376
f 1376 708 709
f 1376 709 1375
f 1375 709 710
f 1375 710 1374
f 1374 710 711
f 1374 711 1373
f 1373 711 712
f 1373 712 1372
f 1372 712 713
f 1372 713 1371
f 1371 713 714
f 1371 714 1370
f 1370 714 715
f 1370 715 1369
f 1369 715 716
f 1369 716 1368
f 1368 716 717
f 1368 717 1367
f 1367 717 718
f 1367 718 1366
f 1366 718 719
f 1366 719 1365
f 1365 719 720
f 1365 720 1364
f 1364 720 721
f 1364 721 1363
f 1363 721 722
f 1363 722 1362
f 1362 722 723
f 1362 723 1361
f 1361 723 724
f 1361 724 1360
f 1360 724 725
f 1360 725 1359
f 1359 725 726
f 1359 726 1358
f 1358 726 727
f 1358 727 1357
f 1357 727 728
f 1357 728 1356
f 1356 728 729
f 1356 729 1355
f 1355 729 730
f 1355 730 1354
f 1354 730 731
f 1354 731 1353
f 1353 731 732
f 1353 732 1352
f 1352 732 733
f 1352 733 1351
f 1351 733 734
f 1351 734 1350
f 1350 734 735
f 1350 735 1349
f 1349 735 736
f 1349 736 1348
f 1348 736 737
f 1348 737 1347
f 1347 737 738
f 1347 738 1346
f 1346 738 739
f 1346 739 1345
f 1345 739 740
f 1345 740 1344
f 1344 740 741
f 1344 741 1343
f 1343 741 742
f 1343 742 1342
f 1342 742 743
f 1342 743 1341
f 1341 743 744
f 1341 744 1340
f 1340 744 745
f 1340 745 1339
f 1339 745 746
f 1339 746 1338
f 1338 746 747
f 1338 747 1337
f 1337 747 748
f 1337 748 1336
f 1336 748 749
f 1336 749 1335
f 1335 749 750
f 1335 750 1334
f 1334 750 751
f 1334 751 1333
f 1333 751 752
f 1333 752 1332
f 1332 752 753
f 1332 753 1331
f 1331 753 754
f 1331 754 1330
f 1330 754 755
f 1330 755 1329
f 1329 755 756
f 1329 756 1328
f 1328 756 757
f 1328 757 1327
f 1327 757 758
f 1327 758 1326
f 1326 758 759
f 1326 759 1325
f 1325 759 760
f 1325 760 1324
f 1324 760 761
f 1324 761 1323
f 1323 761 762
f 1323 762 1322
f 1322 762 763
f 1322 763 1321
f 1321 763 764
f 1321 764 1320
f 1320 764 765
f 1320 765 1319
f 1319 765 766
f 1319 766 1318
f 1318 766 767
f 1318 767 1317
f 1317 767 768
f 1317 768 1316
f 1316 768 769
f 1316 769 1315
f 1315 769 770
f 1315 770 1314
f 1314 770 771
f 1314 771 1313
f 1313 771 772
f 1313 772 1312
f 1312 772 773
f 1312 773 1311
f 1311 773 774
f 1311 774 1310
f 1310 774 775
f 1310 775 1309
f 1309 775 776
f 1309 776 1308
f 1308 776 777
f 1308 777 1307
f 1307 777 778
f 1307 778 1306
f 1306 778 779
f 1306 779 1305
f 1305 779 780
f 1305 780 1304
f 1304 780 781
f 1304 781 1303
f 1303 781 782
f 1303 782 1302
f 1302 782 783
f 1302 783 1301
f 1301 783 784
f 1301 784 1300
f 1300 784 785
f 1300 785 1299
f 1299 785 786
f 1299 786 1298
f 1298 786 787
f 1298 787 1297
f 1297 787 788
f 1297 788 1296
f 1296 788 789
f 1296 789 1295
f 1295 789 790
f 1295 790 1294
f 1294 790 791
f 1294 791 1293
f 1293 791 792
f 1293 792 1292
f 1292 792 793
f 1292 793 1291
f 1291 793 794
f 1291 794 1290
f 1290 794 795
f 1290 795 1289
f 1289 795 796
f 1289 796 1288
f 1288 796 797
f 1288 797 1287
f 1287 797 798
f 1287 798 1286
f 1286 798 799
f 1286 799 1285
f 1285 799 800
f 1285 800 1284
f 1284 800 801
f 1284 801 1283
f 1283 801 802
f 1283 802 1282
f 1282 802 803
f 1282 803 1281
f 1281 803 804
f 1281 804 1280
f 1280 804 805
f 1280 805 1279
f 1279 805 806
f 1279 806 1278
f 1278 806 807
f 1278 807 1277
f 1277 807 808
f 1277 808 1276
f 1276 808 809
f 1276 809 1275
f 1275 809 810
f 1275 810 1274
f 1274 810 811
f 1274 811 1273
f 1273 811 812
f 1273 812 1272
f 1272 812 813
f 1272 813 1271
f 1271 813 814
f 1271 814 1270
f 1270 814 815
f 1270 815 1269
f 1269 815 816
f 1269 816 1268
f 1268 816 817
f 1268 817 1267
f 1267 817 818
f 1267 818 1266
f 1266 818 819
f 1266 819 1265
f 1265 819 820
f 1265 820 1264
f 1264 820 821
f 1264 821 1263
f 1263 821 822
f 1263 822 1262
f 1262 822 823
f 1262 823 1261
f 1261 823 824
f 1261 824 1260
f 1260 824 825
f 1260 825 1259
f 1259 825 826
f 1259 826 1258
f 1258 826 827
f 1258 827 1257
f 1257 827 828
f 1257 828 1256
f 1256 828 829
f 1256 829 1255
f 1255 829 830
f 1255 830 1254
f 1254 830 831
f 1254 831 1253
f 1253 831 832
f 1253 832 1252
f 1252 832 833
f 1252 833 1251
f 1251 833 834
f 1251 834 1250
f 1250 834 835
f 1250 835 1249
f 1249 835 836
f 1249 836 1248
f 1248 836 837
f 1248 837 1247
f 1247 837 838
f 1247 838 1246
f 1246 838 839
f 1246 839 1245
f 1245 839 840
f 1245 840 1244
f 1244 840 841
f 1244 841 1243
f 1243 841 842
f 1243 842 1242
f 1242 842 843
f 1242 843 1241
f 1241 843 844
f 1241 844 1240
f 1240 844 845
f 1240 845 1239
f 1239 845 846
f 1239 846 1238
f 1238 846 847
f 1238 847 1237
f 1237 847 848
f 1237 848 1236
f 1236 848 849
f 1236 849 1235
f 1235 849 850
f 1235 850 1234
f 1234 850 851
f 1234 851 1233
f 1233 851 852
f 1233 852 1232
f 1232 852 853
f 1232 853 1231
f 1231 853 854
f 1231 854 1230
f 1230 854 855
f 1230 855 1229
f 1229 855 856
f 1229 856 1228
f 1228 856 857
f 1228 857 1227
f 1227 857 858
f 1227 858 1226
f 1226 858 859
f 1226 859 1225
f 1225 859 860
f 1225 860 1224
f 1224 860 861
f 1224 861 1223
f 1223 861 862
f 1223 862 1222
f 1222 862 863
f 1222 863 1221
f 1221 863 864
f 1221 864 1220
f 1220 864 865
f 1220 865 1219
f 1219 865 866
f 1219 866 1218
f 1218 866 867
f 1218 867 1217
f 1217 867 868
f 1217 868 1216
f 1216 868 869
f 1216 869 1215
f 1215 869 870
f 1215 870 1214
f 1214 870 871
f 1214 871 1213
f 1213 871 872
f 1213 872 1212
f 1212 872 873
f 1212 873 1211
f 1211 873 874
f 1211 874 1210
f 1210 874 875
f 1210 875 1209
f 1209 875 876
f 1209 876 1208
f 1208 876 877
f 1208 877 1207
f 1207 877 878
f 1207 878 1206
f 1206 878 879
f 1206 879 1205
f 1205 879 880
f 1205 880 1204
f 1204 880 881
f 1204 881 1203
f 1203 881 882
f 1203 882 1202
f 1202 882 883
f 1202 883 1201
f 1201 883 884
f 1201 884 1200
f 1200 884 885
f 1200 885 1199
f 1199 885 886
f 1199 886 1198
f 1198 886 887
f 1198 887 1197
f 1197 887 888
f 1197 888 1196
f 1196 888 889
f 1196 889 1195
f 1195 889 890
f 1195 890 1194
f 1194 890 891
f 1194 891 1193
f 1193 891 892
f 1193 892 1192
f 1192 892 893
f 1192 893 1191
f 1191 893 894
f 1191 894 1190
f 1190 894 895
f 1190 895 1189
f 1189 895 896
f 1189 896 1188
f 1188 896 897
f 1188 897 1187
f 1187 897 898
f 1187 898 1186
f 1186 898 899
f 1186 899 1185
f 1185 899 900
f 1185 900 1184
f 1184 900 901
f 1184 901 1183
f 1183 901 902
f 1183 902 1182
f 1182 902 903
f 1182 903 1181
f 1181 903 904
f 1181 904 1180
f 1180 904 905
f 1180 905 1179
f 1179 905 906
f 1179 906 1178
f 1178 906 907
f 1178 907 1177
f 1177 907 908
f 1177 908 1176
f 1176 908 909
f 1176 909 1175
f 1175 909 910
f 1175 910 1174
f 1174 910 911
f 1174 911 1173
f 1173 911 912
f 1173 912 1172
f 1172 912 913
f 1172 913 1171
f 1171 913 914
f 1171 914 1170
f 1170 914 915
f 1170 915 1169
f 1169 915 916
f 1169 916 1168
f 1168 916 917
f 1168 917 1167
f 1167 917 918
f 1167 918 1166
f 1166 918 919
f 1166 919 1165
f 1165 919 920
f 1165 920 1164
f 1164 920 921
f 1164 921 1163
f 1163 921 922
f 1163 922 1162
f 1162 922 923
f 1162 923 1161
f 1161 923 924
f 1161 924 1160
f 1160 924 925
f 1160 925 1159
f 1159 925 926
f 1159 926 1158
f 1158 926 927
f 1158 927 1157
f 1157 927 928
f 1157 928 1156
f 1156 928 929
f 1156 929 1155
f 1155 929 930
f 1155 930 1154
f 1154 930 931
f 1154 931 1153
f 1153 931 932
f 1153 932 1152
f 1152 932 933
f 1152 933 1151
f 1151 933 934
f 1151 934 1150
f 1150 934 935
f 1150 935 1149
f 1149 935 936
f 1149 936 1148
f 1148 936 937
f 1148 937 1147
f 1147 937 938
f 1147 938 1146
f 1146 938 939
f 1146 939 1145
f 1145 939 940
f 1145 940 1144
f 1144 940 941
f 1144 941 1143
f 1143 941 942
f 1143 942 1142
f 1142 942 943
f 1142 943 1141
f 1141 943 944
f 1141 944 1140
f 1140 944 945
f 1140 945 1139
f 1139 945 946
f 1139 946 1138
f 1138 946 947
f 1138 947 1137
f 1137 947 948
f 1137 948 1136
f 1136 948 949
f 1136 949 1135
f 1135 949 950
f 1135 950 1134
f 1134 950 951
f 1134 951 1133
f 1133 951 952
f 1133 952 1132
f 1132 952 953
f 1132 953 1131
f 1131 953 954
f 1131 954 1130
f 1130 954 955
f 1130 955 1129
f 1129 955 956
f 1129 956 1128
f 1128 956 957
f 1128 957 1127
f 1127 957 958
f 1127 958 1126
f 1126 958 959
f 1126 959 1125
f 1125 959 960
f 1125 960 1124
f 1124 960 961
f 1124 961 1123
f 1123 961 962
f 1123 962 1122
f 1122 962 963
f 1122 963 1121
f 1121 963 964
f 1121 964 1120
f 1120 964 965
f 1120 965 1119
f 1119 965 966
f 1119 966 1118
f 1118 966 967
f 1118 967 1117
f 1117 967 968
f 1117 968 1116
f 1116 968 969
f 1116 969 1115
f 1115 969 970
f 1115 970 1114
f 1114 970 971
f 1114 971 1113
f 1113 971 972
f 1113 972 1112
f 1112 972 973
f 1112 973 1111
f 1111 973 974
f 1111 974 1110
f 1110 974 975
f 1110 975 1109
f 1109 975 976
f 1109 976 1108
f 1108 976 977
f 1108 977 1107
f 1107 977 978
f 1107 978 1106
f 1106 978 979
f 1106 979 1105
f 1105 979 980
f 1105 980 1104
f 1104 980 981
f 1104 981 1103
f 1103 981 982
f 1103 982 1102
f 1102 982 983
f 1102 983 1101
f 1101 983 984
f 1101 984 1100
f 1100 984 985
f 1100 985 1099
f 1099 985 986
f 1099 986 1098
f 1098 986 987
f 1098 987 1097
f 1097 987 988
f 1097 988 1096
f 1096 988 989
f 1096 989 1095
f 1095 989 990
f 1095 990 1094
f 1094 990 991
f 1094 991 1093
f 1093 991 992
f 1093 992 1092
f 1092 992 993
f 1092 993 1091
f 1091 993 994
f 1091 994 1090
f 1090 994 995
f 1090 995 1089
f 1089 995 996
f 1089 996 1088
f 1088 996 997
f 1088 997 1087
f 1087 997 998
f 1087 998 1086
f 1086 998 999
f 1086 999 1085
f 1085 999 1000
f 1085 1000 1084
f 1084 1000 1001
f 1084 1001 1083
f 1083 1001 1002
f 1083 1002 1082
f 1082 1002 1003
f 1082 1003 1081
f 1081 1003 1004
f 1081 1004 1080
f 1080 1004 1005
f 1080 1005 1079
f 1079 1005 1006
f 1079 1006 1078
f 1078 1006 1007
f 1078 1007 1077
f 1077 1007 1008
f 1077 1008 1076
f 1076 1008 1009
f 1076 1009 1075
f 1075 1009 1010
f 1075 1010 1074
f 1074 1010 1011
f 1074 1011 1073
f 1073 1011 1012
f 1073 1012 1072
f 1072 1012 1013
f 1072 1013 1071
f 1071 1013 1014
f 1071 1014 1070
f 1070 1014 1015
f 1070 1015 1069
f 1069 1015 1016
f 1069 1016 1068
f 1068 1016 1017
f 1068 1017 1067
f 1067 1017 1018
f 1067 1018 1066
f 1066 1018 1019
f 1066 1019 1065
f 1065 1019 1020
f 1065 1020 1064
f 1064 1020 1021
f 1064 1021 1063
f 1063 1021 1022
f 1063 1022 1062
f 1062 1022 1023
f 1062 1023 1061
f 1061 1023 1024
f 1061 1024 1060
f 1060 1024 1025
f 1060 1025 1059
f 1059 1025 1026
f 1059 1026 1058
f 1058 1026 1027
f 1058 1027 1057
f 1057 1027 1028
f 1057 1028 1056
f 1056 1028 1029
f 1056 1029 1055
f 1055 1029 1030
f 1055 1030 1054
f 1054 1030 1053
f 1053 1030 1031
f 1053 1031 1052
f 1052 1031 1032
f 1052 1032 1051
f 1051 1032 1033
f 1051 1033 1050
f 1050 1033 1034
f 1050 1034 1049
f 1049 1034 1035
f 1049 1035 1048
f 1048 1035 1036
f 1048 1036 1047
f 1047 1036 1046
f 1046 1036 1037
f 1046 1037 1045
f 1045 1037 1038
f 1045 1038 1044
f 1044 1038 1039
f 1044 1039 1043
f 1043 1039 1040
f 1043 1040 1042
f 1042 1040 1041
f 2081 2082 4142
f 4142 2082 4141
f 4141 2082 2083
f 4141 2083 4140
f 4140 2083 2084
f 4140 2084 4139
f 4139 2084 2085
f 4139 2085 4138
f 4138 2085 2086
f 4138 2086 4137
f 4137 2086 2087
f 4137 2087 4136
f 4136 2087 2088
f 4136 2088 4135
f 4135 2088 4134
f 4134 2088 2089
f 4134 2089 4133
f 4133 2089 2090
f 4133 2090 4132
f 4132 2090 2091
f 4132 2091 4131
f 4131 2091 2092
f 4131 2092 4130
f 4130 2092 2093
f 4130 2093 4129
f 4129 2093 2094
f 4129 2094 4128
f 4128 2094 4144
f 4145 2095 4127
f 4127 2095 2096
f 4127 2096 4126
f 4126 2096 2097
f 4126 2097 4125
f 4125 2097 2098
f 4125 2098 4124
f 4124 2098 2099
f 4124 2099 4123
f 4123 2099 2100
f 4123 2100 4122
f 4122 2100 2101
f 4122 2101 4121
f 4121 2101 2102
f 4121 2102 4120
f 4120 2102 2103
f 4120 2103 4119
f 4119 2103 2104
f 4119 2104 4118
f 4118 2104 2105
f 4118 2105 4117
f 4117 2105 2106
f 4117 2106 4116
f 4116 2106 2107
f 4116 2107 4115
f 4115 2107 2108
f 4115 2108 4114
f 4114 2108 2109
f 4114 2109 4113
f 4113 2109 2110
f 4113 2110 4112
f 4112 2110 2111
f 4112 2111 4111
f 4111 2111 2112
f 4111 2112 4110
f 4110 2112 2113
f 4110 2113 4109
f 4109 2113 2114
f 4109 2114 4108
f 4108 2114 2115
f 4108 2115 4107
f 4107 2115 2116
f 4107 2116 4106
f 4106 2116 2117
f 4106 2117 4105
f 4105 2117 2118
f 4105 2118 4104
f 4104 2118 2119
f 4104 2119 4103
f 4103 2119 2120
f 4103 2120 4102
f 4102 2120 2121
f 4102 2121 4101
f 4101 2121 2122
f 4101 2122 4100
f 4100 2122 2123
f 4100 2123 4099
f 4099 2123 2124
f 4099 2124 4098
f 4098 2124 2125
f 4098 2125 4097
f 4097 2125 2126
f 4097 2126 4096
f 4096 2126 2127
f 4096 2127 4095
f 4095 2127 2128
f 4095 2128 4094
f 4094 2128 2129
f 4094 2129 4093
f 4093 2129 2130
f 4093 2130 4092
f 4092 2130 2131
f 4092 2131 4091
f 4091 2131 2132
f 4091 2132 4090
f 4090 2132 2133
f 4090 2133 4089
f 4089 2133 2134
f 4089 2134 4088
f 4088 2134 2135
f 4088 2135 4087
f 4087 2135 4146
f 4147 2136 4086
f 4086 2136 2137
f 4086 2137 4085
f 4085 2137 2138
f 4085 2138 4084
f 4084 2138 2139
f 4084 2139 4083
f 4083 2139 2140
f 4083 2140 4082
f 4082 2140 2141
f 4082 2141 4081
f 4081 2141 2142
f 4081 2142 4080
f 4080 2142 2143
f 4080 2143 4079
f 4079 2143 2144
f 4079 2144 4078
f 4078 2144 2145
f 4078 2145 4077
f 4077 2145 2146
f 4077 2146 4076
f 4076 2146 2147
f 4076 2147 4075
f 4075 2147 2148
f 4075 2148 4074
f 4074 2148 2149
f 4074 2149 4073
f 4073 2149 2150
f 4073 2150 4072
f 4072 2150 2151
f 4072 2151 4071
f 4071 2151 2152
f 4071 2152 4070
f 4070 2152 2153
f 4070 2153 4069
f 4069 2153 2154
f 4069 2154 4068
f 4068 2154 2155
f 4068 2155 4067
f 4067 2155 2156
f 4067 2156 4066
f 4066 2156 2157
f 4066 2157 4065
f 4065 2157 2158
f 4065 2158 4064
f 4064 2158 2159
f 4064 2159 4063
f 4063 2159 2160
f 4063 2160 4062
f 4062 2160 2161
f 4062 2161 4061
f 4061 2161 2162
f 4061 2162 4060
f 4060 2162 2163
f 4060 2163 4059
f 4059 2163 2164
f 4059 2164 4058
f 4058 2164 2165
f 4058 2165 4057
f 4057 2165 2166
f 4057 2166 4056
f 4056 2166 2167
f 4056 2167 4055
f 4055 2167 2168
f 4055 2168 4054
f 4054 2168 2169
f 4054 2169 4053
f 4053 2169 2170
f 4053 2170 4052
f 4052 2170 2171
f 4052 2171 4051
f 4051 2171 2172
f 4051 2172 4050
f 4050 2172 2173
f 4050 2173 4049
f 4049 2173 2174
f 4049 2174 4048
f 4048 2174 2175
f 4048 2175 4047
f 4047 2175 2176
f 4047 2176 4046
f 4046 2176 4148
f 4149 2177 4045
f 4045 2177 2178
f 4045 2178 4044
f 4044 2178 2179
f 4044 2179 4043
f 4043 2179 2180
f 4043 2180 4042
f 4042 2180 2181
f 4042 2181 4041
f 4041 2181 2182
f 4041 2182 4040
f 4040 2182 2183
f 4040 2183 4039
f 4039 2183 2184
f 4039 2184 4038
f 4038 2184 2185
f 4038 2185 4037
f 4037 2185 2186
f 4037 2186 4036
f 4036 2186 2187
f 4036 2187 4035
f 4035 2187 2188
f 4035 2188 4034
f 4034 2188 2189
f 4034 2189 4033
f 4033 2189 2190
f 4033 2190 4032
f 4032 2190 2191
f 4032 2191 4031
f 4031 2191 2192
f 4031 2192 4030
f 4030 2192 2193
f 4030 2193 4029
f 4029 2193 2194
f 4029 2194 4028
f 4028 2194 2195
f 4028 2195 4027
f 4027 2195 2196
f 4027 2196 4026
f 4026 2196 2197
f 4026 2197 4025
f 4025 2197 2198
f 4025 2198 4024
f 4024 2198 2199
f 4024 2199 4023
f 4023 2199 2200
f 4023 2200 4022
f 4022 2200 2201
f 4022 2201 4021
f 4021 2201 2202
f 4021 2202 4020
f 4020 2202 2203
f 4020 2203 4019
f 4019 2203 2204
f 4019 2204 4018
f 4018 2204 2205
f 4018 2205 4017
f 4017 2205 2206
f 4017 2206 4016
f 4016 2206 2207
f 4016 2207 4015
f 4015 2207 2208
f 4015 2208 4014
f 4014 2208 2209
f 4014 2209 4013
f 4013 2209 2210
f 4013 2210 4012
f 4012 2210 2211
f 4012 2211 4011
f 4011 2211 2212
f 4011 2212 4010
f 4010 2212 2213
f 4010 2213 4009
f 4009 2213 2214
f 4009 2214 4008
f 4008 2214 2215
f 4008 2215 4007
f 4007 2215 2216
f 4007 2216 4006
f 4006 2216 2217
f 4006 2217 4005
f 4005 2217 4150
f 4151 2218 4004
f 4004 2218 2219
f 4004 2219 4003
f 4003 2219 2220
f 4003 2220 4002
f 4002 2220 2221
f 4002 2221 4001
f 4001 2221 2222
f 4001 2222 4000
f 4000 2222 2223
f 4000 2223 3999
f 3999 2223 2224
f 3999 2224 3998
f 3998 2224 2225
f 3998 2225 3997
f 3997 2225 2226
f 3997 2226 3996
f 3996 2226 2227
f 3996 2227 3995
f 3995 2227 2228
f 3995 2228 3994
f 3994 2228 2229
f 3994 2229 3993
f 3993 2229 2230
f 3993 2230 3992
f 3992 2230 2231
f 3992 2231 3991
f 3991 2231 2232
f 3991 2232 3990
f 3990 2232 2233
f 3990 2233 3989
f 3989 2233 2234
f 3989 2234 3988
f 3988 2234 2235
f 3988 2235 3987
f 3987 2235 2236
f 3987 2236 3986
f 3986 2236 2237
f 3986 2237 3985
f 3985 2237 2238
f 3985 2238 3984
f 3984 2238 2239
f 3984 2239 3983
f 3983 2239 2240
f 3983 2240 3982
f 3982 2240 2241
f 3982 2241 3981
f 3981 2241 2242
f 3981 2242 3980
f 3980 2242 2243
f 3980 2243 3979
f 3979 2243 2244
f 3979 2244 3978
f 3978 2244 2245
f 3978 2245 3977
f 3977 2245 2246
f 3977 2246 3976
f 3976 2246 2247
f 3976 2247 3975
f 3975 2247 2248
f 3975 2248 3974
f 3974 2248 2249
f 3974 2249 3973
f 3973 2249 2250
f 3973 2250 3972
f 3972 2250 2251
f 3972 2251 3971
f 3971 2251 2252
f 3971 2252 3970
f 3970 2252 2253
f 3970 2253 3969
f 3969 2253 2254
f 3969 2254 3968
f 3968 2254 2255
f 3968 2255 3967
f 3967 2255 2256
f 3967 2256 3966
f 3966 2256 2257
f 3966 2257 3965
f 3965 2257 2258
f 3965 2258 3964
f 3964 2258 4152
f 4153 2259 3963
f 3963 2259 2260
f 3963 2260 3962
f 3962 2260 2261
f 3962 2261 3961
f 3961 2261 2262
f 3961 2262 3960
f 3960 2262 2263
f 3960 2263 3959
f 3959 2263 2264
f 3959 2264 3958
f 3958 2264 2265
f 3958 2265 3957
f 3957 2265 2266
f 3957 2266 3956
f 3956 2266 2267
f 3956 2267 3955
f 3955 2267 2268
f 3955 2268 3954
f 3954 2268 2269
f 3954 2269 3953
f 3953 2269 2270
f 3953 2270 3952
f 3952 2270 2271
f 3952 2271 3951
f 3951 2271 2272
f 3951 2272 3950
f 3950 2272 2273
f 3950 2273 3949
f 3949 2273 2274
f 3949 2274 3948
f 3948 2274 2275
f 3948 2275 3947
f 3947 2275 2276
f 3947 2276 3946
f 3946 2276 2277
f 3946 2277 3945
f 3945 2277 2278
f 3945 2278 3944
f 3944 2278 2279
f 3944 2279 3943
f 3943 2279 2280
f 3943 2280 3942
f 3942 2280 2281
f 3942 2281 3941
f 3941 2281 2282
f 3941 2282 3940
f 3940 2282 2283
f 3940 2283 3939
f 3939 2283 2284
f 3939 2284 3938
f 3938 2284 2285
f 3938 2285 3937
f 3937 2285 2286
f 3937 2286 3936
f 3936 2286 2287
f 3936 2287 3935
f 3935 2287 2288
f 3935 2288 3934
f 3934 2288 2289
f 3934 2289 3933
f 3933 2289 2290
f 3933 2290 3932
f 3932 2290 2291
f 3932 2291 3931
f 3931 2291 2292
f 3931 2292 3930
f 3930 2292 2293
f 3930 2293 3929
f 3929 2293 2294
f 3929 2294 3928
f 3928 2294 2295
f 3928 2295 3927
f 3927 2295 2296
f 3927 2296 3926
f 3926 2296 2297
f 3926 2297 3925
f 3925 2297 2298
f 3925 2298 3924
f 3924 2298 2299
f 3924 2299 3923
f 3923 2299 4154
f 4155 2300 3922
f 3922 2300 2301
f 3922 2301 3921
f 3921 2301 2302
f 3921 2302 3920
f 3920 2302 2303
f 3920 2303 3919
f 3919 2303 2304
f 3919 2304 3918
f 3918 2304 2305
f 3918 2305 3917
f 3917 2305 2306
f 3917 2306 3916
f 3916 2306 2307
f 3916 2307 3915
f 3915 2307 2308
f 3915 2308 3914
f 3914 2308 2309
f 3914 2309 3913
f 3913 2309 2310
f 3913 2310 3912
f 3912 2310 2311
f 3912 2311 3911
f 3911 2311 2312
f 3911 2312 3910
f 3910 2312 2313
f 3910 2313 3909
f 3909 2313 2314
f 3909 2314 3908
f 3908 2314 2315
f 3908 2315 3907
f 3907 2315 2316
f 3907 2316 3906
f 3906 2316 2317
f 3906 2317 3905
f 3905 2317 2318
f 3905 2318 3904
f 3904 2318 2319
f 3904 2319 3903
f 3903 2319 2320
f 3903 2320 3902
f 3902 2320 2321
f 3902 2321 3901
f 3901 2321 2322
f 3901 2322 3900
f 3900 2322 2323
f 3900 2323 3899
f 3899 2323 2324
f 3899 2324 3898
f 3898 2324 2325
f 3898 2325 3897
f 3897 2325 2326
f 3897 2326 3896
f 3896 2326 2327
f 3896 2327 3895
f 3895 2327 2328
f 3895 2328 3894
f 3894 2328 2329
f 3894 2329 3893
f 3893 2329 2330
f 3893 2330 3892
f 3892 2330 2331
f 3892 2331 3891
f 3891 2331 2332
f 3891 2332 3890
f 3890 2332 2333
f 3890 2333 3889
f 3889 2333 2334
f 3889 2334 3888
f 3888 2334 2335
f 3888 2335 3887
f 3887 2335 2336
f 3887 2336 3886
f 3886 2336 2337
f 3886 2337 3885
f 3885 2337 2338
f 3885 2338 3884
f 3884 2338 4156
f 3884 4156 3883
f 4143 2339 2340
f 4143 2340 3882
f 3882 2340 2341
f 3882 2341 3881
f 3881 2341 2342
f 3881 2342 3880
f 3880 2342 2343
f 3880 2343 3879
f 3879 2343 2344
f 3879 2344 3878
f 3878 2344 2345
f 3878 2345 3877
f 3877 2345 2346
f 3877 2346 3876
f 3876 2346 2347
f 3876 2347 3875
f 3875 2347 2348
f 3875 2348 3874
f 3874 2348 2349
f 3874 2349 3873
f 3873 2349 2350
f 3873 2350 3872
f 3872 2350 2351
f 3872 2351 3871
f 3871 2351 2352
f 3871 2352 3870
f 3870 2352 2353
f 3870 2353 3869
f 3869 2353 2354
f 3869 2354 3868
f 3868 2354 2355
f 3868 2355 3867
f 3867 2355 2356
f 3867 2356 3866
f 3866 2356 2357
f 3866 2357 3865
f 3865 2357 2358
f 3865 2358 3864
f 3864 2358 2359
f 3864 2359 3863
f 3863 2359 2360
f 3863 2360 3862
f 3862 2360 2361
f 3862 2361 3861
f 3861 2361 2362
f 3861 2362 3860
f 3860 2362 2363
f 3860 2363 3859
f 3859 2363 2364
f 3859 2364 3858
f 3858 2364 2365
f 3858 2365 3857
f 3857 2365 2366
f 3857 2366 3856
f 3856 2366 2367
f 3856 2367 3855
f 3855 2367 2368
f 3855 2368 3854
f 3854 2368 2369
f 3854 2369 3853
f 3853 2369 2370
f 3853 2370 3852
f 3852 2370 2371
f 3852 2371 3851
f 3851 2371 2372
f 3851 2372 3850
f 3850 2372 2373
f 3850 2373 3849
f 3849 2373 2374
f 3849 2374 3848
f 3848 2374 2375
f 3848 2375 3847
f 3847 2375 2376
f 3847 2376 3846
f 3846 2376 2377
f 3846 2377 3845
f 3845 2377 2378
f 3845 2378 3844
f 3844 2378 2379
f 3844 2379 3843
f 3843 2379 2380
f 3843 2380 3842
f 3842 2380 4157
f 4158 2381 3841
f 3841 2381 2382
f 3841 2382 3840
f 3840 2382 2383
f 3840 2383 3839
f 3839 2383 2384
f 3839 2384 3838
f 3838 2384 2385
f 3838 2385 3837
f 3837 2385 2386
f 3837 2386 3836
f 3836 2386 2387
f 3836 2387 3835
f 3835 2387 2388
f 3835 2388 3834
f 3834 2388 2389
f 3834 2389 3833
f 3833 2389 2390
f 3833 2390 3832
f 3832 2390 2391
f 3832 2391 3831
f 3831 2391 2392
f 3831 2392 3830
f 3830 2392 2393
f 3830 2393 3829
f 3829 2393 2394
f 3829 2394 3828
f 3828 2394 2395
f 3828 2395 3827
f 3827 2395 2396
f 3827 2396 3826
f 3826 2396 2397
f 3826 2397 3825
f 3825 2397 2398
f 3825 2398 3824
f 3824 2398 2399
f 3824 2399 3823
f 3823 2399 2400
f 3823 2400 3822
f 3822 2400 2401
f 3822 2401 3821
f 3821 2401 2402
f 3821 2402 3820
f 3820 2402 2403
f 3820 2403 3819
f 3819 2403 2404
f 3819 2404 3818
f 3818 2404 2405
f 3818 2405 3817
f 3817 2405 2406
f 3817 2406 3816
f 3816 2406 2407
f 3816 2407 3815
f 3815 2407 2408
f 3815 2408 3814
f 3814 2408 2409
f 3814 2409 3813
f 3813 2409 2410
f 3813 2410 3812
f 3812 2410 2411
f 3812 2411 3811
f 3811 2411 2412
f 3811 2412 3810
f 3810 2412 2413
f 3810 2413 3809
f 3809 2413 2414
f 3809 2414 3808
f 3808 2414 2415
f 3808 2415 3807
f 3807 2415 2416
f 3807 2416 3806
f 3806 2416 2417
f 3806 2417 3805
f 3805 2417 2418
f 3805 2418 3804
f 3804 2418 2419
f 3804 2419 3803
f 3803 2419 2420
f 3803 2420 3802
f 3802 2420 2421
f 3802 2421 3801
f 3801 2421 4159
f 4160 2422 3800
f 3800 2422 2423
f 3800 2423 3799
f 3799 2423 2424
f 3799 2424 3798
f 3798 2424 2425
f 3798 2425 3797
f 3797 2425 2426
f 3797 2426 3796
f 3796 2426 2427
f 3796 2427 3795
f 3795 2427 2428
f 3795 2428 3794
f 3794 2428 2429
f 3794 2429 3793
f 3793 2429 2430
f 3793 2430 3792
f 3792 2430 2431
f 3792 2431 3791
f 3791 2431 2432
f 3791 2432 3790
f 3790 2432 2433
f 3790 2433 3789
f 3789 2433 2434
f 3789 2434 3788
f 3788 2434 2435
f 3788 2435 3787
f 3787 2435 2436
f 3787 2436 3786
f 3786 2436 2437
f 3786 2437 3785
f 3785 2437 2438
f 3785 2438 3784
f 3784 2438 2439
f 3784 2439 3783
f 3783 2439 2440
f 3783 2440 3782
f 3782 2440 2441
f 3782 2441 3781
f 3781 2441 2442
f 3781 2442 3780
f 3780 2442 2443
f 3780 2443 3779
f 3779 2443 2444
f 3779 2444 3778
f 3778 2444 2445
f 3778 2445 3777
f 3777 2445 2446
f 3777 2446 3776
f 3776 2446 2447
f 3776 2447 3775
f 3775 2447 2448
f 3775 2448 3774
f 3774 2448 2449
f 3774 2449 3773
f 3773 2449 2450
f 3773 2450 3772
f 3772 2450 2451
f 3772 2451 3771
f 3771 2451 2452
f 3771 2452 3770
f 3770 2452 2453
f 3770 2453 3769
f 3769 2453 2454
f 3769 2454 3768
f 3768 2454 2455
f 3768 2455 3767
f 3767 2455 2456
f 3767 2456 3766
f 3766 2456 2457
f 3766 2457 3765
f 3765 2457 2458
f 3765 2458 3764
f 3764 2458 2459
f 3764 2459 3763
f 3763 2459 2460
f 3763 2460 3762
f 3762 2460 2461
f 3762 2461 3761
f 3761 2461 2462
f 3761 2462 3760
f 3760 2462 4161
f 4162 2463 3759
f 3759 2463 2464
f 3759 2464 3758
f 3758 2464 2465
f 3758 2465 3757
f 3757 2465 2466
f 3757 2466 3756
f 3756 2466 2467
f 3756 2467 3755
f 3755 2467 2468
f 3755 2468 3754
f 3754 2468 2469
f 3754 2469 3753
f 3753 2469 2470
f 3753 2470 3752
f 3752 2470 2471
f 3752 2471 3751
f 3751 2471 2472
f 3751 2472 3750
f 3750 2472 2473
f 3750 2473 3749
f 3749 2473 2474
f 3749 2474 3748
f 3748 2474 2475
f 3748 2475 3747
f 3747 2475 2476
f 3747 2476 3746
f 3746 2476 2477
f 3746 2477 3745
f 3745 2477 2478
f 3745 2478 3744
f 3744 2478 2479
f 3744 2479 3743
f 3743 2479 2480
f 3743 2480 3742
f 3742 2480 2481
f 3742 2481 3741
f 3741 2481 2482
f 3741 2482 3740
f 3740 2482 2483
f 3740 2483 3739
f 3739 2483 2484
f 3739 2484 3738
f 3738 2484 2485
f 3738 2485 3737
f 3737 2485 2486
f 3737 2486 3736
f 3736 2486 2487
f 3736 2487 3735
f 3735 2487 2488
f 3735 2488 3734
f 3734 2488 2489
f 3734 2489 3733
f 3733 2489 2490
f 3733 2490 3732
f 3732 2490 2491
f 3732 2491 3731
f 3731 2491 2492
f 3731 2492 3730
f 3730 2492 2493
f 3730 2493 3729
f 3729 2493 2494
f 3729 2494 3728
f 3728 2494 2495
f 3728 2495 3727
f 3727 2495 2496
f 3727 2496 3726
f 3726 2496 2497
f 3726 2497 3725
f 3725 2497 2498
f 3725 2498 3724
f 3724 2498 2499
f 3724 2499 3723
f 3723 2499 2500
f 3723 2500 3722
f 3722 2500 2501
f 3722 2501 3721
f 3721 2501 2502
f 3721 2502 3720
f 3720 2502 2503
f 3720 2503 3719
f 3719 2503 4163
f 4164 2504 3718
f 3718 2504 2505
f 3718 2505 3717
f 3717 2505 2506
f 3717 2506 3716
f 3716 2506 2507
f 3716 2507 3715
f 3715 2507 2508
f 3715 2508 3714
f 3714 2508 2509
f 3714 2509 3713
f 3713 2509 2510
f 3713 2510 3712
f 3712 2510 2511
f 3712 2511 3711
f 3711 2511 2512
f 3711 2512 3710
f 3710 2512 2513
f 3710 2513 3709
f 3709 2513 2514
f 3709 2514 3708
f 3708 2514 2515
f 3708 2515 3707
f 3707 2515 2516
f 3707 2516 3706
f 3706 2516 2517
f 3706 2517 3705
f 3705 2517 2518
f 3705 2518 3704
f 3704 2518 2519
f 3704 2519 3703
f 3703 2519 2520
f 3703 2520 3702
f 3702 2520 2521
f 3702 2521 3701
f 3701 2521 2522
f 3701 2522 3700
f 3700 2522 2523
f 3700 2523 3699
f 3699 2523 2524
f 3699 2524 3698
f 3698 2524 2525
f 3698 2525 3697
f 3697 2525 2526
f 3697 2526 3696
f 3696 2526 2527
f 3696 2527 3695
f 3695 2527 2528
f 3695 2528 3694
f 3694 2528 2529
f 3694 2529 3693
f 3693 2529 2530
f 3693 2530 3692
f 3692 2530 2531
f 3692 2531 3691
f 3691 2531 2532
f 3691 2532 3690
f 3690 2532 2533
f 3690 2533 3689
f 3689 2533 2534
f 3689 2534 3688
f 3688 2534 2535
f 3688 2535 3687
f 3687 2535 2536
f 3687 2536 3686
f 3686 2536 2537
f 3686 2537 3685
f 3685 2537 2538
f 3685 2538 3684
f 3684 2538 2539
f 3684 2539 3683
f 3683 2539 2540
f 3683 2540 3682
f 3682 2540 2541
f 3682 2541 3681
f 3681 2541 2542
f 3681 2542 3680
f 3680 2542 2543
f 3680 2543 3679
f 3679 2543 2544
f 3679 2544 3678
f 3678 2544 4165
f 4166 2545 3677
f 3677 2545 2546
f 3677 2546 3676
f 3676 2546 2547
f 3676 2547 3675
f 3675 2547 2548
f 3675 2548 3674
f 3674 2548 2549
f 3674 2549 3673
f 3673 2549 2550
f 3673 2550 3672
f 3672 2550 2551
f 3672 2551 3671
f 3671 2551 2552
f 3671 2552 3670
f 3670 2552 2553
f 3670 2553 3669
f 3669 2553 2554
f 3669 2554 3668
f 3668 2554 2555
f 3668 2555 3667
f 3667 2555 2556
f 3667 2556 3666
f 3666 2556 2557
f 3666 2557 3665
f 3665 2557 2558
f 3665 2558 3664
f 3664 2558 2559
f 3664 2559 3663
f 3663 2559 2560
f 3663 2560 3662
f 3662 2560 2561
f 3662 2561 3661
f 3661 2561 2562
f 3661 2562 3660
f 3660 2562 2563
f 3660 2563 3659
f 3659 2563 2564
f 3659 2564 3658
f 3658 2564 2565
f 3658 2565 3657
f 3657 2565 2566
f 3657 2566 3656
f 3656 2566 2567
f 3656 2567 3655
f 3655 2567 2568
f 3655 2568 3654
f 3654 2568 2569
f 3654 2569 3653
f 3653 2569 2570
f 3653 2570 3652
f 3652 2570 2571
f 3652 2571 3651
f 3651 2571 2572
f 3651 2572 3650
f 3650 2572 2573
f 3650 2573 3649
f 3649 2573 2574
f 3649 2574 3648
f 3648 2574 2575
f 3648 2575 3647
f 3647 2575 2576
f 3647 2576 3646
f 3646 2576 2577
f 3646 2577 3645
f 3645 2577 2578
f 3645 2578 3644
f 3644 2578 2579
f 3644 2579 3643
f 3643 2579 2580
f 3643 2580 3642
f 3642 2580 2581
f 3642 2581 3641
f 3641 2581 2582
f 3641 2582 3640
f 3640 2582 2583
f 3640 2583 3639
f 3639 2583 2584
f 3639 2584 3638
f 3638 2584 2585
f 3638 2585 3637
f 3637 2585 4167
f 4168 2586 3636
f 3636 2586 2587
f 3636 2587 3635
f 3635 2587 2588
f 3635 2588 3634
f 3634 2588 2589
f 3634 2589 3633
f 3633 2589 2590
f 3633 2590 3632
f 3632 2590 2591
f 3632 2591 3631
f 3631 2591 2592
f 3631 2592 3630
f 3630 2592 2593
f 3630 2593 3629
f 3629 2593 2594
f 3629 2594 3628
f 3628 2594 2595
f 3628 2595 3627
f 3627 2595 2596
f 3627 2596 3626
f 3626 2596 2597
f 3626 2597 3625
f 3625 2597 2598
f 3625 2598 3624
f 3624 2598 2599
f 3624 2599 3623
f 3623 2599 2600
f 3623 2600 3622
f 3622 2600 2601
f 3622 2601 3621
f 3621 2601 2602
f 3621 2602 3620
f 3620 2602 2603
f 3620 2603 3619
f 3619 2603 2604
f 3619 2604 3618
f 3618 2604 2605
f 3618 2605 3617
f 3617 2605 2606
f 3617 2606 3616
f 3616 2606 2607
f 3616 2607 3615
f 3615 2607 2608
f 3615 2608 3614
f 3614 2608 2609
f 3614 2609 3613
f 3613 2609 2610
f 3613 2610 3612
f 3612 2610 2611
f 3612 2611 3611
f 3611 2611 2612
f 3611 2612 3610
f 3610 2612 2613
f 3610 2613 3609
f 3609 2613 2614
f 3609 2614 3608
f 3608 2614 2615
f 3608 2615 3607
f 3607 2615 2616
f 3607 2616 3606
f 3606 2616 2617
f 3606 2617 3605
f 3605 2617 2618
f 3605 2618 3604
f 3604 2618 2619
f 3604 2619 3603
f 3603 2619 2620
f 3603 2620 3602
f 3602 2620 2621
f 3602 2621 3601
f 3601 2621 2622
f 3601 2622 3600
f 3600 2622 2623
f 3600 2623 3599
f 3599 2623 2624
f 3599 2624 3598
f 3598 2624 2625
f 3598 2625 3597
f 3597 2625 2626
f 3597 2626 3596
f 3596 2626 4169
f 4170 2627 3595
f 3595 2627 2628
f 3595 2628 3594
f 3594 2628 2629
f 3594 2629 3593
f 3593 2629 2630
f 3593 2630 3592
f 3592 2630 2631
f 3592 2631 3591
f 3591 2631 2632
f 3591 2632 3590
f 3590 2632 2633
f 3590 2633 3589
f 3589 2633 2634
f 3589 2634 3588
f 3588 2634 2635
f 3588 2635 3587
f 3587 2635 2636
f 3587 2636 3586
f 3586 2636 2637
f 3586 2637 3585
f 3585 2637 2638
f 3585 2638 3584
f 3584 2638 2639
f 3584 2639 3583
f 3583 2639 2640
f 3583 2640 3582
f 3582 2640 2641
f 3582 2641 3581
f 3581 2641 2642
f 3581 2642 3580
f 3580 2642 2643
f 3580 2643 3579
f 3579 2643 2644
f 3579 2644 3578
f 3578 2644 2645
f 3578 2645 3577
f 3577 2645 2646
f 3577 2646 3576
f 3576 2646 2647
f 3576 2647 3575
f 3575 2647 2648
f 3575 2648 3574
f 3574 2648 2649
f 3574 2649 3573
f 3573 2649 2650
f 3573 2650 3572
f 3572 2650 2651
f 3572 2651 3571
f 3571 2651 2652
f 3571 2652 3570
f 3570 2652 2653
f 3570 2653 3569
f 3569 2653 2654
f 3569 2654 3568
f 3568 2654 2655
f 3568 2655 3567
f 3567 2655 2656
f 3567 2656 3566
f 3566 2656 2657
f 3566 2657 3565
f 3565 2657 2658
f 3565 2658 3564
f 3564 2658 2659
f 3564 2659 3563
f 3563 2659 2660
f 3563 2660 3562
f 3562 2660 2661
f 3562 2661 3561
f 3561 2661 2662
f 3561 2662 3560
f 3560 2662 2663
f 3560 2663 3559
f 3559 2663 2664
f 3559 2664 3558
f 3558 2664 2665
f 3558 2665 3557
f 3557 2665 2666
f 3557 2666 3556
f 3556 2666 2667
f 3556 2667 3555
f 3555 2667 4171
f 4172 2668 3554
f 3554 2668 2669
f 3554 2669 3553
f 3553 2669 2670
f 3553 2670 3552
f 3552 2670 2671
f 3552 2671 3551
f 3551 2671 2672
f 3551 2672 3550
f 3550 2672 2673
f 3550 2673 3549
f 3549 2673 2674
f 3549 2674 3548
f 3548 2674 2675
f 3548 2675 3547
f 3547 2675 2676
f 3547 2676 3546
f 3546 2676 2677
f 3546 2677 3545
f 3545 2677 2678
f 3545 2678 3544
f 3544 2678 2679
f 3544 2679 3543
f 3543 2679 2680
f 3543 2680 3542
f 3542 2680 2681
f 3542 2681 3541
f 3541 2681 2682
f 3541 2682 3540
f 3540 2682 2683
f 3540 2683 3539
f 3539 2683 2684
f 3539 2684 3538
f 3538 2684 2685
f 3538 2685 3537
f 3537 2685 2686
f 3537 2686 3536
f 3536 2686 2687
f 3536 2687 3535
f 3535 2687 2688
f 3535 2688 3534
f 3534 2688 2689
f 3534 2689 3533
f 3533 2689 2690
f 3533 2690 3532
f 3532 2690 2691
f 3532 2691 3531
f 3531 2691 2692
f 3531 2692 3530
f 3530 2692 2693
f 3530 2693 3529
f 3529 2693 2694
f 3529 2694 3528
f 3528 2694 2695
f 3528 2695 3527
f 3527 2695 2696
f 3527 2696 3526
f 3526 2696 2697
f 3526 2697 3525
f 3525 2697 2698
f 3525 2698 3524
f 3524 2698 2699
f 3524 2699 3523
f 3523 2699 2700
f 3523 2700 3522
f 3522 2700 2701
f 3522 2701 3521
f 3521 2701 2702
f 3521 2702 3520
f 3520 2702 2703
f 3520 2703 3519
f 3519 2703 2704
f 3519 2704 3518
f 3518 2704 2705
f 3518 2705 3517
f 3517 2705 2706
f 3517 2706 3516
f 3516 2706 2707
f 3516 2707 3515
f 3515 2707 2708
f 3515 2708 3514
f 3514 2708 4173
f 4174 2709 3513
f 3513 2709 2710
f 3513 2710 3512
f 3512 2710 2711
f 3512 2711 3511
f 3511 2711 2712
f 3511 2712 3510
f 3510 2712 2713
f 3510 2713 3509
f 3509 2713 2714
f 3509 2714 3508
f 3508 2714 2715
f 3508 2715 3507
f 3507 2715 2716
f 3507 2716 3506
f 3506 2716 2717
f 3506 2717 3505
f 3505 2717 2718
f 3505 2718 3504
f 3504 2718 2719
f 3504 2719 3503
f 3503 2719 2720
f 3503 2720 3502
f 3502 2720 2721
f 3502 2721 3501
f 3501 2721 2722
f 3501 2722 3500
f 3500 2722 2723
f 3500 2723 3499
f 3499 2723 2724
f 3499 2724 3498
f 3498 2724 2725
f 3498 2725 3497
f 3497 2725 2726
f 3497 2726 3496
f 3496 2726 2727
f 3496 2727 3495
f 3495 2727 2728
f 3495 2728 3494
f 3494 2728 2729
f 3494 2729 3493
f 3493 2729 2730
f 3493 2730 3492
f 3492 2730 2731
f 3492 2731 3491
f 3491 2731 2732
f 3491 2732 3490
f 3490 2732 2733
f 3490 2733 3489
f 3489 2733 2734
f 3489 2734 3488
f 3488 2734 2735
f 3488 2735 3487
f 3487 2735 2736
f 3487 2736 3486
f 3486 2736 2737
f 3486 2737 3485
f 3485 2737 2738
f 3485 2738 3484
f 3484 2738 2739
f 3484 2739 3483
f 3483 2739 2740
f 3483 2740 3482
f 3482 2740 2741
f 3482 2741 3481
f 3481 2741 2742
f 3481 2742 3480
f 3480 2742 2743
f 3480 2743 3479
f 3479 2743 2744
f 3479 2744 3478
f 3478 2744 2745
f 3478 2745 3477
f 3477 2745 2746
f 3477 2746 3476
f 3476 2746 2747
f 3476 2747 3475
f 3475 2747 2748
f 3475 2748 3474
f 3474 2748 2749
f 3474 2749 3473
f 3473 2749 4175
f 4176 2750 3472
f 3472 2750 2751
f 3472 2751 3471
f 3471 2751 2752
f 3471 2752 3470
f 3470 2752 2753
f 3470 2753 3469
f 3469 2753 2754
f 3469 2754 3468
f 3468 2754 2755
f 3468 2755 3467
f 3467 2755 2756
f 3467 2756 3466
f 3466 2756 2757
f 3466 2757 3465
f 3465 2757 2758
f 3465 2758 3464
f 3464 2758 2759
f 3464 2759 3463
f 3463 2759 2760
f 3463 2760 3462
f 3462 2760 2761
f 3462 2761 3461
f 3461 2761 2762
f 3461 2762 3460
f 3460 2762 2763
f 3460 2763 3459
f 3459 2763 2764
f 3459 2764 3458
f 3458 2764 2765
f 3458 2765 3457
f 3457 2765 2766
f 3457 2766 3456
f 3456 2766 2767
f 3456 2767 3455
f 3455 2767 2768
f 3455 2768 3454
f 3454 2768 2769
f 3454 2769 3453
f 3453 2769 2770
f 3453 2770 3452
f 3452 2770 2771
f 3452 2771 3451
f 3451 2771 2772
f 3451 2772 3450
f 3450 2772 2773
f 3450 2773 3449
f 3449 2773 2774
f 3449 2774 3448
f 3448 2774 2775
f 3448 2775 3447
f 3447 2775 2776
f 3447 2776 3446
f 3446 2776 2777
f 3446 2777 3445
f 3445 2777 2778
f 3445 2778 3444
f 3444 2778 2779
f 3444 2779 3443
f 3443 2779 2780
f 3443 2780 3442
f 3442 2780 2781
f 3442 2781 3441
f 3441 2781 2782
f 3441 2782 3440
f 3440 2782 2783
f 3440 2783 3439
f 3439 2783 2784
f 3439 2784 3438
f 3438 2784 2785
f 3438 2785 3437
f 3437 2785 2786
f 3437 2786 3436
f 3436 2786 2787
f 3436 2787 3435
f 3435 2787 2788
f 3435 2788 3434
f 3434 2788 2789
f 3434 2789 3433
f 3433 2789 2790
f 3433 2790 3432
f 3432 2790 4177
f 4178 2791 3431
f 3431 2791 2792
f 3431 2792 3430
f 3430 2792 2793
f 3430 2793 3429
f 3429 2793 2794
f 3429 2794 3428
f 3428 2794 2795
f 3428 2795 3427
f 3427 2795 2796
f 3427 2796 3426
f 3426 2796 2797
f 3426 2797 3425
f 3425 2797 2798
f 3425 2798 3424
f 3424 2798 2799
f 3424 2799 3423
f 3423 2799 2800
f 3423 2800 3422
f 3422 2800 2801
f 3422 2801 3421
f 3421 2801 2802
f 3421 2802 3420
f 3420 2802 2803
f 3420 2803 3419
f 3419 2803 2804
f 3419 2804 3418
f 3418 2804 2805
f 3418 2805 3417
f 3417 2805 2806
f 3417 2806 3416
f 3416 2806 2807
f 3416 2807 3415
f 3415 2807 2808
f 3415 2808 3414
f 3414 2808 2809
f 3414 2809 3413
f 3413 2809 2810
f 3413 2810 3412
f 3412 2810 2811
f 3412 2811 3411
f 3411 2811 2812
f 3411 2812 3410
f 3410 2812 2813
f 3410 2813 3409
f 3409 2813 2814
f 3409 2814 3408
f 3408 2814 2815
f 3408 2815 3407
f 3407 2815 2816
f 3407 2816 3406
f 3406 2816 2817
f 3406 2817 3405
f 3405 2817 2818
f 3405 2818 3404
f 3404 2818 2819
f 3404 2819 3403
f 3403 2819 2820
f 3403 2820 3402
f 3402 2820 2821
f 3402 2821 3401
f 3401 2821 2822
f 3401 2822 3400
f 3400 2822 2823
f 3400 2823 3399
f 3399 2823 2824
f 3399 2824 3398
f 3398 2824 2825
f 3398 2825 3397
f 3397 2825 2826
f 3397 2826 3396
f 3396 2826 2827
f 3396 2827 3395
f 3395 2827 2828
f 3395 2828 3394
f 3394 2828 2829
f 3394 2829 3393
f 3393 2829 2830
f 3393 2830 3392
f 3392 2830 2831
f 3392 2831 3391
f 3391 2831 4179
f 4180 2832 3390
f 3390 2832 2833
f 3390 2833 3389
f 3389 2833 2834
f 3389 2834 3388
f 3388 2834 2835
f 3388 2835 3387
f 3387 2835 2836
f 3387 2836 3386
f 3386 2836 2837
f 3386 2837 3385
f 3385 2837 2838
f 3385 2838 3384
f 3384 2838 2839
f 3384 2839 3383
f 3383 2839 2840
f 3383 2840 3382
f 3382 2840 2841
f 3382 2841 3381
f 3381 2841 2842
f 3381 2842 3380
f 3380 2842 2843
f 3380 2843 3379
f 3379 2843 2844
f 3379 2844 3378
f 3378 2844 2845
f 3378 2845 3377
f 3377 2845 2846
f 3377 2846 3376
f 3376 2846 2847
f 3376 2847 3375
f 3375 2847 2848
f 3375 2848 3374
f 3374 2848 2849
f 3374 2849 3373
f 3373 2849 2850
f 3373 2850 3372
f 3372 2850 2851
f 3372 2851 3371
f 3371 2851 2852
f 3371 2852 3370
f 3370 2852 2853
f 3370 2853 3369
f 3369 2853 2854
f 3369 2854 3368
f 3368 2854 2855
f 3368 2855 3367
f 3367 2855 2856
f 3367 2856 3366
f 3366 2856 2857
f 3366 2857 3365
f 3365 2857 2858
f 3365 2858 3364
f 3364 2858 2859
f 3364 2859 3363
f 3363 2859 2860
f 3363 2860 3362
f 3362 2860 2861
f 3362 2861 3361
f 3361 2861 2862
f 3361 2862 3360
f 3360 2862 2863
f 3360 2863 3359
f 3359 2863 2864
f 3359 2864 3358
f 3358 2864 2865
f 3358 2865 3357
f 3357 2865 2866
f 3357 2866 3356
f 3356 2866 2867
f 3356 2867 3355
f 3355 2867 2868
f 3355 2868 3354
f 3354 2868 2869
f 3354 2869 3353
f 3353 2869 2870
f 3353 2870 3352
f 3352 2870 2871
f 3352 2871 3351
f 3351 2871 2872
f 3351 2872 3350
f 3350 2872 4181
f 4182 2873 3349
f 3349 2873 2874
f 3349 2874 3348
f 3348 2874 2875
f 3348 2875 3347
f 3347 2875 2876
f 3347 2876 3346
f 3346 2876 2877
f 3346 2877 3345
f 3345 2877 2878
f 3345 2878 3344
f 3344 2878 2879
f 3344 2879 3343
f 3343 2879 2880
f 3343 2880 3342
f 3342 2880 2881
f 3342 2881 3341
f 3341 2881 2882
f 3341 2882 3340
f 3340 2882 2883
f 3340 2883 3339
f 3339 2883 2884
f 3339 2884 3338
f 3338 2884 2885
f 3338 2885 3337
f 3337 2885 2886
f 3337 2886 3336
f 3336 2886 2887
f 3336 2887 3335
f 3335 2887 2888
f 3335 2888 3334
f 3334 2888 2889
f 3334 2889 3333
f 3333 2889 2890
f 3333 2890 3332
f 3332 2890 2891
f 3332 2891 3331
f 3331 2891 2892
f 3331 2892 3330
f 3330 2892 2893
f 3330 2893 3329
f 3329 2893 2894
f 3329 2894 3328
f 3328 2894 2895
f 3328 2895 3327
f 3327 2895 2896
f 3327 2896 3326
f 3326 2896 2897
f 3326 2897 3325
f 3325 2897 2898
f 3325 2898 3324
f 3324 2898 2899
f 3324 2899 3323
f 3323 2899 2900
f 3323 2900 3322
f 3322 2900 2901
f 3322 2901 3321
f 3321 2901 2902
f 3321 2902 3320
f 3320 2902 2903
f 3320 2903 3319
f 3319 2903 2904
f 3319 2904 3318
f 3318 2904 2905
f 3318 2905 3317
f 3317 2905 2906
f 3317 2906 3316
f 3316 2906 2907
f 3316 2907 3315
f 3315 2907 2908
f 3315 2908 3314
f 3314 2908 2909
f 3314 2909 3313
f 3313 2909 2910
f 3313 2910 3312
f 3312 2910 2911
f 3312 2911 3311
f 3311 2911 2912
f 3311 2912 3310
f 3310 2912 2913
f 3310 2913 3309
f 3309 2913 4183
f 4184 2914 3308
f 3308 2914 2915
f 3308 2915 3307
f 3307 2915 2916
f 3307 2916 3306
f 3306 2916 2917
f 3306 2917 3305
f 3305 2917 2918
f 3305 2918 3304
f 3304 2918 2919
f 3304 2919 3303
f 3303 2919 2920
f 3303 2920 3302
f 3302 2920 2921
f 3302 2921 3301
f 3301 2921 2922
f 3301 2922 3300
f 3300 2922 2923
f 3300 2923 3299
f 3299 2923 2924
f 3299 2924 3298
f 3298 2924 2925
f 3298 2925 3297
f 3297 2925 2926
f 3297 2926 3296
f 3296 2926 2927
f 3296 2927 3295
f 3295 2927 2928
f 3295 2928 3294
f 3294 2928 2929
f 3294 2929 3293
f 3293 2929 2930
f 3293 2930 3292
f 3292 2930 2931
f 3292 2931 3291
f 3291 2931 2932
f 3291 2932 3290
f 3290 2932 2933
f 3290 2933 3289
f 3289 2933 2934
f 3289 2934 3288
f 3288 2934 2935
f 3288 2935 3287
f 3287 2935 2936
f 3287 2936 3286
f 3286 2936 2937
f 3286 2937 3285
f 3285 2937 2938
f 3285 2938 3284
f 3284 2938 2939
f 3284 2939 3283
f 3283 2939 2940
f 3283 2940 3282
f 3282 2940 2941
f 3282 2941 3281
f 3281 2941 2942
f 3281 2942 3280
f 3280 2942 2943
f 3280 2943 3279
f 3279 2943 2944
f 3279 2944 3278
f 3278 2944 2945
f 3278 2945 3277
f 3277 2945 2946
f 3277 2946 3276
f 3276 2946 2947
f 3276 2947 3275
f 3275 2947 2948
f 3275 2948 3274
f 3274 2948 2949
f 3274 2949 3273
f 3273 2949 2950
f 3273 2950 3272
f 3272 2950 2951
f 3272 2951 3271
f 3271 2951 2952
f 3271 2952 3270
f 3270 2952 2953
f 3270 2953 3269
f 3269 2953 2954
f 3269 2954 3268
f 3268 2954 4185
f 4186 2955 3267
f 3267 2955 2956
f 3267 2956 3266
f 3266 2956 2957
f 3266 2957 3265
f 3265 2957 2958
f 3265 2958 3264
f 3264 2958 2959
f 3264 2959 3263
f 3263 2959 2960
f 3263 2960 3262
f 3262 2960 2961
f 3262 2961 3261
f 3261 2961 2962
f 3261 2962 3260
f 3260 2962 2963
f 3260 2963 3259
f 3259 2963 2964
f 3259 2964 3258
f 3258 2964 2965
f 3258 2965 3257
f 3257 2965 2966
f 3257 2966 3256
f 3256 2966 2967
f 3256 2967 3255
f 3255 2967 2968
f 3255 2968 3254
f 3254 2968 2969
f 3254 2969 3253
f 3253 2969 2970
f 3253 2970 3252
f 3252 2970 2971
f 3252 2971 3251
f 3251 2971 2972
f 3251 2972 3250
f 3250 2972 2973
f 3250 2973 3249
f 3249 2973 2974
f 3249 2974 3248
f 3248 2974 2975
f 3248 2975 3247
f 3247 2975 2976
f 3247 2976 3246
f 3246 2976 2977
f 3246 2977 3245
f 3245 2977 2978
f 3245 2978 3244
f 3244 2978 2979
f 3244 2979 3243
f 3243 2979 2980
f 3243 2980 3242
f 3242 2980 2981
f 3242 2981 3241
f 3241 2981 2982
f 3241 2982 3240
f 3240 2982 2983
f 3240 2983 3239
f 3239 2983 2984
f 3239 2984 3238
f 3238 2984 2985
f 3238 2985 3237
f 3237 2985 2986
f 3237 2986 3236
f 3236 2986 2987
f 3236 2987 3235
f 3235 2987 2988
f 3235 2988 3234
f 3234 2988 2989
f 3234 2989 3233
f 3233 2989 2990
f 3233 2990 3232
f 3232 2990 2991
f 3232 2991 3231
f 3231 2991 2992
f 3231 2992 3230
f 3230 2992 2993
f 3230 2993 3229
f 3229 2993 2994
f 3229 2994 3228
f 3228 2994 2995
f 3228 2995 3227
f 3227 2995 4187
f 4188 2996 3226
f 3226 2996 2997
f 3226 2997 3225
f 3225 2997 2998
f 3225 2998 3224
f 3224 2998 2999
f 3224 2999 3223
f 3223 2999 3000
f 3223 3000 3222
f 3222 3000 3001
f 3222 3001 3221
f 3221 3001 3002
f 3221 3002 3220
f 3220 3002 3003
f 3220 3003 3219
f 3219 3003 3004
f 3219 3004 3218
f 3218 3004 3005
f 3218 3005 3217
f 3217 3005 3006
f 3217 3006 3216
f 3216 3006 3007
f 3216 3007 3215
f 3215 3007 3008
f 3215 3008 3214
f 3214 3008 3009
f 3214 3009 3213
f 3213 3009 3010
f 3213 3010 3212
f 3212 3010 3011
f 3212 3011 3211
f 3211 3011 3012
f 3211 3012 3210
f 3210 3012 3013
f 3210 3013 3209
f 3209 3013 3014
f 3209 3014 3208
f 3208 3014 3015
f 3208 3015 3207
f 3207 3015 3016
f 3207 3016 3206
f 3206 3016 3017
f 3206 3017 3205
f 3205 3017 3018
f 3205 3018 3204
f 3204 3018 3019
f 3204 3019 3203
f 3203 3019 3020
f 3203 3020 3202
f 3202 3020 3021
f 3202 3021 3201
f 3201 3021 3022
f 3201 3022 3200
f 3200 3022 3023
f 3200 3023 3199
f 3199 3023 3024
f 3199 3024 3198
f 3198 3024 3025
f 3198 3025 3197
f 3197 3025 3026
f 3197 3026 3196
f 3196 3026 3027
f 3196 3027 3195
f 3195 3027 3028
f 3195 3028 3194
f 3194 3028 3029
f 3194 3029 3193
f 3193 3029 3030
f 3193 3030 3192
f 3192 3030 3031
f 3192 3031 3191
f 3191 3031 3032
f 3191 3032 3190
f 3190 3032 3033
f 3190 3033 3189
f 3189 3033 3034
f 3189 3034 3188
f 3188 3034 3035
f 3188 3035 3187
f 3187 3035 3036
f 3187 3036 3186
f 3186 3036 4189
f 4190 3037 3185
f 3185 3037 3038
f 3185 3038 3184
f 3184 3038 3039
f 3184 3039 3183
f 3183 3039 3040
f 3183 3040 3182
f 3182 3040 3041
f 3182 3041 3181
f 3181 3041 3042
f 3181 3042 3180
f 3180 3042 3043
f 3180 3043 3179
f 3179 3043 3044
f 3179 3044 3178
f 3178 3044 3045
f 3178 3045 3177
f 3177 3045 3046
f 3177 3046 3176
f 3176 3046 3047
f 3176 3047 3175
f 3175 3047 3048
f 3175 3048 3174
f 3174 3048 3049
f 3174 3049 3173
f 3173 3049 3050
f 3173 3050 3172
f 3172 3050 3051
f 3172 3051 3171
f 3171 3051 3052
f 3171 3052 3170
f 3170 3052 3053
f 3170 3053 3169
f 3169 3053 3054
f 3169 3054 3168
f 3168 3054 3055
f 3168 3055 3167
f 3167 3055 3056
f 3167 3056 3166
f 3166 3056 3057
f 3166 3057 3165
f 3165 3057 3058
f 3165 3058 3164
f 3164 3058 3059
f 3164 3059 3163
f 3163 3059 3060
f 3163 3060 3162
f 3162 3060 3061
f 3162 3061 3161
f 3161 3061 3062
f 3161 3062 3160
f 3160 3062 3063
f 3160 3063 3159
f 3159 3063 3064
f 3159 3064 3158
f 3158 3064 3065
f 3158 3065 3157
f 3157 3065 3066
f 3157 3066 3156
f 3156 3066 3067
f 3156 3067 3155
f 3155 3067 3068
f 3155 3068 3154
f 3154 3068 3069
f 3154 3069 3153
f 3153 3069 3070
f 3153 3070 3152
f 3152 3070 3071
f 3152 3071 3151
f 3151 3071 3072
f 3151 3072 3150
f 3150 3072 3073
f 3150 3073 3149
f 3149 3073 3074
f 3149 3074 3148
f 3148 3074 3075
f 3148 3075 3147
f 3147 3075 3076
f 3147 3076 3146
f 3146 3076 3077
f 3146 3077 3145
f 3145 3077 4191
f 4192 3078 3144
f 3144 3078 3079
f 3144 3079 3143
f 3143 3079 3080
f 3143 3080 3142
f 3142 3080 3081
f 3142 3081 3141
f 3141 3081 3082
f 3141 3082 3140
f 3140 3082 3083
f 3140 3083 3139
f 3139 3083 3084
f 3139 3084 3138
f 3138 3084 3085
f 3138 3085 3137
f 3137 3085 3086
f 3137 3086 3136
f 3136 3086 3087
f 3136 3087 3135
f 3135 3087 3088
f 3135 3088 3134
f 3134 3088 3089
f 3134 3089 3133
f 3133 3089 3090
f 3133 3090 3132
f 3132 3090 3091
f 3132 3091 3131
f 3131 3091 3092
f 3131 3092 3130
f 3130 3092 3093
f 3130 3093 3129
f 3129 3093 3094
f 3129 3094 3128
f 3128 3094 3095
f 3128 3095 3127
f 3127 3095 3096
f 3127 3096 3126
f 3126 3096 3097
f 3126 3097 3125
f 3125 3097 3098
f 3125 3098 3124
f 3124 3098 3099
f 3124 3099 3123
f 3123 3099 3100
f 3123 3100 3122
f 3122 3100 3101
f 3122 3101 3121
f 3121 3101 3102
f 3121 3102 3120
f 3120 3102 3103
f 3120 3103 3119
f 3119 3103 3104
f 3119 3104 3105
f 3119 3105 3118
f 3118 3105 3106
f 3118 3106 3117
f 3117 3106 3107
f 3117 3107 3116
f 3116 3107 3108
f 3116 3108 3115
f 3115 3108 3109
f 3115 3109 3114
f 3114 3109 3110
f 3114 3110 3113
f 3113 3110 3111
f 3113 3111 3112
f 4193 4194 6272
f 6272 4194 4195
f 6272 4195 6271
f 6271 4195 4196
f 6271 4196 6270
f 6270 4196 4197
f 6270 4197 6269
f 6269 4197 4198
f 6269 4198 6268
f 6268 4198 4199
f 6268 4199 4200
f 6268 4200 6267
f 6267 4200 4201
f 6267 4201 6266
f 6266 4201 4202
f 6266 4202 6265
f 6265 4202 4203
f 6265 4203 6264
f 6264 4203 4204
f 6264 4204 6263
f 6263 4204 4205
f 6263 4205 6262
f 6262 4205 4206
f 6262 4206 4207
f 6262 4207 6261
f 6261 4207 4208
f 6261 4208 6260
f 6260 4208 4209
f 6260 4209 6259
f 6259 4209 4210
f 6259 4210 6258
f 6258 4210 4211
f 6258 4211 6257
f 6257 4211 4212
f 6257 4212 6256
f 6256 4212 4213
f 6256 4213 6255
f 6255 4213 4214
f 6255 4214 6254
f 6254 4214 4215
f 6254 4215 6253
f 6253 4215 4216
f 6253 4216 6252
f 6252 4216 4217
f 6252 4217 6251
f 6251 4217 4218
f 6251 4218 6250
f 6250 4218 4219
f 6250 4219 6249
f 6249 4219 4220
f 6249 4220 6248
f 6248 4220 4221
f 6248 4221 6247
f 6247 4221 4222
f 6247 4222 6246
f 6246 4222 4223
f 6246 4223 6245
f 6245 4223 4224
f 6245 4224 6244
f 6244 4224 4225
f 6244 4225 6243
f 6243 4225 4226
f 6243 4226 6242
f 6242 4226 4227
f 6242 4227 6241
f 6241 4227 4228
f 6241 4228 6240
f 6240 4228 4229
f 6240 4229 6239
f 6239 4229 4230
f 6239 4230 6238
f 6238 4230 4231
f 6238 4231 6237
f 6237 4231 4232
f 6237 4232 6236
f 6236 4232 4233
f 6236 4233 6235
f 6235 4233 4234
f 6235 4234 6234
f 6234 4234 4235
f 6234 4235 6233
f 6233 4235 4236
f 6233 4236 6232
f 6232 4236 4237
f 6232 4237 6231
f 6231 4237 4238
f 6231 4238 6230
f 6230 4238 4239
f 6230 4239 6229
f 6229 4239 4240
f 6229 4240 6228
f 6228 4240 4241
f 6228 4241 6227
f 6227 4241 4242
f 6227 4242 6226
f 6226 4242 4243
f 6226 4243 6225
f 6225 4243 4244
f 6225 4244 6224
f 6224 4244 4245
f 6224 4245 6223
f 6223 4245 4246
f 6223 4246 6222
f 6222 4246 4247
f 6222 4247 6221
f 6221 4247 4248
f 6221 4248 6220
f 6220 4248 4249
f 6220 4249 6219
f 6219 4249 4250
f 6219 4250 6218
f 6218 4250 4251
f 6218 4251 6217
f 6217 4251 4252
f 6217 4252 6216
f 6216 4252 4253
f 6216 4253 6215
f 6215 4253 4254
f 6215 4254 6214
f 6214 4254 4255
f 6214 4255 6213
f 6213 4255 4256
f 6213 4256 6212
f 6212 4256 4257
f 6212 4257 6211
f 6211 4257 4258
f 6211 4258 6210
f 6210 4258 4259
f 6210 4259 6209
f 6209 4259 4260
f 6209 4260 6208
f 6208 4260 4261
f 6208 4261 6207
f 6207 4261 4262
f 6207 4262 6206
f 6206 4262 4263
f 6206 4263 6205
f 6205 4263 4264
f 6205 4264 6204
f 6204 4264 4265
f 6204 4265 6203
f 6203 4265 4266
f 6203 4266 6202
f 6202 4266 4267
f 6202 4267 6201
f 6201 4267 4268
f 6201 4268 6200
f 6200 4268 4269
f 6200 4269 6199
f 6199 4269 4270
f 6199 4270 6198
f 6198 4270 4271
f 6198 4271 6197
f 6197 4271 4272
f 6197 4272 6196
f 6196 4272 4273
f 6196 4273 6195
f 6195 4273 4274
f 6195 4274 6194
f 6194 4274 4275
f 6194 4275 6193
f 6193 4275 4276
f 6193 4276 6192
f 6192 4276 4277
f 6192 4277 6191
f 6191 4277 4278
f 6191 4278 6190
f 6190 4278 4279
f 6190 4279 6189
f 6189 4279 4280
f 6189 4280 6188
f 6188 4280 4281
f 6188 4281 6187
f 6187 4281 4282
f 6187 4282 6186
f 6186 4282 4283
f 6186 4283 6185
f 6185 4283 4284
f 6185 4284 6184
f 6184 4284 4285
f 6184 4285 6183
f 6183 4285 4286
f 6183 4286 6182
f 6182 4286 4287
f 6182 4287 6181
f 6181 4287 4288
f 6181 4288 6180
f 6180 4288 4289
f 6180 4289 6179
f 6179 4289 4290
f 6179 4290 6178
f 6178 4290 4291
f 6178 4291 6177
f 6177 4291 4292
f 6177 4292 6176
f 6176 4292 4293
f 6176 4293 6175
f 6175 4293 4294
f 6175 4294 6174
f 6174 4294 4295
f 6174 4295 6173
f 6173 4295 4296
f 6173 4296 6172
f 6172 4296 4297
f 6172 4297 6171
f 6171 4297 4298
f 6171 4298 6170
f 6170 4298 4299
f 6170 4299 6169
f 6169 4299 4300
f 6169 4300 6168
f 6168 4300 4301
f 6168 4301 6167
f 6167 4301 4302
f 6167 4302 6166
f 6166 4302 4303
f 6166 4303 6165
f 6165 4303 4304
f 6165 4304 6164
f 6164 4304 4305
f 6164 4305 6163
f 6163 4305 4306
f 6163 4306 6162
f 6162 4306 4307
f 6162 4307 6161
f 6161 4307 4308
f 6161 4308 6160
f 6160 4308 4309
f 6160 4309 6159
f 6159 4309 4310
f 6159 4310 6158
f 6158 4310 4311
f 6158 4311 6157
f 6157 4311 4312
f 6157 4312 6156
f 6156 4312 4313
f 6156 4313 6155
f 6155 4313 4314
f 6155 4314 6154
f 6154 4314 4315
f 6154 4315 6153
f 6153 4315 4316
f 6153 4316 6152
f 6152 4316 4317
f 6152 4317 6151
f 6151 4317 4318
f 6151 4318 6150
f 6150 4318 4319
f 6150 4319 6149
f 6149 4319 4320
f 6149 4320 6148
f 6148 4320 4321
f 6148 4321 6147
f 6147 4321 4322
f 6147 4322 6146
f 6146 4322 4323
f 6146 4323 6145
f 6145 4323 4324
f 6145 4324 6144
f 6144 4324 4325
f 6144 4325 6143
f 6143 4325 4326
f 6143 4326 6142
f 6142 4326 4327
f 6142 4327 6141
f 6141 4327 4328
f 6141 4328 6140
f 6140 4328 4329
f 6140 4329 6139
f 6139 4329 4330
f 6139 4330 6138
f 6138 4330 4331
f 6138 4331 6137
f 6137 4331 4332
f 6137 4332 6136
f 6136 4332 4333
f 6136 4333 6135
f 6135 4333 4334
f 6135 4334 6134
f 6134 4334 4335
f 6134 4335 6133
f 6133 4335 4336
f 6133 4336 6132
f 6132 4336 4337
f 6132 4337 6131
f 6131 4337 4338
f 6131 4338 6130
f 6130 4338 4339
f 6130 4339 6129
f 6129 4339 4340
f 6129 4340 6128
f 6128 4340 4341
f 6128 4341 6127
f 6127 4341 4342
f 6127 4342 6126
f 6126 4342 4343
f 6126 4343 6125
f 6125 4343 4344
f 6125 4344 6124
f 6124 4344 4345
f 6124 4345 6123
f 6123 4345 4346
f 6123 4346 6122
f 6122 4346 4347
f 6122 4347 6121
f 6121 4347 4348
f 6121 4348 6120
f 6120 4348 4349
f 6120 4349 6119
f 6119 4349 4350
f 6119 4350 6118
f 6118 4350 4351
f 6118 4351 6117
f 6117 4351 4352
f 6117 4352 6116
f 6116 4352 4353
f 6116 4353 6115
f 6115 4353 4354
f 6115 4354 6114
f 6114 4354 4355
f 6114 4355 6113
f 6113 4355 4356
f 6113 4356 6112
f 6112 4356 4357
f 6112 4357 6111
f 6111 4357 4358
f 6111 4358 6110
f 6110 4358 4359
f 6110 4359 6109
f 6109 4359 4360
f 6109 4360 6108
f 6108 4360 4361
f 6108 4361 6107
f 6107 4361 4362
f 6107 4362 6106
f 6106 4362 4363
f 6106 4363 6105
f 6105 4363 4364
f 6105 4364 6104
f 6104 4364 4365
f 6104 4365 6103
f 6103 4365 4366
f 6103 4366 6102
f 6102 4366 4367
f 6102 4367 6101
f 6101 4367 4368
f 6101 4368 6100
f 6100 4368 4369
f 6100 4369 6099
f 6099 4369 4370
f 6099 4370 6098
f 6098 4370 4371
f 6098 4371 6097
f 6097 4371 4372
f 6097 4372 6096
f 6096 4372 4373
f 6096 4373 6095
f 6095 4373 4374
f 6095 4374 6094
f 6094 4374 4375
f 6094 4375 6093
f 6093 4375 4376
f 6093 4376 6092
f 6092 4376 4377
f 6092 4377 6091
f 6091 4377 4378
f 6091 4378 6090
f 6090 4378 4379
f 6090 4379 6089
f 6089 4379 4380
f 6089 4380 6088
f 6088 4380 4381
f 6088 4381 6087
f 6087 4381 4382
f 6087 4382 6086
f 6086 4382 4383
f 6086 4383 6085
f 6085 4383 4384
f 6085 4384 6084
f 6084 4384 4385
f 6084 4385 6083
f 6083 4385 4386
f 6083 4386 6082
f 6082 4386 4387
f 6082 4387 6081
f 6081 4387 4388
f 6081 4388 6080
f 6080 4388 4389
f 6080 4389 6079
f 6079 4389 4390
f 6079 4390 6078
f 6078 4390 4391
f 6078 4391 6077
f 6077 4391 4392
f 6077 4392 6076
f 6076 4392 4393
f 6076 4393 6075
f 6075 4393 4394
f 6075 4394 6074
f 6074 4394 4395
f 6074 4395 6073
f 6073 4395 4396
f 6073 4396 6072
f 6072 4396 4397
f 6072 4397 6071
f 6071 4397 4398
f 6071 4398 6070
f 6070 4398 4399
f 6070 4399 6069
f 6069 4399 4400
f 6069 4400 6068
f 6068 4400 4401
f 6068 4401 6067
f 6067 4401 4402
f 6067 4402 6066
f 6066 4402 4403
f 6066 4403 6065
f 6065 4403 4404
f 6065 4404 6064
f 6064 4404 4405
f 6064 4405 6063
f 6063 4405 4406
f 6063 4406 6062
f 6062 4406 4407
f 6062 4407 6061
f 6061 4407 4408
f 6061 4408 6060
f 6060 4408 4409
f 6060 4409 6059
f 6059 4409 4410
f 6059 4410 6058
f 6058 4410 4411
f 6058 4411 6057
f 6057 4411 4412
f 6057 4412 6056
f 6056 4412 4413
f 6056 4413 6055
f 6055 4413 4414
f 6055 4414 6054
f 6054 4414 4415
f 6054 4415 6053
f 6053 4415 4416
f 6053 4416 6052
f 6052 4416 4417
f 6052 4417 6051
f 6051 4417 4418
f 6051 4418 6050
f 6050 4418 4419
f 6050 4419 6049
f 6049 4419 4420
f 6049 4420 6048
f 6048 4420 4421
f 6048 4421 6047
f 6047 4421 4422
f 6047 4422 6046
f 6046 4422 4423
f 6046 4423 6045
f 6045 4423 4424
f 6045 4424 6044
f 6044 4424 4425
f 6044 4425 6043
f 6043 4425 4426
f 6043 4426 6042
f 6042 4426 4427
f 6042 4427 6041
f 6041 4427 4428
f 6041 4428 6040
f 6040 4428 4429
f 6040 4429 6039
f 6039 4429 4430
f 6039 4430 6038
f 6038 4430 4431
f 6038 4431 6037
f 6037 4431 4432
f 6037 4432 6036
f 6036 4432 4433
f 6036 4433 6035
f 6035 4433 4434
f 6035 4434 6034
f 6034 4434 4435
f 6034 4435 6033
f 6033 4435 4436
f 6033 4436 6032
f 6032 4436 4437
f 6032 4437 6031
f 6031 4437 4438
f 6031 4438 6030
f 6030 4438 4439
f 6030 4439 6029
f 6029 4439 4440
f 6029 4440 6028
f 6028 4440 4441
f 6028 4441 6027
f 6027 4441 4442
f 6027 4442 6026
f 6026 4442 4443
f 6026 4443 6025
f 6025 4443 4444
f 6025 4444 6024
f 6024 4444 4445
f 6024 4445 6023
f 6023 4445 4446
f 6023 4446 6022
f 6022 4446 4447
f 6022 4447 6021
f 6021 4447 4448
f 6021 4448 6020
f 6020 4448 4449
f 6020 4449 6019
f 6019 4449 4450
f 6019 4450 6018
f 6018 4450 4451
f 6018 4451 6017
f 6017 4451 4452
f 6017 4452 6016
f 6016 4452 4453
f 6016 4453 6015
f 6015 4453 4454
f 6015 4454 6014
f 6014 4454 4455
f 6014 4455 6013
f 6013 4455 4456
f 6013 4456 6012
f 6012 4456 4457
f 6012 4457 6011
f 6011 4457 4458
f 6011 4458 6010
f 6010 4458 4459
f 6010 4459 6009
f 6009 4459 4460
f 6009 4460 6008
f 6008 4460 4461
f 6008 4461 6007
f 6007 4461 4462
f 6007 4462 6006
f 6006 4462 4463
f 6006 4463 6005
f 6005 4463 4464
f 6005 4464 6004
f 6004 4464 4465
f 6004 4465 6003
f 6003 4465 4466
f 6003 4466 6002
f 6002 4466 4467
f 6002 4467 6001
f 6001 4467 4468
f 6001 4468 6000
f 6000 4468 4469
f 6000 4469 5999
f 5999 4469 4470
f 5999 4470 5998
f 5998 4470 4471
f 5998 4471 5997
f 5997 4471 4472
f 5997 4472 5996
f 5996 4472 4473
f 5996 4473 5995
f 5995 4473 4474
f 5995 4474 5994
f 5994 4474 4475
f 5994 4475 5993
f 5993 4475 4476
f 5993 4476 5992
f 5992 4476 4477
f 5992 4477 5991
f 5991 4477 4478
f 5991 4478 5990
f 5990 4478 4479
f 5990 4479 5989
f 5989 4479 4480
f 5989 4480 5988
f 5988 4480 4481
f 5988 4481 5987
f 5987 4481 4482
f 5987 4482 5986
f 5986 4482 4483
f 5986 4483 5985
f 5985 4483 4484
f 5985 4484 5984
f 5984 4484 4485
f 5984 4485 5983
f 5983 4485 4486
f 5983 4486 5982
f 5982 4486 4487
f 5982 4487 5981
f 5981 4487 4488
f 5981 4488 5980
f 5980 4488 4489
f 5980 4489 5979
f 5979 4489 4490
f 5979 4490 5978
f 5978 4490 4491
f 5978 4491 5977
f 5977 4491 4492
f 5977 4492 5976
f 5976 4492 4493
f 5976 4493 5975
f 5975 4493 4494
f 5975 4494 5974
f 5974 4494 4495
f 5974 4495 5973
f 5973 4495 4496
f 5973 4496 5972
f 5972 4496 4497
f 5972 4497 5971
f 5971 4497 4498
f 5971 4498 5970
f 5970 4498 4499
f 5970 4499 5969
f 5969 4499 4500
f 5969 4500 5968
f 5968 4500 4501
f 5968 4501 5967
f 5967 4501 4502
f 5967 4502 5966
f 5966 4502 4503
f 5966 4503 5965
f 5965 4503 4504
f 5965 4504 5964
f 5964 4504 4505
f 5964 4505 5963
f 5963 4505 4506
f 5963 4506 5962
f 5962 4506 4507
f 5962 4507 5961
f 5961 4507 4508
f 5961 4508 5960
f 5960 4508 4509
f 5960 4509 5959
f 5959 4509 4510
f 5959 4510 5958
f 5958 4510 4511
f 5958 4511 5957
f 5957 4511 4512
f 5957 4512 5956
f 5956 4512 4513
f 5956 4513 5955
f 5955 4513 4514
f 5955 4514 5954
f 5954 4514 4515
f 5954 4515 5953
f 5953 4515 4516
f 5953 4516 5952
f 5952 4516 4517
f 5952 4517 5951
f 5951 4517 4518
f 5951 4518 5950
f 5950 4518 4519
f 5950 4519 5949
f 5949 4519 4520
f 5949 4520 5948
f 5948 4520 4521
f 5948 4521 5947
f 5947 4521 4522
f 5947 4522 5946
f 5946 4522 4523
f 5946 4523 5945
f 5945 4523 4524
f 5945 4524 5944
f 5944 4524 4525
f 5944 4525 5943
f 5943 4525 4526
f 5943 4526 5942
f 5942 4526 4527
f 5942 4527 5941
f 5941 4527 4528
f 5941 4528 5940
f 5940 4528 4529
f 5940 4529 5939
f 5939 4529 4530
f 5939 4530 5938
f 5938 4530 4531
f 5938 4531 5937
f 5937 4531 4532
f 5937 4532 5936
f 5936 4532 4533
f 5936 4533 5935
f 5935 4533 4534
f 5935 4534 5934
f 5934 4534 4535
f 5934 4535 5933
f 5933 4535 4536
f 5933 4536 5932
f 5932 4536 4537
f 5932 4537 5931
f 5931 4537 4538
f 5931 4538 5930
f 5930 4538 4539
f 5930 4539 5929
f 5929 4539 4540
f 5929 4540 5928
f 5928 4540 4541
f 5928 4541 5927
f 5927 4541 4542
f 5927 4542 5926
f 5926 4542 4543
f 5926 4543 5925
f 5925 4543 4544
f 5925 4544 5924
f 5924 4544 4545
f 5924 4545 5923
f 5923 4545 4546
f 5923 4546 5922
f 5922 4546 4547
f 5922 4547 5921
f 5921 4547 4548
f 5921 4548 5920
f 5920 4548 4549
f 5920 4549 5919
f 5919 4549 4550
f 5919 4550 5918
f 5918 4550 4551
f 5918 4551 5917
f 5917 4551 4552
f 5917 4552 5916
f 5916 4552 4553
f 5916 4553 5915
f 5915 4553 4554
f 5915 4554 5914
f 5914 4554 4555
f 5914 4555 5913
f 5913 4555 4556
f 5913 4556 5912
f 5912 4556 4557
f 5912 4557 5911
f 5911 4557 4558
f 5911 4558 5910
f 5910 4558 4559
f 5910 4559 5909
f 5909 4559 4560
f 5909 4560 5908
f 5908 4560 4561
f 5908 4561 5907
f 5907 4561 4562
f 5907 4562 5906
f 5906 4562 4563
f 5906 4563 5905
f 5905 4563 4564
f 5905 4564 5904
f 5904 4564 4565
f 5904 4565 5903
f 5903 4565 4566
f 5903 4566 5902
f 5902 4566 4567
f 5902 4567 5901
f 5901 4567 4568
f 5901 4568 5900
f 5900 4568 4569
f 5900 4569 5899
f 5899 4569 4570
f 5899 4570 5898
f 5898 4570 4571
f 5898 4571 5897
f 5897 4571 4572
f 5897 4572 5896
f 5896 4572 4573
f 5896 4573 5895
f 5895 4573 4574
f 5895 4574 5894
f 5894 4574 4575
f 5894 4575 5893
f 5893 4575 4576
f 5893 4576 5892
f 5892 4576 4577
f 5892 4577 5891
f 5891 4577 4578
f 5891 4578 5890
f 5890 4578 4579
f 5890 4579 5889
f 5889 4579 4580
f 5889 4580 5888
f 5888 4580 4581
f 5888 4581 5887
f 5887 4581 4582
f 5887 4582 5886
f 5886 4582 4583
f 5886 4583 5885
f 5885 4583 4584
f 5885 4584 5884
f 5884 4584 4585
f 5884 4585 5883
f 5883 4585 4586
f 5883 4586 5882
f 5882 4586 4587
f 5882 4587 5881
f 5881 4587 4588
f 5881 4588 5880
f 5880 4588 4589
f 5880 4589 5879
f 5879 4589 4590
f 5879 4590 5878
f 5878 4590 4591
f 5878 4591 5877
f 5877 4591 4592
f 5877 4592 5876
f 5876 4592 4593
f 5876 4593 5875
f 5875 4593 4594
f 5875 4594 5874
f 5874 4594 4595
f 5874 4595 5873
f 5873 4595 4596
f 5873 4596 5872
f 5872 4596 4597
f 5872 4597 5871
f 5871 4597 4598
f 5871 4598 5870
f 5870 4598 4599
f 5870 4599 5869
f 5869 4599 4600
f 5869 4600 5868
f 5868 4600 4601
f 5868 4601 5867
f 5867 4601 4602
f 5867 4602 5866
f 5866 4602 4603
f 5866 4603 5865
f 5865 4603 4604
f 5865 4604 5864
f 5864 4604 4605
f 5864 4605 5863
f 5863 4605 4606
f 5863 4606 5862
f 5862 4606 4607
f 5862 4607 5861
f 5861 4607 4608
f 5861 4608 5860
f 5860 4608 4609
f 5860 4609 5859
f 5859 4609 4610
f 5859 4610 5858
f 5858 4610 4611
f 5858 4611 5857
f 5857 4611 4612
f 5857 4612 5856
f 5856 4612 4613
f 5856 4613 5855
f 5855 4613 4614
f 5855 4614 5854
f 5854 4614 4615
f 5854 4615 5853
f 5853 4615 4616
f 5853 4616 5852
f 5852 4616 4617
f 5852 4617 5851
f 5851 4617 4618
f 5851 4618 5850
f 5850 4618 4619
f 5850 4619 5849
f 5849 4619 4620
f 5849 4620 5848
f 5848 4620 4621
f 5848 4621 5847
f 5847 4621 4622
f 5847 4622 5846
f 5846 4622 4623
f 5846 4623 5845
f 5845 4623 4624
f 5845 4624 5844
f 5844 4624 4625
f 5844 4625 5843
f 5843 4625 4626
f 5843 4626 5842
f 5842 4626 4627
f 5842 4627 5841
f 5841 4627 4628
f 5841 4628 5840
f 5840 4628 4629
f 5840 4629 5839
f 5839 4629 4630
f 5839 4630 5838
f 5838 4630 4631
f 5838 4631 5837
f 5837 4631 4632
f 5837 4632 5836
f 5836 4632 4633
f 5836 4633 5835
f 5835 4633 4634
f 5835 4634 5834
f 5834 4634 4635
f 5834 4635 5833
f 5833 4635 4636
f 5833 4636 5832
f 5832 4636 4637
f 5832 4637 5831
f 5831 4637 4638
f 5831 4638 5830
f 5830 4638 4639
f 5830 4639 5829
f 5829 4639 4640
f 5829 4640 5828
f 5828 4640 4641
f 5828 4641 5827
f 5827 4641 4642
f 5827 4642 5826
f 5826 4642 4643
f 5826 4643 5825
f 5825 4643 4644
f 5825 4644 5824
f 5824 4644 4645
f 5824 4645 5823
f 5823 4645 4646
f 5823 4646 5822
f 5822 4646 4647
f 5822 4647 5821
f 5821 4647 4648
f 5821 4648 5820
f 5820 4648 4649
f 5820 4649 5819
f 5819 4649 4650
f 5819 4650 5818
f 5818 4650 4651
f 5818 4651 5817
f 5817 4651 4652
f 5817 4652 5816
f 5816 4652 4653
f 5816 4653 5815
f 5815 4653 4654
f 5815 4654 5814
f 5814 4654 4655
f 5814 4655 5813
f 5813 4655 4656
f 5813 4656 5812
f 5812 4656 4657
f 5812 4657 5811
f 5811 4657 4658
f 5811 4658 5810
f 5810 4658 4659
f 5810 4659 5809
f 5809 4659 4660
f 5809 4660 5808
f 5808 4660 4661
f 5808 4661 5807
f 5807 4661 4662
f 5807 4662 5806
f 5806 4662 4663
f 5806 4663 5805
f 5805 4663 4664
f 5805 4664 5804
f 5804 4664 4665
f 5804 4665 5803
f 5803 4665 4666
f 5803 4666 5802
f 5802 4666 4667
f 5802 4667 5801
f 5801 4667 4668
f 5801 4668 5800
f 5800 4668 4669
f 5800 4669 5799
f 5799 4669 4670
f 5799 4670 5798
f 5798 4670 4671
f 5798 4671 5797
f 5797 4671 4672
f 5797 4672 5796
f 5796 4672 4673
f 5796 4673 5795
f 5795 4673 4674
f 5795 4674 5794
f 5794 4674 4675
f 5794 4675 5793
f 5793 4675 4676
f 5793 4676 5792
f 5792 4676 4677
f 5792 4677 5791
f 5791 4677 4678
f 5791 4678 5790
f 5790 4678 4679
f 5790 4679 5789
f 5789 4679 4680
f 5789 4680 5788
f 5788 4680 4681
f 5788 4681 5787
f 5787 4681 4682
f 5787 4682 5786
f 5786 4682 4683
f 5786 4683 5785
f 5785 4683 4684
f 5785 4684 5784
f 5784 4684 4685
f 5784 4685 5783
f 5783 4685 4686
f 5783 4686 5782
f 5782 4686 4687
f 5782 4687 5781
f 5781 4687 4688
f 5781 4688 5780
f 5780 4688 4689
f 5780 4689 5779
f 5779 4689 4690
f 5779 4690 5778
f 5778 4690 4691
f 5778 4691 5777
f 5777 4691 4692
f 5777 4692 5776
f 5776 4692 4693
f 5776 4693 5775
f 5775 4693 4694
f 5775 4694 5774
f 5774 4694 4695
f 5774 4695 5773
f 5773 4695 4696
f 5773 4696 5772
f 5772 4696 4697
f 5772 4697 5771
f 5771 4697 4698
f 5771 4698 5770
f 5770 4698 4699
f 5770 4699 5769
f 5769 4699 4700
f 5769 4700 5768
f 5768 4700 4701
f 5768 4701 5767
f 5767 4701 4702
f 5767 4702 5766
f 5766 4702 4703
f 5766 4703 5765
f 5765 4703 4704
f 5765 4704 5764
f 5764 4704 4705
f 5764 4705 5763
f 5763 4705 4706
f 5763 4706 5762
f 5762 4706 4707
f 5762 4707 5761
f 5761 4707 4708
f 5761 4708 5760
f 5760 4708 4709
f 5760 4709 5759
f 5759 4709 4710
f 5759 4710 5758
f 5758 4710 4711
f 5758 4711 5757
f 5757 4711 4712
f 5757 4712 5756
f 5756 4712 4713
f 5756 4713 5755
f 5755 4713 4714
f 5755 4714 5754
f 5754 4714 4715
f 5754 4715 5753
f 5753 4715 4716
f 5753 4716 5752
f 5752 4716 4717
f 5752 4717 5751
f 5751 4717 4718
f 5751 4718 5750
f 5750 4718 4719
f 5750 4719 5749
f 5749 4719 4720
f 5749 4720 5748
f 5748 4720 4721
f 5748 4721 5747
f 5747 4721 4722
f 5747 4722 5746
f 5746 4722 4723
f 5746 4723 5745
f 5745 4723 4724
f 5745 4724 5744
f 5744 4724 4725
f 5744 4725 5743
f 5743 4725 4726
f 5743 4726 5742
f 5742 4726 4727
f 5742 4727 5741
f 5741 4727 4728
f 5741 4728 5740
f 5740 4728 4729
f 5740 4729 5739
f 5739 4729 4730
f 5739 4730 5738
f 5738 4730 4731
f 5738 4731 5737
f 5737 4731 4732
f 5737 4732 5736
f 5736 4732 4733
f 5736 4733 5735
f 5735 4733 4734
f 5735 4734 5734
f 5734 4734 4735
f 5734 4735 5733
f 5733 4735 4736
f 5733 4736 5732
f 5732 4736 4737
f 5732 4737 5731
f 5731 4737 4738
f 5731 4738 5730
f 5730 4738 4739
f 5730 4739 5729
f 5729 4739 4740
f 5729 4740 5728
f 5728 4740 4741
f 5728 4741 5727
f 5727 4741 4742
f 5727 4742 5726
f 5726 4742 4743
f 5726 4743 5725
f 5725 4743 4744
f 5725 4744 5724
f 5724 4744 4745
f 5724 4745 5723
f 5723 4745 4746
f 5723 4746 5722
f 5722 4746 4747
f 5722 4747 5721
f 5721 4747 4748
f 5721 4748 5720
f 5720 4748 4749
f 5720 4749 5719
f 5719 4749 4750
f 5719 4750 5718
f 5718 4750 4751
f 5718 4751 5717
f 5717 4751 4752
f 5717 4752 5716
f 5716 4752 4753
f 5716 4753 5715
f 5715 4753 4754
f 5715 4754 5714
f 5714 4754 4755
f 5714 4755 5713
f 5713 4755 4756
f 5713 4756 5712
f 5712 4756 4757
f 5712 4757 5711
f 5711 4757 4758
f 5711 4758 5710
f 5710 4758 4759
f 5710 4759 5709
f 5709 4759 4760
f 5709 4760 5708
f 5708 4760 4761
f 5708 4761 5707
f 5707 4761 4762
f 5707 4762 5706
f 5706 4762 4763
f 5706 4763 5705
f 5705 4763 4764
f 5705 4764 5704
f 5704 4764 4765
f 5704 4765 5703
f 5703 4765 4766
f 5703 4766 5702
f 5702 4766 4767
f 5702 4767 5701
f 5701 4767 4768
f 5701 4768 5700
f 5700 4768 4769
f 5700 4769 5699
f 5699 4769 4770
f 5699 4770 5698
f 5698 4770 4771
f 5698 4771 5697
f 5697 4771 4772
f 5697 4772 5696
f 5696 4772 4773
f 5696 4773 5695
f 5695 4773 4774
f 5695 4774 5694
f 5694 4774 4775
f 5694 4775 5693
f 5693 4775 4776
f 5693 4776 5692
f 5692 4776 4777
f 5692 4777 5691
f 5691 4777 4778
f 5691 4778 5690
f 5690 4778 4779
f 5690 4779 5689
f 5689 4779 4780
f 5689 4780 5688
f 5688 4780 4781
f 5688 4781 5687
f 5687 4781 4782
f 5687 4782 5686
f 5686 4782 4783
f 5686 4783 5685
f 5685 4783 4784
f 5685 4784 5684
f 5684 4784 4785
f 5684 4785 5683
f 5683 4785 4786
f 5683 4786 5682
f 5682 4786 4787
f 5682 4787 5681
f 5681 4787 4788
f 5681 4788 5680
f 5680 4788 4789
f 5680 4789 5679
f 5679 4789 4790
f 5679 4790 5678
f 5678 4790 4791
f 5678 4791 5677
f 5677 4791 4792
f 5677 4792 5676
f 5676 4792 4793
f 5676 4793 5675
f 5675 4793 4794
f 5675 4794 5674
f 5674 4794 4795
f 5674 4795 5673
f 5673 4795 4796
f 5673 4796 5672
f 5672 4796 4797
f 5672 4797 5671
f 5671 4797 4798
f 5671 4798 5670
f 5670 4798 4799
f 5670 4799 5669
f 5669 4799 4800
f 5669 4800 5668
f 5668 4800 4801
f 5668 4801 5667
f 5667 4801 4802
f 5667 4802 5666
f 5666 4802 4803
f 5666 4803 5665
f 5665 4803 4804
f 5665 4804 5664
f 5664 4804 4805
f 5664 4805 5663
f 5663 4805 4806
f 5663 4806 5662
f 5662 4806 4807
f 5662 4807 5661
f 5661 4807 4808
f 5661 4808 5660
f 5660 4808 4809
f 5660 4809 5659
f 5659 4809 4810
f 5659 4810 5658
f 5658 4810 4811
f 5658 4811 5657
f 5657 4811 4812
f 5657 4812 5656
f 5656 4812 4813
f 5656 4813 5655
f 5655 4813 4814
f 5655 4814 5654
f 5654 4814 4815
f 5654 4815 5653
f 5653 4815 4816
f 5653 4816 5652
f 5652 4816 4817
f 5652 4817 5651
f 5651 4817 4818
f 5651 4818 5650
f 5650 4818 4819
f 5650 4819 5649
f 5649 4819 4820
f 5649 4820 5648
f 5648 4820 4821
f 5648 4821 5647
f 5647 4821 4822
f 5647 4822 5646
f 5646 4822 4823
f 5646 4823 5645
f 5645 4823 4824
f 5645 4824 5644
f 5644 4824 4825
f 5644 4825 5643
f 5643 4825 4826
f 5643 4826 5642
f 5642 4826 4827
f 5642 4827 5641
f 5641 4827 4828
f 5641 4828 5640
f 5640 4828 4829
f 5640 4829 5639
f 5639 4829 4830
f 5639 4830 5638
f 5638 4830 4831
f 5638 4831 5637
f 5637 4831 4832
f 5637 4832 5636
f 5636 4832 4833
f 5636 4833 5635
f 5635 4833 4834
f 5635 4834 5634
f 5634 4834 4835
f 5634 4835 5633
f 5633 4835 4836
f 5633 4836 5632
f 5632 4836 4837
f 5632 4837 5631
f 5631 4837 4838
f 5631 4838 5630
f 5630 4838 4839
f 5630 4839 5629
f 5629 4839 4840
f 5629 4840 5628
f 5628 4840 4841
f 5628 4841 5627
f 5627 4841 4842
f 5627 4842 5626
f 5626 4842 4843
f 5626 4843 5625
f 5625 4843 4844
f 5625 4844 5624
f 5624 4844 4845
f 5624 4845 5623
f 5623 4845 4846
f 5623 4846 5622
f 5622 4846 4847
f 5622 4847 5621
f 5621 4847 4848
f 5621 4848 5620
f 5620 4848 4849
f 5620 4849 5619
f 5619 4849 4850
f 5619 4850 5618
f 5618 4850 4851
f 5618 4851 5617
f 5617 4851 4852
f 5617 4852 5616
f 5616 4852 4853
f 5616 4853 5615
f 5615 4853 4854
f 5615 4854 5614
f 5614 4854 4855
f 5614 4855 5613
f 5613 4855 4856
f 5613 4856 5612
f 5612 4856 4857
f 5612 4857 5611
f 5611 4857 4858
f 5611 4858 5610
f 5610 4858 4859
f 5610 4859 5609
f 5609 4859 4860
f 5609 4860 5608
f 5608 4860 4861
f 5608 4861 5607
f 5607 4861 4862
f 5607 4862 5606
f 5606 4862 4863
f 5606 4863 5605
f 5605 4863 4864
f 5605 4864 5604
f 5604 4864 4865
f 5604 4865 5603
f 5603 4865 4866
f 5603 4866 5602
f 5602 4866 4867
f 5602 4867 5601
f 5601 4867 4868
f 5601 4868 5600
f 5600 4868 4869
f 5600 4869 5599
f 5599 4869 4870
f 5599 4870 5598
f 5598 4870 4871
f 5598 4871 5597
f 5597 4871 4872
f 5597 4872 5596
f 5596 4872 4873
f 5596 4873 5595
f 5595 4873 4874
f 5595 4874 5594
f 5594 4874 4875
f 5594 4875 5593
f 5593 4875 4876
f 5593 4876 5592
f 5592 4876 4877
f 5592 4877 5591
f 5591 4877 4878
f 5591 4878 5590
f 5590 4878 4879
f 5590 4879 5589
f 5589 4879 4880
f 5589 4880 5588
f 5588 4880 4881
f 5588 4881 5587
f 5587 4881 4882
f 5587 4882 5586
f 5586 4882 4883
f 5586 4883 5585
f 5585 4883 4884
f 5585 4884 5584
f 5584 4884 4885
f 5584 4885 5583
f 5583 4885 4886
f 5583 4886 5582
f 5582 4886 4887
f 5582 4887 5581
f 5581 4887 4888
f 5581 4888 5580
f 5580 4888 4889
f 5580 4889 5579
f 5579 4889 4890
f 5579 4890 5578
f 5578 4890 4891
f 5578 4891 5577
f 5577 4891 4892
f 5577 4892 5576
f 5576 4892 4893
f 5576 4893 5575
f 5575 4893 4894
f 5575 4894 5574
f 5574 4894 4895
f 5574 4895 5573
f 5573 4895 4896
f 5573 4896 5572
f 5572 4896 4897
f 5572 4897 5571
f 5571 4897 4898
f 5571 4898 5570
f 5570 4898 4899
f 5570 4899 5569
f 5569 4899 4900
f 5569 4900 5568
f 5568 4900 4901
f 5568 4901 5567
f 5567 4901 4902
f 5567 4902 5566
f 5566 4902 4903
f 5566 4903 5565
f 5565 4903 4904
f 5565 4904 5564
f 5564 4904 4905
f 5564 4905 5563
f 5563 4905 4906
f 5563 4906 5562
f 5562 4906 4907
f 5562 4907 5561
f 5561 4907 4908
f 5561 4908 5560
f 5560 4908 4909
f 5560 4909 5559
f 5559 4909 4910
f 5559 4910 5558
f 5558 4910 4911
f 5558 4911 5557
f 5557 4911 4912
f 5557 4912 5556
f 5556 4912 4913
f 5556 4913 5555
f 5555 4913 4914
f 5555 4914 5554
f 5554 4914 4915
f 5554 4915 5553
f 5553 4915 4916
f 5553 4916 5552
f 5552 4916 4917
f 5552 4917 5551
f 5551 4917 4918
f 5551 4918 5550
f 5550 4918 4919
f 5550 4919 5549
f 5549 4919 4920
f 5549 4920 5548
f 5548 4920 4921
f 5548 4921 5547
f 5547 4921 4922
f 5547 4922 5546
f 5546 4922 4923
f 5546 4923 5545
f 5545 4923 4924
f 5545 4924 5544
f 5544 4924 4925
f 5544 4925 5543
f 5543 4925 4926
f 5543 4926 5542
f 5542 4926 4927
f 5542 4927 5541
f 5541 4927 4928
f 5541 4928 5540
f 5540 4928 4929
f 5540 4929 5539
f 5539 4929 4930
f 5539 4930 5538
f 5538 4930 4931
f 5538 4931 5537
f 5537 4931 4932
f 5537 4932 5536
f 5536 4932 4933
f 5536 4933 5535
f 5535 4933 4934
f 5535 4934 5534
f 5534 4934 4935
f 5534 4935 5533
f 5533 4935 4936
f 5533 4936 5532
f 5532 4936 4937
f 5532 4937 5531
f 5531 4937 4938
f 5531 4938 5530
f 5530 4938 4939
f 5530 4939 5529
f 5529 4939 4940
f 5529 4940 5528
f 5528 4940 4941
f 5528 4941 5527
f 5527 4941 4942
f 5527 4942 5526
f 5526 4942 4943
f 5526 4943 5525
f 5525 4943 4944
f 5525 4944 5524
f 5524 4944 4945
f 5524 4945 5523
f 5523 4945 4946
f 5523 4946 5522
f 5522 4946 4947
f 5522 4947 5521
f 5521 4947 4948
f 5521 4948 5520
f 5520 4948 4949
f 5520 4949 5519
f 5519 4949 4950
f 5519 4950 5518
f 5518 4950 4951
f 5518 4951 5517
f 5517 4951 4952
f 5517 4952 5516
f 5516 4952 4953
f 5516 4953 5515
f 5515 4953 4954
f 5515 4954 5514
f 5514 4954 4955
f 5514 4955 5513
f 5513 4955 4956
f 5513 4956 5512
f 5512 4956 4957
f 5512 4957 5511
f 5511 4957 4958
f 5511 4958 5510
f 5510 4958 4959
f 5510 4959 5509
f 5509 4959 4960
f 5509 4960 5508
f 5508 4960 4961
f 5508 4961 5507
f 5507 4961 4962
f 5507 4962 5506
f 5506 4962 4963
f 5506 4963 5505
f 5505 4963 4964
f 5505 4964 5504
f 5504 4964 4965
f 5504 4965 5503
f 5503 4965 4966
f 5503 4966 5502
f 5502 4966 4967
f 5502 4967 5501
f 5501 4967 4968
f 5501 4968 5500
f 5500 4968 4969
f 5500 4969 5499
f 5499 4969 4970
f 5499 4970 5498
f 5498 4970 4971
f 5498 4971 5497
f 5497 4971 4972
f 5497 4972 5496
f 5496 4972 4973
f 5496 4973 5495
f 5495 4973 4974
f 5495 4974 5494
f 5494 4974 4975
f 5494 4975 5493
f 5493 4975 4976
f 5493 4976 5492
f 5492 4976 4977
f 5492 4977 5491
f 5491 4977 4978
f 5491 4978 5490
f 5490 4978 4979
f 5490 4979 5489
f 5489 4979 4980
f 5489 4980 5488
f 5488 4980 4981
f 5488 4981 5487
f 5487 4981 4982
f 5487 4982 5486
f 5486 4982 4983
f 5486 4983 5485
f 5485 4983 4984
f 5485 4984 5484
f 5484 4984 4985
f 5484 4985 5483
f 5483 4985 4986
f 5483 4986 5482
f 5482 4986 4987
f 5482 4987 5481
f 5481 4987 4988
f 5481 4988 5480
f 5480 4988 4989
f 5480 4989 5479
f 5479 4989 4990
f 5479 4990 5478
f 5478 4990 4991
f 5478 4991 5477
f 5477 4991 4992
f 5477 4992 5476
f 5476 4992 4993
f 5476 4993 5475
f 5475 4993 4994
f 5475 4994 5474
f 5474 4994 4995
f 5474 4995 5473
f 5473 4995 4996
f 5473 4996 5472
f 5472 4996 4997
f 5472 4997 5471
f 5471 4997 4998
f 5471 4998 5470
f 5470 4998 4999
f 5470 4999 5469
f 5469 4999 5000
f 5469 5000 5468
f 5468 5000 5001
f 5468 5001 5467
f 5467 5001 5002
f 5467 5002 5466
f 5466 5002 5003
f 5466 5003 5465
f 5465 5003 5004
f 5465 5004 5464
f 5464 5004 5005
f 5464 5005 5463
f 5463 5005 5006
f 5463 5006 5462
f 5462 5006 5007
f 5462 5007 5461
f 5461 5007 5008
f 5461 5008 5460
f 5460 5008 5009
f 5460 5009 5459
f 5459 5009 5010
f 5459 5010 5458
f 5458 5010 5011
f 5458 5011 5457
f 5457 5011 5012
f 5457 5012 5456
f 5456 5012 5013
f 5456 5013 5455
f 5455 5013 5014
f 5455 5014 5454
f 5454 5014 5015
f 5454 5015 5453
f 5453 5015 5016
f 5453 5016 5452
f 5452 5016 5017
f 5452 5017 5451
f 5451 5017 5018
f 5451 5018 5450
f 5450 5018 5019
f 5450 5019 5449
f 5449 5019 5020
f 5449 5020 5448
f 5448 5020 5021
f 5448 5021 5447
f 5447 5021 5022
f 5447 5022 5446
f 5446 5022 5023
f 5446 5023 5445
f 5445 5023 5024
f 5445 5024 5444
f 5444 5024 5025
f 5444 5025 5443
f 5443 5025 5026
f 5443 5026 5442
f 5442 5026 5027
f 5442 5027 5441
f 5441 5027 5028
f 5441 5028 5440
f 5440 5028 5029
f 5440 5029 5439
f 5439 5029 5030
f 5439 5030 5438
f 5438 5030 5031
f 5438 5031 5437
f 5437 5031 5032
f 5437 5032 5436
f 5436 5032 5033
f 5436 5033 5435
f 5435 5033 5034
f 5435 5034 5434
f 5434 5034 5035
f 5434 5035 5433
f 5433 5035 5036
f 5433 5036 5432
f 5432 5036 5037
f 5432 5037 5431
f 5431 5037 5038
f 5431 5038 5430
f 5430 5038 5039
f 5430 5039 5429
f 5429 5039 5040
f 5429 5040 5428
f 5428 5040 5041
f 5428 5041 5427
f 5427 5041 5042
f 5427 5042 5426
f 5426 5042 5043
f 5426 5043 5425
f 5425 5043 5044
f 5425 5044 5424
f 5424 5044 5045
f 5424 5045 5423
f 5423 5045 5046
f 5423 5046 5422
f 5422 5046 5047
f 5422 5047 5421
f 5421 5047 5048
f 5421 5048 5420
f 5420 5048 5049
f 5420 5049 5419
f 5419 5049 5050
f 5419 5050 5418
f 5418 5050 5051
f 5418 5051 5417
f 5417 5051 5052
f 5417 5052 5416
f 5416 5052 5053
f 5416 5053 5415
f 5415 5053 5054
f 5415 5054 5414
f 5414 5054 5055
f 5414 5055 5413
f 5413 5055 5056
f 5413 5056 5412
f 5412 5056 5057
f 5412 5057 5411
f 5411 5057 5058
f 5411 5058 5410
f 5410 5058 5059
f 5410 5059 5409
f 5409 5059 5060
f 5409 5060 5408
f 5408 5060 5061
f 5408 5061 5407
f 5407 5061 5062
f 5407 5062 5406
f 5406 5062 5063
f 5406 5063 5405
f 5405 5063 5064
f 5405 5064 5404
f 5404 5064 5065
f 5404 5065 5403
f 5403 5065 5066
f 5403 5066 5402
f 5402 5066 5067
f 5402 5067 5401
f 5401 5067 5068
f 5401 5068 5400
f 5400 5068 5069
f 5400 5069 5399
f 5399 5069 5070
f 5399 5070 5398
f 5398 5070 5071
f 5398 5071 5397
f 5397 5071 5072
f 5397 5072 5396
f 5396 5072 5073
f 5396 5073 5395
f 5395 5073 5074
f 5395 5074 5394
f 5394 5074 5075
f 5394 5075 5393
f 5393 5075 5076
f 5393 5076 5392
f 5392 5076 5077
f 5392 5077 5391
f 5391 5077 5078
f 5391 5078 5390
f 5390 5078 5079
f 5390 5079 5389
f 5389 5079 5080
f 5389 5080 5388
f 5388 5080 5081
f 5388 5081 5387
f 5387 5081 5082
f 5387 5082 5386
f 5386 5082 5083
f 5386 5083 5385
f 5385 5083 5084
f 5385 5084 5384
f 5384 5084 5085
f 5384 5085 5383
f 5383 5085 5086
f 5383 5086 5382
f 5382 5086 5087
f 5382 5087 5381
f 5381 5087 5088
f 5381 5088 5380
f 5380 5088 5089
f 5380 5089 5379
f 5379 5089 5090
f 5379 5090 5378
f 5378 5090 5091
f 5378 5091 5377
f 5377 5091 5092
f 5377 5092 5376
f 5376 5092 5093
f 5376 5093 5375
f 5375 5093 5094
f 5375 5094 5374
f 5374 5094 5095
f 5374 5095 5373
f 5373 5095 5096
f 5373 5096 5372
f 5372 5096 5097
f 5372 5097 5371
f 5371 5097 5098
f 5371 5098 5370
f 5370 5098 5099
f 5370 5099 5369
f 5369 5099 5100
f 5369 5100 5368
f 5368 5100 5101
f 5368 5101 5367
f 5367 5101 5102
f 5367 5102 5366
f 5366 5102 5103
f 5366 5103 5365
f 5365 5103 5104
f 5365 5104 5364
f 5364 5104 5105
f 5364 5105 5363
f 5363 5105 5106
f 5363 5106 5362
f 5362 5106 5107
f 5362 5107 5361
f 5361 5107 5108
f 5361 5108 5360
f 5360 5108 5109
f 5360 5109 5359
f 5359 5109 5110
f 5359 5110 5358
f 5358 5110 5111
f 5358 5111 5357
f 5357 5111 5112
f 5357 5112 5356
f 5356 5112 5113
f 5356 5113 5355
f 5355 5113 5114
f 5355 5114 5354
f 5354 5114 5115
f 5354 5115 5353
f 5353 5115 5116
f 5353 5116 5352
f 5352 5116 5117
f 5352 5117 5351
f 5351 5117 5118
f 5351 5118 5350
f 5350 5118 5119
f 5350 5119 5349
f 5349 5119 5120
f 5349 5120 5348
f 5348 5120 5121
f 5348 5121 5347
f 5347 5121 5122
f 5347 5122 5346
f 5346 5122 5123
f 5346 5123 5345
f 5345 5123 5124
f 5345 5124 5344
f 5344 5124 5125
f 5344 5125 5343
f 5343 5125 5126
f 5343 5126 5342
f 5342 5126 5127
f 5342 5127 5341
f 5341 5127 5128
f 5341 5128 5340
f 5340 5128 5129
f 5340 5129 5339
f 5339 5129 5130
f 5339 5130 5338
f 5338 5130 5131
f 5338 5131 5337
f 5337 5131 5132
f 5337 5132 5336
f 5336 5132 5133
f 5336 5133 5335
f 5335 5133 5134
f 5335 5134 5334
f 5334 5134 5135
f 5334 5135 5333
f 5333 5135 5136
f 5333 5136 5332
f 5332 5136 5137
f 5332 5137 5331
f 5331 5137 5138
f 5331 5138 5330
f 5330 5138 5139
f 5330 5139 5329
f 5329 5139 5140
f 5329 5140 5328
f 5328 5140 5141
f 5328 5141 5327
f 5327 5141 5142
f 5327 5142 5326
f 5326 5142 5143
f 5326 5143 5325
f 5325 5143 5144
f 5325 5144 5324
f 5324 5144 5145
f 5324 5145 5323
f 5323 5145 5146
f 5323 5146 5322
f 5322 5146 5147
f 5322 5147 5321
f 5321 5147 5148
f 5321 5148 5320
f 5320 5148 5149
f 5320 5149 5319
f 5319 5149 5150
f 5319 5150 5318
f 5318 5150 5151
f 5318 5151 5317
f 5317 5151 5152
f 5317 5152 5316
f 5316 5152 5153
f 5316 5153 5315
f 5315 5153 5154
f 5315 5154 5314
f 5314 5154 5155
f 5314 5155 5313
f 5313 5155 5156
f 5313 5156 5312
f 5312 5156 5157
f 5312 5157 5311
f 5311 5157 5158
f 5311 5158 5310
f 5310 5158 5159
f 5310 5159 5309
f 5309 5159 5160
f 5309 5160 5308
f 5308 5160 5161
f 5308 5161 5307
f 5307 5161 5162
f 5307 5162 5306
f 5306 5162 5163
f 5306 5163 5305
f 5305 5163 5164
f 5305 5164 5304
f 5304 5164 5165
f 5304 5165 5303
f 5303 5165 5166
f 5303 5166 5302
f 5302 5166 5167
f 5302 5167 5301
f 5301 5167 5168
f 5301 5168 5300
f 5300 5168 5169
f 5300 5169 5299
f 5299 5169 5170
f 5299 5170 5298
f 5298 5170 5171
f 5298 5171 5297
f 5297 5171 5172
f 5297 5172 5296
f 5296 5172 5173
f 5296 5173 5295
f 5295 5173 5174
f 5295 5174 5294
f 5294 5174 5175
f 5294 5175 5293
f 5293 5175 5176
f 5293 5176 5292
f 5292 5176 5177
f 5292 5177 5291
f 5291 5177 5178
f 5291 5178 5290
f 5290 5178 5179
f 5290 5179 5289
f 5289 5179 5180
f 5289 5180 5288
f 5288 5180 5181
f 5288 5181 5287
f 5287 5181 5182
f 5287 5182 5286
f 5286 5182 5183
f 5286 5183 5285
f 5285 5183 5184
f 5285 5184 5284
f 5284 5184 5185
f 5284 5185 5283
f 5283 5185 5186
f 5283 5186 5282
f 5282 5186 5187
f 5282 5187 5281
f 5281 5187 5188
f 5281 5188 5280
f 5280 5188 5189
f 5280 5189 5279
f 5279 5189 5190
f 5279 5190 5278
f 5278 5190 5191
f 5278 5191 5277
f 5277 5191 5192
f 5277 5192 5276
f 5276 5192 5193
f 5276 5193 5275
f 5275 5193 5194
f 5275 5194 5274
f 5274 5194 5195
f 5274 5195 5273
f 5273 5195 5196
f 5273 5196 5272
f 5272 5196 5197
f 5272 5197 5271
f 5271 5197 5198
f 5271 5198 5270
f 5270 5198 5199
f 5270 5199 5269
f 5269 5199 5200
f 5269 5200 5268
f 5268 5200 5201
f 5268 5201 5267
f 5267 5201 5202
f 5267 5202 5266
f 5266 5202 5203
f 5266 5203 5265
f 5265 5203 5204
f 5265 5204 5264
f 5264 5204 5205
f 5264 5205 5263
f 5263 5205 5206
f 5263 5206 5262
f 5262 5206 5207
f 5262 5207 5261
f 5261 5207 5208
f 5261 5208 5260
f 5260 5208 5209
f 5260 5209 5259
f 5259 5209 5210
f 5259 5210 5258
f 5258 5210 5211
f 5258 5211 5257
f 5257 5211 5212
f 5257 5212 5256
f 5256 5212 5213
f 5256 5213 5255
f 5255 5213 5214
f 5255 5214 5254
f 5254 5214 5215
f 5254 5215 5253
f 5253 5215 5216
f 5253 5216 5252
f 5252 5216 5217
f 5252 5217 5251
f 5251 5217 5218
f 5251 5218 5250
f 5250 5218 5219
f 5250 5219 5249
f 5249 5219 5220
f 5249 5220 5248
f 5248 5220 5221
f 5248 5221 5247
f 5247 5221 5246
f 5246 5221 5222
f 5246 5222 5245
f 5245 5222 5223
f 5245 5223 5244
f 5244 5223 5224
f 5244 5224 5243
f 5243 5224 5225
f 5243 5225 5242
f 5242 5225 5226
f 5242 5226 5241
f 5241 5226 5227
f 5241 5227 5240
f 5240 5227 5239
f 5239 5227 5228
f 5239 5228 5238
f 5238 5228 5229
f 5238 5229 5237
f 5237 5229 5230
f 5237 5230 5236
f 5236 5230 5231
f 5236 5231 5235
f 5235 5231 5232
f 5235 5232 5234
f 5234 5232 5233
f 6274 8320 6273
f 6273 8320 8321
f 6273 8321 8330
f 8330 8321 8322
f 8330 8322 8329
f 8329 8322 8323
f 8329 8323 8328
f 8328 8323 8324
f 8328 8324 8327
f 8327 8324 8325
f 8327 8325 8326
f 8320 6274 8319
f 8319 6274 6275
f 8319 6275 8318
f 8318 6275 6276
f 8318 6276 8317
f 8317 6276 6277
f 8317 6277 8316
f 8316 6277 6278
f 8316 6278 8315
f 8315 6278 6279
f 8315 6279 8314
f 8314 6279 6280
f 8314 6280 8313
f 8313 6280 6281
f 8313 6281 8312
f 8312 6281 6282
f 8312 6282 8311
f 8311 6282 6283
f 8311 6283 8310
f 8310 6283 6284
f 8310 6284 8309
f 8309 6284 6285
f 8309 6285 8308
f 8308 6285 6286
f 8308 6286 8307
f 8307 6286 6287
f 8307 6287 8306
f 8306 6287 6288
f 8306 6288 8305
f 8305 6288 6289
f 8305 6289 8304
f 8304 6289 6290
f 8304 6290 8303
f 8303 6290 6291
f 8303 6291 8302
f 8302 6291 6292
f 8302 6292 8301
f 8301 6292 6293
f 8301 6293 8300
f 8300 6293 6294
f 8300 6294 8299
f 8299 6294 6295
f 8299 6295 8298
f 8298 6295 6296
f 8298 6296 8297
f 8297 6296 6297
f 8297 6297 8296
f 8296 6297 6298
f 8296 6298 8295
f 8295 6298 6299
f 8295 6299 8294
f 8294 6299 8351
f 8294 8351 8293
f 8350 6300 6301
f 8350 6301 8292
f 8292 6301 6302
f 8292 6302 8291
f 8291 6302 6303
f 8291 6303 8290
f 8290 6303 6304
f 8290 6304 8289
f 8289 6304 6305
f 8289 6305 8288
f 8288 6305 6306
f 8288 6306 8287
f 8287 6306 6307
f 8287 6307 8286
f 8286 6307 6308
f 8286 6308 8285
f 8285 6308 6309
f 8285 6309 8284
f 8284 6309 6310
f 8284 6310 8283
f 8283 6310 6311
f 8283 6311 8282
f 8282 6311 6312
f 8282 6312 8281
f 8281 6312 6313
f 8281 6313 8280
f 8280 6313 6314
f 8280 6314 8279
f 8279 6314 6315
f 8279 6315 8278
f 8278 6315 6316
f 8278 6316 8277
f 8277 6316 6317
f 8277 6317 8276
f 8276 6317 6318
f 8276 6318 8275
f 8275 6318 6319
f 8275 6319 8274
f 8274 6319 6320
f 8274 6320 8273
f 8273 6320 6321
f 8273 6321 8272
f 8272 6321 6322
f 8272 6322 8271
f 8271 6322 6323
f 8271 6323 8270
f 8270 6323 6324
f 8270 6324 8269
f 8269 6324 6325
f 8269 6325 8268
f 8268 6325 6326
f 8268 6326 8267
f 8267 6326 6327
f 8267 6327 8266
f 8266 6327 6328
f 8266 6328 8265
f 8265 6328 6329
f 8265 6329 8264
f 8264 6329 6330
f 8264 6330 8263
f 8263 6330 6331
f 8263 6331 8262
f 8262 6331 6332
f 8262 6332 8261
f 8261 6332 6333
f 8261 6333 8260
f 8260 6333 6334
f 8260 6334 8259
f 8259 6334 6335
f 8259 6335 8258
f 8258 6335 6336
f 8258 6336 8257
f 8257 6336 6337
f 8257 6337 8256
f 8256 6337 6338
f 8256 6338 8255
f 8255 6338 6339
f 8255 6339 8254
f 8254 6339 6340
f 8254 6340 8253
f 8253 6340 8352
f 8253 8352 8252
f 8349 6341 6342
f 8349 6342 8251
f 8251 6342 6343
f 8251 6343 8250
f 8250 6343 6344
f 8250 6344 8249
f 8249 6344 6345
f 8249 6345 8248
f 8248 6345 6346
f 8248 6346 8247
f 8247 6346 6347
f 8247 6347 8246
f 8246 6347 6348
f 8246 6348 8245
f 8245 6348 6349
f 8245 6349 8244
f 8244 6349 6350
f 8244 6350 8243
f 8243 6350 6351
f 8243 6351 8242
f 8242 6351 6352
f 8242 6352 8241
f 8241 6352 6353
f 8241 6353 8240
f 8240 6353 6354
f 8240 6354 8239
f 8239 6354 6355
f 8239 6355 8238
f 8238 6355 6356
f 8238 6356 8237
f 8237 6356 6357
f 8237 6357 8236
f 8236 6357 6358
f 8236 6358 8235
f 8235 6358 6359
f 8235 6359 8234
f 8234 6359 6360
f 8234 6360 8233
f 8233 6360 6361
f 8233 6361 8232
f 8232 6361 6362
f 8232 6362 8231
f 8231 6362 6363
f 8231 6363 8230
f 8230 6363 6364
f 8230 6364 8229
f 8229 6364 6365
f 8229 6365 8228
f 8228 6365 6366
f 8228 6366 8227
f 8227 6366 6367
f 8227 6367 8226
f 8226 6367 6368
f 8226 6368 8225
f 8225 6368 6369
f 8225 6369 8224
f 8224 6369 6370
f 8224 6370 8223
f 8223 6370 6371
f 8223 6371 8222
f 8222 6371 6372
f 8222 6372 8221
f 8221 6372 6373
f 8221 6373 8220
f 8220 6373 6374
f 8220 6374 8219
f 8219 6374 6375
f 8219 6375 8218
f 8218 6375 6376
f 8218 6376 8217
f 8217 6376 6377
f 8217 6377 8216
f 8216 6377 6378
f 8216 6378 8215
f 8215 6378 6379
f 8215 6379 8214
f 8214 6379 6380
f 8214 6380 8213
f 8213 6380 6381
f 8213 6381 8212
f 8212 6381 8353
f 8212 8353 8211
f 8348 6382 6383
f 8348 6383 8210
f 8210 6383 6384
f 8210 6384 8209
f 8209 6384 6385
f 8209 6385 8208
f 8208 6385 6386
f 8208 6386 8207
f 8207 6386 6387
f 8207 6387 8206
f 8206 6387 6388
f 8206 6388 8205
f 8205 6388 6389
f 8205 6389 8204
f 8204 6389 6390
f 8204 6390 8203
f 8203 6390 6391
f 8203 6391 8202
f 8202 6391 6392
f 8202 6392 8201
f 8201 6392 6393
f 8201 6393 8200
f 8200 6393 6394
f 8200 6394 8199
f 8199 6394 6395
f 8199 6395 8198
f 8198 6395 6396
f 8198 6396 8197
f 8197 6396 6397
f 8197 6397 8196
f 8196 6397 6398
f 8196 6398 8195
f 8195 6398 6399
f 8195 6399 8194
f 8194 6399 6400
f 8194 6400 8193
f 8193 6400 6401
f 8193 6401 8192
f 8192 6401 6402
f 8192 6402 8191
f 8191 6402 6403
f 8191 6403 8190
f 8190 6403 6404
f 8190 6404 8189
f 8189 6404 6405
f 8189 6405 8188
f 8188 6405 6406
f 8188 6406 8187
f 8187 6406 6407
f 8187 6407 8186
f 8186 6407 6408
f 8186 6408 8185
f 8185 6408 6409
f 8185 6409 8184
f 8184 6409 6410
f 8184 6410 8183
f 8183 6410 6411
f 8183 6411 8182
f 8182 6411 6412
f 8182 6412 8181
f 8181 6412 6413
f 8181 6413 8180
f 8180 6413 6414
f 8180 6414 8179
f 8179 6414 6415
f 8179 6415 8178
f 8178 6415 6416
f 8178 6416 8177
f 8177 6416 6417
f 8177 6417 8176
f 8176 6417 6418
f 8176 6418 8175
f 8175 6418 6419
f 8175 6419 8174
f 8174 6419 6420
f 8174 6420 8173
f 8173 6420 6421
f 8173 6421 8172
f 8172 6421 6422
f 8172 6422 8171
f 8171 6422 8354
f 8171 8354 8170
f 8347 6423 6424
f 8347 6424 8169
f 8169 6424 6425
f 8169 6425 8168
f 8168 6425 6426
f 8168 6426 8167
f 8167 6426 6427
f 8167 6427 8166
f 8166 6427 6428
f 8166 6428 8165
f 8165 6428 6429
f 8165 6429 8164
f 8164 6429 6430
f 8164 6430 8163
f 8163 6430 6431
f 8163 6431 8162
f 8162 6431 6432
f 8162 6432 8161
f 8161 6432 6433
f 8161 6433 8160
f 8160 6433 6434
f 8160 6434 8159
f 8159 6434 6435
f 8159 6435 8158
f 8158 6435 6436
f 8158 6436 8157
f 8157 6436 6437
f 8157 6437 8156
f 8156 6437 6438
f 8156 6438 8155
f 8155 6438 6439
f 8155 6439 8154
f 8154 6439 6440
f 8154 6440 8153
f 8153 6440 6441
f 8153 6441 8152
f 8152 6441 6442
f 8152 6442 8151
f 8151 6442 6443
f 8151 6443 8150
f 8150 6443 6444
f 8150 6444 8149
f 8149 6444 6445
f 8149 6445 8148
f 8148 6445 6446
f 8148 6446 8147
f 8147 6446 6447
f 8147 6447 8146
f 8146 6447 6448
f 8146 6448 8145
f 8145 6448 6449
f 8145 6449 8144
f 8144 6449 6450
f 8144 6450 8143
f 8143 6450 6451
f 8143 6451 8142
f 8142 6451 6452
f 8142 6452 8141
f 8141 6452 6453
f 8141 6453 8140
f 8140 6453 6454
f 8140 6454 8139
f 8139 6454 6455
f 8139 6455 8138
f 8138 6455 6456
f 8138 6456 8137
f 8137 6456 6457
f 8137 6457 8136
f 8136 6457 6458
f 8136 6458 8135
f 8135 6458 6459
f 8135 6459 8134
f 8134 6459 6460
f 8134 6460 8133
f 8133 6460 6461
f 8133 6461 8132
f 8132 6461 6462
f 8132 6462 8131
f 8131 6462 6463
f 8131 6463 8130
f 8130 6463 8355
f 8130 8355 8129
f 8346 6464 6465
f 8346 6465 8128
f 8128 6465 6466
f 8128 6466 8127
f 8127 6466 6467
f 8127 6467 8126
f 8126 6467 6468
f 8126 6468 8125
f 8125 6468 6469
f 8125 6469 8124
f 8124 6469 6470
f 8124 6470 8123
f 8123 6470 6471
f 8123 6471 8122
f 8122 6471 6472
f 8122 6472 8121
f 8121 6472 6473
f 8121 6473 8120
f 8120 6473 6474
f 8120 6474 8119
f 8119 6474 6475
f 8119 6475 8118
f 8118 6475 6476
f 8118 6476 8117
f 8117 6476 6477
f 8117 6477 8116
f 8116 6477 6478
f 8116 6478 8115
f 8115 6478 6479
f 8115 6479 8114
f 8114 6479 6480
f 8114 6480 8113
f 8113 6480 6481
f 8113 6481 8112
f 8112 6481 6482
f 8112 6482 8111
f 8111 6482 6483
f 8111 6483 8110
f 8110 6483 6484
f 8110 6484 8109
f 8109 6484 6485
f 8109 6485 8108
f 8108 6485 6486
f 8108 6486 8107
f 8107 6486 6487
f 8107 6487 8106
f 8106 6487 6488
f 8106 6488 8105
f 8105 6488 6489
f 8105 6489 8104
f 8104 6489 6490
f 8104 6490 8103
f 8103 6490 6491
f 8103 6491 8102
f 8102 6491 6492
f 8102 6492 8101
f 8101 6492 6493
f 8101 6493 8100
f 8100 6493 6494
f 8100 6494 8099
f 8099 6494 6495
f 8099 6495 8098
f 8098 6495 6496
f 8098 6496 8097
f 8097 6496 6497
f 8097 6497 8096
f 8096 6497 6498
f 8096 6498 8095
f 8095 6498 6499
f 8095 6499 8094
f 8094 6499 6500
f 8094 6500 8093
f 8093 6500 6501
f 8093 6501 8092
f 8092 6501 6502
f 8092 6502 8091
f 8091 6502 6503
f 8091 6503 8090
f 8090 6503 6504
f 8090 6504 8089
f 8089 6504 8356
f 8089 8356 8088
f 8345 6505 6506
f 8345 6506 8087
f 8087 6506 6507
f 8087 6507 8086
f 8086 6507 6508
f 8086 6508 8085
f 8085 6508 6509
f 8085 6509 8084
f 8084 6509 6510
f 8084 6510 8083
f 8083 6510 6511
f 8083 6511 8082
f 8082 6511 6512
f 8082 6512 8081
f 8081 6512 6513
f 8081 6513 8080
f 8080 6513 6514
f 8080 6514 8079
f 8079 6514 6515
f 8079 6515 8078
f 8078 6515 6516
f 8078 6516 8077
f 8077 6516 6517
f 8077 6517 8076
f 8076 6517 6518
f 8076 6518 8075
f 8075 6518 6519
f 8075 6519 8074
f 8074 6519 6520
f 8074 6520 8073
f 8073 6520 6521
f 8073 6521 8072
f 8072 6521 6522
f 8072 6522 8071
f 8071 6522 6523
f 8071 6523 8070
f 8070 6523 6524
f 8070 6524 8069
f 8069 6524 6525
f 8069 6525 8068
f 8068 6525 6526
f 8068 6526 8067
f 8067 6526 6527
f 8067 6527 8066
f 8066 6527 6528
f 8066 6528 8065
f 8065 6528 6529
f 8065 6529 8064
f 8064 6529 6530
f 8064 6530 8063
f 8063 6530 6531
f 8063 6531 8062
f 8062 6531 6532
f 8062 6532 8061
f 8061 6532 6533
f 8061 6533 8060
f 8060 6533 6534
f 8060 6534 8059
f 8059 6534 6535
f 8059 6535 8058
f 8058 6535 6536
f 8058 6536 8057
f 8057 6536 6537
f 8057 6537 8056
f 8056 6537 6538
f 8056 6538 8055
f 8055 6538 6539
f 8055 6539 8054
f 8054 6539 6540
f 8054 6540 8053
f 8053 6540 6541
f 8053 6541 8052
f 8052 6541 6542
f 8052 6542 8051
f 8051 6542 6543
f 8051 6543 8050
f 8050 6543 6544
f 8050 6544 8049
f 8049 6544 6545
f 8049 6545 8048
f 8048 6545 8357
f 8048 8357 8047
f 8344 6546 6547
f 8344 6547 8046
f 8046 6547 6548
f 8046 6548 8045
f 8045 6548 6549
f 8045 6549 8044
f 8044 6549 6550
f 8044 6550 8043
f 8043 6550 6551
f 8043 6551 8042
f 8042 6551 6552
f 8042 6552 8041
f 8041 6552 6553
f 8041 6553 8040
f 8040 6553 6554
f 8040 6554 8039
f 8039 6554 6555
f 8039 6555 8038
f 8038 6555 6556
f 8038 6556 8037
f 8037 6556 6557
f 8037 6557 8036
f 8036 6557 6558
f 8036 6558 8035
f 8035 6558 6559
f 8035 6559 8034
f 8034 6559 6560
f 8034 6560 8033
f 8033 6560 6561
f 8033 6561 8032
f 8032 6561 6562
f 8032 6562 8031
f 8031 6562 6563
f 8031 6563 8030
f 8030 6563 6564
f 8030 6564 8029
f 8029 6564 6565
f 8029 6565 8028
f 8028 6565 6566
f 8028 6566 8027
f 8027 6566 6567
f 8027 6567 8026
f 8026 6567 6568
f 8026 6568 8025
f 8025 6568 6569
f 8025 6569 8024
f 8024 6569 6570
f 8024 6570 8023
f 8023 6570 6571
f 8023 6571 8022
f 8022 6571 6572
f 8022 6572 8021
f 8021 6572 6573
f 8021 6573 8020
f 8020 6573 6574
f 8020 6574 8019
f 8019 6574 6575
f 8019 6575 8018
f 8018 6575 6576
f 8018 6576 8017
f 8017 6576 6577
f 8017 6577 8016
f 8016 6577 6578
f 8016 6578 8015
f 8015 6578 6579
f 8015 6579 8014
f 8014 6579 6580
f 8014 6580 8013
f 8013 6580 6581
f 8013 6581 8012
f 8012 6581 6582
f 8012 6582 8011
f 8011 6582 6583
f 8011 6583 8010
f 8010 6583 6584
f 8010 6584 8009
f 8009 6584 6585
f 8009 6585 8008
f 8008 6585 6586
f 8008 6586 8007
f 8007 6586 8358
f 8007 8358 8006
f 8343 6587 6588
f 8343 6588 8005
f 8005 6588 6589
f 8005 6589 8004
f 8004 6589 6590
f 8004 6590 8003
f 8003 6590 6591
f 8003 6591 8002
f 8002 6591 6592
f 8002 6592 8001
f 8001 6592 6593
f 8001 6593 8000
f 8000 6593 6594
f 8000 6594 7999
f 7999 6594 6595
f 7999 6595 7998
f 7998 6595 6596
f 7998 6596 7997
f 7997 6596 6597
f 7997 6597 7996
f 7996 6597 6598
f 7996 6598 7995
f 7995 6598 6599
f 7995 6599 7994
f 7994 6599 6600
f 7994 6600 7993
f 7993 6600 6601
f 7993 6601 7992
f 7992 6601 6602
f 7992 6602 7991
f 7991 6602 6603
f 7991 6603 7990
f 7990 6603 6604
f 7990 6604 7989
f 7989 6604 6605
f 7989 6605 7988
f 7988 6605 6606
f 7988 6606 7987
f 7987 6606 6607
f 7987 6607 7986
f 7986 6607 6608
f 7986 6608 7985
f 7985 6608 6609
f 7985 6609 7984
f 7984 6609 6610
f 7984 6610 7983
f 7983 6610 6611
f 7983 6611 7982
f 7982 6611 6612
f 7982 6612 7981
f 7981 6612 6613
f 7981 6613 7980
f 7980 6613 6614
f 7980 6614 7979
f 7979 6614 6615
f 7979 6615 7978
f 7978 6615 6616
f 7978 6616 7977
f 7977 6616 6617
f 7977 6617 7976
f 7976 6617 6618
f 7976 6618 7975
f 7975 6618 6619
f 7975 6619 7974
f 7974 6619 6620
f 7974 6620 7973
f 7973 6620 6621
f 7973 6621 7972
f 7972 6621 6622
f 7972 6622 7971
f 7971 6622 6623
f 7971 6623 7970
f 7970 6623 6624
f 7970 6624 7969
f 7969 6624 6625
f 7969 6625 7968
f 7968 6625 6626
f 7968 6626 7967
f 7967 6626 6627
f 7967 6627 7966
f 7966 6627 8359
f 7966 8359 7965
f 8342 6628 6629
f 8342 6629 7964
f 7964 6629 6630
f 7964 6630 7963
f 7963 6630 6631
f 7963 6631 7962
f 7962 6631 6632
f 7962 6632 7961
f 7961 6632 6633
f 7961 6633 7960
f 7960 6633 6634
f 7960 6634 7959
f 7959 6634 6635
f 7959 6635 7958
f 7958 6635 6636
f 7958 6636 7957
f 7957 6636 6637
f 7957 6637 7956
f 7956 6637 6638
f 7956 6638 7955
f 7955 6638 6639
f 7955 6639 7954
f 7954 6639 6640
f 7954 6640 7953
f 7953 6640 6641
f 7953 6641 7952
f 7952 6641 6642
f 7952 6642 7951
f 7951 6642 6643
f 7951 6643 7950
f 7950 6643 6644
f 7950 6644 7949
f 7949 6644 6645
f 7949 6645 7948
f 7948 6645 6646
f 7948 6646 7947
f 7947 6646 6647
f 7947 6647 7946
f 7946 6647 6648
f 7946 6648 7945
f 7945 6648 6649
f 7945 6649 7944
f 7944 6649 6650
f 7944 6650 7943
f 7943 6650 6651
f 7943 6651 7942
f 7942 6651 6652
f 7942 6652 7941
f 7941 6652 6653
f 7941 6653 7940
f 7940 6653 6654
f 7940 6654 7939
f 7939 6654 6655
f 7939 6655 7938
f 7938 6655 6656
f 7938 6656 7937
f 7937 6656 6657
f 7937 6657 7936
f 7936 6657 6658
f 7936 6658 7935
f 7935 6658 6659
f 7935 6659 7934
f 7934 6659 6660
f 7934 6660 7933
f 7933 6660 6661
f 7933 6661 7932
f 7932 6661 6662
f 7932 6662 7931
f 7931 6662 6663
f 7931 6663 7930
f 7930 6663 6664
f 7930 6664 7929
f 7929 6664 6665
f 7929 6665 7928
f 7928 6665 6666
f 7928 6666 7927
f 7927 6666 6667
f 7927 6667 7926
f 7926 6667 6668
f 7926 6668 7925
f 7925 6668 8360
f 7925 8360 7924
f 8341 6669 6670
f 8341 6670 7923
f 7923 6670 6671
f 7923 6671 7922
f 7922 6671 6672
f 7922 6672 7921
f 7921 6672 6673
f 7921 6673 7920
f 7920 6673 6674
f 7920 6674 7919
f 7919 6674 6675
f 7919 6675 7918
f 7918 6675 6676
f 7918 6676 7917
f 7917 6676 6677
f 7917 6677 7916
f 7916 6677 6678
f 7916 6678 7915
f 7915 6678 6679
f 7915 6679 7914
f 7914 6679 6680
f 7914 6680 7913
f 7913 6680 6681
f 7913 6681 7912
f 7912 6681 6682
f 7912 6682 7911
f 7911 6682 6683
f 7911 6683 7910
f 7910 6683 6684
f 7910 6684 7909
f 7909 6684 6685
f 7909 6685 7908
f 7908 6685 6686
f 7908 6686 7907
f 7907 6686 6687
f 7907 6687 7906
f 7906 6687 6688
f 7906 6688 7905
f 7905 6688 6689
f 7905 6689 7904
f 7904 6689 6690
f 7904 6690 7903
f 7903 6690 6691
f 7903 6691 7902
f 7902 6691 6692
f 7902 6692 7901
f 7901 6692 6693
f 7901 6693 7900
f 7900 6693 6694
f 7900 6694 7899
f 7899 6694 6695
f 7899 6695 7898
f 7898 6695 6696
f 7898 6696 7897
f 7897 6696 6697
f 7897 6697 7896
f 7896 6697 6698
f 7896 6698 7895
f 7895 6698 6699
f 7895 6699 7894
f 7894 6699 6700
f 7894 6700 7893
f 7893 6700 6701
f 7893 6701 7892
f 7892 6701 6702
f 7892 6702 7891
f 7891 6702 6703
f 7891 6703 7890
f 7890 6703 6704
f 7890 6704 7889
f 7889 6704 6705
f 7889 6705 7888
f 7888 6705 6706
f 7888 6706 7887
f 7887 6706 6707
f 7887 6707 7886
f 7886 6707 6708
f 7886 6708 7885
f 7885 6708 6709
f 7885 6709 7884
f 7884 6709 8361
f 7884 8361 7883
f 8340 6710 6711
f 8340 6711 7882
f 7882 6711 6712
f 7882 6712 7881
f 7881 6712 6713
f 7881 6713 7880
f 7880 6713 6714
f 7880 6714 7879
f 7879 6714 6715
f 7879 6715 7878
f 7878 6715 6716
f 7878 6716 7877
f 7877 6716 6717
f 7877 6717 7876
f 7876 6717 6718
f 7876 6718 7875
f 7875 6718 6719
f 7875 6719 7874
f 7874 6719 6720
f 7874 6720 7873
f 7873 6720 6721
f 7873 6721 7872
f 7872 6721 6722
f 7872 6722 7871
f 7871 6722 6723
f 7871 6723 7870
f 7870 6723 6724
f 7870 6724 7869
f 7869 6724 6725
f 7869 6725 7868
f 7868 6725 6726
f 7868 6726 7867
f 7867 6726 6727
f 7867 6727 7866
f 7866 6727 6728
f 7866 6728 7865
f 7865 6728 6729
f 7865 6729 7864
f 7864 6729 6730
f 7864 6730 7863
f 7863 6730 6731
f 7863 6731 7862
f 7862 6731 6732
f 7862 6732 7861
f 7861 6732 6733
f 7861 6733 7860
f 7860 6733 6734
f 7860 6734 7859
f 7859 6734 6735
f 7859 6735 7858
f 7858 6735 6736
f 7858 6736 7857
f 7857 6736 6737
f 7857 6737 7856
f 7856 6737 6738
f 7856 6738 7855
f 7855 6738 6739
f 7855 6739 7854
f 7854 6739 6740
f 7854 6740 7853
f 7853 6740 6741
f 7853 6741 7852
f 7852 6741 6742
f 7852 6742 7851
f 7851 6742 6743
f 7851 6743 7850
f 7850 6743 6744
f 7850 6744 7849
f 7849 6744 6745
f 7849 6745 7848
f 7848 6745 6746
f 7848 6746 7847
f 7847 6746 6747
f 7847 6747 7846
f 7846 6747 6748
f 7846 6748 7845
f 7845 6748 6749
f 7845 6749 7844
f 7844 6749 6750
f 7844 6750 7843
f 7843 6750 8362
f 7843 8362 7842
f 8339 6751 6752
f 8339 6752 7841
f 7841 6752 6753
f 7841 6753 7840
f 7840 6753 6754
f 7840 6754 7839
f 7839 6754 6755
f 7839 6755 7838
f 7838 6755 6756
f 7838 6756 7837
f 7837 6756 6757
f 7837 6757 7836
f 7836 6757 6758
f 7836 6758 7835
f 7835 6758 6759
f 7835 6759 7834
f 7834 6759 6760
f 7834 6760 7833
f 7833 6760 6761
f 7833 6761 7832
f 7832 6761 6762
f 7832 6762 7831
f 7831 6762 6763
f 7831 6763 7830
f 7830 6763 6764
f 7830 6764 7829
f 7829 6764 6765
f 7829 6765 7828
f 7828 6765 6766
f 7828 6766 7827
f 7827 6766 6767
f 7827 6767 7826
f 7826 6767 6768
f 7826 6768 7825
f 7825 6768 6769
f 7825 6769 7824
f 7824 6769 6770
f 7824 6770 7823
f 7823 6770 6771
f 7823 6771 7822
f 7822 6771 6772
f 7822 6772 7821
f 7821 6772 6773
f 7821 6773 7820
f 7820 6773 6774
f 7820 6774 7819
f 7819 6774 6775
f 7819 6775 7818
f 7818 6775 6776
f 7818 6776 7817
f 7817 6776 6777
f 7817 6777 7816
f 7816 6777 6778
f 7816 6778 7815
f 7815 6778 6779
f 7815 6779 7814
f 7814 6779 6780
f 7814 6780 7813
f 7813 6780 6781
f 7813 6781 7812
f 7812 6781 6782
f 7812 6782 7811
f 7811 6782 6783
f 7811 6783 7810
f 7810 6783 6784
f 7810 6784 7809
f 7809 6784 6785
f 7809 6785 7808
f 7808 6785 6786
f 7808 6786 7807
f 7807 6786 6787
f 7807 6787 7806
f 7806 6787 6788
f 7806 6788 7805
f 7805 6788 6789
f 7805 6789 7804
f 7804 6789 6790
f 7804 6790 7803
f 7803 6790 6791
f 7803 6791 7802
f 7802 6791 8363
f 7802 8363 7801
f 8338 6792 6793
f 8338 6793 7800
f 7800 6793 6794
f 7800 6794 7799
f 7799 6794 6795
f 7799 6795 7798
f 7798 6795 6796
f 7798 6796 7797
f 7797 6796 6797
f 7797 6797 7796
f 7796 6797 6798
f 7796 6798 7795
f 7795 6798 6799
f 7795 6799 7794
f 7794 6799 6800
f 7794 6800 7793
f 7793 6800 6801
f 7793 6801 7792
f 7792 6801 6802
f 7792 6802 7791
f 7791 6802 6803
f 7791 6803 7790
f 7790 6803 6804
f 7790 6804 7789
f 7789 6804 6805
f 7789 6805 7788
f 7788 6805 6806
f 7788 6806 7787
f 7787 6806 6807
f 7787 6807 7786
f 7786 6807 6808
f 7786 6808 7785
f 7785 6808 6809
f 7785 6809 7784
f 7784 6809 6810
f 7784 6810 7783
f 7783 6810 6811
f 7783 6811 7782
f 7782 6811 6812
f 7782 6812 7781
f 7781 6812 6813
f 7781 6813 7780
f 7780 6813 6814
f 7780 6814 7779
f 7779 6814 6815
f 7779 6815 7778
f 7778 6815 6816
f 7778 6816 7777
f 7777 6816 6817
f 7777 6817 7776
f 7776 6817 6818
f 7776 6818 7775
f 7775 6818 6819
f 7775 6819 7774
f 7774 6819 6820
f 7774 6820 7773
f 7773 6820 6821
f 7773 6821 7772
f 7772 6821 6822
f 7772 6822 7771
f 7771 6822 6823
f 7771 6823 7770
f 7770 6823 6824
f 7770 6824 7769
f 7769 6824 6825
f 7769 6825 7768
f 7768 6825 6826
f 7768 6826 7767
f 7767 6826 6827
f 7767 6827 7766
f 7766 6827 6828
f 7766 6828 7765
f 7765 6828 6829
f 7765 6829 7764
f 7764 6829 6830
f 7764 6830 7763
f 7763 6830 6831
f 7763 6831 7762
f 7762 6831 6832
f 7762 6832 7761
f 7761 6832 8364
f 7761 8364 7760
f 8337 6833 6834
f 8337 6834 7759
f 7759 6834 6835
f 7759 6835 7758
f 7758 6835 6836
f 7758 6836 7757
f 7757 6836 6837
f 7757 6837 7756
f 7756 6837 6838
f 7756 6838 7755
f 7755 6838 6839
f 7755 6839 7754
f 7754 6839 6840
f 7754 6840 7753
f 7753 6840 6841
f 7753 6841 7752
f 7752 6841 6842
f 7752 6842 7751
f 7751 6842 6843
f 7751 6843 7750
f 7750 6843 6844
f 7750 6844 7749
f 7749 6844 6845
f 7749 6845 7748
f 7748 6845 6846
f 7748 6846 7747
f 7747 6846 6847
f 7747 6847 7746
f 7746 6847 6848
f 7746 6848 7745
f 7745 6848 6849
f 7745 6849 7744
f 7744 6849 6850
f 7744 6850 7743
f 7743 6850 6851
f 7743 6851 7742
f 7742 6851 6852
f 7742 6852 7741
f 7741 6852 6853
f 7741 6853 7740
f 7740 6853 6854
f 7740 6854 7739
f 7739 6854 6855
f 7739 6855 7738
f 7738 6855 6856
f 7738 6856 7737
f 7737 6856 6857
f 7737 6857 7736
f 7736 6857 6858
f 7736 6858 7735
f 7735 6858 6859
f 7735 6859 7734
f 7734 6859 6860
f 7734 6860 7733
f 7733 6860 6861
f 7733 6861 7732
f 7732 6861 6862
f 7732 6862 7731
f 7731 6862 6863
f 7731 6863 7730
f 7730 6863 6864
f 7730 6864 7729
f 7729 6864 6865
f 7729 6865 7728
f 7728 6865 6866
f 7728 6866 7727
f 7727 6866 6867
f 7727 6867 7726
f 7726 6867 6868
f 7726 6868 7725
f 7725 6868 6869
f 7725 6869 7724
f 7724 6869 6870
f 7724 6870 7723
f 7723 6870 6871
f 7723 6871 7722
f 7722 6871 6872
f 7722 6872 7721
f 7721 6872 6873
f 7721 6873 7720
f 7720 6873 8365
f 7720 8365 7719
f 8336 6874 6875
f 8336 6875 7718
f 7718 6875 6876
f 7718 6876 7717
f 7717 6876 6877
f 7717 6877 7716
f 7716 6877 6878
f 7716 6878 7715
f 7715 6878 6879
f 7715 6879 7714
f 7714 6879 6880
f 7714 6880 7713
f 7713 6880 6881
f 7713 6881 7712
f 7712 6881 6882
f 7712 6882 7711
f 7711 6882 6883
f 7711 6883 7710
f 7710 6883 6884
f 7710 6884 7709
f 7709 6884 6885
f 7709 6885 7708
f 7708 6885 6886
f 7708 6886 7707
f 7707 6886 6887
f 7707 6887 7706
f 7706 6887 6888
f 7706 6888 7705
f 7705 6888 6889
f 7705 6889 7704
f 7704 6889 6890
f 7704 6890 7703
f 7703 6890 6891
f 7703 6891 7702
f 7702 6891 6892
f 7702 6892 7701
f 7701 6892 6893
f 7701 6893 7700
f 7700 6893 6894
f 7700 6894 7699
f 7699 6894 6895
f 7699 6895 7698
f 7698 6895 6896
f 7698 6896 7697
f 7697 6896 6897
f 7697 6897 7696
f 7696 6897 6898
f 7696 6898 7695
f 7695 6898 6899
f 7695 6899 7694
f 7694 6899 6900
f 7694 6900 7693
f 7693 6900 6901
f 7693 6901 7692
f 7692 6901 6902
f 7692 6902 7691
f 7691 6902 6903
f 7691 6903 7690
f 7690 6903 6904
f 7690 6904 7689
f 7689 6904 6905
f 7689 6905 7688
f 7688 6905 6906
f 7688 6906 7687
f 7687 6906 6907
f 7687 6907 7686
f 7686 6907 6908
f 7686 6908 7685
f 7685 6908 6909
f 7685 6909 7684
f 7684 6909 6910
f 7684 6910 7683
f 7683 6910 6911
f 7683 6911 7682
f 7682 6911 6912
f 7682 6912 7681
f 7681 6912 6913
f 7681 6913 7680
f 7680 6913 6914
f 7680 6914 7679
f 7679 6914 8366
f 7679 8366 7678
f 8335 6915 6916
f 8335 6916 7677
f 7677 6916 6917
f 7677 6917 7676
f 7676 6917 6918
f 7676 6918 7675
f 7675 6918 6919
f 7675 6919 7674
f 7674 6919 6920
f 7674 6920 7673
f 7673 6920 6921
f 7673 6921 7672
f 7672 6921 6922
f 7672 6922 7671
f 7671 6922 6923
f 7671 6923 7670
f 7670 6923 6924
f 7670 6924 7669
f 7669 6924 6925
f 7669 6925 7668
f 7668 6925 6926
f 7668 6926 7667
f 7667 6926 6927
f 7667 6927 7666
f 7666 6927 6928
f 7666 6928 7665
f 7665 6928 6929
f 7665 6929 7664
f 7664 6929 6930
f 7664 6930 7663
f 7663 6930 6931
f 7663 6931 7662
f 7662 6931 6932
f 7662 6932 7661
f 7661 6932 6933
f 7661 6933 7660
f 7660 6933 6934
f 7660 6934 7659
f 7659 6934 6935
f 7659 6935 7658
f 7658 6935 6936
f 7658 6936 7657
f 7657 6936 6937
f 7657 6937 7656
f 7656 6937 6938
f 7656 6938 7655
f 7655 6938 6939
f 7655 6939 7654
f 7654 6939 6940
f 7654 6940 7653
f 7653 6940 6941
f 7653 6941 7652
f 7652 6941 6942
f 7652 6942 7651
f 7651 6942 6943
f 7651 6943 7650
f 7650 6943 6944
f 7650 6944 7649
f 7649 6944 6945
f 7649 6945 7648
f 7648 6945 6946
f 7648 6946 7647
f 7647 6946 6947
f 7647 6947 7646
f 7646 6947 6948
f 7646 6948 7645
f 7645 6948 6949
f 7645 6949 7644
f 7644 6949 6950
f 7644 6950 7643
f 7643 6950 6951
f 7643 6951 7642
f 7642 6951 6952
f 7642 6952 7641
f 7641 6952 6953
f 7641 6953 7640
f 7640 6953 6954
f 7640 6954 7639
f 7639 6954 6955
f 7639 6955 7638
f 7638 6955 6956
f 7638 6956 7637
f 7637 6956 8367
f 8368 6957 7636
f 7636 6957 6958
f 7636 6958 7635
f 7635 6958 6959
f 7635 6959 7634
f 7634 6959 6960
f 7634 6960 7633
f 7633 6960 6961
f 7633 6961 7632
f 7632 6961 6962
f 7632 6962 7631
f 7631 6962 6963
f 7631 6963 7630
f 7630 6963 6964
f 7630 6964 7629
f 7629 6964 6965
f 7629 6965 7628
f 7628 6965 6966
f 7628 6966 7627
f 7627 6966 6967
f 7627 6967 7626
f 7626 6967 6968
f 7626 6968 7625
f 7625 6968 6969
f 7625 6969 7624
f 7624 6969 6970
f 7624 6970 7623
f 7623 6970 6971
f 7623 6971 7622
f 7622 6971 6972
f 7622 6972 7621
f 7621 6972 6973
f 7621 6973 7620
f 7620 6973 6974
f 7620 6974 7619
f 7619 6974 6975
f 7619 6975 7618
f 7618 6975 6976
f 7618 6976 7617
f 7617 6976 6977
f 7617 6977 7616
f 7616 6977 6978
f 7616 6978 7615
f 7615 6978 6979
f 7615 6979 7614
f 7614 6979 6980
f 7614 6980 7613
f 7613 6980 6981
f 7613 6981 7612
f 7612 6981 6982
f 7612 6982 7611
f 7611 6982 6983
f 7611 6983 7610
f 7610 6983 6984
f 7610 6984 7609
f 7609 6984 6985
f 7609 6985 7608
f 7608 6985 6986
f 7608 6986 7607
f 7607 6986 6987
f 7607 6987 7606
f 7606 6987 6988
f 7606 6988 7605
f 7605 6988 6989
f 7605 6989 7604
f 7604 6989 6990
f 7604 6990 7603
f 7603 6990 6991
f 7603 6991 7602
f 7602 6991 6992
f 7602 6992 7601
f 7601 6992 6993
f 7601 6993 7600
f 7600 6993 6994
f 7600 6994 7599
f 7599 6994 6995
f 7599 6995 7598
f 7598 6995 6996
f 7598 6996 7597
f 7597 6996 6997
f 7597 6997 7596
f 7596 6997 8369
f 8370 6998 7595
f 7595 6998 6999
f 7595 6999 7594
f 7594 6999 7000
f 7594 7000 7593
f 7593 7000 7001
f 7593 7001 7592
f 7592 7001 7002
f 7592 7002 7591
f 7591 7002 7003
f 7591 7003 7590
f 7590 7003 7004
f 7590 7004 7589
f 7589 7004 7005
f 7589 7005 7588
f 7588 7005 7006
f 7588 7006 7587
f 7587 7006 7007
f 7587 7007 7586
f 7586 7007 7008
f 7586 7008 7585
f 7585 7008 7009
f 7585 7009 7584
f 7584 7009 7010
f 7584 7010 7583
f 7583 7010 7011
f 7583 7011 7582
f 7582 7011 7012
f 7582 7012 7581
f 7581 7012 7013
f 7581 7013 7580
f 7580 7013 7014
f 7580 7014 7579
f 7579 7014 7015
f 7579 7015 7578
f 7578 7015 7016
f 7578 7016 7577
f 7577 7016 7017
f 7577 7017 7576
f 7576 7017 7018
f 7576 7018 7575
f 7575 7018 7019
f 7575 7019 7574
f 7574 7019 7020
f 7574 7020 7573
f 7573 7020 7021
f 7573 7021 7572
f 7572 7021 7022
f 7572 7022 7571
f 7571 7022 7023
f 7571 7023 7570
f 7570 7023 7024
f 7570 7024 7569
f 7569 7024 7025
f 7569 7025 7568
f 7568 7025 7026
f 7568 7026 7567
f 7567 7026 7027
f 7567 7027 7566
f 7566 7027 7028
f 7566 7028 7565
f 7565 7028 7029
f 7565 7029 7564
f 7564 7029 7030
f 7564 7030 7563
f 7563 7030 7031
f 7563 7031 7562
f 7562 7031 7032
f 7562 7032 7561
f 7561 7032 7033
f 7561 7033 7560
f 7560 7033 7034
f 7560 7034 7559
f 7559 7034 7035
f 7559 7035 7558
f 7558 7035 7036
f 7558 7036 7557
f 7557 7036 7037
f 7557 7037 7556
f 7556 7037 7038
f 7556 7038 7555
f 7555 7038 8371
f 8372 7039 7554
f 7554 7039 7040
f 7554 7040 7553
f 7553 7040 7041
f 7553 7041 7552
f 7552 7041 7042
f 7552 7042 7551
f 7551 7042 7043
f 7551 7043 7550
f 7550 7043 7044
f 7550 7044 7549
f 7549 7044 7045
f 7549 7045 7548
f 7548 7045 7046
f 7548 7046 7547
f 7547 7046 7047
f 7547 7047 7546
f 7546 7047 7048
f 7546 7048 7545
f 7545 7048 7049
f 7545 7049 7544
f 7544 7049 7050
f 7544 7050 7543
f 7543 7050 7051
f 7543 7051 7542
f 7542 7051 7052
f 7542 7052 7541
f 7541 7052 7053
f 7541 7053 7540
f 7540 7053 7054
f 7540 7054 7539
f 7539 7054 7055
f 7539 7055 7538
f 7538 7055 7056
f 7538 7056 7537
f 7537 7056 7057
f 7537 7057 7536
f 7536 7057 7058
f 7536 7058 7535
f 7535 7058 7059
f 7535 7059 7534
f 7534 7059 7060
f 7534 7060 7533
f 7533 7060 7061
f 7533 7061 7532
f 7532 7061 7062
f 7532 7062 7531
f 7531 7062 7063
f 7531 7063 7530
f 7530 7063 7064
f 7530 7064 7529
f 7529 7064 7065
f 7529 7065 7528
f 7528 7065 7066
f 7528 7066 7527
f 7527 7066 7067
f 7527 7067 7526
f 7526 7067 7068
f 7526 7068 7525
f 7525 7068 7069
f 7525 7069 7524
f 7524 7069 7070
f 7524 7070 7523
f 7523 7070 7071
f 7523 7071 7522
f 7522 7071 7072
f 7522 7072 7521
f 7521 7072 7073
f 7521 7073 7520
f 7520 7073 7074
f 7520 7074 7519
f 7519 7074 7075
f 7519 7075 7518
f 7518 7075 7076
f 7518 7076 7517
f 7517 7076 7077
f 7517 7077 7516
f 7516 7077 7078
f 7516 7078 7515
f 7515 7078 7079
f 7515 7079 7514
f 7514 7079 8373
f 8374 7080 7513
f 7513 7080 7081
f 7513 7081 7512
f 7512 7081 7082
f 7512 7082 7511
f 7511 7082 7083
f 7511 7083 7510
f 7510 7083 7084
f 7510 7084 7509
f 7509 7084 7085
f 7509 7085 7508
f 7508 7085 7086
f 7508 7086 7507
f 7507 7086 7087
f 7507 7087 7506
f 7506 7087 7088
f 7506 7088 7505
f 7505 7088 7089
f 7505 7089 7504
f 7504 7089 7090
f 7504 7090 7503
f 7503 7090 7091
f 7503 7091 7502
f 7502 7091 7092
f 7502 7092 7501
f 7501 7092 7093
f 7501 7093 7500
f 7500 7093 7094
f 7500 7094 7499
f 7499 7094 7095
f 7499 7095 7498
f 7498 7095 7096
f 7498 7096 7497
f 7497 7096 7097
f 7497 7097 7496
f 7496 7097 7098
f 7496 7098 7495
f 7495 7098 7099
f 7495 7099 7494
f 7494 7099 7100
f 7494 7100 7493
f 7493 7100 7101
f 7493 7101 7492
f 7492 7101 7102
f 7492 7102 7491
f 7491 7102 7103
f 7491 7103 7490
f 7490 7103 7104
f 7490 7104 7489
f 7489 7104 7105
f 7489 7105 7488
f 7488 7105 7106
f 7488 7106 7487
f 7487 7106 7107
f 7487 7107 7486
f 7486 7107 7108
f 7486 7108 7485
f 7485 7108 7109
f 7485 7109 7484
f 7484 7109 7110
f 7484 7110 7483
f 7483 7110 7111
f 7483 7111 7482
f 7482 7111 7112
f 7482 7112 7481
f 7481 7112 7113
f 7481 7113 7480
f 7480 7113 7114
f 7480 7114 7479
f 7479 7114 7115
f 7479 7115 7478
f 7478 7115 7116
f 7478 7116 7477
f 7477 7116 7117
f 7477 7117 7476
f 7476 7117 7118
f 7476 7118 7475
f 7475 7118 7119
f 7475 7119 7474
f 7474 7119 7120
f 7474 7120 7473
f 7473 7120 8375
f 8376 7121 7472
f 7472 7121 7122
f 7472 7122 7471
f 7471 7122 7123
f 7471 7123 7470
f 7470 7123 7124
f 7470 7124 7469
f 7469 7124 7125
f 7469 7125 7468
f 7468 7125 7126
f 7468 7126 7467
f 7467 7126 7127
f 7467 7127 7466
f 7466 7127 7128
f 7466 7128 7465
f 7465 7128 7129
f 7465 7129 7464
f 7464 7129 7130
f 7464 7130 7463
f 7463 7130 7131
f 7463 7131 7462
f 7462 7131 7132
f 7462 7132 7461
f 7461 7132 7133
f 7461 7133 7460
f 7460 7133 7134
f 7460 7134 7459
f 7459 7134 7135
f 7459 7135 7458
f 7458 7135 7136
f 7458 7136 7457
f 7457 7136 7137
f 7457 7137 7456
f 7456 7137 7138
f 7456 7138 7455
f 7455 7138 7139
f 7455 7139 7454
f 7454 7139 7140
f 7454 7140 7453
f 7453 7140 7141
f 7453 7141 7452
f 7452 7141 7142
f 7452 7142 7451
f 7451 7142 7143
f 7451 7143 7450
f 7450 7143 7144
f 7450 7144 7449
f 7449 7144 7145
f 7449 7145 7448
f 7448 7145 7146
f 7448 7146 7447
f 7447 7146 7147
f 7447 7147 7446
f 7446 7147 7148
f 7446 7148 7445
f 7445 7148 7149
f 7445 7149 7444
f 7444 7149 7150
f 7444 7150 7443
f 7443 7150 7151
f 7443 7151 7442
f 7442 7151 7152
f 7442 7152 7441
f 7441 7152 7153
f 7441 7153 7440
f 7440 7153 7154
f 7440 7154 7439
f 7439 7154 7155
f 7439 7155 7438
f 7438 7155 7156
f 7438 7156 7437
f 7437 7156 7157
f 7437 7157 7436
f 7436 7157 7158
f 7436 7158 7435
f 7435 7158 7159
f 7435 7159 7434
f 7434 7159 8377
f 7434 8377 7433
f 8334 7160 7161
f 8334 7161 7432
f 7432 7161 7162
f 7432 7162 7431
f 7431 7162 7163
f 7431 7163 7430
f 7430 7163 7164
f 7430 7164 7429
f 7429 7164 7165
f 7429 7165 7428
f 7428 7165 7166
f 7428 7166 7427
f 7427 7166 7167
f 7427 7167 7426
f 7426 7167 7168
f 7426 7168 7425
f 7425 7168 7169
f 7425 7169 7424
f 7424 7169 7170
f 7424 7170 7423
f 7423 7170 7171
f 7423 7171 7422
f 7422 7171 7172
f 7422 7172 7421
f 7421 7172 7173
f 7421 7173 7420
f 7420 7173 7174
f 7420 7174 7419
f 7419 7174 7175
f 7419 7175 7418
f 7418 7175 7176
f 7418 7176 7417
f 7417 7176 7177
f 7417 7177 7416
f 7416 7177 7178
f 7416 7178 7415
f 7415 7178 7179
f 7415 7179 7414
f 7414 7179 7180
f 7414 7180 7413
f 7413 7180 7181
f 7413 7181 7412
f 7412 7181 7182
f 7412 7182 7411
f 7411 7182 7183
f 7411 7183 7410
f 7410 7183 7184
f 7410 7184 7409
f 7409 7184 7185
f 7409 7185 7408
f 7408 7185 7186
f 7408 7186 7407
f 7407 7186 7187
f 7407 7187 7406
f 7406 7187 7188
f 7406 7188 7405
f 7405 7188 7189
f 7405 7189 7404
f 7404 7189 7190
f 7404 7190 7403
f 7403 7190 7191
f 7403 7191 7402
f 7402 7191 7192
f 7402 7192 7401
f 7401 7192 7193
f 7401 7193 7400
f 7400 7193 7194
f 7400 7194 7399
f 7399 7194 7195
f 7399 7195 7398
f 7398 7195 7196
f 7398 7196 7397
f 7397 7196 7197
f 7397 7197 7396
f 7396 7197 7198
f 7396 7198 7395
f 7395 7198 7199
f 7395 7199 7394
f 7394 7199 7200
f 7394 7200 7393
f 7393 7200 8378
f 7393 8378 7392
f 8333 7201 7202
f 8333 7202 7391
f 7391 7202 7203
f 7391 7203 7390
f 7390 7203 7204
f 7390 7204 7389
f 7389 7204 7205
f 7389 7205 7388
f 7388 7205 7206
f 7388 7206 7387
f 7387 7206 7207
f 7387 7207 7386
f 7386 7207 7208
f 7386 7208 7385
f 7385 7208 7209
f 7385 7209 7384
f 7384 7209 7210
f 7384 7210 7383
f 7383 7210 7211
f 7383 7211 7382
f 7382 7211 7212
f 7382 7212 7381
f 7381 7212 7213
f 7381 7213 7380
f 7380 7213 7214
f 7380 7214 7379
f 7379 7214 7215
f 7379 7215 7378
f 7378 7215 7216
f 7378 7216 7377
f 7377 7216 7217
f 7377 7217 7376
f 7376 7217 7218
f 7376 7218 7375
f 7375 7218 7219
f 7375 7219 7374
f 7374 7219 7220
f 7374 7220 7373
f 7373 7220 7221
f 7373 7221 7372
f 7372 7221 7222
f 7372 7222 7371
f 7371 7222 7223
f 7371 7223 7370
f 7370 7223 7224
f 7370 7224 7369
f 7369 7224 7225
f 7369 7225 7368
f 7368 7225 7226
f 7368 7226 7367
f 7367 7226 7227
f 7367 7227 7366
f 7366 7227 7228
f 7366 7228 7365
f 7365 7228 7229
f 7365 7229 7364
f 7364 7229 7230
f 7364 7230 7363
f 7363 7230 7231
f 7363 7231 7362
f 7362 7231 7232
f 7362 7232 7361
f 7361 7232 7233
f 7361 7233 7360
f 7360 7233 7234
f 7360 7234 7359
f 7359 7234 7235
f 7359 7235 7358
f 7358 7235 7236
f 7358 7236 7357
f 7357 7236 7237
f 7357 7237 7356
f 7356 7237 7238
f 7356 7238 7355
f 7355 7238 7239
f 7355 7239 7354
f 7354 7239 7240
f 7354 7240 7353
f 7353 7240 7241
f 7353 7241 7352
f 7352 7241 8379
f 7352 8379 7351
f 8332 7242 7243
f 8332 7243 7350
f 7350 7243 7244
f 7350 7244 7349
f 7349 7244 7245
f 7349 7245 7348
f 7348 7245 7246
f 7348 7246 7347
f 7347 7246 7247
f 7347 7247 7346
f 7346 7247 7248
f 7346 7248 7345
f 7345 7248 7249
f 7345 7249 7344
f 7344 7249 7250
f 7344 7250 7343
f 7343 7250 7251
f 7343 7251 7342
f 7342 7251 7252
f 7342 7252 7341
f 7341 7252 7253
f 7341 7253 7340
f 7340 7253 7254
f 7340 7254 7339
f 7339 7254 7255
f 7339 7255 7338
f 7338 7255 7256
f 7338 7256 7337
f 7337 7256 7257
f 7337 7257 7336
f 7336 7257 7258
f 7336 7258 7335
f 7335 7258 7259
f 7335 7259 7334
f 7334 7259 7260
f 7334 7260 7333
f 7333 7260 7261
f 7333 7261 7332
f 7332 7261 7262
f 7332 7262 7331
f 7331 7262 7263
f 7331 7263 7330
f 7330 7263 7264
f 7330 7264 7329
f 7329 7264 7265
f 7329 7265 7328
f 7328 7265 7266
f 7328 7266 7327
f 7327 7266 7267
f 7327 7267 7326
f 7326 7267 7268
f 7326 7268 7325
f 7325 7268 7269
f 7325 7269 7324
f 7324 7269 7270
f 7324 7270 7323
f 7323 7270 7271
f 7323 7271 7322
f 7322 7271 7272
f 7322 7272 7321
f 7321 7272 7273
f 7321 7273 7320
f 7320 7273 7274
f 7320 7274 7319
f 7319 7274 7275
f 7319 7275 7318
f 7318 7275 7276
f 7318 7276 7317
f 7317 7276 7277
f 7317 7277 7316
f 7316 7277 7278
f 7316 7278 7315
f 7315 7278 7279
f 7315 7279 7314
f 7314 7279 7280
f 7314 7280 7313
f 7313 7280 7281
f 7313 7281 7312
f 7312 7281 7282
f 7312 7282 7311
f 7311 7282 8380
f 7311 8380 7310
f 8331 7283 7284
f 8331 7284 7309
f 7309 7284 7285
f 7309 7285 7308
f 7308 7285 7286
f 7308 7286 7307
f 7307 7286 7287
f 7307 7287 7306
f 7306 7287 7288
f 7306 7288 7305
f 7305 7288 7289
f 7305 7289 7304
f 7304 7289 7290
f 7304 7290 7303
f 7303 7290 7291
f 7303 7291 7302
f 7302 7291 7292
f 7302 7292 7301
f 7301 7292 7293
f 7301 7293 7300
f 7300 7293 7294
f 7300 7294 7299
f 7299 7294 7295
f 7299 7295 7298
f 7298 7295 7296
f 7298 7296 7297
f 8382 8414 8381
f 8381 8414 8415
f 8381 8415 8416
f 8382 8383 8414
f 8414 8383 8384
f 8414 8384 8385
f 8385 8386 8414
f 8414 8386 8387
f 8414 8387 8413
f 8413 8387 8412
f 8412 8387 8411
f 8411 8387 8388
f 8411 8388 8389
f 8390 8409 8389
f 8389 8409 8410
f 8389 8410 8411
f 8390 8391 8409
f 8409 8391 8392
f 8409 8392 8408
f 8408 8392 8407
f 8407 8392 8406
f 8406 8392 8393
f 8406 8393 8405
f 8405 8393 8394
f 8405 8394 8404
f 8404 8394 8395
f 8404 8395 8403
f 8403 8395 8396
f 8403 8396 8402
f 8402 8396 8401
f 8401 8396 8400
f 8400 8396 8397
f 8400 8397 8399
f 8399 8397 8398
f 8416 8417 8381
f 8381 8417 8418
f 8381 8418 8424
f 8424 8418 8423
f 8423 8418 8422
f 8422 8418 8421
f 8421 8418 8420
f 8420 8418 8419
f 8425 8426 8428
f 8428 8426 8427
f 8429 8430 8432
f 8432 8430 8431
f 8433 8434 8436
f 8436 8434 8435
f 8437 8438 8440
f 8440 8438 8439
f 8441 8442 8444
f 8444 8442 8443
f 8445 8446 8448
f 8448 8446 8447
f 8492 8449 8493
f 8493 8449 8450
f 8493 8450 8451
f 8451 8452 8493
f 8493 8452 8498
f 8498 8452 8453
f 8498 8453 8454
f 8454 8455 8498
f 8498 8455 8456
f 8498 8456 8457
f 8457 8458 8498
f 8498 8458 8497
f 8497 8458 8459
f 8497 8459 8460
f 8460 8461 8497
f 8497 8461 8462
f 8497 8462 8463
f 8463 8464 8497
f 8497 8464 8465
f 8497 8465 8466
f 8466 8467 8497
f 8497 8467 8496
f 8496 8467 8468
f 8496 8468 8469
f 8469 8470 8496
f 8496 8470 8471
f 8496 8471 8472
f 8472 8473 8496
f 8496 8473 8474
f 8496 8474 8495
f 8495 8474 8475
f 8495 8475 8476
f 8476 8477 8495
f 8495 8477 8478
f 8495 8478 8479
f 8479 8480 8495
f 8495 8480 8494
f 8494 8480 8481
f 8494 8481 8482
f 8482 8483 8494
f 8494 8483 8484
f 8494 8484 8485
f 8485 8486 8494
f 8494 8486 8487
f 8494 8487 8488
f 8488 8489 8494
f 8494 8489 8493
f 8493 8489 8490
f 8493 8490 8491
f 8491 8492 8493
f 8500 8501 8499
f 8499 8501 8502
f 8499 8502 8504
f 8504 8502 8503
