mtllib Nut_Corpo1.mtl
v 0.004301896691322328 0.016062141656875615 0.024000000953674317
v 0.0021694926917552953 0.016486115455627445 0.024000000953674317
v 0.0 0.016628249883651736 0.024000000953674317
v -0.0021694926917552953 0.016486115455627445 0.024000000953674317
v -0.004301896691322328 0.016062141656875615 0.024000000953674317
v -0.003108636140823365 0.016335086822509767 0.023976562023162843
v -0.0018985296785831455 0.016519511938095095 0.02395312547683716
v -0.00067813478410244 0.016614416837692263 0.023929686546325685
v 0.0005459349602460862 0.016619285345077516 0.02390625
v 0.00176704615354538 0.016534093618392948 0.023882813453674316
v 0.0029785817861557014 0.016359301805496218 0.023859374523162842
v 0.004173975884914399 0.01609585762023926 0.023835937976837158
v 0.005346751213073732 0.015745187997817996 0.023812499046325684
v 0.0064905518293380746 0.01530919432640076 0.0237890625
v 0.007599179744720461 0.014790239334106448 0.02376562595367432
v 0.008666626811027528 0.01419113397598267 0.02374218702316284
v 0.009687108397483827 0.013515125513076785 0.02371875047683716
v 0.010655095577239992 0.012765878438949588 0.023695311546325683
v 0.011565340757369997 0.011947450637817386 0.023671875000000002
v 0.012412912845611575 0.011064279079437259 0.023648438453674318
v 0.013193218708038332 0.01012115001678467 0.023624999523162844
v 0.01390202879905701 0.009123172760009767 0.02360156297683716
v 0.014535503387451175 0.008075756430625917 0.023578124046325685
v 0.01509020805358887 0.006984576582908632 0.0235546875
v 0.01556313753128052 0.005855547189712525 0.023531250953674317
v 0.01595173001289368 0.004694785773754121 0.023507812023162843
v 0.01625387787818909 0.003508583009243012 0.02348437547683716
v 0.01646794438362122 0.0023033669590950016 0.023460936546325684
v 0.016592769622802737 0.0010856687277555467 0.0234375
v 0.016627677679061894 -0.00013791284523904327 0.023414063453674316
v 0.0165724790096283 -0.0013607470691204074 0.02339062452316284
v 0.01642747282981873 -0.002576207220554352 0.023367187976837157
v 0.016193443536758428 -0.003777706623077393 0.023343749046325683
v 0.015871661901474002 -0.004958734512329102 0.0233203125
v 0.015463869571685794 -0.006112890243530274 0.023296875953674318
v 0.014972277879714968 -0.007233920097351076 0.02327343702316284
v 0.01439954996109009 -0.00831574857234955 0.02325000047683716
v 0.013748788833618167 -0.009352513551712039 0.023226561546325682
v 0.013023521900177004 -0.010338596105575564 0.023203125
v 0.012227680683135988 -0.011268652677536012 0.023179688453674317
v 0.011365575790405275 -0.012137644290924074 0.023156249523162843
v 0.01044187903404236 -0.012940859794616701 0.02313281297683716
v 0.009461597800254823 -0.013673948049545291 0.023109374046325685
v 0.008430042862892152 -0.01433293700218201 0.0230859375
v 0.0073528051376342786 -0.014914252758026126 0.023062500953674316
v 0.0062357223033905045 -0.0154147481918335 0.023039062023162842
v 0.005084846615791322 -0.015831710100173955 0.023015625476837158
v 0.003906416296958924 -0.01616287708282471 0.022992186546325684
v 0.0027068167924880985 -0.01640645742416382 0.02296875
v 0.0014925487339496615 -0.01656112909317017 0.022945313453674315
v 0.0002701923437416554 -0.016626055240631106 0.02292187452316284
v -0.0009536281973123552 -0.01660088181495667 0.022898437976837157
v -0.002172280997037888 -0.01648574829101563 0.022874999046325683
v -0.003379161953926087 -0.016281276941299442 0.022851562500000002
v -0.0045677310228347786 -0.015988575220108034 0.022828125953674318
v -0.005731546878814699 -0.01560922980308533 0.022804687023162844
v -0.00686430335044861 -0.015145297050476077 0.02278125047683716
v -0.007959861159324648 -0.014599291086196902 0.022757811546325685
v -0.009012284278869631 -0.01397416949272156 0.022734375
v -0.010015869140625001 -0.01327332139015198 0.022710938453674317
v -0.010965176820755007 -0.012500543594360354 0.022687499523162843
v -0.01185506343841553 -0.011660025119781496 0.02266406297683716
v -0.012680705785751345 -0.010756318569183352 0.022640624046325684
v -0.013437631130218508 -0.009794323444366457 0.0226171875
v -0.014121736288070681 -0.00877925217151642 0.022593750953674316
v -0.01472931504249573 -0.007716605067253114 0.022570312023162842
v -0.015257073640823368 -0.006612141132354738 0.022546875476837158
v -0.015702153444290164 -0.005471845269203187 0.022523436546325683
v -0.016062141656875615 -0.004301896691322328 0.0225
v -0.016335086822509767 -0.003108636140823365 0.02247656345367432
v -0.016519511938095095 -0.0018985296785831455 0.02245312452316284
v -0.016614416837692263 -0.00067813478410244 0.02242968797683716
v -0.016619285345077516 0.0005459349602460862 0.022406249046325682
v -0.016534093618392948 0.00176704615354538 0.0223828125
v -0.016359301805496218 0.0029785817861557014 0.022359375953674317
v -0.01609585762023926 0.004173975884914399 0.022335937023162843
v -0.015745187997817996 0.005346751213073732 0.02231250047683716
v -0.01530919432640076 0.0064905518293380746 0.022289061546325685
v -0.014790239334106448 0.007599179744720461 0.022265625
v -0.01419113397598267 0.008666626811027528 0.022242188453674316
v -0.013515125513076785 0.009687108397483827 0.022218749523162842
v -0.012765878438949588 0.010655095577239992 0.022195312976837158
v -0.011947450637817386 0.011565340757369997 0.022171874046325684
v -0.011064279079437259 0.012412912845611575 0.0221484375
v -0.01012115001678467 0.013193218708038332 0.022125000953674315
v -0.009123172760009767 0.01390202879905701 0.02210156202316284
v -0.008075756430625917 0.014535503387451175 0.022078125476837157
v -0.006984576582908632 0.01509020805358887 0.022054686546325683
v -0.005855547189712525 0.01556313753128052 0.02203125
v -0.004694785773754121 0.01595173001289368 0.022007813453674318
v -0.003508583009243012 0.01625387787818909 0.021984374523162844
v -0.0023033669590950016 0.01646794438362122 0.02196093797683716
v -0.0010856687277555467 0.016592769622802737 0.021937499046325686
v 0.00013791284523904327 0.016627677679061894 0.0219140625
v 0.0013607470691204074 0.0165724790096283 0.021890625953674317
v 0.002576207220554352 0.01642747282981873 0.021867187023162843
v 0.003777706623077393 0.016193443536758428 0.02184375047683716
v 0.004958734512329102 0.015871661901474002 0.021820311546325685
v 0.006112890243530274 0.015463869571685794 0.021796875
v 0.007233920097351076 0.014972277879714968 0.021773438453674316
v 0.00831574857234955 0.01439954996109009 0.021749999523162842
v 0.009352513551712039 0.013748788833618167 0.021726562976837158
v 0.010338596105575564 0.013023521900177004 0.021703124046325684
v 0.011268652677536012 0.012227680683135988 0.0216796875
v 0.012137644290924074 0.011365575790405275 0.02165625095367432
v 0.012940859794616701 0.01044187903404236 0.02163281202316284
v 0.013673948049545291 0.009461597800254823 0.02160937547683716
v 0.01433293700218201 0.008430042862892152 0.021585936546325683
v 0.014914252758026126 0.0073528051376342786 0.021562500000000002
v 0.0154147481918335 0.0062357223033905045 0.021539063453674318
v 0.015831710100173955 0.005084846615791322 0.021515624523162843
v 0.01616287708282471 0.003906416296958924 0.02149218797683716
v 0.01640645742416382 0.0027068167924880985 0.021468749046325685
v 0.01656112909317017 0.0014925487339496615 0.0214453125
v 0.016626055240631106 0.0002701923437416554 0.021421875953674317
v 0.01660088181495667 -0.0009536281973123552 0.021398437023162842
v 0.01648574829101563 -0.002172280997037888 0.021375000476837158
v 0.016281276941299442 -0.003379161953926087 0.021351561546325684
v 0.015988575220108034 -0.0045677310228347786 0.021328125
v 0.01560922980308533 -0.005731546878814699 0.021304688453674316
v 0.015145297050476077 -0.00686430335044861 0.02128124952316284
v 0.014599291086196902 -0.007959861159324648 0.021257812976837157
v 0.01397416949272156 -0.009012284278869631 0.021234374046325683
v 0.01327332139015198 -0.010015869140625001 0.0212109375
v 0.012500543594360354 -0.010965176820755007 0.021187500953674318
v 0.011660025119781496 -0.01185506343841553 0.02116406202316284
v 0.010756318569183352 -0.012680705785751345 0.02114062547683716
v 0.009794323444366457 -0.013437631130218508 0.021117186546325686
v 0.00877925217151642 -0.014121736288070681 0.02109375
v 0.007716605067253114 -0.01472931504249573 0.021070313453674317
v 0.006612141132354738 -0.015257073640823368 0.021046874523162843
v 0.005471845269203187 -0.015702153444290164 0.02102343797683716
v 0.004301896691322328 -0.016062141656875615 0.020999999046325685
v 0.003108636140823365 -0.016335086822509767 0.0209765625
v 0.0018985296785831455 -0.016519511938095095 0.020953125953674316
v 0.00067813478410244 -0.016614416837692263 0.020929687023162842
v -0.0005459349602460862 -0.016619285345077516 0.020906250476837158
v -0.00176704615354538 -0.016534093618392948 0.020882811546325684
v -0.0029785817861557014 -0.016359301805496218 0.020859375
v -0.004173975884914399 -0.01609585762023926 0.020835938453674315
v -0.005346751213073732 -0.015745187997817996 0.02081249952316284
v -0.0064905518293380746 -0.01530919432640076 0.02078906297683716
v -0.007599179744720461 -0.014790239334106448 0.020765624046325683
v -0.008666626811027528 -0.01419113397598267 0.020742187500000002
v -0.009687108397483827 -0.013515125513076785 0.020718750953674318
v -0.010655095577239992 -0.012765878438949588 0.020695312023162844
v -0.011565340757369997 -0.011947450637817386 0.02067187547683716
v -0.012412912845611575 -0.011064279079437259 0.020648436546325685
v -0.013193218708038332 -0.01012115001678467 0.020625
v -0.01390202879905701 -0.009123172760009767 0.020601563453674317
v -0.014535503387451175 -0.008075756430625917 0.020578124523162843
v -0.01509020805358887 -0.006984576582908632 0.02055468797683716
v -0.01556313753128052 -0.005855547189712525 0.020531249046325684
v -0.01595173001289368 -0.004694785773754121 0.0205078125
v -0.01625387787818909 -0.003508583009243012 0.020484375953674316
v -0.01646794438362122 -0.0023033669590950016 0.02046093702316284
v -0.016592769622802737 -0.0010856687277555467 0.020437500476837157
v -0.016627677679061894 0.00013791284523904327 0.020414061546325683
v -0.0165724790096283 0.0013607470691204074 0.020390625
v -0.01642747282981873 0.002576207220554352 0.020367188453674318
v -0.016193443536758428 0.003777706623077393 0.02034374952316284
v -0.015871661901474002 0.004958734512329102 0.02032031297683716
v -0.015463869571685794 0.006112890243530274 0.020296874046325682
v -0.014972277879714968 0.007233920097351076 0.0202734375
v -0.01439954996109009 0.00831574857234955 0.020250000953674317
v -0.013748788833618167 0.009352513551712039 0.020226562023162843
v -0.013023521900177004 0.010338596105575564 0.02020312547683716
v -0.012227680683135988 0.011268652677536012 0.020179686546325685
v -0.011365575790405275 0.012137644290924074 0.02015625
v -0.01044187903404236 0.012940859794616701 0.020132813453674316
v -0.009461597800254823 0.013673948049545291 0.020109374523162842
v -0.008430042862892152 0.01433293700218201 0.020085937976837158
v -0.0073528051376342786 0.014914252758026126 0.020062499046325684
v -0.0062357223033905045 0.0154147481918335 0.0200390625
v -0.005084846615791322 0.015831710100173955 0.020015625953674315
v -0.003906416296958924 0.01616287708282471 0.01999218702316284
v -0.0027068167924880985 0.01640645742416382 0.019968750476837157
v -0.0014925487339496615 0.01656112909317017 0.01994531273841858
v -0.0002701923437416554 0.016626055240631106 0.019921875000000002
v 0.0009536281973123552 0.01660088181495667 0.01989843726158142
v 0.002172280997037888 0.01648574829101563 0.019874999523162844
v 0.003379161953926087 0.016281276941299442 0.01985156297683716
v 0.0045677310228347786 0.015988575220108034 0.01982812523841858
v 0.005731546878814699 0.01560922980308533 0.0198046875
v 0.00686430335044861 0.015145297050476077 0.01978124976158142
v 0.007959861159324648 0.014599291086196902 0.019757812023162843
v 0.009012284278869631 0.01397416949272156 0.01973437547683716
v 0.010015869140625001 0.01327332139015198 0.01971093773841858
v 0.010965176820755007 0.012500543594360354 0.0196875
v 0.01185506343841553 0.011660025119781496 0.019664062261581423
v 0.012680705785751345 0.010756318569183352 0.019640624523162842
v 0.013437631130218508 0.009794323444366457 0.019617187976837158
v 0.014121736288070681 0.00877925217151642 0.01959375023841858
v 0.01472931504249573 0.007716605067253114 0.0195703125
v 0.015257073640823368 0.006612141132354738 0.01954687476158142
v 0.015702153444290164 0.005471845269203187 0.01952343702316284
v 0.016062141656875615 0.004301896691322328 0.01950000047683716
v 0.016335086822509767 0.003108636140823365 0.01947656273841858
v 0.016519511938095095 0.0018985296785831455 0.019453125
v 0.016614416837692263 0.00067813478410244 0.01942968726158142
v 0.016619285345077516 -0.0005459349602460862 0.019406249523162843
v 0.016534093618392948 -0.00176704615354538 0.01938281297683716
v 0.016359301805496218 -0.0029785817861557014 0.019359375238418578
v 0.01609585762023926 -0.004173975884914399 0.0193359375
v 0.015745187997817996 -0.005346751213073732 0.01931249976158142
v 0.01530919432640076 -0.0064905518293380746 0.019289062023162842
v 0.014790239334106448 -0.007599179744720461 0.019265625476837158
v 0.01419113397598267 -0.008666626811027528 0.01924218773841858
v 0.013515125513076785 -0.009687108397483827 0.01921875
v 0.012765878438949588 -0.010655095577239992 0.019195312261581422
v 0.011947450637817386 -0.011565340757369997 0.01917187452316284
v 0.011064279079437259 -0.012412912845611575 0.019148437976837157
v 0.01012115001678467 -0.013193218708038332 0.01912500023841858
v 0.009123172760009767 -0.01390202879905701 0.0191015625
v 0.008075756430625917 -0.014535503387451175 0.01907812476158142
v 0.006984576582908632 -0.01509020805358887 0.019054687023162844
v 0.005855547189712525 -0.01556313753128052 0.01903125047683716
v 0.004694785773754121 -0.01595173001289368 0.01900781273841858
v 0.003508583009243012 -0.01625387787818909 0.018984375
v 0.0023033669590950016 -0.01646794438362122 0.01896093726158142
v 0.0010856687277555467 -0.016592769622802737 0.018937499523162843
v -0.00013791284523904327 -0.016627677679061894 0.01891406297683716
v -0.0013607470691204074 -0.0165724790096283 0.01889062523841858
v -0.002576207220554352 -0.01642747282981873 0.0188671875
v -0.003777706623077393 -0.016193443536758428 0.018843749761581423
v -0.004958734512329102 -0.015871661901474002 0.018820312023162842
v -0.006112890243530274 -0.015463869571685794 0.018796875476837158
v -0.007233920097351076 -0.014972277879714968 0.01877343773841858
v -0.00831574857234955 -0.01439954996109009 0.01875
v -0.009352513551712039 -0.013748788833618167 0.018726562261581422
v -0.010338596105575564 -0.013023521900177004 0.01870312452316284
v -0.011268652677536012 -0.012227680683135988 0.01867968797683716
v -0.012137644290924074 -0.011365575790405275 0.01865625023841858
v -0.012940859794616701 -0.01044187903404236 0.018632812500000002
v -0.013673948049545291 -0.009461597800254823 0.01860937476158142
v -0.01433293700218201 -0.008430042862892152 0.018585937023162843
v -0.014914252758026126 -0.0073528051376342786 0.01856250047683716
v -0.0154147481918335 -0.0062357223033905045 0.01853906273841858
v -0.015831710100173955 -0.005084846615791322 0.018515625
v -0.01616287708282471 -0.003906416296958924 0.01849218726158142
v -0.01640645742416382 -0.0027068167924880985 0.018468749523162842
v -0.01656112909317017 -0.0014925487339496615 0.018445312976837158
v -0.016626055240631106 -0.0002701923437416554 0.01842187523841858
v -0.01660088181495667 0.0009536281973123552 0.0183984375
v -0.01648574829101563 0.002172280997037888 0.018374999761581422
v -0.016281276941299442 0.003379161953926087 0.01835156202316284
v -0.015988575220108034 0.0045677310228347786 0.018328125476837157
v -0.01560922980308533 0.005731546878814699 0.01830468773841858
v -0.015145297050476077 0.00686430335044861 0.01828125
v -0.014599291086196902 0.007959861159324648 0.01825781226158142
v -0.01397416949272156 0.009012284278869631 0.01823437452316284
v -0.01327332139015198 0.010015869140625001 0.01821093797683716
v -0.012500543594360354 0.010965176820755007 0.01818750023841858
v -0.011660025119781496 0.01185506343841553 0.0181640625
v -0.010756318569183352 0.012680705785751345 0.01814062476158142
v -0.009794323444366457 0.013437631130218508 0.018117187023162843
v -0.00877925217151642 0.014121736288070681 0.01809375047683716
v -0.007716605067253114 0.01472931504249573 0.018070312738418578
v -0.006612141132354738 0.015257073640823368 0.018046875
v -0.005471845269203187 0.015702153444290164 0.018023437261581423
v -0.004301896691322328 0.016062141656875615 0.017999999523162842
v -0.003108636140823365 0.016335086822509767 0.017976562976837158
v -0.0018985296785831455 0.016519511938095095 0.01795312523841858
v -0.00067813478410244 0.016614416837692263 0.0179296875
v 0.0005459349602460862 0.016619285345077516 0.017906249761581422
v 0.00176704615354538 0.016534093618392948 0.01788281202316284
v 0.0029785817861557014 0.016359301805496218 0.01785937547683716
v 0.004173975884914399 0.01609585762023926 0.01783593773841858
v 0.005346751213073732 0.015745187997817996 0.017812500000000002
v 0.0064905518293380746 0.01530919432640076 0.01778906226158142
v 0.007599179744720461 0.014790239334106448 0.017765624523162844
v 0.008666626811027528 0.01419113397598267 0.01774218797683716
v 0.009687108397483827 0.013515125513076785 0.01771875023841858
v 0.010655095577239992 0.012765878438949588 0.0176953125
v 0.011565340757369997 0.011947450637817386 0.01767187476158142
v 0.012412912845611575 0.011064279079437259 0.017648437023162843
v 0.013193218708038332 0.01012115001678467 0.01762500047683716
v 0.01390202879905701 0.009123172760009767 0.01760156273841858
v 0.014535503387451175 0.008075756430625917 0.017578125
v 0.01509020805358887 0.006984576582908632 0.017554687261581423
v 0.01556313753128052 0.005855547189712525 0.01753124952316284
v 0.01595173001289368 0.004694785773754121 0.017507812976837157
v 0.01625387787818909 0.003508583009243012 0.01748437523841858
v 0.01646794438362122 0.0023033669590950016 0.0174609375
v 0.016592769622802737 0.0010856687277555467 0.01743749976158142
v 0.016627677679061894 -0.00013791284523904327 0.01741406202316284
v 0.0165724790096283 -0.0013607470691204074 0.01739062547683716
v 0.01642747282981873 -0.002576207220554352 0.01736718773841858
v 0.016193443536758428 -0.003777706623077393 0.01734375
v 0.015871661901474002 -0.004958734512329102 0.01732031226158142
v 0.015463869571685794 -0.006112890243530274 0.017296874523162843
v 0.014972277879714968 -0.007233920097351076 0.01727343797683716
v 0.01439954996109009 -0.00831574857234955 0.017250000238418578
v 0.013748788833618167 -0.009352513551712039 0.0172265625
v 0.013023521900177004 -0.010338596105575564 0.01720312476158142
v 0.012227680683135988 -0.011268652677536012 0.017179687023162842
v 0.011365575790405275 -0.012137644290924074 0.017156250476837158
v 0.01044187903404236 -0.012940859794616701 0.01713281273841858
v 0.009461597800254823 -0.013673948049545291 0.017109375
v 0.008430042862892152 -0.01433293700218201 0.017085937261581422
v 0.0073528051376342786 -0.014914252758026126 0.01706249952316284
v 0.0062357223033905045 -0.0154147481918335 0.017039062976837157
v 0.005084846615791322 -0.015831710100173955 0.01701562523841858
v 0.003906416296958924 -0.01616287708282471 0.016992187500000002
v 0.0027068167924880985 -0.01640645742416382 0.01696874976158142
v 0.0014925487339496615 -0.01656112909317017 0.016945312023162844
v 0.0002701923437416554 -0.016626055240631106 0.01692187547683716
v -0.0009536281973123552 -0.01660088181495667 0.01689843773841858
v -0.002172280997037888 -0.01648574829101563 0.016875
v -0.003379161953926087 -0.016281276941299442 0.01685156226158142
v -0.0045677310228347786 -0.015988575220108034 0.016828124523162843
v -0.005731546878814699 -0.01560922980308533 0.01680468797683716
v -0.00686430335044861 -0.015145297050476077 0.01678125023841858
v -0.007959861159324648 -0.014599291086196902 0.0167578125
v -0.009012284278869631 -0.01397416949272156 0.016734374761581423
v -0.010015869140625001 -0.01327332139015198 0.016710937023162842
v -0.010965176820755007 -0.012500543594360354 0.016687500476837158
v -0.01185506343841553 -0.011660025119781496 0.01666406273841858
v -0.012680705785751345 -0.010756318569183352 0.016640625
v -0.013437631130218508 -0.009794323444366457 0.01661718726158142
v -0.014121736288070681 -0.00877925217151642 0.01659374952316284
v -0.01472931504249573 -0.007716605067253114 0.01657031297683716
v -0.015257073640823368 -0.006612141132354738 0.01654687523841858
v -0.015702153444290164 -0.005471845269203187 0.0165234375
v -0.016062141656875615 -0.004301896691322328 0.01649999976158142
v -0.016335086822509767 -0.003108636140823365 0.016476562023162843
v -0.016519511938095095 -0.0018985296785831455 0.01645312547683716
v -0.016614416837692263 -0.00067813478410244 0.016429687738418578
v -0.016619285345077516 0.0005459349602460862 0.01640625
v -0.016534093618392948 0.00176704615354538 0.01638281226158142
v -0.016359301805496218 0.0029785817861557014 0.016359374523162842
v -0.01609585762023926 0.004173975884914399 0.016335937976837158
v -0.015745187997817996 0.005346751213073732 0.01631250023841858
v -0.01530919432640076 0.0064905518293380746 0.0162890625
v -0.014790239334106448 0.007599179744720461 0.016265624761581422
v -0.01419113397598267 0.008666626811027528 0.01624218702316284
v -0.013515125513076785 0.009687108397483827 0.016218750476837157
v -0.012765878438949588 0.010655095577239992 0.01619531273841858
v -0.011947450637817386 0.011565340757369997 0.016171875
v -0.011064279079437259 0.012412912845611575 0.01614843726158142
v -0.01012115001678467 0.013193218708038332 0.01612499952316284
v -0.009123172760009767 0.01390202879905701 0.01610156297683716
v -0.008075756430625917 0.014535503387451175 0.01607812523841858
v -0.006984576582908632 0.01509020805358887 0.0160546875
v -0.005855547189712525 0.01556313753128052 0.01603124976158142
v -0.004694785773754121 0.01595173001289368 0.016007812023162843
v -0.003508583009243012 0.01625387787818909 0.01598437547683716
v -0.0023033669590950016 0.01646794438362122 0.015960937738418578
v -0.0010856687277555467 0.016592769622802737 0.0159375
v 0.00013791284523904327 0.016627677679061894 0.015914062261581423
v 0.0013607470691204074 0.0165724790096283 0.015890624523162842
v 0.002576207220554352 0.01642747282981873 0.015867187976837158
v 0.003777706623077393 0.016193443536758428 0.01584375023841858
v 0.004958734512329102 0.015871661901474002 0.0158203125
v 0.006112890243530274 0.015463869571685794 0.015796874761581422
v 0.007233920097351076 0.014972277879714968 0.01577343702316284
v 0.00831574857234955 0.01439954996109009 0.01575000047683716
v 0.009352513551712039 0.013748788833618167 0.01572656273841858
v 0.010338596105575564 0.013023521900177004 0.015703125000000002
v 0.011268652677536012 0.012227680683135988 0.01567968726158142
v 0.012137644290924074 0.011365575790405275 0.015656249523162843
v 0.012940859794616701 0.01044187903404236 0.01563281297683716
v 0.013673948049545291 0.009461597800254823 0.01560937523841858
v 0.01433293700218201 0.008430042862892152 0.0155859375
v 0.014914252758026126 0.0073528051376342786 0.015562499761581422
v 0.0154147481918335 0.0062357223033905045 0.015539062023162842
v 0.015831710100173955 0.005084846615791322 0.015515625476837158
v 0.01616287708282471 0.003906416296958924 0.015492187738418579
v 0.01640645742416382 0.0027068167924880985 0.01546875
v 0.01656112909317017 0.0014925487339496615 0.01544531226158142
v 0.016626055240631106 0.0002701923437416554 0.015421874523162842
v 0.01660088181495667 -0.0009536281973123552 0.015398437976837159
v 0.01648574829101563 -0.002172280997037888 0.01537500023841858
v 0.016281276941299442 -0.003379161953926087 0.0153515625
v 0.015988575220108034 -0.0045677310228347786 0.015328124761581421
v 0.01560922980308533 -0.005731546878814699 0.015304687023162842
v 0.015145297050476077 -0.00686430335044861 0.015281250476837158
v 0.014599291086196902 -0.007959861159324648 0.015257812738418579
v 0.01397416949272156 -0.009012284278869631 0.015234375
v 0.01327332139015198 -0.010015869140625001 0.01521093726158142
v 0.012500543594360354 -0.010965176820755007 0.015187499523162841
v 0.011660025119781496 -0.01185506343841553 0.015164062976837159
v 0.010756318569183352 -0.012680705785751345 0.01514062523841858
v 0.009794323444366457 -0.013437631130218508 0.0151171875
v 0.00877925217151642 -0.014121736288070681 0.015093749761581421
v 0.007716605067253114 -0.01472931504249573 0.015070312023162842
v 0.006612141132354738 -0.015257073640823368 0.015046875476837158
v 0.005471845269203187 -0.015702153444290164 0.015023437738418579
v 0.004301896691322328 -0.016062141656875615 0.015
v 0.003108636140823365 -0.016335086822509767 0.014976562261581422
v 0.0018985296785831455 -0.016519511938095095 0.014953124523162843
v 0.00067813478410244 -0.016614416837692263 0.014929687976837159
v -0.0005459349602460862 -0.016619285345077516 0.01490625023841858
v -0.00176704615354538 -0.016534093618392948 0.0148828125
v -0.0029785817861557014 -0.016359301805496218 0.014859374761581421
v -0.004173975884914399 -0.01609585762023926 0.014835937023162842
v -0.005346751213073732 -0.015745187997817996 0.01481250047683716
v -0.0064905518293380746 -0.01530919432640076 0.01478906273841858
v -0.007599179744720461 -0.014790239334106448 0.014765625000000001
v -0.008666626811027528 -0.01419113397598267 0.014742187261581422
v -0.009687108397483827 -0.013515125513076785 0.014718749523162843
v -0.010655095577239992 -0.012765878438949588 0.014695312976837158
v -0.011565340757369997 -0.011947450637817386 0.01467187523841858
v -0.012412912845611575 -0.011064279079437259 0.0146484375
v -0.013193218708038332 -0.01012115001678467 0.01462499976158142
v -0.01390202879905701 -0.009123172760009767 0.014601562023162842
v -0.014535503387451175 -0.008075756430625917 0.014578125476837159
v -0.01509020805358887 -0.006984576582908632 0.01455468773841858
v -0.01556313753128052 -0.005855547189712525 0.01453125
v -0.01595173001289368 -0.004694785773754121 0.014507812261581422
v -0.01625387787818909 -0.003508583009243012 0.014484374523162842
v -0.01646794438362122 -0.0023033669590950016 0.014460937976837158
v -0.016592769622802737 -0.0010856687277555467 0.014437500238418579
v -0.016627677679061894 0.00013791284523904327 0.0144140625
v -0.0165724790096283 0.0013607470691204074 0.01439062476158142
v -0.01642747282981873 0.002576207220554352 0.014367187023162841
v -0.016193443536758428 0.003777706623077393 0.014343750476837159
v -0.015871661901474002 0.004958734512329102 0.01432031273841858
v -0.015463869571685794 0.006112890243530274 0.014296875
v -0.014972277879714968 0.007233920097351076 0.014273437261581421
v -0.01439954996109009 0.00831574857234955 0.014249999523162842
v -0.013748788833618167 0.009352513551712039 0.014226562976837158
v -0.013023521900177004 0.010338596105575564 0.014203125238418579
v -0.012227680683135988 0.011268652677536012 0.0141796875
v -0.011365575790405275 0.012137644290924074 0.01415624976158142
v -0.01044187903404236 0.012940859794616701 0.014132812023162841
v -0.009461597800254823 0.013673948049545291 0.014109375476837159
v -0.008430042862892152 0.01433293700218201 0.01408593773841858
v -0.0073528051376342786 0.014914252758026126 0.0140625
v -0.0062357223033905045 0.0154147481918335 0.014039062261581421
v -0.005084846615791322 0.015831710100173955 0.014015624523162842
v -0.003906416296958924 0.01616287708282471 0.013992187976837158
v -0.0027068167924880985 0.01640645742416382 0.013968750238418579
v -0.0014925487339496615 0.01656112909317017 0.013945312500000001
v -0.0002701923437416554 0.016626055240631106 0.013921874761581422
v 0.0009536281973123552 0.01660088181495667 0.013898437023162843
v 0.002172280997037888 0.01648574829101563 0.013875000476837158
v 0.003379161953926087 0.016281276941299442 0.01385156273841858
v 0.0045677310228347786 0.015988575220108034 0.013828125
v 0.005731546878814699 0.01560922980308533 0.013804687261581421
v 0.00686430335044861 0.015145297050476077 0.013781249523162842
v 0.007959861159324648 0.014599291086196902 0.01375781297683716
v 0.009012284278869631 0.01397416949272156 0.01373437523841858
v 0.010015869140625001 0.01327332139015198 0.013710937500000001
v 0.010965176820755007 0.012500543594360354 0.013687499761581422
v 0.01185506343841553 0.011660025119781496 0.013664062023162843
v 0.012680705785751345 0.010756318569183352 0.013640625476837158
v 0.013437631130218508 0.009794323444366457 0.013617187738418579
v 0.014121736288070681 0.00877925217151642 0.01359375
v 0.01472931504249573 0.007716605067253114 0.01357031226158142
v 0.015257073640823368 0.006612141132354738 0.013546874523162842
v 0.015702153444290164 0.005471845269203187 0.013523437976837159
v 0.016062141656875615 0.004301896691322328 0.01350000023841858
v 0.016335086822509767 0.003108636140823365 0.0134765625
v 0.016519511938095095 0.0018985296785831455 0.013453124761581422
v 0.016614416837692263 0.00067813478410244 0.013429687023162842
v 0.016619285345077516 -0.0005459349602460862 0.013406250476837158
v 0.016534093618392948 -0.00176704615354538 0.013382812738418579
v 0.016359301805496218 -0.0029785817861557014 0.013359375
v 0.01609585762023926 -0.004173975884914399 0.01333593726158142
v 0.015745187997817996 -0.005346751213073732 0.013312499523162841
v 0.01530919432640076 -0.0064905518293380746 0.013289062976837159
v 0.014790239334106448 -0.007599179744720461 0.01326562523841858
v 0.01419113397598267 -0.008666626811027528 0.0132421875
v 0.013515125513076785 -0.009687108397483827 0.013218749761581421
v 0.012765878438949588 -0.010655095577239992 0.013195312023162842
v 0.011947450637817386 -0.011565340757369997 0.013171875476837158
v 0.011064279079437259 -0.012412912845611575 0.013148437738418579
v 0.01012115001678467 -0.013193218708038332 0.013125
v 0.009123172760009767 -0.01390202879905701 0.01310156226158142
v 0.008075756430625917 -0.014535503387451175 0.013078124523162843
v 0.006984576582908632 -0.01509020805358887 0.013054687976837159
v 0.005855547189712525 -0.01556313753128052 0.01303125023841858
v 0.004694785773754121 -0.01595173001289368 0.0130078125
v 0.003508583009243012 -0.01625387787818909 0.012984374761581421
v 0.0023033669590950016 -0.01646794438362122 0.012960937023162842
v 0.0010856687277555467 -0.016592769622802737 0.012937500476837158
v -0.00013791284523904327 -0.016627677679061894 0.01291406273841858
v -0.0013607470691204074 -0.0165724790096283 0.012890625000000001
v -0.002576207220554352 -0.01642747282981873 0.012867187261581422
v -0.003777706623077393 -0.016193443536758428 0.012843749523162843
v -0.004958734512329102 -0.015871661901474002 0.012820312976837158
v -0.006112890243530274 -0.015463869571685794 0.01279687523841858
v -0.007233920097351076 -0.014972277879714968 0.0127734375
v -0.00831574857234955 -0.01439954996109009 0.012749999761581421
v -0.009352513551712039 -0.013748788833618167 0.012726562023162842
v -0.010338596105575564 -0.013023521900177004 0.01270312547683716
v -0.011268652677536012 -0.012227680683135988 0.01267968773841858
v -0.012137644290924074 -0.011365575790405275 0.01265625
v -0.012940859794616701 -0.01044187903404236 0.012632812261581422
v -0.013673948049545291 -0.009461597800254823 0.012609374523162842
v -0.01433293700218201 -0.008430042862892152 0.012585937976837158
v -0.014914252758026126 -0.0073528051376342786 0.012562500238418579
v -0.0154147481918335 -0.0062357223033905045 0.0125390625
v -0.015831710100173955 -0.005084846615791322 0.01251562476158142
v -0.01616287708282471 -0.003906416296958924 0.012492187023162842
v -0.01640645742416382 -0.0027068167924880985 0.012468750476837159
v -0.01656112909317017 -0.0014925487339496615 0.01244531273841858
v -0.016626055240631106 -0.0002701923437416554 0.012421875
v -0.01660088181495667 0.0009536281973123552 0.012398437261581421
v -0.01648574829101563 0.002172280997037888 0.012374999523162842
v -0.016281276941299442 0.003379161953926087 0.012351562976837158
v -0.015988575220108034 0.0045677310228347786 0.012328125238418579
v -0.01560922980308533 0.005731546878814699 0.0123046875
v -0.015145297050476077 0.00686430335044861 0.01228124976158142
v -0.014599291086196902 0.007959861159324648 0.012257812023162841
v -0.01397416949272156 0.009012284278869631 0.012234375476837159
v -0.01327332139015198 0.010015869140625001 0.01221093773841858
v -0.012500543594360354 0.010965176820755007 0.0121875
v -0.011660025119781496 0.01185506343841553 0.012164062261581421
v -0.010756318569183352 0.012680705785751345 0.012140624523162842
v -0.009794323444366457 0.013437631130218508 0.012117187976837158
v -0.00877925217151642 0.014121736288070681 0.012093750238418579
v -0.007716605067253114 0.01472931504249573 0.0120703125
v -0.006612141132354738 0.015257073640823368 0.012046874761581422
v -0.005471845269203187 0.015702153444290164 0.012023437023162843
v -0.004301896691322328 0.016062141656875615 0.012000000476837159
v -0.003108636140823365 0.016335086822509767 0.01197656273841858
v -0.0018985296785831455 0.016519511938095095 0.011953125
v -0.00067813478410244 0.016614416837692263 0.011929687261581421
v 0.0005459349602460862 0.016619285345077516 0.011906249523162842
v 0.00176704615354538 0.016534093618392948 0.01188281297683716
v 0.0029785817861557014 0.016359301805496218 0.01185937523841858
v 0.004173975884914399 0.01609585762023926 0.011835937500000001
v 0.005346751213073732 0.015745187997817996 0.011812499761581422
v 0.0064905518293380746 0.01530919432640076 0.011789062023162843
v 0.007599179744720461 0.014790239334106448 0.011765625476837158
v 0.008666626811027528 0.01419113397598267 0.01174218773841858
v 0.009687108397483827 0.013515125513076785 0.01171875
v 0.010655095577239992 0.012765878438949588 0.01169531226158142
v 0.011565340757369997 0.011947450637817386 0.011671874523162842
v 0.012412912845611575 0.011064279079437259 0.011648437976837159
v 0.013193218708038332 0.01012115001678467 0.01162500023841858
v 0.01390202879905701 0.009123172760009767 0.0116015625
v 0.014535503387451175 0.008075756430625917 0.011578124761581422
v 0.01509020805358887 0.006984576582908632 0.011554687023162842
v 0.01556313753128052 0.005855547189712525 0.011531250476837158
v 0.01595173001289368 0.004694785773754121 0.011507812738418579
v 0.01625387787818909 0.003508583009243012 0.011484375
v 0.01646794438362122 0.0023033669590950016 0.01146093726158142
v 0.016592769622802737 0.0010856687277555467 0.011437499523162841
v 0.016627677679061894 -0.00013791284523904327 0.011414062976837159
v 0.0165724790096283 -0.0013607470691204074 0.01139062523841858
v 0.01642747282981873 -0.002576207220554352 0.0113671875
v 0.016193443536758428 -0.003777706623077393 0.011343749761581421
v 0.015871661901474002 -0.004958734512329102 0.011320312023162842
v 0.015463869571685794 -0.006112890243530274 0.011296875476837158
v 0.014972277879714968 -0.007233920097351076 0.011273437738418579
v 0.01439954996109009 -0.00831574857234955 0.01125
v 0.013748788833618167 -0.009352513551712039 0.01122656226158142
v 0.013023521900177004 -0.010338596105575564 0.011203124523162841
v 0.012227680683135988 -0.011268652677536012 0.011179687976837159
v 0.011365575790405275 -0.012137644290924074 0.01115625023841858
v 0.01044187903404236 -0.012940859794616701 0.0111328125
v 0.009461597800254823 -0.013673948049545291 0.011109374761581421
v 0.008430042862892152 -0.01433293700218201 0.011085937023162842
v 0.0073528051376342786 -0.014914252758026126 0.011062500476837158
v 0.0062357223033905045 -0.0154147481918335 0.011039062738418579
v 0.005084846615791322 -0.015831710100173955 0.011015625
v 0.003906416296958924 -0.01616287708282471 0.010992187261581422
v 0.0027068167924880985 -0.01640645742416382 0.010968749523162843
v 0.0014925487339496615 -0.01656112909317017 0.010945312976837158
v 0.0002701923437416554 -0.016626055240631106 0.01092187523841858
v -0.0009536281973123552 -0.01660088181495667 0.0108984375
v -0.002172280997037888 -0.01648574829101563 0.010874999761581421
v -0.003379161953926087 -0.016281276941299442 0.010851562023162842
v -0.0045677310228347786 -0.015988575220108034 0.01082812547683716
v -0.005731546878814699 -0.01560922980308533 0.01080468773841858
v -0.00686430335044861 -0.015145297050476077 0.010781250000000001
v -0.007959861159324648 -0.014599291086196902 0.010757812261581422
v -0.009012284278869631 -0.01397416949272156 0.010734374523162843
v -0.010015869140625001 -0.01327332139015198 0.010710937976837158
v -0.010965176820755007 -0.012500543594360354 0.010687500238418579
v -0.01185506343841553 -0.011660025119781496 0.0106640625
v -0.012680705785751345 -0.010756318569183352 0.01064062476158142
v -0.013437631130218508 -0.009794323444366457 0.010617187023162842
v -0.014121736288070681 -0.00877925217151642 0.010593750476837159
v -0.01472931504249573 -0.007716605067253114 0.01057031273841858
v -0.015257073640823368 -0.006612141132354738 0.010546875
v -0.015702153444290164 -0.005471845269203187 0.010523437261581422
v -0.016062141656875615 -0.004301896691322328 0.010499999523162842
v -0.016335086822509767 -0.003108636140823365 0.010476562976837158
v -0.016519511938095095 -0.0018985296785831455 0.010453125238418579
v -0.016614416837692263 -0.00067813478410244 0.0104296875
v -0.016619285345077516 0.0005459349602460862 0.01040624976158142
v -0.016534093618392948 0.00176704615354538 0.010382812023162841
v -0.016359301805496218 0.0029785817861557014 0.010359375476837159
v -0.01609585762023926 0.004173975884914399 0.01033593773841858
v -0.015745187997817996 0.005346751213073732 0.0103125
v -0.01530919432640076 0.0064905518293380746 0.010289062261581421
v -0.014790239334106448 0.007599179744720461 0.010265624523162842
v -0.01419113397598267 0.008666626811027528 0.010242187976837158
v -0.013515125513076785 0.009687108397483827 0.010218750238418579
v -0.012765878438949588 0.010655095577239992 0.0101953125
v -0.011947450637817386 0.011565340757369997 0.01017187476158142
v -0.011064279079437259 0.012412912845611575 0.010148437023162841
v -0.01012115001678467 0.013193218708038332 0.010125000476837159
v -0.009123172760009767 0.01390202879905701 0.01010156273841858
v -0.008075756430625917 0.014535503387451175 0.010078125
v -0.006984576582908632 0.01509020805358887 0.010054687261581421
v -0.005855547189712525 0.01556313753128052 0.010031249523162842
v -0.004694785773754121 0.01595173001289368 0.010007812976837158
v -0.003508583009243012 0.01625387787818909 0.009984375238418578
v -0.0023033669590950016 0.01646794438362122 0.009960937500000001
v -0.0010856687277555467 0.016592769622802737 0.009937499761581422
v 0.00013791284523904327 0.016627677679061894 0.00991406261920929
v 0.0013607470691204074 0.0165724790096283 0.00989062488079071
v 0.002576207220554352 0.01642747282981873 0.00986718773841858
v 0.003777706623077393 0.016193443536758428 0.00984375
v 0.004958734512329102 0.015871661901474002 0.009820312261581421
v 0.006112890243530274 0.015463869571685794 0.00979687511920929
v 0.007233920097351076 0.014972277879714968 0.00977343738079071
v 0.00831574857234955 0.01439954996109009 0.00975000023841858
v 0.009352513551712039 0.013748788833618167 0.0097265625
v 0.010338596105575564 0.013023521900177004 0.009703124761581422
v 0.011268652677536012 0.012227680683135988 0.009679687619209289
v 0.012137644290924074 0.011365575790405275 0.00965624988079071
v 0.012940859794616701 0.01044187903404236 0.009632812738418579
v 0.013673948049545291 0.009461597800254823 0.009609375
v 0.01433293700218201 0.008430042862892152 0.00958593726158142
v 0.014914252758026126 0.0073528051376342786 0.00956250011920929
v 0.0154147481918335 0.0062357223033905045 0.00953906238079071
v 0.015831710100173955 0.005084846615791322 0.00951562523841858
v 0.01616287708282471 0.003906416296958924 0.0094921875
v 0.01640645742416382 0.0027068167924880985 0.009468749761581421
v 0.01656112909317017 0.0014925487339496615 0.00944531261920929
v 0.016626055240631106 0.0002701923437416554 0.009421874880790711
v 0.01660088181495667 -0.0009536281973123552 0.009398437738418579
v 0.01648574829101563 -0.002172280997037888 0.009375
v 0.016281276941299442 -0.003379161953926087 0.00935156226158142
v 0.015988575220108034 -0.0045677310228347786 0.00932812511920929
v 0.01560922980308533 -0.005731546878814699 0.00930468738079071
v 0.015145297050476077 -0.00686430335044861 0.00928125023841858
v 0.014599291086196902 -0.007959861159324648 0.0092578125
v 0.01397416949272156 -0.009012284278869631 0.009234374761581421
v 0.01327332139015198 -0.010015869140625001 0.00921093761920929
v 0.012500543594360354 -0.010965176820755007 0.009187499880790711
v 0.011660025119781496 -0.01185506343841553 0.009164062738418579
v 0.010756318569183352 -0.012680705785751345 0.009140625
v 0.009794323444366457 -0.013437631130218508 0.00911718726158142
v 0.00877925217151642 -0.014121736288070681 0.00909375011920929
v 0.007716605067253114 -0.01472931504249573 0.00907031238079071
v 0.006612141132354738 -0.015257073640823368 0.00904687523841858
v 0.005471845269203187 -0.015702153444290164 0.0090234375
v 0.004301896691322328 -0.016062141656875615 0.008999999761581421
v 0.003108636140823365 -0.016335086822509767 0.00897656261920929
v 0.0018985296785831455 -0.016519511938095095 0.008953124880790711
v 0.00067813478410244 -0.016614416837692263 0.00892968773841858
v -0.0005459349602460862 -0.016619285345077516 0.008906250000000001
v -0.00176704615354538 -0.016534093618392948 0.008882812261581422
v -0.0029785817861557014 -0.016359301805496218 0.00885937511920929
v -0.004173975884914399 -0.01609585762023926 0.00883593738079071
v -0.005346751213073732 -0.015745187997817996 0.00881250023841858
v -0.0064905518293380746 -0.01530919432640076 0.0087890625
v -0.007599179744720461 -0.014790239334106448 0.00876562476158142
v -0.008666626811027528 -0.01419113397598267 0.00874218761920929
v -0.009687108397483827 -0.013515125513076785 0.00871874988079071
v -0.010655095577239992 -0.012765878438949588 0.00869531273841858
v -0.011565340757369997 -0.011947450637817386 0.008671875
v -0.012412912845611575 -0.011064279079437259 0.008648437261581422
v -0.013193218708038332 -0.01012115001678467 0.008625000119209289
v -0.01390202879905701 -0.009123172760009767 0.00860156238079071
v -0.014535503387451175 -0.008075756430625917 0.008578125238418579
v -0.01509020805358887 -0.006984576582908632 0.0085546875
v -0.01556313753128052 -0.005855547189712525 0.00853124976158142
v -0.01595173001289368 -0.004694785773754121 0.00850781261920929
v -0.01625387787818909 -0.003508583009243012 0.00848437488079071
v -0.01646794438362122 -0.0023033669590950016 0.00846093773841858
v -0.016592769622802737 -0.0010856687277555467 0.0084375
v -0.016627677679061894 0.00013791284523904327 0.008414062261581421
v -0.0165724790096283 0.0013607470691204074 0.00839062511920929
v -0.01642747282981873 0.002576207220554352 0.008367187380790711
v -0.016193443536758428 0.003777706623077393 0.008343750238418579
v -0.015871661901474002 0.004958734512329102 0.0083203125
v -0.015463869571685794 0.006112890243530274 0.00829687476158142
v -0.014972277879714968 0.007233920097351076 0.00827343761920929
v -0.01439954996109009 0.00831574857234955 0.00824999988079071
v -0.013748788833618167 0.009352513551712039 0.00822656273841858
v -0.013023521900177004 0.010338596105575564 0.008203125
v -0.012227680683135988 0.011268652677536012 0.008179687261581421
v -0.011365575790405275 0.012137644290924074 0.00815625011920929
v -0.01044187903404236 0.012940859794616701 0.008132812380790711
v -0.009461597800254823 0.013673948049545291 0.008109375238418579
v -0.008430042862892152 0.01433293700218201 0.0080859375
v -0.0073528051376342786 0.014914252758026126 0.00806249976158142
v -0.0062357223033905045 0.0154147481918335 0.00803906261920929
v -0.005084846615791322 0.015831710100173955 0.00801562488079071
v -0.003906416296958924 0.01616287708282471 0.00799218773841858
v -0.0027068167924880985 0.01640645742416382 0.00796875
v -0.0014925487339496615 0.01656112909317017 0.007945312261581421
v -0.0002701923437416554 0.016626055240631106 0.00792187511920929
v 0.0009536281973123552 0.01660088181495667 0.007898437380790711
v 0.002172280997037888 0.01648574829101563 0.00787500023841858
v 0.003379161953926087 0.016281276941299442 0.007851562500000001
v 0.0045677310228347786 0.015988575220108034 0.007828124761581422
v 0.005731546878814699 0.01560922980308533 0.00780468761920929
v 0.00686430335044861 0.015145297050476077 0.007781249880790711
v 0.007959861159324648 0.014599291086196902 0.007757812738418579
v 0.009012284278869631 0.01397416949272156 0.007734375
v 0.010015869140625001 0.01327332139015198 0.007710937261581421
v 0.010965176820755007 0.012500543594360354 0.00768750011920929
v 0.01185506343841553 0.011660025119781496 0.007664062380790711
v 0.012680705785751345 0.010756318569183352 0.007640625238418579
v 0.013437631130218508 0.009794323444366457 0.0076171875
v 0.014121736288070681 0.00877925217151642 0.007593749761581421
v 0.01472931504249573 0.007716605067253114 0.00757031261920929
v 0.015257073640823368 0.006612141132354738 0.007546874880790711
v 0.015702153444290164 0.005471845269203187 0.007523437738418579
v 0.016062141656875615 0.004301896691322328 0.0075
v 0.016335086822509767 0.003108636140823365 0.007476562261581421
v 0.016519511938095095 0.0018985296785831455 0.00745312511920929
v 0.016614416837692263 0.00067813478410244 0.0074296873807907105
v 0.016619285345077516 -0.0005459349602460862 0.00740625023841858
v 0.016534093618392948 -0.00176704615354538 0.0073828125000000005
v 0.016359301805496218 -0.0029785817861557014 0.007359374761581421
v 0.01609585762023926 -0.004173975884914399 0.00733593761920929
v 0.015745187997817996 -0.005346751213073732 0.00731249988079071
v 0.01530919432640076 -0.0064905518293380746 0.0072890627384185796
v 0.014790239334106448 -0.007599179744720461 0.007265625
v 0.01419113397598267 -0.008666626811027528 0.007242187261581421
v 0.013515125513076785 -0.009687108397483827 0.0072187501192092895
v 0.012765878438949588 -0.010655095577239992 0.00719531238079071
v 0.011947450637817386 -0.011565340757369997 0.0071718752384185794
v 0.011064279079437259 -0.012412912845611575 0.0071484375
v 0.01012115001678467 -0.013193218708038332 0.007124999761581421
v 0.009123172760009767 -0.01390202879905701 0.007101562619209289
v 0.008075756430625917 -0.014535503387451175 0.00707812488079071
v 0.006984576582908632 -0.01509020805358887 0.007054687738418579
v 0.005855547189712525 -0.01556313753128052 0.00703125
v 0.004694785773754121 -0.01595173001289368 0.007007812261581421
v 0.003508583009243012 -0.01625387787818909 0.006984375119209289
v 0.0023033669590950016 -0.01646794438362122 0.006960937380790711
v 0.0010856687277555467 -0.016592769622802737 0.006937500238418579
v -0.00013791284523904327 -0.016627677679061894 0.0069140625
v -0.0013607470691204074 -0.0165724790096283 0.006890624761581421
v -0.002576207220554352 -0.01642747282981873 0.00686718761920929
v -0.003777706623077393 -0.016193443536758428 0.006843749880790711
v -0.004958734512329102 -0.015871661901474002 0.006820312738418579
v -0.006112890243530274 -0.015463869571685794 0.006796875
v -0.007233920097351076 -0.014972277879714968 0.006773437261581421
v -0.00831574857234955 -0.01439954996109009 0.00675000011920929
v -0.009352513551712039 -0.013748788833618167 0.006726562380790711
v -0.010338596105575564 -0.013023521900177004 0.006703125238418579
v -0.011268652677536012 -0.012227680683135988 0.0066796875
v -0.012137644290924074 -0.011365575790405275 0.006656249761581421
v -0.012940859794616701 -0.01044187903404236 0.00663281261920929
v -0.013673948049545291 -0.009461597800254823 0.006609374880790711
v -0.01433293700218201 -0.008430042862892152 0.006585937738418579
v -0.014914252758026126 -0.0073528051376342786 0.0065625
v -0.0154147481918335 -0.0062357223033905045 0.0065390622615814215
v -0.015831710100173955 -0.005084846615791322 0.00651562511920929
v -0.01616287708282471 -0.003906416296958924 0.0064921873807907106
v -0.01640645742416382 -0.0027068167924880985 0.006468750238418579
v -0.01656112909317017 -0.0014925487339496615 0.0064453125000000005
v -0.016626055240631106 -0.0002701923437416554 0.006421874761581421
v -0.01660088181495667 0.0009536281973123552 0.00639843761920929
v -0.01648574829101563 0.002172280997037888 0.0063749998807907104
v -0.016281276941299442 0.003379161953926087 0.00635156273841858
v -0.015988575220108034 0.0045677310228347786 0.006328125
v -0.01560922980308533 0.005731546878814699 0.006304687261581421
v -0.015145297050476077 0.00686430335044861 0.0062812501192092895
v -0.014599291086196902 0.007959861159324648 0.00625781238079071
v -0.01397416949272156 0.009012284278869631 0.0062343752384185795
v -0.01327332139015198 0.010015869140625001 0.0062109375
v -0.012500543594360354 0.010965176820755007 0.006187499761581421
v -0.011660025119781496 0.01185506343841553 0.006164062619209289
v -0.010756318569183352 0.012680705785751345 0.00614062488079071
v -0.009794323444366457 0.013437631130218508 0.006117187738418579
v -0.00877925217151642 0.014121736288070681 0.00609375
v -0.007716605067253114 0.01472931504249573 0.006070312261581421
v -0.006612141132354738 0.015257073640823368 0.006046875119209289
v -0.005471845269203187 0.015702153444290164 0.006023437380790711
v -0.004301896691322328 0.016062141656875615 0.006000000238418579
v -0.003108636140823365 0.016335086822509767 0.0059765625
v -0.0018985296785831455 0.016519511938095095 0.005953124761581421
v -0.00067813478410244 0.016614416837692263 0.00592968761920929
v 0.0005459349602460862 0.016619285345077516 0.005906249880790711
v 0.00176704615354538 0.016534093618392948 0.005882812738418579
v 0.0029785817861557014 0.016359301805496218 0.005859375
v 0.004173975884914399 0.01609585762023926 0.005835937261581421
v 0.005346751213073732 0.015745187997817996 0.00581250011920929
v 0.0064905518293380746 0.01530919432640076 0.005789062380790711
v 0.007599179744720461 0.014790239334106448 0.005765625238418579
v 0.008666626811027528 0.01419113397598267 0.0057421875
v 0.009687108397483827 0.013515125513076785 0.005718749761581421
v 0.010655095577239992 0.012765878438949588 0.00569531261920929
v 0.011565340757369997 0.011947450637817386 0.005671874880790711
v 0.012412912845611575 0.011064279079437259 0.005648437738418579
v 0.013193218708038332 0.01012115001678467 0.005625
v 0.01390202879905701 0.009123172760009767 0.005601562261581421
v 0.014535503387451175 0.008075756430625917 0.00557812511920929
v 0.01509020805358887 0.006984576582908632 0.005554687380790711
v 0.01556313753128052 0.005855547189712525 0.005531250238418579
v 0.01595173001289368 0.004694785773754121 0.0055078125
v 0.01625387787818909 0.003508583009243012 0.005484374761581421
v 0.01646794438362122 0.0023033669590950016 0.00546093761920929
v 0.016592769622802737 0.0010856687277555467 0.0054374998807907105
v 0.016627677679061894 -0.00013791284523904327 0.00541406273841858
v 0.0165724790096283 -0.0013607470691204074 0.0053906250000000005
v 0.01642747282981873 -0.002576207220554352 0.005367187261581421
v 0.016193443536758428 -0.003777706623077393 0.0053437501192092896
v 0.015871661901474002 -0.004958734512329102 0.00532031238079071
v 0.015463869571685794 -0.006112890243530274 0.0052968752384185795
v 0.014972277879714968 -0.007233920097351076 0.0052734375
v 0.01439954996109009 -0.00831574857234955 0.005249999761581421
v 0.013748788833618167 -0.009352513551712039 0.0052265626192092894
v 0.013023521900177004 -0.010338596105575564 0.00520312488079071
v 0.012227680683135988 -0.011268652677536012 0.005179687738418579
v 0.011365575790405275 -0.012137644290924074 0.00515625
v 0.01044187903404236 -0.012940859794616701 0.005132812261581421
v 0.009461597800254823 -0.013673948049545291 0.005109375119209289
v 0.008430042862892152 -0.01433293700218201 0.00508593738079071
v 0.0073528051376342786 -0.014914252758026126 0.005062500238418579
v 0.0062357223033905045 -0.0154147481918335 0.0050390625
v 0.005084846615791322 -0.015831710100173955 0.005015624761581421
v 0.003906416296958924 -0.01616287708282471 0.004992187619209289
v 0.0027068167924880985 -0.01640645742416382 0.004968749880790711
v 0.0014925487339496615 -0.01656112909317017 0.004945312440395355
v 0.0002701923437416554 -0.016626055240631106 0.004921875
v -0.0009536281973123552 -0.01660088181495667 0.004898437559604645
v -0.002172280997037888 -0.01648574829101563 0.00487500011920929
v -0.003379161953926087 -0.016281276941299442 0.004851562380790711
v -0.0045677310228347786 -0.015988575220108034 0.004828124940395355
v -0.005731546878814699 -0.01560922980308533 0.0048046875
v -0.00686430335044861 -0.015145297050476077 0.004781250059604645
v -0.007959861159324648 -0.014599291086196902 0.00475781261920929
v -0.009012284278869631 -0.01397416949272156 0.004734374880790711
v -0.010015869140625001 -0.01327332139015198 0.004710937440395356
v -0.010965176820755007 -0.012500543594360354 0.0046875
v -0.01185506343841553 -0.011660025119781496 0.004664062559604645
v -0.012680705785751345 -0.010756318569183352 0.00464062511920929
v -0.013437631130218508 -0.009794323444366457 0.004617187380790711
v -0.014121736288070681 -0.00877925217151642 0.004593749940395356
v -0.01472931504249573 -0.007716605067253114 0.0045703125
v -0.015257073640823368 -0.006612141132354738 0.004546875059604645
v -0.015702153444290164 -0.005471845269203187 0.00452343761920929
v -0.016062141656875615 -0.004301896691322328 0.0044999998807907105
v -0.016335086822509767 -0.003108636140823365 0.0044765624403953555
v -0.016519511938095095 -0.0018985296785831455 0.0044531250000000005
v -0.016614416837692263 -0.00067813478410244 0.004429687559604645
v -0.016619285345077516 0.0005459349602460862 0.00440625011920929
v -0.016534093618392948 0.00176704615354538 0.00438281238079071
v -0.016359301805496218 0.0029785817861557014 0.004359374940395355
v -0.01609585762023926 0.004173975884914399 0.0043359375
v -0.015745187997817996 0.005346751213073732 0.0043125000596046445
v -0.01530919432640076 0.0064905518293380746 0.0042890626192092895
v -0.014790239334106448 0.007599179744720461 0.00426562488079071
v -0.01419113397598267 0.008666626811027528 0.004242187440395355
v -0.013515125513076785 0.009687108397483827 0.00421875
v -0.012765878438949588 0.010655095577239992 0.004195312559604645
v -0.011947450637817386 0.011565340757369997 0.004171875119209289
v -0.011064279079437259 0.012412912845611575 0.00414843738079071
v -0.01012115001678467 0.013193218708038332 0.004124999940395355
v -0.009123172760009767 0.01390202879905701 0.0041015625
v -0.008075756430625917 0.014535503387451175 0.004078125059604645
v -0.006984576582908632 0.01509020805358887 0.004054687619209289
v -0.005855547189712525 0.01556313753128052 0.00403124988079071
v -0.004694785773754121 0.01595173001289368 0.004007812440395355
v -0.003508583009243012 0.01625387787818909 0.003984375
v -0.0023033669590950016 0.01646794438362122 0.003960937559604645
v -0.0010856687277555467 0.016592769622802737 0.00393750011920929
v 0.00013791284523904327 0.016627677679061894 0.003914062380790711
v 0.0013607470691204074 0.0165724790096283 0.0038906249403953554
v 0.002576207220554352 0.01642747282981873 0.0038671875
v 0.003777706623077393 0.016193443536758428 0.003843750059604645
v 0.004958734512329102 0.015871661901474002 0.0038203126192092895
v 0.006112890243530274 0.015463869571685794 0.0037968748807907103
v 0.007233920097351076 0.014972277879714968 0.0037734374403953553
v 0.00831574857234955 0.01439954996109009 0.00375
v 0.009352513551712039 0.013748788833618167 0.003726562559604645
v 0.010338596105575564 0.013023521900177004 0.00370312511920929
v 0.011268652677536012 0.012227680683135988 0.0036796873807907107
v 0.012137644290924074 0.011365575790405275 0.003656249940395355
v 0.012940859794616701 0.01044187903404236 0.0036328125
v 0.013673948049545291 0.009461597800254823 0.0036093750596046447
v 0.01433293700218201 0.008430042862892152 0.0035859376192092897
v 0.014914252758026126 0.0073528051376342786 0.0035624998807907106
v 0.0154147481918335 0.0062357223033905045 0.003539062440395355
v 0.015831710100173955 0.005084846615791322 0.003515625
v 0.01616287708282471 0.003906416296958924 0.0034921875596046446
v 0.01640645742416382 0.0027068167924880985 0.0034687501192092896
v 0.01656112909317017 0.0014925487339496615 0.0034453123807907104
v 0.016626055240631106 0.0002701923437416554 0.0034218749403953554
v 0.01660088181495667 -0.0009536281973123552 0.0033984375
v 0.01648574829101563 -0.002172280997037888 0.003375000059604645
v 0.016281276941299442 -0.003379161953926087 0.0033515626192092895
v 0.015988575220108034 -0.0045677310228347786 0.0033281248807907103
v 0.01560922980308533 -0.005731546878814699 0.0033046874403953553
v 0.015145297050476077 -0.00686430335044861 0.00328125
v 0.014599291086196902 -0.007959861159324648 0.003257812559604645
v 0.01397416949272156 -0.009012284278869631 0.0032343751192092894
v 0.01327332139015198 -0.010015869140625001 0.0032109373807907107
v 0.012500543594360354 -0.010965176820755007 0.0031874999403953552
v 0.011660025119781496 -0.01185506343841553 0.0031640625
v 0.010756318569183352 -0.012680705785751345 0.0031406250596046448
v 0.009794323444366457 -0.013437631130218508 0.0031171876192092897
v 0.00877925217151642 -0.014121736288070681 0.0030937498807907106
v 0.007716605067253114 -0.01472931504249573 0.003070312440395355
v 0.006612141132354738 -0.015257073640823368 0.003046875
v 0.005471845269203187 -0.015702153444290164 0.0030234375596046447
v 0.004301896691322328 -0.016062141656875615 0.0030000001192092896
v 0.003108636140823365 -0.016335086822509767 0.0029765623807907105
v 0.0018985296785831455 -0.016519511938095095 0.0029531249403953555
v 0.00067813478410244 -0.016614416837692263 0.0029296875
v -0.0005459349602460862 -0.016619285345077516 0.002906250059604645
v -0.00176704615354538 -0.016534093618392948 0.0028828126192092895
v -0.0029785817861557014 -0.016359301805496218 0.0028593748807907104
v -0.004173975884914399 -0.01609585762023926 0.0028359374403953553
v -0.005346751213073732 -0.015745187997817996 0.0028125
v -0.0064905518293380746 -0.01530919432640076 0.002789062559604645
v -0.007599179744720461 -0.014790239334106448 0.0027656251192092894
v -0.008666626811027528 -0.01419113397598267 0.0027421873807907107
v -0.009687108397483827 -0.013515125513076785 0.0027187499403953552
v -0.010655095577239992 -0.012765878438949588 0.0026953125000000002
v -0.011565340757369997 -0.011947450637817386 0.0026718750596046448
v -0.012412912845611575 -0.011064279079437259 0.0026484376192092898
v -0.013193218708038332 -0.01012115001678467 0.0026249998807907106
v -0.01390202879905701 -0.009123172760009767 0.002601562440395355
v -0.014535503387451175 -0.008075756430625917 0.002578125
v -0.01509020805358887 -0.006984576582908632 0.0025546875596046447
v -0.01556313753128052 -0.005855547189712525 0.0025312501192092897
v -0.01595173001289368 -0.004694785773754121 0.0025078123807907105
v -0.01625387787818909 -0.003508583009243012 0.0024843749403953555
v -0.01646794438362122 -0.0023033669590950016 0.0024609375
v -0.016592769622802737 -0.0010856687277555467 0.002437500059604645
v -0.016627677679061894 0.00013791284523904327 0.0024140624701976775
v -0.0165724790096283 0.0013607470691204074 0.0023906250298023225
v -0.01642747282981873 0.002576207220554352 0.0023671874403953554
v -0.016193443536758428 0.003777706623077393 0.00234375
v -0.015871661901474002 0.004958734512329102 0.002320312559604645
v -0.015463869571685794 0.006112890243530274 0.002296874970197678
v -0.014972277879714968 0.007233920097351076 0.0022734375298023224
v -0.01439954996109009 0.00831574857234955 0.0022499999403953553
v -0.013748788833618167 0.009352513551712039 0.0022265625000000002
v -0.013023521900177004 0.010338596105575564 0.002203125059604645
v -0.012227680683135988 0.011268652677536012 0.0021796874701976777
v -0.011365575790405275 0.012137644290924074 0.0021562500298023222
v -0.01044187903404236 0.012940859794616701 0.002132812440395355
v -0.009461597800254823 0.013673948049545291 0.002109375
v -0.008430042862892152 0.01433293700218201 0.0020859375596046447
v -0.0073528051376342786 0.014914252758026126 0.0020624999701976776
v -0.0062357223033905045 0.0154147481918335 0.0020390625298023226
v -0.005084846615791322 0.015831710100173955 0.002015624940395355
v -0.003906416296958924 0.01616287708282471 0.0019921875
v -0.0027068167924880985 0.01640645742416382 0.001968750059604645
v -0.0014925487339496615 0.01656112909317017 0.0019453124701976777
v -0.0002701923437416554 0.016626055240631106 0.0019218750298023225
v 0.0009536281973123552 0.01660088181495667 0.0018984374403953552
v 0.002172280997037888 0.01648574829101563 0.001875
v 0.003379161953926087 0.016281276941299442 0.001851562559604645
v 0.0045677310228347786 0.015988575220108034 0.0018281249701976776
v 0.005731546878814699 0.01560922980308533 0.0018046875298023224
v 0.00686430335044861 0.015145297050476077 0.0017812499403953553
v 0.007959861159324648 0.014599291086196902 0.0017578125
v 0.009012284278869631 0.01397416949272156 0.0017343750596046448
v 0.010015869140625001 0.01327332139015198 0.0017109374701976777
v 0.010965176820755007 0.012500543594360354 0.0016875000298023225
v 0.01185506343841553 0.011660025119781496 0.0016640624403953552
v 0.012680705785751345 0.010756318569183352 0.001640625
v 0.013437631130218508 0.009794323444366457 0.0016171875596046447
v 0.014121736288070681 0.00877925217151642 0.0015937499701976776
v 0.01472931504249573 0.007716605067253114 0.0015703125298023224
v 0.015257073640823368 0.006612141132354738 0.0015468749403953553
v 0.015702153444290164 0.005471845269203187 0.0015234375
v 0.016062141656875615 0.004301896691322328 0.0015000000596046448
v 0.016335086822509767 0.003108636140823365 0.0014765624701976777
v 0.016519511938095095 0.0018985296785831455 0.0014531250298023225
v 0.016614416837692263 0.00067813478410244 0.0014296874403953552
v 0.016619285345077516 -0.0005459349602460862 0.00140625
v 0.016534093618392948 -0.00176704615354538 0.0013828125596046447
v 0.016359301805496218 -0.0029785817861557014 0.0013593749701976776
v 0.01609585762023926 -0.004173975884914399 0.0013359375298023224
v 0.015745187997817996 -0.005346751213073732 0.0013124999403953553
v 0.01530919432640076 -0.0064905518293380746 0.0012890625
v 0.014790239334106448 -0.007599179744720461 0.0012656250596046448
v 0.01419113397598267 -0.008666626811027528 0.0012421874701976777
v 0.013515125513076785 -0.009687108397483827 0.0012187500298023225
v 0.012765878438949588 -0.010655095577239992 0.0011953125149011612
v 0.011947450637817386 -0.011565340757369997 0.001171875
v 0.011064279079437259 -0.012412912845611575 0.001148437485098839
v 0.01012115001678467 -0.013193218708038332 0.0011249999701976776
v 0.009123172760009767 -0.01390202879905701 0.0011015625298023224
v 0.008075756430625917 -0.014535503387451175 0.0010781250149011611
v 0.006984576582908632 -0.01509020805358887 0.0010546875
v 0.005855547189712525 -0.01556313753128052 0.0010312499850988388
v 0.004694785773754121 -0.01595173001289368 0.0010078124701976775
v 0.003508583009243012 -0.01625387787818909 0.0009843750298023225
v 0.0023033669590950016 -0.01646794438362122 0.0009609375149011612
v 0.0010856687277555467 -0.016592769622802737 0.0009375
v -0.00013791284523904327 -0.016627677679061894 0.0009140624850988388
v -0.0013607470691204074 -0.0165724790096283 0.0008906249701976776
v -0.002576207220554352 -0.01642747282981873 0.0008671875298023224
v -0.003777706623077393 -0.016193443536758428 0.0008437500149011612
v -0.004958734512329102 -0.015871661901474002 0.0008203125
v -0.006112890243530274 -0.015463869571685794 0.0007968749850988388
v -0.007233920097351076 -0.014972277879714968 0.0007734374701976776
v -0.00831574857234955 -0.01439954996109009 0.0007500000298023224
v -0.009352513551712039 -0.013748788833618167 0.0007265625149011612
v -0.010338596105575564 -0.013023521900177004 0.000703125
v -0.011268652677536012 -0.012227680683135988 0.0006796874850988388
v -0.012137644290924074 -0.011365575790405275 0.0006562499701976776
v -0.012940859794616701 -0.01044187903404236 0.0006328125298023224
v -0.013673948049545291 -0.009461597800254823 0.0006093750149011613
v -0.01433293700218201 -0.008430042862892152 0.0005859375
v -0.014914252758026126 -0.0073528051376342786 0.0005624999850988388
v -0.0154147481918335 -0.0062357223033905045 0.0005390625074505806
v -0.015831710100173955 -0.005084846615791322 0.0005156249925494194
v -0.01616287708282471 -0.003906416296958924 0.0004921875149011613
v -0.01640645742416382 -0.0027068167924880985 0.00046875
v -0.01656112909317017 -0.0014925487339496615 0.0004453124850988388
v -0.016626055240631106 -0.0002701923437416554 0.0004218750074505806
v -0.01660088181495667 0.0009536281973123552 0.0003984374925494194
v -0.01648574829101563 0.002172280997037888 0.0003750000149011612
v -0.016281276941299442 0.003379161953926087 0.0003515625
v -0.015988575220108034 0.0045677310228347786 0.0003281249850988388
v -0.01560922980308533 0.005731546878814699 0.0003046875074505806
v -0.015145297050476077 0.00686430335044861 0.0002812499925494194
v -0.014599291086196902 0.007959861159324648 0.0002578124962747097
v -0.01397416949272156 0.009012284278869631 0.000234375
v -0.01327332139015198 0.010015869140625001 0.0002109375037252903
v -0.012500543594360354 0.010965176820755007 0.0001875000074505806
v -0.011660025119781496 0.01185506343841553 0.0001640624925494194
v -0.010756318569183352 0.012680705785751345 0.0001406249962747097
v -0.009794323444366457 0.013437631130218508 0.0001171875
v -0.00877925217151642 0.014121736288070681 9.37500037252903e-05
v -0.007716605067253114 0.01472931504249573 7.031249813735485e-05
v -0.006612141132354738 0.015257073640823368 4.687500186264515e-05
v -0.005471845269203187 0.015702153444290164 2.3437500931322575e-05
v -0.004301896691322328 0.016062141656875615 0.0
v -0.0021694926917552953 0.016486115455627445 0.0
v 0.0 0.016628249883651736 0.0
v 0.0021694926917552953 0.016486115455627445 0.0
v 0.004301896691322328 0.016062141656875615 0.0
v 0.003108636140823365 0.016335086822509767 2.3437500931322575e-05
v 0.0018985296785831455 0.016519511938095095 4.687500186264515e-05
v 0.00067813478410244 0.016614416837692263 7.031249813735485e-05
v -0.0005459349602460862 0.016619285345077516 9.37500037252903e-05
v -0.00176704615354538 0.016534093618392948 0.0001171875
v -0.0029785817861557014 0.016359301805496218 0.0001406249962747097
v -0.004173975884914399 0.01609585762023926 0.0001640624925494194
v -0.005346751213073732 0.015745187997817996 0.0001875000074505806
v -0.0064905518293380746 0.01530919432640076 0.0002109375037252903
v -0.007599179744720461 0.014790239334106448 0.000234375
v -0.008666626811027528 0.01419113397598267 0.0002578124962747097
v -0.009687108397483827 0.013515125513076785 0.0002812499925494194
v -0.010655095577239992 0.012765878438949588 0.0003046875074505806
v -0.011565340757369997 0.011947450637817386 0.0003281249850988388
v -0.012412912845611575 0.011064279079437259 0.0003515625
v -0.013193218708038332 0.01012115001678467 0.0003750000149011612
v -0.01390202879905701 0.009123172760009767 0.0003984374925494194
v -0.014535503387451175 0.008075756430625917 0.0004218750074505806
v -0.01509020805358887 0.006984576582908632 0.0004453124850988388
v -0.01556313753128052 0.005855547189712525 0.00046875
v -0.01595173001289368 0.004694785773754121 0.0004921875149011613
v -0.01625387787818909 0.003508583009243012 0.0005156249925494194
v -0.01646794438362122 0.0023033669590950016 0.0005390625074505806
v -0.016592769622802737 0.0010856687277555467 0.0005624999850988388
v -0.016627677679061894 -0.00013791284523904327 0.0005859375
v -0.0165724790096283 -0.0013607470691204074 0.0006093750149011613
v -0.01642747282981873 -0.002576207220554352 0.0006328125298023224
v -0.016193443536758428 -0.003777706623077393 0.0006562499701976776
v -0.015871661901474002 -0.004958734512329102 0.0006796874850988388
v -0.015463869571685794 -0.006112890243530274 0.000703125
v -0.014972277879714968 -0.007233920097351076 0.0007265625149011612
v -0.01439954996109009 -0.00831574857234955 0.0007500000298023224
v -0.013748788833618167 -0.009352513551712039 0.0007734374701976776
v -0.013023521900177004 -0.010338596105575564 0.0007968749850988388
v -0.012227680683135988 -0.011268652677536012 0.0008203125
v -0.011365575790405275 -0.012137644290924074 0.0008437500149011612
v -0.01044187903404236 -0.012940859794616701 0.0008671875298023224
v -0.009461597800254823 -0.013673948049545291 0.0008906249701976776
v -0.008430042862892152 -0.01433293700218201 0.0009140624850988388
v -0.0073528051376342786 -0.014914252758026126 0.0009375
v -0.0062357223033905045 -0.0154147481918335 0.0009609375149011612
v -0.005084846615791322 -0.015831710100173955 0.0009843750298023225
v -0.003906416296958924 -0.01616287708282471 0.0010078124701976775
v -0.0027068167924880985 -0.01640645742416382 0.0010312499850988388
v -0.0014925487339496615 -0.01656112909317017 0.0010546875
v -0.0002701923437416554 -0.016626055240631106 0.0010781250149011611
v 0.0009536281973123552 -0.01660088181495667 0.0011015625298023224
v 0.002172280997037888 -0.01648574829101563 0.0011249999701976776
v 0.003379161953926087 -0.016281276941299442 0.001148437485098839
v 0.0045677310228347786 -0.015988575220108034 0.001171875
v 0.005731546878814699 -0.01560922980308533 0.0011953125149011612
v 0.00686430335044861 -0.015145297050476077 0.0012187500298023225
v 0.007959861159324648 -0.014599291086196902 0.0012421874701976777
v 0.009012284278869631 -0.01397416949272156 0.0012656250596046448
v 0.010015869140625001 -0.01327332139015198 0.0012890625
v 0.010965176820755007 -0.012500543594360354 0.0013124999403953553
v 0.01185506343841553 -0.011660025119781496 0.0013359375298023224
v 0.012680705785751345 -0.010756318569183352 0.0013593749701976776
v 0.013437631130218508 -0.009794323444366457 0.0013828125596046447
v 0.014121736288070681 -0.00877925217151642 0.00140625
v 0.01472931504249573 -0.007716605067253114 0.0014296874403953552
v 0.015257073640823368 -0.006612141132354738 0.0014531250298023225
v 0.015702153444290164 -0.005471845269203187 0.0014765624701976777
v 0.016062141656875615 -0.004301896691322328 0.0015000000596046448
v 0.016335086822509767 -0.003108636140823365 0.0015234375
v 0.016519511938095095 -0.0018985296785831455 0.0015468749403953553
v 0.016614416837692263 -0.00067813478410244 0.0015703125298023224
v 0.016619285345077516 0.0005459349602460862 0.0015937499701976776
v 0.016534093618392948 0.00176704615354538 0.0016171875596046447
v 0.016359301805496218 0.0029785817861557014 0.001640625
v 0.01609585762023926 0.004173975884914399 0.0016640624403953552
v 0.015745187997817996 0.005346751213073732 0.0016875000298023225
v 0.01530919432640076 0.0064905518293380746 0.0017109374701976777
v 0.014790239334106448 0.007599179744720461 0.0017343750596046448
v 0.01419113397598267 0.008666626811027528 0.0017578125
v 0.013515125513076785 0.009687108397483827 0.0017812499403953553
v 0.012765878438949588 0.010655095577239992 0.0018046875298023224
v 0.011947450637817386 0.011565340757369997 0.0018281249701976776
v 0.011064279079437259 0.012412912845611575 0.001851562559604645
v 0.01012115001678467 0.013193218708038332 0.001875
v 0.009123172760009767 0.01390202879905701 0.0018984374403953552
v 0.008075756430625917 0.014535503387451175 0.0019218750298023225
v 0.006984576582908632 0.01509020805358887 0.0019453124701976777
v 0.005855547189712525 0.01556313753128052 0.001968750059604645
v 0.004694785773754121 0.01595173001289368 0.0019921875
v 0.003508583009243012 0.01625387787818909 0.002015624940395355
v 0.0023033669590950016 0.01646794438362122 0.0020390625298023226
v 0.0010856687277555467 0.016592769622802737 0.0020624999701976776
v -0.00013791284523904327 0.016627677679061894 0.0020859375596046447
v -0.0013607470691204074 0.0165724790096283 0.002109375
v -0.002576207220554352 0.01642747282981873 0.002132812440395355
v -0.003777706623077393 0.016193443536758428 0.0021562500298023222
v -0.004958734512329102 0.015871661901474002 0.0021796874701976777
v -0.006112890243530274 0.015463869571685794 0.002203125059604645
v -0.007233920097351076 0.014972277879714968 0.0022265625000000002
v -0.00831574857234955 0.01439954996109009 0.0022499999403953553
v -0.009352513551712039 0.013748788833618167 0.0022734375298023224
v -0.010338596105575564 0.013023521900177004 0.002296874970197678
v -0.011268652677536012 0.012227680683135988 0.002320312559604645
v -0.012137644290924074 0.011365575790405275 0.00234375
v -0.012940859794616701 0.01044187903404236 0.0023671874403953554
v -0.013673948049545291 0.009461597800254823 0.0023906250298023225
v -0.01433293700218201 0.008430042862892152 0.0024140624701976775
v -0.014914252758026126 0.0073528051376342786 0.002437500059604645
v -0.0154147481918335 0.0062357223033905045 0.0024609375
v -0.015831710100173955 0.005084846615791322 0.0024843749403953555
v -0.01616287708282471 0.003906416296958924 0.0025078123807907105
v -0.01640645742416382 0.0027068167924880985 0.0025312501192092897
v -0.01656112909317017 0.0014925487339496615 0.0025546875596046447
v -0.016626055240631106 0.0002701923437416554 0.002578125
v -0.01660088181495667 -0.0009536281973123552 0.002601562440395355
v -0.01648574829101563 -0.002172280997037888 0.0026249998807907106
v -0.016281276941299442 -0.003379161953926087 0.0026484376192092898
v -0.015988575220108034 -0.0045677310228347786 0.0026718750596046448
v -0.01560922980308533 -0.005731546878814699 0.0026953125000000002
v -0.015145297050476077 -0.00686430335044861 0.0027187499403953552
v -0.014599291086196902 -0.007959861159324648 0.0027421873807907107
v -0.01397416949272156 -0.009012284278869631 0.0027656251192092894
v -0.01327332139015198 -0.010015869140625001 0.002789062559604645
v -0.012500543594360354 -0.010965176820755007 0.0028125
v -0.011660025119781496 -0.01185506343841553 0.0028359374403953553
v -0.010756318569183352 -0.012680705785751345 0.0028593748807907104
v -0.009794323444366457 -0.013437631130218508 0.0028828126192092895
v -0.00877925217151642 -0.014121736288070681 0.002906250059604645
v -0.007716605067253114 -0.01472931504249573 0.0029296875
v -0.006612141132354738 -0.015257073640823368 0.0029531249403953555
v -0.005471845269203187 -0.015702153444290164 0.0029765623807907105
v -0.004301896691322328 -0.016062141656875615 0.0030000001192092896
v -0.003108636140823365 -0.016335086822509767 0.0030234375596046447
v -0.0018985296785831455 -0.016519511938095095 0.003046875
v -0.00067813478410244 -0.016614416837692263 0.003070312440395355
v 0.0005459349602460862 -0.016619285345077516 0.0030937498807907106
v 0.00176704615354538 -0.016534093618392948 0.0031171876192092897
v 0.0029785817861557014 -0.016359301805496218 0.0031406250596046448
v 0.004173975884914399 -0.01609585762023926 0.0031640625
v 0.005346751213073732 -0.015745187997817996 0.0031874999403953552
v 0.0064905518293380746 -0.01530919432640076 0.0032109373807907107
v 0.007599179744720461 -0.014790239334106448 0.0032343751192092894
v 0.008666626811027528 -0.01419113397598267 0.003257812559604645
v 0.009687108397483827 -0.013515125513076785 0.00328125
v 0.010655095577239992 -0.012765878438949588 0.0033046874403953553
v 0.011565340757369997 -0.011947450637817386 0.0033281248807907103
v 0.012412912845611575 -0.011064279079437259 0.0033515626192092895
v 0.013193218708038332 -0.01012115001678467 0.003375000059604645
v 0.01390202879905701 -0.009123172760009767 0.0033984375
v 0.014535503387451175 -0.008075756430625917 0.0034218749403953554
v 0.01509020805358887 -0.006984576582908632 0.0034453123807907104
v 0.01556313753128052 -0.005855547189712525 0.0034687501192092896
v 0.01595173001289368 -0.004694785773754121 0.0034921875596046446
v 0.01625387787818909 -0.003508583009243012 0.003515625
v 0.01646794438362122 -0.0023033669590950016 0.003539062440395355
v 0.016592769622802737 -0.0010856687277555467 0.0035624998807907106
v 0.016627677679061894 0.00013791284523904327 0.0035859376192092897
v 0.0165724790096283 0.0013607470691204074 0.0036093750596046447
v 0.01642747282981873 0.002576207220554352 0.0036328125
v 0.016193443536758428 0.003777706623077393 0.003656249940395355
v 0.015871661901474002 0.004958734512329102 0.0036796873807907107
v 0.015463869571685794 0.006112890243530274 0.00370312511920929
v 0.014972277879714968 0.007233920097351076 0.003726562559604645
v 0.01439954996109009 0.00831574857234955 0.00375
v 0.013748788833618167 0.009352513551712039 0.0037734374403953553
v 0.013023521900177004 0.010338596105575564 0.0037968748807907103
v 0.012227680683135988 0.011268652677536012 0.0038203126192092895
v 0.011365575790405275 0.012137644290924074 0.003843750059604645
v 0.01044187903404236 0.012940859794616701 0.0038671875
v 0.009461597800254823 0.013673948049545291 0.0038906249403953554
v 0.008430042862892152 0.01433293700218201 0.003914062380790711
v 0.0073528051376342786 0.014914252758026126 0.00393750011920929
v 0.0062357223033905045 0.0154147481918335 0.003960937559604645
v 0.005084846615791322 0.015831710100173955 0.003984375
v 0.003906416296958924 0.01616287708282471 0.004007812440395355
v 0.0027068167924880985 0.01640645742416382 0.00403124988079071
v 0.0014925487339496615 0.01656112909317017 0.004054687619209289
v 0.0002701923437416554 0.016626055240631106 0.004078125059604645
v -0.0009536281973123552 0.01660088181495667 0.0041015625
v -0.002172280997037888 0.01648574829101563 0.004124999940395355
v -0.003379161953926087 0.016281276941299442 0.00414843738079071
v -0.0045677310228347786 0.015988575220108034 0.004171875119209289
v -0.005731546878814699 0.01560922980308533 0.004195312559604645
v -0.00686430335044861 0.015145297050476077 0.00421875
v -0.007959861159324648 0.014599291086196902 0.004242187440395355
v -0.009012284278869631 0.01397416949272156 0.00426562488079071
v -0.010015869140625001 0.01327332139015198 0.0042890626192092895
v -0.010965176820755007 0.012500543594360354 0.0043125000596046445
v -0.01185506343841553 0.011660025119781496 0.0043359375
v -0.012680705785751345 0.010756318569183352 0.004359374940395355
v -0.013437631130218508 0.009794323444366457 0.00438281238079071
v -0.014121736288070681 0.00877925217151642 0.00440625011920929
v -0.01472931504249573 0.007716605067253114 0.004429687559604645
v -0.015257073640823368 0.006612141132354738 0.0044531250000000005
v -0.015702153444290164 0.005471845269203187 0.0044765624403953555
v -0.016062141656875615 0.004301896691322328 0.0044999998807907105
v -0.016335086822509767 0.003108636140823365 0.00452343761920929
v -0.016519511938095095 0.0018985296785831455 0.004546875059604645
v -0.016614416837692263 0.00067813478410244 0.0045703125
v -0.016619285345077516 -0.0005459349602460862 0.004593749940395356
v -0.016534093618392948 -0.00176704615354538 0.004617187380790711
v -0.016359301805496218 -0.0029785817861557014 0.00464062511920929
v -0.01609585762023926 -0.004173975884914399 0.004664062559604645
v -0.015745187997817996 -0.005346751213073732 0.0046875
v -0.01530919432640076 -0.0064905518293380746 0.004710937440395356
v -0.014790239334106448 -0.007599179744720461 0.004734374880790711
v -0.01419113397598267 -0.008666626811027528 0.00475781261920929
v -0.013515125513076785 -0.009687108397483827 0.004781250059604645
v -0.012765878438949588 -0.010655095577239992 0.0048046875
v -0.011947450637817386 -0.011565340757369997 0.004828124940395355
v -0.011064279079437259 -0.012412912845611575 0.004851562380790711
v -0.01012115001678467 -0.013193218708038332 0.00487500011920929
v -0.009123172760009767 -0.01390202879905701 0.004898437559604645
v -0.008075756430625917 -0.014535503387451175 0.004921875
v -0.006984576582908632 -0.01509020805358887 0.004945312440395355
v -0.005855547189712525 -0.01556313753128052 0.004968749880790711
v -0.004694785773754121 -0.01595173001289368 0.004992187619209289
v -0.003508583009243012 -0.01625387787818909 0.005015624761581421
v -0.0023033669590950016 -0.01646794438362122 0.0050390625
v -0.0010856687277555467 -0.016592769622802737 0.005062500238418579
v 0.00013791284523904327 -0.016627677679061894 0.00508593738079071
v 0.0013607470691204074 -0.0165724790096283 0.005109375119209289
v 0.002576207220554352 -0.01642747282981873 0.005132812261581421
v 0.003777706623077393 -0.016193443536758428 0.00515625
v 0.004958734512329102 -0.015871661901474002 0.005179687738418579
v 0.006112890243530274 -0.015463869571685794 0.00520312488079071
v 0.007233920097351076 -0.014972277879714968 0.0052265626192092894
v 0.00831574857234955 -0.01439954996109009 0.005249999761581421
v 0.009352513551712039 -0.013748788833618167 0.0052734375
v 0.010338596105575564 -0.013023521900177004 0.0052968752384185795
v 0.011268652677536012 -0.012227680683135988 0.00532031238079071
v 0.012137644290924074 -0.011365575790405275 0.0053437501192092896
v 0.012940859794616701 -0.01044187903404236 0.005367187261581421
v 0.013673948049545291 -0.009461597800254823 0.0053906250000000005
v 0.01433293700218201 -0.008430042862892152 0.00541406273841858
v 0.014914252758026126 -0.0073528051376342786 0.0054374998807907105
v 0.0154147481918335 -0.0062357223033905045 0.00546093761920929
v 0.015831710100173955 -0.005084846615791322 0.005484374761581421
v 0.01616287708282471 -0.003906416296958924 0.0055078125
v 0.01640645742416382 -0.0027068167924880985 0.005531250238418579
v 0.01656112909317017 -0.0014925487339496615 0.005554687380790711
v 0.016626055240631106 -0.0002701923437416554 0.00557812511920929
v 0.01660088181495667 0.0009536281973123552 0.005601562261581421
v 0.01648574829101563 0.002172280997037888 0.005625
v 0.016281276941299442 0.003379161953926087 0.005648437738418579
v 0.015988575220108034 0.0045677310228347786 0.005671874880790711
v 0.01560922980308533 0.005731546878814699 0.00569531261920929
v 0.015145297050476077 0.00686430335044861 0.005718749761581421
v 0.014599291086196902 0.007959861159324648 0.0057421875
v 0.01397416949272156 0.009012284278869631 0.005765625238418579
v 0.01327332139015198 0.010015869140625001 0.005789062380790711
v 0.012500543594360354 0.010965176820755007 0.00581250011920929
v 0.011660025119781496 0.01185506343841553 0.005835937261581421
v 0.010756318569183352 0.012680705785751345 0.005859375
v 0.009794323444366457 0.013437631130218508 0.005882812738418579
v 0.00877925217151642 0.014121736288070681 0.005906249880790711
v 0.007716605067253114 0.01472931504249573 0.00592968761920929
v 0.006612141132354738 0.015257073640823368 0.005953124761581421
v 0.005471845269203187 0.015702153444290164 0.0059765625
v 0.004301896691322328 0.016062141656875615 0.006000000238418579
v 0.003108636140823365 0.016335086822509767 0.006023437380790711
v 0.0018985296785831455 0.016519511938095095 0.006046875119209289
v 0.00067813478410244 0.016614416837692263 0.006070312261581421
v -0.0005459349602460862 0.016619285345077516 0.00609375
v -0.00176704615354538 0.016534093618392948 0.006117187738418579
v -0.0029785817861557014 0.016359301805496218 0.00614062488079071
v -0.004173975884914399 0.01609585762023926 0.006164062619209289
v -0.005346751213073732 0.015745187997817996 0.006187499761581421
v -0.0064905518293380746 0.01530919432640076 0.0062109375
v -0.007599179744720461 0.014790239334106448 0.0062343752384185795
v -0.008666626811027528 0.01419113397598267 0.00625781238079071
v -0.009687108397483827 0.013515125513076785 0.0062812501192092895
v -0.010655095577239992 0.012765878438949588 0.006304687261581421
v -0.011565340757369997 0.011947450637817386 0.006328125
v -0.012412912845611575 0.011064279079437259 0.00635156273841858
v -0.013193218708038332 0.01012115001678467 0.0063749998807907104
v -0.01390202879905701 0.009123172760009767 0.00639843761920929
v -0.014535503387451175 0.008075756430625917 0.006421874761581421
v -0.01509020805358887 0.006984576582908632 0.0064453125000000005
v -0.01556313753128052 0.005855547189712525 0.006468750238418579
v -0.01595173001289368 0.004694785773754121 0.0064921873807907106
v -0.01625387787818909 0.003508583009243012 0.00651562511920929
v -0.01646794438362122 0.0023033669590950016 0.0065390622615814215
v -0.016592769622802737 0.0010856687277555467 0.0065625
v -0.016627677679061894 -0.00013791284523904327 0.006585937738418579
v -0.0165724790096283 -0.0013607470691204074 0.006609374880790711
v -0.01642747282981873 -0.002576207220554352 0.00663281261920929
v -0.016193443536758428 -0.003777706623077393 0.006656249761581421
v -0.015871661901474002 -0.004958734512329102 0.0066796875
v -0.015463869571685794 -0.006112890243530274 0.006703125238418579
v -0.014972277879714968 -0.007233920097351076 0.006726562380790711
v -0.01439954996109009 -0.00831574857234955 0.00675000011920929
v -0.013748788833618167 -0.009352513551712039 0.006773437261581421
v -0.013023521900177004 -0.010338596105575564 0.006796875
v -0.012227680683135988 -0.011268652677536012 0.006820312738418579
v -0.011365575790405275 -0.012137644290924074 0.006843749880790711
v -0.01044187903404236 -0.012940859794616701 0.00686718761920929
v -0.009461597800254823 -0.013673948049545291 0.006890624761581421
v -0.008430042862892152 -0.01433293700218201 0.0069140625
v -0.0073528051376342786 -0.014914252758026126 0.006937500238418579
v -0.0062357223033905045 -0.0154147481918335 0.006960937380790711
v -0.005084846615791322 -0.015831710100173955 0.006984375119209289
v -0.003906416296958924 -0.01616287708282471 0.007007812261581421
v -0.0027068167924880985 -0.01640645742416382 0.00703125
v -0.0014925487339496615 -0.01656112909317017 0.007054687738418579
v -0.0002701923437416554 -0.016626055240631106 0.00707812488079071
v 0.0009536281973123552 -0.01660088181495667 0.007101562619209289
v 0.002172280997037888 -0.01648574829101563 0.007124999761581421
v 0.003379161953926087 -0.016281276941299442 0.0071484375
v 0.0045677310228347786 -0.015988575220108034 0.0071718752384185794
v 0.005731546878814699 -0.01560922980308533 0.00719531238079071
v 0.00686430335044861 -0.015145297050476077 0.0072187501192092895
v 0.007959861159324648 -0.014599291086196902 0.007242187261581421
v 0.009012284278869631 -0.01397416949272156 0.007265625
v 0.010015869140625001 -0.01327332139015198 0.0072890627384185796
v 0.010965176820755007 -0.012500543594360354 0.00731249988079071
v 0.01185506343841553 -0.011660025119781496 0.00733593761920929
v 0.012680705785751345 -0.010756318569183352 0.007359374761581421
v 0.013437631130218508 -0.009794323444366457 0.0073828125000000005
v 0.014121736288070681 -0.00877925217151642 0.00740625023841858
v 0.01472931504249573 -0.007716605067253114 0.0074296873807907105
v 0.015257073640823368 -0.006612141132354738 0.00745312511920929
v 0.015702153444290164 -0.005471845269203187 0.007476562261581421
v 0.016062141656875615 -0.004301896691322328 0.0075
v 0.016335086822509767 -0.003108636140823365 0.007523437738418579
v 0.016519511938095095 -0.0018985296785831455 0.007546874880790711
v 0.016614416837692263 -0.00067813478410244 0.00757031261920929
v 0.016619285345077516 0.0005459349602460862 0.007593749761581421
v 0.016534093618392948 0.00176704615354538 0.0076171875
v 0.016359301805496218 0.0029785817861557014 0.007640625238418579
v 0.01609585762023926 0.004173975884914399 0.007664062380790711
v 0.015745187997817996 0.005346751213073732 0.00768750011920929
v 0.01530919432640076 0.0064905518293380746 0.007710937261581421
v 0.014790239334106448 0.007599179744720461 0.007734375
v 0.01419113397598267 0.008666626811027528 0.007757812738418579
v 0.013515125513076785 0.009687108397483827 0.007781249880790711
v 0.012765878438949588 0.010655095577239992 0.00780468761920929
v 0.011947450637817386 0.011565340757369997 0.007828124761581422
v 0.011064279079437259 0.012412912845611575 0.007851562500000001
v 0.01012115001678467 0.013193218708038332 0.00787500023841858
v 0.009123172760009767 0.01390202879905701 0.007898437380790711
v 0.008075756430625917 0.014535503387451175 0.00792187511920929
v 0.006984576582908632 0.01509020805358887 0.007945312261581421
v 0.005855547189712525 0.01556313753128052 0.00796875
v 0.004694785773754121 0.01595173001289368 0.00799218773841858
v 0.003508583009243012 0.01625387787818909 0.00801562488079071
v 0.0023033669590950016 0.01646794438362122 0.00803906261920929
v 0.0010856687277555467 0.016592769622802737 0.00806249976158142
v -0.00013791284523904327 0.016627677679061894 0.0080859375
v -0.0013607470691204074 0.0165724790096283 0.008109375238418579
v -0.002576207220554352 0.01642747282981873 0.008132812380790711
v -0.003777706623077393 0.016193443536758428 0.00815625011920929
v -0.004958734512329102 0.015871661901474002 0.008179687261581421
v -0.006112890243530274 0.015463869571685794 0.008203125
v -0.007233920097351076 0.014972277879714968 0.00822656273841858
v -0.00831574857234955 0.01439954996109009 0.00824999988079071
v -0.009352513551712039 0.013748788833618167 0.00827343761920929
v -0.010338596105575564 0.013023521900177004 0.00829687476158142
v -0.011268652677536012 0.012227680683135988 0.0083203125
v -0.012137644290924074 0.011365575790405275 0.008343750238418579
v -0.012940859794616701 0.01044187903404236 0.008367187380790711
v -0.013673948049545291 0.009461597800254823 0.00839062511920929
v -0.01433293700218201 0.008430042862892152 0.008414062261581421
v -0.014914252758026126 0.0073528051376342786 0.0084375
v -0.0154147481918335 0.0062357223033905045 0.00846093773841858
v -0.015831710100173955 0.005084846615791322 0.00848437488079071
v -0.01616287708282471 0.003906416296958924 0.00850781261920929
v -0.01640645742416382 0.0027068167924880985 0.00853124976158142
v -0.01656112909317017 0.0014925487339496615 0.0085546875
v -0.016626055240631106 0.0002701923437416554 0.008578125238418579
v -0.01660088181495667 -0.0009536281973123552 0.00860156238079071
v -0.01648574829101563 -0.002172280997037888 0.008625000119209289
v -0.016281276941299442 -0.003379161953926087 0.008648437261581422
v -0.015988575220108034 -0.0045677310228347786 0.008671875
v -0.01560922980308533 -0.005731546878814699 0.00869531273841858
v -0.015145297050476077 -0.00686430335044861 0.00871874988079071
v -0.014599291086196902 -0.007959861159324648 0.00874218761920929
v -0.01397416949272156 -0.009012284278869631 0.00876562476158142
v -0.01327332139015198 -0.010015869140625001 0.0087890625
v -0.012500543594360354 -0.010965176820755007 0.00881250023841858
v -0.011660025119781496 -0.01185506343841553 0.00883593738079071
v -0.010756318569183352 -0.012680705785751345 0.00885937511920929
v -0.009794323444366457 -0.013437631130218508 0.008882812261581422
v -0.00877925217151642 -0.014121736288070681 0.008906250000000001
v -0.007716605067253114 -0.01472931504249573 0.00892968773841858
v -0.006612141132354738 -0.015257073640823368 0.008953124880790711
v -0.005471845269203187 -0.015702153444290164 0.00897656261920929
v -0.004301896691322328 -0.016062141656875615 0.008999999761581421
v -0.003108636140823365 -0.016335086822509767 0.0090234375
v -0.0018985296785831455 -0.016519511938095095 0.00904687523841858
v -0.00067813478410244 -0.016614416837692263 0.00907031238079071
v 0.0005459349602460862 -0.016619285345077516 0.00909375011920929
v 0.00176704615354538 -0.016534093618392948 0.00911718726158142
v 0.0029785817861557014 -0.016359301805496218 0.009140625
v 0.004173975884914399 -0.01609585762023926 0.009164062738418579
v 0.005346751213073732 -0.015745187997817996 0.009187499880790711
v 0.0064905518293380746 -0.01530919432640076 0.00921093761920929
v 0.007599179744720461 -0.014790239334106448 0.009234374761581421
v 0.008666626811027528 -0.01419113397598267 0.0092578125
v 0.009687108397483827 -0.013515125513076785 0.00928125023841858
v 0.010655095577239992 -0.012765878438949588 0.00930468738079071
v 0.011565340757369997 -0.011947450637817386 0.00932812511920929
v 0.012412912845611575 -0.011064279079437259 0.00935156226158142
v 0.013193218708038332 -0.01012115001678467 0.009375
v 0.01390202879905701 -0.009123172760009767 0.009398437738418579
v 0.014535503387451175 -0.008075756430625917 0.009421874880790711
v 0.01509020805358887 -0.006984576582908632 0.00944531261920929
v 0.01556313753128052 -0.005855547189712525 0.009468749761581421
v 0.01595173001289368 -0.004694785773754121 0.0094921875
v 0.01625387787818909 -0.003508583009243012 0.00951562523841858
v 0.01646794438362122 -0.0023033669590950016 0.00953906238079071
v 0.016592769622802737 -0.0010856687277555467 0.00956250011920929
v 0.016627677679061894 0.00013791284523904327 0.00958593726158142
v 0.0165724790096283 0.0013607470691204074 0.009609375
v 0.01642747282981873 0.002576207220554352 0.009632812738418579
v 0.016193443536758428 0.003777706623077393 0.00965624988079071
v 0.015871661901474002 0.004958734512329102 0.009679687619209289
v 0.015463869571685794 0.006112890243530274 0.009703124761581422
v 0.014972277879714968 0.007233920097351076 0.0097265625
v 0.01439954996109009 0.00831574857234955 0.00975000023841858
v 0.013748788833618167 0.009352513551712039 0.00977343738079071
v 0.013023521900177004 0.010338596105575564 0.00979687511920929
v 0.012227680683135988 0.011268652677536012 0.009820312261581421
v 0.011365575790405275 0.012137644290924074 0.00984375
v 0.01044187903404236 0.012940859794616701 0.00986718773841858
v 0.009461597800254823 0.013673948049545291 0.00989062488079071
v 0.008430042862892152 0.01433293700218201 0.00991406261920929
v 0.0073528051376342786 0.014914252758026126 0.009937499761581422
v 0.0062357223033905045 0.0154147481918335 0.009960937500000001
v 0.005084846615791322 0.015831710100173955 0.009984375238418578
v 0.003906416296958924 0.01616287708282471 0.010007812976837158
v 0.0027068167924880985 0.01640645742416382 0.010031249523162842
v 0.0014925487339496615 0.01656112909317017 0.010054687261581421
v 0.0002701923437416554 0.016626055240631106 0.010078125
v -0.0009536281973123552 0.01660088181495667 0.01010156273841858
v -0.002172280997037888 0.01648574829101563 0.010125000476837159
v -0.003379161953926087 0.016281276941299442 0.010148437023162841
v -0.0045677310228347786 0.015988575220108034 0.01017187476158142
v -0.005731546878814699 0.01560922980308533 0.0101953125
v -0.00686430335044861 0.015145297050476077 0.010218750238418579
v -0.007959861159324648 0.014599291086196902 0.010242187976837158
v -0.009012284278869631 0.01397416949272156 0.010265624523162842
v -0.010015869140625001 0.01327332139015198 0.010289062261581421
v -0.010965176820755007 0.012500543594360354 0.0103125
v -0.01185506343841553 0.011660025119781496 0.01033593773841858
v -0.012680705785751345 0.010756318569183352 0.010359375476837159
v -0.013437631130218508 0.009794323444366457 0.010382812023162841
v -0.014121736288070681 0.00877925217151642 0.01040624976158142
v -0.01472931504249573 0.007716605067253114 0.0104296875
v -0.015257073640823368 0.006612141132354738 0.010453125238418579
v -0.015702153444290164 0.005471845269203187 0.010476562976837158
v -0.016062141656875615 0.004301896691322328 0.010499999523162842
v -0.016335086822509767 0.003108636140823365 0.010523437261581422
v -0.016519511938095095 0.0018985296785831455 0.010546875
v -0.016614416837692263 0.00067813478410244 0.01057031273841858
v -0.016619285345077516 -0.0005459349602460862 0.010593750476837159
v -0.016534093618392948 -0.00176704615354538 0.010617187023162842
v -0.016359301805496218 -0.0029785817861557014 0.01064062476158142
v -0.01609585762023926 -0.004173975884914399 0.0106640625
v -0.015745187997817996 -0.005346751213073732 0.010687500238418579
v -0.01530919432640076 -0.0064905518293380746 0.010710937976837158
v -0.014790239334106448 -0.007599179744720461 0.010734374523162843
v -0.01419113397598267 -0.008666626811027528 0.010757812261581422
v -0.013515125513076785 -0.009687108397483827 0.010781250000000001
v -0.012765878438949588 -0.010655095577239992 0.01080468773841858
v -0.011947450637817386 -0.011565340757369997 0.01082812547683716
v -0.011064279079437259 -0.012412912845611575 0.010851562023162842
v -0.01012115001678467 -0.013193218708038332 0.010874999761581421
v -0.009123172760009767 -0.01390202879905701 0.0108984375
v -0.008075756430625917 -0.014535503387451175 0.01092187523841858
v -0.006984576582908632 -0.01509020805358887 0.010945312976837158
v -0.005855547189712525 -0.01556313753128052 0.010968749523162843
v -0.004694785773754121 -0.01595173001289368 0.010992187261581422
v -0.003508583009243012 -0.01625387787818909 0.011015625
v -0.0023033669590950016 -0.01646794438362122 0.011039062738418579
v -0.0010856687277555467 -0.016592769622802737 0.011062500476837158
v 0.00013791284523904327 -0.016627677679061894 0.011085937023162842
v 0.0013607470691204074 -0.0165724790096283 0.011109374761581421
v 0.002576207220554352 -0.01642747282981873 0.0111328125
v 0.003777706623077393 -0.016193443536758428 0.01115625023841858
v 0.004958734512329102 -0.015871661901474002 0.011179687976837159
v 0.006112890243530274 -0.015463869571685794 0.011203124523162841
v 0.007233920097351076 -0.014972277879714968 0.01122656226158142
v 0.00831574857234955 -0.01439954996109009 0.01125
v 0.009352513551712039 -0.013748788833618167 0.011273437738418579
v 0.010338596105575564 -0.013023521900177004 0.011296875476837158
v 0.011268652677536012 -0.012227680683135988 0.011320312023162842
v 0.012137644290924074 -0.011365575790405275 0.011343749761581421
v 0.012940859794616701 -0.01044187903404236 0.0113671875
v 0.013673948049545291 -0.009461597800254823 0.01139062523841858
v 0.01433293700218201 -0.008430042862892152 0.011414062976837159
v 0.014914252758026126 -0.0073528051376342786 0.011437499523162841
v 0.0154147481918335 -0.0062357223033905045 0.01146093726158142
v 0.015831710100173955 -0.005084846615791322 0.011484375
v 0.01616287708282471 -0.003906416296958924 0.011507812738418579
v 0.01640645742416382 -0.0027068167924880985 0.011531250476837158
v 0.01656112909317017 -0.0014925487339496615 0.011554687023162842
v 0.016626055240631106 -0.0002701923437416554 0.011578124761581422
v 0.01660088181495667 0.0009536281973123552 0.0116015625
v 0.01648574829101563 0.002172280997037888 0.01162500023841858
v 0.016281276941299442 0.003379161953926087 0.011648437976837159
v 0.015988575220108034 0.0045677310228347786 0.011671874523162842
v 0.01560922980308533 0.005731546878814699 0.01169531226158142
v 0.015145297050476077 0.00686430335044861 0.01171875
v 0.014599291086196902 0.007959861159324648 0.01174218773841858
v 0.01397416949272156 0.009012284278869631 0.011765625476837158
v 0.01327332139015198 0.010015869140625001 0.011789062023162843
v 0.012500543594360354 0.010965176820755007 0.011812499761581422
v 0.011660025119781496 0.01185506343841553 0.011835937500000001
v 0.010756318569183352 0.012680705785751345 0.01185937523841858
v 0.009794323444366457 0.013437631130218508 0.01188281297683716
v 0.00877925217151642 0.014121736288070681 0.011906249523162842
v 0.007716605067253114 0.01472931504249573 0.011929687261581421
v 0.006612141132354738 0.015257073640823368 0.011953125
v 0.005471845269203187 0.015702153444290164 0.01197656273841858
v 0.004301896691322328 0.016062141656875615 0.012000000476837159
v 0.003108636140823365 0.016335086822509767 0.012023437023162843
v 0.0018985296785831455 0.016519511938095095 0.012046874761581422
v 0.00067813478410244 0.016614416837692263 0.0120703125
v -0.0005459349602460862 0.016619285345077516 0.012093750238418579
v -0.00176704615354538 0.016534093618392948 0.012117187976837158
v -0.0029785817861557014 0.016359301805496218 0.012140624523162842
v -0.004173975884914399 0.01609585762023926 0.012164062261581421
v -0.005346751213073732 0.015745187997817996 0.0121875
v -0.0064905518293380746 0.01530919432640076 0.01221093773841858
v -0.007599179744720461 0.014790239334106448 0.012234375476837159
v -0.008666626811027528 0.01419113397598267 0.012257812023162841
v -0.009687108397483827 0.013515125513076785 0.01228124976158142
v -0.010655095577239992 0.012765878438949588 0.0123046875
v -0.011565340757369997 0.011947450637817386 0.012328125238418579
v -0.012412912845611575 0.011064279079437259 0.012351562976837158
v -0.013193218708038332 0.01012115001678467 0.012374999523162842
v -0.01390202879905701 0.009123172760009767 0.012398437261581421
v -0.014535503387451175 0.008075756430625917 0.012421875
v -0.01509020805358887 0.006984576582908632 0.01244531273841858
v -0.01556313753128052 0.005855547189712525 0.012468750476837159
v -0.01595173001289368 0.004694785773754121 0.012492187023162842
v -0.01625387787818909 0.003508583009243012 0.01251562476158142
v -0.01646794438362122 0.0023033669590950016 0.0125390625
v -0.016592769622802737 0.0010856687277555467 0.012562500238418579
v -0.016627677679061894 -0.00013791284523904327 0.012585937976837158
v -0.0165724790096283 -0.0013607470691204074 0.012609374523162842
v -0.01642747282981873 -0.002576207220554352 0.012632812261581422
v -0.016193443536758428 -0.003777706623077393 0.01265625
v -0.015871661901474002 -0.004958734512329102 0.01267968773841858
v -0.015463869571685794 -0.006112890243530274 0.01270312547683716
v -0.014972277879714968 -0.007233920097351076 0.012726562023162842
v -0.01439954996109009 -0.00831574857234955 0.012749999761581421
v -0.013748788833618167 -0.009352513551712039 0.0127734375
v -0.013023521900177004 -0.010338596105575564 0.01279687523841858
v -0.012227680683135988 -0.011268652677536012 0.012820312976837158
v -0.011365575790405275 -0.012137644290924074 0.012843749523162843
v -0.01044187903404236 -0.012940859794616701 0.012867187261581422
v -0.009461597800254823 -0.013673948049545291 0.012890625000000001
v -0.008430042862892152 -0.01433293700218201 0.01291406273841858
v -0.0073528051376342786 -0.014914252758026126 0.012937500476837158
v -0.0062357223033905045 -0.0154147481918335 0.012960937023162842
v -0.005084846615791322 -0.015831710100173955 0.012984374761581421
v -0.003906416296958924 -0.01616287708282471 0.0130078125
v -0.0027068167924880985 -0.01640645742416382 0.01303125023841858
v -0.0014925487339496615 -0.01656112909317017 0.013054687976837159
v -0.0002701923437416554 -0.016626055240631106 0.013078124523162843
v 0.0009536281973123552 -0.01660088181495667 0.01310156226158142
v 0.002172280997037888 -0.01648574829101563 0.013125
v 0.003379161953926087 -0.016281276941299442 0.013148437738418579
v 0.0045677310228347786 -0.015988575220108034 0.013171875476837158
v 0.005731546878814699 -0.01560922980308533 0.013195312023162842
v 0.00686430335044861 -0.015145297050476077 0.013218749761581421
v 0.007959861159324648 -0.014599291086196902 0.0132421875
v 0.009012284278869631 -0.01397416949272156 0.01326562523841858
v 0.010015869140625001 -0.01327332139015198 0.013289062976837159
v 0.010965176820755007 -0.012500543594360354 0.013312499523162841
v 0.01185506343841553 -0.011660025119781496 0.01333593726158142
v 0.012680705785751345 -0.010756318569183352 0.013359375
v 0.013437631130218508 -0.009794323444366457 0.013382812738418579
v 0.014121736288070681 -0.00877925217151642 0.013406250476837158
v 0.01472931504249573 -0.007716605067253114 0.013429687023162842
v 0.015257073640823368 -0.006612141132354738 0.013453124761581422
v 0.015702153444290164 -0.005471845269203187 0.0134765625
v 0.016062141656875615 -0.004301896691322328 0.01350000023841858
v 0.016335086822509767 -0.003108636140823365 0.013523437976837159
v 0.016519511938095095 -0.0018985296785831455 0.013546874523162842
v 0.016614416837692263 -0.00067813478410244 0.01357031226158142
v 0.016619285345077516 0.0005459349602460862 0.01359375
v 0.016534093618392948 0.00176704615354538 0.013617187738418579
v 0.016359301805496218 0.0029785817861557014 0.013640625476837158
v 0.01609585762023926 0.004173975884914399 0.013664062023162843
v 0.015745187997817996 0.005346751213073732 0.013687499761581422
v 0.01530919432640076 0.0064905518293380746 0.013710937500000001
v 0.014790239334106448 0.007599179744720461 0.01373437523841858
v 0.01419113397598267 0.008666626811027528 0.01375781297683716
v 0.013515125513076785 0.009687108397483827 0.013781249523162842
v 0.012765878438949588 0.010655095577239992 0.013804687261581421
v 0.011947450637817386 0.011565340757369997 0.013828125
v 0.011064279079437259 0.012412912845611575 0.01385156273841858
v 0.01012115001678467 0.013193218708038332 0.013875000476837158
v 0.009123172760009767 0.01390202879905701 0.013898437023162843
v 0.008075756430625917 0.014535503387451175 0.013921874761581422
v 0.006984576582908632 0.01509020805358887 0.013945312500000001
v 0.005855547189712525 0.01556313753128052 0.013968750238418579
v 0.004694785773754121 0.01595173001289368 0.013992187976837158
v 0.003508583009243012 0.01625387787818909 0.014015624523162842
v 0.0023033669590950016 0.01646794438362122 0.014039062261581421
v 0.0010856687277555467 0.016592769622802737 0.0140625
v -0.00013791284523904327 0.016627677679061894 0.01408593773841858
v -0.0013607470691204074 0.0165724790096283 0.014109375476837159
v -0.002576207220554352 0.01642747282981873 0.014132812023162841
v -0.003777706623077393 0.016193443536758428 0.01415624976158142
v -0.004958734512329102 0.015871661901474002 0.0141796875
v -0.006112890243530274 0.015463869571685794 0.014203125238418579
v -0.007233920097351076 0.014972277879714968 0.014226562976837158
v -0.00831574857234955 0.01439954996109009 0.014249999523162842
v -0.009352513551712039 0.013748788833618167 0.014273437261581421
v -0.010338596105575564 0.013023521900177004 0.014296875
v -0.011268652677536012 0.012227680683135988 0.01432031273841858
v -0.012137644290924074 0.011365575790405275 0.014343750476837159
v -0.012940859794616701 0.01044187903404236 0.014367187023162841
v -0.013673948049545291 0.009461597800254823 0.01439062476158142
v -0.01433293700218201 0.008430042862892152 0.0144140625
v -0.014914252758026126 0.0073528051376342786 0.014437500238418579
v -0.0154147481918335 0.0062357223033905045 0.014460937976837158
v -0.015831710100173955 0.005084846615791322 0.014484374523162842
v -0.01616287708282471 0.003906416296958924 0.014507812261581422
v -0.01640645742416382 0.0027068167924880985 0.01453125
v -0.01656112909317017 0.0014925487339496615 0.01455468773841858
v -0.016626055240631106 0.0002701923437416554 0.014578125476837159
v -0.01660088181495667 -0.0009536281973123552 0.014601562023162842
v -0.01648574829101563 -0.002172280997037888 0.01462499976158142
v -0.016281276941299442 -0.003379161953926087 0.0146484375
v -0.015988575220108034 -0.0045677310228347786 0.01467187523841858
v -0.01560922980308533 -0.005731546878814699 0.014695312976837158
v -0.015145297050476077 -0.00686430335044861 0.014718749523162843
v -0.014599291086196902 -0.007959861159324648 0.014742187261581422
v -0.01397416949272156 -0.009012284278869631 0.014765625000000001
v -0.01327332139015198 -0.010015869140625001 0.01478906273841858
v -0.012500543594360354 -0.010965176820755007 0.01481250047683716
v -0.011660025119781496 -0.01185506343841553 0.014835937023162842
v -0.010756318569183352 -0.012680705785751345 0.014859374761581421
v -0.009794323444366457 -0.013437631130218508 0.0148828125
v -0.00877925217151642 -0.014121736288070681 0.01490625023841858
v -0.007716605067253114 -0.01472931504249573 0.014929687976837159
v -0.006612141132354738 -0.015257073640823368 0.014953124523162843
v -0.005471845269203187 -0.015702153444290164 0.014976562261581422
v -0.004301896691322328 -0.016062141656875615 0.015
v -0.003108636140823365 -0.016335086822509767 0.015023437738418579
v -0.0018985296785831455 -0.016519511938095095 0.015046875476837158
v -0.00067813478410244 -0.016614416837692263 0.015070312023162842
v 0.0005459349602460862 -0.016619285345077516 0.015093749761581421
v 0.00176704615354538 -0.016534093618392948 0.0151171875
v 0.0029785817861557014 -0.016359301805496218 0.01514062523841858
v 0.004173975884914399 -0.01609585762023926 0.015164062976837159
v 0.005346751213073732 -0.015745187997817996 0.015187499523162841
v 0.0064905518293380746 -0.01530919432640076 0.01521093726158142
v 0.007599179744720461 -0.014790239334106448 0.015234375
v 0.008666626811027528 -0.01419113397598267 0.015257812738418579
v 0.009687108397483827 -0.013515125513076785 0.015281250476837158
v 0.010655095577239992 -0.012765878438949588 0.015304687023162842
v 0.011565340757369997 -0.011947450637817386 0.015328124761581421
v 0.012412912845611575 -0.011064279079437259 0.0153515625
v 0.013193218708038332 -0.01012115001678467 0.01537500023841858
v 0.01390202879905701 -0.009123172760009767 0.015398437976837159
v 0.014535503387451175 -0.008075756430625917 0.015421874523162842
v 0.01509020805358887 -0.006984576582908632 0.01544531226158142
v 0.01556313753128052 -0.005855547189712525 0.01546875
v 0.01595173001289368 -0.004694785773754121 0.015492187738418579
v 0.01625387787818909 -0.003508583009243012 0.015515625476837158
v 0.01646794438362122 -0.0023033669590950016 0.015539062023162842
v 0.016592769622802737 -0.0010856687277555467 0.015562499761581422
v 0.016627677679061894 0.00013791284523904327 0.0155859375
v 0.0165724790096283 0.0013607470691204074 0.01560937523841858
v 0.01642747282981873 0.002576207220554352 0.01563281297683716
v 0.016193443536758428 0.003777706623077393 0.015656249523162843
v 0.015871661901474002 0.004958734512329102 0.01567968726158142
v 0.015463869571685794 0.006112890243530274 0.015703125000000002
v 0.014972277879714968 0.007233920097351076 0.01572656273841858
v 0.01439954996109009 0.00831574857234955 0.01575000047683716
v 0.013748788833618167 0.009352513551712039 0.01577343702316284
v 0.013023521900177004 0.010338596105575564 0.015796874761581422
v 0.012227680683135988 0.011268652677536012 0.0158203125
v 0.011365575790405275 0.012137644290924074 0.01584375023841858
v 0.01044187903404236 0.012940859794616701 0.015867187976837158
v 0.009461597800254823 0.013673948049545291 0.015890624523162842
v 0.008430042862892152 0.01433293700218201 0.015914062261581423
v 0.0073528051376342786 0.014914252758026126 0.0159375
v 0.0062357223033905045 0.0154147481918335 0.015960937738418578
v 0.005084846615791322 0.015831710100173955 0.01598437547683716
v 0.003906416296958924 0.01616287708282471 0.016007812023162843
v 0.0027068167924880985 0.01640645742416382 0.01603124976158142
v 0.0014925487339496615 0.01656112909317017 0.0160546875
v 0.0002701923437416554 0.016626055240631106 0.01607812523841858
v -0.0009536281973123552 0.01660088181495667 0.01610156297683716
v -0.002172280997037888 0.01648574829101563 0.01612499952316284
v -0.003379161953926087 0.016281276941299442 0.01614843726158142
v -0.0045677310228347786 0.015988575220108034 0.016171875
v -0.005731546878814699 0.01560922980308533 0.01619531273841858
v -0.00686430335044861 0.015145297050476077 0.016218750476837157
v -0.007959861159324648 0.014599291086196902 0.01624218702316284
v -0.009012284278869631 0.01397416949272156 0.016265624761581422
v -0.010015869140625001 0.01327332139015198 0.0162890625
v -0.010965176820755007 0.012500543594360354 0.01631250023841858
v -0.01185506343841553 0.011660025119781496 0.016335937976837158
v -0.012680705785751345 0.010756318569183352 0.016359374523162842
v -0.013437631130218508 0.009794323444366457 0.01638281226158142
v -0.014121736288070681 0.00877925217151642 0.01640625
v -0.01472931504249573 0.007716605067253114 0.016429687738418578
v -0.015257073640823368 0.006612141132354738 0.01645312547683716
v -0.015702153444290164 0.005471845269203187 0.016476562023162843
v -0.016062141656875615 0.004301896691322328 0.01649999976158142
v -0.016335086822509767 0.003108636140823365 0.0165234375
v -0.016519511938095095 0.0018985296785831455 0.01654687523841858
v -0.016614416837692263 0.00067813478410244 0.01657031297683716
v -0.016619285345077516 -0.0005459349602460862 0.01659374952316284
v -0.016534093618392948 -0.00176704615354538 0.01661718726158142
v -0.016359301805496218 -0.0029785817861557014 0.016640625
v -0.01609585762023926 -0.004173975884914399 0.01666406273841858
v -0.015745187997817996 -0.005346751213073732 0.016687500476837158
v -0.01530919432640076 -0.0064905518293380746 0.016710937023162842
v -0.014790239334106448 -0.007599179744720461 0.016734374761581423
v -0.01419113397598267 -0.008666626811027528 0.0167578125
v -0.013515125513076785 -0.009687108397483827 0.01678125023841858
v -0.012765878438949588 -0.010655095577239992 0.01680468797683716
v -0.011947450637817386 -0.011565340757369997 0.016828124523162843
v -0.011064279079437259 -0.012412912845611575 0.01685156226158142
v -0.01012115001678467 -0.013193218708038332 0.016875
v -0.009123172760009767 -0.01390202879905701 0.01689843773841858
v -0.008075756430625917 -0.014535503387451175 0.01692187547683716
v -0.006984576582908632 -0.01509020805358887 0.016945312023162844
v -0.005855547189712525 -0.01556313753128052 0.01696874976158142
v -0.004694785773754121 -0.01595173001289368 0.016992187500000002
v -0.003508583009243012 -0.01625387787818909 0.01701562523841858
v -0.0023033669590950016 -0.01646794438362122 0.017039062976837157
v -0.0010856687277555467 -0.016592769622802737 0.01706249952316284
v 0.00013791284523904327 -0.016627677679061894 0.017085937261581422
v 0.0013607470691204074 -0.0165724790096283 0.017109375
v 0.002576207220554352 -0.01642747282981873 0.01713281273841858
v 0.003777706623077393 -0.016193443536758428 0.017156250476837158
v 0.004958734512329102 -0.015871661901474002 0.017179687023162842
v 0.006112890243530274 -0.015463869571685794 0.01720312476158142
v 0.007233920097351076 -0.014972277879714968 0.0172265625
v 0.00831574857234955 -0.01439954996109009 0.017250000238418578
v 0.009352513551712039 -0.013748788833618167 0.01727343797683716
v 0.010338596105575564 -0.013023521900177004 0.017296874523162843
v 0.011268652677536012 -0.012227680683135988 0.01732031226158142
v 0.012137644290924074 -0.011365575790405275 0.01734375
v 0.012940859794616701 -0.01044187903404236 0.01736718773841858
v 0.013673948049545291 -0.009461597800254823 0.01739062547683716
v 0.01433293700218201 -0.008430042862892152 0.01741406202316284
v 0.014914252758026126 -0.0073528051376342786 0.01743749976158142
v 0.0154147481918335 -0.0062357223033905045 0.0174609375
v 0.015831710100173955 -0.005084846615791322 0.01748437523841858
v 0.01616287708282471 -0.003906416296958924 0.017507812976837157
v 0.01640645742416382 -0.0027068167924880985 0.01753124952316284
v 0.01656112909317017 -0.0014925487339496615 0.017554687261581423
v 0.016626055240631106 -0.0002701923437416554 0.017578125
v 0.01660088181495667 0.0009536281973123552 0.01760156273841858
v 0.01648574829101563 0.002172280997037888 0.01762500047683716
v 0.016281276941299442 0.003379161953926087 0.017648437023162843
v 0.015988575220108034 0.0045677310228347786 0.01767187476158142
v 0.01560922980308533 0.005731546878814699 0.0176953125
v 0.015145297050476077 0.00686430335044861 0.01771875023841858
v 0.014599291086196902 0.007959861159324648 0.01774218797683716
v 0.01397416949272156 0.009012284278869631 0.017765624523162844
v 0.01327332139015198 0.010015869140625001 0.01778906226158142
v 0.012500543594360354 0.010965176820755007 0.017812500000000002
v 0.011660025119781496 0.01185506343841553 0.01783593773841858
v 0.010756318569183352 0.012680705785751345 0.01785937547683716
v 0.009794323444366457 0.013437631130218508 0.01788281202316284
v 0.00877925217151642 0.014121736288070681 0.017906249761581422
v 0.007716605067253114 0.01472931504249573 0.0179296875
v 0.006612141132354738 0.015257073640823368 0.01795312523841858
v 0.005471845269203187 0.015702153444290164 0.017976562976837158
v 0.004301896691322328 0.016062141656875615 0.017999999523162842
v 0.003108636140823365 0.016335086822509767 0.018023437261581423
v 0.0018985296785831455 0.016519511938095095 0.018046875
v 0.00067813478410244 0.016614416837692263 0.018070312738418578
v -0.0005459349602460862 0.016619285345077516 0.01809375047683716
v -0.00176704615354538 0.016534093618392948 0.018117187023162843
v -0.0029785817861557014 0.016359301805496218 0.01814062476158142
v -0.004173975884914399 0.01609585762023926 0.0181640625
v -0.005346751213073732 0.015745187997817996 0.01818750023841858
v -0.0064905518293380746 0.01530919432640076 0.01821093797683716
v -0.007599179744720461 0.014790239334106448 0.01823437452316284
v -0.008666626811027528 0.01419113397598267 0.01825781226158142
v -0.009687108397483827 0.013515125513076785 0.01828125
v -0.010655095577239992 0.012765878438949588 0.01830468773841858
v -0.011565340757369997 0.011947450637817386 0.018328125476837157
v -0.012412912845611575 0.011064279079437259 0.01835156202316284
v -0.013193218708038332 0.01012115001678467 0.018374999761581422
v -0.01390202879905701 0.009123172760009767 0.0183984375
v -0.014535503387451175 0.008075756430625917 0.01842187523841858
v -0.01509020805358887 0.006984576582908632 0.018445312976837158
v -0.01556313753128052 0.005855547189712525 0.018468749523162842
v -0.01595173001289368 0.004694785773754121 0.01849218726158142
v -0.01625387787818909 0.003508583009243012 0.018515625
v -0.01646794438362122 0.0023033669590950016 0.01853906273841858
v -0.016592769622802737 0.0010856687277555467 0.01856250047683716
v -0.016627677679061894 -0.00013791284523904327 0.018585937023162843
v -0.0165724790096283 -0.0013607470691204074 0.01860937476158142
v -0.01642747282981873 -0.002576207220554352 0.018632812500000002
v -0.016193443536758428 -0.003777706623077393 0.01865625023841858
v -0.015871661901474002 -0.004958734512329102 0.01867968797683716
v -0.015463869571685794 -0.006112890243530274 0.01870312452316284
v -0.014972277879714968 -0.007233920097351076 0.018726562261581422
v -0.01439954996109009 -0.00831574857234955 0.01875
v -0.013748788833618167 -0.009352513551712039 0.01877343773841858
v -0.013023521900177004 -0.010338596105575564 0.018796875476837158
v -0.012227680683135988 -0.011268652677536012 0.018820312023162842
v -0.011365575790405275 -0.012137644290924074 0.018843749761581423
v -0.01044187903404236 -0.012940859794616701 0.0188671875
v -0.009461597800254823 -0.013673948049545291 0.01889062523841858
v -0.008430042862892152 -0.01433293700218201 0.01891406297683716
v -0.0073528051376342786 -0.014914252758026126 0.018937499523162843
v -0.0062357223033905045 -0.0154147481918335 0.01896093726158142
v -0.005084846615791322 -0.015831710100173955 0.018984375
v -0.003906416296958924 -0.01616287708282471 0.01900781273841858
v -0.0027068167924880985 -0.01640645742416382 0.01903125047683716
v -0.0014925487339496615 -0.01656112909317017 0.019054687023162844
v -0.0002701923437416554 -0.016626055240631106 0.01907812476158142
v 0.0009536281973123552 -0.01660088181495667 0.0191015625
v 0.002172280997037888 -0.01648574829101563 0.01912500023841858
v 0.003379161953926087 -0.016281276941299442 0.019148437976837157
v 0.0045677310228347786 -0.015988575220108034 0.01917187452316284
v 0.005731546878814699 -0.01560922980308533 0.019195312261581422
v 0.00686430335044861 -0.015145297050476077 0.01921875
v 0.007959861159324648 -0.014599291086196902 0.01924218773841858
v 0.009012284278869631 -0.01397416949272156 0.019265625476837158
v 0.010015869140625001 -0.01327332139015198 0.019289062023162842
v 0.010965176820755007 -0.012500543594360354 0.01931249976158142
v 0.01185506343841553 -0.011660025119781496 0.0193359375
v 0.012680705785751345 -0.010756318569183352 0.019359375238418578
v 0.013437631130218508 -0.009794323444366457 0.01938281297683716
v 0.014121736288070681 -0.00877925217151642 0.019406249523162843
v 0.01472931504249573 -0.007716605067253114 0.01942968726158142
v 0.015257073640823368 -0.006612141132354738 0.019453125
v 0.015702153444290164 -0.005471845269203187 0.01947656273841858
v 0.016062141656875615 -0.004301896691322328 0.01950000047683716
v 0.016335086822509767 -0.003108636140823365 0.01952343702316284
v 0.016519511938095095 -0.0018985296785831455 0.01954687476158142
v 0.016614416837692263 -0.00067813478410244 0.0195703125
v 0.016619285345077516 0.0005459349602460862 0.01959375023841858
v 0.016534093618392948 0.00176704615354538 0.019617187976837158
v 0.016359301805496218 0.0029785817861557014 0.019640624523162842
v 0.01609585762023926 0.004173975884914399 0.019664062261581423
v 0.015745187997817996 0.005346751213073732 0.0196875
v 0.01530919432640076 0.0064905518293380746 0.01971093773841858
v 0.014790239334106448 0.007599179744720461 0.01973437547683716
v 0.01419113397598267 0.008666626811027528 0.019757812023162843
v 0.013515125513076785 0.009687108397483827 0.01978124976158142
v 0.012765878438949588 0.010655095577239992 0.0198046875
v 0.011947450637817386 0.011565340757369997 0.01982812523841858
v 0.011064279079437259 0.012412912845611575 0.01985156297683716
v 0.01012115001678467 0.013193218708038332 0.019874999523162844
v 0.009123172760009767 0.01390202879905701 0.01989843726158142
v 0.008075756430625917 0.014535503387451175 0.019921875000000002
v 0.006984576582908632 0.01509020805358887 0.01994531273841858
v 0.005855547189712525 0.01556313753128052 0.019968750476837157
v 0.004694785773754121 0.01595173001289368 0.01999218702316284
v 0.003508583009243012 0.01625387787818909 0.020015625953674315
v 0.0023033669590950016 0.01646794438362122 0.0200390625
v 0.0010856687277555467 0.016592769622802737 0.020062499046325684
v -0.00013791284523904327 0.016627677679061894 0.020085937976837158
v -0.0013607470691204074 0.0165724790096283 0.020109374523162842
v -0.002576207220554352 0.01642747282981873 0.020132813453674316
v -0.003777706623077393 0.016193443536758428 0.02015625
v -0.004958734512329102 0.015871661901474002 0.020179686546325685
v -0.006112890243530274 0.015463869571685794 0.02020312547683716
v -0.007233920097351076 0.014972277879714968 0.020226562023162843
v -0.00831574857234955 0.01439954996109009 0.020250000953674317
v -0.009352513551712039 0.013748788833618167 0.0202734375
v -0.010338596105575564 0.013023521900177004 0.020296874046325682
v -0.011268652677536012 0.012227680683135988 0.02032031297683716
v -0.012137644290924074 0.011365575790405275 0.02034374952316284
v -0.012940859794616701 0.01044187903404236 0.020367188453674318
v -0.013673948049545291 0.009461597800254823 0.020390625
v -0.01433293700218201 0.008430042862892152 0.020414061546325683
v -0.014914252758026126 0.0073528051376342786 0.020437500476837157
v -0.0154147481918335 0.0062357223033905045 0.02046093702316284
v -0.015831710100173955 0.005084846615791322 0.020484375953674316
v -0.01616287708282471 0.003906416296958924 0.0205078125
v -0.01640645742416382 0.0027068167924880985 0.020531249046325684
v -0.01656112909317017 0.0014925487339496615 0.02055468797683716
v -0.016626055240631106 0.0002701923437416554 0.020578124523162843
v -0.01660088181495667 -0.0009536281973123552 0.020601563453674317
v -0.01648574829101563 -0.002172280997037888 0.020625
v -0.016281276941299442 -0.003379161953926087 0.020648436546325685
v -0.015988575220108034 -0.0045677310228347786 0.02067187547683716
v -0.01560922980308533 -0.005731546878814699 0.020695312023162844
v -0.015145297050476077 -0.00686430335044861 0.020718750953674318
v -0.014599291086196902 -0.007959861159324648 0.020742187500000002
v -0.01397416949272156 -0.009012284278869631 0.020765624046325683
v -0.01327332139015198 -0.010015869140625001 0.02078906297683716
v -0.012500543594360354 -0.010965176820755007 0.02081249952316284
v -0.011660025119781496 -0.01185506343841553 0.020835938453674315
v -0.010756318569183352 -0.012680705785751345 0.020859375
v -0.009794323444366457 -0.013437631130218508 0.020882811546325684
v -0.00877925217151642 -0.014121736288070681 0.020906250476837158
v -0.007716605067253114 -0.01472931504249573 0.020929687023162842
v -0.006612141132354738 -0.015257073640823368 0.020953125953674316
v -0.005471845269203187 -0.015702153444290164 0.0209765625
v -0.004301896691322328 -0.016062141656875615 0.020999999046325685
v -0.003108636140823365 -0.016335086822509767 0.02102343797683716
v -0.0018985296785831455 -0.016519511938095095 0.021046874523162843
v -0.00067813478410244 -0.016614416837692263 0.021070313453674317
v 0.0005459349602460862 -0.016619285345077516 0.02109375
v 0.00176704615354538 -0.016534093618392948 0.021117186546325686
v 0.0029785817861557014 -0.016359301805496218 0.02114062547683716
v 0.004173975884914399 -0.01609585762023926 0.02116406202316284
v 0.005346751213073732 -0.015745187997817996 0.021187500953674318
v 0.0064905518293380746 -0.01530919432640076 0.0212109375
v 0.007599179744720461 -0.014790239334106448 0.021234374046325683
v 0.008666626811027528 -0.01419113397598267 0.021257812976837157
v 0.009687108397483827 -0.013515125513076785 0.02128124952316284
v 0.010655095577239992 -0.012765878438949588 0.021304688453674316
v 0.011565340757369997 -0.011947450637817386 0.021328125
v 0.012412912845611575 -0.011064279079437259 0.021351561546325684
v 0.013193218708038332 -0.01012115001678467 0.021375000476837158
v 0.01390202879905701 -0.009123172760009767 0.021398437023162842
v 0.014535503387451175 -0.008075756430625917 0.021421875953674317
v 0.01509020805358887 -0.006984576582908632 0.0214453125
v 0.01556313753128052 -0.005855547189712525 0.021468749046325685
v 0.01595173001289368 -0.004694785773754121 0.02149218797683716
v 0.01625387787818909 -0.003508583009243012 0.021515624523162843
v 0.01646794438362122 -0.0023033669590950016 0.021539063453674318
v 0.016592769622802737 -0.0010856687277555467 0.021562500000000002
v 0.016627677679061894 0.00013791284523904327 0.021585936546325683
v 0.0165724790096283 0.0013607470691204074 0.02160937547683716
v 0.01642747282981873 0.002576207220554352 0.02163281202316284
v 0.016193443536758428 0.003777706623077393 0.02165625095367432
v 0.015871661901474002 0.004958734512329102 0.0216796875
v 0.015463869571685794 0.006112890243530274 0.021703124046325684
v 0.014972277879714968 0.007233920097351076 0.021726562976837158
v 0.01439954996109009 0.00831574857234955 0.021749999523162842
v 0.013748788833618167 0.009352513551712039 0.021773438453674316
v 0.013023521900177004 0.010338596105575564 0.021796875
v 0.012227680683135988 0.011268652677536012 0.021820311546325685
v 0.011365575790405275 0.012137644290924074 0.02184375047683716
v 0.01044187903404236 0.012940859794616701 0.021867187023162843
v 0.009461597800254823 0.013673948049545291 0.021890625953674317
v 0.008430042862892152 0.01433293700218201 0.0219140625
v 0.0073528051376342786 0.014914252758026126 0.021937499046325686
v 0.0062357223033905045 0.0154147481918335 0.02196093797683716
v 0.005084846615791322 0.015831710100173955 0.021984374523162844
v 0.003906416296958924 0.01616287708282471 0.022007813453674318
v 0.0027068167924880985 0.01640645742416382 0.02203125
v 0.0014925487339496615 0.01656112909317017 0.022054686546325683
v 0.0002701923437416554 0.016626055240631106 0.022078125476837157
v -0.0009536281973123552 0.01660088181495667 0.02210156202316284
v -0.002172280997037888 0.01648574829101563 0.022125000953674315
v -0.003379161953926087 0.016281276941299442 0.0221484375
v -0.0045677310228347786 0.015988575220108034 0.022171874046325684
v -0.005731546878814699 0.01560922980308533 0.022195312976837158
v -0.00686430335044861 0.015145297050476077 0.022218749523162842
v -0.007959861159324648 0.014599291086196902 0.022242188453674316
v -0.009012284278869631 0.01397416949272156 0.022265625
v -0.010015869140625001 0.01327332139015198 0.022289061546325685
v -0.010965176820755007 0.012500543594360354 0.02231250047683716
v -0.01185506343841553 0.011660025119781496 0.022335937023162843
v -0.012680705785751345 0.010756318569183352 0.022359375953674317
v -0.013437631130218508 0.009794323444366457 0.0223828125
v -0.014121736288070681 0.00877925217151642 0.022406249046325682
v -0.01472931504249573 0.007716605067253114 0.02242968797683716
v -0.015257073640823368 0.006612141132354738 0.02245312452316284
v -0.015702153444290164 0.005471845269203187 0.02247656345367432
v -0.016062141656875615 0.004301896691322328 0.0225
v -0.016335086822509767 0.003108636140823365 0.022523436546325683
v -0.016519511938095095 0.0018985296785831455 0.022546875476837158
v -0.016614416837692263 0.00067813478410244 0.022570312023162842
v -0.016619285345077516 -0.0005459349602460862 0.022593750953674316
v -0.016534093618392948 -0.00176704615354538 0.0226171875
v -0.016359301805496218 -0.0029785817861557014 0.022640624046325684
v -0.01609585762023926 -0.004173975884914399 0.02266406297683716
v -0.015745187997817996 -0.005346751213073732 0.022687499523162843
v -0.01530919432640076 -0.0064905518293380746 0.022710938453674317
v -0.014790239334106448 -0.007599179744720461 0.022734375
v -0.01419113397598267 -0.008666626811027528 0.022757811546325685
v -0.013515125513076785 -0.009687108397483827 0.02278125047683716
v -0.012765878438949588 -0.010655095577239992 0.022804687023162844
v -0.011947450637817386 -0.011565340757369997 0.022828125953674318
v -0.011064279079437259 -0.012412912845611575 0.022851562500000002
v -0.01012115001678467 -0.013193218708038332 0.022874999046325683
v -0.009123172760009767 -0.01390202879905701 0.022898437976837157
v -0.008075756430625917 -0.014535503387451175 0.02292187452316284
v -0.006984576582908632 -0.01509020805358887 0.022945313453674315
v -0.005855547189712525 -0.01556313753128052 0.02296875
v -0.004694785773754121 -0.01595173001289368 0.022992186546325684
v -0.003508583009243012 -0.01625387787818909 0.023015625476837158
v -0.0023033669590950016 -0.01646794438362122 0.023039062023162842
v -0.0010856687277555467 -0.016592769622802737 0.023062500953674316
v 0.00013791284523904327 -0.016627677679061894 0.0230859375
v 0.0013607470691204074 -0.0165724790096283 0.023109374046325685
v 0.002576207220554352 -0.01642747282981873 0.02313281297683716
v 0.003777706623077393 -0.016193443536758428 0.023156249523162843
v 0.004958734512329102 -0.015871661901474002 0.023179688453674317
v 0.006112890243530274 -0.015463869571685794 0.023203125
v 0.007233920097351076 -0.014972277879714968 0.023226561546325682
v 0.00831574857234955 -0.01439954996109009 0.02325000047683716
v 0.009352513551712039 -0.013748788833618167 0.02327343702316284
v 0.010338596105575564 -0.013023521900177004 0.023296875953674318
v 0.011268652677536012 -0.012227680683135988 0.0233203125
v 0.012137644290924074 -0.011365575790405275 0.023343749046325683
v 0.012940859794616701 -0.01044187903404236 0.023367187976837157
v 0.013673948049545291 -0.009461597800254823 0.02339062452316284
v 0.01433293700218201 -0.008430042862892152 0.023414063453674316
v 0.014914252758026126 -0.0073528051376342786 0.0234375
v 0.0154147481918335 -0.0062357223033905045 0.023460936546325684
v 0.015831710100173955 -0.005084846615791322 0.02348437547683716
v 0.01616287708282471 -0.003906416296958924 0.023507812023162843
v 0.01640645742416382 -0.0027068167924880985 0.023531250953674317
v 0.01656112909317017 -0.0014925487339496615 0.0235546875
v 0.016626055240631106 -0.0002701923437416554 0.023578124046325685
v 0.01660088181495667 0.0009536281973123552 0.02360156297683716
v 0.01648574829101563 0.002172280997037888 0.023624999523162844
v 0.016281276941299442 0.003379161953926087 0.023648438453674318
v 0.015988575220108034 0.0045677310228347786 0.023671875000000002
v 0.01560922980308533 0.005731546878814699 0.023695311546325683
v 0.015145297050476077 0.00686430335044861 0.02371875047683716
v 0.014599291086196902 0.007959861159324648 0.02374218702316284
v 0.01397416949272156 0.009012284278869631 0.02376562595367432
v 0.01327332139015198 0.010015869140625001 0.0237890625
v 0.012500543594360354 0.010965176820755007 0.023812499046325684
v 0.011660025119781496 0.01185506343841553 0.023835937976837158
v 0.010756318569183352 0.012680705785751345 0.023859374523162842
v 0.009794323444366457 0.013437631130218508 0.023882813453674316
v 0.00877925217151642 0.014121736288070681 0.02390625
v 0.007716605067253114 0.01472931504249573 0.023929686546325685
v 0.006612141132354738 0.015257073640823368 0.02395312547683716
v 0.005471845269203187 0.015702153444290164 0.023976562023162843
v -0.016619285345077516 -0.0005459349602460862 0.022593750953674316
v -0.01660088181495667 -0.0009536281973123552 0.020601563453674317
v -0.016627677679061894 -0.00013791284523904327 0.018585937023162843
v -0.016619285345077516 -0.0005459349602460862 0.01659374952316284
v -0.01660088181495667 -0.0009536281973123552 0.014601562023162842
v -0.016627677679061894 -0.00013791284523904327 0.012585937976837158
v -0.016619285345077516 -0.0005459349602460862 0.010593750476837159
v -0.01660088181495667 -0.0009536281973123552 0.00860156238079071
v -0.016627677679061894 -0.00013791284523904327 0.006585937738418579
v -0.016619285345077516 -0.0005459349602460862 0.004593749940395356
v -0.01660088181495667 -0.0009536281973123552 0.002601562440395355
v -0.016627677679061894 -0.00013791284523904327 0.0005859375
v -0.016614416837692263 -0.00067813478410244 0.02242968797683716
v -0.016592769622802737 -0.0010856687277555467 0.020437500476837157
v -0.016626055240631106 -0.0002701923437416554 0.01842187523841858
v -0.016614416837692263 -0.00067813478410244 0.016429687738418578
v -0.016592769622802737 -0.0010856687277555467 0.014437500238418579
v -0.016626055240631106 -0.0002701923437416554 0.012421875
v -0.016614416837692263 -0.00067813478410244 0.0104296875
v -0.016592769622802737 -0.0010856687277555467 0.0084375
v -0.016626055240631106 -0.0002701923437416554 0.006421874761581421
v -0.016614416837692263 -0.00067813478410244 0.004429687559604645
v -0.016592769622802737 -0.0010856687277555467 0.002437500059604645
v -0.016626055240631106 -0.0002701923437416554 0.0004218750074505806
v 0.011693054437637332 -0.010191730260849002 0.024000000953674317
v 0.012984350919723513 -0.008616920709609987 0.024000000953674317
v 0.014059431552886966 -0.0068864798545837415 0.024000000953674317
v 0.014900196790695193 -0.005031974911689759 0.024000000953674317
v 0.015494407415390017 -0.0030832973122596747 0.024000000953674317
v 0.01583217859268189 -0.0010798533260822298 0.024000000953674317
v 0.01591105461120606 0.0009495975077152254 0.024000000953674317
v 0.015730181932449343 0.0029784244298934944 0.024000000953674317
v 0.015294212102890017 0.004963698685169221 0.024000000953674317
v 0.014611585140228275 0.006876967549324037 0.024000000953674317
v 0.013691053390502932 0.008694411516189576 0.024000000953674317
v 0.012552016973495487 0.010379184484481814 0.024000000953674317
v 0.011213146448135378 0.01190739989280701 0.024000000953674317
v 0.009690638184547426 0.013261184692382815 0.024000000953674317
v 0.008014090657234194 0.01441479563713074 0.024000000953674317
v 0.00621086895465851 0.015351799726486209 0.024000000953674317
v 0.004301896691322328 0.016062141656875615 0.024000000953674317
v 0.005471845269203187 0.015702153444290164 0.023976562023162843
v 0.006612141132354738 0.015257073640823368 0.02395312547683716
v 0.007716605067253114 0.01472931504249573 0.023929686546325685
v 0.00877925217151642 0.014121736288070681 0.02390625
v 0.009794323444366457 0.013437631130218508 0.023882813453674316
v 0.010756318569183352 0.012680705785751345 0.023859374523162842
v 0.011660025119781496 0.01185506343841553 0.023835937976837158
v 0.012500543594360354 0.010965176820755007 0.023812499046325684
v 0.01327332139015198 0.010015869140625001 0.0237890625
v 0.01397416949272156 0.009012284278869631 0.02376562595367432
v 0.014599291086196902 0.007959861159324648 0.02374218702316284
v 0.015145297050476077 0.00686430335044861 0.02371875047683716
v 0.01560922980308533 0.005731546878814699 0.023695311546325683
v 0.015988575220108034 0.0045677310228347786 0.023671875000000002
v 0.016281276941299442 0.003379161953926087 0.023648438453674318
v 0.01648574829101563 0.002172280997037888 0.023624999523162844
v 0.01660088181495667 0.0009536281973123552 0.02360156297683716
v 0.016626055240631106 -0.0002701923437416554 0.023578124046325685
v 0.01656112909317017 -0.0014925487339496615 0.0235546875
v 0.01640645742416382 -0.0027068167924880985 0.023531250953674317
v 0.01616287708282471 -0.003906416296958924 0.023507812023162843
v 0.015831710100173955 -0.005084846615791322 0.02348437547683716
v 0.0154147481918335 -0.0062357223033905045 0.023460936546325684
v 0.014914252758026126 -0.0073528051376342786 0.0234375
v 0.01433293700218201 -0.008430042862892152 0.023414063453674316
v 0.013673948049545291 -0.009461597800254823 0.02339062452316284
v 0.012940859794616701 -0.01044187903404236 0.023367187976837157
v 0.012137644290924074 -0.011365575790405275 0.023343749046325683
v 0.011268652677536012 -0.012227680683135988 0.0233203125
v 0.010338596105575564 -0.013023521900177004 0.023296875953674318
v 0.009352513551712039 -0.013748788833618167 0.02327343702316284
v 0.00831574857234955 -0.01439954996109009 0.02325000047683716
v 0.007233920097351076 -0.014972277879714968 0.023226561546325682
v 0.006112890243530274 -0.015463869571685794 0.023203125
v 0.004958734512329102 -0.015871661901474002 0.023179688453674317
v 0.003777706623077393 -0.016193443536758428 0.023156249523162843
v 0.002576207220554352 -0.01642747282981873 0.02313281297683716
v 0.0013607470691204074 -0.0165724790096283 0.023109374046325685
v 0.00013791284523904327 -0.016627677679061894 0.0230859375
v -0.0010856687277555467 -0.016592769622802737 0.023062500953674316
v -0.0023033669590950016 -0.01646794438362122 0.023039062023162842
v -0.003508583009243012 -0.01625387787818909 0.023015625476837158
v -0.004694785773754121 -0.01595173001289368 0.022992186546325684
v -0.005855547189712525 -0.01556313753128052 0.02296875
v -0.006984576582908632 -0.01509020805358887 0.022945313453674315
v -0.008075756430625917 -0.014535503387451175 0.02292187452316284
v -0.009123172760009767 -0.01390202879905701 0.022898437976837157
v -0.01012115001678467 -0.013193218708038332 0.022874999046325683
v -0.011064279079437259 -0.012412912845611575 0.022851562500000002
v -0.011947450637817386 -0.011565340757369997 0.022828125953674318
v -0.012765878438949588 -0.010655095577239992 0.022804687023162844
v -0.013515125513076785 -0.009687108397483827 0.02278125047683716
v -0.01419113397598267 -0.008666626811027528 0.022757811546325685
v -0.014790239334106448 -0.007599179744720461 0.022734375
v -0.01530919432640076 -0.0064905518293380746 0.022710938453674317
v -0.015745187997817996 -0.005346751213073732 0.022687499523162843
v -0.01609585762023926 -0.004173975884914399 0.02266406297683716
v -0.016359301805496218 -0.0029785817861557014 0.022640624046325684
v -0.016534093618392948 -0.00176704615354538 0.0226171875
v -0.016619285345077516 -0.0005459349602460862 0.022593750953674316
v -0.016614416837692263 0.00067813478410244 0.022570312023162842
v -0.016519511938095095 0.0018985296785831455 0.022546875476837158
v -0.016335086822509767 0.003108636140823365 0.022523436546325683
v -0.016062141656875615 0.004301896691322328 0.0225
v -0.015702153444290164 0.005471845269203187 0.02247656345367432
v -0.015257073640823368 0.006612141132354738 0.02245312452316284
v -0.01472931504249573 0.007716605067253114 0.02242968797683716
v -0.014121736288070681 0.00877925217151642 0.022406249046325682
v -0.013437631130218508 0.009794323444366457 0.0223828125
v -0.012680705785751345 0.010756318569183352 0.022359375953674317
v -0.01185506343841553 0.011660025119781496 0.022335937023162843
v -0.010965176820755007 0.012500543594360354 0.02231250047683716
v -0.010015869140625001 0.01327332139015198 0.022289061546325685
v -0.009012284278869631 0.01397416949272156 0.022265625
v -0.007959861159324648 0.014599291086196902 0.022242188453674316
v -0.00686430335044861 0.015145297050476077 0.022218749523162842
v -0.005731546878814699 0.01560922980308533 0.022195312976837158
v -0.0045677310228347786 0.015988575220108034 0.022171874046325684
v -0.003379161953926087 0.016281276941299442 0.0221484375
v -0.002172280997037888 0.01648574829101563 0.022125000953674315
v -0.0009536281973123552 0.01660088181495667 0.02210156202316284
v 0.0002701923437416554 0.016626055240631106 0.022078125476837157
v 0.0014925487339496615 0.01656112909317017 0.022054686546325683
v 0.0027068167924880985 0.01640645742416382 0.02203125
v 0.003906416296958924 0.01616287708282471 0.022007813453674318
v 0.005084846615791322 0.015831710100173955 0.021984374523162844
v 0.0062357223033905045 0.0154147481918335 0.02196093797683716
v 0.0073528051376342786 0.014914252758026126 0.021937499046325686
v 0.008430042862892152 0.01433293700218201 0.0219140625
v 0.009461597800254823 0.013673948049545291 0.021890625953674317
v 0.01044187903404236 0.012940859794616701 0.021867187023162843
v 0.011365575790405275 0.012137644290924074 0.02184375047683716
v 0.012227680683135988 0.011268652677536012 0.021820311546325685
v 0.013023521900177004 0.010338596105575564 0.021796875
v 0.013748788833618167 0.009352513551712039 0.021773438453674316
v 0.01439954996109009 0.00831574857234955 0.021749999523162842
v 0.014972277879714968 0.007233920097351076 0.021726562976837158
v 0.015463869571685794 0.006112890243530274 0.021703124046325684
v 0.015871661901474002 0.004958734512329102 0.0216796875
v 0.016193443536758428 0.003777706623077393 0.02165625095367432
v 0.01642747282981873 0.002576207220554352 0.02163281202316284
v 0.0165724790096283 0.0013607470691204074 0.02160937547683716
v 0.016627677679061894 0.00013791284523904327 0.021585936546325683
v 0.016592769622802737 -0.0010856687277555467 0.021562500000000002
v 0.01646794438362122 -0.0023033669590950016 0.021539063453674318
v 0.01625387787818909 -0.003508583009243012 0.021515624523162843
v 0.01595173001289368 -0.004694785773754121 0.02149218797683716
v 0.01556313753128052 -0.005855547189712525 0.021468749046325685
v 0.01509020805358887 -0.006984576582908632 0.0214453125
v 0.014535503387451175 -0.008075756430625917 0.021421875953674317
v 0.01390202879905701 -0.009123172760009767 0.021398437023162842
v 0.013193218708038332 -0.01012115001678467 0.021375000476837158
v 0.012412912845611575 -0.011064279079437259 0.021351561546325684
v 0.011565340757369997 -0.011947450637817386 0.021328125
v 0.010655095577239992 -0.012765878438949588 0.021304688453674316
v 0.009687108397483827 -0.013515125513076785 0.02128124952316284
v 0.008666626811027528 -0.01419113397598267 0.021257812976837157
v 0.007599179744720461 -0.014790239334106448 0.021234374046325683
v 0.0064905518293380746 -0.01530919432640076 0.0212109375
v 0.005346751213073732 -0.015745187997817996 0.021187500953674318
v 0.004173975884914399 -0.01609585762023926 0.02116406202316284
v 0.0029785817861557014 -0.016359301805496218 0.02114062547683716
v 0.00176704615354538 -0.016534093618392948 0.021117186546325686
v 0.0005459349602460862 -0.016619285345077516 0.02109375
v -0.00067813478410244 -0.016614416837692263 0.021070313453674317
v -0.0018985296785831455 -0.016519511938095095 0.021046874523162843
v -0.003108636140823365 -0.016335086822509767 0.02102343797683716
v -0.004301896691322328 -0.016062141656875615 0.020999999046325685
v -0.005471845269203187 -0.015702153444290164 0.0209765625
v -0.006612141132354738 -0.015257073640823368 0.020953125953674316
v -0.007716605067253114 -0.01472931504249573 0.020929687023162842
v -0.00877925217151642 -0.014121736288070681 0.020906250476837158
v -0.009794323444366457 -0.013437631130218508 0.020882811546325684
v -0.010756318569183352 -0.012680705785751345 0.020859375
v -0.011660025119781496 -0.01185506343841553 0.020835938453674315
v -0.012500543594360354 -0.010965176820755007 0.02081249952316284
v -0.01327332139015198 -0.010015869140625001 0.02078906297683716
v -0.01397416949272156 -0.009012284278869631 0.020765624046325683
v -0.014599291086196902 -0.007959861159324648 0.020742187500000002
v -0.015145297050476077 -0.00686430335044861 0.020718750953674318
v -0.01560922980308533 -0.005731546878814699 0.020695312023162844
v -0.015988575220108034 -0.0045677310228347786 0.02067187547683716
v -0.016281276941299442 -0.003379161953926087 0.020648436546325685
v -0.01648574829101563 -0.002172280997037888 0.020625
v -0.01660088181495667 -0.0009536281973123552 0.020601563453674317
v -0.016626055240631106 0.0002701923437416554 0.020578124523162843
v -0.01656112909317017 0.0014925487339496615 0.02055468797683716
v -0.01640645742416382 0.0027068167924880985 0.020531249046325684
v -0.01616287708282471 0.003906416296958924 0.0205078125
v -0.015831710100173955 0.005084846615791322 0.020484375953674316
v -0.0154147481918335 0.0062357223033905045 0.02046093702316284
v -0.014914252758026126 0.0073528051376342786 0.020437500476837157
v -0.01433293700218201 0.008430042862892152 0.020414061546325683
v -0.013673948049545291 0.009461597800254823 0.020390625
v -0.012940859794616701 0.01044187903404236 0.020367188453674318
v -0.012137644290924074 0.011365575790405275 0.02034374952316284
v -0.011268652677536012 0.012227680683135988 0.02032031297683716
v -0.010338596105575564 0.013023521900177004 0.020296874046325682
v -0.009352513551712039 0.013748788833618167 0.0202734375
v -0.00831574857234955 0.01439954996109009 0.020250000953674317
v -0.007233920097351076 0.014972277879714968 0.020226562023162843
v -0.006112890243530274 0.015463869571685794 0.02020312547683716
v -0.004958734512329102 0.015871661901474002 0.020179686546325685
v -0.003777706623077393 0.016193443536758428 0.02015625
v -0.002576207220554352 0.01642747282981873 0.020132813453674316
v -0.0013607470691204074 0.0165724790096283 0.020109374523162842
v -0.00013791284523904327 0.016627677679061894 0.020085937976837158
v 0.0010856687277555467 0.016592769622802737 0.020062499046325684
v 0.0023033669590950016 0.01646794438362122 0.0200390625
v 0.003508583009243012 0.01625387787818909 0.020015625953674315
v 0.004694785773754121 0.01595173001289368 0.01999218702316284
v 0.005855547189712525 0.01556313753128052 0.019968750476837157
v 0.006984576582908632 0.01509020805358887 0.01994531273841858
v 0.008075756430625917 0.014535503387451175 0.019921875000000002
v 0.009123172760009767 0.01390202879905701 0.01989843726158142
v 0.01012115001678467 0.013193218708038332 0.019874999523162844
v 0.011064279079437259 0.012412912845611575 0.01985156297683716
v 0.011947450637817386 0.011565340757369997 0.01982812523841858
v 0.012765878438949588 0.010655095577239992 0.0198046875
v 0.013515125513076785 0.009687108397483827 0.01978124976158142
v 0.01419113397598267 0.008666626811027528 0.019757812023162843
v 0.014790239334106448 0.007599179744720461 0.01973437547683716
v 0.01530919432640076 0.0064905518293380746 0.01971093773841858
v 0.015745187997817996 0.005346751213073732 0.0196875
v 0.01609585762023926 0.004173975884914399 0.019664062261581423
v 0.016359301805496218 0.0029785817861557014 0.019640624523162842
v 0.016534093618392948 0.00176704615354538 0.019617187976837158
v 0.016619285345077516 0.0005459349602460862 0.01959375023841858
v 0.016614416837692263 -0.00067813478410244 0.0195703125
v 0.016519511938095095 -0.0018985296785831455 0.01954687476158142
v 0.016335086822509767 -0.003108636140823365 0.01952343702316284
v 0.016062141656875615 -0.004301896691322328 0.01950000047683716
v 0.015702153444290164 -0.005471845269203187 0.01947656273841858
v 0.015257073640823368 -0.006612141132354738 0.019453125
v 0.01472931504249573 -0.007716605067253114 0.01942968726158142
v 0.014121736288070681 -0.00877925217151642 0.019406249523162843
v 0.013437631130218508 -0.009794323444366457 0.01938281297683716
v 0.012680705785751345 -0.010756318569183352 0.019359375238418578
v 0.01185506343841553 -0.011660025119781496 0.0193359375
v 0.010965176820755007 -0.012500543594360354 0.01931249976158142
v 0.010015869140625001 -0.01327332139015198 0.019289062023162842
v 0.009012284278869631 -0.01397416949272156 0.019265625476837158
v 0.007959861159324648 -0.014599291086196902 0.01924218773841858
v 0.00686430335044861 -0.015145297050476077 0.01921875
v 0.005731546878814699 -0.01560922980308533 0.019195312261581422
v 0.0045677310228347786 -0.015988575220108034 0.01917187452316284
v 0.003379161953926087 -0.016281276941299442 0.019148437976837157
v 0.002172280997037888 -0.01648574829101563 0.01912500023841858
v 0.0009536281973123552 -0.01660088181495667 0.0191015625
v -0.0002701923437416554 -0.016626055240631106 0.01907812476158142
v -0.0014925487339496615 -0.01656112909317017 0.019054687023162844
v -0.0027068167924880985 -0.01640645742416382 0.01903125047683716
v -0.003906416296958924 -0.01616287708282471 0.01900781273841858
v -0.005084846615791322 -0.015831710100173955 0.018984375
v -0.0062357223033905045 -0.0154147481918335 0.01896093726158142
v -0.0073528051376342786 -0.014914252758026126 0.018937499523162843
v -0.008430042862892152 -0.01433293700218201 0.01891406297683716
v -0.009461597800254823 -0.013673948049545291 0.01889062523841858
v -0.01044187903404236 -0.012940859794616701 0.0188671875
v -0.011365575790405275 -0.012137644290924074 0.018843749761581423
v -0.012227680683135988 -0.011268652677536012 0.018820312023162842
v -0.013023521900177004 -0.010338596105575564 0.018796875476837158
v -0.013748788833618167 -0.009352513551712039 0.01877343773841858
v -0.01439954996109009 -0.00831574857234955 0.01875
v -0.014972277879714968 -0.007233920097351076 0.018726562261581422
v -0.015463869571685794 -0.006112890243530274 0.01870312452316284
v -0.015871661901474002 -0.004958734512329102 0.01867968797683716
v -0.016193443536758428 -0.003777706623077393 0.01865625023841858
v -0.01642747282981873 -0.002576207220554352 0.018632812500000002
v -0.0165724790096283 -0.0013607470691204074 0.01860937476158142
v -0.016627677679061894 -0.00013791284523904327 0.018585937023162843
v -0.016592769622802737 0.0010856687277555467 0.01856250047683716
v -0.01646794438362122 0.0023033669590950016 0.01853906273841858
v -0.01625387787818909 0.003508583009243012 0.018515625
v -0.01595173001289368 0.004694785773754121 0.01849218726158142
v -0.01556313753128052 0.005855547189712525 0.018468749523162842
v -0.01509020805358887 0.006984576582908632 0.018445312976837158
v -0.014535503387451175 0.008075756430625917 0.01842187523841858
v -0.01390202879905701 0.009123172760009767 0.0183984375
v -0.013193218708038332 0.01012115001678467 0.018374999761581422
v -0.012412912845611575 0.011064279079437259 0.01835156202316284
v -0.011565340757369997 0.011947450637817386 0.018328125476837157
v -0.010655095577239992 0.012765878438949588 0.01830468773841858
v -0.009687108397483827 0.013515125513076785 0.01828125
v -0.008666626811027528 0.01419113397598267 0.01825781226158142
v -0.007599179744720461 0.014790239334106448 0.01823437452316284
v -0.0064905518293380746 0.01530919432640076 0.01821093797683716
v -0.005346751213073732 0.015745187997817996 0.01818750023841858
v -0.004173975884914399 0.01609585762023926 0.0181640625
v -0.0029785817861557014 0.016359301805496218 0.01814062476158142
v -0.00176704615354538 0.016534093618392948 0.018117187023162843
v -0.0005459349602460862 0.016619285345077516 0.01809375047683716
v 0.00067813478410244 0.016614416837692263 0.018070312738418578
v 0.0018985296785831455 0.016519511938095095 0.018046875
v 0.003108636140823365 0.016335086822509767 0.018023437261581423
v 0.004301896691322328 0.016062141656875615 0.017999999523162842
v 0.005471845269203187 0.015702153444290164 0.017976562976837158
v 0.006612141132354738 0.015257073640823368 0.01795312523841858
v 0.007716605067253114 0.01472931504249573 0.0179296875
v 0.00877925217151642 0.014121736288070681 0.017906249761581422
v 0.009794323444366457 0.013437631130218508 0.01788281202316284
v 0.010756318569183352 0.012680705785751345 0.01785937547683716
v 0.011660025119781496 0.01185506343841553 0.01783593773841858
v 0.012500543594360354 0.010965176820755007 0.017812500000000002
v 0.01327332139015198 0.010015869140625001 0.01778906226158142
v 0.01397416949272156 0.009012284278869631 0.017765624523162844
v 0.014599291086196902 0.007959861159324648 0.01774218797683716
v 0.015145297050476077 0.00686430335044861 0.01771875023841858
v 0.01560922980308533 0.005731546878814699 0.0176953125
v 0.015988575220108034 0.0045677310228347786 0.01767187476158142
v 0.016281276941299442 0.003379161953926087 0.017648437023162843
v 0.01648574829101563 0.002172280997037888 0.01762500047683716
v 0.01660088181495667 0.0009536281973123552 0.01760156273841858
v 0.016626055240631106 -0.0002701923437416554 0.017578125
v 0.01656112909317017 -0.0014925487339496615 0.017554687261581423
v 0.01640645742416382 -0.0027068167924880985 0.01753124952316284
v 0.01616287708282471 -0.003906416296958924 0.017507812976837157
v 0.015831710100173955 -0.005084846615791322 0.01748437523841858
v 0.0154147481918335 -0.0062357223033905045 0.0174609375
v 0.014914252758026126 -0.0073528051376342786 0.01743749976158142
v 0.01433293700218201 -0.008430042862892152 0.01741406202316284
v 0.013673948049545291 -0.009461597800254823 0.01739062547683716
v 0.012940859794616701 -0.01044187903404236 0.01736718773841858
v 0.012137644290924074 -0.011365575790405275 0.01734375
v 0.011268652677536012 -0.012227680683135988 0.01732031226158142
v 0.010338596105575564 -0.013023521900177004 0.017296874523162843
v 0.009352513551712039 -0.013748788833618167 0.01727343797683716
v 0.00831574857234955 -0.01439954996109009 0.017250000238418578
v 0.007233920097351076 -0.014972277879714968 0.0172265625
v 0.006112890243530274 -0.015463869571685794 0.01720312476158142
v 0.004958734512329102 -0.015871661901474002 0.017179687023162842
v 0.003777706623077393 -0.016193443536758428 0.017156250476837158
v 0.002576207220554352 -0.01642747282981873 0.01713281273841858
v 0.0013607470691204074 -0.0165724790096283 0.017109375
v 0.00013791284523904327 -0.016627677679061894 0.017085937261581422
v -0.0010856687277555467 -0.016592769622802737 0.01706249952316284
v -0.0023033669590950016 -0.01646794438362122 0.017039062976837157
v -0.003508583009243012 -0.01625387787818909 0.01701562523841858
v -0.004694785773754121 -0.01595173001289368 0.016992187500000002
v -0.005855547189712525 -0.01556313753128052 0.01696874976158142
v -0.006984576582908632 -0.01509020805358887 0.016945312023162844
v -0.008075756430625917 -0.014535503387451175 0.01692187547683716
v -0.009123172760009767 -0.01390202879905701 0.01689843773841858
v -0.01012115001678467 -0.013193218708038332 0.016875
v -0.011064279079437259 -0.012412912845611575 0.01685156226158142
v -0.011947450637817386 -0.011565340757369997 0.016828124523162843
v -0.012765878438949588 -0.010655095577239992 0.01680468797683716
v -0.013515125513076785 -0.009687108397483827 0.01678125023841858
v -0.01419113397598267 -0.008666626811027528 0.0167578125
v -0.014790239334106448 -0.007599179744720461 0.016734374761581423
v -0.01530919432640076 -0.0064905518293380746 0.016710937023162842
v -0.015745187997817996 -0.005346751213073732 0.016687500476837158
v -0.01609585762023926 -0.004173975884914399 0.01666406273841858
v -0.016359301805496218 -0.0029785817861557014 0.016640625
v -0.016534093618392948 -0.00176704615354538 0.01661718726158142
v -0.016619285345077516 -0.0005459349602460862 0.01659374952316284
v -0.016614416837692263 0.00067813478410244 0.01657031297683716
v -0.016519511938095095 0.0018985296785831455 0.01654687523841858
v -0.016335086822509767 0.003108636140823365 0.0165234375
v -0.016062141656875615 0.004301896691322328 0.01649999976158142
v -0.015702153444290164 0.005471845269203187 0.016476562023162843
v -0.015257073640823368 0.006612141132354738 0.01645312547683716
v -0.01472931504249573 0.007716605067253114 0.016429687738418578
v -0.014121736288070681 0.00877925217151642 0.01640625
v -0.013437631130218508 0.009794323444366457 0.01638281226158142
v -0.012680705785751345 0.010756318569183352 0.016359374523162842
v -0.01185506343841553 0.011660025119781496 0.016335937976837158
v -0.010965176820755007 0.012500543594360354 0.01631250023841858
v -0.010015869140625001 0.01327332139015198 0.0162890625
v -0.009012284278869631 0.01397416949272156 0.016265624761581422
v -0.007959861159324648 0.014599291086196902 0.01624218702316284
v -0.00686430335044861 0.015145297050476077 0.016218750476837157
v -0.005731546878814699 0.01560922980308533 0.01619531273841858
v -0.0045677310228347786 0.015988575220108034 0.016171875
v -0.003379161953926087 0.016281276941299442 0.01614843726158142
v -0.002172280997037888 0.01648574829101563 0.01612499952316284
v -0.0009536281973123552 0.01660088181495667 0.01610156297683716
v 0.0002701923437416554 0.016626055240631106 0.01607812523841858
v 0.0014925487339496615 0.01656112909317017 0.0160546875
v 0.0027068167924880985 0.01640645742416382 0.01603124976158142
v 0.003906416296958924 0.01616287708282471 0.016007812023162843
v 0.005084846615791322 0.015831710100173955 0.01598437547683716
v 0.0062357223033905045 0.0154147481918335 0.015960937738418578
v 0.0073528051376342786 0.014914252758026126 0.0159375
v 0.008430042862892152 0.01433293700218201 0.015914062261581423
v 0.009461597800254823 0.013673948049545291 0.015890624523162842
v 0.01044187903404236 0.012940859794616701 0.015867187976837158
v 0.011365575790405275 0.012137644290924074 0.01584375023841858
v 0.012227680683135988 0.011268652677536012 0.0158203125
v 0.013023521900177004 0.010338596105575564 0.015796874761581422
v 0.013748788833618167 0.009352513551712039 0.01577343702316284
v 0.01439954996109009 0.00831574857234955 0.01575000047683716
v 0.014972277879714968 0.007233920097351076 0.01572656273841858
v 0.015463869571685794 0.006112890243530274 0.015703125000000002
v 0.015871661901474002 0.004958734512329102 0.01567968726158142
v 0.016193443536758428 0.003777706623077393 0.015656249523162843
v 0.01642747282981873 0.002576207220554352 0.01563281297683716
v 0.0165724790096283 0.0013607470691204074 0.01560937523841858
v 0.016627677679061894 0.00013791284523904327 0.0155859375
v 0.016592769622802737 -0.0010856687277555467 0.015562499761581422
v 0.01646794438362122 -0.0023033669590950016 0.015539062023162842
v 0.01625387787818909 -0.003508583009243012 0.015515625476837158
v 0.01595173001289368 -0.004694785773754121 0.015492187738418579
v 0.01556313753128052 -0.005855547189712525 0.01546875
v 0.01509020805358887 -0.006984576582908632 0.01544531226158142
v 0.014535503387451175 -0.008075756430625917 0.015421874523162842
v 0.01390202879905701 -0.009123172760009767 0.015398437976837159
v 0.013193218708038332 -0.01012115001678467 0.01537500023841858
v 0.012412912845611575 -0.011064279079437259 0.0153515625
v 0.011565340757369997 -0.011947450637817386 0.015328124761581421
v 0.010655095577239992 -0.012765878438949588 0.015304687023162842
v 0.009687108397483827 -0.013515125513076785 0.015281250476837158
v 0.008666626811027528 -0.01419113397598267 0.015257812738418579
v 0.007599179744720461 -0.014790239334106448 0.015234375
v 0.0064905518293380746 -0.01530919432640076 0.01521093726158142
v 0.005346751213073732 -0.015745187997817996 0.015187499523162841
v 0.004173975884914399 -0.01609585762023926 0.015164062976837159
v 0.0029785817861557014 -0.016359301805496218 0.01514062523841858
v 0.00176704615354538 -0.016534093618392948 0.0151171875
v 0.0005459349602460862 -0.016619285345077516 0.015093749761581421
v -0.00067813478410244 -0.016614416837692263 0.015070312023162842
v -0.0018985296785831455 -0.016519511938095095 0.015046875476837158
v -0.003108636140823365 -0.016335086822509767 0.015023437738418579
v -0.004301896691322328 -0.016062141656875615 0.015
v -0.005471845269203187 -0.015702153444290164 0.014976562261581422
v -0.006612141132354738 -0.015257073640823368 0.014953124523162843
v -0.007716605067253114 -0.01472931504249573 0.014929687976837159
v -0.00877925217151642 -0.014121736288070681 0.01490625023841858
v -0.009794323444366457 -0.013437631130218508 0.0148828125
v -0.010756318569183352 -0.012680705785751345 0.014859374761581421
v -0.011660025119781496 -0.01185506343841553 0.014835937023162842
v -0.012500543594360354 -0.010965176820755007 0.01481250047683716
v -0.01327332139015198 -0.010015869140625001 0.01478906273841858
v -0.01397416949272156 -0.009012284278869631 0.014765625000000001
v -0.014599291086196902 -0.007959861159324648 0.014742187261581422
v -0.015145297050476077 -0.00686430335044861 0.014718749523162843
v -0.01560922980308533 -0.005731546878814699 0.014695312976837158
v -0.015988575220108034 -0.0045677310228347786 0.01467187523841858
v -0.016281276941299442 -0.003379161953926087 0.0146484375
v -0.01648574829101563 -0.002172280997037888 0.01462499976158142
v -0.01660088181495667 -0.0009536281973123552 0.014601562023162842
v -0.016626055240631106 0.0002701923437416554 0.014578125476837159
v -0.01656112909317017 0.0014925487339496615 0.01455468773841858
v -0.01640645742416382 0.0027068167924880985 0.01453125
v -0.01616287708282471 0.003906416296958924 0.014507812261581422
v -0.015831710100173955 0.005084846615791322 0.014484374523162842
v -0.0154147481918335 0.0062357223033905045 0.014460937976837158
v -0.014914252758026126 0.0073528051376342786 0.014437500238418579
v -0.01433293700218201 0.008430042862892152 0.0144140625
v -0.013673948049545291 0.009461597800254823 0.01439062476158142
v -0.012940859794616701 0.01044187903404236 0.014367187023162841
v -0.012137644290924074 0.011365575790405275 0.014343750476837159
v -0.011268652677536012 0.012227680683135988 0.01432031273841858
v -0.010338596105575564 0.013023521900177004 0.014296875
v -0.009352513551712039 0.013748788833618167 0.014273437261581421
v -0.00831574857234955 0.01439954996109009 0.014249999523162842
v -0.007233920097351076 0.014972277879714968 0.014226562976837158
v -0.006112890243530274 0.015463869571685794 0.014203125238418579
v -0.004958734512329102 0.015871661901474002 0.0141796875
v -0.003777706623077393 0.016193443536758428 0.01415624976158142
v -0.002576207220554352 0.01642747282981873 0.014132812023162841
v -0.0013607470691204074 0.0165724790096283 0.014109375476837159
v -0.00013791284523904327 0.016627677679061894 0.01408593773841858
v 0.0010856687277555467 0.016592769622802737 0.0140625
v 0.0023033669590950016 0.01646794438362122 0.014039062261581421
v 0.003508583009243012 0.01625387787818909 0.014015624523162842
v 0.004694785773754121 0.01595173001289368 0.013992187976837158
v 0.005855547189712525 0.01556313753128052 0.013968750238418579
v 0.006984576582908632 0.01509020805358887 0.013945312500000001
v 0.008075756430625917 0.014535503387451175 0.013921874761581422
v 0.009123172760009767 0.01390202879905701 0.013898437023162843
v 0.01012115001678467 0.013193218708038332 0.013875000476837158
v 0.011064279079437259 0.012412912845611575 0.01385156273841858
v 0.011947450637817386 0.011565340757369997 0.013828125
v 0.012765878438949588 0.010655095577239992 0.013804687261581421
v 0.013515125513076785 0.009687108397483827 0.013781249523162842
v 0.01419113397598267 0.008666626811027528 0.01375781297683716
v 0.014790239334106448 0.007599179744720461 0.01373437523841858
v 0.01530919432640076 0.0064905518293380746 0.013710937500000001
v 0.015745187997817996 0.005346751213073732 0.013687499761581422
v 0.01609585762023926 0.004173975884914399 0.013664062023162843
v 0.016359301805496218 0.0029785817861557014 0.013640625476837158
v 0.016534093618392948 0.00176704615354538 0.013617187738418579
v 0.016619285345077516 0.0005459349602460862 0.01359375
v 0.016614416837692263 -0.00067813478410244 0.01357031226158142
v 0.016519511938095095 -0.0018985296785831455 0.013546874523162842
v 0.016335086822509767 -0.003108636140823365 0.013523437976837159
v 0.016062141656875615 -0.004301896691322328 0.01350000023841858
v 0.015702153444290164 -0.005471845269203187 0.0134765625
v 0.015257073640823368 -0.006612141132354738 0.013453124761581422
v 0.01472931504249573 -0.007716605067253114 0.013429687023162842
v 0.014121736288070681 -0.00877925217151642 0.013406250476837158
v 0.013437631130218508 -0.009794323444366457 0.013382812738418579
v 0.012680705785751345 -0.010756318569183352 0.013359375
v 0.01185506343841553 -0.011660025119781496 0.01333593726158142
v 0.010965176820755007 -0.012500543594360354 0.013312499523162841
v 0.010015869140625001 -0.01327332139015198 0.013289062976837159
v 0.009012284278869631 -0.01397416949272156 0.01326562523841858
v 0.007959861159324648 -0.014599291086196902 0.0132421875
v 0.00686430335044861 -0.015145297050476077 0.013218749761581421
v 0.005731546878814699 -0.01560922980308533 0.013195312023162842
v 0.0045677310228347786 -0.015988575220108034 0.013171875476837158
v 0.003379161953926087 -0.016281276941299442 0.013148437738418579
v 0.002172280997037888 -0.01648574829101563 0.013125
v 0.0009536281973123552 -0.01660088181495667 0.01310156226158142
v -0.0002701923437416554 -0.016626055240631106 0.013078124523162843
v -0.0014925487339496615 -0.01656112909317017 0.013054687976837159
v -0.0027068167924880985 -0.01640645742416382 0.01303125023841858
v -0.003906416296958924 -0.01616287708282471 0.0130078125
v -0.005084846615791322 -0.015831710100173955 0.012984374761581421
v -0.0062357223033905045 -0.0154147481918335 0.012960937023162842
v -0.0073528051376342786 -0.014914252758026126 0.012937500476837158
v -0.008430042862892152 -0.01433293700218201 0.01291406273841858
v -0.009461597800254823 -0.013673948049545291 0.012890625000000001
v -0.01044187903404236 -0.012940859794616701 0.012867187261581422
v -0.011365575790405275 -0.012137644290924074 0.012843749523162843
v -0.012227680683135988 -0.011268652677536012 0.012820312976837158
v -0.013023521900177004 -0.010338596105575564 0.01279687523841858
v -0.013748788833618167 -0.009352513551712039 0.0127734375
v -0.01439954996109009 -0.00831574857234955 0.012749999761581421
v -0.014972277879714968 -0.007233920097351076 0.012726562023162842
v -0.015463869571685794 -0.006112890243530274 0.01270312547683716
v -0.015871661901474002 -0.004958734512329102 0.01267968773841858
v -0.016193443536758428 -0.003777706623077393 0.01265625
v -0.01642747282981873 -0.002576207220554352 0.012632812261581422
v -0.0165724790096283 -0.0013607470691204074 0.012609374523162842
v -0.016627677679061894 -0.00013791284523904327 0.012585937976837158
v -0.016592769622802737 0.0010856687277555467 0.012562500238418579
v -0.01646794438362122 0.0023033669590950016 0.0125390625
v -0.01625387787818909 0.003508583009243012 0.01251562476158142
v -0.01595173001289368 0.004694785773754121 0.012492187023162842
v -0.01556313753128052 0.005855547189712525 0.012468750476837159
v -0.01509020805358887 0.006984576582908632 0.01244531273841858
v -0.014535503387451175 0.008075756430625917 0.012421875
v -0.01390202879905701 0.009123172760009767 0.012398437261581421
v -0.013193218708038332 0.01012115001678467 0.012374999523162842
v -0.012412912845611575 0.011064279079437259 0.012351562976837158
v -0.011565340757369997 0.011947450637817386 0.012328125238418579
v -0.010655095577239992 0.012765878438949588 0.0123046875
v -0.009687108397483827 0.013515125513076785 0.01228124976158142
v -0.008666626811027528 0.01419113397598267 0.012257812023162841
v -0.007599179744720461 0.014790239334106448 0.012234375476837159
v -0.0064905518293380746 0.01530919432640076 0.01221093773841858
v -0.005346751213073732 0.015745187997817996 0.0121875
v -0.004173975884914399 0.01609585762023926 0.012164062261581421
v -0.0029785817861557014 0.016359301805496218 0.012140624523162842
v -0.00176704615354538 0.016534093618392948 0.012117187976837158
v -0.0005459349602460862 0.016619285345077516 0.012093750238418579
v 0.00067813478410244 0.016614416837692263 0.0120703125
v 0.0018985296785831455 0.016519511938095095 0.012046874761581422
v 0.003108636140823365 0.016335086822509767 0.012023437023162843
v 0.004301896691322328 0.016062141656875615 0.012000000476837159
v 0.005471845269203187 0.015702153444290164 0.01197656273841858
v 0.006612141132354738 0.015257073640823368 0.011953125
v 0.007716605067253114 0.01472931504249573 0.011929687261581421
v 0.00877925217151642 0.014121736288070681 0.011906249523162842
v 0.009794323444366457 0.013437631130218508 0.01188281297683716
v 0.010756318569183352 0.012680705785751345 0.01185937523841858
v 0.011660025119781496 0.01185506343841553 0.011835937500000001
v 0.012500543594360354 0.010965176820755007 0.011812499761581422
v 0.01327332139015198 0.010015869140625001 0.011789062023162843
v 0.01397416949272156 0.009012284278869631 0.011765625476837158
v 0.014599291086196902 0.007959861159324648 0.01174218773841858
v 0.015145297050476077 0.00686430335044861 0.01171875
v 0.01560922980308533 0.005731546878814699 0.01169531226158142
v 0.015988575220108034 0.0045677310228347786 0.011671874523162842
v 0.016281276941299442 0.003379161953926087 0.011648437976837159
v 0.01648574829101563 0.002172280997037888 0.01162500023841858
v 0.01660088181495667 0.0009536281973123552 0.0116015625
v 0.016626055240631106 -0.0002701923437416554 0.011578124761581422
v 0.01656112909317017 -0.0014925487339496615 0.011554687023162842
v 0.01640645742416382 -0.0027068167924880985 0.011531250476837158
v 0.01616287708282471 -0.003906416296958924 0.011507812738418579
v 0.015831710100173955 -0.005084846615791322 0.011484375
v 0.0154147481918335 -0.0062357223033905045 0.01146093726158142
v 0.014914252758026126 -0.0073528051376342786 0.011437499523162841
v 0.01433293700218201 -0.008430042862892152 0.011414062976837159
v 0.013673948049545291 -0.009461597800254823 0.01139062523841858
v 0.012940859794616701 -0.01044187903404236 0.0113671875
v 0.012137644290924074 -0.011365575790405275 0.011343749761581421
v 0.011268652677536012 -0.012227680683135988 0.011320312023162842
v 0.010338596105575564 -0.013023521900177004 0.011296875476837158
v 0.009352513551712039 -0.013748788833618167 0.011273437738418579
v 0.00831574857234955 -0.01439954996109009 0.01125
v 0.007233920097351076 -0.014972277879714968 0.01122656226158142
v 0.006112890243530274 -0.015463869571685794 0.011203124523162841
v 0.004958734512329102 -0.015871661901474002 0.011179687976837159
v 0.003777706623077393 -0.016193443536758428 0.01115625023841858
v 0.002576207220554352 -0.01642747282981873 0.0111328125
v 0.0013607470691204074 -0.0165724790096283 0.011109374761581421
v 0.00013791284523904327 -0.016627677679061894 0.011085937023162842
v -0.0010856687277555467 -0.016592769622802737 0.011062500476837158
v -0.0023033669590950016 -0.01646794438362122 0.011039062738418579
v -0.003508583009243012 -0.01625387787818909 0.011015625
v -0.004694785773754121 -0.01595173001289368 0.010992187261581422
v -0.005855547189712525 -0.01556313753128052 0.010968749523162843
v -0.006984576582908632 -0.01509020805358887 0.010945312976837158
v -0.008075756430625917 -0.014535503387451175 0.01092187523841858
v -0.009123172760009767 -0.01390202879905701 0.0108984375
v -0.01012115001678467 -0.013193218708038332 0.010874999761581421
v -0.011064279079437259 -0.012412912845611575 0.010851562023162842
v -0.011947450637817386 -0.011565340757369997 0.01082812547683716
v -0.012765878438949588 -0.010655095577239992 0.01080468773841858
v -0.013515125513076785 -0.009687108397483827 0.010781250000000001
v -0.01419113397598267 -0.008666626811027528 0.010757812261581422
v -0.014790239334106448 -0.007599179744720461 0.010734374523162843
v -0.01530919432640076 -0.0064905518293380746 0.010710937976837158
v -0.015745187997817996 -0.005346751213073732 0.010687500238418579
v -0.01609585762023926 -0.004173975884914399 0.0106640625
v -0.016359301805496218 -0.0029785817861557014 0.01064062476158142
v -0.016534093618392948 -0.00176704615354538 0.010617187023162842
v -0.016619285345077516 -0.0005459349602460862 0.010593750476837159
v -0.016614416837692263 0.00067813478410244 0.01057031273841858
v -0.016519511938095095 0.0018985296785831455 0.010546875
v -0.016335086822509767 0.003108636140823365 0.010523437261581422
v -0.016062141656875615 0.004301896691322328 0.010499999523162842
v -0.015702153444290164 0.005471845269203187 0.010476562976837158
v -0.015257073640823368 0.006612141132354738 0.010453125238418579
v -0.01472931504249573 0.007716605067253114 0.0104296875
v -0.014121736288070681 0.00877925217151642 0.01040624976158142
v -0.013437631130218508 0.009794323444366457 0.010382812023162841
v -0.012680705785751345 0.010756318569183352 0.010359375476837159
v -0.01185506343841553 0.011660025119781496 0.01033593773841858
v -0.010965176820755007 0.012500543594360354 0.0103125
v -0.010015869140625001 0.01327332139015198 0.010289062261581421
v -0.009012284278869631 0.01397416949272156 0.010265624523162842
v -0.007959861159324648 0.014599291086196902 0.010242187976837158
v -0.00686430335044861 0.015145297050476077 0.010218750238418579
v -0.005731546878814699 0.01560922980308533 0.0101953125
v -0.0045677310228347786 0.015988575220108034 0.01017187476158142
v -0.003379161953926087 0.016281276941299442 0.010148437023162841
v -0.002172280997037888 0.01648574829101563 0.010125000476837159
v -0.0009536281973123552 0.01660088181495667 0.01010156273841858
v 0.0002701923437416554 0.016626055240631106 0.010078125
v 0.0014925487339496615 0.01656112909317017 0.010054687261581421
v 0.0027068167924880985 0.01640645742416382 0.010031249523162842
v 0.003906416296958924 0.01616287708282471 0.010007812976837158
v 0.005084846615791322 0.015831710100173955 0.009984375238418578
v 0.0062357223033905045 0.0154147481918335 0.009960937500000001
v 0.0073528051376342786 0.014914252758026126 0.009937499761581422
v 0.008430042862892152 0.01433293700218201 0.00991406261920929
v 0.009461597800254823 0.013673948049545291 0.00989062488079071
v 0.01044187903404236 0.012940859794616701 0.00986718773841858
v 0.011365575790405275 0.012137644290924074 0.00984375
v 0.012227680683135988 0.011268652677536012 0.009820312261581421
v 0.013023521900177004 0.010338596105575564 0.00979687511920929
v 0.013748788833618167 0.009352513551712039 0.00977343738079071
v 0.01439954996109009 0.00831574857234955 0.00975000023841858
v 0.014972277879714968 0.007233920097351076 0.0097265625
v 0.015463869571685794 0.006112890243530274 0.009703124761581422
v 0.015871661901474002 0.004958734512329102 0.009679687619209289
v 0.016193443536758428 0.003777706623077393 0.00965624988079071
v 0.01642747282981873 0.002576207220554352 0.009632812738418579
v 0.0165724790096283 0.0013607470691204074 0.009609375
v 0.016627677679061894 0.00013791284523904327 0.00958593726158142
v 0.016592769622802737 -0.0010856687277555467 0.00956250011920929
v 0.01646794438362122 -0.0023033669590950016 0.00953906238079071
v 0.01625387787818909 -0.003508583009243012 0.00951562523841858
v 0.01595173001289368 -0.004694785773754121 0.0094921875
v 0.01556313753128052 -0.005855547189712525 0.009468749761581421
v 0.01509020805358887 -0.006984576582908632 0.00944531261920929
v 0.014535503387451175 -0.008075756430625917 0.009421874880790711
v 0.01390202879905701 -0.009123172760009767 0.009398437738418579
v 0.013193218708038332 -0.01012115001678467 0.009375
v 0.012412912845611575 -0.011064279079437259 0.00935156226158142
v 0.011565340757369997 -0.011947450637817386 0.00932812511920929
v 0.010655095577239992 -0.012765878438949588 0.00930468738079071
v 0.009687108397483827 -0.013515125513076785 0.00928125023841858
v 0.008666626811027528 -0.01419113397598267 0.0092578125
v 0.007599179744720461 -0.014790239334106448 0.009234374761581421
v 0.0064905518293380746 -0.01530919432640076 0.00921093761920929
v 0.005346751213073732 -0.015745187997817996 0.009187499880790711
v 0.004173975884914399 -0.01609585762023926 0.009164062738418579
v 0.0029785817861557014 -0.016359301805496218 0.009140625
v 0.00176704615354538 -0.016534093618392948 0.00911718726158142
v 0.0005459349602460862 -0.016619285345077516 0.00909375011920929
v -0.00067813478410244 -0.016614416837692263 0.00907031238079071
v -0.0018985296785831455 -0.016519511938095095 0.00904687523841858
v -0.003108636140823365 -0.016335086822509767 0.0090234375
v -0.004301896691322328 -0.016062141656875615 0.008999999761581421
v -0.005471845269203187 -0.015702153444290164 0.00897656261920929
v -0.006612141132354738 -0.015257073640823368 0.008953124880790711
v -0.007716605067253114 -0.01472931504249573 0.00892968773841858
v -0.00877925217151642 -0.014121736288070681 0.008906250000000001
v -0.009794323444366457 -0.013437631130218508 0.008882812261581422
v -0.010756318569183352 -0.012680705785751345 0.00885937511920929
v -0.011660025119781496 -0.01185506343841553 0.00883593738079071
v -0.012500543594360354 -0.010965176820755007 0.00881250023841858
v -0.01327332139015198 -0.010015869140625001 0.0087890625
v -0.01397416949272156 -0.009012284278869631 0.00876562476158142
v -0.014599291086196902 -0.007959861159324648 0.00874218761920929
v -0.015145297050476077 -0.00686430335044861 0.00871874988079071
v -0.01560922980308533 -0.005731546878814699 0.00869531273841858
v -0.015988575220108034 -0.0045677310228347786 0.008671875
v -0.016281276941299442 -0.003379161953926087 0.008648437261581422
v -0.01648574829101563 -0.002172280997037888 0.008625000119209289
v -0.01660088181495667 -0.0009536281973123552 0.00860156238079071
v -0.016626055240631106 0.0002701923437416554 0.008578125238418579
v -0.01656112909317017 0.0014925487339496615 0.0085546875
v -0.01640645742416382 0.0027068167924880985 0.00853124976158142
v -0.01616287708282471 0.003906416296958924 0.00850781261920929
v -0.015831710100173955 0.005084846615791322 0.00848437488079071
v -0.0154147481918335 0.0062357223033905045 0.00846093773841858
v -0.014914252758026126 0.0073528051376342786 0.0084375
v -0.01433293700218201 0.008430042862892152 0.008414062261581421
v -0.013673948049545291 0.009461597800254823 0.00839062511920929
v -0.012940859794616701 0.01044187903404236 0.008367187380790711
v -0.012137644290924074 0.011365575790405275 0.008343750238418579
v -0.011268652677536012 0.012227680683135988 0.0083203125
v -0.010338596105575564 0.013023521900177004 0.00829687476158142
v -0.009352513551712039 0.013748788833618167 0.00827343761920929
v -0.00831574857234955 0.01439954996109009 0.00824999988079071
v -0.007233920097351076 0.014972277879714968 0.00822656273841858
v -0.006112890243530274 0.015463869571685794 0.008203125
v -0.004958734512329102 0.015871661901474002 0.008179687261581421
v -0.003777706623077393 0.016193443536758428 0.00815625011920929
v -0.002576207220554352 0.01642747282981873 0.008132812380790711
v -0.0013607470691204074 0.0165724790096283 0.008109375238418579
v -0.00013791284523904327 0.016627677679061894 0.0080859375
v 0.0010856687277555467 0.016592769622802737 0.00806249976158142
v 0.0023033669590950016 0.01646794438362122 0.00803906261920929
v 0.003508583009243012 0.01625387787818909 0.00801562488079071
v 0.004694785773754121 0.01595173001289368 0.00799218773841858
v 0.005855547189712525 0.01556313753128052 0.00796875
v 0.006984576582908632 0.01509020805358887 0.007945312261581421
v 0.008075756430625917 0.014535503387451175 0.00792187511920929
v 0.009123172760009767 0.01390202879905701 0.007898437380790711
v 0.01012115001678467 0.013193218708038332 0.00787500023841858
v 0.011064279079437259 0.012412912845611575 0.007851562500000001
v 0.011947450637817386 0.011565340757369997 0.007828124761581422
v 0.012765878438949588 0.010655095577239992 0.00780468761920929
v 0.013515125513076785 0.009687108397483827 0.007781249880790711
v 0.01419113397598267 0.008666626811027528 0.007757812738418579
v 0.014790239334106448 0.007599179744720461 0.007734375
v 0.01530919432640076 0.0064905518293380746 0.007710937261581421
v 0.015745187997817996 0.005346751213073732 0.00768750011920929
v 0.01609585762023926 0.004173975884914399 0.007664062380790711
v 0.016359301805496218 0.0029785817861557014 0.007640625238418579
v 0.016534093618392948 0.00176704615354538 0.0076171875
v 0.016619285345077516 0.0005459349602460862 0.007593749761581421
v 0.016614416837692263 -0.00067813478410244 0.00757031261920929
v 0.016519511938095095 -0.0018985296785831455 0.007546874880790711
v 0.016335086822509767 -0.003108636140823365 0.007523437738418579
v 0.016062141656875615 -0.004301896691322328 0.0075
v 0.015702153444290164 -0.005471845269203187 0.007476562261581421
v 0.015257073640823368 -0.006612141132354738 0.00745312511920929
v 0.01472931504249573 -0.007716605067253114 0.0074296873807907105
v 0.014121736288070681 -0.00877925217151642 0.00740625023841858
v 0.013437631130218508 -0.009794323444366457 0.0073828125000000005
v 0.012680705785751345 -0.010756318569183352 0.007359374761581421
v 0.01185506343841553 -0.011660025119781496 0.00733593761920929
v 0.010965176820755007 -0.012500543594360354 0.00731249988079071
v 0.010015869140625001 -0.01327332139015198 0.0072890627384185796
v 0.009012284278869631 -0.01397416949272156 0.007265625
v 0.007959861159324648 -0.014599291086196902 0.007242187261581421
v 0.00686430335044861 -0.015145297050476077 0.0072187501192092895
v 0.005731546878814699 -0.01560922980308533 0.00719531238079071
v 0.0045677310228347786 -0.015988575220108034 0.0071718752384185794
v 0.003379161953926087 -0.016281276941299442 0.0071484375
v 0.002172280997037888 -0.01648574829101563 0.007124999761581421
v 0.0009536281973123552 -0.01660088181495667 0.007101562619209289
v -0.0002701923437416554 -0.016626055240631106 0.00707812488079071
v -0.0014925487339496615 -0.01656112909317017 0.007054687738418579
v -0.0027068167924880985 -0.01640645742416382 0.00703125
v -0.003906416296958924 -0.01616287708282471 0.007007812261581421
v -0.005084846615791322 -0.015831710100173955 0.006984375119209289
v -0.0062357223033905045 -0.0154147481918335 0.006960937380790711
v -0.0073528051376342786 -0.014914252758026126 0.006937500238418579
v -0.008430042862892152 -0.01433293700218201 0.0069140625
v -0.009461597800254823 -0.013673948049545291 0.006890624761581421
v -0.01044187903404236 -0.012940859794616701 0.00686718761920929
v -0.011365575790405275 -0.012137644290924074 0.006843749880790711
v -0.012227680683135988 -0.011268652677536012 0.006820312738418579
v -0.013023521900177004 -0.010338596105575564 0.006796875
v -0.013748788833618167 -0.009352513551712039 0.006773437261581421
v -0.01439954996109009 -0.00831574857234955 0.00675000011920929
v -0.014972277879714968 -0.007233920097351076 0.006726562380790711
v -0.015463869571685794 -0.006112890243530274 0.006703125238418579
v -0.015871661901474002 -0.004958734512329102 0.0066796875
v -0.016193443536758428 -0.003777706623077393 0.006656249761581421
v -0.01642747282981873 -0.002576207220554352 0.00663281261920929
v -0.0165724790096283 -0.0013607470691204074 0.006609374880790711
v -0.016627677679061894 -0.00013791284523904327 0.006585937738418579
v -0.016592769622802737 0.0010856687277555467 0.0065625
v -0.01646794438362122 0.0023033669590950016 0.0065390622615814215
v -0.01625387787818909 0.003508583009243012 0.00651562511920929
v -0.01595173001289368 0.004694785773754121 0.0064921873807907106
v -0.01556313753128052 0.005855547189712525 0.006468750238418579
v -0.01509020805358887 0.006984576582908632 0.0064453125000000005
v -0.014535503387451175 0.008075756430625917 0.006421874761581421
v -0.01390202879905701 0.009123172760009767 0.00639843761920929
v -0.013193218708038332 0.01012115001678467 0.0063749998807907104
v -0.012412912845611575 0.011064279079437259 0.00635156273841858
v -0.011565340757369997 0.011947450637817386 0.006328125
v -0.010655095577239992 0.012765878438949588 0.006304687261581421
v -0.009687108397483827 0.013515125513076785 0.0062812501192092895
v -0.008666626811027528 0.01419113397598267 0.00625781238079071
v -0.007599179744720461 0.014790239334106448 0.0062343752384185795
v -0.0064905518293380746 0.01530919432640076 0.0062109375
v -0.005346751213073732 0.015745187997817996 0.006187499761581421
v -0.004173975884914399 0.01609585762023926 0.006164062619209289
v -0.0029785817861557014 0.016359301805496218 0.00614062488079071
v -0.00176704615354538 0.016534093618392948 0.006117187738418579
v -0.0005459349602460862 0.016619285345077516 0.00609375
v 0.00067813478410244 0.016614416837692263 0.006070312261581421
v 0.0018985296785831455 0.016519511938095095 0.006046875119209289
v 0.003108636140823365 0.016335086822509767 0.006023437380790711
v 0.004301896691322328 0.016062141656875615 0.006000000238418579
v 0.005471845269203187 0.015702153444290164 0.0059765625
v 0.006612141132354738 0.015257073640823368 0.005953124761581421
v 0.007716605067253114 0.01472931504249573 0.00592968761920929
v 0.00877925217151642 0.014121736288070681 0.005906249880790711
v 0.009794323444366457 0.013437631130218508 0.005882812738418579
v 0.010756318569183352 0.012680705785751345 0.005859375
v 0.011660025119781496 0.01185506343841553 0.005835937261581421
v 0.012500543594360354 0.010965176820755007 0.00581250011920929
v 0.01327332139015198 0.010015869140625001 0.005789062380790711
v 0.01397416949272156 0.009012284278869631 0.005765625238418579
v 0.014599291086196902 0.007959861159324648 0.0057421875
v 0.015145297050476077 0.00686430335044861 0.005718749761581421
v 0.01560922980308533 0.005731546878814699 0.00569531261920929
v 0.015988575220108034 0.0045677310228347786 0.005671874880790711
v 0.016281276941299442 0.003379161953926087 0.005648437738418579
v 0.01648574829101563 0.002172280997037888 0.005625
v 0.01660088181495667 0.0009536281973123552 0.005601562261581421
v 0.016626055240631106 -0.0002701923437416554 0.00557812511920929
v 0.01656112909317017 -0.0014925487339496615 0.005554687380790711
v 0.01640645742416382 -0.0027068167924880985 0.005531250238418579
v 0.01616287708282471 -0.003906416296958924 0.0055078125
v 0.015831710100173955 -0.005084846615791322 0.005484374761581421
v 0.0154147481918335 -0.0062357223033905045 0.00546093761920929
v 0.014914252758026126 -0.0073528051376342786 0.0054374998807907105
v 0.01433293700218201 -0.008430042862892152 0.00541406273841858
v 0.013673948049545291 -0.009461597800254823 0.0053906250000000005
v 0.012940859794616701 -0.01044187903404236 0.005367187261581421
v 0.012137644290924074 -0.011365575790405275 0.0053437501192092896
v 0.011268652677536012 -0.012227680683135988 0.00532031238079071
v 0.010338596105575564 -0.013023521900177004 0.0052968752384185795
v 0.009352513551712039 -0.013748788833618167 0.0052734375
v 0.00831574857234955 -0.01439954996109009 0.005249999761581421
v 0.007233920097351076 -0.014972277879714968 0.0052265626192092894
v 0.006112890243530274 -0.015463869571685794 0.00520312488079071
v 0.004958734512329102 -0.015871661901474002 0.005179687738418579
v 0.003777706623077393 -0.016193443536758428 0.00515625
v 0.002576207220554352 -0.01642747282981873 0.005132812261581421
v 0.0013607470691204074 -0.0165724790096283 0.005109375119209289
v 0.00013791284523904327 -0.016627677679061894 0.00508593738079071
v -0.0010856687277555467 -0.016592769622802737 0.005062500238418579
v -0.0023033669590950016 -0.01646794438362122 0.0050390625
v -0.003508583009243012 -0.01625387787818909 0.005015624761581421
v -0.004694785773754121 -0.01595173001289368 0.004992187619209289
v -0.005855547189712525 -0.01556313753128052 0.004968749880790711
v -0.006984576582908632 -0.01509020805358887 0.004945312440395355
v -0.008075756430625917 -0.014535503387451175 0.004921875
v -0.009123172760009767 -0.01390202879905701 0.004898437559604645
v -0.01012115001678467 -0.013193218708038332 0.00487500011920929
v -0.011064279079437259 -0.012412912845611575 0.004851562380790711
v -0.011947450637817386 -0.011565340757369997 0.004828124940395355
v -0.012765878438949588 -0.010655095577239992 0.0048046875
v -0.013515125513076785 -0.009687108397483827 0.004781250059604645
v -0.01419113397598267 -0.008666626811027528 0.00475781261920929
v -0.014790239334106448 -0.007599179744720461 0.004734374880790711
v -0.01530919432640076 -0.0064905518293380746 0.004710937440395356
v -0.015745187997817996 -0.005346751213073732 0.0046875
v -0.01609585762023926 -0.004173975884914399 0.004664062559604645
v -0.016359301805496218 -0.0029785817861557014 0.00464062511920929
v -0.016534093618392948 -0.00176704615354538 0.004617187380790711
v -0.016619285345077516 -0.0005459349602460862 0.004593749940395356
v -0.016614416837692263 0.00067813478410244 0.0045703125
v -0.016519511938095095 0.0018985296785831455 0.004546875059604645
v -0.016335086822509767 0.003108636140823365 0.00452343761920929
v -0.016062141656875615 0.004301896691322328 0.0044999998807907105
v -0.015702153444290164 0.005471845269203187 0.0044765624403953555
v -0.015257073640823368 0.006612141132354738 0.0044531250000000005
v -0.01472931504249573 0.007716605067253114 0.004429687559604645
v -0.014121736288070681 0.00877925217151642 0.00440625011920929
v -0.013437631130218508 0.009794323444366457 0.00438281238079071
v -0.012680705785751345 0.010756318569183352 0.004359374940395355
v -0.01185506343841553 0.011660025119781496 0.0043359375
v -0.010965176820755007 0.012500543594360354 0.0043125000596046445
v -0.010015869140625001 0.01327332139015198 0.0042890626192092895
v -0.009012284278869631 0.01397416949272156 0.00426562488079071
v -0.007959861159324648 0.014599291086196902 0.004242187440395355
v -0.00686430335044861 0.015145297050476077 0.00421875
v -0.005731546878814699 0.01560922980308533 0.004195312559604645
v -0.0045677310228347786 0.015988575220108034 0.004171875119209289
v -0.003379161953926087 0.016281276941299442 0.00414843738079071
v -0.002172280997037888 0.01648574829101563 0.004124999940395355
v -0.0009536281973123552 0.01660088181495667 0.0041015625
v 0.0002701923437416554 0.016626055240631106 0.004078125059604645
v 0.0014925487339496615 0.01656112909317017 0.004054687619209289
v 0.0027068167924880985 0.01640645742416382 0.00403124988079071
v 0.003906416296958924 0.01616287708282471 0.004007812440395355
v 0.005084846615791322 0.015831710100173955 0.003984375
v 0.0062357223033905045 0.0154147481918335 0.003960937559604645
v 0.0073528051376342786 0.014914252758026126 0.00393750011920929
v 0.008430042862892152 0.01433293700218201 0.003914062380790711
v 0.009461597800254823 0.013673948049545291 0.0038906249403953554
v 0.01044187903404236 0.012940859794616701 0.0038671875
v 0.011365575790405275 0.012137644290924074 0.003843750059604645
v 0.012227680683135988 0.011268652677536012 0.0038203126192092895
v 0.013023521900177004 0.010338596105575564 0.0037968748807907103
v 0.013748788833618167 0.009352513551712039 0.0037734374403953553
v 0.01439954996109009 0.00831574857234955 0.00375
v 0.014972277879714968 0.007233920097351076 0.003726562559604645
v 0.015463869571685794 0.006112890243530274 0.00370312511920929
v 0.015871661901474002 0.004958734512329102 0.0036796873807907107
v 0.016193443536758428 0.003777706623077393 0.003656249940395355
v 0.01642747282981873 0.002576207220554352 0.0036328125
v 0.0165724790096283 0.0013607470691204074 0.0036093750596046447
v 0.016627677679061894 0.00013791284523904327 0.0035859376192092897
v 0.016592769622802737 -0.0010856687277555467 0.0035624998807907106
v 0.01646794438362122 -0.0023033669590950016 0.003539062440395355
v 0.01625387787818909 -0.003508583009243012 0.003515625
v 0.01595173001289368 -0.004694785773754121 0.0034921875596046446
v 0.01556313753128052 -0.005855547189712525 0.0034687501192092896
v 0.01509020805358887 -0.006984576582908632 0.0034453123807907104
v 0.014535503387451175 -0.008075756430625917 0.0034218749403953554
v 0.01390202879905701 -0.009123172760009767 0.0033984375
v 0.013193218708038332 -0.01012115001678467 0.003375000059604645
v 0.012412912845611575 -0.011064279079437259 0.0033515626192092895
v 0.011565340757369997 -0.011947450637817386 0.0033281248807907103
v 0.010655095577239992 -0.012765878438949588 0.0033046874403953553
v 0.009687108397483827 -0.013515125513076785 0.00328125
v 0.008666626811027528 -0.01419113397598267 0.003257812559604645
v 0.007599179744720461 -0.014790239334106448 0.0032343751192092894
v 0.0064905518293380746 -0.01530919432640076 0.0032109373807907107
v 0.005346751213073732 -0.015745187997817996 0.0031874999403953552
v 0.004173975884914399 -0.01609585762023926 0.0031640625
v 0.0029785817861557014 -0.016359301805496218 0.0031406250596046448
v 0.00176704615354538 -0.016534093618392948 0.0031171876192092897
v 0.0005459349602460862 -0.016619285345077516 0.0030937498807907106
v -0.00067813478410244 -0.016614416837692263 0.003070312440395355
v -0.0018985296785831455 -0.016519511938095095 0.003046875
v -0.003108636140823365 -0.016335086822509767 0.0030234375596046447
v -0.004301896691322328 -0.016062141656875615 0.0030000001192092896
v -0.005471845269203187 -0.015702153444290164 0.0029765623807907105
v -0.006612141132354738 -0.015257073640823368 0.0029531249403953555
v -0.007716605067253114 -0.01472931504249573 0.0029296875
v -0.00877925217151642 -0.014121736288070681 0.002906250059604645
v -0.009794323444366457 -0.013437631130218508 0.0028828126192092895
v -0.010756318569183352 -0.012680705785751345 0.0028593748807907104
v -0.011660025119781496 -0.01185506343841553 0.0028359374403953553
v -0.012500543594360354 -0.010965176820755007 0.0028125
v -0.01327332139015198 -0.010015869140625001 0.002789062559604645
v -0.01397416949272156 -0.009012284278869631 0.0027656251192092894
v -0.014599291086196902 -0.007959861159324648 0.0027421873807907107
v -0.015145297050476077 -0.00686430335044861 0.0027187499403953552
v -0.01560922980308533 -0.005731546878814699 0.0026953125000000002
v -0.015988575220108034 -0.0045677310228347786 0.0026718750596046448
v -0.016281276941299442 -0.003379161953926087 0.0026484376192092898
v -0.01648574829101563 -0.002172280997037888 0.0026249998807907106
v -0.01660088181495667 -0.0009536281973123552 0.002601562440395355
v -0.016626055240631106 0.0002701923437416554 0.002578125
v -0.01656112909317017 0.0014925487339496615 0.0025546875596046447
v -0.01640645742416382 0.0027068167924880985 0.0025312501192092897
v -0.01616287708282471 0.003906416296958924 0.0025078123807907105
v -0.015831710100173955 0.005084846615791322 0.0024843749403953555
v -0.0154147481918335 0.0062357223033905045 0.0024609375
v -0.014914252758026126 0.0073528051376342786 0.002437500059604645
v -0.01433293700218201 0.008430042862892152 0.0024140624701976775
v -0.013673948049545291 0.009461597800254823 0.0023906250298023225
v -0.012940859794616701 0.01044187903404236 0.0023671874403953554
v -0.012137644290924074 0.011365575790405275 0.00234375
v -0.011268652677536012 0.012227680683135988 0.002320312559604645
v -0.010338596105575564 0.013023521900177004 0.002296874970197678
v -0.009352513551712039 0.013748788833618167 0.0022734375298023224
v -0.00831574857234955 0.01439954996109009 0.0022499999403953553
v -0.007233920097351076 0.014972277879714968 0.0022265625000000002
v -0.006112890243530274 0.015463869571685794 0.002203125059604645
v -0.004958734512329102 0.015871661901474002 0.0021796874701976777
v -0.003777706623077393 0.016193443536758428 0.0021562500298023222
v -0.002576207220554352 0.01642747282981873 0.002132812440395355
v -0.0013607470691204074 0.0165724790096283 0.002109375
v -0.00013791284523904327 0.016627677679061894 0.0020859375596046447
v 0.0010856687277555467 0.016592769622802737 0.0020624999701976776
v 0.0023033669590950016 0.01646794438362122 0.0020390625298023226
v 0.003508583009243012 0.01625387787818909 0.002015624940395355
v 0.004694785773754121 0.01595173001289368 0.0019921875
v 0.005855547189712525 0.01556313753128052 0.001968750059604645
v 0.006984576582908632 0.01509020805358887 0.0019453124701976777
v 0.008075756430625917 0.014535503387451175 0.0019218750298023225
v 0.009123172760009767 0.01390202879905701 0.0018984374403953552
v 0.01012115001678467 0.013193218708038332 0.001875
v 0.011064279079437259 0.012412912845611575 0.001851562559604645
v 0.011947450637817386 0.011565340757369997 0.0018281249701976776
v 0.012765878438949588 0.010655095577239992 0.0018046875298023224
v 0.013515125513076785 0.009687108397483827 0.0017812499403953553
v 0.01419113397598267 0.008666626811027528 0.0017578125
v 0.014790239334106448 0.007599179744720461 0.0017343750596046448
v 0.01530919432640076 0.0064905518293380746 0.0017109374701976777
v 0.015745187997817996 0.005346751213073732 0.0016875000298023225
v 0.01609585762023926 0.004173975884914399 0.0016640624403953552
v 0.016359301805496218 0.0029785817861557014 0.001640625
v 0.016534093618392948 0.00176704615354538 0.0016171875596046447
v 0.016619285345077516 0.0005459349602460862 0.0015937499701976776
v 0.016614416837692263 -0.00067813478410244 0.0015703125298023224
v 0.016519511938095095 -0.0018985296785831455 0.0015468749403953553
v 0.016335086822509767 -0.003108636140823365 0.0015234375
v 0.016062141656875615 -0.004301896691322328 0.0015000000596046448
v 0.015702153444290164 -0.005471845269203187 0.0014765624701976777
v 0.015257073640823368 -0.006612141132354738 0.0014531250298023225
v 0.01472931504249573 -0.007716605067253114 0.0014296874403953552
v 0.014121736288070681 -0.00877925217151642 0.00140625
v 0.013437631130218508 -0.009794323444366457 0.0013828125596046447
v 0.012680705785751345 -0.010756318569183352 0.0013593749701976776
v 0.01185506343841553 -0.011660025119781496 0.0013359375298023224
v 0.010965176820755007 -0.012500543594360354 0.0013124999403953553
v 0.010015869140625001 -0.01327332139015198 0.0012890625
v 0.009012284278869631 -0.01397416949272156 0.0012656250596046448
v 0.007959861159324648 -0.014599291086196902 0.0012421874701976777
v 0.00686430335044861 -0.015145297050476077 0.0012187500298023225
v 0.005731546878814699 -0.01560922980308533 0.0011953125149011612
v 0.0045677310228347786 -0.015988575220108034 0.001171875
v 0.003379161953926087 -0.016281276941299442 0.001148437485098839
v 0.002172280997037888 -0.01648574829101563 0.0011249999701976776
v 0.0009536281973123552 -0.01660088181495667 0.0011015625298023224
v -0.0002701923437416554 -0.016626055240631106 0.0010781250149011611
v -0.0014925487339496615 -0.01656112909317017 0.0010546875
v -0.0027068167924880985 -0.01640645742416382 0.0010312499850988388
v -0.003906416296958924 -0.01616287708282471 0.0010078124701976775
v -0.005084846615791322 -0.015831710100173955 0.0009843750298023225
v -0.0062357223033905045 -0.0154147481918335 0.0009609375149011612
v -0.0073528051376342786 -0.014914252758026126 0.0009375
v -0.008430042862892152 -0.01433293700218201 0.0009140624850988388
v -0.009461597800254823 -0.013673948049545291 0.0008906249701976776
v -0.01044187903404236 -0.012940859794616701 0.0008671875298023224
v -0.011365575790405275 -0.012137644290924074 0.0008437500149011612
v -0.012227680683135988 -0.011268652677536012 0.0008203125
v -0.013023521900177004 -0.010338596105575564 0.0007968749850988388
v -0.013748788833618167 -0.009352513551712039 0.0007734374701976776
v -0.01439954996109009 -0.00831574857234955 0.0007500000298023224
v -0.014972277879714968 -0.007233920097351076 0.0007265625149011612
v -0.015463869571685794 -0.006112890243530274 0.000703125
v -0.015871661901474002 -0.004958734512329102 0.0006796874850988388
v -0.016193443536758428 -0.003777706623077393 0.0006562499701976776
v -0.01642747282981873 -0.002576207220554352 0.0006328125298023224
v -0.0165724790096283 -0.0013607470691204074 0.0006093750149011613
v -0.016627677679061894 -0.00013791284523904327 0.0005859375
v -0.016592769622802737 0.0010856687277555467 0.0005624999850988388
v -0.01646794438362122 0.0023033669590950016 0.0005390625074505806
v -0.01625387787818909 0.003508583009243012 0.0005156249925494194
v -0.01595173001289368 0.004694785773754121 0.0004921875149011613
v -0.01556313753128052 0.005855547189712525 0.00046875
v -0.01509020805358887 0.006984576582908632 0.0004453124850988388
v -0.014535503387451175 0.008075756430625917 0.0004218750074505806
v -0.01390202879905701 0.009123172760009767 0.0003984374925494194
v -0.013193218708038332 0.01012115001678467 0.0003750000149011612
v -0.012412912845611575 0.011064279079437259 0.0003515625
v -0.011565340757369997 0.011947450637817386 0.0003281249850988388
v -0.010655095577239992 0.012765878438949588 0.0003046875074505806
v -0.009687108397483827 0.013515125513076785 0.0002812499925494194
v -0.008666626811027528 0.01419113397598267 0.0002578124962747097
v -0.007599179744720461 0.014790239334106448 0.000234375
v -0.0064905518293380746 0.01530919432640076 0.0002109375037252903
v -0.005346751213073732 0.015745187997817996 0.0001875000074505806
v -0.004173975884914399 0.01609585762023926 0.0001640624925494194
v -0.0029785817861557014 0.016359301805496218 0.0001406249962747097
v -0.00176704615354538 0.016534093618392948 0.0001171875
v -0.0005459349602460862 0.016619285345077516 9.37500037252903e-05
v 0.00067813478410244 0.016614416837692263 7.031249813735485e-05
v 0.0018985296785831455 0.016519511938095095 4.687500186264515e-05
v 0.003108636140823365 0.016335086822509767 2.3437500931322575e-05
v 0.004301896691322328 0.016062141656875615 0.0
v 0.006212766766548158 0.01535095572471619 0.0
v 0.008021854162216189 0.014410119056701663 0.0
v 0.00970043182373047 0.013253505229949954 0.0
v 0.011223161220550538 0.011897300481796267 0.0
v 0.01256243467330933 0.010365655422210695 0.0
v 0.013698581457138065 0.008681618571281434 0.0
v 0.014617022275924686 0.0068642938137054455 0.0
v 0.015298930406570438 0.004947207272052766 0.0
v 0.01573252081871033 0.002963219583034516 0.0
v 0.015911387205123903 0.0009360477328300478 0.0
v 0.01583039522171021 -0.0010969927906990054 0.0
v 0.015490801334381106 -0.003098598718643189 0.0
v 0.014895747900009158 -0.00504375457763672 0.0
v 0.014054425954818728 -0.0068958479166030895 0.0
v 0.012982620000839235 -0.008619355559349062 0.0
v 0.011693054437637332 -0.010191730260849002 0.0
v 0.012411121129989626 -0.009303920865058901 2.3437500931322575e-05
v 0.013061932325363162 -0.008365692496299745 4.687500186264515e-05
v 0.013641958236694339 -0.007382130026817323 7.031249813735485e-05
v 0.014148057699203494 -0.00635856330394745 9.37500037252903e-05
v 0.01457748889923096 -0.005300538539886475 0.0001171875
v 0.014927921295166019 -0.004213789999485016 0.0001406249962747097
v 0.015197459459304813 -0.003104206323623658 0.0001640624925494194
v 0.015384640693664554 -0.0019778010249137884 0.0001875000074505806
v 0.015488451719284061 -0.0008406776189804079 0.0002109375037252903
v 0.015508328676223758 0.00030100140720605855 0.000234375
v 0.015444165468215946 0.0014410492777824405 0.0002578124962747097
v 0.015296308994293215 0.0025732880830764775 0.0002812499925494194
v 0.015065560340881351 0.003691581785678864 0.0003046875074505806
v 0.014753170013427738 0.004789870679378511 0.0003281249850988388
v 0.014360830783843996 0.0058622026443481455 0.0003515625
v 0.013890669345855715 0.006902767419815064 0.0003750000149011612
v 0.013345232009887699 0.007905924916267397 0.0003984374925494194
v 0.012727477550506594 0.008866239786148073 0.0004218750074505806
v 0.012040749788284304 0.009778507351875307 0.0004453124850988388
v 0.01128877401351929 0.010637785196304324 0.00046875
v 0.010475622415542604 0.011439415216445925 0.0004921875149011613
v 0.00960570275783539 0.01217905402183533 0.0005156249925494194
v 0.008683728575706484 0.01285269379615784 0.0005390625074505806
v 0.007714697122573854 0.013456683158874515 0.0005624999850988388
v 0.006703858971595766 0.013987749814987186 0.0005859375
v 0.0056566917896270765 0.014443016052246096 0.0006093750149011613
v 0.004578870236873628 0.014820014238357547 0.0006328125298023224
v 0.0034762358665466316 0.015116701126098636 0.0006562499701976776
v 0.002354763299226761 0.01533146977424622 0.0006796874850988388
v 0.0012205300480127336 0.015463155508041384 0.000703125
v 7.968269288539888e-05 0.01551104545593262 0.0007265625149011612
v -0.0010615964978933337 0.015474879741668704 0.0007500000298023224
v -0.0021971227228641515 0.0153548538684845 0.0007734374701976776
v -0.003320742547512055 0.015151618719100955 0.0007968749850988388
v -0.004426367282867432 0.01486627578735352 0.0008203125
v -0.005508005023002626 0.014500371217727664 0.0008437500149011612
v -0.006559793949127198 0.01405588746070862 0.0008671875298023224
v -0.0075760352611541765 0.01353523373603821 0.0008906249701976776
v -0.008551221489906313 0.012941231727600101 0.0009140624850988388
v -0.009480067491531375 0.01227710008621216 0.0009375
v -0.010357540845870974 0.01154643774032593 0.0009609375149011612
v -0.011178884506225588 0.010753204822540285 0.0009843750298023225
v -0.011939649581909182 0.009901698827743532 0.0010078124701976775
v -0.012635712623596194 0.00899653434753418 0.0010312499850988388
v -0.013263301849365238 0.008042616844177248 0.0010546875
v -0.013819016218185428 0.007045116424560548 0.0010781250149011611
v -0.014299844503402713 0.006009437441825868 0.0011015625298023224
v -0.014703179597854617 0.004941192567348481 0.0011249999701976776
v -0.01502683758735657 0.003846171200275422 0.001148437485098839
v -0.015269063711166386 0.002730307281017304 0.001171875
v -0.015428545475006106 0.0015996472537517551 0.0011953125149011612
v -0.015504418611526492 0.00046031881123781215 0.0012187500298023225
v -0.015496271848678592 -0.0006815042346715928 0.0012421874701976777
v -0.015404149293899539 -0.0018196341395378117 0.0012656250596046448
v -0.015228550434112552 -0.0029479032754898076 0.0012890625
v -0.014970426559448245 -0.004060197472572327 0.0013124999403953553
v -0.014631177186965945 -0.005150489211082459 0.0013359375298023224
v -0.01421263933181763 -0.006212869882583619 0.0013593749701976776
v -0.013717082738876346 -0.007241582274436952 0.0013828125596046447
v -0.013147192001342777 -0.008231052160263062 0.00140625
v -0.012506055831909182 -0.00917591691017151 0.0014296874403953552
v -0.011797146797180177 -0.010071057081222537 0.0014531250298023225
v -0.011024309396743776 -0.010911620855331422 0.0014765624701976777
v -0.010191730260849002 -0.011693054437637332 0.0015000000596046448
v -0.009303920865058901 -0.012411121129989626 0.0015234375
v -0.008365692496299745 -0.013061932325363162 0.0015468749403953553
v -0.007382130026817323 -0.013641958236694339 0.0015703125298023224
v -0.00635856330394745 -0.014148057699203494 0.0015937499701976776
v -0.005300538539886475 -0.01457748889923096 0.0016171875596046447
v -0.004213789999485016 -0.014927921295166019 0.001640625
v -0.003104206323623658 -0.015197459459304813 0.0016640624403953552
v -0.0019778010249137884 -0.015384640693664554 0.0016875000298023225
v -0.0008406776189804079 -0.015488451719284061 0.0017109374701976777
v 0.00030100140720605855 -0.015508328676223758 0.0017343750596046448
v 0.0014410492777824405 -0.015444165468215946 0.0017578125
v 0.0025732880830764775 -0.015296308994293215 0.0017812499403953553
v 0.003691581785678864 -0.015065560340881351 0.0018046875298023224
v 0.004789870679378511 -0.014753170013427738 0.0018281249701976776
v 0.0058622026443481455 -0.014360830783843996 0.001851562559604645
v 0.006902767419815064 -0.013890669345855715 0.001875
v 0.007905924916267397 -0.013345232009887699 0.0018984374403953552
v 0.008866239786148073 -0.012727477550506594 0.0019218750298023225
v 0.009778507351875307 -0.012040749788284304 0.0019453124701976777
v 0.010637785196304324 -0.01128877401351929 0.001968750059604645
v 0.011439415216445925 -0.010475622415542604 0.0019921875
v 0.01217905402183533 -0.00960570275783539 0.002015624940395355
v 0.01285269379615784 -0.008683728575706484 0.0020390625298023226
v 0.013456683158874515 -0.007714697122573854 0.0020624999701976776
v 0.013987749814987186 -0.006703858971595766 0.0020859375596046447
v 0.014443016052246096 -0.0056566917896270765 0.002109375
v 0.014820014238357547 -0.004578870236873628 0.002132812440395355
v 0.015116701126098636 -0.0034762358665466316 0.0021562500298023222
v 0.01533146977424622 -0.002354763299226761 0.0021796874701976777
v 0.015463155508041384 -0.0012205300480127336 0.002203125059604645
v 0.01551104545593262 -7.968269288539888e-05 0.0022265625000000002
v 0.015474879741668704 0.0010615964978933337 0.0022499999403953553
v 0.0153548538684845 0.0021971227228641515 0.0022734375298023224
v 0.015151618719100955 0.003320742547512055 0.002296874970197678
v 0.01486627578735352 0.004426367282867432 0.002320312559604645
v 0.014500371217727664 0.005508005023002626 0.00234375
v 0.01405588746070862 0.006559793949127198 0.0023671874403953554
v 0.01353523373603821 0.0075760352611541765 0.0023906250298023225
v 0.012941231727600101 0.008551221489906313 0.0024140624701976775
v 0.01227710008621216 0.009480067491531375 0.002437500059604645
v 0.01154643774032593 0.010357540845870974 0.0024609375
v 0.010753204822540285 0.011178884506225588 0.0024843749403953555
v 0.009901698827743532 0.011939649581909182 0.0025078123807907105
v 0.00899653434753418 0.012635712623596194 0.0025312501192092897
v 0.008042616844177248 0.013263301849365238 0.0025546875596046447
v 0.007045116424560548 0.013819016218185428 0.002578125
v 0.006009437441825868 0.014299844503402713 0.002601562440395355
v 0.004941192567348481 0.014703179597854617 0.0026249998807907106
v 0.003846171200275422 0.01502683758735657 0.0026484376192092898
v 0.002730307281017304 0.015269063711166386 0.0026718750596046448
v 0.0015996472537517551 0.015428545475006106 0.0026953125000000002
v 0.00046031881123781215 0.015504418611526492 0.0027187499403953552
v -0.0006815042346715928 0.015496271848678592 0.0027421873807907107
v -0.0018196341395378117 0.015404149293899539 0.0027656251192092894
v -0.0029479032754898076 0.015228550434112552 0.002789062559604645
v -0.004060197472572327 0.014970426559448245 0.0028125
v -0.005150489211082459 0.014631177186965945 0.0028359374403953553
v -0.006212869882583619 0.01421263933181763 0.0028593748807907104
v -0.007241582274436952 0.013717082738876346 0.0028828126192092895
v -0.008231052160263062 0.013147192001342777 0.002906250059604645
v -0.00917591691017151 0.012506055831909182 0.0029296875
v -0.010071057081222537 0.011797146797180177 0.0029531249403953555
v -0.010911620855331422 0.011024309396743776 0.0029765623807907105
v -0.011693054437637332 0.010191730260849002 0.0030000001192092896
v -0.012411121129989626 0.009303920865058901 0.0030234375596046447
v -0.013061932325363162 0.008365692496299745 0.003046875
v -0.013641958236694339 0.007382130026817323 0.003070312440395355
v -0.014148057699203494 0.00635856330394745 0.0030937498807907106
v -0.01457748889923096 0.005300538539886475 0.0031171876192092897
v -0.014927921295166019 0.004213789999485016 0.0031406250596046448
v -0.015197459459304813 0.003104206323623658 0.0031640625
v -0.015384640693664554 0.0019778010249137884 0.0031874999403953552
v -0.015488451719284061 0.0008406776189804079 0.0032109373807907107
v -0.015508328676223758 -0.00030100140720605855 0.0032343751192092894
v -0.015444165468215946 -0.0014410492777824405 0.003257812559604645
v -0.015296308994293215 -0.0025732880830764775 0.00328125
v -0.015065560340881351 -0.003691581785678864 0.0033046874403953553
v -0.014753170013427738 -0.004789870679378511 0.0033281248807907103
v -0.014360830783843996 -0.0058622026443481455 0.0033515626192092895
v -0.013890669345855715 -0.006902767419815064 0.003375000059604645
v -0.013345232009887699 -0.007905924916267397 0.0033984375
v -0.012727477550506594 -0.008866239786148073 0.0034218749403953554
v -0.012040749788284304 -0.009778507351875307 0.0034453123807907104
v -0.01128877401351929 -0.010637785196304324 0.0034687501192092896
v -0.010475622415542604 -0.011439415216445925 0.0034921875596046446
v -0.00960570275783539 -0.01217905402183533 0.003515625
v -0.008683728575706484 -0.01285269379615784 0.003539062440395355
v -0.007714697122573854 -0.013456683158874515 0.0035624998807907106
v -0.006703858971595766 -0.013987749814987186 0.0035859376192092897
v -0.0056566917896270765 -0.014443016052246096 0.0036093750596046447
v -0.004578870236873628 -0.014820014238357547 0.0036328125
v -0.0034762358665466316 -0.015116701126098636 0.003656249940395355
v -0.002354763299226761 -0.01533146977424622 0.0036796873807907107
v -0.0012205300480127336 -0.015463155508041384 0.00370312511920929
v -7.968269288539888e-05 -0.01551104545593262 0.003726562559604645
v 0.0010615964978933337 -0.015474879741668704 0.00375
v 0.0021971227228641515 -0.0153548538684845 0.0037734374403953553
v 0.003320742547512055 -0.015151618719100955 0.0037968748807907103
v 0.004426367282867432 -0.01486627578735352 0.0038203126192092895
v 0.005508005023002626 -0.014500371217727664 0.003843750059604645
v 0.006559793949127198 -0.01405588746070862 0.0038671875
v 0.0075760352611541765 -0.01353523373603821 0.0038906249403953554
v 0.008551221489906313 -0.012941231727600101 0.003914062380790711
v 0.009480067491531375 -0.01227710008621216 0.00393750011920929
v 0.010357540845870974 -0.01154643774032593 0.003960937559604645
v 0.011178884506225588 -0.010753204822540285 0.003984375
v 0.011939649581909182 -0.009901698827743532 0.004007812440395355
v 0.012635712623596194 -0.00899653434753418 0.00403124988079071
v 0.013263301849365238 -0.008042616844177248 0.004054687619209289
v 0.013819016218185428 -0.007045116424560548 0.004078125059604645
v 0.014299844503402713 -0.006009437441825868 0.0041015625
v 0.014703179597854617 -0.004941192567348481 0.004124999940395355
v 0.01502683758735657 -0.003846171200275422 0.00414843738079071
v 0.015269063711166386 -0.002730307281017304 0.004171875119209289
v 0.015428545475006106 -0.0015996472537517551 0.004195312559604645
v 0.015504418611526492 -0.00046031881123781215 0.00421875
v 0.015496271848678592 0.0006815042346715928 0.004242187440395355
v 0.015404149293899539 0.0018196341395378117 0.00426562488079071
v 0.015228550434112552 0.0029479032754898076 0.0042890626192092895
v 0.014970426559448245 0.004060197472572327 0.0043125000596046445
v 0.014631177186965945 0.005150489211082459 0.0043359375
v 0.01421263933181763 0.006212869882583619 0.004359374940395355
v 0.013717082738876346 0.007241582274436952 0.00438281238079071
v 0.013147192001342777 0.008231052160263062 0.00440625011920929
v 0.012506055831909182 0.00917591691017151 0.004429687559604645
v 0.011797146797180177 0.010071057081222537 0.0044531250000000005
v 0.011024309396743776 0.010911620855331422 0.0044765624403953555
v 0.010191730260849002 0.011693054437637332 0.0044999998807907105
v 0.009303920865058901 0.012411121129989626 0.00452343761920929
v 0.008365692496299745 0.013061932325363162 0.004546875059604645
v 0.007382130026817323 0.013641958236694339 0.0045703125
v 0.00635856330394745 0.014148057699203494 0.004593749940395356
v 0.005300538539886475 0.01457748889923096 0.004617187380790711
v 0.004213789999485016 0.014927921295166019 0.00464062511920929
v 0.003104206323623658 0.015197459459304813 0.004664062559604645
v 0.0019778010249137884 0.015384640693664554 0.0046875
v 0.0008406776189804079 0.015488451719284061 0.004710937440395356
v -0.00030100140720605855 0.015508328676223758 0.004734374880790711
v -0.0014410492777824405 0.015444165468215946 0.00475781261920929
v -0.0025732880830764775 0.015296308994293215 0.004781250059604645
v -0.003691581785678864 0.015065560340881351 0.0048046875
v -0.004789870679378511 0.014753170013427738 0.004828124940395355
v -0.0058622026443481455 0.014360830783843996 0.004851562380790711
v -0.006902767419815064 0.013890669345855715 0.00487500011920929
v -0.007905924916267397 0.013345232009887699 0.004898437559604645
v -0.008866239786148073 0.012727477550506594 0.004921875
v -0.009778507351875307 0.012040749788284304 0.004945312440395355
v -0.010637785196304324 0.01128877401351929 0.004968749880790711
v -0.011439415216445925 0.010475622415542604 0.004992187619209289
v -0.01217905402183533 0.00960570275783539 0.005015624761581421
v -0.01285269379615784 0.008683728575706484 0.0050390625
v -0.013456683158874515 0.007714697122573854 0.005062500238418579
v -0.013987749814987186 0.006703858971595766 0.00508593738079071
v -0.014443016052246096 0.0056566917896270765 0.005109375119209289
v -0.014820014238357547 0.004578870236873628 0.005132812261581421
v -0.015116701126098636 0.0034762358665466316 0.00515625
v -0.01533146977424622 0.002354763299226761 0.005179687738418579
v -0.015463155508041384 0.0012205300480127336 0.00520312488079071
v -0.01551104545593262 7.968269288539888e-05 0.0052265626192092894
v -0.015474879741668704 -0.0010615964978933337 0.005249999761581421
v -0.0153548538684845 -0.0021971227228641515 0.0052734375
v -0.015151618719100955 -0.003320742547512055 0.0052968752384185795
v -0.01486627578735352 -0.004426367282867432 0.00532031238079071
v -0.014500371217727664 -0.005508005023002626 0.0053437501192092896
v -0.01405588746070862 -0.006559793949127198 0.005367187261581421
v -0.01353523373603821 -0.0075760352611541765 0.0053906250000000005
v -0.012941231727600101 -0.008551221489906313 0.00541406273841858
v -0.01227710008621216 -0.009480067491531375 0.0054374998807907105
v -0.01154643774032593 -0.010357540845870974 0.00546093761920929
v -0.010753204822540285 -0.011178884506225588 0.005484374761581421
v -0.009901698827743532 -0.011939649581909182 0.0055078125
v -0.00899653434753418 -0.012635712623596194 0.005531250238418579
v -0.008042616844177248 -0.013263301849365238 0.005554687380790711
v -0.007045116424560548 -0.013819016218185428 0.00557812511920929
v -0.006009437441825868 -0.014299844503402713 0.005601562261581421
v -0.004941192567348481 -0.014703179597854617 0.005625
v -0.003846171200275422 -0.01502683758735657 0.005648437738418579
v -0.002730307281017304 -0.015269063711166386 0.005671874880790711
v -0.0015996472537517551 -0.015428545475006106 0.00569531261920929
v -0.00046031881123781215 -0.015504418611526492 0.005718749761581421
v 0.0006815042346715928 -0.015496271848678592 0.0057421875
v 0.0018196341395378117 -0.015404149293899539 0.005765625238418579
v 0.0029479032754898076 -0.015228550434112552 0.005789062380790711
v 0.004060197472572327 -0.014970426559448245 0.00581250011920929
v 0.005150489211082459 -0.014631177186965945 0.005835937261581421
v 0.006212869882583619 -0.01421263933181763 0.005859375
v 0.007241582274436952 -0.013717082738876346 0.005882812738418579
v 0.008231052160263062 -0.013147192001342777 0.005906249880790711
v 0.00917591691017151 -0.012506055831909182 0.00592968761920929
v 0.010071057081222537 -0.011797146797180177 0.005953124761581421
v 0.010911620855331422 -0.011024309396743776 0.0059765625
v 0.011693054437637332 -0.010191730260849002 0.006000000238418579
v 0.012411121129989626 -0.009303920865058901 0.006023437380790711
v 0.013061932325363162 -0.008365692496299745 0.006046875119209289
v 0.013641958236694339 -0.007382130026817323 0.006070312261581421
v 0.014148057699203494 -0.00635856330394745 0.00609375
v 0.01457748889923096 -0.005300538539886475 0.006117187738418579
v 0.014927921295166019 -0.004213789999485016 0.00614062488079071
v 0.015197459459304813 -0.003104206323623658 0.006164062619209289
v 0.015384640693664554 -0.0019778010249137884 0.006187499761581421
v 0.015488451719284061 -0.0008406776189804079 0.0062109375
v 0.015508328676223758 0.00030100140720605855 0.0062343752384185795
v 0.015444165468215946 0.0014410492777824405 0.00625781238079071
v 0.015296308994293215 0.0025732880830764775 0.0062812501192092895
v 0.015065560340881351 0.003691581785678864 0.006304687261581421
v 0.014753170013427738 0.004789870679378511 0.006328125
v 0.014360830783843996 0.0058622026443481455 0.00635156273841858
v 0.013890669345855715 0.006902767419815064 0.0063749998807907104
v 0.013345232009887699 0.007905924916267397 0.00639843761920929
v 0.012727477550506594 0.008866239786148073 0.006421874761581421
v 0.012040749788284304 0.009778507351875307 0.0064453125000000005
v 0.01128877401351929 0.010637785196304324 0.006468750238418579
v 0.010475622415542604 0.011439415216445925 0.0064921873807907106
v 0.00960570275783539 0.01217905402183533 0.00651562511920929
v 0.008683728575706484 0.01285269379615784 0.0065390622615814215
v 0.007714697122573854 0.013456683158874515 0.0065625
v 0.006703858971595766 0.013987749814987186 0.006585937738418579
v 0.0056566917896270765 0.014443016052246096 0.006609374880790711
v 0.004578870236873628 0.014820014238357547 0.00663281261920929
v 0.0034762358665466316 0.015116701126098636 0.006656249761581421
v 0.002354763299226761 0.01533146977424622 0.0066796875
v 0.0012205300480127336 0.015463155508041384 0.006703125238418579
v 7.968269288539888e-05 0.01551104545593262 0.006726562380790711
v -0.0010615964978933337 0.015474879741668704 0.00675000011920929
v -0.0021971227228641515 0.0153548538684845 0.006773437261581421
v -0.003320742547512055 0.015151618719100955 0.006796875
v -0.004426367282867432 0.01486627578735352 0.006820312738418579
v -0.005508005023002626 0.014500371217727664 0.006843749880790711
v -0.006559793949127198 0.01405588746070862 0.00686718761920929
v -0.0075760352611541765 0.01353523373603821 0.006890624761581421
v -0.008551221489906313 0.012941231727600101 0.0069140625
v -0.009480067491531375 0.01227710008621216 0.006937500238418579
v -0.010357540845870974 0.01154643774032593 0.006960937380790711
v -0.011178884506225588 0.010753204822540285 0.006984375119209289
v -0.011939649581909182 0.009901698827743532 0.007007812261581421
v -0.012635712623596194 0.00899653434753418 0.00703125
v -0.013263301849365238 0.008042616844177248 0.007054687738418579
v -0.013819016218185428 0.007045116424560548 0.00707812488079071
v -0.014299844503402713 0.006009437441825868 0.007101562619209289
v -0.014703179597854617 0.004941192567348481 0.007124999761581421
v -0.01502683758735657 0.003846171200275422 0.0071484375
v -0.015269063711166386 0.002730307281017304 0.0071718752384185794
v -0.015428545475006106 0.0015996472537517551 0.00719531238079071
v -0.015504418611526492 0.00046031881123781215 0.0072187501192092895
v -0.015496271848678592 -0.0006815042346715928 0.007242187261581421
v -0.015404149293899539 -0.0018196341395378117 0.007265625
v -0.015228550434112552 -0.0029479032754898076 0.0072890627384185796
v -0.014970426559448245 -0.004060197472572327 0.00731249988079071
v -0.014631177186965945 -0.005150489211082459 0.00733593761920929
v -0.01421263933181763 -0.006212869882583619 0.007359374761581421
v -0.013717082738876346 -0.007241582274436952 0.0073828125000000005
v -0.013147192001342777 -0.008231052160263062 0.00740625023841858
v -0.012506055831909182 -0.00917591691017151 0.0074296873807907105
v -0.011797146797180177 -0.010071057081222537 0.00745312511920929
v -0.011024309396743776 -0.010911620855331422 0.007476562261581421
v -0.010191730260849002 -0.011693054437637332 0.0075
v -0.009303920865058901 -0.012411121129989626 0.007523437738418579
v -0.008365692496299745 -0.013061932325363162 0.007546874880790711
v -0.007382130026817323 -0.013641958236694339 0.00757031261920929
v -0.00635856330394745 -0.014148057699203494 0.007593749761581421
v -0.005300538539886475 -0.01457748889923096 0.0076171875
v -0.004213789999485016 -0.014927921295166019 0.007640625238418579
v -0.003104206323623658 -0.015197459459304813 0.007664062380790711
v -0.0019778010249137884 -0.015384640693664554 0.00768750011920929
v -0.0008406776189804079 -0.015488451719284061 0.007710937261581421
v 0.00030100140720605855 -0.015508328676223758 0.007734375
v 0.0014410492777824405 -0.015444165468215946 0.007757812738418579
v 0.0025732880830764775 -0.015296308994293215 0.007781249880790711
v 0.003691581785678864 -0.015065560340881351 0.00780468761920929
v 0.004789870679378511 -0.014753170013427738 0.007828124761581422
v 0.0058622026443481455 -0.014360830783843996 0.007851562500000001
v 0.006902767419815064 -0.013890669345855715 0.00787500023841858
v 0.007905924916267397 -0.013345232009887699 0.007898437380790711
v 0.008866239786148073 -0.012727477550506594 0.00792187511920929
v 0.009778507351875307 -0.012040749788284304 0.007945312261581421
v 0.010637785196304324 -0.01128877401351929 0.00796875
v 0.011439415216445925 -0.010475622415542604 0.00799218773841858
v 0.01217905402183533 -0.00960570275783539 0.00801562488079071
v 0.01285269379615784 -0.008683728575706484 0.00803906261920929
v 0.013456683158874515 -0.007714697122573854 0.00806249976158142
v 0.013987749814987186 -0.006703858971595766 0.0080859375
v 0.014443016052246096 -0.0056566917896270765 0.008109375238418579
v 0.014820014238357547 -0.004578870236873628 0.008132812380790711
v 0.015116701126098636 -0.0034762358665466316 0.00815625011920929
v 0.01533146977424622 -0.002354763299226761 0.008179687261581421
v 0.015463155508041384 -0.0012205300480127336 0.008203125
v 0.01551104545593262 -7.968269288539888e-05 0.00822656273841858
v 0.015474879741668704 0.0010615964978933337 0.00824999988079071
v 0.0153548538684845 0.0021971227228641515 0.00827343761920929
v 0.015151618719100955 0.003320742547512055 0.00829687476158142
v 0.01486627578735352 0.004426367282867432 0.0083203125
v 0.014500371217727664 0.005508005023002626 0.008343750238418579
v 0.01405588746070862 0.006559793949127198 0.008367187380790711
v 0.01353523373603821 0.0075760352611541765 0.00839062511920929
v 0.012941231727600101 0.008551221489906313 0.008414062261581421
v 0.01227710008621216 0.009480067491531375 0.0084375
v 0.01154643774032593 0.010357540845870974 0.00846093773841858
v 0.010753204822540285 0.011178884506225588 0.00848437488079071
v 0.009901698827743532 0.011939649581909182 0.00850781261920929
v 0.00899653434753418 0.012635712623596194 0.00853124976158142
v 0.008042616844177248 0.013263301849365238 0.0085546875
v 0.007045116424560548 0.013819016218185428 0.008578125238418579
v 0.006009437441825868 0.014299844503402713 0.00860156238079071
v 0.004941192567348481 0.014703179597854617 0.008625000119209289
v 0.003846171200275422 0.01502683758735657 0.008648437261581422
v 0.002730307281017304 0.015269063711166386 0.008671875
v 0.0015996472537517551 0.015428545475006106 0.00869531273841858
v 0.00046031881123781215 0.015504418611526492 0.00871874988079071
v -0.0006815042346715928 0.015496271848678592 0.00874218761920929
v -0.0018196341395378117 0.015404149293899539 0.00876562476158142
v -0.0029479032754898076 0.015228550434112552 0.0087890625
v -0.004060197472572327 0.014970426559448245 0.00881250023841858
v -0.005150489211082459 0.014631177186965945 0.00883593738079071
v -0.006212869882583619 0.01421263933181763 0.00885937511920929
v -0.007241582274436952 0.013717082738876346 0.008882812261581422
v -0.008231052160263062 0.013147192001342777 0.008906250000000001
v -0.00917591691017151 0.012506055831909182 0.00892968773841858
v -0.010071057081222537 0.011797146797180177 0.008953124880790711
v -0.010911620855331422 0.011024309396743776 0.00897656261920929
v -0.011693054437637332 0.010191730260849002 0.008999999761581421
v -0.012411121129989626 0.009303920865058901 0.0090234375
v -0.013061932325363162 0.008365692496299745 0.00904687523841858
v -0.013641958236694339 0.007382130026817323 0.00907031238079071
v -0.014148057699203494 0.00635856330394745 0.00909375011920929
v -0.01457748889923096 0.005300538539886475 0.00911718726158142
v -0.014927921295166019 0.004213789999485016 0.009140625
v -0.015197459459304813 0.003104206323623658 0.009164062738418579
v -0.015384640693664554 0.0019778010249137884 0.009187499880790711
v -0.015488451719284061 0.0008406776189804079 0.00921093761920929
v -0.015508328676223758 -0.00030100140720605855 0.009234374761581421
v -0.015444165468215946 -0.0014410492777824405 0.0092578125
v -0.015296308994293215 -0.0025732880830764775 0.00928125023841858
v -0.015065560340881351 -0.003691581785678864 0.00930468738079071
v -0.014753170013427738 -0.004789870679378511 0.00932812511920929
v -0.014360830783843996 -0.0058622026443481455 0.00935156226158142
v -0.013890669345855715 -0.006902767419815064 0.009375
v -0.013345232009887699 -0.007905924916267397 0.009398437738418579
v -0.012727477550506594 -0.008866239786148073 0.009421874880790711
v -0.012040749788284304 -0.009778507351875307 0.00944531261920929
v -0.01128877401351929 -0.010637785196304324 0.009468749761581421
v -0.010475622415542604 -0.011439415216445925 0.0094921875
v -0.00960570275783539 -0.01217905402183533 0.00951562523841858
v -0.008683728575706484 -0.01285269379615784 0.00953906238079071
v -0.007714697122573854 -0.013456683158874515 0.00956250011920929
v -0.006703858971595766 -0.013987749814987186 0.00958593726158142
v -0.0056566917896270765 -0.014443016052246096 0.009609375
v -0.004578870236873628 -0.014820014238357547 0.009632812738418579
v -0.0034762358665466316 -0.015116701126098636 0.00965624988079071
v -0.002354763299226761 -0.01533146977424622 0.009679687619209289
v -0.0012205300480127336 -0.015463155508041384 0.009703124761581422
v -7.968269288539888e-05 -0.01551104545593262 0.0097265625
v 0.0010615964978933337 -0.015474879741668704 0.00975000023841858
v 0.0021971227228641515 -0.0153548538684845 0.00977343738079071
v 0.003320742547512055 -0.015151618719100955 0.00979687511920929
v 0.004426367282867432 -0.01486627578735352 0.009820312261581421
v 0.005508005023002626 -0.014500371217727664 0.00984375
v 0.006559793949127198 -0.01405588746070862 0.00986718773841858
v 0.0075760352611541765 -0.01353523373603821 0.00989062488079071
v 0.008551221489906313 -0.012941231727600101 0.00991406261920929
v 0.009480067491531375 -0.01227710008621216 0.009937499761581422
v 0.010357540845870974 -0.01154643774032593 0.009960937500000001
v 0.011178884506225588 -0.010753204822540285 0.009984375238418578
v 0.011939649581909182 -0.009901698827743532 0.010007812976837158
v 0.012635712623596194 -0.00899653434753418 0.010031249523162842
v 0.013263301849365238 -0.008042616844177248 0.010054687261581421
v 0.013819016218185428 -0.007045116424560548 0.010078125
v 0.014299844503402713 -0.006009437441825868 0.01010156273841858
v 0.014703179597854617 -0.004941192567348481 0.010125000476837159
v 0.01502683758735657 -0.003846171200275422 0.010148437023162841
v 0.015269063711166386 -0.002730307281017304 0.01017187476158142
v 0.015428545475006106 -0.0015996472537517551 0.0101953125
v 0.015504418611526492 -0.00046031881123781215 0.010218750238418579
v 0.015496271848678592 0.0006815042346715928 0.010242187976837158
v 0.015404149293899539 0.0018196341395378117 0.010265624523162842
v 0.015228550434112552 0.0029479032754898076 0.010289062261581421
v 0.014970426559448245 0.004060197472572327 0.0103125
v 0.014631177186965945 0.005150489211082459 0.01033593773841858
v 0.01421263933181763 0.006212869882583619 0.010359375476837159
v 0.013717082738876346 0.007241582274436952 0.010382812023162841
v 0.013147192001342777 0.008231052160263062 0.01040624976158142
v 0.012506055831909182 0.00917591691017151 0.0104296875
v 0.011797146797180177 0.010071057081222537 0.010453125238418579
v 0.011024309396743776 0.010911620855331422 0.010476562976837158
v 0.010191730260849002 0.011693054437637332 0.010499999523162842
v 0.009303920865058901 0.012411121129989626 0.010523437261581422
v 0.008365692496299745 0.013061932325363162 0.010546875
v 0.007382130026817323 0.013641958236694339 0.01057031273841858
v 0.00635856330394745 0.014148057699203494 0.010593750476837159
v 0.005300538539886475 0.01457748889923096 0.010617187023162842
v 0.004213789999485016 0.014927921295166019 0.01064062476158142
v 0.003104206323623658 0.015197459459304813 0.0106640625
v 0.0019778010249137884 0.015384640693664554 0.010687500238418579
v 0.0008406776189804079 0.015488451719284061 0.010710937976837158
v -0.00030100140720605855 0.015508328676223758 0.010734374523162843
v -0.0014410492777824405 0.015444165468215946 0.010757812261581422
v -0.0025732880830764775 0.015296308994293215 0.010781250000000001
v -0.003691581785678864 0.015065560340881351 0.01080468773841858
v -0.004789870679378511 0.014753170013427738 0.01082812547683716
v -0.0058622026443481455 0.014360830783843996 0.010851562023162842
v -0.006902767419815064 0.013890669345855715 0.010874999761581421
v -0.007905924916267397 0.013345232009887699 0.0108984375
v -0.008866239786148073 0.012727477550506594 0.01092187523841858
v -0.009778507351875307 0.012040749788284304 0.010945312976837158
v -0.010637785196304324 0.01128877401351929 0.010968749523162843
v -0.011439415216445925 0.010475622415542604 0.010992187261581422
v -0.01217905402183533 0.00960570275783539 0.011015625
v -0.01285269379615784 0.008683728575706484 0.011039062738418579
v -0.013456683158874515 0.007714697122573854 0.011062500476837158
v -0.013987749814987186 0.006703858971595766 0.011085937023162842
v -0.014443016052246096 0.0056566917896270765 0.011109374761581421
v -0.014820014238357547 0.004578870236873628 0.0111328125
v -0.015116701126098636 0.0034762358665466316 0.01115625023841858
v -0.01533146977424622 0.002354763299226761 0.011179687976837159
v -0.015463155508041384 0.0012205300480127336 0.011203124523162841
v -0.01551104545593262 7.968269288539888e-05 0.01122656226158142
v -0.015474879741668704 -0.0010615964978933337 0.01125
v -0.0153548538684845 -0.0021971227228641515 0.011273437738418579
v -0.015151618719100955 -0.003320742547512055 0.011296875476837158
v -0.01486627578735352 -0.004426367282867432 0.011320312023162842
v -0.014500371217727664 -0.005508005023002626 0.011343749761581421
v -0.01405588746070862 -0.006559793949127198 0.0113671875
v -0.01353523373603821 -0.0075760352611541765 0.01139062523841858
v -0.012941231727600101 -0.008551221489906313 0.011414062976837159
v -0.01227710008621216 -0.009480067491531375 0.011437499523162841
v -0.01154643774032593 -0.010357540845870974 0.01146093726158142
v -0.010753204822540285 -0.011178884506225588 0.011484375
v -0.009901698827743532 -0.011939649581909182 0.011507812738418579
v -0.00899653434753418 -0.012635712623596194 0.011531250476837158
v -0.008042616844177248 -0.013263301849365238 0.011554687023162842
v -0.007045116424560548 -0.013819016218185428 0.011578124761581422
v -0.006009437441825868 -0.014299844503402713 0.0116015625
v -0.004941192567348481 -0.014703179597854617 0.01162500023841858
v -0.003846171200275422 -0.01502683758735657 0.011648437976837159
v -0.002730307281017304 -0.015269063711166386 0.011671874523162842
v -0.0015996472537517551 -0.015428545475006106 0.01169531226158142
v -0.00046031881123781215 -0.015504418611526492 0.01171875
v 0.0006815042346715928 -0.015496271848678592 0.01174218773841858
v 0.0018196341395378117 -0.015404149293899539 0.011765625476837158
v 0.0029479032754898076 -0.015228550434112552 0.011789062023162843
v 0.004060197472572327 -0.014970426559448245 0.011812499761581422
v 0.005150489211082459 -0.014631177186965945 0.011835937500000001
v 0.006212869882583619 -0.01421263933181763 0.01185937523841858
v 0.007241582274436952 -0.013717082738876346 0.01188281297683716
v 0.008231052160263062 -0.013147192001342777 0.011906249523162842
v 0.00917591691017151 -0.012506055831909182 0.011929687261581421
v 0.010071057081222537 -0.011797146797180177 0.011953125
v 0.010911620855331422 -0.011024309396743776 0.01197656273841858
v 0.011693054437637332 -0.010191730260849002 0.012000000476837159
v 0.012411121129989626 -0.009303920865058901 0.012023437023162843
v 0.013061932325363162 -0.008365692496299745 0.012046874761581422
v 0.013641958236694339 -0.007382130026817323 0.0120703125
v 0.014148057699203494 -0.00635856330394745 0.012093750238418579
v 0.01457748889923096 -0.005300538539886475 0.012117187976837158
v 0.014927921295166019 -0.004213789999485016 0.012140624523162842
v 0.015197459459304813 -0.003104206323623658 0.012164062261581421
v 0.015384640693664554 -0.0019778010249137884 0.0121875
v 0.015488451719284061 -0.0008406776189804079 0.01221093773841858
v 0.015508328676223758 0.00030100140720605855 0.012234375476837159
v 0.015444165468215946 0.0014410492777824405 0.012257812023162841
v 0.015296308994293215 0.0025732880830764775 0.01228124976158142
v 0.015065560340881351 0.003691581785678864 0.0123046875
v 0.014753170013427738 0.004789870679378511 0.012328125238418579
v 0.014360830783843996 0.0058622026443481455 0.012351562976837158
v 0.013890669345855715 0.006902767419815064 0.012374999523162842
v 0.013345232009887699 0.007905924916267397 0.012398437261581421
v 0.012727477550506594 0.008866239786148073 0.012421875
v 0.012040749788284304 0.009778507351875307 0.01244531273841858
v 0.01128877401351929 0.010637785196304324 0.012468750476837159
v 0.010475622415542604 0.011439415216445925 0.012492187023162842
v 0.00960570275783539 0.01217905402183533 0.01251562476158142
v 0.008683728575706484 0.01285269379615784 0.0125390625
v 0.007714697122573854 0.013456683158874515 0.012562500238418579
v 0.006703858971595766 0.013987749814987186 0.012585937976837158
v 0.0056566917896270765 0.014443016052246096 0.012609374523162842
v 0.004578870236873628 0.014820014238357547 0.012632812261581422
v 0.0034762358665466316 0.015116701126098636 0.01265625
v 0.002354763299226761 0.01533146977424622 0.01267968773841858
v 0.0012205300480127336 0.015463155508041384 0.01270312547683716
v 7.968269288539888e-05 0.01551104545593262 0.012726562023162842
v -0.0010615964978933337 0.015474879741668704 0.012749999761581421
v -0.0021971227228641515 0.0153548538684845 0.0127734375
v -0.003320742547512055 0.015151618719100955 0.01279687523841858
v -0.004426367282867432 0.01486627578735352 0.012820312976837158
v -0.005508005023002626 0.014500371217727664 0.012843749523162843
v -0.006559793949127198 0.01405588746070862 0.012867187261581422
v -0.0075760352611541765 0.01353523373603821 0.012890625000000001
v -0.008551221489906313 0.012941231727600101 0.01291406273841858
v -0.009480067491531375 0.01227710008621216 0.012937500476837158
v -0.010357540845870974 0.01154643774032593 0.012960937023162842
v -0.011178884506225588 0.010753204822540285 0.012984374761581421
v -0.011939649581909182 0.009901698827743532 0.0130078125
v -0.012635712623596194 0.00899653434753418 0.01303125023841858
v -0.013263301849365238 0.008042616844177248 0.013054687976837159
v -0.013819016218185428 0.007045116424560548 0.013078124523162843
v -0.014299844503402713 0.006009437441825868 0.01310156226158142
v -0.014703179597854617 0.004941192567348481 0.013125
v -0.01502683758735657 0.003846171200275422 0.013148437738418579
v -0.015269063711166386 0.002730307281017304 0.013171875476837158
v -0.015428545475006106 0.0015996472537517551 0.013195312023162842
v -0.015504418611526492 0.00046031881123781215 0.013218749761581421
v -0.015496271848678592 -0.0006815042346715928 0.0132421875
v -0.015404149293899539 -0.0018196341395378117 0.01326562523841858
v -0.015228550434112552 -0.0029479032754898076 0.013289062976837159
v -0.014970426559448245 -0.004060197472572327 0.013312499523162841
v -0.014631177186965945 -0.005150489211082459 0.01333593726158142
v -0.01421263933181763 -0.006212869882583619 0.013359375
v -0.013717082738876346 -0.007241582274436952 0.013382812738418579
v -0.013147192001342777 -0.008231052160263062 0.013406250476837158
v -0.012506055831909182 -0.00917591691017151 0.013429687023162842
v -0.011797146797180177 -0.010071057081222537 0.013453124761581422
v -0.011024309396743776 -0.010911620855331422 0.0134765625
v -0.010191730260849002 -0.011693054437637332 0.01350000023841858
v -0.009303920865058901 -0.012411121129989626 0.013523437976837159
v -0.008365692496299745 -0.013061932325363162 0.013546874523162842
v -0.007382130026817323 -0.013641958236694339 0.01357031226158142
v -0.00635856330394745 -0.014148057699203494 0.01359375
v -0.005300538539886475 -0.01457748889923096 0.013617187738418579
v -0.004213789999485016 -0.014927921295166019 0.013640625476837158
v -0.003104206323623658 -0.015197459459304813 0.013664062023162843
v -0.0019778010249137884 -0.015384640693664554 0.013687499761581422
v -0.0008406776189804079 -0.015488451719284061 0.013710937500000001
v 0.00030100140720605855 -0.015508328676223758 0.01373437523841858
v 0.0014410492777824405 -0.015444165468215946 0.01375781297683716
v 0.0025732880830764775 -0.015296308994293215 0.013781249523162842
v 0.003691581785678864 -0.015065560340881351 0.013804687261581421
v 0.004789870679378511 -0.014753170013427738 0.013828125
v 0.0058622026443481455 -0.014360830783843996 0.01385156273841858
v 0.006902767419815064 -0.013890669345855715 0.013875000476837158
v 0.007905924916267397 -0.013345232009887699 0.013898437023162843
v 0.008866239786148073 -0.012727477550506594 0.013921874761581422
v 0.009778507351875307 -0.012040749788284304 0.013945312500000001
v 0.010637785196304324 -0.01128877401351929 0.013968750238418579
v 0.011439415216445925 -0.010475622415542604 0.013992187976837158
v 0.01217905402183533 -0.00960570275783539 0.014015624523162842
v 0.01285269379615784 -0.008683728575706484 0.014039062261581421
v 0.013456683158874515 -0.007714697122573854 0.0140625
v 0.013987749814987186 -0.006703858971595766 0.01408593773841858
v 0.014443016052246096 -0.0056566917896270765 0.014109375476837159
v 0.014820014238357547 -0.004578870236873628 0.014132812023162841
v 0.015116701126098636 -0.0034762358665466316 0.01415624976158142
v 0.01533146977424622 -0.002354763299226761 0.0141796875
v 0.015463155508041384 -0.0012205300480127336 0.014203125238418579
v 0.01551104545593262 -7.968269288539888e-05 0.014226562976837158
v 0.015474879741668704 0.0010615964978933337 0.014249999523162842
v 0.0153548538684845 0.0021971227228641515 0.014273437261581421
v 0.015151618719100955 0.003320742547512055 0.014296875
v 0.01486627578735352 0.004426367282867432 0.01432031273841858
v 0.014500371217727664 0.005508005023002626 0.014343750476837159
v 0.01405588746070862 0.006559793949127198 0.014367187023162841
v 0.01353523373603821 0.0075760352611541765 0.01439062476158142
v 0.012941231727600101 0.008551221489906313 0.0144140625
v 0.01227710008621216 0.009480067491531375 0.014437500238418579
v 0.01154643774032593 0.010357540845870974 0.014460937976837158
v 0.010753204822540285 0.011178884506225588 0.014484374523162842
v 0.009901698827743532 0.011939649581909182 0.014507812261581422
v 0.00899653434753418 0.012635712623596194 0.01453125
v 0.008042616844177248 0.013263301849365238 0.01455468773841858
v 0.007045116424560548 0.013819016218185428 0.014578125476837159
v 0.006009437441825868 0.014299844503402713 0.014601562023162842
v 0.004941192567348481 0.014703179597854617 0.01462499976158142
v 0.003846171200275422 0.01502683758735657 0.0146484375
v 0.002730307281017304 0.015269063711166386 0.01467187523841858
v 0.0015996472537517551 0.015428545475006106 0.014695312976837158
v 0.00046031881123781215 0.015504418611526492 0.014718749523162843
v -0.0006815042346715928 0.015496271848678592 0.014742187261581422
v -0.0018196341395378117 0.015404149293899539 0.014765625000000001
v -0.0029479032754898076 0.015228550434112552 0.01478906273841858
v -0.004060197472572327 0.014970426559448245 0.01481250047683716
v -0.005150489211082459 0.014631177186965945 0.014835937023162842
v -0.006212869882583619 0.01421263933181763 0.014859374761581421
v -0.007241582274436952 0.013717082738876346 0.0148828125
v -0.008231052160263062 0.013147192001342777 0.01490625023841858
v -0.00917591691017151 0.012506055831909182 0.014929687976837159
v -0.010071057081222537 0.011797146797180177 0.014953124523162843
v -0.010911620855331422 0.011024309396743776 0.014976562261581422
v -0.011693054437637332 0.010191730260849002 0.015
v -0.012411121129989626 0.009303920865058901 0.015023437738418579
v -0.013061932325363162 0.008365692496299745 0.015046875476837158
v -0.013641958236694339 0.007382130026817323 0.015070312023162842
v -0.014148057699203494 0.00635856330394745 0.015093749761581421
v -0.01457748889923096 0.005300538539886475 0.0151171875
v -0.014927921295166019 0.004213789999485016 0.01514062523841858
v -0.015197459459304813 0.003104206323623658 0.015164062976837159
v -0.015384640693664554 0.0019778010249137884 0.015187499523162841
v -0.015488451719284061 0.0008406776189804079 0.01521093726158142
v -0.015508328676223758 -0.00030100140720605855 0.015234375
v -0.015444165468215946 -0.0014410492777824405 0.015257812738418579
v -0.015296308994293215 -0.0025732880830764775 0.015281250476837158
v -0.015065560340881351 -0.003691581785678864 0.015304687023162842
v -0.014753170013427738 -0.004789870679378511 0.015328124761581421
v -0.014360830783843996 -0.0058622026443481455 0.0153515625
v -0.013890669345855715 -0.006902767419815064 0.01537500023841858
v -0.013345232009887699 -0.007905924916267397 0.015398437976837159
v -0.012727477550506594 -0.008866239786148073 0.015421874523162842
v -0.012040749788284304 -0.009778507351875307 0.01544531226158142
v -0.01128877401351929 -0.010637785196304324 0.01546875
v -0.010475622415542604 -0.011439415216445925 0.015492187738418579
v -0.00960570275783539 -0.01217905402183533 0.015515625476837158
v -0.008683728575706484 -0.01285269379615784 0.015539062023162842
v -0.007714697122573854 -0.013456683158874515 0.015562499761581422
v -0.006703858971595766 -0.013987749814987186 0.0155859375
v -0.0056566917896270765 -0.014443016052246096 0.01560937523841858
v -0.004578870236873628 -0.014820014238357547 0.01563281297683716
v -0.0034762358665466316 -0.015116701126098636 0.015656249523162843
v -0.002354763299226761 -0.01533146977424622 0.01567968726158142
v -0.0012205300480127336 -0.015463155508041384 0.015703125000000002
v -7.968269288539888e-05 -0.01551104545593262 0.01572656273841858
v 0.0010615964978933337 -0.015474879741668704 0.01575000047683716
v 0.0021971227228641515 -0.0153548538684845 0.01577343702316284
v 0.003320742547512055 -0.015151618719100955 0.015796874761581422
v 0.004426367282867432 -0.01486627578735352 0.0158203125
v 0.005508005023002626 -0.014500371217727664 0.01584375023841858
v 0.006559793949127198 -0.01405588746070862 0.015867187976837158
v 0.0075760352611541765 -0.01353523373603821 0.015890624523162842
v 0.008551221489906313 -0.012941231727600101 0.015914062261581423
v 0.009480067491531375 -0.01227710008621216 0.0159375
v 0.010357540845870974 -0.01154643774032593 0.015960937738418578
v 0.011178884506225588 -0.010753204822540285 0.01598437547683716
v 0.011939649581909182 -0.009901698827743532 0.016007812023162843
v 0.012635712623596194 -0.00899653434753418 0.01603124976158142
v 0.013263301849365238 -0.008042616844177248 0.0160546875
v 0.013819016218185428 -0.007045116424560548 0.01607812523841858
v 0.014299844503402713 -0.006009437441825868 0.01610156297683716
v 0.014703179597854617 -0.004941192567348481 0.01612499952316284
v 0.01502683758735657 -0.003846171200275422 0.01614843726158142
v 0.015269063711166386 -0.002730307281017304 0.016171875
v 0.015428545475006106 -0.0015996472537517551 0.01619531273841858
v 0.015504418611526492 -0.00046031881123781215 0.016218750476837157
v 0.015496271848678592 0.0006815042346715928 0.01624218702316284
v 0.015404149293899539 0.0018196341395378117 0.016265624761581422
v 0.015228550434112552 0.0029479032754898076 0.0162890625
v 0.014970426559448245 0.004060197472572327 0.01631250023841858
v 0.014631177186965945 0.005150489211082459 0.016335937976837158
v 0.01421263933181763 0.006212869882583619 0.016359374523162842
v 0.013717082738876346 0.007241582274436952 0.01638281226158142
v 0.013147192001342777 0.008231052160263062 0.01640625
v 0.012506055831909182 0.00917591691017151 0.016429687738418578
v 0.011797146797180177 0.010071057081222537 0.01645312547683716
v 0.011024309396743776 0.010911620855331422 0.016476562023162843
v 0.010191730260849002 0.011693054437637332 0.01649999976158142
v 0.009303920865058901 0.012411121129989626 0.0165234375
v 0.008365692496299745 0.013061932325363162 0.01654687523841858
v 0.007382130026817323 0.013641958236694339 0.01657031297683716
v 0.00635856330394745 0.014148057699203494 0.01659374952316284
v 0.005300538539886475 0.01457748889923096 0.01661718726158142
v 0.004213789999485016 0.014927921295166019 0.016640625
v 0.003104206323623658 0.015197459459304813 0.01666406273841858
v 0.0019778010249137884 0.015384640693664554 0.016687500476837158
v 0.0008406776189804079 0.015488451719284061 0.016710937023162842
v -0.00030100140720605855 0.015508328676223758 0.016734374761581423
v -0.0014410492777824405 0.015444165468215946 0.0167578125
v -0.0025732880830764775 0.015296308994293215 0.01678125023841858
v -0.003691581785678864 0.015065560340881351 0.01680468797683716
v -0.004789870679378511 0.014753170013427738 0.016828124523162843
v -0.0058622026443481455 0.014360830783843996 0.01685156226158142
v -0.006902767419815064 0.013890669345855715 0.016875
v -0.007905924916267397 0.013345232009887699 0.01689843773841858
v -0.008866239786148073 0.012727477550506594 0.01692187547683716
v -0.009778507351875307 0.012040749788284304 0.016945312023162844
v -0.010637785196304324 0.01128877401351929 0.01696874976158142
v -0.011439415216445925 0.010475622415542604 0.016992187500000002
v -0.01217905402183533 0.00960570275783539 0.01701562523841858
v -0.01285269379615784 0.008683728575706484 0.017039062976837157
v -0.013456683158874515 0.007714697122573854 0.01706249952316284
v -0.013987749814987186 0.006703858971595766 0.017085937261581422
v -0.014443016052246096 0.0056566917896270765 0.017109375
v -0.014820014238357547 0.004578870236873628 0.01713281273841858
v -0.015116701126098636 0.0034762358665466316 0.017156250476837158
v -0.01533146977424622 0.002354763299226761 0.017179687023162842
v -0.015463155508041384 0.0012205300480127336 0.01720312476158142
v -0.01551104545593262 7.968269288539888e-05 0.0172265625
v -0.015474879741668704 -0.0010615964978933337 0.017250000238418578
v -0.0153548538684845 -0.0021971227228641515 0.01727343797683716
v -0.015151618719100955 -0.003320742547512055 0.017296874523162843
v -0.01486627578735352 -0.004426367282867432 0.01732031226158142
v -0.014500371217727664 -0.005508005023002626 0.01734375
v -0.01405588746070862 -0.006559793949127198 0.01736718773841858
v -0.01353523373603821 -0.0075760352611541765 0.01739062547683716
v -0.012941231727600101 -0.008551221489906313 0.01741406202316284
v -0.01227710008621216 -0.009480067491531375 0.01743749976158142
v -0.01154643774032593 -0.010357540845870974 0.0174609375
v -0.010753204822540285 -0.011178884506225588 0.01748437523841858
v -0.009901698827743532 -0.011939649581909182 0.017507812976837157
v -0.00899653434753418 -0.012635712623596194 0.01753124952316284
v -0.008042616844177248 -0.013263301849365238 0.017554687261581423
v -0.007045116424560548 -0.013819016218185428 0.017578125
v -0.006009437441825868 -0.014299844503402713 0.01760156273841858
v -0.004941192567348481 -0.014703179597854617 0.01762500047683716
v -0.003846171200275422 -0.01502683758735657 0.017648437023162843
v -0.002730307281017304 -0.015269063711166386 0.01767187476158142
v -0.0015996472537517551 -0.015428545475006106 0.0176953125
v -0.00046031881123781215 -0.015504418611526492 0.01771875023841858
v 0.0006815042346715928 -0.015496271848678592 0.01774218797683716
v 0.0018196341395378117 -0.015404149293899539 0.017765624523162844
v 0.0029479032754898076 -0.015228550434112552 0.01778906226158142
v 0.004060197472572327 -0.014970426559448245 0.017812500000000002
v 0.005150489211082459 -0.014631177186965945 0.01783593773841858
v 0.006212869882583619 -0.01421263933181763 0.01785937547683716
v 0.007241582274436952 -0.013717082738876346 0.01788281202316284
v 0.008231052160263062 -0.013147192001342777 0.017906249761581422
v 0.00917591691017151 -0.012506055831909182 0.0179296875
v 0.010071057081222537 -0.011797146797180177 0.01795312523841858
v 0.010911620855331422 -0.011024309396743776 0.017976562976837158
v 0.011693054437637332 -0.010191730260849002 0.017999999523162842
v 0.012411121129989626 -0.009303920865058901 0.018023437261581423
v 0.013061932325363162 -0.008365692496299745 0.018046875
v 0.013641958236694339 -0.007382130026817323 0.018070312738418578
v 0.014148057699203494 -0.00635856330394745 0.01809375047683716
v 0.01457748889923096 -0.005300538539886475 0.018117187023162843
v 0.014927921295166019 -0.004213789999485016 0.01814062476158142
v 0.015197459459304813 -0.003104206323623658 0.0181640625
v 0.015384640693664554 -0.0019778010249137884 0.01818750023841858
v 0.015488451719284061 -0.0008406776189804079 0.01821093797683716
v 0.015508328676223758 0.00030100140720605855 0.01823437452316284
v 0.015444165468215946 0.0014410492777824405 0.01825781226158142
v 0.015296308994293215 0.0025732880830764775 0.01828125
v 0.015065560340881351 0.003691581785678864 0.01830468773841858
v 0.014753170013427738 0.004789870679378511 0.018328125476837157
v 0.014360830783843996 0.0058622026443481455 0.01835156202316284
v 0.013890669345855715 0.006902767419815064 0.018374999761581422
v 0.013345232009887699 0.007905924916267397 0.0183984375
v 0.012727477550506594 0.008866239786148073 0.01842187523841858
v 0.012040749788284304 0.009778507351875307 0.018445312976837158
v 0.01128877401351929 0.010637785196304324 0.018468749523162842
v 0.010475622415542604 0.011439415216445925 0.01849218726158142
v 0.00960570275783539 0.01217905402183533 0.018515625
v 0.008683728575706484 0.01285269379615784 0.01853906273841858
v 0.007714697122573854 0.013456683158874515 0.01856250047683716
v 0.006703858971595766 0.013987749814987186 0.018585937023162843
v 0.0056566917896270765 0.014443016052246096 0.01860937476158142
v 0.004578870236873628 0.014820014238357547 0.018632812500000002
v 0.0034762358665466316 0.015116701126098636 0.01865625023841858
v 0.002354763299226761 0.01533146977424622 0.01867968797683716
v 0.0012205300480127336 0.015463155508041384 0.01870312452316284
v 7.968269288539888e-05 0.01551104545593262 0.018726562261581422
v -0.0010615964978933337 0.015474879741668704 0.01875
v -0.0021971227228641515 0.0153548538684845 0.01877343773841858
v -0.003320742547512055 0.015151618719100955 0.018796875476837158
v -0.004426367282867432 0.01486627578735352 0.018820312023162842
v -0.005508005023002626 0.014500371217727664 0.018843749761581423
v -0.006559793949127198 0.01405588746070862 0.0188671875
v -0.0075760352611541765 0.01353523373603821 0.01889062523841858
v -0.008551221489906313 0.012941231727600101 0.01891406297683716
v -0.009480067491531375 0.01227710008621216 0.018937499523162843
v -0.010357540845870974 0.01154643774032593 0.01896093726158142
v -0.011178884506225588 0.010753204822540285 0.018984375
v -0.011939649581909182 0.009901698827743532 0.01900781273841858
v -0.012635712623596194 0.00899653434753418 0.01903125047683716
v -0.013263301849365238 0.008042616844177248 0.019054687023162844
v -0.013819016218185428 0.007045116424560548 0.01907812476158142
v -0.014299844503402713 0.006009437441825868 0.0191015625
v -0.014703179597854617 0.004941192567348481 0.01912500023841858
v -0.01502683758735657 0.003846171200275422 0.019148437976837157
v -0.015269063711166386 0.002730307281017304 0.01917187452316284
v -0.015428545475006106 0.0015996472537517551 0.019195312261581422
v -0.015504418611526492 0.00046031881123781215 0.01921875
v -0.015496271848678592 -0.0006815042346715928 0.01924218773841858
v -0.015404149293899539 -0.0018196341395378117 0.019265625476837158
v -0.015228550434112552 -0.0029479032754898076 0.019289062023162842
v -0.014970426559448245 -0.004060197472572327 0.01931249976158142
v -0.014631177186965945 -0.005150489211082459 0.0193359375
v -0.01421263933181763 -0.006212869882583619 0.019359375238418578
v -0.013717082738876346 -0.007241582274436952 0.01938281297683716
v -0.013147192001342777 -0.008231052160263062 0.019406249523162843
v -0.012506055831909182 -0.00917591691017151 0.01942968726158142
v -0.011797146797180177 -0.010071057081222537 0.019453125
v -0.011024309396743776 -0.010911620855331422 0.01947656273841858
v -0.010191730260849002 -0.011693054437637332 0.01950000047683716
v -0.009303920865058901 -0.012411121129989626 0.01952343702316284
v -0.008365692496299745 -0.013061932325363162 0.01954687476158142
v -0.007382130026817323 -0.013641958236694339 0.0195703125
v -0.00635856330394745 -0.014148057699203494 0.01959375023841858
v -0.005300538539886475 -0.01457748889923096 0.019617187976837158
v -0.004213789999485016 -0.014927921295166019 0.019640624523162842
v -0.003104206323623658 -0.015197459459304813 0.019664062261581423
v -0.0019778010249137884 -0.015384640693664554 0.0196875
v -0.0008406776189804079 -0.015488451719284061 0.01971093773841858
v 0.00030100140720605855 -0.015508328676223758 0.01973437547683716
v 0.0014410492777824405 -0.015444165468215946 0.019757812023162843
v 0.0025732880830764775 -0.015296308994293215 0.01978124976158142
v 0.003691581785678864 -0.015065560340881351 0.0198046875
v 0.004789870679378511 -0.014753170013427738 0.01982812523841858
v 0.0058622026443481455 -0.014360830783843996 0.01985156297683716
v 0.006902767419815064 -0.013890669345855715 0.019874999523162844
v 0.007905924916267397 -0.013345232009887699 0.01989843726158142
v 0.008866239786148073 -0.012727477550506594 0.019921875000000002
v 0.009778507351875307 -0.012040749788284304 0.01994531273841858
v 0.010637785196304324 -0.01128877401351929 0.019968750476837157
v 0.011439415216445925 -0.010475622415542604 0.01999218702316284
v 0.01217905402183533 -0.00960570275783539 0.020015625953674315
v 0.01285269379615784 -0.008683728575706484 0.0200390625
v 0.013456683158874515 -0.007714697122573854 0.020062499046325684
v 0.013987749814987186 -0.006703858971595766 0.020085937976837158
v 0.014443016052246096 -0.0056566917896270765 0.020109374523162842
v 0.014820014238357547 -0.004578870236873628 0.020132813453674316
v 0.015116701126098636 -0.0034762358665466316 0.02015625
v 0.01533146977424622 -0.002354763299226761 0.020179686546325685
v 0.015463155508041384 -0.0012205300480127336 0.02020312547683716
v 0.01551104545593262 -7.968269288539888e-05 0.020226562023162843
v 0.015474879741668704 0.0010615964978933337 0.020250000953674317
v 0.0153548538684845 0.0021971227228641515 0.0202734375
v 0.015151618719100955 0.003320742547512055 0.020296874046325682
v 0.01486627578735352 0.004426367282867432 0.02032031297683716
v 0.014500371217727664 0.005508005023002626 0.02034374952316284
v 0.01405588746070862 0.006559793949127198 0.020367188453674318
v 0.01353523373603821 0.0075760352611541765 0.020390625
v 0.012941231727600101 0.008551221489906313 0.020414061546325683
v 0.01227710008621216 0.009480067491531375 0.020437500476837157
v 0.01154643774032593 0.010357540845870974 0.02046093702316284
v 0.010753204822540285 0.011178884506225588 0.020484375953674316
v 0.009901698827743532 0.011939649581909182 0.0205078125
v 0.00899653434753418 0.012635712623596194 0.020531249046325684
v 0.008042616844177248 0.013263301849365238 0.02055468797683716
v 0.007045116424560548 0.013819016218185428 0.020578124523162843
v 0.006009437441825868 0.014299844503402713 0.020601563453674317
v 0.004941192567348481 0.014703179597854617 0.020625
v 0.003846171200275422 0.01502683758735657 0.020648436546325685
v 0.002730307281017304 0.015269063711166386 0.02067187547683716
v 0.0015996472537517551 0.015428545475006106 0.020695312023162844
v 0.00046031881123781215 0.015504418611526492 0.020718750953674318
v -0.0006815042346715928 0.015496271848678592 0.020742187500000002
v -0.0018196341395378117 0.015404149293899539 0.020765624046325683
v -0.0029479032754898076 0.015228550434112552 0.02078906297683716
v -0.004060197472572327 0.014970426559448245 0.02081249952316284
v -0.005150489211082459 0.014631177186965945 0.020835938453674315
v -0.006212869882583619 0.01421263933181763 0.020859375
v -0.007241582274436952 0.013717082738876346 0.020882811546325684
v -0.008231052160263062 0.013147192001342777 0.020906250476837158
v -0.00917591691017151 0.012506055831909182 0.020929687023162842
v -0.010071057081222537 0.011797146797180177 0.020953125953674316
v -0.010911620855331422 0.011024309396743776 0.0209765625
v -0.011693054437637332 0.010191730260849002 0.020999999046325685
v -0.012411121129989626 0.009303920865058901 0.02102343797683716
v -0.013061932325363162 0.008365692496299745 0.021046874523162843
v -0.013641958236694339 0.007382130026817323 0.021070313453674317
v -0.014148057699203494 0.00635856330394745 0.02109375
v -0.01457748889923096 0.005300538539886475 0.021117186546325686
v -0.014927921295166019 0.004213789999485016 0.02114062547683716
v -0.015197459459304813 0.003104206323623658 0.02116406202316284
v -0.015384640693664554 0.0019778010249137884 0.021187500953674318
v -0.015488451719284061 0.0008406776189804079 0.0212109375
v -0.015508328676223758 -0.00030100140720605855 0.021234374046325683
v -0.015444165468215946 -0.0014410492777824405 0.021257812976837157
v -0.015296308994293215 -0.0025732880830764775 0.02128124952316284
v -0.015065560340881351 -0.003691581785678864 0.021304688453674316
v -0.014753170013427738 -0.004789870679378511 0.021328125
v -0.014360830783843996 -0.0058622026443481455 0.021351561546325684
v -0.013890669345855715 -0.006902767419815064 0.021375000476837158
v -0.013345232009887699 -0.007905924916267397 0.021398437023162842
v -0.012727477550506594 -0.008866239786148073 0.021421875953674317
v -0.012040749788284304 -0.009778507351875307 0.0214453125
v -0.01128877401351929 -0.010637785196304324 0.021468749046325685
v -0.010475622415542604 -0.011439415216445925 0.02149218797683716
v -0.00960570275783539 -0.01217905402183533 0.021515624523162843
v -0.008683728575706484 -0.01285269379615784 0.021539063453674318
v -0.007714697122573854 -0.013456683158874515 0.021562500000000002
v -0.006703858971595766 -0.013987749814987186 0.021585936546325683
v -0.0056566917896270765 -0.014443016052246096 0.02160937547683716
v -0.004578870236873628 -0.014820014238357547 0.02163281202316284
v -0.0034762358665466316 -0.015116701126098636 0.02165625095367432
v -0.002354763299226761 -0.01533146977424622 0.0216796875
v -0.0012205300480127336 -0.015463155508041384 0.021703124046325684
v -7.968269288539888e-05 -0.01551104545593262 0.021726562976837158
v 0.0010615964978933337 -0.015474879741668704 0.021749999523162842
v 0.0021971227228641515 -0.0153548538684845 0.021773438453674316
v 0.003320742547512055 -0.015151618719100955 0.021796875
v 0.004426367282867432 -0.01486627578735352 0.021820311546325685
v 0.005508005023002626 -0.014500371217727664 0.02184375047683716
v 0.006559793949127198 -0.01405588746070862 0.021867187023162843
v 0.0075760352611541765 -0.01353523373603821 0.021890625953674317
v 0.008551221489906313 -0.012941231727600101 0.0219140625
v 0.009480067491531375 -0.01227710008621216 0.021937499046325686
v 0.010357540845870974 -0.01154643774032593 0.02196093797683716
v 0.011178884506225588 -0.010753204822540285 0.021984374523162844
v 0.011939649581909182 -0.009901698827743532 0.022007813453674318
v 0.012635712623596194 -0.00899653434753418 0.02203125
v 0.013263301849365238 -0.008042616844177248 0.022054686546325683
v 0.013819016218185428 -0.007045116424560548 0.022078125476837157
v 0.014299844503402713 -0.006009437441825868 0.02210156202316284
v 0.014703179597854617 -0.004941192567348481 0.022125000953674315
v 0.01502683758735657 -0.003846171200275422 0.0221484375
v 0.015269063711166386 -0.002730307281017304 0.022171874046325684
v 0.015428545475006106 -0.0015996472537517551 0.022195312976837158
v 0.015504418611526492 -0.00046031881123781215 0.022218749523162842
v 0.015496271848678592 0.0006815042346715928 0.022242188453674316
v 0.015404149293899539 0.0018196341395378117 0.022265625
v 0.015228550434112552 0.0029479032754898076 0.022289061546325685
v 0.014970426559448245 0.004060197472572327 0.02231250047683716
v 0.014631177186965945 0.005150489211082459 0.022335937023162843
v 0.01421263933181763 0.006212869882583619 0.022359375953674317
v 0.013717082738876346 0.007241582274436952 0.0223828125
v 0.013147192001342777 0.008231052160263062 0.022406249046325682
v 0.012506055831909182 0.00917591691017151 0.02242968797683716
v 0.011797146797180177 0.010071057081222537 0.02245312452316284
v 0.011024309396743776 0.010911620855331422 0.02247656345367432
v 0.010191730260849002 0.011693054437637332 0.0225
v 0.009303920865058901 0.012411121129989626 0.022523436546325683
v 0.008365692496299745 0.013061932325363162 0.022546875476837158
v 0.007382130026817323 0.013641958236694339 0.022570312023162842
v 0.00635856330394745 0.014148057699203494 0.022593750953674316
v 0.005300538539886475 0.01457748889923096 0.0226171875
v 0.004213789999485016 0.014927921295166019 0.022640624046325684
v 0.003104206323623658 0.015197459459304813 0.02266406297683716
v 0.0019778010249137884 0.015384640693664554 0.022687499523162843
v 0.0008406776189804079 0.015488451719284061 0.022710938453674317
v -0.00030100140720605855 0.015508328676223758 0.022734375
v -0.0014410492777824405 0.015444165468215946 0.022757811546325685
v -0.0025732880830764775 0.015296308994293215 0.02278125047683716
v -0.003691581785678864 0.015065560340881351 0.022804687023162844
v -0.004789870679378511 0.014753170013427738 0.022828125953674318
v -0.0058622026443481455 0.014360830783843996 0.022851562500000002
v -0.006902767419815064 0.013890669345855715 0.022874999046325683
v -0.007905924916267397 0.013345232009887699 0.022898437976837157
v -0.008866239786148073 0.012727477550506594 0.02292187452316284
v -0.009778507351875307 0.012040749788284304 0.022945313453674315
v -0.010637785196304324 0.01128877401351929 0.02296875
v -0.011439415216445925 0.010475622415542604 0.022992186546325684
v -0.01217905402183533 0.00960570275783539 0.023015625476837158
v -0.01285269379615784 0.008683728575706484 0.023039062023162842
v -0.013456683158874515 0.007714697122573854 0.023062500953674316
v -0.013987749814987186 0.006703858971595766 0.0230859375
v -0.014443016052246096 0.0056566917896270765 0.023109374046325685
v -0.014820014238357547 0.004578870236873628 0.02313281297683716
v -0.015116701126098636 0.0034762358665466316 0.023156249523162843
v -0.01533146977424622 0.002354763299226761 0.023179688453674317
v -0.015463155508041384 0.0012205300480127336 0.023203125
v -0.01551104545593262 7.968269288539888e-05 0.023226561546325682
v -0.015474879741668704 -0.0010615964978933337 0.02325000047683716
v -0.0153548538684845 -0.0021971227228641515 0.02327343702316284
v -0.015151618719100955 -0.003320742547512055 0.023296875953674318
v -0.01486627578735352 -0.004426367282867432 0.0233203125
v -0.014500371217727664 -0.005508005023002626 0.023343749046325683
v -0.01405588746070862 -0.006559793949127198 0.023367187976837157
v -0.01353523373603821 -0.0075760352611541765 0.02339062452316284
v -0.012941231727600101 -0.008551221489906313 0.023414063453674316
v -0.01227710008621216 -0.009480067491531375 0.0234375
v -0.01154643774032593 -0.010357540845870974 0.023460936546325684
v -0.010753204822540285 -0.011178884506225588 0.02348437547683716
v -0.009901698827743532 -0.011939649581909182 0.023507812023162843
v -0.00899653434753418 -0.012635712623596194 0.023531250953674317
v -0.008042616844177248 -0.013263301849365238 0.0235546875
v -0.007045116424560548 -0.013819016218185428 0.023578124046325685
v -0.006009437441825868 -0.014299844503402713 0.02360156297683716
v -0.004941192567348481 -0.014703179597854617 0.023624999523162844
v -0.003846171200275422 -0.01502683758735657 0.023648438453674318
v -0.002730307281017304 -0.015269063711166386 0.023671875000000002
v -0.0015996472537517551 -0.015428545475006106 0.023695311546325683
v -0.00046031881123781215 -0.015504418611526492 0.02371875047683716
v 0.0006815042346715928 -0.015496271848678592 0.02374218702316284
v 0.0018196341395378117 -0.015404149293899539 0.02376562595367432
v 0.0029479032754898076 -0.015228550434112552 0.0237890625
v 0.004060197472572327 -0.014970426559448245 0.023812499046325684
v 0.005150489211082459 -0.014631177186965945 0.023835937976837158
v 0.006212869882583619 -0.01421263933181763 0.023859374523162842
v 0.007241582274436952 -0.013717082738876346 0.023882813453674316
v 0.008231052160263062 -0.013147192001342777 0.02390625
v 0.00917591691017151 -0.012506055831909182 0.023929686546325685
v 0.010071057081222537 -0.011797146797180177 0.02395312547683716
v 0.010911620855331422 -0.011024309396743776 0.023976562023162843
v -0.004301896691322328 0.016062141656875615 0.024000000953674317
v -0.006212766766548158 0.01535095572471619 0.024000000953674317
v -0.008021854162216189 0.014410119056701663 0.024000000953674317
v -0.00970043182373047 0.013253505229949954 0.024000000953674317
v -0.011223161220550538 0.011897300481796267 0.024000000953674317
v -0.01256243467330933 0.010365655422210695 0.024000000953674317
v -0.013698581457138065 0.008681618571281434 0.024000000953674317
v -0.014617022275924686 0.0068642938137054455 0.024000000953674317
v -0.015298930406570438 0.004947207272052766 0.024000000953674317
v -0.01573252081871033 0.002963219583034516 0.024000000953674317
v -0.015911387205123903 0.0009360477328300478 0.024000000953674317
v -0.01583039522171021 -0.0010969927906990054 0.024000000953674317
v -0.015490801334381106 -0.003098598718643189 0.024000000953674317
v -0.014895747900009158 -0.00504375457763672 0.024000000953674317
v -0.014054425954818728 -0.0068958479166030895 0.024000000953674317
v -0.012982620000839235 -0.008619355559349062 0.024000000953674317
v -0.011693054437637332 -0.010191730260849002 0.024000000953674317
v -0.012411121129989626 -0.009303920865058901 0.023976562023162843
v -0.013061932325363162 -0.008365692496299745 0.02395312547683716
v -0.013641958236694339 -0.007382130026817323 0.023929686546325685
v -0.014148057699203494 -0.00635856330394745 0.02390625
v -0.01457748889923096 -0.005300538539886475 0.023882813453674316
v -0.014927921295166019 -0.004213789999485016 0.023859374523162842
v -0.015197459459304813 -0.003104206323623658 0.023835937976837158
v -0.015384640693664554 -0.0019778010249137884 0.023812499046325684
v -0.015488451719284061 -0.0008406776189804079 0.0237890625
v -0.015508328676223758 0.00030100140720605855 0.02376562595367432
v -0.015444165468215946 0.0014410492777824405 0.02374218702316284
v -0.015296308994293215 0.0025732880830764775 0.02371875047683716
v -0.015065560340881351 0.003691581785678864 0.023695311546325683
v -0.014753170013427738 0.004789870679378511 0.023671875000000002
v -0.014360830783843996 0.0058622026443481455 0.023648438453674318
v -0.013890669345855715 0.006902767419815064 0.023624999523162844
v -0.013345232009887699 0.007905924916267397 0.02360156297683716
v -0.012727477550506594 0.008866239786148073 0.023578124046325685
v -0.012040749788284304 0.009778507351875307 0.0235546875
v -0.01128877401351929 0.010637785196304324 0.023531250953674317
v -0.010475622415542604 0.011439415216445925 0.023507812023162843
v -0.00960570275783539 0.01217905402183533 0.02348437547683716
v -0.008683728575706484 0.01285269379615784 0.023460936546325684
v -0.007714697122573854 0.013456683158874515 0.0234375
v -0.006703858971595766 0.013987749814987186 0.023414063453674316
v -0.0056566917896270765 0.014443016052246096 0.02339062452316284
v -0.004578870236873628 0.014820014238357547 0.023367187976837157
v -0.0034762358665466316 0.015116701126098636 0.023343749046325683
v -0.002354763299226761 0.01533146977424622 0.0233203125
v -0.0012205300480127336 0.015463155508041384 0.023296875953674318
v -7.968269288539888e-05 0.01551104545593262 0.02327343702316284
v 0.0010615964978933337 0.015474879741668704 0.02325000047683716
v 0.0021971227228641515 0.0153548538684845 0.023226561546325682
v 0.003320742547512055 0.015151618719100955 0.023203125
v 0.004426367282867432 0.01486627578735352 0.023179688453674317
v 0.005508005023002626 0.014500371217727664 0.023156249523162843
v 0.006559793949127198 0.01405588746070862 0.02313281297683716
v 0.0075760352611541765 0.01353523373603821 0.023109374046325685
v 0.008551221489906313 0.012941231727600101 0.0230859375
v 0.009480067491531375 0.01227710008621216 0.023062500953674316
v 0.010357540845870974 0.01154643774032593 0.023039062023162842
v 0.011178884506225588 0.010753204822540285 0.023015625476837158
v 0.011939649581909182 0.009901698827743532 0.022992186546325684
v 0.012635712623596194 0.00899653434753418 0.02296875
v 0.013263301849365238 0.008042616844177248 0.022945313453674315
v 0.013819016218185428 0.007045116424560548 0.02292187452316284
v 0.014299844503402713 0.006009437441825868 0.022898437976837157
v 0.014703179597854617 0.004941192567348481 0.022874999046325683
v 0.01502683758735657 0.003846171200275422 0.022851562500000002
v 0.015269063711166386 0.002730307281017304 0.022828125953674318
v 0.015428545475006106 0.0015996472537517551 0.022804687023162844
v 0.015504418611526492 0.00046031881123781215 0.02278125047683716
v 0.015496271848678592 -0.0006815042346715928 0.022757811546325685
v 0.015404149293899539 -0.0018196341395378117 0.022734375
v 0.015228550434112552 -0.0029479032754898076 0.022710938453674317
v 0.014970426559448245 -0.004060197472572327 0.022687499523162843
v 0.014631177186965945 -0.005150489211082459 0.02266406297683716
v 0.01421263933181763 -0.006212869882583619 0.022640624046325684
v 0.013717082738876346 -0.007241582274436952 0.0226171875
v 0.013147192001342777 -0.008231052160263062 0.022593750953674316
v 0.012506055831909182 -0.00917591691017151 0.022570312023162842
v 0.011797146797180177 -0.010071057081222537 0.022546875476837158
v 0.011024309396743776 -0.010911620855331422 0.022523436546325683
v 0.010191730260849002 -0.011693054437637332 0.0225
v 0.009303920865058901 -0.012411121129989626 0.02247656345367432
v 0.008365692496299745 -0.013061932325363162 0.02245312452316284
v 0.007382130026817323 -0.013641958236694339 0.02242968797683716
v 0.00635856330394745 -0.014148057699203494 0.022406249046325682
v 0.005300538539886475 -0.01457748889923096 0.0223828125
v 0.004213789999485016 -0.014927921295166019 0.022359375953674317
v 0.003104206323623658 -0.015197459459304813 0.022335937023162843
v 0.0019778010249137884 -0.015384640693664554 0.02231250047683716
v 0.0008406776189804079 -0.015488451719284061 0.022289061546325685
v -0.00030100140720605855 -0.015508328676223758 0.022265625
v -0.0014410492777824405 -0.015444165468215946 0.022242188453674316
v -0.0025732880830764775 -0.015296308994293215 0.022218749523162842
v -0.003691581785678864 -0.015065560340881351 0.022195312976837158
v -0.004789870679378511 -0.014753170013427738 0.022171874046325684
v -0.0058622026443481455 -0.014360830783843996 0.0221484375
v -0.006902767419815064 -0.013890669345855715 0.022125000953674315
v -0.007905924916267397 -0.013345232009887699 0.02210156202316284
v -0.008866239786148073 -0.012727477550506594 0.022078125476837157
v -0.009778507351875307 -0.012040749788284304 0.022054686546325683
v -0.010637785196304324 -0.01128877401351929 0.02203125
v -0.011439415216445925 -0.010475622415542604 0.022007813453674318
v -0.01217905402183533 -0.00960570275783539 0.021984374523162844
v -0.01285269379615784 -0.008683728575706484 0.02196093797683716
v -0.013456683158874515 -0.007714697122573854 0.021937499046325686
v -0.013987749814987186 -0.006703858971595766 0.0219140625
v -0.014443016052246096 -0.0056566917896270765 0.021890625953674317
v -0.014820014238357547 -0.004578870236873628 0.021867187023162843
v -0.015116701126098636 -0.0034762358665466316 0.02184375047683716
v -0.01533146977424622 -0.002354763299226761 0.021820311546325685
v -0.015463155508041384 -0.0012205300480127336 0.021796875
v -0.01551104545593262 -7.968269288539888e-05 0.021773438453674316
v -0.015474879741668704 0.0010615964978933337 0.021749999523162842
v -0.0153548538684845 0.0021971227228641515 0.021726562976837158
v -0.015151618719100955 0.003320742547512055 0.021703124046325684
v -0.01486627578735352 0.004426367282867432 0.0216796875
v -0.014500371217727664 0.005508005023002626 0.02165625095367432
v -0.01405588746070862 0.006559793949127198 0.02163281202316284
v -0.01353523373603821 0.0075760352611541765 0.02160937547683716
v -0.012941231727600101 0.008551221489906313 0.021585936546325683
v -0.01227710008621216 0.009480067491531375 0.021562500000000002
v -0.01154643774032593 0.010357540845870974 0.021539063453674318
v -0.010753204822540285 0.011178884506225588 0.021515624523162843
v -0.009901698827743532 0.011939649581909182 0.02149218797683716
v -0.00899653434753418 0.012635712623596194 0.021468749046325685
v -0.008042616844177248 0.013263301849365238 0.0214453125
v -0.007045116424560548 0.013819016218185428 0.021421875953674317
v -0.006009437441825868 0.014299844503402713 0.021398437023162842
v -0.004941192567348481 0.014703179597854617 0.021375000476837158
v -0.003846171200275422 0.01502683758735657 0.021351561546325684
v -0.002730307281017304 0.015269063711166386 0.021328125
v -0.0015996472537517551 0.015428545475006106 0.021304688453674316
v -0.00046031881123781215 0.015504418611526492 0.02128124952316284
v 0.0006815042346715928 0.015496271848678592 0.021257812976837157
v 0.0018196341395378117 0.015404149293899539 0.021234374046325683
v 0.0029479032754898076 0.015228550434112552 0.0212109375
v 0.004060197472572327 0.014970426559448245 0.021187500953674318
v 0.005150489211082459 0.014631177186965945 0.02116406202316284
v 0.006212869882583619 0.01421263933181763 0.02114062547683716
v 0.007241582274436952 0.013717082738876346 0.021117186546325686
v 0.008231052160263062 0.013147192001342777 0.02109375
v 0.00917591691017151 0.012506055831909182 0.021070313453674317
v 0.010071057081222537 0.011797146797180177 0.021046874523162843
v 0.010911620855331422 0.011024309396743776 0.02102343797683716
v 0.011693054437637332 0.010191730260849002 0.020999999046325685
v 0.012411121129989626 0.009303920865058901 0.0209765625
v 0.013061932325363162 0.008365692496299745 0.020953125953674316
v 0.013641958236694339 0.007382130026817323 0.020929687023162842
v 0.014148057699203494 0.00635856330394745 0.020906250476837158
v 0.01457748889923096 0.005300538539886475 0.020882811546325684
v 0.014927921295166019 0.004213789999485016 0.020859375
v 0.015197459459304813 0.003104206323623658 0.020835938453674315
v 0.015384640693664554 0.0019778010249137884 0.02081249952316284
v 0.015488451719284061 0.0008406776189804079 0.02078906297683716
v 0.015508328676223758 -0.00030100140720605855 0.020765624046325683
v 0.015444165468215946 -0.0014410492777824405 0.020742187500000002
v 0.015296308994293215 -0.0025732880830764775 0.020718750953674318
v 0.015065560340881351 -0.003691581785678864 0.020695312023162844
v 0.014753170013427738 -0.004789870679378511 0.02067187547683716
v 0.014360830783843996 -0.0058622026443481455 0.020648436546325685
v 0.013890669345855715 -0.006902767419815064 0.020625
v 0.013345232009887699 -0.007905924916267397 0.020601563453674317
v 0.012727477550506594 -0.008866239786148073 0.020578124523162843
v 0.012040749788284304 -0.009778507351875307 0.02055468797683716
v 0.01128877401351929 -0.010637785196304324 0.020531249046325684
v 0.010475622415542604 -0.011439415216445925 0.0205078125
v 0.00960570275783539 -0.01217905402183533 0.020484375953674316
v 0.008683728575706484 -0.01285269379615784 0.02046093702316284
v 0.007714697122573854 -0.013456683158874515 0.020437500476837157
v 0.006703858971595766 -0.013987749814987186 0.020414061546325683
v 0.0056566917896270765 -0.014443016052246096 0.020390625
v 0.004578870236873628 -0.014820014238357547 0.020367188453674318
v 0.0034762358665466316 -0.015116701126098636 0.02034374952316284
v 0.002354763299226761 -0.01533146977424622 0.02032031297683716
v 0.0012205300480127336 -0.015463155508041384 0.020296874046325682
v 7.968269288539888e-05 -0.01551104545593262 0.0202734375
v -0.0010615964978933337 -0.015474879741668704 0.020250000953674317
v -0.0021971227228641515 -0.0153548538684845 0.020226562023162843
v -0.003320742547512055 -0.015151618719100955 0.02020312547683716
v -0.004426367282867432 -0.01486627578735352 0.020179686546325685
v -0.005508005023002626 -0.014500371217727664 0.02015625
v -0.006559793949127198 -0.01405588746070862 0.020132813453674316
v -0.0075760352611541765 -0.01353523373603821 0.020109374523162842
v -0.008551221489906313 -0.012941231727600101 0.020085937976837158
v -0.009480067491531375 -0.01227710008621216 0.020062499046325684
v -0.010357540845870974 -0.01154643774032593 0.0200390625
v -0.011178884506225588 -0.010753204822540285 0.020015625953674315
v -0.011939649581909182 -0.009901698827743532 0.01999218702316284
v -0.012635712623596194 -0.00899653434753418 0.019968750476837157
v -0.013263301849365238 -0.008042616844177248 0.01994531273841858
v -0.013819016218185428 -0.007045116424560548 0.019921875000000002
v -0.014299844503402713 -0.006009437441825868 0.01989843726158142
v -0.014703179597854617 -0.004941192567348481 0.019874999523162844
v -0.01502683758735657 -0.003846171200275422 0.01985156297683716
v -0.015269063711166386 -0.002730307281017304 0.01982812523841858
v -0.015428545475006106 -0.0015996472537517551 0.0198046875
v -0.015504418611526492 -0.00046031881123781215 0.01978124976158142
v -0.015496271848678592 0.0006815042346715928 0.019757812023162843
v -0.015404149293899539 0.0018196341395378117 0.01973437547683716
v -0.015228550434112552 0.0029479032754898076 0.01971093773841858
v -0.014970426559448245 0.004060197472572327 0.0196875
v -0.014631177186965945 0.005150489211082459 0.019664062261581423
v -0.01421263933181763 0.006212869882583619 0.019640624523162842
v -0.013717082738876346 0.007241582274436952 0.019617187976837158
v -0.013147192001342777 0.008231052160263062 0.01959375023841858
v -0.012506055831909182 0.00917591691017151 0.0195703125
v -0.011797146797180177 0.010071057081222537 0.01954687476158142
v -0.011024309396743776 0.010911620855331422 0.01952343702316284
v -0.010191730260849002 0.011693054437637332 0.01950000047683716
v -0.009303920865058901 0.012411121129989626 0.01947656273841858
v -0.008365692496299745 0.013061932325363162 0.019453125
v -0.007382130026817323 0.013641958236694339 0.01942968726158142
v -0.00635856330394745 0.014148057699203494 0.019406249523162843
v -0.005300538539886475 0.01457748889923096 0.01938281297683716
v -0.004213789999485016 0.014927921295166019 0.019359375238418578
v -0.003104206323623658 0.015197459459304813 0.0193359375
v -0.0019778010249137884 0.015384640693664554 0.01931249976158142
v -0.0008406776189804079 0.015488451719284061 0.019289062023162842
v 0.00030100140720605855 0.015508328676223758 0.019265625476837158
v 0.0014410492777824405 0.015444165468215946 0.01924218773841858
v 0.0025732880830764775 0.015296308994293215 0.01921875
v 0.003691581785678864 0.015065560340881351 0.019195312261581422
v 0.004789870679378511 0.014753170013427738 0.01917187452316284
v 0.0058622026443481455 0.014360830783843996 0.019148437976837157
v 0.006902767419815064 0.013890669345855715 0.01912500023841858
v 0.007905924916267397 0.013345232009887699 0.0191015625
v 0.008866239786148073 0.012727477550506594 0.01907812476158142
v 0.009778507351875307 0.012040749788284304 0.019054687023162844
v 0.010637785196304324 0.01128877401351929 0.01903125047683716
v 0.011439415216445925 0.010475622415542604 0.01900781273841858
v 0.01217905402183533 0.00960570275783539 0.018984375
v 0.01285269379615784 0.008683728575706484 0.01896093726158142
v 0.013456683158874515 0.007714697122573854 0.018937499523162843
v 0.013987749814987186 0.006703858971595766 0.01891406297683716
v 0.014443016052246096 0.0056566917896270765 0.01889062523841858
v 0.014820014238357547 0.004578870236873628 0.0188671875
v 0.015116701126098636 0.0034762358665466316 0.018843749761581423
v 0.01533146977424622 0.002354763299226761 0.018820312023162842
v 0.015463155508041384 0.0012205300480127336 0.018796875476837158
v 0.01551104545593262 7.968269288539888e-05 0.01877343773841858
v 0.015474879741668704 -0.0010615964978933337 0.01875
v 0.0153548538684845 -0.0021971227228641515 0.018726562261581422
v 0.015151618719100955 -0.003320742547512055 0.01870312452316284
v 0.01486627578735352 -0.004426367282867432 0.01867968797683716
v 0.014500371217727664 -0.005508005023002626 0.01865625023841858
v 0.01405588746070862 -0.006559793949127198 0.018632812500000002
v 0.01353523373603821 -0.0075760352611541765 0.01860937476158142
v 0.012941231727600101 -0.008551221489906313 0.018585937023162843
v 0.01227710008621216 -0.009480067491531375 0.01856250047683716
v 0.01154643774032593 -0.010357540845870974 0.01853906273841858
v 0.010753204822540285 -0.011178884506225588 0.018515625
v 0.009901698827743532 -0.011939649581909182 0.01849218726158142
v 0.00899653434753418 -0.012635712623596194 0.018468749523162842
v 0.008042616844177248 -0.013263301849365238 0.018445312976837158
v 0.007045116424560548 -0.013819016218185428 0.01842187523841858
v 0.006009437441825868 -0.014299844503402713 0.0183984375
v 0.004941192567348481 -0.014703179597854617 0.018374999761581422
v 0.003846171200275422 -0.01502683758735657 0.01835156202316284
v 0.002730307281017304 -0.015269063711166386 0.018328125476837157
v 0.0015996472537517551 -0.015428545475006106 0.01830468773841858
v 0.00046031881123781215 -0.015504418611526492 0.01828125
v -0.0006815042346715928 -0.015496271848678592 0.01825781226158142
v -0.0018196341395378117 -0.015404149293899539 0.01823437452316284
v -0.0029479032754898076 -0.015228550434112552 0.01821093797683716
v -0.004060197472572327 -0.014970426559448245 0.01818750023841858
v -0.005150489211082459 -0.014631177186965945 0.0181640625
v -0.006212869882583619 -0.01421263933181763 0.01814062476158142
v -0.007241582274436952 -0.013717082738876346 0.018117187023162843
v -0.008231052160263062 -0.013147192001342777 0.01809375047683716
v -0.00917591691017151 -0.012506055831909182 0.018070312738418578
v -0.010071057081222537 -0.011797146797180177 0.018046875
v -0.010911620855331422 -0.011024309396743776 0.018023437261581423
v -0.011693054437637332 -0.010191730260849002 0.017999999523162842
v -0.012411121129989626 -0.009303920865058901 0.017976562976837158
v -0.013061932325363162 -0.008365692496299745 0.01795312523841858
v -0.013641958236694339 -0.007382130026817323 0.0179296875
v -0.014148057699203494 -0.00635856330394745 0.017906249761581422
v -0.01457748889923096 -0.005300538539886475 0.01788281202316284
v -0.014927921295166019 -0.004213789999485016 0.01785937547683716
v -0.015197459459304813 -0.003104206323623658 0.01783593773841858
v -0.015384640693664554 -0.0019778010249137884 0.017812500000000002
v -0.015488451719284061 -0.0008406776189804079 0.01778906226158142
v -0.015508328676223758 0.00030100140720605855 0.017765624523162844
v -0.015444165468215946 0.0014410492777824405 0.01774218797683716
v -0.015296308994293215 0.0025732880830764775 0.01771875023841858
v -0.015065560340881351 0.003691581785678864 0.0176953125
v -0.014753170013427738 0.004789870679378511 0.01767187476158142
v -0.014360830783843996 0.0058622026443481455 0.017648437023162843
v -0.013890669345855715 0.006902767419815064 0.01762500047683716
v -0.013345232009887699 0.007905924916267397 0.01760156273841858
v -0.012727477550506594 0.008866239786148073 0.017578125
v -0.012040749788284304 0.009778507351875307 0.017554687261581423
v -0.01128877401351929 0.010637785196304324 0.01753124952316284
v -0.010475622415542604 0.011439415216445925 0.017507812976837157
v -0.00960570275783539 0.01217905402183533 0.01748437523841858
v -0.008683728575706484 0.01285269379615784 0.0174609375
v -0.007714697122573854 0.013456683158874515 0.01743749976158142
v -0.006703858971595766 0.013987749814987186 0.01741406202316284
v -0.0056566917896270765 0.014443016052246096 0.01739062547683716
v -0.004578870236873628 0.014820014238357547 0.01736718773841858
v -0.0034762358665466316 0.015116701126098636 0.01734375
v -0.002354763299226761 0.01533146977424622 0.01732031226158142
v -0.0012205300480127336 0.015463155508041384 0.017296874523162843
v -7.968269288539888e-05 0.01551104545593262 0.01727343797683716
v 0.0010615964978933337 0.015474879741668704 0.017250000238418578
v 0.0021971227228641515 0.0153548538684845 0.0172265625
v 0.003320742547512055 0.015151618719100955 0.01720312476158142
v 0.004426367282867432 0.01486627578735352 0.017179687023162842
v 0.005508005023002626 0.014500371217727664 0.017156250476837158
v 0.006559793949127198 0.01405588746070862 0.01713281273841858
v 0.0075760352611541765 0.01353523373603821 0.017109375
v 0.008551221489906313 0.012941231727600101 0.017085937261581422
v 0.009480067491531375 0.01227710008621216 0.01706249952316284
v 0.010357540845870974 0.01154643774032593 0.017039062976837157
v 0.011178884506225588 0.010753204822540285 0.01701562523841858
v 0.011939649581909182 0.009901698827743532 0.016992187500000002
v 0.012635712623596194 0.00899653434753418 0.01696874976158142
v 0.013263301849365238 0.008042616844177248 0.016945312023162844
v 0.013819016218185428 0.007045116424560548 0.01692187547683716
v 0.014299844503402713 0.006009437441825868 0.01689843773841858
v 0.014703179597854617 0.004941192567348481 0.016875
v 0.01502683758735657 0.003846171200275422 0.01685156226158142
v 0.015269063711166386 0.002730307281017304 0.016828124523162843
v 0.015428545475006106 0.0015996472537517551 0.01680468797683716
v 0.015504418611526492 0.00046031881123781215 0.01678125023841858
v 0.015496271848678592 -0.0006815042346715928 0.0167578125
v 0.015404149293899539 -0.0018196341395378117 0.016734374761581423
v 0.015228550434112552 -0.0029479032754898076 0.016710937023162842
v 0.014970426559448245 -0.004060197472572327 0.016687500476837158
v 0.014631177186965945 -0.005150489211082459 0.01666406273841858
v 0.01421263933181763 -0.006212869882583619 0.016640625
v 0.013717082738876346 -0.007241582274436952 0.01661718726158142
v 0.013147192001342777 -0.008231052160263062 0.01659374952316284
v 0.012506055831909182 -0.00917591691017151 0.01657031297683716
v 0.011797146797180177 -0.010071057081222537 0.01654687523841858
v 0.011024309396743776 -0.010911620855331422 0.0165234375
v 0.010191730260849002 -0.011693054437637332 0.01649999976158142
v 0.009303920865058901 -0.012411121129989626 0.016476562023162843
v 0.008365692496299745 -0.013061932325363162 0.01645312547683716
v 0.007382130026817323 -0.013641958236694339 0.016429687738418578
v 0.00635856330394745 -0.014148057699203494 0.01640625
v 0.005300538539886475 -0.01457748889923096 0.01638281226158142
v 0.004213789999485016 -0.014927921295166019 0.016359374523162842
v 0.003104206323623658 -0.015197459459304813 0.016335937976837158
v 0.0019778010249137884 -0.015384640693664554 0.01631250023841858
v 0.0008406776189804079 -0.015488451719284061 0.0162890625
v -0.00030100140720605855 -0.015508328676223758 0.016265624761581422
v -0.0014410492777824405 -0.015444165468215946 0.01624218702316284
v -0.0025732880830764775 -0.015296308994293215 0.016218750476837157
v -0.003691581785678864 -0.015065560340881351 0.01619531273841858
v -0.004789870679378511 -0.014753170013427738 0.016171875
v -0.0058622026443481455 -0.014360830783843996 0.01614843726158142
v -0.006902767419815064 -0.013890669345855715 0.01612499952316284
v -0.007905924916267397 -0.013345232009887699 0.01610156297683716
v -0.008866239786148073 -0.012727477550506594 0.01607812523841858
v -0.009778507351875307 -0.012040749788284304 0.0160546875
v -0.010637785196304324 -0.01128877401351929 0.01603124976158142
v -0.011439415216445925 -0.010475622415542604 0.016007812023162843
v -0.01217905402183533 -0.00960570275783539 0.01598437547683716
v -0.01285269379615784 -0.008683728575706484 0.015960937738418578
v -0.013456683158874515 -0.007714697122573854 0.0159375
v -0.013987749814987186 -0.006703858971595766 0.015914062261581423
v -0.014443016052246096 -0.0056566917896270765 0.015890624523162842
v -0.014820014238357547 -0.004578870236873628 0.015867187976837158
v -0.015116701126098636 -0.0034762358665466316 0.01584375023841858
v -0.01533146977424622 -0.002354763299226761 0.0158203125
v -0.015463155508041384 -0.0012205300480127336 0.015796874761581422
v -0.01551104545593262 -7.968269288539888e-05 0.01577343702316284
v -0.015474879741668704 0.0010615964978933337 0.01575000047683716
v -0.0153548538684845 0.0021971227228641515 0.01572656273841858
v -0.015151618719100955 0.003320742547512055 0.015703125000000002
v -0.01486627578735352 0.004426367282867432 0.01567968726158142
v -0.014500371217727664 0.005508005023002626 0.015656249523162843
v -0.01405588746070862 0.006559793949127198 0.01563281297683716
v -0.01353523373603821 0.0075760352611541765 0.01560937523841858
v -0.012941231727600101 0.008551221489906313 0.0155859375
v -0.01227710008621216 0.009480067491531375 0.015562499761581422
v -0.01154643774032593 0.010357540845870974 0.015539062023162842
v -0.010753204822540285 0.011178884506225588 0.015515625476837158
v -0.009901698827743532 0.011939649581909182 0.015492187738418579
v -0.00899653434753418 0.012635712623596194 0.01546875
v -0.008042616844177248 0.013263301849365238 0.01544531226158142
v -0.007045116424560548 0.013819016218185428 0.015421874523162842
v -0.006009437441825868 0.014299844503402713 0.015398437976837159
v -0.004941192567348481 0.014703179597854617 0.01537500023841858
v -0.003846171200275422 0.01502683758735657 0.0153515625
v -0.002730307281017304 0.015269063711166386 0.015328124761581421
v -0.0015996472537517551 0.015428545475006106 0.015304687023162842
v -0.00046031881123781215 0.015504418611526492 0.015281250476837158
v 0.0006815042346715928 0.015496271848678592 0.015257812738418579
v 0.0018196341395378117 0.015404149293899539 0.015234375
v 0.0029479032754898076 0.015228550434112552 0.01521093726158142
v 0.004060197472572327 0.014970426559448245 0.015187499523162841
v 0.005150489211082459 0.014631177186965945 0.015164062976837159
v 0.006212869882583619 0.01421263933181763 0.01514062523841858
v 0.007241582274436952 0.013717082738876346 0.0151171875
v 0.008231052160263062 0.013147192001342777 0.015093749761581421
v 0.00917591691017151 0.012506055831909182 0.015070312023162842
v 0.010071057081222537 0.011797146797180177 0.015046875476837158
v 0.010911620855331422 0.011024309396743776 0.015023437738418579
v 0.011693054437637332 0.010191730260849002 0.015
v 0.012411121129989626 0.009303920865058901 0.014976562261581422
v 0.013061932325363162 0.008365692496299745 0.014953124523162843
v 0.013641958236694339 0.007382130026817323 0.014929687976837159
v 0.014148057699203494 0.00635856330394745 0.01490625023841858
v 0.01457748889923096 0.005300538539886475 0.0148828125
v 0.014927921295166019 0.004213789999485016 0.014859374761581421
v 0.015197459459304813 0.003104206323623658 0.014835937023162842
v 0.015384640693664554 0.0019778010249137884 0.01481250047683716
v 0.015488451719284061 0.0008406776189804079 0.01478906273841858
v 0.015508328676223758 -0.00030100140720605855 0.014765625000000001
v 0.015444165468215946 -0.0014410492777824405 0.014742187261581422
v 0.015296308994293215 -0.0025732880830764775 0.014718749523162843
v 0.015065560340881351 -0.003691581785678864 0.014695312976837158
v 0.014753170013427738 -0.004789870679378511 0.01467187523841858
v 0.014360830783843996 -0.0058622026443481455 0.0146484375
v 0.013890669345855715 -0.006902767419815064 0.01462499976158142
v 0.013345232009887699 -0.007905924916267397 0.014601562023162842
v 0.012727477550506594 -0.008866239786148073 0.014578125476837159
v 0.012040749788284304 -0.009778507351875307 0.01455468773841858
v 0.01128877401351929 -0.010637785196304324 0.01453125
v 0.010475622415542604 -0.011439415216445925 0.014507812261581422
v 0.00960570275783539 -0.01217905402183533 0.014484374523162842
v 0.008683728575706484 -0.01285269379615784 0.014460937976837158
v 0.007714697122573854 -0.013456683158874515 0.014437500238418579
v 0.006703858971595766 -0.013987749814987186 0.0144140625
v 0.0056566917896270765 -0.014443016052246096 0.01439062476158142
v 0.004578870236873628 -0.014820014238357547 0.014367187023162841
v 0.0034762358665466316 -0.015116701126098636 0.014343750476837159
v 0.002354763299226761 -0.01533146977424622 0.01432031273841858
v 0.0012205300480127336 -0.015463155508041384 0.014296875
v 7.968269288539888e-05 -0.01551104545593262 0.014273437261581421
v -0.0010615964978933337 -0.015474879741668704 0.014249999523162842
v -0.0021971227228641515 -0.0153548538684845 0.014226562976837158
v -0.003320742547512055 -0.015151618719100955 0.014203125238418579
v -0.004426367282867432 -0.01486627578735352 0.0141796875
v -0.005508005023002626 -0.014500371217727664 0.01415624976158142
v -0.006559793949127198 -0.01405588746070862 0.014132812023162841
v -0.0075760352611541765 -0.01353523373603821 0.014109375476837159
v -0.008551221489906313 -0.012941231727600101 0.01408593773841858
v -0.009480067491531375 -0.01227710008621216 0.0140625
v -0.010357540845870974 -0.01154643774032593 0.014039062261581421
v -0.011178884506225588 -0.010753204822540285 0.014015624523162842
v -0.011939649581909182 -0.009901698827743532 0.013992187976837158
v -0.012635712623596194 -0.00899653434753418 0.013968750238418579
v -0.013263301849365238 -0.008042616844177248 0.013945312500000001
v -0.013819016218185428 -0.007045116424560548 0.013921874761581422
v -0.014299844503402713 -0.006009437441825868 0.013898437023162843
v -0.014703179597854617 -0.004941192567348481 0.013875000476837158
v -0.01502683758735657 -0.003846171200275422 0.01385156273841858
v -0.015269063711166386 -0.002730307281017304 0.013828125
v -0.015428545475006106 -0.0015996472537517551 0.013804687261581421
v -0.015504418611526492 -0.00046031881123781215 0.013781249523162842
v -0.015496271848678592 0.0006815042346715928 0.01375781297683716
v -0.015404149293899539 0.0018196341395378117 0.01373437523841858
v -0.015228550434112552 0.0029479032754898076 0.013710937500000001
v -0.014970426559448245 0.004060197472572327 0.013687499761581422
v -0.014631177186965945 0.005150489211082459 0.013664062023162843
v -0.01421263933181763 0.006212869882583619 0.013640625476837158
v -0.013717082738876346 0.007241582274436952 0.013617187738418579
v -0.013147192001342777 0.008231052160263062 0.01359375
v -0.012506055831909182 0.00917591691017151 0.01357031226158142
v -0.011797146797180177 0.010071057081222537 0.013546874523162842
v -0.011024309396743776 0.010911620855331422 0.013523437976837159
v -0.010191730260849002 0.011693054437637332 0.01350000023841858
v -0.009303920865058901 0.012411121129989626 0.0134765625
v -0.008365692496299745 0.013061932325363162 0.013453124761581422
v -0.007382130026817323 0.013641958236694339 0.013429687023162842
v -0.00635856330394745 0.014148057699203494 0.013406250476837158
v -0.005300538539886475 0.01457748889923096 0.013382812738418579
v -0.004213789999485016 0.014927921295166019 0.013359375
v -0.003104206323623658 0.015197459459304813 0.01333593726158142
v -0.0019778010249137884 0.015384640693664554 0.013312499523162841
v -0.0008406776189804079 0.015488451719284061 0.013289062976837159
v 0.00030100140720605855 0.015508328676223758 0.01326562523841858
v 0.0014410492777824405 0.015444165468215946 0.0132421875
v 0.0025732880830764775 0.015296308994293215 0.013218749761581421
v 0.003691581785678864 0.015065560340881351 0.013195312023162842
v 0.004789870679378511 0.014753170013427738 0.013171875476837158
v 0.0058622026443481455 0.014360830783843996 0.013148437738418579
v 0.006902767419815064 0.013890669345855715 0.013125
v 0.007905924916267397 0.013345232009887699 0.01310156226158142
v 0.008866239786148073 0.012727477550506594 0.013078124523162843
v 0.009778507351875307 0.012040749788284304 0.013054687976837159
v 0.010637785196304324 0.01128877401351929 0.01303125023841858
v 0.011439415216445925 0.010475622415542604 0.0130078125
v 0.01217905402183533 0.00960570275783539 0.012984374761581421
v 0.01285269379615784 0.008683728575706484 0.012960937023162842
v 0.013456683158874515 0.007714697122573854 0.012937500476837158
v 0.013987749814987186 0.006703858971595766 0.01291406273841858
v 0.014443016052246096 0.0056566917896270765 0.012890625000000001
v 0.014820014238357547 0.004578870236873628 0.012867187261581422
v 0.015116701126098636 0.0034762358665466316 0.012843749523162843
v 0.01533146977424622 0.002354763299226761 0.012820312976837158
v 0.015463155508041384 0.0012205300480127336 0.01279687523841858
v 0.01551104545593262 7.968269288539888e-05 0.0127734375
v 0.015474879741668704 -0.0010615964978933337 0.012749999761581421
v 0.0153548538684845 -0.0021971227228641515 0.012726562023162842
v 0.015151618719100955 -0.003320742547512055 0.01270312547683716
v 0.01486627578735352 -0.004426367282867432 0.01267968773841858
v 0.014500371217727664 -0.005508005023002626 0.01265625
v 0.01405588746070862 -0.006559793949127198 0.012632812261581422
v 0.01353523373603821 -0.0075760352611541765 0.012609374523162842
v 0.012941231727600101 -0.008551221489906313 0.012585937976837158
v 0.01227710008621216 -0.009480067491531375 0.012562500238418579
v 0.01154643774032593 -0.010357540845870974 0.0125390625
v 0.010753204822540285 -0.011178884506225588 0.01251562476158142
v 0.009901698827743532 -0.011939649581909182 0.012492187023162842
v 0.00899653434753418 -0.012635712623596194 0.012468750476837159
v 0.008042616844177248 -0.013263301849365238 0.01244531273841858
v 0.007045116424560548 -0.013819016218185428 0.012421875
v 0.006009437441825868 -0.014299844503402713 0.012398437261581421
v 0.004941192567348481 -0.014703179597854617 0.012374999523162842
v 0.003846171200275422 -0.01502683758735657 0.012351562976837158
v 0.002730307281017304 -0.015269063711166386 0.012328125238418579
v 0.0015996472537517551 -0.015428545475006106 0.0123046875
v 0.00046031881123781215 -0.015504418611526492 0.01228124976158142
v -0.0006815042346715928 -0.015496271848678592 0.012257812023162841
v -0.0018196341395378117 -0.015404149293899539 0.012234375476837159
v -0.0029479032754898076 -0.015228550434112552 0.01221093773841858
v -0.004060197472572327 -0.014970426559448245 0.0121875
v -0.005150489211082459 -0.014631177186965945 0.012164062261581421
v -0.006212869882583619 -0.01421263933181763 0.012140624523162842
v -0.007241582274436952 -0.013717082738876346 0.012117187976837158
v -0.008231052160263062 -0.013147192001342777 0.012093750238418579
v -0.00917591691017151 -0.012506055831909182 0.0120703125
v -0.010071057081222537 -0.011797146797180177 0.012046874761581422
v -0.010911620855331422 -0.011024309396743776 0.012023437023162843
v -0.011693054437637332 -0.010191730260849002 0.012000000476837159
v -0.012411121129989626 -0.009303920865058901 0.01197656273841858
v -0.013061932325363162 -0.008365692496299745 0.011953125
v -0.013641958236694339 -0.007382130026817323 0.011929687261581421
v -0.014148057699203494 -0.00635856330394745 0.011906249523162842
v -0.01457748889923096 -0.005300538539886475 0.01188281297683716
v -0.014927921295166019 -0.004213789999485016 0.01185937523841858
v -0.015197459459304813 -0.003104206323623658 0.011835937500000001
v -0.015384640693664554 -0.0019778010249137884 0.011812499761581422
v -0.015488451719284061 -0.0008406776189804079 0.011789062023162843
v -0.015508328676223758 0.00030100140720605855 0.011765625476837158
v -0.015444165468215946 0.0014410492777824405 0.01174218773841858
v -0.015296308994293215 0.0025732880830764775 0.01171875
v -0.015065560340881351 0.003691581785678864 0.01169531226158142
v -0.014753170013427738 0.004789870679378511 0.011671874523162842
v -0.014360830783843996 0.0058622026443481455 0.011648437976837159
v -0.013890669345855715 0.006902767419815064 0.01162500023841858
v -0.013345232009887699 0.007905924916267397 0.0116015625
v -0.012727477550506594 0.008866239786148073 0.011578124761581422
v -0.012040749788284304 0.009778507351875307 0.011554687023162842
v -0.01128877401351929 0.010637785196304324 0.011531250476837158
v -0.010475622415542604 0.011439415216445925 0.011507812738418579
v -0.00960570275783539 0.01217905402183533 0.011484375
v -0.008683728575706484 0.01285269379615784 0.01146093726158142
v -0.007714697122573854 0.013456683158874515 0.011437499523162841
v -0.006703858971595766 0.013987749814987186 0.011414062976837159
v -0.0056566917896270765 0.014443016052246096 0.01139062523841858
v -0.004578870236873628 0.014820014238357547 0.0113671875
v -0.0034762358665466316 0.015116701126098636 0.011343749761581421
v -0.002354763299226761 0.01533146977424622 0.011320312023162842
v -0.0012205300480127336 0.015463155508041384 0.011296875476837158
v -7.968269288539888e-05 0.01551104545593262 0.011273437738418579
v 0.0010615964978933337 0.015474879741668704 0.01125
v 0.0021971227228641515 0.0153548538684845 0.01122656226158142
v 0.003320742547512055 0.015151618719100955 0.011203124523162841
v 0.004426367282867432 0.01486627578735352 0.011179687976837159
v 0.005508005023002626 0.014500371217727664 0.01115625023841858
v 0.006559793949127198 0.01405588746070862 0.0111328125
v 0.0075760352611541765 0.01353523373603821 0.011109374761581421
v 0.008551221489906313 0.012941231727600101 0.011085937023162842
v 0.009480067491531375 0.01227710008621216 0.011062500476837158
v 0.010357540845870974 0.01154643774032593 0.011039062738418579
v 0.011178884506225588 0.010753204822540285 0.011015625
v 0.011939649581909182 0.009901698827743532 0.010992187261581422
v 0.012635712623596194 0.00899653434753418 0.010968749523162843
v 0.013263301849365238 0.008042616844177248 0.010945312976837158
v 0.013819016218185428 0.007045116424560548 0.01092187523841858
v 0.014299844503402713 0.006009437441825868 0.0108984375
v 0.014703179597854617 0.004941192567348481 0.010874999761581421
v 0.01502683758735657 0.003846171200275422 0.010851562023162842
v 0.015269063711166386 0.002730307281017304 0.01082812547683716
v 0.015428545475006106 0.0015996472537517551 0.01080468773841858
v 0.015504418611526492 0.00046031881123781215 0.010781250000000001
v 0.015496271848678592 -0.0006815042346715928 0.010757812261581422
v 0.015404149293899539 -0.0018196341395378117 0.010734374523162843
v 0.015228550434112552 -0.0029479032754898076 0.010710937976837158
v 0.014970426559448245 -0.004060197472572327 0.010687500238418579
v 0.014631177186965945 -0.005150489211082459 0.0106640625
v 0.01421263933181763 -0.006212869882583619 0.01064062476158142
v 0.013717082738876346 -0.007241582274436952 0.010617187023162842
v 0.013147192001342777 -0.008231052160263062 0.010593750476837159
v 0.012506055831909182 -0.00917591691017151 0.01057031273841858
v 0.011797146797180177 -0.010071057081222537 0.010546875
v 0.011024309396743776 -0.010911620855331422 0.010523437261581422
v 0.010191730260849002 -0.011693054437637332 0.010499999523162842
v 0.009303920865058901 -0.012411121129989626 0.010476562976837158
v 0.008365692496299745 -0.013061932325363162 0.010453125238418579
v 0.007382130026817323 -0.013641958236694339 0.0104296875
v 0.00635856330394745 -0.014148057699203494 0.01040624976158142
v 0.005300538539886475 -0.01457748889923096 0.010382812023162841
v 0.004213789999485016 -0.014927921295166019 0.010359375476837159
v 0.003104206323623658 -0.015197459459304813 0.01033593773841858
v 0.0019778010249137884 -0.015384640693664554 0.0103125
v 0.0008406776189804079 -0.015488451719284061 0.010289062261581421
v -0.00030100140720605855 -0.015508328676223758 0.010265624523162842
v -0.0014410492777824405 -0.015444165468215946 0.010242187976837158
v -0.0025732880830764775 -0.015296308994293215 0.010218750238418579
v -0.003691581785678864 -0.015065560340881351 0.0101953125
v -0.004789870679378511 -0.014753170013427738 0.01017187476158142
v -0.0058622026443481455 -0.014360830783843996 0.010148437023162841
v -0.006902767419815064 -0.013890669345855715 0.010125000476837159
v -0.007905924916267397 -0.013345232009887699 0.01010156273841858
v -0.008866239786148073 -0.012727477550506594 0.010078125
v -0.009778507351875307 -0.012040749788284304 0.010054687261581421
v -0.010637785196304324 -0.01128877401351929 0.010031249523162842
v -0.011439415216445925 -0.010475622415542604 0.010007812976837158
v -0.01217905402183533 -0.00960570275783539 0.009984375238418578
v -0.01285269379615784 -0.008683728575706484 0.009960937500000001
v -0.013456683158874515 -0.007714697122573854 0.009937499761581422
v -0.013987749814987186 -0.006703858971595766 0.00991406261920929
v -0.014443016052246096 -0.0056566917896270765 0.00989062488079071
v -0.014820014238357547 -0.004578870236873628 0.00986718773841858
v -0.015116701126098636 -0.0034762358665466316 0.00984375
v -0.01533146977424622 -0.002354763299226761 0.009820312261581421
v -0.015463155508041384 -0.0012205300480127336 0.00979687511920929
v -0.01551104545593262 -7.968269288539888e-05 0.00977343738079071
v -0.015474879741668704 0.0010615964978933337 0.00975000023841858
v -0.0153548538684845 0.0021971227228641515 0.0097265625
v -0.015151618719100955 0.003320742547512055 0.009703124761581422
v -0.01486627578735352 0.004426367282867432 0.009679687619209289
v -0.014500371217727664 0.005508005023002626 0.00965624988079071
v -0.01405588746070862 0.006559793949127198 0.009632812738418579
v -0.01353523373603821 0.0075760352611541765 0.009609375
v -0.012941231727600101 0.008551221489906313 0.00958593726158142
v -0.01227710008621216 0.009480067491531375 0.00956250011920929
v -0.01154643774032593 0.010357540845870974 0.00953906238079071
v -0.010753204822540285 0.011178884506225588 0.00951562523841858
v -0.009901698827743532 0.011939649581909182 0.0094921875
v -0.00899653434753418 0.012635712623596194 0.009468749761581421
v -0.008042616844177248 0.013263301849365238 0.00944531261920929
v -0.007045116424560548 0.013819016218185428 0.009421874880790711
v -0.006009437441825868 0.014299844503402713 0.009398437738418579
v -0.004941192567348481 0.014703179597854617 0.009375
v -0.003846171200275422 0.01502683758735657 0.00935156226158142
v -0.002730307281017304 0.015269063711166386 0.00932812511920929
v -0.0015996472537517551 0.015428545475006106 0.00930468738079071
v -0.00046031881123781215 0.015504418611526492 0.00928125023841858
v 0.0006815042346715928 0.015496271848678592 0.0092578125
v 0.0018196341395378117 0.015404149293899539 0.009234374761581421
v 0.0029479032754898076 0.015228550434112552 0.00921093761920929
v 0.004060197472572327 0.014970426559448245 0.009187499880790711
v 0.005150489211082459 0.014631177186965945 0.009164062738418579
v 0.006212869882583619 0.01421263933181763 0.009140625
v 0.007241582274436952 0.013717082738876346 0.00911718726158142
v 0.008231052160263062 0.013147192001342777 0.00909375011920929
v 0.00917591691017151 0.012506055831909182 0.00907031238079071
v 0.010071057081222537 0.011797146797180177 0.00904687523841858
v 0.010911620855331422 0.011024309396743776 0.0090234375
v 0.011693054437637332 0.010191730260849002 0.008999999761581421
v 0.012411121129989626 0.009303920865058901 0.00897656261920929
v 0.013061932325363162 0.008365692496299745 0.008953124880790711
v 0.013641958236694339 0.007382130026817323 0.00892968773841858
v 0.014148057699203494 0.00635856330394745 0.008906250000000001
v 0.01457748889923096 0.005300538539886475 0.008882812261581422
v 0.014927921295166019 0.004213789999485016 0.00885937511920929
v 0.015197459459304813 0.003104206323623658 0.00883593738079071
v 0.015384640693664554 0.0019778010249137884 0.00881250023841858
v 0.015488451719284061 0.0008406776189804079 0.0087890625
v 0.015508328676223758 -0.00030100140720605855 0.00876562476158142
v 0.015444165468215946 -0.0014410492777824405 0.00874218761920929
v 0.015296308994293215 -0.0025732880830764775 0.00871874988079071
v 0.015065560340881351 -0.003691581785678864 0.00869531273841858
v 0.014753170013427738 -0.004789870679378511 0.008671875
v 0.014360830783843996 -0.0058622026443481455 0.008648437261581422
v 0.013890669345855715 -0.006902767419815064 0.008625000119209289
v 0.013345232009887699 -0.007905924916267397 0.00860156238079071
v 0.012727477550506594 -0.008866239786148073 0.008578125238418579
v 0.012040749788284304 -0.009778507351875307 0.0085546875
v 0.01128877401351929 -0.010637785196304324 0.00853124976158142
v 0.010475622415542604 -0.011439415216445925 0.00850781261920929
v 0.00960570275783539 -0.01217905402183533 0.00848437488079071
v 0.008683728575706484 -0.01285269379615784 0.00846093773841858
v 0.007714697122573854 -0.013456683158874515 0.0084375
v 0.006703858971595766 -0.013987749814987186 0.008414062261581421
v 0.0056566917896270765 -0.014443016052246096 0.00839062511920929
v 0.004578870236873628 -0.014820014238357547 0.008367187380790711
v 0.0034762358665466316 -0.015116701126098636 0.008343750238418579
v 0.002354763299226761 -0.01533146977424622 0.0083203125
v 0.0012205300480127336 -0.015463155508041384 0.00829687476158142
v 7.968269288539888e-05 -0.01551104545593262 0.00827343761920929
v -0.0010615964978933337 -0.015474879741668704 0.00824999988079071
v -0.0021971227228641515 -0.0153548538684845 0.00822656273841858
v -0.003320742547512055 -0.015151618719100955 0.008203125
v -0.004426367282867432 -0.01486627578735352 0.008179687261581421
v -0.005508005023002626 -0.014500371217727664 0.00815625011920929
v -0.006559793949127198 -0.01405588746070862 0.008132812380790711
v -0.0075760352611541765 -0.01353523373603821 0.008109375238418579
v -0.008551221489906313 -0.012941231727600101 0.0080859375
v -0.009480067491531375 -0.01227710008621216 0.00806249976158142
v -0.010357540845870974 -0.01154643774032593 0.00803906261920929
v -0.011178884506225588 -0.010753204822540285 0.00801562488079071
v -0.011939649581909182 -0.009901698827743532 0.00799218773841858
v -0.012635712623596194 -0.00899653434753418 0.00796875
v -0.013263301849365238 -0.008042616844177248 0.007945312261581421
v -0.013819016218185428 -0.007045116424560548 0.00792187511920929
v -0.014299844503402713 -0.006009437441825868 0.007898437380790711
v -0.014703179597854617 -0.004941192567348481 0.00787500023841858
v -0.01502683758735657 -0.003846171200275422 0.007851562500000001
v -0.015269063711166386 -0.002730307281017304 0.007828124761581422
v -0.015428545475006106 -0.0015996472537517551 0.00780468761920929
v -0.015504418611526492 -0.00046031881123781215 0.007781249880790711
v -0.015496271848678592 0.0006815042346715928 0.007757812738418579
v -0.015404149293899539 0.0018196341395378117 0.007734375
v -0.015228550434112552 0.0029479032754898076 0.007710937261581421
v -0.014970426559448245 0.004060197472572327 0.00768750011920929
v -0.014631177186965945 0.005150489211082459 0.007664062380790711
v -0.01421263933181763 0.006212869882583619 0.007640625238418579
v -0.013717082738876346 0.007241582274436952 0.0076171875
v -0.013147192001342777 0.008231052160263062 0.007593749761581421
v -0.012506055831909182 0.00917591691017151 0.00757031261920929
v -0.011797146797180177 0.010071057081222537 0.007546874880790711
v -0.011024309396743776 0.010911620855331422 0.007523437738418579
v -0.010191730260849002 0.011693054437637332 0.0075
v -0.009303920865058901 0.012411121129989626 0.007476562261581421
v -0.008365692496299745 0.013061932325363162 0.00745312511920929
v -0.007382130026817323 0.013641958236694339 0.0074296873807907105
v -0.00635856330394745 0.014148057699203494 0.00740625023841858
v -0.005300538539886475 0.01457748889923096 0.0073828125000000005
v -0.004213789999485016 0.014927921295166019 0.007359374761581421
v -0.003104206323623658 0.015197459459304813 0.00733593761920929
v -0.0019778010249137884 0.015384640693664554 0.00731249988079071
v -0.0008406776189804079 0.015488451719284061 0.0072890627384185796
v 0.00030100140720605855 0.015508328676223758 0.007265625
v 0.0014410492777824405 0.015444165468215946 0.007242187261581421
v 0.0025732880830764775 0.015296308994293215 0.0072187501192092895
v 0.003691581785678864 0.015065560340881351 0.00719531238079071
v 0.004789870679378511 0.014753170013427738 0.0071718752384185794
v 0.0058622026443481455 0.014360830783843996 0.0071484375
v 0.006902767419815064 0.013890669345855715 0.007124999761581421
v 0.007905924916267397 0.013345232009887699 0.007101562619209289
v 0.008866239786148073 0.012727477550506594 0.00707812488079071
v 0.009778507351875307 0.012040749788284304 0.007054687738418579
v 0.010637785196304324 0.01128877401351929 0.00703125
v 0.011439415216445925 0.010475622415542604 0.007007812261581421
v 0.01217905402183533 0.00960570275783539 0.006984375119209289
v 0.01285269379615784 0.008683728575706484 0.006960937380790711
v 0.013456683158874515 0.007714697122573854 0.006937500238418579
v 0.013987749814987186 0.006703858971595766 0.0069140625
v 0.014443016052246096 0.0056566917896270765 0.006890624761581421
v 0.014820014238357547 0.004578870236873628 0.00686718761920929
v 0.015116701126098636 0.0034762358665466316 0.006843749880790711
v 0.01533146977424622 0.002354763299226761 0.006820312738418579
v 0.015463155508041384 0.0012205300480127336 0.006796875
v 0.01551104545593262 7.968269288539888e-05 0.006773437261581421
v 0.015474879741668704 -0.0010615964978933337 0.00675000011920929
v 0.0153548538684845 -0.0021971227228641515 0.006726562380790711
v 0.015151618719100955 -0.003320742547512055 0.006703125238418579
v 0.01486627578735352 -0.004426367282867432 0.0066796875
v 0.014500371217727664 -0.005508005023002626 0.006656249761581421
v 0.01405588746070862 -0.006559793949127198 0.00663281261920929
v 0.01353523373603821 -0.0075760352611541765 0.006609374880790711
v 0.012941231727600101 -0.008551221489906313 0.006585937738418579
v 0.01227710008621216 -0.009480067491531375 0.0065625
v 0.01154643774032593 -0.010357540845870974 0.0065390622615814215
v 0.010753204822540285 -0.011178884506225588 0.00651562511920929
v 0.009901698827743532 -0.011939649581909182 0.0064921873807907106
v 0.00899653434753418 -0.012635712623596194 0.006468750238418579
v 0.008042616844177248 -0.013263301849365238 0.0064453125000000005
v 0.007045116424560548 -0.013819016218185428 0.006421874761581421
v 0.006009437441825868 -0.014299844503402713 0.00639843761920929
v 0.004941192567348481 -0.014703179597854617 0.0063749998807907104
v 0.003846171200275422 -0.01502683758735657 0.00635156273841858
v 0.002730307281017304 -0.015269063711166386 0.006328125
v 0.0015996472537517551 -0.015428545475006106 0.006304687261581421
v 0.00046031881123781215 -0.015504418611526492 0.0062812501192092895
v -0.0006815042346715928 -0.015496271848678592 0.00625781238079071
v -0.0018196341395378117 -0.015404149293899539 0.0062343752384185795
v -0.0029479032754898076 -0.015228550434112552 0.0062109375
v -0.004060197472572327 -0.014970426559448245 0.006187499761581421
v -0.005150489211082459 -0.014631177186965945 0.006164062619209289
v -0.006212869882583619 -0.01421263933181763 0.00614062488079071
v -0.007241582274436952 -0.013717082738876346 0.006117187738418579
v -0.008231052160263062 -0.013147192001342777 0.00609375
v -0.00917591691017151 -0.012506055831909182 0.006070312261581421
v -0.010071057081222537 -0.011797146797180177 0.006046875119209289
v -0.010911620855331422 -0.011024309396743776 0.006023437380790711
v -0.011693054437637332 -0.010191730260849002 0.006000000238418579
v -0.012411121129989626 -0.009303920865058901 0.0059765625
v -0.013061932325363162 -0.008365692496299745 0.005953124761581421
v -0.013641958236694339 -0.007382130026817323 0.00592968761920929
v -0.014148057699203494 -0.00635856330394745 0.005906249880790711
v -0.01457748889923096 -0.005300538539886475 0.005882812738418579
v -0.014927921295166019 -0.004213789999485016 0.005859375
v -0.015197459459304813 -0.003104206323623658 0.005835937261581421
v -0.015384640693664554 -0.0019778010249137884 0.00581250011920929
v -0.015488451719284061 -0.0008406776189804079 0.005789062380790711
v -0.015508328676223758 0.00030100140720605855 0.005765625238418579
v -0.015444165468215946 0.0014410492777824405 0.0057421875
v -0.015296308994293215 0.0025732880830764775 0.005718749761581421
v -0.015065560340881351 0.003691581785678864 0.00569531261920929
v -0.014753170013427738 0.004789870679378511 0.005671874880790711
v -0.014360830783843996 0.0058622026443481455 0.005648437738418579
v -0.013890669345855715 0.006902767419815064 0.005625
v -0.013345232009887699 0.007905924916267397 0.005601562261581421
v -0.012727477550506594 0.008866239786148073 0.00557812511920929
v -0.012040749788284304 0.009778507351875307 0.005554687380790711
v -0.01128877401351929 0.010637785196304324 0.005531250238418579
v -0.010475622415542604 0.011439415216445925 0.0055078125
v -0.00960570275783539 0.01217905402183533 0.005484374761581421
v -0.008683728575706484 0.01285269379615784 0.00546093761920929
v -0.007714697122573854 0.013456683158874515 0.0054374998807907105
v -0.006703858971595766 0.013987749814987186 0.00541406273841858
v -0.0056566917896270765 0.014443016052246096 0.0053906250000000005
v -0.004578870236873628 0.014820014238357547 0.005367187261581421
v -0.0034762358665466316 0.015116701126098636 0.0053437501192092896
v -0.002354763299226761 0.01533146977424622 0.00532031238079071
v -0.0012205300480127336 0.015463155508041384 0.0052968752384185795
v -7.968269288539888e-05 0.01551104545593262 0.0052734375
v 0.0010615964978933337 0.015474879741668704 0.005249999761581421
v 0.0021971227228641515 0.0153548538684845 0.0052265626192092894
v 0.003320742547512055 0.015151618719100955 0.00520312488079071
v 0.004426367282867432 0.01486627578735352 0.005179687738418579
v 0.005508005023002626 0.014500371217727664 0.00515625
v 0.006559793949127198 0.01405588746070862 0.005132812261581421
v 0.0075760352611541765 0.01353523373603821 0.005109375119209289
v 0.008551221489906313 0.012941231727600101 0.00508593738079071
v 0.009480067491531375 0.01227710008621216 0.005062500238418579
v 0.010357540845870974 0.01154643774032593 0.0050390625
v 0.011178884506225588 0.010753204822540285 0.005015624761581421
v 0.011939649581909182 0.009901698827743532 0.004992187619209289
v 0.012635712623596194 0.00899653434753418 0.004968749880790711
v 0.013263301849365238 0.008042616844177248 0.004945312440395355
v 0.013819016218185428 0.007045116424560548 0.004921875
v 0.014299844503402713 0.006009437441825868 0.004898437559604645
v 0.014703179597854617 0.004941192567348481 0.00487500011920929
v 0.01502683758735657 0.003846171200275422 0.004851562380790711
v 0.015269063711166386 0.002730307281017304 0.004828124940395355
v 0.015428545475006106 0.0015996472537517551 0.0048046875
v 0.015504418611526492 0.00046031881123781215 0.004781250059604645
v 0.015496271848678592 -0.0006815042346715928 0.00475781261920929
v 0.015404149293899539 -0.0018196341395378117 0.004734374880790711
v 0.015228550434112552 -0.0029479032754898076 0.004710937440395356
v 0.014970426559448245 -0.004060197472572327 0.0046875
v 0.014631177186965945 -0.005150489211082459 0.004664062559604645
v 0.01421263933181763 -0.006212869882583619 0.00464062511920929
v 0.013717082738876346 -0.007241582274436952 0.004617187380790711
v 0.013147192001342777 -0.008231052160263062 0.004593749940395356
v 0.012506055831909182 -0.00917591691017151 0.0045703125
v 0.011797146797180177 -0.010071057081222537 0.004546875059604645
v 0.011024309396743776 -0.010911620855331422 0.00452343761920929
v 0.010191730260849002 -0.011693054437637332 0.0044999998807907105
v 0.009303920865058901 -0.012411121129989626 0.0044765624403953555
v 0.008365692496299745 -0.013061932325363162 0.0044531250000000005
v 0.007382130026817323 -0.013641958236694339 0.004429687559604645
v 0.00635856330394745 -0.014148057699203494 0.00440625011920929
v 0.005300538539886475 -0.01457748889923096 0.00438281238079071
v 0.004213789999485016 -0.014927921295166019 0.004359374940395355
v 0.003104206323623658 -0.015197459459304813 0.0043359375
v 0.0019778010249137884 -0.015384640693664554 0.0043125000596046445
v 0.0008406776189804079 -0.015488451719284061 0.0042890626192092895
v -0.00030100140720605855 -0.015508328676223758 0.00426562488079071
v -0.0014410492777824405 -0.015444165468215946 0.004242187440395355
v -0.0025732880830764775 -0.015296308994293215 0.00421875
v -0.003691581785678864 -0.015065560340881351 0.004195312559604645
v -0.004789870679378511 -0.014753170013427738 0.004171875119209289
v -0.0058622026443481455 -0.014360830783843996 0.00414843738079071
v -0.006902767419815064 -0.013890669345855715 0.004124999940395355
v -0.007905924916267397 -0.013345232009887699 0.0041015625
v -0.008866239786148073 -0.012727477550506594 0.004078125059604645
v -0.009778507351875307 -0.012040749788284304 0.004054687619209289
v -0.010637785196304324 -0.01128877401351929 0.00403124988079071
v -0.011439415216445925 -0.010475622415542604 0.004007812440395355
v -0.01217905402183533 -0.00960570275783539 0.003984375
v -0.01285269379615784 -0.008683728575706484 0.003960937559604645
v -0.013456683158874515 -0.007714697122573854 0.00393750011920929
v -0.013987749814987186 -0.006703858971595766 0.003914062380790711
v -0.014443016052246096 -0.0056566917896270765 0.0038906249403953554
v -0.014820014238357547 -0.004578870236873628 0.0038671875
v -0.015116701126098636 -0.0034762358665466316 0.003843750059604645
v -0.01533146977424622 -0.002354763299226761 0.0038203126192092895
v -0.015463155508041384 -0.0012205300480127336 0.0037968748807907103
v -0.01551104545593262 -7.968269288539888e-05 0.0037734374403953553
v -0.015474879741668704 0.0010615964978933337 0.00375
v -0.0153548538684845 0.0021971227228641515 0.003726562559604645
v -0.015151618719100955 0.003320742547512055 0.00370312511920929
v -0.01486627578735352 0.004426367282867432 0.0036796873807907107
v -0.014500371217727664 0.005508005023002626 0.003656249940395355
v -0.01405588746070862 0.006559793949127198 0.0036328125
v -0.01353523373603821 0.0075760352611541765 0.0036093750596046447
v -0.012941231727600101 0.008551221489906313 0.0035859376192092897
v -0.01227710008621216 0.009480067491531375 0.0035624998807907106
v -0.01154643774032593 0.010357540845870974 0.003539062440395355
v -0.010753204822540285 0.011178884506225588 0.003515625
v -0.009901698827743532 0.011939649581909182 0.0034921875596046446
v -0.00899653434753418 0.012635712623596194 0.0034687501192092896
v -0.008042616844177248 0.013263301849365238 0.0034453123807907104
v -0.007045116424560548 0.013819016218185428 0.0034218749403953554
v -0.006009437441825868 0.014299844503402713 0.0033984375
v -0.004941192567348481 0.014703179597854617 0.003375000059604645
v -0.003846171200275422 0.01502683758735657 0.0033515626192092895
v -0.002730307281017304 0.015269063711166386 0.0033281248807907103
v -0.0015996472537517551 0.015428545475006106 0.0033046874403953553
v -0.00046031881123781215 0.015504418611526492 0.00328125
v 0.0006815042346715928 0.015496271848678592 0.003257812559604645
v 0.0018196341395378117 0.015404149293899539 0.0032343751192092894
v 0.0029479032754898076 0.015228550434112552 0.0032109373807907107
v 0.004060197472572327 0.014970426559448245 0.0031874999403953552
v 0.005150489211082459 0.014631177186965945 0.0031640625
v 0.006212869882583619 0.01421263933181763 0.0031406250596046448
v 0.007241582274436952 0.013717082738876346 0.0031171876192092897
v 0.008231052160263062 0.013147192001342777 0.0030937498807907106
v 0.00917591691017151 0.012506055831909182 0.003070312440395355
v 0.010071057081222537 0.011797146797180177 0.003046875
v 0.010911620855331422 0.011024309396743776 0.0030234375596046447
v 0.011693054437637332 0.010191730260849002 0.0030000001192092896
v 0.012411121129989626 0.009303920865058901 0.0029765623807907105
v 0.013061932325363162 0.008365692496299745 0.0029531249403953555
v 0.013641958236694339 0.007382130026817323 0.0029296875
v 0.014148057699203494 0.00635856330394745 0.002906250059604645
v 0.01457748889923096 0.005300538539886475 0.0028828126192092895
v 0.014927921295166019 0.004213789999485016 0.0028593748807907104
v 0.015197459459304813 0.003104206323623658 0.0028359374403953553
v 0.015384640693664554 0.0019778010249137884 0.0028125
v 0.015488451719284061 0.0008406776189804079 0.002789062559604645
v 0.015508328676223758 -0.00030100140720605855 0.0027656251192092894
v 0.015444165468215946 -0.0014410492777824405 0.0027421873807907107
v 0.015296308994293215 -0.0025732880830764775 0.0027187499403953552
v 0.015065560340881351 -0.003691581785678864 0.0026953125000000002
v 0.014753170013427738 -0.004789870679378511 0.0026718750596046448
v 0.014360830783843996 -0.0058622026443481455 0.0026484376192092898
v 0.013890669345855715 -0.006902767419815064 0.0026249998807907106
v 0.013345232009887699 -0.007905924916267397 0.002601562440395355
v 0.012727477550506594 -0.008866239786148073 0.002578125
v 0.012040749788284304 -0.009778507351875307 0.0025546875596046447
v 0.01128877401351929 -0.010637785196304324 0.0025312501192092897
v 0.010475622415542604 -0.011439415216445925 0.0025078123807907105
v 0.00960570275783539 -0.01217905402183533 0.0024843749403953555
v 0.008683728575706484 -0.01285269379615784 0.0024609375
v 0.007714697122573854 -0.013456683158874515 0.002437500059604645
v 0.006703858971595766 -0.013987749814987186 0.0024140624701976775
v 0.0056566917896270765 -0.014443016052246096 0.0023906250298023225
v 0.004578870236873628 -0.014820014238357547 0.0023671874403953554
v 0.0034762358665466316 -0.015116701126098636 0.00234375
v 0.002354763299226761 -0.01533146977424622 0.002320312559604645
v 0.0012205300480127336 -0.015463155508041384 0.002296874970197678
v 7.968269288539888e-05 -0.01551104545593262 0.0022734375298023224
v -0.0010615964978933337 -0.015474879741668704 0.0022499999403953553
v -0.0021971227228641515 -0.0153548538684845 0.0022265625000000002
v -0.003320742547512055 -0.015151618719100955 0.002203125059604645
v -0.004426367282867432 -0.01486627578735352 0.0021796874701976777
v -0.005508005023002626 -0.014500371217727664 0.0021562500298023222
v -0.006559793949127198 -0.01405588746070862 0.002132812440395355
v -0.0075760352611541765 -0.01353523373603821 0.002109375
v -0.008551221489906313 -0.012941231727600101 0.0020859375596046447
v -0.009480067491531375 -0.01227710008621216 0.0020624999701976776
v -0.010357540845870974 -0.01154643774032593 0.0020390625298023226
v -0.011178884506225588 -0.010753204822540285 0.002015624940395355
v -0.011939649581909182 -0.009901698827743532 0.0019921875
v -0.012635712623596194 -0.00899653434753418 0.001968750059604645
v -0.013263301849365238 -0.008042616844177248 0.0019453124701976777
v -0.013819016218185428 -0.007045116424560548 0.0019218750298023225
v -0.014299844503402713 -0.006009437441825868 0.0018984374403953552
v -0.014703179597854617 -0.004941192567348481 0.001875
v -0.01502683758735657 -0.003846171200275422 0.001851562559604645
v -0.015269063711166386 -0.002730307281017304 0.0018281249701976776
v -0.015428545475006106 -0.0015996472537517551 0.0018046875298023224
v -0.015504418611526492 -0.00046031881123781215 0.0017812499403953553
v -0.015496271848678592 0.0006815042346715928 0.0017578125
v -0.015404149293899539 0.0018196341395378117 0.0017343750596046448
v -0.015228550434112552 0.0029479032754898076 0.0017109374701976777
v -0.014970426559448245 0.004060197472572327 0.0016875000298023225
v -0.014631177186965945 0.005150489211082459 0.0016640624403953552
v -0.01421263933181763 0.006212869882583619 0.001640625
v -0.013717082738876346 0.007241582274436952 0.0016171875596046447
v -0.013147192001342777 0.008231052160263062 0.0015937499701976776
v -0.012506055831909182 0.00917591691017151 0.0015703125298023224
v -0.011797146797180177 0.010071057081222537 0.0015468749403953553
v -0.011024309396743776 0.010911620855331422 0.0015234375
v -0.010191730260849002 0.011693054437637332 0.0015000000596046448
v -0.009303920865058901 0.012411121129989626 0.0014765624701976777
v -0.008365692496299745 0.013061932325363162 0.0014531250298023225
v -0.007382130026817323 0.013641958236694339 0.0014296874403953552
v -0.00635856330394745 0.014148057699203494 0.00140625
v -0.005300538539886475 0.01457748889923096 0.0013828125596046447
v -0.004213789999485016 0.014927921295166019 0.0013593749701976776
v -0.003104206323623658 0.015197459459304813 0.0013359375298023224
v -0.0019778010249137884 0.015384640693664554 0.0013124999403953553
v -0.0008406776189804079 0.015488451719284061 0.0012890625
v 0.00030100140720605855 0.015508328676223758 0.0012656250596046448
v 0.0014410492777824405 0.015444165468215946 0.0012421874701976777
v 0.0025732880830764775 0.015296308994293215 0.0012187500298023225
v 0.003691581785678864 0.015065560340881351 0.0011953125149011612
v 0.004789870679378511 0.014753170013427738 0.001171875
v 0.0058622026443481455 0.014360830783843996 0.001148437485098839
v 0.006902767419815064 0.013890669345855715 0.0011249999701976776
v 0.007905924916267397 0.013345232009887699 0.0011015625298023224
v 0.008866239786148073 0.012727477550506594 0.0010781250149011611
v 0.009778507351875307 0.012040749788284304 0.0010546875
v 0.010637785196304324 0.01128877401351929 0.0010312499850988388
v 0.011439415216445925 0.010475622415542604 0.0010078124701976775
v 0.01217905402183533 0.00960570275783539 0.0009843750298023225
v 0.01285269379615784 0.008683728575706484 0.0009609375149011612
v 0.013456683158874515 0.007714697122573854 0.0009375
v 0.013987749814987186 0.006703858971595766 0.0009140624850988388
v 0.014443016052246096 0.0056566917896270765 0.0008906249701976776
v 0.014820014238357547 0.004578870236873628 0.0008671875298023224
v 0.015116701126098636 0.0034762358665466316 0.0008437500149011612
v 0.01533146977424622 0.002354763299226761 0.0008203125
v 0.015463155508041384 0.0012205300480127336 0.0007968749850988388
v 0.01551104545593262 7.968269288539888e-05 0.0007734374701976776
v 0.015474879741668704 -0.0010615964978933337 0.0007500000298023224
v 0.0153548538684845 -0.0021971227228641515 0.0007265625149011612
v 0.015151618719100955 -0.003320742547512055 0.000703125
v 0.01486627578735352 -0.004426367282867432 0.0006796874850988388
v 0.014500371217727664 -0.005508005023002626 0.0006562499701976776
v 0.01405588746070862 -0.006559793949127198 0.0006328125298023224
v 0.01353523373603821 -0.0075760352611541765 0.0006093750149011613
v 0.012941231727600101 -0.008551221489906313 0.0005859375
v 0.01227710008621216 -0.009480067491531375 0.0005624999850988388
v 0.01154643774032593 -0.010357540845870974 0.0005390625074505806
v 0.010753204822540285 -0.011178884506225588 0.0005156249925494194
v 0.009901698827743532 -0.011939649581909182 0.0004921875149011613
v 0.00899653434753418 -0.012635712623596194 0.00046875
v 0.008042616844177248 -0.013263301849365238 0.0004453124850988388
v 0.007045116424560548 -0.013819016218185428 0.0004218750074505806
v 0.006009437441825868 -0.014299844503402713 0.0003984374925494194
v 0.004941192567348481 -0.014703179597854617 0.0003750000149011612
v 0.003846171200275422 -0.01502683758735657 0.0003515625
v 0.002730307281017304 -0.015269063711166386 0.0003281249850988388
v 0.0015996472537517551 -0.015428545475006106 0.0003046875074505806
v 0.00046031881123781215 -0.015504418611526492 0.0002812499925494194
v -0.0006815042346715928 -0.015496271848678592 0.0002578124962747097
v -0.0018196341395378117 -0.015404149293899539 0.000234375
v -0.0029479032754898076 -0.015228550434112552 0.0002109375037252903
v -0.004060197472572327 -0.014970426559448245 0.0001875000074505806
v -0.005150489211082459 -0.014631177186965945 0.0001640624925494194
v -0.006212869882583619 -0.01421263933181763 0.0001406249962747097
v -0.007241582274436952 -0.013717082738876346 0.0001171875
v -0.008231052160263062 -0.013147192001342777 9.37500037252903e-05
v -0.00917591691017151 -0.012506055831909182 7.031249813735485e-05
v -0.010071057081222537 -0.011797146797180177 4.687500186264515e-05
v -0.010911620855331422 -0.011024309396743776 2.3437500931322575e-05
v -0.011693054437637332 -0.010191730260849002 0.0
v -0.012984350919723513 -0.008616920709609987 0.0
v -0.014059431552886966 -0.0068864798545837415 0.0
v -0.014900196790695193 -0.005031974911689759 0.0
v -0.015494407415390017 -0.0030832973122596747 0.0
v -0.01583217859268189 -0.0010798533260822298 0.0
v -0.01591105461120606 0.0009495975077152254 0.0
v -0.015730181932449343 0.0029784244298934944 0.0
v -0.015294212102890017 0.004963698685169221 0.0
v -0.014611585140228275 0.006876967549324037 0.0
v -0.013691053390502932 0.008694411516189576 0.0
v -0.012552016973495487 0.010379184484481814 0.0
v -0.011213146448135378 0.01190739989280701 0.0
v -0.009690638184547426 0.013261184692382815 0.0
v -0.008014090657234194 0.01441479563713074 0.0
v -0.00621086895465851 0.015351799726486209 0.0
v -0.004301896691322328 0.016062141656875615 0.0
v -0.005471845269203187 0.015702153444290164 2.3437500931322575e-05
v -0.006612141132354738 0.015257073640823368 4.687500186264515e-05
v -0.007716605067253114 0.01472931504249573 7.031249813735485e-05
v -0.00877925217151642 0.014121736288070681 9.37500037252903e-05
v -0.009794323444366457 0.013437631130218508 0.0001171875
v -0.010756318569183352 0.012680705785751345 0.0001406249962747097
v -0.011660025119781496 0.01185506343841553 0.0001640624925494194
v -0.012500543594360354 0.010965176820755007 0.0001875000074505806
v -0.01327332139015198 0.010015869140625001 0.0002109375037252903
v -0.01397416949272156 0.009012284278869631 0.000234375
v -0.014599291086196902 0.007959861159324648 0.0002578124962747097
v -0.015145297050476077 0.00686430335044861 0.0002812499925494194
v -0.01560922980308533 0.005731546878814699 0.0003046875074505806
v -0.015988575220108034 0.0045677310228347786 0.0003281249850988388
v -0.016281276941299442 0.003379161953926087 0.0003515625
v -0.01648574829101563 0.002172280997037888 0.0003750000149011612
v -0.01660088181495667 0.0009536281973123552 0.0003984374925494194
v -0.016626055240631106 -0.0002701923437416554 0.0004218750074505806
v -0.01656112909317017 -0.0014925487339496615 0.0004453124850988388
v -0.01640645742416382 -0.0027068167924880985 0.00046875
v -0.01616287708282471 -0.003906416296958924 0.0004921875149011613
v -0.015831710100173955 -0.005084846615791322 0.0005156249925494194
v -0.0154147481918335 -0.0062357223033905045 0.0005390625074505806
v -0.014914252758026126 -0.0073528051376342786 0.0005624999850988388
v -0.01433293700218201 -0.008430042862892152 0.0005859375
v -0.013673948049545291 -0.009461597800254823 0.0006093750149011613
v -0.012940859794616701 -0.01044187903404236 0.0006328125298023224
v -0.012137644290924074 -0.011365575790405275 0.0006562499701976776
v -0.011268652677536012 -0.012227680683135988 0.0006796874850988388
v -0.010338596105575564 -0.013023521900177004 0.000703125
v -0.009352513551712039 -0.013748788833618167 0.0007265625149011612
v -0.00831574857234955 -0.01439954996109009 0.0007500000298023224
v -0.007233920097351076 -0.014972277879714968 0.0007734374701976776
v -0.006112890243530274 -0.015463869571685794 0.0007968749850988388
v -0.004958734512329102 -0.015871661901474002 0.0008203125
v -0.003777706623077393 -0.016193443536758428 0.0008437500149011612
v -0.002576207220554352 -0.01642747282981873 0.0008671875298023224
v -0.0013607470691204074 -0.0165724790096283 0.0008906249701976776
v -0.00013791284523904327 -0.016627677679061894 0.0009140624850988388
v 0.0010856687277555467 -0.016592769622802737 0.0009375
v 0.0023033669590950016 -0.01646794438362122 0.0009609375149011612
v 0.003508583009243012 -0.01625387787818909 0.0009843750298023225
v 0.004694785773754121 -0.01595173001289368 0.0010078124701976775
v 0.005855547189712525 -0.01556313753128052 0.0010312499850988388
v 0.006984576582908632 -0.01509020805358887 0.0010546875
v 0.008075756430625917 -0.014535503387451175 0.0010781250149011611
v 0.009123172760009767 -0.01390202879905701 0.0011015625298023224
v 0.01012115001678467 -0.013193218708038332 0.0011249999701976776
v 0.011064279079437259 -0.012412912845611575 0.001148437485098839
v 0.011947450637817386 -0.011565340757369997 0.001171875
v 0.012765878438949588 -0.010655095577239992 0.0011953125149011612
v 0.013515125513076785 -0.009687108397483827 0.0012187500298023225
v 0.01419113397598267 -0.008666626811027528 0.0012421874701976777
v 0.014790239334106448 -0.007599179744720461 0.0012656250596046448
v 0.01530919432640076 -0.0064905518293380746 0.0012890625
v 0.015745187997817996 -0.005346751213073732 0.0013124999403953553
v 0.01609585762023926 -0.004173975884914399 0.0013359375298023224
v 0.016359301805496218 -0.0029785817861557014 0.0013593749701976776
v 0.016534093618392948 -0.00176704615354538 0.0013828125596046447
v 0.016619285345077516 -0.0005459349602460862 0.00140625
v 0.016614416837692263 0.00067813478410244 0.0014296874403953552
v 0.016519511938095095 0.0018985296785831455 0.0014531250298023225
v 0.016335086822509767 0.003108636140823365 0.0014765624701976777
v 0.016062141656875615 0.004301896691322328 0.0015000000596046448
v 0.015702153444290164 0.005471845269203187 0.0015234375
v 0.015257073640823368 0.006612141132354738 0.0015468749403953553
v 0.01472931504249573 0.007716605067253114 0.0015703125298023224
v 0.014121736288070681 0.00877925217151642 0.0015937499701976776
v 0.013437631130218508 0.009794323444366457 0.0016171875596046447
v 0.012680705785751345 0.010756318569183352 0.001640625
v 0.01185506343841553 0.011660025119781496 0.0016640624403953552
v 0.010965176820755007 0.012500543594360354 0.0016875000298023225
v 0.010015869140625001 0.01327332139015198 0.0017109374701976777
v 0.009012284278869631 0.01397416949272156 0.0017343750596046448
v 0.007959861159324648 0.014599291086196902 0.0017578125
v 0.00686430335044861 0.015145297050476077 0.0017812499403953553
v 0.005731546878814699 0.01560922980308533 0.0018046875298023224
v 0.0045677310228347786 0.015988575220108034 0.0018281249701976776
v 0.003379161953926087 0.016281276941299442 0.001851562559604645
v 0.002172280997037888 0.01648574829101563 0.001875
v 0.0009536281973123552 0.01660088181495667 0.0018984374403953552
v -0.0002701923437416554 0.016626055240631106 0.0019218750298023225
v -0.0014925487339496615 0.01656112909317017 0.0019453124701976777
v -0.0027068167924880985 0.01640645742416382 0.001968750059604645
v -0.003906416296958924 0.01616287708282471 0.0019921875
v -0.005084846615791322 0.015831710100173955 0.002015624940395355
v -0.0062357223033905045 0.0154147481918335 0.0020390625298023226
v -0.0073528051376342786 0.014914252758026126 0.0020624999701976776
v -0.008430042862892152 0.01433293700218201 0.0020859375596046447
v -0.009461597800254823 0.013673948049545291 0.002109375
v -0.01044187903404236 0.012940859794616701 0.002132812440395355
v -0.011365575790405275 0.012137644290924074 0.0021562500298023222
v -0.012227680683135988 0.011268652677536012 0.0021796874701976777
v -0.013023521900177004 0.010338596105575564 0.002203125059604645
v -0.013748788833618167 0.009352513551712039 0.0022265625000000002
v -0.01439954996109009 0.00831574857234955 0.0022499999403953553
v -0.014972277879714968 0.007233920097351076 0.0022734375298023224
v -0.015463869571685794 0.006112890243530274 0.002296874970197678
v -0.015871661901474002 0.004958734512329102 0.002320312559604645
v -0.016193443536758428 0.003777706623077393 0.00234375
v -0.01642747282981873 0.002576207220554352 0.0023671874403953554
v -0.0165724790096283 0.0013607470691204074 0.0023906250298023225
v -0.016627677679061894 0.00013791284523904327 0.0024140624701976775
v -0.016592769622802737 -0.0010856687277555467 0.002437500059604645
v -0.01646794438362122 -0.0023033669590950016 0.0024609375
v -0.01625387787818909 -0.003508583009243012 0.0024843749403953555
v -0.01595173001289368 -0.004694785773754121 0.0025078123807907105
v -0.01556313753128052 -0.005855547189712525 0.0025312501192092897
v -0.01509020805358887 -0.006984576582908632 0.0025546875596046447
v -0.014535503387451175 -0.008075756430625917 0.002578125
v -0.01390202879905701 -0.009123172760009767 0.002601562440395355
v -0.013193218708038332 -0.01012115001678467 0.0026249998807907106
v -0.012412912845611575 -0.011064279079437259 0.0026484376192092898
v -0.011565340757369997 -0.011947450637817386 0.0026718750596046448
v -0.010655095577239992 -0.012765878438949588 0.0026953125000000002
v -0.009687108397483827 -0.013515125513076785 0.0027187499403953552
v -0.008666626811027528 -0.01419113397598267 0.0027421873807907107
v -0.007599179744720461 -0.014790239334106448 0.0027656251192092894
v -0.0064905518293380746 -0.01530919432640076 0.002789062559604645
v -0.005346751213073732 -0.015745187997817996 0.0028125
v -0.004173975884914399 -0.01609585762023926 0.0028359374403953553
v -0.0029785817861557014 -0.016359301805496218 0.0028593748807907104
v -0.00176704615354538 -0.016534093618392948 0.0028828126192092895
v -0.0005459349602460862 -0.016619285345077516 0.002906250059604645
v 0.00067813478410244 -0.016614416837692263 0.0029296875
v 0.0018985296785831455 -0.016519511938095095 0.0029531249403953555
v 0.003108636140823365 -0.016335086822509767 0.0029765623807907105
v 0.004301896691322328 -0.016062141656875615 0.0030000001192092896
v 0.005471845269203187 -0.015702153444290164 0.0030234375596046447
v 0.006612141132354738 -0.015257073640823368 0.003046875
v 0.007716605067253114 -0.01472931504249573 0.003070312440395355
v 0.00877925217151642 -0.014121736288070681 0.0030937498807907106
v 0.009794323444366457 -0.013437631130218508 0.0031171876192092897
v 0.010756318569183352 -0.012680705785751345 0.0031406250596046448
v 0.011660025119781496 -0.01185506343841553 0.0031640625
v 0.012500543594360354 -0.010965176820755007 0.0031874999403953552
v 0.01327332139015198 -0.010015869140625001 0.0032109373807907107
v 0.01397416949272156 -0.009012284278869631 0.0032343751192092894
v 0.014599291086196902 -0.007959861159324648 0.003257812559604645
v 0.015145297050476077 -0.00686430335044861 0.00328125
v 0.01560922980308533 -0.005731546878814699 0.0033046874403953553
v 0.015988575220108034 -0.0045677310228347786 0.0033281248807907103
v 0.016281276941299442 -0.003379161953926087 0.0033515626192092895
v 0.01648574829101563 -0.002172280997037888 0.003375000059604645
v 0.01660088181495667 -0.0009536281973123552 0.0033984375
v 0.016626055240631106 0.0002701923437416554 0.0034218749403953554
v 0.01656112909317017 0.0014925487339496615 0.0034453123807907104
v 0.01640645742416382 0.0027068167924880985 0.0034687501192092896
v 0.01616287708282471 0.003906416296958924 0.0034921875596046446
v 0.015831710100173955 0.005084846615791322 0.003515625
v 0.0154147481918335 0.0062357223033905045 0.003539062440395355
v 0.014914252758026126 0.0073528051376342786 0.0035624998807907106
v 0.01433293700218201 0.008430042862892152 0.0035859376192092897
v 0.013673948049545291 0.009461597800254823 0.0036093750596046447
v 0.012940859794616701 0.01044187903404236 0.0036328125
v 0.012137644290924074 0.011365575790405275 0.003656249940395355
v 0.011268652677536012 0.012227680683135988 0.0036796873807907107
v 0.010338596105575564 0.013023521900177004 0.00370312511920929
v 0.009352513551712039 0.013748788833618167 0.003726562559604645
v 0.00831574857234955 0.01439954996109009 0.00375
v 0.007233920097351076 0.014972277879714968 0.0037734374403953553
v 0.006112890243530274 0.015463869571685794 0.0037968748807907103
v 0.004958734512329102 0.015871661901474002 0.0038203126192092895
v 0.003777706623077393 0.016193443536758428 0.003843750059604645
v 0.002576207220554352 0.01642747282981873 0.0038671875
v 0.0013607470691204074 0.0165724790096283 0.0038906249403953554
v 0.00013791284523904327 0.016627677679061894 0.003914062380790711
v -0.0010856687277555467 0.016592769622802737 0.00393750011920929
v -0.0023033669590950016 0.01646794438362122 0.003960937559604645
v -0.003508583009243012 0.01625387787818909 0.003984375
v -0.004694785773754121 0.01595173001289368 0.004007812440395355
v -0.005855547189712525 0.01556313753128052 0.00403124988079071
v -0.006984576582908632 0.01509020805358887 0.004054687619209289
v -0.008075756430625917 0.014535503387451175 0.004078125059604645
v -0.009123172760009767 0.01390202879905701 0.0041015625
v -0.01012115001678467 0.013193218708038332 0.004124999940395355
v -0.011064279079437259 0.012412912845611575 0.00414843738079071
v -0.011947450637817386 0.011565340757369997 0.004171875119209289
v -0.012765878438949588 0.010655095577239992 0.004195312559604645
v -0.013515125513076785 0.009687108397483827 0.00421875
v -0.01419113397598267 0.008666626811027528 0.004242187440395355
v -0.014790239334106448 0.007599179744720461 0.00426562488079071
v -0.01530919432640076 0.0064905518293380746 0.0042890626192092895
v -0.015745187997817996 0.005346751213073732 0.0043125000596046445
v -0.01609585762023926 0.004173975884914399 0.0043359375
v -0.016359301805496218 0.0029785817861557014 0.004359374940395355
v -0.016534093618392948 0.00176704615354538 0.00438281238079071
v -0.016619285345077516 0.0005459349602460862 0.00440625011920929
v -0.016614416837692263 -0.00067813478410244 0.004429687559604645
v -0.016519511938095095 -0.0018985296785831455 0.0044531250000000005
v -0.016335086822509767 -0.003108636140823365 0.0044765624403953555
v -0.016062141656875615 -0.004301896691322328 0.0044999998807907105
v -0.015702153444290164 -0.005471845269203187 0.00452343761920929
v -0.015257073640823368 -0.006612141132354738 0.004546875059604645
v -0.01472931504249573 -0.007716605067253114 0.0045703125
v -0.014121736288070681 -0.00877925217151642 0.004593749940395356
v -0.013437631130218508 -0.009794323444366457 0.004617187380790711
v -0.012680705785751345 -0.010756318569183352 0.00464062511920929
v -0.01185506343841553 -0.011660025119781496 0.004664062559604645
v -0.010965176820755007 -0.012500543594360354 0.0046875
v -0.010015869140625001 -0.01327332139015198 0.004710937440395356
v -0.009012284278869631 -0.01397416949272156 0.004734374880790711
v -0.007959861159324648 -0.014599291086196902 0.00475781261920929
v -0.00686430335044861 -0.015145297050476077 0.004781250059604645
v -0.005731546878814699 -0.01560922980308533 0.0048046875
v -0.0045677310228347786 -0.015988575220108034 0.004828124940395355
v -0.003379161953926087 -0.016281276941299442 0.004851562380790711
v -0.002172280997037888 -0.01648574829101563 0.00487500011920929
v -0.0009536281973123552 -0.01660088181495667 0.004898437559604645
v 0.0002701923437416554 -0.016626055240631106 0.004921875
v 0.0014925487339496615 -0.01656112909317017 0.004945312440395355
v 0.0027068167924880985 -0.01640645742416382 0.004968749880790711
v 0.003906416296958924 -0.01616287708282471 0.004992187619209289
v 0.005084846615791322 -0.015831710100173955 0.005015624761581421
v 0.0062357223033905045 -0.0154147481918335 0.0050390625
v 0.0073528051376342786 -0.014914252758026126 0.005062500238418579
v 0.008430042862892152 -0.01433293700218201 0.00508593738079071
v 0.009461597800254823 -0.013673948049545291 0.005109375119209289
v 0.01044187903404236 -0.012940859794616701 0.005132812261581421
v 0.011365575790405275 -0.012137644290924074 0.00515625
v 0.012227680683135988 -0.011268652677536012 0.005179687738418579
v 0.013023521900177004 -0.010338596105575564 0.00520312488079071
v 0.013748788833618167 -0.009352513551712039 0.0052265626192092894
v 0.01439954996109009 -0.00831574857234955 0.005249999761581421
v 0.014972277879714968 -0.007233920097351076 0.0052734375
v 0.015463869571685794 -0.006112890243530274 0.0052968752384185795
v 0.015871661901474002 -0.004958734512329102 0.00532031238079071
v 0.016193443536758428 -0.003777706623077393 0.0053437501192092896
v 0.01642747282981873 -0.002576207220554352 0.005367187261581421
v 0.0165724790096283 -0.0013607470691204074 0.0053906250000000005
v 0.016627677679061894 -0.00013791284523904327 0.00541406273841858
v 0.016592769622802737 0.0010856687277555467 0.0054374998807907105
v 0.01646794438362122 0.0023033669590950016 0.00546093761920929
v 0.01625387787818909 0.003508583009243012 0.005484374761581421
v 0.01595173001289368 0.004694785773754121 0.0055078125
v 0.01556313753128052 0.005855547189712525 0.005531250238418579
v 0.01509020805358887 0.006984576582908632 0.005554687380790711
v 0.014535503387451175 0.008075756430625917 0.00557812511920929
v 0.01390202879905701 0.009123172760009767 0.005601562261581421
v 0.013193218708038332 0.01012115001678467 0.005625
v 0.012412912845611575 0.011064279079437259 0.005648437738418579
v 0.011565340757369997 0.011947450637817386 0.005671874880790711
v 0.010655095577239992 0.012765878438949588 0.00569531261920929
v 0.009687108397483827 0.013515125513076785 0.005718749761581421
v 0.008666626811027528 0.01419113397598267 0.0057421875
v 0.007599179744720461 0.014790239334106448 0.005765625238418579
v 0.0064905518293380746 0.01530919432640076 0.005789062380790711
v 0.005346751213073732 0.015745187997817996 0.00581250011920929
v 0.004173975884914399 0.01609585762023926 0.005835937261581421
v 0.0029785817861557014 0.016359301805496218 0.005859375
v 0.00176704615354538 0.016534093618392948 0.005882812738418579
v 0.0005459349602460862 0.016619285345077516 0.005906249880790711
v -0.00067813478410244 0.016614416837692263 0.00592968761920929
v -0.0018985296785831455 0.016519511938095095 0.005953124761581421
v -0.003108636140823365 0.016335086822509767 0.0059765625
v -0.004301896691322328 0.016062141656875615 0.006000000238418579
v -0.005471845269203187 0.015702153444290164 0.006023437380790711
v -0.006612141132354738 0.015257073640823368 0.006046875119209289
v -0.007716605067253114 0.01472931504249573 0.006070312261581421
v -0.00877925217151642 0.014121736288070681 0.00609375
v -0.009794323444366457 0.013437631130218508 0.006117187738418579
v -0.010756318569183352 0.012680705785751345 0.00614062488079071
v -0.011660025119781496 0.01185506343841553 0.006164062619209289
v -0.012500543594360354 0.010965176820755007 0.006187499761581421
v -0.01327332139015198 0.010015869140625001 0.0062109375
v -0.01397416949272156 0.009012284278869631 0.0062343752384185795
v -0.014599291086196902 0.007959861159324648 0.00625781238079071
v -0.015145297050476077 0.00686430335044861 0.0062812501192092895
v -0.01560922980308533 0.005731546878814699 0.006304687261581421
v -0.015988575220108034 0.0045677310228347786 0.006328125
v -0.016281276941299442 0.003379161953926087 0.00635156273841858
v -0.01648574829101563 0.002172280997037888 0.0063749998807907104
v -0.01660088181495667 0.0009536281973123552 0.00639843761920929
v -0.016626055240631106 -0.0002701923437416554 0.006421874761581421
v -0.01656112909317017 -0.0014925487339496615 0.0064453125000000005
v -0.01640645742416382 -0.0027068167924880985 0.006468750238418579
v -0.01616287708282471 -0.003906416296958924 0.0064921873807907106
v -0.015831710100173955 -0.005084846615791322 0.00651562511920929
v -0.0154147481918335 -0.0062357223033905045 0.0065390622615814215
v -0.014914252758026126 -0.0073528051376342786 0.0065625
v -0.01433293700218201 -0.008430042862892152 0.006585937738418579
v -0.013673948049545291 -0.009461597800254823 0.006609374880790711
v -0.012940859794616701 -0.01044187903404236 0.00663281261920929
v -0.012137644290924074 -0.011365575790405275 0.006656249761581421
v -0.011268652677536012 -0.012227680683135988 0.0066796875
v -0.010338596105575564 -0.013023521900177004 0.006703125238418579
v -0.009352513551712039 -0.013748788833618167 0.006726562380790711
v -0.00831574857234955 -0.01439954996109009 0.00675000011920929
v -0.007233920097351076 -0.014972277879714968 0.006773437261581421
v -0.006112890243530274 -0.015463869571685794 0.006796875
v -0.004958734512329102 -0.015871661901474002 0.006820312738418579
v -0.003777706623077393 -0.016193443536758428 0.006843749880790711
v -0.002576207220554352 -0.01642747282981873 0.00686718761920929
v -0.0013607470691204074 -0.0165724790096283 0.006890624761581421
v -0.00013791284523904327 -0.016627677679061894 0.0069140625
v 0.0010856687277555467 -0.016592769622802737 0.006937500238418579
v 0.0023033669590950016 -0.01646794438362122 0.006960937380790711
v 0.003508583009243012 -0.01625387787818909 0.006984375119209289
v 0.004694785773754121 -0.01595173001289368 0.007007812261581421
v 0.005855547189712525 -0.01556313753128052 0.00703125
v 0.006984576582908632 -0.01509020805358887 0.007054687738418579
v 0.008075756430625917 -0.014535503387451175 0.00707812488079071
v 0.009123172760009767 -0.01390202879905701 0.007101562619209289
v 0.01012115001678467 -0.013193218708038332 0.007124999761581421
v 0.011064279079437259 -0.012412912845611575 0.0071484375
v 0.011947450637817386 -0.011565340757369997 0.0071718752384185794
v 0.012765878438949588 -0.010655095577239992 0.00719531238079071
v 0.013515125513076785 -0.009687108397483827 0.0072187501192092895
v 0.01419113397598267 -0.008666626811027528 0.007242187261581421
v 0.014790239334106448 -0.007599179744720461 0.007265625
v 0.01530919432640076 -0.0064905518293380746 0.0072890627384185796
v 0.015745187997817996 -0.005346751213073732 0.00731249988079071
v 0.01609585762023926 -0.004173975884914399 0.00733593761920929
v 0.016359301805496218 -0.0029785817861557014 0.007359374761581421
v 0.016534093618392948 -0.00176704615354538 0.0073828125000000005
v 0.016619285345077516 -0.0005459349602460862 0.00740625023841858
v 0.016614416837692263 0.00067813478410244 0.0074296873807907105
v 0.016519511938095095 0.0018985296785831455 0.00745312511920929
v 0.016335086822509767 0.003108636140823365 0.007476562261581421
v 0.016062141656875615 0.004301896691322328 0.0075
v 0.015702153444290164 0.005471845269203187 0.007523437738418579
v 0.015257073640823368 0.006612141132354738 0.007546874880790711
v 0.01472931504249573 0.007716605067253114 0.00757031261920929
v 0.014121736288070681 0.00877925217151642 0.007593749761581421
v 0.013437631130218508 0.009794323444366457 0.0076171875
v 0.012680705785751345 0.010756318569183352 0.007640625238418579
v 0.01185506343841553 0.011660025119781496 0.007664062380790711
v 0.010965176820755007 0.012500543594360354 0.00768750011920929
v 0.010015869140625001 0.01327332139015198 0.007710937261581421
v 0.009012284278869631 0.01397416949272156 0.007734375
v 0.007959861159324648 0.014599291086196902 0.007757812738418579
v 0.00686430335044861 0.015145297050476077 0.007781249880790711
v 0.005731546878814699 0.01560922980308533 0.00780468761920929
v 0.0045677310228347786 0.015988575220108034 0.007828124761581422
v 0.003379161953926087 0.016281276941299442 0.007851562500000001
v 0.002172280997037888 0.01648574829101563 0.00787500023841858
v 0.0009536281973123552 0.01660088181495667 0.007898437380790711
v -0.0002701923437416554 0.016626055240631106 0.00792187511920929
v -0.0014925487339496615 0.01656112909317017 0.007945312261581421
v -0.0027068167924880985 0.01640645742416382 0.00796875
v -0.003906416296958924 0.01616287708282471 0.00799218773841858
v -0.005084846615791322 0.015831710100173955 0.00801562488079071
v -0.0062357223033905045 0.0154147481918335 0.00803906261920929
v -0.0073528051376342786 0.014914252758026126 0.00806249976158142
v -0.008430042862892152 0.01433293700218201 0.0080859375
v -0.009461597800254823 0.013673948049545291 0.008109375238418579
v -0.01044187903404236 0.012940859794616701 0.008132812380790711
v -0.011365575790405275 0.012137644290924074 0.00815625011920929
v -0.012227680683135988 0.011268652677536012 0.008179687261581421
v -0.013023521900177004 0.010338596105575564 0.008203125
v -0.013748788833618167 0.009352513551712039 0.00822656273841858
v -0.01439954996109009 0.00831574857234955 0.00824999988079071
v -0.014972277879714968 0.007233920097351076 0.00827343761920929
v -0.015463869571685794 0.006112890243530274 0.00829687476158142
v -0.015871661901474002 0.004958734512329102 0.0083203125
v -0.016193443536758428 0.003777706623077393 0.008343750238418579
v -0.01642747282981873 0.002576207220554352 0.008367187380790711
v -0.0165724790096283 0.0013607470691204074 0.00839062511920929
v -0.016627677679061894 0.00013791284523904327 0.008414062261581421
v -0.016592769622802737 -0.0010856687277555467 0.0084375
v -0.01646794438362122 -0.0023033669590950016 0.00846093773841858
v -0.01625387787818909 -0.003508583009243012 0.00848437488079071
v -0.01595173001289368 -0.004694785773754121 0.00850781261920929
v -0.01556313753128052 -0.005855547189712525 0.00853124976158142
v -0.01509020805358887 -0.006984576582908632 0.0085546875
v -0.014535503387451175 -0.008075756430625917 0.008578125238418579
v -0.01390202879905701 -0.009123172760009767 0.00860156238079071
v -0.013193218708038332 -0.01012115001678467 0.008625000119209289
v -0.012412912845611575 -0.011064279079437259 0.008648437261581422
v -0.011565340757369997 -0.011947450637817386 0.008671875
v -0.010655095577239992 -0.012765878438949588 0.00869531273841858
v -0.009687108397483827 -0.013515125513076785 0.00871874988079071
v -0.008666626811027528 -0.01419113397598267 0.00874218761920929
v -0.007599179744720461 -0.014790239334106448 0.00876562476158142
v -0.0064905518293380746 -0.01530919432640076 0.0087890625
v -0.005346751213073732 -0.015745187997817996 0.00881250023841858
v -0.004173975884914399 -0.01609585762023926 0.00883593738079071
v -0.0029785817861557014 -0.016359301805496218 0.00885937511920929
v -0.00176704615354538 -0.016534093618392948 0.008882812261581422
v -0.0005459349602460862 -0.016619285345077516 0.008906250000000001
v 0.00067813478410244 -0.016614416837692263 0.00892968773841858
v 0.0018985296785831455 -0.016519511938095095 0.008953124880790711
v 0.003108636140823365 -0.016335086822509767 0.00897656261920929
v 0.004301896691322328 -0.016062141656875615 0.008999999761581421
v 0.005471845269203187 -0.015702153444290164 0.0090234375
v 0.006612141132354738 -0.015257073640823368 0.00904687523841858
v 0.007716605067253114 -0.01472931504249573 0.00907031238079071
v 0.00877925217151642 -0.014121736288070681 0.00909375011920929
v 0.009794323444366457 -0.013437631130218508 0.00911718726158142
v 0.010756318569183352 -0.012680705785751345 0.009140625
v 0.011660025119781496 -0.01185506343841553 0.009164062738418579
v 0.012500543594360354 -0.010965176820755007 0.009187499880790711
v 0.01327332139015198 -0.010015869140625001 0.00921093761920929
v 0.01397416949272156 -0.009012284278869631 0.009234374761581421
v 0.014599291086196902 -0.007959861159324648 0.0092578125
v 0.015145297050476077 -0.00686430335044861 0.00928125023841858
v 0.01560922980308533 -0.005731546878814699 0.00930468738079071
v 0.015988575220108034 -0.0045677310228347786 0.00932812511920929
v 0.016281276941299442 -0.003379161953926087 0.00935156226158142
v 0.01648574829101563 -0.002172280997037888 0.009375
v 0.01660088181495667 -0.0009536281973123552 0.009398437738418579
v 0.016626055240631106 0.0002701923437416554 0.009421874880790711
v 0.01656112909317017 0.0014925487339496615 0.00944531261920929
v 0.01640645742416382 0.0027068167924880985 0.009468749761581421
v 0.01616287708282471 0.003906416296958924 0.0094921875
v 0.015831710100173955 0.005084846615791322 0.00951562523841858
v 0.0154147481918335 0.0062357223033905045 0.00953906238079071
v 0.014914252758026126 0.0073528051376342786 0.00956250011920929
v 0.01433293700218201 0.008430042862892152 0.00958593726158142
v 0.013673948049545291 0.009461597800254823 0.009609375
v 0.012940859794616701 0.01044187903404236 0.009632812738418579
v 0.012137644290924074 0.011365575790405275 0.00965624988079071
v 0.011268652677536012 0.012227680683135988 0.009679687619209289
v 0.010338596105575564 0.013023521900177004 0.009703124761581422
v 0.009352513551712039 0.013748788833618167 0.0097265625
v 0.00831574857234955 0.01439954996109009 0.00975000023841858
v 0.007233920097351076 0.014972277879714968 0.00977343738079071
v 0.006112890243530274 0.015463869571685794 0.00979687511920929
v 0.004958734512329102 0.015871661901474002 0.009820312261581421
v 0.003777706623077393 0.016193443536758428 0.00984375
v 0.002576207220554352 0.01642747282981873 0.00986718773841858
v 0.0013607470691204074 0.0165724790096283 0.00989062488079071
v 0.00013791284523904327 0.016627677679061894 0.00991406261920929
v -0.0010856687277555467 0.016592769622802737 0.009937499761581422
v -0.0023033669590950016 0.01646794438362122 0.009960937500000001
v -0.003508583009243012 0.01625387787818909 0.009984375238418578
v -0.004694785773754121 0.01595173001289368 0.010007812976837158
v -0.005855547189712525 0.01556313753128052 0.010031249523162842
v -0.006984576582908632 0.01509020805358887 0.010054687261581421
v -0.008075756430625917 0.014535503387451175 0.010078125
v -0.009123172760009767 0.01390202879905701 0.01010156273841858
v -0.01012115001678467 0.013193218708038332 0.010125000476837159
v -0.011064279079437259 0.012412912845611575 0.010148437023162841
v -0.011947450637817386 0.011565340757369997 0.01017187476158142
v -0.012765878438949588 0.010655095577239992 0.0101953125
v -0.013515125513076785 0.009687108397483827 0.010218750238418579
v -0.01419113397598267 0.008666626811027528 0.010242187976837158
v -0.014790239334106448 0.007599179744720461 0.010265624523162842
v -0.01530919432640076 0.0064905518293380746 0.010289062261581421
v -0.015745187997817996 0.005346751213073732 0.0103125
v -0.01609585762023926 0.004173975884914399 0.01033593773841858
v -0.016359301805496218 0.0029785817861557014 0.010359375476837159
v -0.016534093618392948 0.00176704615354538 0.010382812023162841
v -0.016619285345077516 0.0005459349602460862 0.01040624976158142
v -0.016614416837692263 -0.00067813478410244 0.0104296875
v -0.016519511938095095 -0.0018985296785831455 0.010453125238418579
v -0.016335086822509767 -0.003108636140823365 0.010476562976837158
v -0.016062141656875615 -0.004301896691322328 0.010499999523162842
v -0.015702153444290164 -0.005471845269203187 0.010523437261581422
v -0.015257073640823368 -0.006612141132354738 0.010546875
v -0.01472931504249573 -0.007716605067253114 0.01057031273841858
v -0.014121736288070681 -0.00877925217151642 0.010593750476837159
v -0.013437631130218508 -0.009794323444366457 0.010617187023162842
v -0.012680705785751345 -0.010756318569183352 0.01064062476158142
v -0.01185506343841553 -0.011660025119781496 0.0106640625
v -0.010965176820755007 -0.012500543594360354 0.010687500238418579
v -0.010015869140625001 -0.01327332139015198 0.010710937976837158
v -0.009012284278869631 -0.01397416949272156 0.010734374523162843
v -0.007959861159324648 -0.014599291086196902 0.010757812261581422
v -0.00686430335044861 -0.015145297050476077 0.010781250000000001
v -0.005731546878814699 -0.01560922980308533 0.01080468773841858
v -0.0045677310228347786 -0.015988575220108034 0.01082812547683716
v -0.003379161953926087 -0.016281276941299442 0.010851562023162842
v -0.002172280997037888 -0.01648574829101563 0.010874999761581421
v -0.0009536281973123552 -0.01660088181495667 0.0108984375
v 0.0002701923437416554 -0.016626055240631106 0.01092187523841858
v 0.0014925487339496615 -0.01656112909317017 0.010945312976837158
v 0.0027068167924880985 -0.01640645742416382 0.010968749523162843
v 0.003906416296958924 -0.01616287708282471 0.010992187261581422
v 0.005084846615791322 -0.015831710100173955 0.011015625
v 0.0062357223033905045 -0.0154147481918335 0.011039062738418579
v 0.0073528051376342786 -0.014914252758026126 0.011062500476837158
v 0.008430042862892152 -0.01433293700218201 0.011085937023162842
v 0.009461597800254823 -0.013673948049545291 0.011109374761581421
v 0.01044187903404236 -0.012940859794616701 0.0111328125
v 0.011365575790405275 -0.012137644290924074 0.01115625023841858
v 0.012227680683135988 -0.011268652677536012 0.011179687976837159
v 0.013023521900177004 -0.010338596105575564 0.011203124523162841
v 0.013748788833618167 -0.009352513551712039 0.01122656226158142
v 0.01439954996109009 -0.00831574857234955 0.01125
v 0.014972277879714968 -0.007233920097351076 0.011273437738418579
v 0.015463869571685794 -0.006112890243530274 0.011296875476837158
v 0.015871661901474002 -0.004958734512329102 0.011320312023162842
v 0.016193443536758428 -0.003777706623077393 0.011343749761581421
v 0.01642747282981873 -0.002576207220554352 0.0113671875
v 0.0165724790096283 -0.0013607470691204074 0.01139062523841858
v 0.016627677679061894 -0.00013791284523904327 0.011414062976837159
v 0.016592769622802737 0.0010856687277555467 0.011437499523162841
v 0.01646794438362122 0.0023033669590950016 0.01146093726158142
v 0.01625387787818909 0.003508583009243012 0.011484375
v 0.01595173001289368 0.004694785773754121 0.011507812738418579
v 0.01556313753128052 0.005855547189712525 0.011531250476837158
v 0.01509020805358887 0.006984576582908632 0.011554687023162842
v 0.014535503387451175 0.008075756430625917 0.011578124761581422
v 0.01390202879905701 0.009123172760009767 0.0116015625
v 0.013193218708038332 0.01012115001678467 0.01162500023841858
v 0.012412912845611575 0.011064279079437259 0.011648437976837159
v 0.011565340757369997 0.011947450637817386 0.011671874523162842
v 0.010655095577239992 0.012765878438949588 0.01169531226158142
v 0.009687108397483827 0.013515125513076785 0.01171875
v 0.008666626811027528 0.01419113397598267 0.01174218773841858
v 0.007599179744720461 0.014790239334106448 0.011765625476837158
v 0.0064905518293380746 0.01530919432640076 0.011789062023162843
v 0.005346751213073732 0.015745187997817996 0.011812499761581422
v 0.004173975884914399 0.01609585762023926 0.011835937500000001
v 0.0029785817861557014 0.016359301805496218 0.01185937523841858
v 0.00176704615354538 0.016534093618392948 0.01188281297683716
v 0.0005459349602460862 0.016619285345077516 0.011906249523162842
v -0.00067813478410244 0.016614416837692263 0.011929687261581421
v -0.0018985296785831455 0.016519511938095095 0.011953125
v -0.003108636140823365 0.016335086822509767 0.01197656273841858
v -0.004301896691322328 0.016062141656875615 0.012000000476837159
v -0.005471845269203187 0.015702153444290164 0.012023437023162843
v -0.006612141132354738 0.015257073640823368 0.012046874761581422
v -0.007716605067253114 0.01472931504249573 0.0120703125
v -0.00877925217151642 0.014121736288070681 0.012093750238418579
v -0.009794323444366457 0.013437631130218508 0.012117187976837158
v -0.010756318569183352 0.012680705785751345 0.012140624523162842
v -0.011660025119781496 0.01185506343841553 0.012164062261581421
v -0.012500543594360354 0.010965176820755007 0.0121875
v -0.01327332139015198 0.010015869140625001 0.01221093773841858
v -0.01397416949272156 0.009012284278869631 0.012234375476837159
v -0.014599291086196902 0.007959861159324648 0.012257812023162841
v -0.015145297050476077 0.00686430335044861 0.01228124976158142
v -0.01560922980308533 0.005731546878814699 0.0123046875
v -0.015988575220108034 0.0045677310228347786 0.012328125238418579
v -0.016281276941299442 0.003379161953926087 0.012351562976837158
v -0.01648574829101563 0.002172280997037888 0.012374999523162842
v -0.01660088181495667 0.0009536281973123552 0.012398437261581421
v -0.016626055240631106 -0.0002701923437416554 0.012421875
v -0.01656112909317017 -0.0014925487339496615 0.01244531273841858
v -0.01640645742416382 -0.0027068167924880985 0.012468750476837159
v -0.01616287708282471 -0.003906416296958924 0.012492187023162842
v -0.015831710100173955 -0.005084846615791322 0.01251562476158142
v -0.0154147481918335 -0.0062357223033905045 0.0125390625
v -0.014914252758026126 -0.0073528051376342786 0.012562500238418579
v -0.01433293700218201 -0.008430042862892152 0.012585937976837158
v -0.013673948049545291 -0.009461597800254823 0.012609374523162842
v -0.012940859794616701 -0.01044187903404236 0.012632812261581422
v -0.012137644290924074 -0.011365575790405275 0.01265625
v -0.011268652677536012 -0.012227680683135988 0.01267968773841858
v -0.010338596105575564 -0.013023521900177004 0.01270312547683716
v -0.009352513551712039 -0.013748788833618167 0.012726562023162842
v -0.00831574857234955 -0.01439954996109009 0.012749999761581421
v -0.007233920097351076 -0.014972277879714968 0.0127734375
v -0.006112890243530274 -0.015463869571685794 0.01279687523841858
v -0.004958734512329102 -0.015871661901474002 0.012820312976837158
v -0.003777706623077393 -0.016193443536758428 0.012843749523162843
v -0.002576207220554352 -0.01642747282981873 0.012867187261581422
v -0.0013607470691204074 -0.0165724790096283 0.012890625000000001
v -0.00013791284523904327 -0.016627677679061894 0.01291406273841858
v 0.0010856687277555467 -0.016592769622802737 0.012937500476837158
v 0.0023033669590950016 -0.01646794438362122 0.012960937023162842
v 0.003508583009243012 -0.01625387787818909 0.012984374761581421
v 0.004694785773754121 -0.01595173001289368 0.0130078125
v 0.005855547189712525 -0.01556313753128052 0.01303125023841858
v 0.006984576582908632 -0.01509020805358887 0.013054687976837159
v 0.008075756430625917 -0.014535503387451175 0.013078124523162843
v 0.009123172760009767 -0.01390202879905701 0.01310156226158142
v 0.01012115001678467 -0.013193218708038332 0.013125
v 0.011064279079437259 -0.012412912845611575 0.013148437738418579
v 0.011947450637817386 -0.011565340757369997 0.013171875476837158
v 0.012765878438949588 -0.010655095577239992 0.013195312023162842
v 0.013515125513076785 -0.009687108397483827 0.013218749761581421
v 0.01419113397598267 -0.008666626811027528 0.0132421875
v 0.014790239334106448 -0.007599179744720461 0.01326562523841858
v 0.01530919432640076 -0.0064905518293380746 0.013289062976837159
v 0.015745187997817996 -0.005346751213073732 0.013312499523162841
v 0.01609585762023926 -0.004173975884914399 0.01333593726158142
v 0.016359301805496218 -0.0029785817861557014 0.013359375
v 0.016534093618392948 -0.00176704615354538 0.013382812738418579
v 0.016619285345077516 -0.0005459349602460862 0.013406250476837158
v 0.016614416837692263 0.00067813478410244 0.013429687023162842
v 0.016519511938095095 0.0018985296785831455 0.013453124761581422
v 0.016335086822509767 0.003108636140823365 0.0134765625
v 0.016062141656875615 0.004301896691322328 0.01350000023841858
v 0.015702153444290164 0.005471845269203187 0.013523437976837159
v 0.015257073640823368 0.006612141132354738 0.013546874523162842
v 0.01472931504249573 0.007716605067253114 0.01357031226158142
v 0.014121736288070681 0.00877925217151642 0.01359375
v 0.013437631130218508 0.009794323444366457 0.013617187738418579
v 0.012680705785751345 0.010756318569183352 0.013640625476837158
v 0.01185506343841553 0.011660025119781496 0.013664062023162843
v 0.010965176820755007 0.012500543594360354 0.013687499761581422
v 0.010015869140625001 0.01327332139015198 0.013710937500000001
v 0.009012284278869631 0.01397416949272156 0.01373437523841858
v 0.007959861159324648 0.014599291086196902 0.01375781297683716
v 0.00686430335044861 0.015145297050476077 0.013781249523162842
v 0.005731546878814699 0.01560922980308533 0.013804687261581421
v 0.0045677310228347786 0.015988575220108034 0.013828125
v 0.003379161953926087 0.016281276941299442 0.01385156273841858
v 0.002172280997037888 0.01648574829101563 0.013875000476837158
v 0.0009536281973123552 0.01660088181495667 0.013898437023162843
v -0.0002701923437416554 0.016626055240631106 0.013921874761581422
v -0.0014925487339496615 0.01656112909317017 0.013945312500000001
v -0.0027068167924880985 0.01640645742416382 0.013968750238418579
v -0.003906416296958924 0.01616287708282471 0.013992187976837158
v -0.005084846615791322 0.015831710100173955 0.014015624523162842
v -0.0062357223033905045 0.0154147481918335 0.014039062261581421
v -0.0073528051376342786 0.014914252758026126 0.0140625
v -0.008430042862892152 0.01433293700218201 0.01408593773841858
v -0.009461597800254823 0.013673948049545291 0.014109375476837159
v -0.01044187903404236 0.012940859794616701 0.014132812023162841
v -0.011365575790405275 0.012137644290924074 0.01415624976158142
v -0.012227680683135988 0.011268652677536012 0.0141796875
v -0.013023521900177004 0.010338596105575564 0.014203125238418579
v -0.013748788833618167 0.009352513551712039 0.014226562976837158
v -0.01439954996109009 0.00831574857234955 0.014249999523162842
v -0.014972277879714968 0.007233920097351076 0.014273437261581421
v -0.015463869571685794 0.006112890243530274 0.014296875
v -0.015871661901474002 0.004958734512329102 0.01432031273841858
v -0.016193443536758428 0.003777706623077393 0.014343750476837159
v -0.01642747282981873 0.002576207220554352 0.014367187023162841
v -0.0165724790096283 0.0013607470691204074 0.01439062476158142
v -0.016627677679061894 0.00013791284523904327 0.0144140625
v -0.016592769622802737 -0.0010856687277555467 0.014437500238418579
v -0.01646794438362122 -0.0023033669590950016 0.014460937976837158
v -0.01625387787818909 -0.003508583009243012 0.014484374523162842
v -0.01595173001289368 -0.004694785773754121 0.014507812261581422
v -0.01556313753128052 -0.005855547189712525 0.01453125
v -0.01509020805358887 -0.006984576582908632 0.01455468773841858
v -0.014535503387451175 -0.008075756430625917 0.014578125476837159
v -0.01390202879905701 -0.009123172760009767 0.014601562023162842
v -0.013193218708038332 -0.01012115001678467 0.01462499976158142
v -0.012412912845611575 -0.011064279079437259 0.0146484375
v -0.011565340757369997 -0.011947450637817386 0.01467187523841858
v -0.010655095577239992 -0.012765878438949588 0.014695312976837158
v -0.009687108397483827 -0.013515125513076785 0.014718749523162843
v -0.008666626811027528 -0.01419113397598267 0.014742187261581422
v -0.007599179744720461 -0.014790239334106448 0.014765625000000001
v -0.0064905518293380746 -0.01530919432640076 0.01478906273841858
v -0.005346751213073732 -0.015745187997817996 0.01481250047683716
v -0.004173975884914399 -0.01609585762023926 0.014835937023162842
v -0.0029785817861557014 -0.016359301805496218 0.014859374761581421
v -0.00176704615354538 -0.016534093618392948 0.0148828125
v -0.0005459349602460862 -0.016619285345077516 0.01490625023841858
v 0.00067813478410244 -0.016614416837692263 0.014929687976837159
v 0.0018985296785831455 -0.016519511938095095 0.014953124523162843
v 0.003108636140823365 -0.016335086822509767 0.014976562261581422
v 0.004301896691322328 -0.016062141656875615 0.015
v 0.005471845269203187 -0.015702153444290164 0.015023437738418579
v 0.006612141132354738 -0.015257073640823368 0.015046875476837158
v 0.007716605067253114 -0.01472931504249573 0.015070312023162842
v 0.00877925217151642 -0.014121736288070681 0.015093749761581421
v 0.009794323444366457 -0.013437631130218508 0.0151171875
v 0.010756318569183352 -0.012680705785751345 0.01514062523841858
v 0.011660025119781496 -0.01185506343841553 0.015164062976837159
v 0.012500543594360354 -0.010965176820755007 0.015187499523162841
v 0.01327332139015198 -0.010015869140625001 0.01521093726158142
v 0.01397416949272156 -0.009012284278869631 0.015234375
v 0.014599291086196902 -0.007959861159324648 0.015257812738418579
v 0.015145297050476077 -0.00686430335044861 0.015281250476837158
v 0.01560922980308533 -0.005731546878814699 0.015304687023162842
v 0.015988575220108034 -0.0045677310228347786 0.015328124761581421
v 0.016281276941299442 -0.003379161953926087 0.0153515625
v 0.01648574829101563 -0.002172280997037888 0.01537500023841858
v 0.01660088181495667 -0.0009536281973123552 0.015398437976837159
v 0.016626055240631106 0.0002701923437416554 0.015421874523162842
v 0.01656112909317017 0.0014925487339496615 0.01544531226158142
v 0.01640645742416382 0.0027068167924880985 0.01546875
v 0.01616287708282471 0.003906416296958924 0.015492187738418579
v 0.015831710100173955 0.005084846615791322 0.015515625476837158
v 0.0154147481918335 0.0062357223033905045 0.015539062023162842
v 0.014914252758026126 0.0073528051376342786 0.015562499761581422
v 0.01433293700218201 0.008430042862892152 0.0155859375
v 0.013673948049545291 0.009461597800254823 0.01560937523841858
v 0.012940859794616701 0.01044187903404236 0.01563281297683716
v 0.012137644290924074 0.011365575790405275 0.015656249523162843
v 0.011268652677536012 0.012227680683135988 0.01567968726158142
v 0.010338596105575564 0.013023521900177004 0.015703125000000002
v 0.009352513551712039 0.013748788833618167 0.01572656273841858
v 0.00831574857234955 0.01439954996109009 0.01575000047683716
v 0.007233920097351076 0.014972277879714968 0.01577343702316284
v 0.006112890243530274 0.015463869571685794 0.015796874761581422
v 0.004958734512329102 0.015871661901474002 0.0158203125
v 0.003777706623077393 0.016193443536758428 0.01584375023841858
v 0.002576207220554352 0.01642747282981873 0.015867187976837158
v 0.0013607470691204074 0.0165724790096283 0.015890624523162842
v 0.00013791284523904327 0.016627677679061894 0.015914062261581423
v -0.0010856687277555467 0.016592769622802737 0.0159375
v -0.0023033669590950016 0.01646794438362122 0.015960937738418578
v -0.003508583009243012 0.01625387787818909 0.01598437547683716
v -0.004694785773754121 0.01595173001289368 0.016007812023162843
v -0.005855547189712525 0.01556313753128052 0.01603124976158142
v -0.006984576582908632 0.01509020805358887 0.0160546875
v -0.008075756430625917 0.014535503387451175 0.01607812523841858
v -0.009123172760009767 0.01390202879905701 0.01610156297683716
v -0.01012115001678467 0.013193218708038332 0.01612499952316284
v -0.011064279079437259 0.012412912845611575 0.01614843726158142
v -0.011947450637817386 0.011565340757369997 0.016171875
v -0.012765878438949588 0.010655095577239992 0.01619531273841858
v -0.013515125513076785 0.009687108397483827 0.016218750476837157
v -0.01419113397598267 0.008666626811027528 0.01624218702316284
v -0.014790239334106448 0.007599179744720461 0.016265624761581422
v -0.01530919432640076 0.0064905518293380746 0.0162890625
v -0.015745187997817996 0.005346751213073732 0.01631250023841858
v -0.01609585762023926 0.004173975884914399 0.016335937976837158
v -0.016359301805496218 0.0029785817861557014 0.016359374523162842
v -0.016534093618392948 0.00176704615354538 0.01638281226158142
v -0.016619285345077516 0.0005459349602460862 0.01640625
v -0.016614416837692263 -0.00067813478410244 0.016429687738418578
v -0.016519511938095095 -0.0018985296785831455 0.01645312547683716
v -0.016335086822509767 -0.003108636140823365 0.016476562023162843
v -0.016062141656875615 -0.004301896691322328 0.01649999976158142
v -0.015702153444290164 -0.005471845269203187 0.0165234375
v -0.015257073640823368 -0.006612141132354738 0.01654687523841858
v -0.01472931504249573 -0.007716605067253114 0.01657031297683716
v -0.014121736288070681 -0.00877925217151642 0.01659374952316284
v -0.013437631130218508 -0.009794323444366457 0.01661718726158142
v -0.012680705785751345 -0.010756318569183352 0.016640625
v -0.01185506343841553 -0.011660025119781496 0.01666406273841858
v -0.010965176820755007 -0.012500543594360354 0.016687500476837158
v -0.010015869140625001 -0.01327332139015198 0.016710937023162842
v -0.009012284278869631 -0.01397416949272156 0.016734374761581423
v -0.007959861159324648 -0.014599291086196902 0.0167578125
v -0.00686430335044861 -0.015145297050476077 0.01678125023841858
v -0.005731546878814699 -0.01560922980308533 0.01680468797683716
v -0.0045677310228347786 -0.015988575220108034 0.016828124523162843
v -0.003379161953926087 -0.016281276941299442 0.01685156226158142
v -0.002172280997037888 -0.01648574829101563 0.016875
v -0.0009536281973123552 -0.01660088181495667 0.01689843773841858
v 0.0002701923437416554 -0.016626055240631106 0.01692187547683716
v 0.0014925487339496615 -0.01656112909317017 0.016945312023162844
v 0.0027068167924880985 -0.01640645742416382 0.01696874976158142
v 0.003906416296958924 -0.01616287708282471 0.016992187500000002
v 0.005084846615791322 -0.015831710100173955 0.01701562523841858
v 0.0062357223033905045 -0.0154147481918335 0.017039062976837157
v 0.0073528051376342786 -0.014914252758026126 0.01706249952316284
v 0.008430042862892152 -0.01433293700218201 0.017085937261581422
v 0.009461597800254823 -0.013673948049545291 0.017109375
v 0.01044187903404236 -0.012940859794616701 0.01713281273841858
v 0.011365575790405275 -0.012137644290924074 0.017156250476837158
v 0.012227680683135988 -0.011268652677536012 0.017179687023162842
v 0.013023521900177004 -0.010338596105575564 0.01720312476158142
v 0.013748788833618167 -0.009352513551712039 0.0172265625
v 0.01439954996109009 -0.00831574857234955 0.017250000238418578
v 0.014972277879714968 -0.007233920097351076 0.01727343797683716
v 0.015463869571685794 -0.006112890243530274 0.017296874523162843
v 0.015871661901474002 -0.004958734512329102 0.01732031226158142
v 0.016193443536758428 -0.003777706623077393 0.01734375
v 0.01642747282981873 -0.002576207220554352 0.01736718773841858
v 0.0165724790096283 -0.0013607470691204074 0.01739062547683716
v 0.016627677679061894 -0.00013791284523904327 0.01741406202316284
v 0.016592769622802737 0.0010856687277555467 0.01743749976158142
v 0.01646794438362122 0.0023033669590950016 0.0174609375
v 0.01625387787818909 0.003508583009243012 0.01748437523841858
v 0.01595173001289368 0.004694785773754121 0.017507812976837157
v 0.01556313753128052 0.005855547189712525 0.01753124952316284
v 0.01509020805358887 0.006984576582908632 0.017554687261581423
v 0.014535503387451175 0.008075756430625917 0.017578125
v 0.01390202879905701 0.009123172760009767 0.01760156273841858
v 0.013193218708038332 0.01012115001678467 0.01762500047683716
v 0.012412912845611575 0.011064279079437259 0.017648437023162843
v 0.011565340757369997 0.011947450637817386 0.01767187476158142
v 0.010655095577239992 0.012765878438949588 0.0176953125
v 0.009687108397483827 0.013515125513076785 0.01771875023841858
v 0.008666626811027528 0.01419113397598267 0.01774218797683716
v 0.007599179744720461 0.014790239334106448 0.017765624523162844
v 0.0064905518293380746 0.01530919432640076 0.01778906226158142
v 0.005346751213073732 0.015745187997817996 0.017812500000000002
v 0.004173975884914399 0.01609585762023926 0.01783593773841858
v 0.0029785817861557014 0.016359301805496218 0.01785937547683716
v 0.00176704615354538 0.016534093618392948 0.01788281202316284
v 0.0005459349602460862 0.016619285345077516 0.017906249761581422
v -0.00067813478410244 0.016614416837692263 0.0179296875
v -0.0018985296785831455 0.016519511938095095 0.01795312523841858
v -0.003108636140823365 0.016335086822509767 0.017976562976837158
v -0.004301896691322328 0.016062141656875615 0.017999999523162842
v -0.005471845269203187 0.015702153444290164 0.018023437261581423
v -0.006612141132354738 0.015257073640823368 0.018046875
v -0.007716605067253114 0.01472931504249573 0.018070312738418578
v -0.00877925217151642 0.014121736288070681 0.01809375047683716
v -0.009794323444366457 0.013437631130218508 0.018117187023162843
v -0.010756318569183352 0.012680705785751345 0.01814062476158142
v -0.011660025119781496 0.01185506343841553 0.0181640625
v -0.012500543594360354 0.010965176820755007 0.01818750023841858
v -0.01327332139015198 0.010015869140625001 0.01821093797683716
v -0.01397416949272156 0.009012284278869631 0.01823437452316284
v -0.014599291086196902 0.007959861159324648 0.01825781226158142
v -0.015145297050476077 0.00686430335044861 0.01828125
v -0.01560922980308533 0.005731546878814699 0.01830468773841858
v -0.015988575220108034 0.0045677310228347786 0.018328125476837157
v -0.016281276941299442 0.003379161953926087 0.01835156202316284
v -0.01648574829101563 0.002172280997037888 0.018374999761581422
v -0.01660088181495667 0.0009536281973123552 0.0183984375
v -0.016626055240631106 -0.0002701923437416554 0.01842187523841858
v -0.01656112909317017 -0.0014925487339496615 0.018445312976837158
v -0.01640645742416382 -0.0027068167924880985 0.018468749523162842
v -0.01616287708282471 -0.003906416296958924 0.01849218726158142
v -0.015831710100173955 -0.005084846615791322 0.018515625
v -0.0154147481918335 -0.0062357223033905045 0.01853906273841858
v -0.014914252758026126 -0.0073528051376342786 0.01856250047683716
v -0.01433293700218201 -0.008430042862892152 0.018585937023162843
v -0.013673948049545291 -0.009461597800254823 0.01860937476158142
v -0.012940859794616701 -0.01044187903404236 0.018632812500000002
v -0.012137644290924074 -0.011365575790405275 0.01865625023841858
v -0.011268652677536012 -0.012227680683135988 0.01867968797683716
v -0.010338596105575564 -0.013023521900177004 0.01870312452316284
v -0.009352513551712039 -0.013748788833618167 0.018726562261581422
v -0.00831574857234955 -0.01439954996109009 0.01875
v -0.007233920097351076 -0.014972277879714968 0.01877343773841858
v -0.006112890243530274 -0.015463869571685794 0.018796875476837158
v -0.004958734512329102 -0.015871661901474002 0.018820312023162842
v -0.003777706623077393 -0.016193443536758428 0.018843749761581423
v -0.002576207220554352 -0.01642747282981873 0.0188671875
v -0.0013607470691204074 -0.0165724790096283 0.01889062523841858
v -0.00013791284523904327 -0.016627677679061894 0.01891406297683716
v 0.0010856687277555467 -0.016592769622802737 0.018937499523162843
v 0.0023033669590950016 -0.01646794438362122 0.01896093726158142
v 0.003508583009243012 -0.01625387787818909 0.018984375
v 0.004694785773754121 -0.01595173001289368 0.01900781273841858
v 0.005855547189712525 -0.01556313753128052 0.01903125047683716
v 0.006984576582908632 -0.01509020805358887 0.019054687023162844
v 0.008075756430625917 -0.014535503387451175 0.01907812476158142
v 0.009123172760009767 -0.01390202879905701 0.0191015625
v 0.01012115001678467 -0.013193218708038332 0.01912500023841858
v 0.011064279079437259 -0.012412912845611575 0.019148437976837157
v 0.011947450637817386 -0.011565340757369997 0.01917187452316284
v 0.012765878438949588 -0.010655095577239992 0.019195312261581422
v 0.013515125513076785 -0.009687108397483827 0.01921875
v 0.01419113397598267 -0.008666626811027528 0.01924218773841858
v 0.014790239334106448 -0.007599179744720461 0.019265625476837158
v 0.01530919432640076 -0.0064905518293380746 0.019289062023162842
v 0.015745187997817996 -0.005346751213073732 0.01931249976158142
v 0.01609585762023926 -0.004173975884914399 0.0193359375
v 0.016359301805496218 -0.0029785817861557014 0.019359375238418578
v 0.016534093618392948 -0.00176704615354538 0.01938281297683716
v 0.016619285345077516 -0.0005459349602460862 0.019406249523162843
v 0.016614416837692263 0.00067813478410244 0.01942968726158142
v 0.016519511938095095 0.0018985296785831455 0.019453125
v 0.016335086822509767 0.003108636140823365 0.01947656273841858
v 0.016062141656875615 0.004301896691322328 0.01950000047683716
v 0.015702153444290164 0.005471845269203187 0.01952343702316284
v 0.015257073640823368 0.006612141132354738 0.01954687476158142
v 0.01472931504249573 0.007716605067253114 0.0195703125
v 0.014121736288070681 0.00877925217151642 0.01959375023841858
v 0.013437631130218508 0.009794323444366457 0.019617187976837158
v 0.012680705785751345 0.010756318569183352 0.019640624523162842
v 0.01185506343841553 0.011660025119781496 0.019664062261581423
v 0.010965176820755007 0.012500543594360354 0.0196875
v 0.010015869140625001 0.01327332139015198 0.01971093773841858
v 0.009012284278869631 0.01397416949272156 0.01973437547683716
v 0.007959861159324648 0.014599291086196902 0.019757812023162843
v 0.00686430335044861 0.015145297050476077 0.01978124976158142
v 0.005731546878814699 0.01560922980308533 0.0198046875
v 0.0045677310228347786 0.015988575220108034 0.01982812523841858
v 0.003379161953926087 0.016281276941299442 0.01985156297683716
v 0.002172280997037888 0.01648574829101563 0.019874999523162844
v 0.0009536281973123552 0.01660088181495667 0.01989843726158142
v -0.0002701923437416554 0.016626055240631106 0.019921875000000002
v -0.0014925487339496615 0.01656112909317017 0.01994531273841858
v -0.0027068167924880985 0.01640645742416382 0.019968750476837157
v -0.003906416296958924 0.01616287708282471 0.01999218702316284
v -0.005084846615791322 0.015831710100173955 0.020015625953674315
v -0.0062357223033905045 0.0154147481918335 0.0200390625
v -0.0073528051376342786 0.014914252758026126 0.020062499046325684
v -0.008430042862892152 0.01433293700218201 0.020085937976837158
v -0.009461597800254823 0.013673948049545291 0.020109374523162842
v -0.01044187903404236 0.012940859794616701 0.020132813453674316
v -0.011365575790405275 0.012137644290924074 0.02015625
v -0.012227680683135988 0.011268652677536012 0.020179686546325685
v -0.013023521900177004 0.010338596105575564 0.02020312547683716
v -0.013748788833618167 0.009352513551712039 0.020226562023162843
v -0.01439954996109009 0.00831574857234955 0.020250000953674317
v -0.014972277879714968 0.007233920097351076 0.0202734375
v -0.015463869571685794 0.006112890243530274 0.020296874046325682
v -0.015871661901474002 0.004958734512329102 0.02032031297683716
v -0.016193443536758428 0.003777706623077393 0.02034374952316284
v -0.01642747282981873 0.002576207220554352 0.020367188453674318
v -0.0165724790096283 0.0013607470691204074 0.020390625
v -0.016627677679061894 0.00013791284523904327 0.020414061546325683
v -0.016592769622802737 -0.0010856687277555467 0.020437500476837157
v -0.01646794438362122 -0.0023033669590950016 0.02046093702316284
v -0.01625387787818909 -0.003508583009243012 0.020484375953674316
v -0.01595173001289368 -0.004694785773754121 0.0205078125
v -0.01556313753128052 -0.005855547189712525 0.020531249046325684
v -0.01509020805358887 -0.006984576582908632 0.02055468797683716
v -0.014535503387451175 -0.008075756430625917 0.020578124523162843
v -0.01390202879905701 -0.009123172760009767 0.020601563453674317
v -0.013193218708038332 -0.01012115001678467 0.020625
v -0.012412912845611575 -0.011064279079437259 0.020648436546325685
v -0.011565340757369997 -0.011947450637817386 0.02067187547683716
v -0.010655095577239992 -0.012765878438949588 0.020695312023162844
v -0.009687108397483827 -0.013515125513076785 0.020718750953674318
v -0.008666626811027528 -0.01419113397598267 0.020742187500000002
v -0.007599179744720461 -0.014790239334106448 0.020765624046325683
v -0.0064905518293380746 -0.01530919432640076 0.02078906297683716
v -0.005346751213073732 -0.015745187997817996 0.02081249952316284
v -0.004173975884914399 -0.01609585762023926 0.020835938453674315
v -0.0029785817861557014 -0.016359301805496218 0.020859375
v -0.00176704615354538 -0.016534093618392948 0.020882811546325684
v -0.0005459349602460862 -0.016619285345077516 0.020906250476837158
v 0.00067813478410244 -0.016614416837692263 0.020929687023162842
v 0.0018985296785831455 -0.016519511938095095 0.020953125953674316
v 0.003108636140823365 -0.016335086822509767 0.0209765625
v 0.004301896691322328 -0.016062141656875615 0.020999999046325685
v 0.005471845269203187 -0.015702153444290164 0.02102343797683716
v 0.006612141132354738 -0.015257073640823368 0.021046874523162843
v 0.007716605067253114 -0.01472931504249573 0.021070313453674317
v 0.00877925217151642 -0.014121736288070681 0.02109375
v 0.009794323444366457 -0.013437631130218508 0.021117186546325686
v 0.010756318569183352 -0.012680705785751345 0.02114062547683716
v 0.011660025119781496 -0.01185506343841553 0.02116406202316284
v 0.012500543594360354 -0.010965176820755007 0.021187500953674318
v 0.01327332139015198 -0.010015869140625001 0.0212109375
v 0.01397416949272156 -0.009012284278869631 0.021234374046325683
v 0.014599291086196902 -0.007959861159324648 0.021257812976837157
v 0.015145297050476077 -0.00686430335044861 0.02128124952316284
v 0.01560922980308533 -0.005731546878814699 0.021304688453674316
v 0.015988575220108034 -0.0045677310228347786 0.021328125
v 0.016281276941299442 -0.003379161953926087 0.021351561546325684
v 0.01648574829101563 -0.002172280997037888 0.021375000476837158
v 0.01660088181495667 -0.0009536281973123552 0.021398437023162842
v 0.016626055240631106 0.0002701923437416554 0.021421875953674317
v 0.01656112909317017 0.0014925487339496615 0.0214453125
v 0.01640645742416382 0.0027068167924880985 0.021468749046325685
v 0.01616287708282471 0.003906416296958924 0.02149218797683716
v 0.015831710100173955 0.005084846615791322 0.021515624523162843
v 0.0154147481918335 0.0062357223033905045 0.021539063453674318
v 0.014914252758026126 0.0073528051376342786 0.021562500000000002
v 0.01433293700218201 0.008430042862892152 0.021585936546325683
v 0.013673948049545291 0.009461597800254823 0.02160937547683716
v 0.012940859794616701 0.01044187903404236 0.02163281202316284
v 0.012137644290924074 0.011365575790405275 0.02165625095367432
v 0.011268652677536012 0.012227680683135988 0.0216796875
v 0.010338596105575564 0.013023521900177004 0.021703124046325684
v 0.009352513551712039 0.013748788833618167 0.021726562976837158
v 0.00831574857234955 0.01439954996109009 0.021749999523162842
v 0.007233920097351076 0.014972277879714968 0.021773438453674316
v 0.006112890243530274 0.015463869571685794 0.021796875
v 0.004958734512329102 0.015871661901474002 0.021820311546325685
v 0.003777706623077393 0.016193443536758428 0.02184375047683716
v 0.002576207220554352 0.01642747282981873 0.021867187023162843
v 0.0013607470691204074 0.0165724790096283 0.021890625953674317
v 0.00013791284523904327 0.016627677679061894 0.0219140625
v -0.0010856687277555467 0.016592769622802737 0.021937499046325686
v -0.0023033669590950016 0.01646794438362122 0.02196093797683716
v -0.003508583009243012 0.01625387787818909 0.021984374523162844
v -0.004694785773754121 0.01595173001289368 0.022007813453674318
v -0.005855547189712525 0.01556313753128052 0.02203125
v -0.006984576582908632 0.01509020805358887 0.022054686546325683
v -0.008075756430625917 0.014535503387451175 0.022078125476837157
v -0.009123172760009767 0.01390202879905701 0.02210156202316284
v -0.01012115001678467 0.013193218708038332 0.022125000953674315
v -0.011064279079437259 0.012412912845611575 0.0221484375
v -0.011947450637817386 0.011565340757369997 0.022171874046325684
v -0.012765878438949588 0.010655095577239992 0.022195312976837158
v -0.013515125513076785 0.009687108397483827 0.022218749523162842
v -0.01419113397598267 0.008666626811027528 0.022242188453674316
v -0.014790239334106448 0.007599179744720461 0.022265625
v -0.01530919432640076 0.0064905518293380746 0.022289061546325685
v -0.015745187997817996 0.005346751213073732 0.02231250047683716
v -0.01609585762023926 0.004173975884914399 0.022335937023162843
v -0.016359301805496218 0.0029785817861557014 0.022359375953674317
v -0.016534093618392948 0.00176704615354538 0.0223828125
v -0.016619285345077516 0.0005459349602460862 0.022406249046325682
v -0.016614416837692263 -0.00067813478410244 0.02242968797683716
v -0.016519511938095095 -0.0018985296785831455 0.02245312452316284
v -0.016335086822509767 -0.003108636140823365 0.02247656345367432
v -0.016062141656875615 -0.004301896691322328 0.0225
v -0.015702153444290164 -0.005471845269203187 0.022523436546325683
v -0.015257073640823368 -0.006612141132354738 0.022546875476837158
v -0.01472931504249573 -0.007716605067253114 0.022570312023162842
v -0.014121736288070681 -0.00877925217151642 0.022593750953674316
v -0.013437631130218508 -0.009794323444366457 0.0226171875
v -0.012680705785751345 -0.010756318569183352 0.022640624046325684
v -0.01185506343841553 -0.011660025119781496 0.02266406297683716
v -0.010965176820755007 -0.012500543594360354 0.022687499523162843
v -0.010015869140625001 -0.01327332139015198 0.022710938453674317
v -0.009012284278869631 -0.01397416949272156 0.022734375
v -0.007959861159324648 -0.014599291086196902 0.022757811546325685
v -0.00686430335044861 -0.015145297050476077 0.02278125047683716
v -0.005731546878814699 -0.01560922980308533 0.022804687023162844
v -0.0045677310228347786 -0.015988575220108034 0.022828125953674318
v -0.003379161953926087 -0.016281276941299442 0.022851562500000002
v -0.002172280997037888 -0.01648574829101563 0.022874999046325683
v -0.0009536281973123552 -0.01660088181495667 0.022898437976837157
v 0.0002701923437416554 -0.016626055240631106 0.02292187452316284
v 0.0014925487339496615 -0.01656112909317017 0.022945313453674315
v 0.0027068167924880985 -0.01640645742416382 0.02296875
v 0.003906416296958924 -0.01616287708282471 0.022992186546325684
v 0.005084846615791322 -0.015831710100173955 0.023015625476837158
v 0.0062357223033905045 -0.0154147481918335 0.023039062023162842
v 0.0073528051376342786 -0.014914252758026126 0.023062500953674316
v 0.008430042862892152 -0.01433293700218201 0.0230859375
v 0.009461597800254823 -0.013673948049545291 0.023109374046325685
v 0.01044187903404236 -0.012940859794616701 0.02313281297683716
v 0.011365575790405275 -0.012137644290924074 0.023156249523162843
v 0.012227680683135988 -0.011268652677536012 0.023179688453674317
v 0.013023521900177004 -0.010338596105575564 0.023203125
v 0.013748788833618167 -0.009352513551712039 0.023226561546325682
v 0.01439954996109009 -0.00831574857234955 0.02325000047683716
v 0.014972277879714968 -0.007233920097351076 0.02327343702316284
v 0.015463869571685794 -0.006112890243530274 0.023296875953674318
v 0.015871661901474002 -0.004958734512329102 0.0233203125
v 0.016193443536758428 -0.003777706623077393 0.023343749046325683
v 0.01642747282981873 -0.002576207220554352 0.023367187976837157
v 0.0165724790096283 -0.0013607470691204074 0.02339062452316284
v 0.016627677679061894 -0.00013791284523904327 0.023414063453674316
v 0.016592769622802737 0.0010856687277555467 0.0234375
v 0.01646794438362122 0.0023033669590950016 0.023460936546325684
v 0.01625387787818909 0.003508583009243012 0.02348437547683716
v 0.01595173001289368 0.004694785773754121 0.023507812023162843
v 0.01556313753128052 0.005855547189712525 0.023531250953674317
v 0.01509020805358887 0.006984576582908632 0.0235546875
v 0.014535503387451175 0.008075756430625917 0.023578124046325685
v 0.01390202879905701 0.009123172760009767 0.02360156297683716
v 0.013193218708038332 0.01012115001678467 0.023624999523162844
v 0.012412912845611575 0.011064279079437259 0.023648438453674318
v 0.011565340757369997 0.011947450637817386 0.023671875000000002
v 0.010655095577239992 0.012765878438949588 0.023695311546325683
v 0.009687108397483827 0.013515125513076785 0.02371875047683716
v 0.008666626811027528 0.01419113397598267 0.02374218702316284
v 0.007599179744720461 0.014790239334106448 0.02376562595367432
v 0.0064905518293380746 0.01530919432640076 0.0237890625
v 0.005346751213073732 0.015745187997817996 0.023812499046325684
v 0.004173975884914399 0.01609585762023926 0.023835937976837158
v 0.0029785817861557014 0.016359301805496218 0.023859374523162842
v 0.00176704615354538 0.016534093618392948 0.023882813453674316
v 0.0005459349602460862 0.016619285345077516 0.02390625
v -0.00067813478410244 0.016614416837692263 0.023929686546325685
v -0.0018985296785831455 0.016519511938095095 0.02395312547683716
v -0.003108636140823365 0.016335086822509767 0.023976562023162843
v 0.022999999523162847 -0.013279056549072268 0.024000000953674317
v 0.022999999523162847 0.013279056549072268 0.024000000953674317
v 0.0 0.026558113098144535 0.024000000953674317
v -0.022999999523162847 0.013279056549072268 0.024000000953674317
v -0.022999999523162847 -0.013279056549072268 0.024000000953674317
v 0.0 -0.026558113098144535 0.024000000953674317
v -0.011693054437637332 -0.010191730260849002 0.024000000953674317
v -0.012982620000839235 -0.008619355559349062 0.024000000953674317
v -0.014054425954818728 -0.0068958479166030895 0.024000000953674317
v -0.014895747900009158 -0.00504375457763672 0.024000000953674317
v -0.015490801334381106 -0.003098598718643189 0.024000000953674317
v -0.01583039522171021 -0.0010969927906990054 0.024000000953674317
v -0.015911387205123903 0.0009360477328300478 0.024000000953674317
v -0.01573252081871033 0.002963219583034516 0.024000000953674317
v -0.015298930406570438 0.004947207272052766 0.024000000953674317
v -0.014617022275924686 0.0068642938137054455 0.024000000953674317
v -0.013698581457138065 0.008681618571281434 0.024000000953674317
v -0.01256243467330933 0.010365655422210695 0.024000000953674317
v -0.011223161220550538 0.011897300481796267 0.024000000953674317
v -0.00970043182373047 0.013253505229949954 0.024000000953674317
v -0.008021854162216189 0.014410119056701663 0.024000000953674317
v -0.006212766766548158 0.01535095572471619 0.024000000953674317
v -0.004301896691322328 0.016062141656875615 0.024000000953674317
v -0.0021694926917552953 0.016486115455627445 0.024000000953674317
v 0.0 0.016628249883651736 0.024000000953674317
v 0.0021694926917552953 0.016486115455627445 0.024000000953674317
v 0.004301896691322328 0.016062141656875615 0.024000000953674317
v 0.00621086895465851 0.015351799726486209 0.024000000953674317
v 0.008014090657234194 0.01441479563713074 0.024000000953674317
v 0.009690638184547426 0.013261184692382815 0.024000000953674317
v 0.011213146448135378 0.01190739989280701 0.024000000953674317
v 0.012552016973495487 0.010379184484481814 0.024000000953674317
v 0.013691053390502932 0.008694411516189576 0.024000000953674317
v 0.014611585140228275 0.006876967549324037 0.024000000953674317
v 0.015294212102890017 0.004963698685169221 0.024000000953674317
v 0.015730181932449343 0.0029784244298934944 0.024000000953674317
v 0.01591105461120606 0.0009495975077152254 0.024000000953674317
v 0.01583217859268189 -0.0010798533260822298 0.024000000953674317
v 0.015494407415390017 -0.0030832973122596747 0.024000000953674317
v 0.014900196790695193 -0.005031974911689759 0.024000000953674317
v 0.014059431552886966 -0.0068864798545837415 0.024000000953674317
v 0.012984350919723513 -0.008616920709609987 0.024000000953674317
v 0.011693054437637332 -0.010191730260849002 0.024000000953674317
v 0.01025728225708008 -0.011635593175888064 0.024000000953674317
v 0.008644750118255617 -0.012878943681716921 0.024000000953674317
v 0.006883244514465333 -0.013900353908538821 0.024000000953674317
v 0.005003121495246888 -0.014682222604751589 0.024000000953674317
v 0.003036781251430512 -0.015211075544357303 0.024000000953674317
v 0.0010181086510419849 -0.015477801561355593 0.024000000953674317
v -0.0010181086510419849 -0.015477801561355593 0.024000000953674317
v -0.003036781251430512 -0.015211075544357303 0.024000000953674317
v -0.005003121495246888 -0.014682222604751589 0.024000000953674317
v -0.006883244514465333 -0.013900353908538821 0.024000000953674317
v -0.008644750118255617 -0.012878943681716921 0.024000000953674317
v -0.01025728225708008 -0.011635593175888064 0.024000000953674317
v -0.011693054437637332 -0.010191730260849002 0.0
v -0.010911620855331422 -0.011024309396743776 2.3437500931322575e-05
v -0.010071057081222537 -0.011797146797180177 4.687500186264515e-05
v -0.00917591691017151 -0.012506055831909182 7.031249813735485e-05
v -0.008231052160263062 -0.013147192001342777 9.37500037252903e-05
v -0.007241582274436952 -0.013717082738876346 0.0001171875
v -0.006212869882583619 -0.01421263933181763 0.0001406249962747097
v -0.005150489211082459 -0.014631177186965945 0.0001640624925494194
v -0.004060197472572327 -0.014970426559448245 0.0001875000074505806
v -0.0029479032754898076 -0.015228550434112552 0.0002109375037252903
v -0.0018196341395378117 -0.015404149293899539 0.000234375
v -0.0006815042346715928 -0.015496271848678592 0.0002578124962747097
v 0.00046031881123781215 -0.015504418611526492 0.0002812499925494194
v 0.0015996472537517551 -0.015428545475006106 0.0003046875074505806
v 0.002730307281017304 -0.015269063711166386 0.0003281249850988388
v 0.003846171200275422 -0.01502683758735657 0.0003515625
v 0.004941192567348481 -0.014703179597854617 0.0003750000149011612
v 0.006009437441825868 -0.014299844503402713 0.0003984374925494194
v 0.007045116424560548 -0.013819016218185428 0.0004218750074505806
v 0.008042616844177248 -0.013263301849365238 0.0004453124850988388
v 0.00899653434753418 -0.012635712623596194 0.00046875
v 0.009901698827743532 -0.011939649581909182 0.0004921875149011613
v 0.010753204822540285 -0.011178884506225588 0.0005156249925494194
v 0.01154643774032593 -0.010357540845870974 0.0005390625074505806
v 0.01227710008621216 -0.009480067491531375 0.0005624999850988388
v 0.012941231727600101 -0.008551221489906313 0.0005859375
v 0.01353523373603821 -0.0075760352611541765 0.0006093750149011613
v 0.01405588746070862 -0.006559793949127198 0.0006328125298023224
v 0.014500371217727664 -0.005508005023002626 0.0006562499701976776
v 0.01486627578735352 -0.004426367282867432 0.0006796874850988388
v 0.015151618719100955 -0.003320742547512055 0.000703125
v 0.0153548538684845 -0.0021971227228641515 0.0007265625149011612
v 0.015474879741668704 -0.0010615964978933337 0.0007500000298023224
v 0.01551104545593262 7.968269288539888e-05 0.0007734374701976776
v 0.015463155508041384 0.0012205300480127336 0.0007968749850988388
v 0.01533146977424622 0.002354763299226761 0.0008203125
v 0.015116701126098636 0.0034762358665466316 0.0008437500149011612
v 0.014820014238357547 0.004578870236873628 0.0008671875298023224
v 0.014443016052246096 0.0056566917896270765 0.0008906249701976776
v 0.013987749814987186 0.006703858971595766 0.0009140624850988388
v 0.013456683158874515 0.007714697122573854 0.0009375
v 0.01285269379615784 0.008683728575706484 0.0009609375149011612
v 0.01217905402183533 0.00960570275783539 0.0009843750298023225
v 0.011439415216445925 0.010475622415542604 0.0010078124701976775
v 0.010637785196304324 0.01128877401351929 0.0010312499850988388
v 0.009778507351875307 0.012040749788284304 0.0010546875
v 0.008866239786148073 0.012727477550506594 0.0010781250149011611
v 0.007905924916267397 0.013345232009887699 0.0011015625298023224
v 0.006902767419815064 0.013890669345855715 0.0011249999701976776
v 0.0058622026443481455 0.014360830783843996 0.001148437485098839
v 0.004789870679378511 0.014753170013427738 0.001171875
v 0.003691581785678864 0.015065560340881351 0.0011953125149011612
v 0.0025732880830764775 0.015296308994293215 0.0012187500298023225
v 0.0014410492777824405 0.015444165468215946 0.0012421874701976777
v 0.00030100140720605855 0.015508328676223758 0.0012656250596046448
v -0.0008406776189804079 0.015488451719284061 0.0012890625
v -0.0019778010249137884 0.015384640693664554 0.0013124999403953553
v -0.003104206323623658 0.015197459459304813 0.0013359375298023224
v -0.004213789999485016 0.014927921295166019 0.0013593749701976776
v -0.005300538539886475 0.01457748889923096 0.0013828125596046447
v -0.00635856330394745 0.014148057699203494 0.00140625
v -0.007382130026817323 0.013641958236694339 0.0014296874403953552
v -0.008365692496299745 0.013061932325363162 0.0014531250298023225
v -0.009303920865058901 0.012411121129989626 0.0014765624701976777
v -0.010191730260849002 0.011693054437637332 0.0015000000596046448
v -0.011024309396743776 0.010911620855331422 0.0015234375
v -0.011797146797180177 0.010071057081222537 0.0015468749403953553
v -0.012506055831909182 0.00917591691017151 0.0015703125298023224
v -0.013147192001342777 0.008231052160263062 0.0015937499701976776
v -0.013717082738876346 0.007241582274436952 0.0016171875596046447
v -0.01421263933181763 0.006212869882583619 0.001640625
v -0.014631177186965945 0.005150489211082459 0.0016640624403953552
v -0.014970426559448245 0.004060197472572327 0.0016875000298023225
v -0.015228550434112552 0.0029479032754898076 0.0017109374701976777
v -0.015404149293899539 0.0018196341395378117 0.0017343750596046448
v -0.015496271848678592 0.0006815042346715928 0.0017578125
v -0.015504418611526492 -0.00046031881123781215 0.0017812499403953553
v -0.015428545475006106 -0.0015996472537517551 0.0018046875298023224
v -0.015269063711166386 -0.002730307281017304 0.0018281249701976776
v -0.01502683758735657 -0.003846171200275422 0.001851562559604645
v -0.014703179597854617 -0.004941192567348481 0.001875
v -0.014299844503402713 -0.006009437441825868 0.0018984374403953552
v -0.013819016218185428 -0.007045116424560548 0.0019218750298023225
v -0.013263301849365238 -0.008042616844177248 0.0019453124701976777
v -0.012635712623596194 -0.00899653434753418 0.001968750059604645
v -0.011939649581909182 -0.009901698827743532 0.0019921875
v -0.011178884506225588 -0.010753204822540285 0.002015624940395355
v -0.010357540845870974 -0.01154643774032593 0.0020390625298023226
v -0.009480067491531375 -0.01227710008621216 0.0020624999701976776
v -0.008551221489906313 -0.012941231727600101 0.0020859375596046447
v -0.0075760352611541765 -0.01353523373603821 0.002109375
v -0.006559793949127198 -0.01405588746070862 0.002132812440395355
v -0.005508005023002626 -0.014500371217727664 0.0021562500298023222
v -0.004426367282867432 -0.01486627578735352 0.0021796874701976777
v -0.003320742547512055 -0.015151618719100955 0.002203125059604645
v -0.0021971227228641515 -0.0153548538684845 0.0022265625000000002
v -0.0010615964978933337 -0.015474879741668704 0.0022499999403953553
v 7.968269288539888e-05 -0.01551104545593262 0.0022734375298023224
v 0.0012205300480127336 -0.015463155508041384 0.002296874970197678
v 0.002354763299226761 -0.01533146977424622 0.002320312559604645
v 0.0034762358665466316 -0.015116701126098636 0.00234375
v 0.004578870236873628 -0.014820014238357547 0.0023671874403953554
v 0.0056566917896270765 -0.014443016052246096 0.0023906250298023225
v 0.006703858971595766 -0.013987749814987186 0.0024140624701976775
v 0.007714697122573854 -0.013456683158874515 0.002437500059604645
v 0.008683728575706484 -0.01285269379615784 0.0024609375
v 0.00960570275783539 -0.01217905402183533 0.0024843749403953555
v 0.010475622415542604 -0.011439415216445925 0.0025078123807907105
v 0.01128877401351929 -0.010637785196304324 0.0025312501192092897
v 0.012040749788284304 -0.009778507351875307 0.0025546875596046447
v 0.012727477550506594 -0.008866239786148073 0.002578125
v 0.013345232009887699 -0.007905924916267397 0.002601562440395355
v 0.013890669345855715 -0.006902767419815064 0.0026249998807907106
v 0.014360830783843996 -0.0058622026443481455 0.0026484376192092898
v 0.014753170013427738 -0.004789870679378511 0.0026718750596046448
v 0.015065560340881351 -0.003691581785678864 0.0026953125000000002
v 0.015296308994293215 -0.0025732880830764775 0.0027187499403953552
v 0.015444165468215946 -0.0014410492777824405 0.0027421873807907107
v 0.015508328676223758 -0.00030100140720605855 0.0027656251192092894
v 0.015488451719284061 0.0008406776189804079 0.002789062559604645
v 0.015384640693664554 0.0019778010249137884 0.0028125
v 0.015197459459304813 0.003104206323623658 0.0028359374403953553
v 0.014927921295166019 0.004213789999485016 0.0028593748807907104
v 0.01457748889923096 0.005300538539886475 0.0028828126192092895
v 0.014148057699203494 0.00635856330394745 0.002906250059604645
v 0.013641958236694339 0.007382130026817323 0.0029296875
v 0.013061932325363162 0.008365692496299745 0.0029531249403953555
v 0.012411121129989626 0.009303920865058901 0.0029765623807907105
v 0.011693054437637332 0.010191730260849002 0.0030000001192092896
v 0.010911620855331422 0.011024309396743776 0.0030234375596046447
v 0.010071057081222537 0.011797146797180177 0.003046875
v 0.00917591691017151 0.012506055831909182 0.003070312440395355
v 0.008231052160263062 0.013147192001342777 0.0030937498807907106
v 0.007241582274436952 0.013717082738876346 0.0031171876192092897
v 0.006212869882583619 0.01421263933181763 0.0031406250596046448
v 0.005150489211082459 0.014631177186965945 0.0031640625
v 0.004060197472572327 0.014970426559448245 0.0031874999403953552
v 0.0029479032754898076 0.015228550434112552 0.0032109373807907107
v 0.0018196341395378117 0.015404149293899539 0.0032343751192092894
v 0.0006815042346715928 0.015496271848678592 0.003257812559604645
v -0.00046031881123781215 0.015504418611526492 0.00328125
v -0.0015996472537517551 0.015428545475006106 0.0033046874403953553
v -0.002730307281017304 0.015269063711166386 0.0033281248807907103
v -0.003846171200275422 0.01502683758735657 0.0033515626192092895
v -0.004941192567348481 0.014703179597854617 0.003375000059604645
v -0.006009437441825868 0.014299844503402713 0.0033984375
v -0.007045116424560548 0.013819016218185428 0.0034218749403953554
v -0.008042616844177248 0.013263301849365238 0.0034453123807907104
v -0.00899653434753418 0.012635712623596194 0.0034687501192092896
v -0.009901698827743532 0.011939649581909182 0.0034921875596046446
v -0.010753204822540285 0.011178884506225588 0.003515625
v -0.01154643774032593 0.010357540845870974 0.003539062440395355
v -0.01227710008621216 0.009480067491531375 0.0035624998807907106
v -0.012941231727600101 0.008551221489906313 0.0035859376192092897
v -0.01353523373603821 0.0075760352611541765 0.0036093750596046447
v -0.01405588746070862 0.006559793949127198 0.0036328125
v -0.014500371217727664 0.005508005023002626 0.003656249940395355
v -0.01486627578735352 0.004426367282867432 0.0036796873807907107
v -0.015151618719100955 0.003320742547512055 0.00370312511920929
v -0.0153548538684845 0.0021971227228641515 0.003726562559604645
v -0.015474879741668704 0.0010615964978933337 0.00375
v -0.01551104545593262 -7.968269288539888e-05 0.0037734374403953553
v -0.015463155508041384 -0.0012205300480127336 0.0037968748807907103
v -0.01533146977424622 -0.002354763299226761 0.0038203126192092895
v -0.015116701126098636 -0.0034762358665466316 0.003843750059604645
v -0.014820014238357547 -0.004578870236873628 0.0038671875
v -0.014443016052246096 -0.0056566917896270765 0.0038906249403953554
v -0.013987749814987186 -0.006703858971595766 0.003914062380790711
v -0.013456683158874515 -0.007714697122573854 0.00393750011920929
v -0.01285269379615784 -0.008683728575706484 0.003960937559604645
v -0.01217905402183533 -0.00960570275783539 0.003984375
v -0.011439415216445925 -0.010475622415542604 0.004007812440395355
v -0.010637785196304324 -0.01128877401351929 0.00403124988079071
v -0.009778507351875307 -0.012040749788284304 0.004054687619209289
v -0.008866239786148073 -0.012727477550506594 0.004078125059604645
v -0.007905924916267397 -0.013345232009887699 0.0041015625
v -0.006902767419815064 -0.013890669345855715 0.004124999940395355
v -0.0058622026443481455 -0.014360830783843996 0.00414843738079071
v -0.004789870679378511 -0.014753170013427738 0.004171875119209289
v -0.003691581785678864 -0.015065560340881351 0.004195312559604645
v -0.0025732880830764775 -0.015296308994293215 0.00421875
v -0.0014410492777824405 -0.015444165468215946 0.004242187440395355
v -0.00030100140720605855 -0.015508328676223758 0.00426562488079071
v 0.0008406776189804079 -0.015488451719284061 0.0042890626192092895
v 0.0019778010249137884 -0.015384640693664554 0.0043125000596046445
v 0.003104206323623658 -0.015197459459304813 0.0043359375
v 0.004213789999485016 -0.014927921295166019 0.004359374940395355
v 0.005300538539886475 -0.01457748889923096 0.00438281238079071
v 0.00635856330394745 -0.014148057699203494 0.00440625011920929
v 0.007382130026817323 -0.013641958236694339 0.004429687559604645
v 0.008365692496299745 -0.013061932325363162 0.0044531250000000005
v 0.009303920865058901 -0.012411121129989626 0.0044765624403953555
v 0.010191730260849002 -0.011693054437637332 0.0044999998807907105
v 0.011024309396743776 -0.010911620855331422 0.00452343761920929
v 0.011797146797180177 -0.010071057081222537 0.004546875059604645
v 0.012506055831909182 -0.00917591691017151 0.0045703125
v 0.013147192001342777 -0.008231052160263062 0.004593749940395356
v 0.013717082738876346 -0.007241582274436952 0.004617187380790711
v 0.01421263933181763 -0.006212869882583619 0.00464062511920929
v 0.014631177186965945 -0.005150489211082459 0.004664062559604645
v 0.014970426559448245 -0.004060197472572327 0.0046875
v 0.015228550434112552 -0.0029479032754898076 0.004710937440395356
v 0.015404149293899539 -0.0018196341395378117 0.004734374880790711
v 0.015496271848678592 -0.0006815042346715928 0.00475781261920929
v 0.015504418611526492 0.00046031881123781215 0.004781250059604645
v 0.015428545475006106 0.0015996472537517551 0.0048046875
v 0.015269063711166386 0.002730307281017304 0.004828124940395355
v 0.01502683758735657 0.003846171200275422 0.004851562380790711
v 0.014703179597854617 0.004941192567348481 0.00487500011920929
v 0.014299844503402713 0.006009437441825868 0.004898437559604645
v 0.013819016218185428 0.007045116424560548 0.004921875
v 0.013263301849365238 0.008042616844177248 0.004945312440395355
v 0.012635712623596194 0.00899653434753418 0.004968749880790711
v 0.011939649581909182 0.009901698827743532 0.004992187619209289
v 0.011178884506225588 0.010753204822540285 0.005015624761581421
v 0.010357540845870974 0.01154643774032593 0.0050390625
v 0.009480067491531375 0.01227710008621216 0.005062500238418579
v 0.008551221489906313 0.012941231727600101 0.00508593738079071
v 0.0075760352611541765 0.01353523373603821 0.005109375119209289
v 0.006559793949127198 0.01405588746070862 0.005132812261581421
v 0.005508005023002626 0.014500371217727664 0.00515625
v 0.004426367282867432 0.01486627578735352 0.005179687738418579
v 0.003320742547512055 0.015151618719100955 0.00520312488079071
v 0.0021971227228641515 0.0153548538684845 0.0052265626192092894
v 0.0010615964978933337 0.015474879741668704 0.005249999761581421
v -7.968269288539888e-05 0.01551104545593262 0.0052734375
v -0.0012205300480127336 0.015463155508041384 0.0052968752384185795
v -0.002354763299226761 0.01533146977424622 0.00532031238079071
v -0.0034762358665466316 0.015116701126098636 0.0053437501192092896
v -0.004578870236873628 0.014820014238357547 0.005367187261581421
v -0.0056566917896270765 0.014443016052246096 0.0053906250000000005
v -0.006703858971595766 0.013987749814987186 0.00541406273841858
v -0.007714697122573854 0.013456683158874515 0.0054374998807907105
v -0.008683728575706484 0.01285269379615784 0.00546093761920929
v -0.00960570275783539 0.01217905402183533 0.005484374761581421
v -0.010475622415542604 0.011439415216445925 0.0055078125
v -0.01128877401351929 0.010637785196304324 0.005531250238418579
v -0.012040749788284304 0.009778507351875307 0.005554687380790711
v -0.012727477550506594 0.008866239786148073 0.00557812511920929
v -0.013345232009887699 0.007905924916267397 0.005601562261581421
v -0.013890669345855715 0.006902767419815064 0.005625
v -0.014360830783843996 0.0058622026443481455 0.005648437738418579
v -0.014753170013427738 0.004789870679378511 0.005671874880790711
v -0.015065560340881351 0.003691581785678864 0.00569531261920929
v -0.015296308994293215 0.0025732880830764775 0.005718749761581421
v -0.015444165468215946 0.0014410492777824405 0.0057421875
v -0.015508328676223758 0.00030100140720605855 0.005765625238418579
v -0.015488451719284061 -0.0008406776189804079 0.005789062380790711
v -0.015384640693664554 -0.0019778010249137884 0.00581250011920929
v -0.015197459459304813 -0.003104206323623658 0.005835937261581421
v -0.014927921295166019 -0.004213789999485016 0.005859375
v -0.01457748889923096 -0.005300538539886475 0.005882812738418579
v -0.014148057699203494 -0.00635856330394745 0.005906249880790711
v -0.013641958236694339 -0.007382130026817323 0.00592968761920929
v -0.013061932325363162 -0.008365692496299745 0.005953124761581421
v -0.012411121129989626 -0.009303920865058901 0.0059765625
v -0.011693054437637332 -0.010191730260849002 0.006000000238418579
v -0.010911620855331422 -0.011024309396743776 0.006023437380790711
v -0.010071057081222537 -0.011797146797180177 0.006046875119209289
v -0.00917591691017151 -0.012506055831909182 0.006070312261581421
v -0.008231052160263062 -0.013147192001342777 0.00609375
v -0.007241582274436952 -0.013717082738876346 0.006117187738418579
v -0.006212869882583619 -0.01421263933181763 0.00614062488079071
v -0.005150489211082459 -0.014631177186965945 0.006164062619209289
v -0.004060197472572327 -0.014970426559448245 0.006187499761581421
v -0.0029479032754898076 -0.015228550434112552 0.0062109375
v -0.0018196341395378117 -0.015404149293899539 0.0062343752384185795
v -0.0006815042346715928 -0.015496271848678592 0.00625781238079071
v 0.00046031881123781215 -0.015504418611526492 0.0062812501192092895
v 0.0015996472537517551 -0.015428545475006106 0.006304687261581421
v 0.002730307281017304 -0.015269063711166386 0.006328125
v 0.003846171200275422 -0.01502683758735657 0.00635156273841858
v 0.004941192567348481 -0.014703179597854617 0.0063749998807907104
v 0.006009437441825868 -0.014299844503402713 0.00639843761920929
v 0.007045116424560548 -0.013819016218185428 0.006421874761581421
v 0.008042616844177248 -0.013263301849365238 0.0064453125000000005
v 0.00899653434753418 -0.012635712623596194 0.006468750238418579
v 0.009901698827743532 -0.011939649581909182 0.0064921873807907106
v 0.010753204822540285 -0.011178884506225588 0.00651562511920929
v 0.01154643774032593 -0.010357540845870974 0.0065390622615814215
v 0.01227710008621216 -0.009480067491531375 0.0065625
v 0.012941231727600101 -0.008551221489906313 0.006585937738418579
v 0.01353523373603821 -0.0075760352611541765 0.006609374880790711
v 0.01405588746070862 -0.006559793949127198 0.00663281261920929
v 0.014500371217727664 -0.005508005023002626 0.006656249761581421
v 0.01486627578735352 -0.004426367282867432 0.0066796875
v 0.015151618719100955 -0.003320742547512055 0.006703125238418579
v 0.0153548538684845 -0.0021971227228641515 0.006726562380790711
v 0.015474879741668704 -0.0010615964978933337 0.00675000011920929
v 0.01551104545593262 7.968269288539888e-05 0.006773437261581421
v 0.015463155508041384 0.0012205300480127336 0.006796875
v 0.01533146977424622 0.002354763299226761 0.006820312738418579
v 0.015116701126098636 0.0034762358665466316 0.006843749880790711
v 0.014820014238357547 0.004578870236873628 0.00686718761920929
v 0.014443016052246096 0.0056566917896270765 0.006890624761581421
v 0.013987749814987186 0.006703858971595766 0.0069140625
v 0.013456683158874515 0.007714697122573854 0.006937500238418579
v 0.01285269379615784 0.008683728575706484 0.006960937380790711
v 0.01217905402183533 0.00960570275783539 0.006984375119209289
v 0.011439415216445925 0.010475622415542604 0.007007812261581421
v 0.010637785196304324 0.01128877401351929 0.00703125
v 0.009778507351875307 0.012040749788284304 0.007054687738418579
v 0.008866239786148073 0.012727477550506594 0.00707812488079071
v 0.007905924916267397 0.013345232009887699 0.007101562619209289
v 0.006902767419815064 0.013890669345855715 0.007124999761581421
v 0.0058622026443481455 0.014360830783843996 0.0071484375
v 0.004789870679378511 0.014753170013427738 0.0071718752384185794
v 0.003691581785678864 0.015065560340881351 0.00719531238079071
v 0.0025732880830764775 0.015296308994293215 0.0072187501192092895
v 0.0014410492777824405 0.015444165468215946 0.007242187261581421
v 0.00030100140720605855 0.015508328676223758 0.007265625
v -0.0008406776189804079 0.015488451719284061 0.0072890627384185796
v -0.0019778010249137884 0.015384640693664554 0.00731249988079071
v -0.003104206323623658 0.015197459459304813 0.00733593761920929
v -0.004213789999485016 0.014927921295166019 0.007359374761581421
v -0.005300538539886475 0.01457748889923096 0.0073828125000000005
v -0.00635856330394745 0.014148057699203494 0.00740625023841858
v -0.007382130026817323 0.013641958236694339 0.0074296873807907105
v -0.008365692496299745 0.013061932325363162 0.00745312511920929
v -0.009303920865058901 0.012411121129989626 0.007476562261581421
v -0.010191730260849002 0.011693054437637332 0.0075
v -0.011024309396743776 0.010911620855331422 0.007523437738418579
v -0.011797146797180177 0.010071057081222537 0.007546874880790711
v -0.012506055831909182 0.00917591691017151 0.00757031261920929
v -0.013147192001342777 0.008231052160263062 0.007593749761581421
v -0.013717082738876346 0.007241582274436952 0.0076171875
v -0.01421263933181763 0.006212869882583619 0.007640625238418579
v -0.014631177186965945 0.005150489211082459 0.007664062380790711
v -0.014970426559448245 0.004060197472572327 0.00768750011920929
v -0.015228550434112552 0.0029479032754898076 0.007710937261581421
v -0.015404149293899539 0.0018196341395378117 0.007734375
v -0.015496271848678592 0.0006815042346715928 0.007757812738418579
v -0.015504418611526492 -0.00046031881123781215 0.007781249880790711
v -0.015428545475006106 -0.0015996472537517551 0.00780468761920929
v -0.015269063711166386 -0.002730307281017304 0.007828124761581422
v -0.01502683758735657 -0.003846171200275422 0.007851562500000001
v -0.014703179597854617 -0.004941192567348481 0.00787500023841858
v -0.014299844503402713 -0.006009437441825868 0.007898437380790711
v -0.013819016218185428 -0.007045116424560548 0.00792187511920929
v -0.013263301849365238 -0.008042616844177248 0.007945312261581421
v -0.012635712623596194 -0.00899653434753418 0.00796875
v -0.011939649581909182 -0.009901698827743532 0.00799218773841858
v -0.011178884506225588 -0.010753204822540285 0.00801562488079071
v -0.010357540845870974 -0.01154643774032593 0.00803906261920929
v -0.009480067491531375 -0.01227710008621216 0.00806249976158142
v -0.008551221489906313 -0.012941231727600101 0.0080859375
v -0.0075760352611541765 -0.01353523373603821 0.008109375238418579
v -0.006559793949127198 -0.01405588746070862 0.008132812380790711
v -0.005508005023002626 -0.014500371217727664 0.00815625011920929
v -0.004426367282867432 -0.01486627578735352 0.008179687261581421
v -0.003320742547512055 -0.015151618719100955 0.008203125
v -0.0021971227228641515 -0.0153548538684845 0.00822656273841858
v -0.0010615964978933337 -0.015474879741668704 0.00824999988079071
v 7.968269288539888e-05 -0.01551104545593262 0.00827343761920929
v 0.0012205300480127336 -0.015463155508041384 0.00829687476158142
v 0.002354763299226761 -0.01533146977424622 0.0083203125
v 0.0034762358665466316 -0.015116701126098636 0.008343750238418579
v 0.004578870236873628 -0.014820014238357547 0.008367187380790711
v 0.0056566917896270765 -0.014443016052246096 0.00839062511920929
v 0.006703858971595766 -0.013987749814987186 0.008414062261581421
v 0.007714697122573854 -0.013456683158874515 0.0084375
v 0.008683728575706484 -0.01285269379615784 0.00846093773841858
v 0.00960570275783539 -0.01217905402183533 0.00848437488079071
v 0.010475622415542604 -0.011439415216445925 0.00850781261920929
v 0.01128877401351929 -0.010637785196304324 0.00853124976158142
v 0.012040749788284304 -0.009778507351875307 0.0085546875
v 0.012727477550506594 -0.008866239786148073 0.008578125238418579
v 0.013345232009887699 -0.007905924916267397 0.00860156238079071
v 0.013890669345855715 -0.006902767419815064 0.008625000119209289
v 0.014360830783843996 -0.0058622026443481455 0.008648437261581422
v 0.014753170013427738 -0.004789870679378511 0.008671875
v 0.015065560340881351 -0.003691581785678864 0.00869531273841858
v 0.015296308994293215 -0.0025732880830764775 0.00871874988079071
v 0.015444165468215946 -0.0014410492777824405 0.00874218761920929
v 0.015508328676223758 -0.00030100140720605855 0.00876562476158142
v 0.015488451719284061 0.0008406776189804079 0.0087890625
v 0.015384640693664554 0.0019778010249137884 0.00881250023841858
v 0.015197459459304813 0.003104206323623658 0.00883593738079071
v 0.014927921295166019 0.004213789999485016 0.00885937511920929
v 0.01457748889923096 0.005300538539886475 0.008882812261581422
v 0.014148057699203494 0.00635856330394745 0.008906250000000001
v 0.013641958236694339 0.007382130026817323 0.00892968773841858
v 0.013061932325363162 0.008365692496299745 0.008953124880790711
v 0.012411121129989626 0.009303920865058901 0.00897656261920929
v 0.011693054437637332 0.010191730260849002 0.008999999761581421
v 0.010911620855331422 0.011024309396743776 0.0090234375
v 0.010071057081222537 0.011797146797180177 0.00904687523841858
v 0.00917591691017151 0.012506055831909182 0.00907031238079071
v 0.008231052160263062 0.013147192001342777 0.00909375011920929
v 0.007241582274436952 0.013717082738876346 0.00911718726158142
v 0.006212869882583619 0.01421263933181763 0.009140625
v 0.005150489211082459 0.014631177186965945 0.009164062738418579
v 0.004060197472572327 0.014970426559448245 0.009187499880790711
v 0.0029479032754898076 0.015228550434112552 0.00921093761920929
v 0.0018196341395378117 0.015404149293899539 0.009234374761581421
v 0.0006815042346715928 0.015496271848678592 0.0092578125
v -0.00046031881123781215 0.015504418611526492 0.00928125023841858
v -0.0015996472537517551 0.015428545475006106 0.00930468738079071
v -0.002730307281017304 0.015269063711166386 0.00932812511920929
v -0.003846171200275422 0.01502683758735657 0.00935156226158142
v -0.004941192567348481 0.014703179597854617 0.009375
v -0.006009437441825868 0.014299844503402713 0.009398437738418579
v -0.007045116424560548 0.013819016218185428 0.009421874880790711
v -0.008042616844177248 0.013263301849365238 0.00944531261920929
v -0.00899653434753418 0.012635712623596194 0.009468749761581421
v -0.009901698827743532 0.011939649581909182 0.0094921875
v -0.010753204822540285 0.011178884506225588 0.00951562523841858
v -0.01154643774032593 0.010357540845870974 0.00953906238079071
v -0.01227710008621216 0.009480067491531375 0.00956250011920929
v -0.012941231727600101 0.008551221489906313 0.00958593726158142
v -0.01353523373603821 0.0075760352611541765 0.009609375
v -0.01405588746070862 0.006559793949127198 0.009632812738418579
v -0.014500371217727664 0.005508005023002626 0.00965624988079071
v -0.01486627578735352 0.004426367282867432 0.009679687619209289
v -0.015151618719100955 0.003320742547512055 0.009703124761581422
v -0.0153548538684845 0.0021971227228641515 0.0097265625
v -0.015474879741668704 0.0010615964978933337 0.00975000023841858
v -0.01551104545593262 -7.968269288539888e-05 0.00977343738079071
v -0.015463155508041384 -0.0012205300480127336 0.00979687511920929
v -0.01533146977424622 -0.002354763299226761 0.009820312261581421
v -0.015116701126098636 -0.0034762358665466316 0.00984375
v -0.014820014238357547 -0.004578870236873628 0.00986718773841858
v -0.014443016052246096 -0.0056566917896270765 0.00989062488079071
v -0.013987749814987186 -0.006703858971595766 0.00991406261920929
v -0.013456683158874515 -0.007714697122573854 0.009937499761581422
v -0.01285269379615784 -0.008683728575706484 0.009960937500000001
v -0.01217905402183533 -0.00960570275783539 0.009984375238418578
v -0.011439415216445925 -0.010475622415542604 0.010007812976837158
v -0.010637785196304324 -0.01128877401351929 0.010031249523162842
v -0.009778507351875307 -0.012040749788284304 0.010054687261581421
v -0.008866239786148073 -0.012727477550506594 0.010078125
v -0.007905924916267397 -0.013345232009887699 0.01010156273841858
v -0.006902767419815064 -0.013890669345855715 0.010125000476837159
v -0.0058622026443481455 -0.014360830783843996 0.010148437023162841
v -0.004789870679378511 -0.014753170013427738 0.01017187476158142
v -0.003691581785678864 -0.015065560340881351 0.0101953125
v -0.0025732880830764775 -0.015296308994293215 0.010218750238418579
v -0.0014410492777824405 -0.015444165468215946 0.010242187976837158
v -0.00030100140720605855 -0.015508328676223758 0.010265624523162842
v 0.0008406776189804079 -0.015488451719284061 0.010289062261581421
v 0.0019778010249137884 -0.015384640693664554 0.0103125
v 0.003104206323623658 -0.015197459459304813 0.01033593773841858
v 0.004213789999485016 -0.014927921295166019 0.010359375476837159
v 0.005300538539886475 -0.01457748889923096 0.010382812023162841
v 0.00635856330394745 -0.014148057699203494 0.01040624976158142
v 0.007382130026817323 -0.013641958236694339 0.0104296875
v 0.008365692496299745 -0.013061932325363162 0.010453125238418579
v 0.009303920865058901 -0.012411121129989626 0.010476562976837158
v 0.010191730260849002 -0.011693054437637332 0.010499999523162842
v 0.011024309396743776 -0.010911620855331422 0.010523437261581422
v 0.011797146797180177 -0.010071057081222537 0.010546875
v 0.012506055831909182 -0.00917591691017151 0.01057031273841858
v 0.013147192001342777 -0.008231052160263062 0.010593750476837159
v 0.013717082738876346 -0.007241582274436952 0.010617187023162842
v 0.01421263933181763 -0.006212869882583619 0.01064062476158142
v 0.014631177186965945 -0.005150489211082459 0.0106640625
v 0.014970426559448245 -0.004060197472572327 0.010687500238418579
v 0.015228550434112552 -0.0029479032754898076 0.010710937976837158
v 0.015404149293899539 -0.0018196341395378117 0.010734374523162843
v 0.015496271848678592 -0.0006815042346715928 0.010757812261581422
v 0.015504418611526492 0.00046031881123781215 0.010781250000000001
v 0.015428545475006106 0.0015996472537517551 0.01080468773841858
v 0.015269063711166386 0.002730307281017304 0.01082812547683716
v 0.01502683758735657 0.003846171200275422 0.010851562023162842
v 0.014703179597854617 0.004941192567348481 0.010874999761581421
v 0.014299844503402713 0.006009437441825868 0.0108984375
v 0.013819016218185428 0.007045116424560548 0.01092187523841858
v 0.013263301849365238 0.008042616844177248 0.010945312976837158
v 0.012635712623596194 0.00899653434753418 0.010968749523162843
v 0.011939649581909182 0.009901698827743532 0.010992187261581422
v 0.011178884506225588 0.010753204822540285 0.011015625
v 0.010357540845870974 0.01154643774032593 0.011039062738418579
v 0.009480067491531375 0.01227710008621216 0.011062500476837158
v 0.008551221489906313 0.012941231727600101 0.011085937023162842
v 0.0075760352611541765 0.01353523373603821 0.011109374761581421
v 0.006559793949127198 0.01405588746070862 0.0111328125
v 0.005508005023002626 0.014500371217727664 0.01115625023841858
v 0.004426367282867432 0.01486627578735352 0.011179687976837159
v 0.003320742547512055 0.015151618719100955 0.011203124523162841
v 0.0021971227228641515 0.0153548538684845 0.01122656226158142
v 0.0010615964978933337 0.015474879741668704 0.01125
v -7.968269288539888e-05 0.01551104545593262 0.011273437738418579
v -0.0012205300480127336 0.015463155508041384 0.011296875476837158
v -0.002354763299226761 0.01533146977424622 0.011320312023162842
v -0.0034762358665466316 0.015116701126098636 0.011343749761581421
v -0.004578870236873628 0.014820014238357547 0.0113671875
v -0.0056566917896270765 0.014443016052246096 0.01139062523841858
v -0.006703858971595766 0.013987749814987186 0.011414062976837159
v -0.007714697122573854 0.013456683158874515 0.011437499523162841
v -0.008683728575706484 0.01285269379615784 0.01146093726158142
v -0.00960570275783539 0.01217905402183533 0.011484375
v -0.010475622415542604 0.011439415216445925 0.011507812738418579
v -0.01128877401351929 0.010637785196304324 0.011531250476837158
v -0.012040749788284304 0.009778507351875307 0.011554687023162842
v -0.012727477550506594 0.008866239786148073 0.011578124761581422
v -0.013345232009887699 0.007905924916267397 0.0116015625
v -0.013890669345855715 0.006902767419815064 0.01162500023841858
v -0.014360830783843996 0.0058622026443481455 0.011648437976837159
v -0.014753170013427738 0.004789870679378511 0.011671874523162842
v -0.015065560340881351 0.003691581785678864 0.01169531226158142
v -0.015296308994293215 0.0025732880830764775 0.01171875
v -0.015444165468215946 0.0014410492777824405 0.01174218773841858
v -0.015508328676223758 0.00030100140720605855 0.011765625476837158
v -0.015488451719284061 -0.0008406776189804079 0.011789062023162843
v -0.015384640693664554 -0.0019778010249137884 0.011812499761581422
v -0.015197459459304813 -0.003104206323623658 0.011835937500000001
v -0.014927921295166019 -0.004213789999485016 0.01185937523841858
v -0.01457748889923096 -0.005300538539886475 0.01188281297683716
v -0.014148057699203494 -0.00635856330394745 0.011906249523162842
v -0.013641958236694339 -0.007382130026817323 0.011929687261581421
v -0.013061932325363162 -0.008365692496299745 0.011953125
v -0.012411121129989626 -0.009303920865058901 0.01197656273841858
v -0.011693054437637332 -0.010191730260849002 0.012000000476837159
v -0.010911620855331422 -0.011024309396743776 0.012023437023162843
v -0.010071057081222537 -0.011797146797180177 0.012046874761581422
v -0.00917591691017151 -0.012506055831909182 0.0120703125
v -0.008231052160263062 -0.013147192001342777 0.012093750238418579
v -0.007241582274436952 -0.013717082738876346 0.012117187976837158
v -0.006212869882583619 -0.01421263933181763 0.012140624523162842
v -0.005150489211082459 -0.014631177186965945 0.012164062261581421
v -0.004060197472572327 -0.014970426559448245 0.0121875
v -0.0029479032754898076 -0.015228550434112552 0.01221093773841858
v -0.0018196341395378117 -0.015404149293899539 0.012234375476837159
v -0.0006815042346715928 -0.015496271848678592 0.012257812023162841
v 0.00046031881123781215 -0.015504418611526492 0.01228124976158142
v 0.0015996472537517551 -0.015428545475006106 0.0123046875
v 0.002730307281017304 -0.015269063711166386 0.012328125238418579
v 0.003846171200275422 -0.01502683758735657 0.012351562976837158
v 0.004941192567348481 -0.014703179597854617 0.012374999523162842
v 0.006009437441825868 -0.014299844503402713 0.012398437261581421
v 0.007045116424560548 -0.013819016218185428 0.012421875
v 0.008042616844177248 -0.013263301849365238 0.01244531273841858
v 0.00899653434753418 -0.012635712623596194 0.012468750476837159
v 0.009901698827743532 -0.011939649581909182 0.012492187023162842
v 0.010753204822540285 -0.011178884506225588 0.01251562476158142
v 0.01154643774032593 -0.010357540845870974 0.0125390625
v 0.01227710008621216 -0.009480067491531375 0.012562500238418579
v 0.012941231727600101 -0.008551221489906313 0.012585937976837158
v 0.01353523373603821 -0.0075760352611541765 0.012609374523162842
v 0.01405588746070862 -0.006559793949127198 0.012632812261581422
v 0.014500371217727664 -0.005508005023002626 0.01265625
v 0.01486627578735352 -0.004426367282867432 0.01267968773841858
v 0.015151618719100955 -0.003320742547512055 0.01270312547683716
v 0.0153548538684845 -0.0021971227228641515 0.012726562023162842
v 0.015474879741668704 -0.0010615964978933337 0.012749999761581421
v 0.01551104545593262 7.968269288539888e-05 0.0127734375
v 0.015463155508041384 0.0012205300480127336 0.01279687523841858
v 0.01533146977424622 0.002354763299226761 0.012820312976837158
v 0.015116701126098636 0.0034762358665466316 0.012843749523162843
v 0.014820014238357547 0.004578870236873628 0.012867187261581422
v 0.014443016052246096 0.0056566917896270765 0.012890625000000001
v 0.013987749814987186 0.006703858971595766 0.01291406273841858
v 0.013456683158874515 0.007714697122573854 0.012937500476837158
v 0.01285269379615784 0.008683728575706484 0.012960937023162842
v 0.01217905402183533 0.00960570275783539 0.012984374761581421
v 0.011439415216445925 0.010475622415542604 0.0130078125
v 0.010637785196304324 0.01128877401351929 0.01303125023841858
v 0.009778507351875307 0.012040749788284304 0.013054687976837159
v 0.008866239786148073 0.012727477550506594 0.013078124523162843
v 0.007905924916267397 0.013345232009887699 0.01310156226158142
v 0.006902767419815064 0.013890669345855715 0.013125
v 0.0058622026443481455 0.014360830783843996 0.013148437738418579
v 0.004789870679378511 0.014753170013427738 0.013171875476837158
v 0.003691581785678864 0.015065560340881351 0.013195312023162842
v 0.0025732880830764775 0.015296308994293215 0.013218749761581421
v 0.0014410492777824405 0.015444165468215946 0.0132421875
v 0.00030100140720605855 0.015508328676223758 0.01326562523841858
v -0.0008406776189804079 0.015488451719284061 0.013289062976837159
v -0.0019778010249137884 0.015384640693664554 0.013312499523162841
v -0.003104206323623658 0.015197459459304813 0.01333593726158142
v -0.004213789999485016 0.014927921295166019 0.013359375
v -0.005300538539886475 0.01457748889923096 0.013382812738418579
v -0.00635856330394745 0.014148057699203494 0.013406250476837158
v -0.007382130026817323 0.013641958236694339 0.013429687023162842
v -0.008365692496299745 0.013061932325363162 0.013453124761581422
v -0.009303920865058901 0.012411121129989626 0.0134765625
v -0.010191730260849002 0.011693054437637332 0.01350000023841858
v -0.011024309396743776 0.010911620855331422 0.013523437976837159
v -0.011797146797180177 0.010071057081222537 0.013546874523162842
v -0.012506055831909182 0.00917591691017151 0.01357031226158142
v -0.013147192001342777 0.008231052160263062 0.01359375
v -0.013717082738876346 0.007241582274436952 0.013617187738418579
v -0.01421263933181763 0.006212869882583619 0.013640625476837158
v -0.014631177186965945 0.005150489211082459 0.013664062023162843
v -0.014970426559448245 0.004060197472572327 0.013687499761581422
v -0.015228550434112552 0.0029479032754898076 0.013710937500000001
v -0.015404149293899539 0.0018196341395378117 0.01373437523841858
v -0.015496271848678592 0.0006815042346715928 0.01375781297683716
v -0.015504418611526492 -0.00046031881123781215 0.013781249523162842
v -0.015428545475006106 -0.0015996472537517551 0.013804687261581421
v -0.015269063711166386 -0.002730307281017304 0.013828125
v -0.01502683758735657 -0.003846171200275422 0.01385156273841858
v -0.014703179597854617 -0.004941192567348481 0.013875000476837158
v -0.014299844503402713 -0.006009437441825868 0.013898437023162843
v -0.013819016218185428 -0.007045116424560548 0.013921874761581422
v -0.013263301849365238 -0.008042616844177248 0.013945312500000001
v -0.012635712623596194 -0.00899653434753418 0.013968750238418579
v -0.011939649581909182 -0.009901698827743532 0.013992187976837158
v -0.011178884506225588 -0.010753204822540285 0.014015624523162842
v -0.010357540845870974 -0.01154643774032593 0.014039062261581421
v -0.009480067491531375 -0.01227710008621216 0.0140625
v -0.008551221489906313 -0.012941231727600101 0.01408593773841858
v -0.0075760352611541765 -0.01353523373603821 0.014109375476837159
v -0.006559793949127198 -0.01405588746070862 0.014132812023162841
v -0.005508005023002626 -0.014500371217727664 0.01415624976158142
v -0.004426367282867432 -0.01486627578735352 0.0141796875
v -0.003320742547512055 -0.015151618719100955 0.014203125238418579
v -0.0021971227228641515 -0.0153548538684845 0.014226562976837158
v -0.0010615964978933337 -0.015474879741668704 0.014249999523162842
v 7.968269288539888e-05 -0.01551104545593262 0.014273437261581421
v 0.0012205300480127336 -0.015463155508041384 0.014296875
v 0.002354763299226761 -0.01533146977424622 0.01432031273841858
v 0.0034762358665466316 -0.015116701126098636 0.014343750476837159
v 0.004578870236873628 -0.014820014238357547 0.014367187023162841
v 0.0056566917896270765 -0.014443016052246096 0.01439062476158142
v 0.006703858971595766 -0.013987749814987186 0.0144140625
v 0.007714697122573854 -0.013456683158874515 0.014437500238418579
v 0.008683728575706484 -0.01285269379615784 0.014460937976837158
v 0.00960570275783539 -0.01217905402183533 0.014484374523162842
v 0.010475622415542604 -0.011439415216445925 0.014507812261581422
v 0.01128877401351929 -0.010637785196304324 0.01453125
v 0.012040749788284304 -0.009778507351875307 0.01455468773841858
v 0.012727477550506594 -0.008866239786148073 0.014578125476837159
v 0.013345232009887699 -0.007905924916267397 0.014601562023162842
v 0.013890669345855715 -0.006902767419815064 0.01462499976158142
v 0.014360830783843996 -0.0058622026443481455 0.0146484375
v 0.014753170013427738 -0.004789870679378511 0.01467187523841858
v 0.015065560340881351 -0.003691581785678864 0.014695312976837158
v 0.015296308994293215 -0.0025732880830764775 0.014718749523162843
v 0.015444165468215946 -0.0014410492777824405 0.014742187261581422
v 0.015508328676223758 -0.00030100140720605855 0.014765625000000001
v 0.015488451719284061 0.0008406776189804079 0.01478906273841858
v 0.015384640693664554 0.0019778010249137884 0.01481250047683716
v 0.015197459459304813 0.003104206323623658 0.014835937023162842
v 0.014927921295166019 0.004213789999485016 0.014859374761581421
v 0.01457748889923096 0.005300538539886475 0.0148828125
v 0.014148057699203494 0.00635856330394745 0.01490625023841858
v 0.013641958236694339 0.007382130026817323 0.014929687976837159
v 0.013061932325363162 0.008365692496299745 0.014953124523162843
v 0.012411121129989626 0.009303920865058901 0.014976562261581422
v 0.011693054437637332 0.010191730260849002 0.015
v 0.010911620855331422 0.011024309396743776 0.015023437738418579
v 0.010071057081222537 0.011797146797180177 0.015046875476837158
v 0.00917591691017151 0.012506055831909182 0.015070312023162842
v 0.008231052160263062 0.013147192001342777 0.015093749761581421
v 0.007241582274436952 0.013717082738876346 0.0151171875
v 0.006212869882583619 0.01421263933181763 0.01514062523841858
v 0.005150489211082459 0.014631177186965945 0.015164062976837159
v 0.004060197472572327 0.014970426559448245 0.015187499523162841
v 0.0029479032754898076 0.015228550434112552 0.01521093726158142
v 0.0018196341395378117 0.015404149293899539 0.015234375
v 0.0006815042346715928 0.015496271848678592 0.015257812738418579
v -0.00046031881123781215 0.015504418611526492 0.015281250476837158
v -0.0015996472537517551 0.015428545475006106 0.015304687023162842
v -0.002730307281017304 0.015269063711166386 0.015328124761581421
v -0.003846171200275422 0.01502683758735657 0.0153515625
v -0.004941192567348481 0.014703179597854617 0.01537500023841858
v -0.006009437441825868 0.014299844503402713 0.015398437976837159
v -0.007045116424560548 0.013819016218185428 0.015421874523162842
v -0.008042616844177248 0.013263301849365238 0.01544531226158142
v -0.00899653434753418 0.012635712623596194 0.01546875
v -0.009901698827743532 0.011939649581909182 0.015492187738418579
v -0.010753204822540285 0.011178884506225588 0.015515625476837158
v -0.01154643774032593 0.010357540845870974 0.015539062023162842
v -0.01227710008621216 0.009480067491531375 0.015562499761581422
v -0.012941231727600101 0.008551221489906313 0.0155859375
v -0.01353523373603821 0.0075760352611541765 0.01560937523841858
v -0.01405588746070862 0.006559793949127198 0.01563281297683716
v -0.014500371217727664 0.005508005023002626 0.015656249523162843
v -0.01486627578735352 0.004426367282867432 0.01567968726158142
v -0.015151618719100955 0.003320742547512055 0.015703125000000002
v -0.0153548538684845 0.0021971227228641515 0.01572656273841858
v -0.015474879741668704 0.0010615964978933337 0.01575000047683716
v -0.01551104545593262 -7.968269288539888e-05 0.01577343702316284
v -0.015463155508041384 -0.0012205300480127336 0.015796874761581422
v -0.01533146977424622 -0.002354763299226761 0.0158203125
v -0.015116701126098636 -0.0034762358665466316 0.01584375023841858
v -0.014820014238357547 -0.004578870236873628 0.015867187976837158
v -0.014443016052246096 -0.0056566917896270765 0.015890624523162842
v -0.013987749814987186 -0.006703858971595766 0.015914062261581423
v -0.013456683158874515 -0.007714697122573854 0.0159375
v -0.01285269379615784 -0.008683728575706484 0.015960937738418578
v -0.01217905402183533 -0.00960570275783539 0.01598437547683716
v -0.011439415216445925 -0.010475622415542604 0.016007812023162843
v -0.010637785196304324 -0.01128877401351929 0.01603124976158142
v -0.009778507351875307 -0.012040749788284304 0.0160546875
v -0.008866239786148073 -0.012727477550506594 0.01607812523841858
v -0.007905924916267397 -0.013345232009887699 0.01610156297683716
v -0.006902767419815064 -0.013890669345855715 0.01612499952316284
v -0.0058622026443481455 -0.014360830783843996 0.01614843726158142
v -0.004789870679378511 -0.014753170013427738 0.016171875
v -0.003691581785678864 -0.015065560340881351 0.01619531273841858
v -0.0025732880830764775 -0.015296308994293215 0.016218750476837157
v -0.0014410492777824405 -0.015444165468215946 0.01624218702316284
v -0.00030100140720605855 -0.015508328676223758 0.016265624761581422
v 0.0008406776189804079 -0.015488451719284061 0.0162890625
v 0.0019778010249137884 -0.015384640693664554 0.01631250023841858
v 0.003104206323623658 -0.015197459459304813 0.016335937976837158
v 0.004213789999485016 -0.014927921295166019 0.016359374523162842
v 0.005300538539886475 -0.01457748889923096 0.01638281226158142
v 0.00635856330394745 -0.014148057699203494 0.01640625
v 0.007382130026817323 -0.013641958236694339 0.016429687738418578
v 0.008365692496299745 -0.013061932325363162 0.01645312547683716
v 0.009303920865058901 -0.012411121129989626 0.016476562023162843
v 0.010191730260849002 -0.011693054437637332 0.01649999976158142
v 0.011024309396743776 -0.010911620855331422 0.0165234375
v 0.011797146797180177 -0.010071057081222537 0.01654687523841858
v 0.012506055831909182 -0.00917591691017151 0.01657031297683716
v 0.013147192001342777 -0.008231052160263062 0.01659374952316284
v 0.013717082738876346 -0.007241582274436952 0.01661718726158142
v 0.01421263933181763 -0.006212869882583619 0.016640625
v 0.014631177186965945 -0.005150489211082459 0.01666406273841858
v 0.014970426559448245 -0.004060197472572327 0.016687500476837158
v 0.015228550434112552 -0.0029479032754898076 0.016710937023162842
v 0.015404149293899539 -0.0018196341395378117 0.016734374761581423
v 0.015496271848678592 -0.0006815042346715928 0.0167578125
v 0.015504418611526492 0.00046031881123781215 0.01678125023841858
v 0.015428545475006106 0.0015996472537517551 0.01680468797683716
v 0.015269063711166386 0.002730307281017304 0.016828124523162843
v 0.01502683758735657 0.003846171200275422 0.01685156226158142
v 0.014703179597854617 0.004941192567348481 0.016875
v 0.014299844503402713 0.006009437441825868 0.01689843773841858
v 0.013819016218185428 0.007045116424560548 0.01692187547683716
v 0.013263301849365238 0.008042616844177248 0.016945312023162844
v 0.012635712623596194 0.00899653434753418 0.01696874976158142
v 0.011939649581909182 0.009901698827743532 0.016992187500000002
v 0.011178884506225588 0.010753204822540285 0.01701562523841858
v 0.010357540845870974 0.01154643774032593 0.017039062976837157
v 0.009480067491531375 0.01227710008621216 0.01706249952316284
v 0.008551221489906313 0.012941231727600101 0.017085937261581422
v 0.0075760352611541765 0.01353523373603821 0.017109375
v 0.006559793949127198 0.01405588746070862 0.01713281273841858
v 0.005508005023002626 0.014500371217727664 0.017156250476837158
v 0.004426367282867432 0.01486627578735352 0.017179687023162842
v 0.003320742547512055 0.015151618719100955 0.01720312476158142
v 0.0021971227228641515 0.0153548538684845 0.0172265625
v 0.0010615964978933337 0.015474879741668704 0.017250000238418578
v -7.968269288539888e-05 0.01551104545593262 0.01727343797683716
v -0.0012205300480127336 0.015463155508041384 0.017296874523162843
v -0.002354763299226761 0.01533146977424622 0.01732031226158142
v -0.0034762358665466316 0.015116701126098636 0.01734375
v -0.004578870236873628 0.014820014238357547 0.01736718773841858
v -0.0056566917896270765 0.014443016052246096 0.01739062547683716
v -0.006703858971595766 0.013987749814987186 0.01741406202316284
v -0.007714697122573854 0.013456683158874515 0.01743749976158142
v -0.008683728575706484 0.01285269379615784 0.0174609375
v -0.00960570275783539 0.01217905402183533 0.01748437523841858
v -0.010475622415542604 0.011439415216445925 0.017507812976837157
v -0.01128877401351929 0.010637785196304324 0.01753124952316284
v -0.012040749788284304 0.009778507351875307 0.017554687261581423
v -0.012727477550506594 0.008866239786148073 0.017578125
v -0.013345232009887699 0.007905924916267397 0.01760156273841858
v -0.013890669345855715 0.006902767419815064 0.01762500047683716
v -0.014360830783843996 0.0058622026443481455 0.017648437023162843
v -0.014753170013427738 0.004789870679378511 0.01767187476158142
v -0.015065560340881351 0.003691581785678864 0.0176953125
v -0.015296308994293215 0.0025732880830764775 0.01771875023841858
v -0.015444165468215946 0.0014410492777824405 0.01774218797683716
v -0.015508328676223758 0.00030100140720605855 0.017765624523162844
v -0.015488451719284061 -0.0008406776189804079 0.01778906226158142
v -0.015384640693664554 -0.0019778010249137884 0.017812500000000002
v -0.015197459459304813 -0.003104206323623658 0.01783593773841858
v -0.014927921295166019 -0.004213789999485016 0.01785937547683716
v -0.01457748889923096 -0.005300538539886475 0.01788281202316284
v -0.014148057699203494 -0.00635856330394745 0.017906249761581422
v -0.013641958236694339 -0.007382130026817323 0.0179296875
v -0.013061932325363162 -0.008365692496299745 0.01795312523841858
v -0.012411121129989626 -0.009303920865058901 0.017976562976837158
v -0.011693054437637332 -0.010191730260849002 0.017999999523162842
v -0.010911620855331422 -0.011024309396743776 0.018023437261581423
v -0.010071057081222537 -0.011797146797180177 0.018046875
v -0.00917591691017151 -0.012506055831909182 0.018070312738418578
v -0.008231052160263062 -0.013147192001342777 0.01809375047683716
v -0.007241582274436952 -0.013717082738876346 0.018117187023162843
v -0.006212869882583619 -0.01421263933181763 0.01814062476158142
v -0.005150489211082459 -0.014631177186965945 0.0181640625
v -0.004060197472572327 -0.014970426559448245 0.01818750023841858
v -0.0029479032754898076 -0.015228550434112552 0.01821093797683716
v -0.0018196341395378117 -0.015404149293899539 0.01823437452316284
v -0.0006815042346715928 -0.015496271848678592 0.01825781226158142
v 0.00046031881123781215 -0.015504418611526492 0.01828125
v 0.0015996472537517551 -0.015428545475006106 0.01830468773841858
v 0.002730307281017304 -0.015269063711166386 0.018328125476837157
v 0.003846171200275422 -0.01502683758735657 0.01835156202316284
v 0.004941192567348481 -0.014703179597854617 0.018374999761581422
v 0.006009437441825868 -0.014299844503402713 0.0183984375
v 0.007045116424560548 -0.013819016218185428 0.01842187523841858
v 0.008042616844177248 -0.013263301849365238 0.018445312976837158
v 0.00899653434753418 -0.012635712623596194 0.018468749523162842
v 0.009901698827743532 -0.011939649581909182 0.01849218726158142
v 0.010753204822540285 -0.011178884506225588 0.018515625
v 0.01154643774032593 -0.010357540845870974 0.01853906273841858
v 0.01227710008621216 -0.009480067491531375 0.01856250047683716
v 0.012941231727600101 -0.008551221489906313 0.018585937023162843
v 0.01353523373603821 -0.0075760352611541765 0.01860937476158142
v 0.01405588746070862 -0.006559793949127198 0.018632812500000002
v 0.014500371217727664 -0.005508005023002626 0.01865625023841858
v 0.01486627578735352 -0.004426367282867432 0.01867968797683716
v 0.015151618719100955 -0.003320742547512055 0.01870312452316284
v 0.0153548538684845 -0.0021971227228641515 0.018726562261581422
v 0.015474879741668704 -0.0010615964978933337 0.01875
v 0.01551104545593262 7.968269288539888e-05 0.01877343773841858
v 0.015463155508041384 0.0012205300480127336 0.018796875476837158
v 0.01533146977424622 0.002354763299226761 0.018820312023162842
v 0.015116701126098636 0.0034762358665466316 0.018843749761581423
v 0.014820014238357547 0.004578870236873628 0.0188671875
v 0.014443016052246096 0.0056566917896270765 0.01889062523841858
v 0.013987749814987186 0.006703858971595766 0.01891406297683716
v 0.013456683158874515 0.007714697122573854 0.018937499523162843
v 0.01285269379615784 0.008683728575706484 0.01896093726158142
v 0.01217905402183533 0.00960570275783539 0.018984375
v 0.011439415216445925 0.010475622415542604 0.01900781273841858
v 0.010637785196304324 0.01128877401351929 0.01903125047683716
v 0.009778507351875307 0.012040749788284304 0.019054687023162844
v 0.008866239786148073 0.012727477550506594 0.01907812476158142
v 0.007905924916267397 0.013345232009887699 0.0191015625
v 0.006902767419815064 0.013890669345855715 0.01912500023841858
v 0.0058622026443481455 0.014360830783843996 0.019148437976837157
v 0.004789870679378511 0.014753170013427738 0.01917187452316284
v 0.003691581785678864 0.015065560340881351 0.019195312261581422
v 0.0025732880830764775 0.015296308994293215 0.01921875
v 0.0014410492777824405 0.015444165468215946 0.01924218773841858
v 0.00030100140720605855 0.015508328676223758 0.019265625476837158
v -0.0008406776189804079 0.015488451719284061 0.019289062023162842
v -0.0019778010249137884 0.015384640693664554 0.01931249976158142
v -0.003104206323623658 0.015197459459304813 0.0193359375
v -0.004213789999485016 0.014927921295166019 0.019359375238418578
v -0.005300538539886475 0.01457748889923096 0.01938281297683716
v -0.00635856330394745 0.014148057699203494 0.019406249523162843
v -0.007382130026817323 0.013641958236694339 0.01942968726158142
v -0.008365692496299745 0.013061932325363162 0.019453125
v -0.009303920865058901 0.012411121129989626 0.01947656273841858
v -0.010191730260849002 0.011693054437637332 0.01950000047683716
v -0.011024309396743776 0.010911620855331422 0.01952343702316284
v -0.011797146797180177 0.010071057081222537 0.01954687476158142
v -0.012506055831909182 0.00917591691017151 0.0195703125
v -0.013147192001342777 0.008231052160263062 0.01959375023841858
v -0.013717082738876346 0.007241582274436952 0.019617187976837158
v -0.01421263933181763 0.006212869882583619 0.019640624523162842
v -0.014631177186965945 0.005150489211082459 0.019664062261581423
v -0.014970426559448245 0.004060197472572327 0.0196875
v -0.015228550434112552 0.0029479032754898076 0.01971093773841858
v -0.015404149293899539 0.0018196341395378117 0.01973437547683716
v -0.015496271848678592 0.0006815042346715928 0.019757812023162843
v -0.015504418611526492 -0.00046031881123781215 0.01978124976158142
v -0.015428545475006106 -0.0015996472537517551 0.0198046875
v -0.015269063711166386 -0.002730307281017304 0.01982812523841858
v -0.01502683758735657 -0.003846171200275422 0.01985156297683716
v -0.014703179597854617 -0.004941192567348481 0.019874999523162844
v -0.014299844503402713 -0.006009437441825868 0.01989843726158142
v -0.013819016218185428 -0.007045116424560548 0.019921875000000002
v -0.013263301849365238 -0.008042616844177248 0.01994531273841858
v -0.012635712623596194 -0.00899653434753418 0.019968750476837157
v -0.011939649581909182 -0.009901698827743532 0.01999218702316284
v -0.011178884506225588 -0.010753204822540285 0.020015625953674315
v -0.010357540845870974 -0.01154643774032593 0.0200390625
v -0.009480067491531375 -0.01227710008621216 0.020062499046325684
v -0.008551221489906313 -0.012941231727600101 0.020085937976837158
v -0.0075760352611541765 -0.01353523373603821 0.020109374523162842
v -0.006559793949127198 -0.01405588746070862 0.020132813453674316
v -0.005508005023002626 -0.014500371217727664 0.02015625
v -0.004426367282867432 -0.01486627578735352 0.020179686546325685
v -0.003320742547512055 -0.015151618719100955 0.02020312547683716
v -0.0021971227228641515 -0.0153548538684845 0.020226562023162843
v -0.0010615964978933337 -0.015474879741668704 0.020250000953674317
v 7.968269288539888e-05 -0.01551104545593262 0.0202734375
v 0.0012205300480127336 -0.015463155508041384 0.020296874046325682
v 0.002354763299226761 -0.01533146977424622 0.02032031297683716
v 0.0034762358665466316 -0.015116701126098636 0.02034374952316284
v 0.004578870236873628 -0.014820014238357547 0.020367188453674318
v 0.0056566917896270765 -0.014443016052246096 0.020390625
v 0.006703858971595766 -0.013987749814987186 0.020414061546325683
v 0.007714697122573854 -0.013456683158874515 0.020437500476837157
v 0.008683728575706484 -0.01285269379615784 0.02046093702316284
v 0.00960570275783539 -0.01217905402183533 0.020484375953674316
v 0.010475622415542604 -0.011439415216445925 0.0205078125
v 0.01128877401351929 -0.010637785196304324 0.020531249046325684
v 0.012040749788284304 -0.009778507351875307 0.02055468797683716
v 0.012727477550506594 -0.008866239786148073 0.020578124523162843
v 0.013345232009887699 -0.007905924916267397 0.020601563453674317
v 0.013890669345855715 -0.006902767419815064 0.020625
v 0.014360830783843996 -0.0058622026443481455 0.020648436546325685
v 0.014753170013427738 -0.004789870679378511 0.02067187547683716
v 0.015065560340881351 -0.003691581785678864 0.020695312023162844
v 0.015296308994293215 -0.0025732880830764775 0.020718750953674318
v 0.015444165468215946 -0.0014410492777824405 0.020742187500000002
v 0.015508328676223758 -0.00030100140720605855 0.020765624046325683
v 0.015488451719284061 0.0008406776189804079 0.02078906297683716
v 0.015384640693664554 0.0019778010249137884 0.02081249952316284
v 0.015197459459304813 0.003104206323623658 0.020835938453674315
v 0.014927921295166019 0.004213789999485016 0.020859375
v 0.01457748889923096 0.005300538539886475 0.020882811546325684
v 0.014148057699203494 0.00635856330394745 0.020906250476837158
v 0.013641958236694339 0.007382130026817323 0.020929687023162842
v 0.013061932325363162 0.008365692496299745 0.020953125953674316
v 0.012411121129989626 0.009303920865058901 0.0209765625
v 0.011693054437637332 0.010191730260849002 0.020999999046325685
v 0.010911620855331422 0.011024309396743776 0.02102343797683716
v 0.010071057081222537 0.011797146797180177 0.021046874523162843
v 0.00917591691017151 0.012506055831909182 0.021070313453674317
v 0.008231052160263062 0.013147192001342777 0.02109375
v 0.007241582274436952 0.013717082738876346 0.021117186546325686
v 0.006212869882583619 0.01421263933181763 0.02114062547683716
v 0.005150489211082459 0.014631177186965945 0.02116406202316284
v 0.004060197472572327 0.014970426559448245 0.021187500953674318
v 0.0029479032754898076 0.015228550434112552 0.0212109375
v 0.0018196341395378117 0.015404149293899539 0.021234374046325683
v 0.0006815042346715928 0.015496271848678592 0.021257812976837157
v -0.00046031881123781215 0.015504418611526492 0.02128124952316284
v -0.0015996472537517551 0.015428545475006106 0.021304688453674316
v -0.002730307281017304 0.015269063711166386 0.021328125
v -0.003846171200275422 0.01502683758735657 0.021351561546325684
v -0.004941192567348481 0.014703179597854617 0.021375000476837158
v -0.006009437441825868 0.014299844503402713 0.021398437023162842
v -0.007045116424560548 0.013819016218185428 0.021421875953674317
v -0.008042616844177248 0.013263301849365238 0.0214453125
v -0.00899653434753418 0.012635712623596194 0.021468749046325685
v -0.009901698827743532 0.011939649581909182 0.02149218797683716
v -0.010753204822540285 0.011178884506225588 0.021515624523162843
v -0.01154643774032593 0.010357540845870974 0.021539063453674318
v -0.01227710008621216 0.009480067491531375 0.021562500000000002
v -0.012941231727600101 0.008551221489906313 0.021585936546325683
v -0.01353523373603821 0.0075760352611541765 0.02160937547683716
v -0.01405588746070862 0.006559793949127198 0.02163281202316284
v -0.014500371217727664 0.005508005023002626 0.02165625095367432
v -0.01486627578735352 0.004426367282867432 0.0216796875
v -0.015151618719100955 0.003320742547512055 0.021703124046325684
v -0.0153548538684845 0.0021971227228641515 0.021726562976837158
v -0.015474879741668704 0.0010615964978933337 0.021749999523162842
v -0.01551104545593262 -7.968269288539888e-05 0.021773438453674316
v -0.015463155508041384 -0.0012205300480127336 0.021796875
v -0.01533146977424622 -0.002354763299226761 0.021820311546325685
v -0.015116701126098636 -0.0034762358665466316 0.02184375047683716
v -0.014820014238357547 -0.004578870236873628 0.021867187023162843
v -0.014443016052246096 -0.0056566917896270765 0.021890625953674317
v -0.013987749814987186 -0.006703858971595766 0.0219140625
v -0.013456683158874515 -0.007714697122573854 0.021937499046325686
v -0.01285269379615784 -0.008683728575706484 0.02196093797683716
v -0.01217905402183533 -0.00960570275783539 0.021984374523162844
v -0.011439415216445925 -0.010475622415542604 0.022007813453674318
v -0.010637785196304324 -0.01128877401351929 0.02203125
v -0.009778507351875307 -0.012040749788284304 0.022054686546325683
v -0.008866239786148073 -0.012727477550506594 0.022078125476837157
v -0.007905924916267397 -0.013345232009887699 0.02210156202316284
v -0.006902767419815064 -0.013890669345855715 0.022125000953674315
v -0.0058622026443481455 -0.014360830783843996 0.0221484375
v -0.004789870679378511 -0.014753170013427738 0.022171874046325684
v -0.003691581785678864 -0.015065560340881351 0.022195312976837158
v -0.0025732880830764775 -0.015296308994293215 0.022218749523162842
v -0.0014410492777824405 -0.015444165468215946 0.022242188453674316
v -0.00030100140720605855 -0.015508328676223758 0.022265625
v 0.0008406776189804079 -0.015488451719284061 0.022289061546325685
v 0.0019778010249137884 -0.015384640693664554 0.02231250047683716
v 0.003104206323623658 -0.015197459459304813 0.022335937023162843
v 0.004213789999485016 -0.014927921295166019 0.022359375953674317
v 0.005300538539886475 -0.01457748889923096 0.0223828125
v 0.00635856330394745 -0.014148057699203494 0.022406249046325682
v 0.007382130026817323 -0.013641958236694339 0.02242968797683716
v 0.008365692496299745 -0.013061932325363162 0.02245312452316284
v 0.009303920865058901 -0.012411121129989626 0.02247656345367432
v 0.010191730260849002 -0.011693054437637332 0.0225
v 0.011024309396743776 -0.010911620855331422 0.022523436546325683
v 0.011797146797180177 -0.010071057081222537 0.022546875476837158
v 0.012506055831909182 -0.00917591691017151 0.022570312023162842
v 0.013147192001342777 -0.008231052160263062 0.022593750953674316
v 0.013717082738876346 -0.007241582274436952 0.0226171875
v 0.01421263933181763 -0.006212869882583619 0.022640624046325684
v 0.014631177186965945 -0.005150489211082459 0.02266406297683716
v 0.014970426559448245 -0.004060197472572327 0.022687499523162843
v 0.015228550434112552 -0.0029479032754898076 0.022710938453674317
v 0.015404149293899539 -0.0018196341395378117 0.022734375
v 0.015496271848678592 -0.0006815042346715928 0.022757811546325685
v 0.015504418611526492 0.00046031881123781215 0.02278125047683716
v 0.015428545475006106 0.0015996472537517551 0.022804687023162844
v 0.015269063711166386 0.002730307281017304 0.022828125953674318
v 0.01502683758735657 0.003846171200275422 0.022851562500000002
v 0.014703179597854617 0.004941192567348481 0.022874999046325683
v 0.014299844503402713 0.006009437441825868 0.022898437976837157
v 0.013819016218185428 0.007045116424560548 0.02292187452316284
v 0.013263301849365238 0.008042616844177248 0.022945313453674315
v 0.012635712623596194 0.00899653434753418 0.02296875
v 0.011939649581909182 0.009901698827743532 0.022992186546325684
v 0.011178884506225588 0.010753204822540285 0.023015625476837158
v 0.010357540845870974 0.01154643774032593 0.023039062023162842
v 0.009480067491531375 0.01227710008621216 0.023062500953674316
v 0.008551221489906313 0.012941231727600101 0.0230859375
v 0.0075760352611541765 0.01353523373603821 0.023109374046325685
v 0.006559793949127198 0.01405588746070862 0.02313281297683716
v 0.005508005023002626 0.014500371217727664 0.023156249523162843
v 0.004426367282867432 0.01486627578735352 0.023179688453674317
v 0.003320742547512055 0.015151618719100955 0.023203125
v 0.0021971227228641515 0.0153548538684845 0.023226561546325682
v 0.0010615964978933337 0.015474879741668704 0.02325000047683716
v -7.968269288539888e-05 0.01551104545593262 0.02327343702316284
v -0.0012205300480127336 0.015463155508041384 0.023296875953674318
v -0.002354763299226761 0.01533146977424622 0.0233203125
v -0.0034762358665466316 0.015116701126098636 0.023343749046325683
v -0.004578870236873628 0.014820014238357547 0.023367187976837157
v -0.0056566917896270765 0.014443016052246096 0.02339062452316284
v -0.006703858971595766 0.013987749814987186 0.023414063453674316
v -0.007714697122573854 0.013456683158874515 0.0234375
v -0.008683728575706484 0.01285269379615784 0.023460936546325684
v -0.00960570275783539 0.01217905402183533 0.02348437547683716
v -0.010475622415542604 0.011439415216445925 0.023507812023162843
v -0.01128877401351929 0.010637785196304324 0.023531250953674317
v -0.012040749788284304 0.009778507351875307 0.0235546875
v -0.012727477550506594 0.008866239786148073 0.023578124046325685
v -0.013345232009887699 0.007905924916267397 0.02360156297683716
v -0.013890669345855715 0.006902767419815064 0.023624999523162844
v -0.014360830783843996 0.0058622026443481455 0.023648438453674318
v -0.014753170013427738 0.004789870679378511 0.023671875000000002
v -0.015065560340881351 0.003691581785678864 0.023695311546325683
v -0.015296308994293215 0.0025732880830764775 0.02371875047683716
v -0.015444165468215946 0.0014410492777824405 0.02374218702316284
v -0.015508328676223758 0.00030100140720605855 0.02376562595367432
v -0.015488451719284061 -0.0008406776189804079 0.0237890625
v -0.015384640693664554 -0.0019778010249137884 0.023812499046325684
v -0.015197459459304813 -0.003104206323623658 0.023835937976837158
v -0.014927921295166019 -0.004213789999485016 0.023859374523162842
v -0.01457748889923096 -0.005300538539886475 0.023882813453674316
v -0.014148057699203494 -0.00635856330394745 0.02390625
v -0.013641958236694339 -0.007382130026817323 0.023929686546325685
v -0.013061932325363162 -0.008365692496299745 0.02395312547683716
v -0.012411121129989626 -0.009303920865058901 0.023976562023162843
v -0.011693054437637332 -0.010191730260849002 0.024000000953674317
v -0.01025728225708008 -0.011635593175888064 0.024000000953674317
v -0.008644750118255617 -0.012878943681716921 0.024000000953674317
v -0.006883244514465333 -0.013900353908538821 0.024000000953674317
v -0.005003121495246888 -0.014682222604751589 0.024000000953674317
v -0.003036781251430512 -0.015211075544357303 0.024000000953674317
v -0.0010181086510419849 -0.015477801561355593 0.024000000953674317
v 0.0010181086510419849 -0.015477801561355593 0.024000000953674317
v 0.003036781251430512 -0.015211075544357303 0.024000000953674317
v 0.005003121495246888 -0.014682222604751589 0.024000000953674317
v 0.006883244514465333 -0.013900353908538821 0.024000000953674317
v 0.008644750118255617 -0.012878943681716921 0.024000000953674317
v 0.01025728225708008 -0.011635593175888064 0.024000000953674317
v 0.011693054437637332 -0.010191730260849002 0.024000000953674317
v 0.010911620855331422 -0.011024309396743776 0.023976562023162843
v 0.010071057081222537 -0.011797146797180177 0.02395312547683716
v 0.00917591691017151 -0.012506055831909182 0.023929686546325685
v 0.008231052160263062 -0.013147192001342777 0.02390625
v 0.007241582274436952 -0.013717082738876346 0.023882813453674316
v 0.006212869882583619 -0.01421263933181763 0.023859374523162842
v 0.005150489211082459 -0.014631177186965945 0.023835937976837158
v 0.004060197472572327 -0.014970426559448245 0.023812499046325684
v 0.0029479032754898076 -0.015228550434112552 0.0237890625
v 0.0018196341395378117 -0.015404149293899539 0.02376562595367432
v 0.0006815042346715928 -0.015496271848678592 0.02374218702316284
v -0.00046031881123781215 -0.015504418611526492 0.02371875047683716
v -0.0015996472537517551 -0.015428545475006106 0.023695311546325683
v -0.002730307281017304 -0.015269063711166386 0.023671875000000002
v -0.003846171200275422 -0.01502683758735657 0.023648438453674318
v -0.004941192567348481 -0.014703179597854617 0.023624999523162844
v -0.006009437441825868 -0.014299844503402713 0.02360156297683716
v -0.007045116424560548 -0.013819016218185428 0.023578124046325685
v -0.008042616844177248 -0.013263301849365238 0.0235546875
v -0.00899653434753418 -0.012635712623596194 0.023531250953674317
v -0.009901698827743532 -0.011939649581909182 0.023507812023162843
v -0.010753204822540285 -0.011178884506225588 0.02348437547683716
v -0.01154643774032593 -0.010357540845870974 0.023460936546325684
v -0.01227710008621216 -0.009480067491531375 0.0234375
v -0.012941231727600101 -0.008551221489906313 0.023414063453674316
v -0.01353523373603821 -0.0075760352611541765 0.02339062452316284
v -0.01405588746070862 -0.006559793949127198 0.023367187976837157
v -0.014500371217727664 -0.005508005023002626 0.023343749046325683
v -0.01486627578735352 -0.004426367282867432 0.0233203125
v -0.015151618719100955 -0.003320742547512055 0.023296875953674318
v -0.0153548538684845 -0.0021971227228641515 0.02327343702316284
v -0.015474879741668704 -0.0010615964978933337 0.02325000047683716
v -0.01551104545593262 7.968269288539888e-05 0.023226561546325682
v -0.015463155508041384 0.0012205300480127336 0.023203125
v -0.01533146977424622 0.002354763299226761 0.023179688453674317
v -0.015116701126098636 0.0034762358665466316 0.023156249523162843
v -0.014820014238357547 0.004578870236873628 0.02313281297683716
v -0.014443016052246096 0.0056566917896270765 0.023109374046325685
v -0.013987749814987186 0.006703858971595766 0.0230859375
v -0.013456683158874515 0.007714697122573854 0.023062500953674316
v -0.01285269379615784 0.008683728575706484 0.023039062023162842
v -0.01217905402183533 0.00960570275783539 0.023015625476837158
v -0.011439415216445925 0.010475622415542604 0.022992186546325684
v -0.010637785196304324 0.01128877401351929 0.02296875
v -0.009778507351875307 0.012040749788284304 0.022945313453674315
v -0.008866239786148073 0.012727477550506594 0.02292187452316284
v -0.007905924916267397 0.013345232009887699 0.022898437976837157
v -0.006902767419815064 0.013890669345855715 0.022874999046325683
v -0.0058622026443481455 0.014360830783843996 0.022851562500000002
v -0.004789870679378511 0.014753170013427738 0.022828125953674318
v -0.003691581785678864 0.015065560340881351 0.022804687023162844
v -0.0025732880830764775 0.015296308994293215 0.02278125047683716
v -0.0014410492777824405 0.015444165468215946 0.022757811546325685
v -0.00030100140720605855 0.015508328676223758 0.022734375
v 0.0008406776189804079 0.015488451719284061 0.022710938453674317
v 0.0019778010249137884 0.015384640693664554 0.022687499523162843
v 0.003104206323623658 0.015197459459304813 0.02266406297683716
v 0.004213789999485016 0.014927921295166019 0.022640624046325684
v 0.005300538539886475 0.01457748889923096 0.0226171875
v 0.00635856330394745 0.014148057699203494 0.022593750953674316
v 0.007382130026817323 0.013641958236694339 0.022570312023162842
v 0.008365692496299745 0.013061932325363162 0.022546875476837158
v 0.009303920865058901 0.012411121129989626 0.022523436546325683
v 0.010191730260849002 0.011693054437637332 0.0225
v 0.011024309396743776 0.010911620855331422 0.02247656345367432
v 0.011797146797180177 0.010071057081222537 0.02245312452316284
v 0.012506055831909182 0.00917591691017151 0.02242968797683716
v 0.013147192001342777 0.008231052160263062 0.022406249046325682
v 0.013717082738876346 0.007241582274436952 0.0223828125
v 0.01421263933181763 0.006212869882583619 0.022359375953674317
v 0.014631177186965945 0.005150489211082459 0.022335937023162843
v 0.014970426559448245 0.004060197472572327 0.02231250047683716
v 0.015228550434112552 0.0029479032754898076 0.022289061546325685
v 0.015404149293899539 0.0018196341395378117 0.022265625
v 0.015496271848678592 0.0006815042346715928 0.022242188453674316
v 0.015504418611526492 -0.00046031881123781215 0.022218749523162842
v 0.015428545475006106 -0.0015996472537517551 0.022195312976837158
v 0.015269063711166386 -0.002730307281017304 0.022171874046325684
v 0.01502683758735657 -0.003846171200275422 0.0221484375
v 0.014703179597854617 -0.004941192567348481 0.022125000953674315
v 0.014299844503402713 -0.006009437441825868 0.02210156202316284
v 0.013819016218185428 -0.007045116424560548 0.022078125476837157
v 0.013263301849365238 -0.008042616844177248 0.022054686546325683
v 0.012635712623596194 -0.00899653434753418 0.02203125
v 0.011939649581909182 -0.009901698827743532 0.022007813453674318
v 0.011178884506225588 -0.010753204822540285 0.021984374523162844
v 0.010357540845870974 -0.01154643774032593 0.02196093797683716
v 0.009480067491531375 -0.01227710008621216 0.021937499046325686
v 0.008551221489906313 -0.012941231727600101 0.0219140625
v 0.0075760352611541765 -0.01353523373603821 0.021890625953674317
v 0.006559793949127198 -0.01405588746070862 0.021867187023162843
v 0.005508005023002626 -0.014500371217727664 0.02184375047683716
v 0.004426367282867432 -0.01486627578735352 0.021820311546325685
v 0.003320742547512055 -0.015151618719100955 0.021796875
v 0.0021971227228641515 -0.0153548538684845 0.021773438453674316
v 0.0010615964978933337 -0.015474879741668704 0.021749999523162842
v -7.968269288539888e-05 -0.01551104545593262 0.021726562976837158
v -0.0012205300480127336 -0.015463155508041384 0.021703124046325684
v -0.002354763299226761 -0.01533146977424622 0.0216796875
v -0.0034762358665466316 -0.015116701126098636 0.02165625095367432
v -0.004578870236873628 -0.014820014238357547 0.02163281202316284
v -0.0056566917896270765 -0.014443016052246096 0.02160937547683716
v -0.006703858971595766 -0.013987749814987186 0.021585936546325683
v -0.007714697122573854 -0.013456683158874515 0.021562500000000002
v -0.008683728575706484 -0.01285269379615784 0.021539063453674318
v -0.00960570275783539 -0.01217905402183533 0.021515624523162843
v -0.010475622415542604 -0.011439415216445925 0.02149218797683716
v -0.01128877401351929 -0.010637785196304324 0.021468749046325685
v -0.012040749788284304 -0.009778507351875307 0.0214453125
v -0.012727477550506594 -0.008866239786148073 0.021421875953674317
v -0.013345232009887699 -0.007905924916267397 0.021398437023162842
v -0.013890669345855715 -0.006902767419815064 0.021375000476837158
v -0.014360830783843996 -0.0058622026443481455 0.021351561546325684
v -0.014753170013427738 -0.004789870679378511 0.021328125
v -0.015065560340881351 -0.003691581785678864 0.021304688453674316
v -0.015296308994293215 -0.0025732880830764775 0.02128124952316284
v -0.015444165468215946 -0.0014410492777824405 0.021257812976837157
v -0.015508328676223758 -0.00030100140720605855 0.021234374046325683
v -0.015488451719284061 0.0008406776189804079 0.0212109375
v -0.015384640693664554 0.0019778010249137884 0.021187500953674318
v -0.015197459459304813 0.003104206323623658 0.02116406202316284
v -0.014927921295166019 0.004213789999485016 0.02114062547683716
v -0.01457748889923096 0.005300538539886475 0.021117186546325686
v -0.014148057699203494 0.00635856330394745 0.02109375
v -0.013641958236694339 0.007382130026817323 0.021070313453674317
v -0.013061932325363162 0.008365692496299745 0.021046874523162843
v -0.012411121129989626 0.009303920865058901 0.02102343797683716
v -0.011693054437637332 0.010191730260849002 0.020999999046325685
v -0.010911620855331422 0.011024309396743776 0.0209765625
v -0.010071057081222537 0.011797146797180177 0.020953125953674316
v -0.00917591691017151 0.012506055831909182 0.020929687023162842
v -0.008231052160263062 0.013147192001342777 0.020906250476837158
v -0.007241582274436952 0.013717082738876346 0.020882811546325684
v -0.006212869882583619 0.01421263933181763 0.020859375
v -0.005150489211082459 0.014631177186965945 0.020835938453674315
v -0.004060197472572327 0.014970426559448245 0.02081249952316284
v -0.0029479032754898076 0.015228550434112552 0.02078906297683716
v -0.0018196341395378117 0.015404149293899539 0.020765624046325683
v -0.0006815042346715928 0.015496271848678592 0.020742187500000002
v 0.00046031881123781215 0.015504418611526492 0.020718750953674318
v 0.0015996472537517551 0.015428545475006106 0.020695312023162844
v 0.002730307281017304 0.015269063711166386 0.02067187547683716
v 0.003846171200275422 0.01502683758735657 0.020648436546325685
v 0.004941192567348481 0.014703179597854617 0.020625
v 0.006009437441825868 0.014299844503402713 0.020601563453674317
v 0.007045116424560548 0.013819016218185428 0.020578124523162843
v 0.008042616844177248 0.013263301849365238 0.02055468797683716
v 0.00899653434753418 0.012635712623596194 0.020531249046325684
v 0.009901698827743532 0.011939649581909182 0.0205078125
v 0.010753204822540285 0.011178884506225588 0.020484375953674316
v 0.01154643774032593 0.010357540845870974 0.02046093702316284
v 0.01227710008621216 0.009480067491531375 0.020437500476837157
v 0.012941231727600101 0.008551221489906313 0.020414061546325683
v 0.01353523373603821 0.0075760352611541765 0.020390625
v 0.01405588746070862 0.006559793949127198 0.020367188453674318
v 0.014500371217727664 0.005508005023002626 0.02034374952316284
v 0.01486627578735352 0.004426367282867432 0.02032031297683716
v 0.015151618719100955 0.003320742547512055 0.020296874046325682
v 0.0153548538684845 0.0021971227228641515 0.0202734375
v 0.015474879741668704 0.0010615964978933337 0.020250000953674317
v 0.01551104545593262 -7.968269288539888e-05 0.020226562023162843
v 0.015463155508041384 -0.0012205300480127336 0.02020312547683716
v 0.01533146977424622 -0.002354763299226761 0.020179686546325685
v 0.015116701126098636 -0.0034762358665466316 0.02015625
v 0.014820014238357547 -0.004578870236873628 0.020132813453674316
v 0.014443016052246096 -0.0056566917896270765 0.020109374523162842
v 0.013987749814987186 -0.006703858971595766 0.020085937976837158
v 0.013456683158874515 -0.007714697122573854 0.020062499046325684
v 0.01285269379615784 -0.008683728575706484 0.0200390625
v 0.01217905402183533 -0.00960570275783539 0.020015625953674315
v 0.011439415216445925 -0.010475622415542604 0.01999218702316284
v 0.010637785196304324 -0.01128877401351929 0.019968750476837157
v 0.009778507351875307 -0.012040749788284304 0.01994531273841858
v 0.008866239786148073 -0.012727477550506594 0.019921875000000002
v 0.007905924916267397 -0.013345232009887699 0.01989843726158142
v 0.006902767419815064 -0.013890669345855715 0.019874999523162844
v 0.0058622026443481455 -0.014360830783843996 0.01985156297683716
v 0.004789870679378511 -0.014753170013427738 0.01982812523841858
v 0.003691581785678864 -0.015065560340881351 0.0198046875
v 0.0025732880830764775 -0.015296308994293215 0.01978124976158142
v 0.0014410492777824405 -0.015444165468215946 0.019757812023162843
v 0.00030100140720605855 -0.015508328676223758 0.01973437547683716
v -0.0008406776189804079 -0.015488451719284061 0.01971093773841858
v -0.0019778010249137884 -0.015384640693664554 0.0196875
v -0.003104206323623658 -0.015197459459304813 0.019664062261581423
v -0.004213789999485016 -0.014927921295166019 0.019640624523162842
v -0.005300538539886475 -0.01457748889923096 0.019617187976837158
v -0.00635856330394745 -0.014148057699203494 0.01959375023841858
v -0.007382130026817323 -0.013641958236694339 0.0195703125
v -0.008365692496299745 -0.013061932325363162 0.01954687476158142
v -0.009303920865058901 -0.012411121129989626 0.01952343702316284
v -0.010191730260849002 -0.011693054437637332 0.01950000047683716
v -0.011024309396743776 -0.010911620855331422 0.01947656273841858
v -0.011797146797180177 -0.010071057081222537 0.019453125
v -0.012506055831909182 -0.00917591691017151 0.01942968726158142
v -0.013147192001342777 -0.008231052160263062 0.019406249523162843
v -0.013717082738876346 -0.007241582274436952 0.01938281297683716
v -0.01421263933181763 -0.006212869882583619 0.019359375238418578
v -0.014631177186965945 -0.005150489211082459 0.0193359375
v -0.014970426559448245 -0.004060197472572327 0.01931249976158142
v -0.015228550434112552 -0.0029479032754898076 0.019289062023162842
v -0.015404149293899539 -0.0018196341395378117 0.019265625476837158
v -0.015496271848678592 -0.0006815042346715928 0.01924218773841858
v -0.015504418611526492 0.00046031881123781215 0.01921875
v -0.015428545475006106 0.0015996472537517551 0.019195312261581422
v -0.015269063711166386 0.002730307281017304 0.01917187452316284
v -0.01502683758735657 0.003846171200275422 0.019148437976837157
v -0.014703179597854617 0.004941192567348481 0.01912500023841858
v -0.014299844503402713 0.006009437441825868 0.0191015625
v -0.013819016218185428 0.007045116424560548 0.01907812476158142
v -0.013263301849365238 0.008042616844177248 0.019054687023162844
v -0.012635712623596194 0.00899653434753418 0.01903125047683716
v -0.011939649581909182 0.009901698827743532 0.01900781273841858
v -0.011178884506225588 0.010753204822540285 0.018984375
v -0.010357540845870974 0.01154643774032593 0.01896093726158142
v -0.009480067491531375 0.01227710008621216 0.018937499523162843
v -0.008551221489906313 0.012941231727600101 0.01891406297683716
v -0.0075760352611541765 0.01353523373603821 0.01889062523841858
v -0.006559793949127198 0.01405588746070862 0.0188671875
v -0.005508005023002626 0.014500371217727664 0.018843749761581423
v -0.004426367282867432 0.01486627578735352 0.018820312023162842
v -0.003320742547512055 0.015151618719100955 0.018796875476837158
v -0.0021971227228641515 0.0153548538684845 0.01877343773841858
v -0.0010615964978933337 0.015474879741668704 0.01875
v 7.968269288539888e-05 0.01551104545593262 0.018726562261581422
v 0.0012205300480127336 0.015463155508041384 0.01870312452316284
v 0.002354763299226761 0.01533146977424622 0.01867968797683716
v 0.0034762358665466316 0.015116701126098636 0.01865625023841858
v 0.004578870236873628 0.014820014238357547 0.018632812500000002
v 0.0056566917896270765 0.014443016052246096 0.01860937476158142
v 0.006703858971595766 0.013987749814987186 0.018585937023162843
v 0.007714697122573854 0.013456683158874515 0.01856250047683716
v 0.008683728575706484 0.01285269379615784 0.01853906273841858
v 0.00960570275783539 0.01217905402183533 0.018515625
v 0.010475622415542604 0.011439415216445925 0.01849218726158142
v 0.01128877401351929 0.010637785196304324 0.018468749523162842
v 0.012040749788284304 0.009778507351875307 0.018445312976837158
v 0.012727477550506594 0.008866239786148073 0.01842187523841858
v 0.013345232009887699 0.007905924916267397 0.0183984375
v 0.013890669345855715 0.006902767419815064 0.018374999761581422
v 0.014360830783843996 0.0058622026443481455 0.01835156202316284
v 0.014753170013427738 0.004789870679378511 0.018328125476837157
v 0.015065560340881351 0.003691581785678864 0.01830468773841858
v 0.015296308994293215 0.0025732880830764775 0.01828125
v 0.015444165468215946 0.0014410492777824405 0.01825781226158142
v 0.015508328676223758 0.00030100140720605855 0.01823437452316284
v 0.015488451719284061 -0.0008406776189804079 0.01821093797683716
v 0.015384640693664554 -0.0019778010249137884 0.01818750023841858
v 0.015197459459304813 -0.003104206323623658 0.0181640625
v 0.014927921295166019 -0.004213789999485016 0.01814062476158142
v 0.01457748889923096 -0.005300538539886475 0.018117187023162843
v 0.014148057699203494 -0.00635856330394745 0.01809375047683716
v 0.013641958236694339 -0.007382130026817323 0.018070312738418578
v 0.013061932325363162 -0.008365692496299745 0.018046875
v 0.012411121129989626 -0.009303920865058901 0.018023437261581423
v 0.011693054437637332 -0.010191730260849002 0.017999999523162842
v 0.010911620855331422 -0.011024309396743776 0.017976562976837158
v 0.010071057081222537 -0.011797146797180177 0.01795312523841858
v 0.00917591691017151 -0.012506055831909182 0.0179296875
v 0.008231052160263062 -0.013147192001342777 0.017906249761581422
v 0.007241582274436952 -0.013717082738876346 0.01788281202316284
v 0.006212869882583619 -0.01421263933181763 0.01785937547683716
v 0.005150489211082459 -0.014631177186965945 0.01783593773841858
v 0.004060197472572327 -0.014970426559448245 0.017812500000000002
v 0.0029479032754898076 -0.015228550434112552 0.01778906226158142
v 0.0018196341395378117 -0.015404149293899539 0.017765624523162844
v 0.0006815042346715928 -0.015496271848678592 0.01774218797683716
v -0.00046031881123781215 -0.015504418611526492 0.01771875023841858
v -0.0015996472537517551 -0.015428545475006106 0.0176953125
v -0.002730307281017304 -0.015269063711166386 0.01767187476158142
v -0.003846171200275422 -0.01502683758735657 0.017648437023162843
v -0.004941192567348481 -0.014703179597854617 0.01762500047683716
v -0.006009437441825868 -0.014299844503402713 0.01760156273841858
v -0.007045116424560548 -0.013819016218185428 0.017578125
v -0.008042616844177248 -0.013263301849365238 0.017554687261581423
v -0.00899653434753418 -0.012635712623596194 0.01753124952316284
v -0.009901698827743532 -0.011939649581909182 0.017507812976837157
v -0.010753204822540285 -0.011178884506225588 0.01748437523841858
v -0.01154643774032593 -0.010357540845870974 0.0174609375
v -0.01227710008621216 -0.009480067491531375 0.01743749976158142
v -0.012941231727600101 -0.008551221489906313 0.01741406202316284
v -0.01353523373603821 -0.0075760352611541765 0.01739062547683716
v -0.01405588746070862 -0.006559793949127198 0.01736718773841858
v -0.014500371217727664 -0.005508005023002626 0.01734375
v -0.01486627578735352 -0.004426367282867432 0.01732031226158142
v -0.015151618719100955 -0.003320742547512055 0.017296874523162843
v -0.0153548538684845 -0.0021971227228641515 0.01727343797683716
v -0.015474879741668704 -0.0010615964978933337 0.017250000238418578
v -0.01551104545593262 7.968269288539888e-05 0.0172265625
v -0.015463155508041384 0.0012205300480127336 0.01720312476158142
v -0.01533146977424622 0.002354763299226761 0.017179687023162842
v -0.015116701126098636 0.0034762358665466316 0.017156250476837158
v -0.014820014238357547 0.004578870236873628 0.01713281273841858
v -0.014443016052246096 0.0056566917896270765 0.017109375
v -0.013987749814987186 0.006703858971595766 0.017085937261581422
v -0.013456683158874515 0.007714697122573854 0.01706249952316284
v -0.01285269379615784 0.008683728575706484 0.017039062976837157
v -0.01217905402183533 0.00960570275783539 0.01701562523841858
v -0.011439415216445925 0.010475622415542604 0.016992187500000002
v -0.010637785196304324 0.01128877401351929 0.01696874976158142
v -0.009778507351875307 0.012040749788284304 0.016945312023162844
v -0.008866239786148073 0.012727477550506594 0.01692187547683716
v -0.007905924916267397 0.013345232009887699 0.01689843773841858
v -0.006902767419815064 0.013890669345855715 0.016875
v -0.0058622026443481455 0.014360830783843996 0.01685156226158142
v -0.004789870679378511 0.014753170013427738 0.016828124523162843
v -0.003691581785678864 0.015065560340881351 0.01680468797683716
v -0.0025732880830764775 0.015296308994293215 0.01678125023841858
v -0.0014410492777824405 0.015444165468215946 0.0167578125
v -0.00030100140720605855 0.015508328676223758 0.016734374761581423
v 0.0008406776189804079 0.015488451719284061 0.016710937023162842
v 0.0019778010249137884 0.015384640693664554 0.016687500476837158
v 0.003104206323623658 0.015197459459304813 0.01666406273841858
v 0.004213789999485016 0.014927921295166019 0.016640625
v 0.005300538539886475 0.01457748889923096 0.01661718726158142
v 0.00635856330394745 0.014148057699203494 0.01659374952316284
v 0.007382130026817323 0.013641958236694339 0.01657031297683716
v 0.008365692496299745 0.013061932325363162 0.01654687523841858
v 0.009303920865058901 0.012411121129989626 0.0165234375
v 0.010191730260849002 0.011693054437637332 0.01649999976158142
v 0.011024309396743776 0.010911620855331422 0.016476562023162843
v 0.011797146797180177 0.010071057081222537 0.01645312547683716
v 0.012506055831909182 0.00917591691017151 0.016429687738418578
v 0.013147192001342777 0.008231052160263062 0.01640625
v 0.013717082738876346 0.007241582274436952 0.01638281226158142
v 0.01421263933181763 0.006212869882583619 0.016359374523162842
v 0.014631177186965945 0.005150489211082459 0.016335937976837158
v 0.014970426559448245 0.004060197472572327 0.01631250023841858
v 0.015228550434112552 0.0029479032754898076 0.0162890625
v 0.015404149293899539 0.0018196341395378117 0.016265624761581422
v 0.015496271848678592 0.0006815042346715928 0.01624218702316284
v 0.015504418611526492 -0.00046031881123781215 0.016218750476837157
v 0.015428545475006106 -0.0015996472537517551 0.01619531273841858
v 0.015269063711166386 -0.002730307281017304 0.016171875
v 0.01502683758735657 -0.003846171200275422 0.01614843726158142
v 0.014703179597854617 -0.004941192567348481 0.01612499952316284
v 0.014299844503402713 -0.006009437441825868 0.01610156297683716
v 0.013819016218185428 -0.007045116424560548 0.01607812523841858
v 0.013263301849365238 -0.008042616844177248 0.0160546875
v 0.012635712623596194 -0.00899653434753418 0.01603124976158142
v 0.011939649581909182 -0.009901698827743532 0.016007812023162843
v 0.011178884506225588 -0.010753204822540285 0.01598437547683716
v 0.010357540845870974 -0.01154643774032593 0.015960937738418578
v 0.009480067491531375 -0.01227710008621216 0.0159375
v 0.008551221489906313 -0.012941231727600101 0.015914062261581423
v 0.0075760352611541765 -0.01353523373603821 0.015890624523162842
v 0.006559793949127198 -0.01405588746070862 0.015867187976837158
v 0.005508005023002626 -0.014500371217727664 0.01584375023841858
v 0.004426367282867432 -0.01486627578735352 0.0158203125
v 0.003320742547512055 -0.015151618719100955 0.015796874761581422
v 0.0021971227228641515 -0.0153548538684845 0.01577343702316284
v 0.0010615964978933337 -0.015474879741668704 0.01575000047683716
v -7.968269288539888e-05 -0.01551104545593262 0.01572656273841858
v -0.0012205300480127336 -0.015463155508041384 0.015703125000000002
v -0.002354763299226761 -0.01533146977424622 0.01567968726158142
v -0.0034762358665466316 -0.015116701126098636 0.015656249523162843
v -0.004578870236873628 -0.014820014238357547 0.01563281297683716
v -0.0056566917896270765 -0.014443016052246096 0.01560937523841858
v -0.006703858971595766 -0.013987749814987186 0.0155859375
v -0.007714697122573854 -0.013456683158874515 0.015562499761581422
v -0.008683728575706484 -0.01285269379615784 0.015539062023162842
v -0.00960570275783539 -0.01217905402183533 0.015515625476837158
v -0.010475622415542604 -0.011439415216445925 0.015492187738418579
v -0.01128877401351929 -0.010637785196304324 0.01546875
v -0.012040749788284304 -0.009778507351875307 0.01544531226158142
v -0.012727477550506594 -0.008866239786148073 0.015421874523162842
v -0.013345232009887699 -0.007905924916267397 0.015398437976837159
v -0.013890669345855715 -0.006902767419815064 0.01537500023841858
v -0.014360830783843996 -0.0058622026443481455 0.0153515625
v -0.014753170013427738 -0.004789870679378511 0.015328124761581421
v -0.015065560340881351 -0.003691581785678864 0.015304687023162842
v -0.015296308994293215 -0.0025732880830764775 0.015281250476837158
v -0.015444165468215946 -0.0014410492777824405 0.015257812738418579
v -0.015508328676223758 -0.00030100140720605855 0.015234375
v -0.015488451719284061 0.0008406776189804079 0.01521093726158142
v -0.015384640693664554 0.0019778010249137884 0.015187499523162841
v -0.015197459459304813 0.003104206323623658 0.015164062976837159
v -0.014927921295166019 0.004213789999485016 0.01514062523841858
v -0.01457748889923096 0.005300538539886475 0.0151171875
v -0.014148057699203494 0.00635856330394745 0.015093749761581421
v -0.013641958236694339 0.007382130026817323 0.015070312023162842
v -0.013061932325363162 0.008365692496299745 0.015046875476837158
v -0.012411121129989626 0.009303920865058901 0.015023437738418579
v -0.011693054437637332 0.010191730260849002 0.015
v -0.010911620855331422 0.011024309396743776 0.014976562261581422
v -0.010071057081222537 0.011797146797180177 0.014953124523162843
v -0.00917591691017151 0.012506055831909182 0.014929687976837159
v -0.008231052160263062 0.013147192001342777 0.01490625023841858
v -0.007241582274436952 0.013717082738876346 0.0148828125
v -0.006212869882583619 0.01421263933181763 0.014859374761581421
v -0.005150489211082459 0.014631177186965945 0.014835937023162842
v -0.004060197472572327 0.014970426559448245 0.01481250047683716
v -0.0029479032754898076 0.015228550434112552 0.01478906273841858
v -0.0018196341395378117 0.015404149293899539 0.014765625000000001
v -0.0006815042346715928 0.015496271848678592 0.014742187261581422
v 0.00046031881123781215 0.015504418611526492 0.014718749523162843
v 0.0015996472537517551 0.015428545475006106 0.014695312976837158
v 0.002730307281017304 0.015269063711166386 0.01467187523841858
v 0.003846171200275422 0.01502683758735657 0.0146484375
v 0.004941192567348481 0.014703179597854617 0.01462499976158142
v 0.006009437441825868 0.014299844503402713 0.014601562023162842
v 0.007045116424560548 0.013819016218185428 0.014578125476837159
v 0.008042616844177248 0.013263301849365238 0.01455468773841858
v 0.00899653434753418 0.012635712623596194 0.01453125
v 0.009901698827743532 0.011939649581909182 0.014507812261581422
v 0.010753204822540285 0.011178884506225588 0.014484374523162842
v 0.01154643774032593 0.010357540845870974 0.014460937976837158
v 0.01227710008621216 0.009480067491531375 0.014437500238418579
v 0.012941231727600101 0.008551221489906313 0.0144140625
v 0.01353523373603821 0.0075760352611541765 0.01439062476158142
v 0.01405588746070862 0.006559793949127198 0.014367187023162841
v 0.014500371217727664 0.005508005023002626 0.014343750476837159
v 0.01486627578735352 0.004426367282867432 0.01432031273841858
v 0.015151618719100955 0.003320742547512055 0.014296875
v 0.0153548538684845 0.0021971227228641515 0.014273437261581421
v 0.015474879741668704 0.0010615964978933337 0.014249999523162842
v 0.01551104545593262 -7.968269288539888e-05 0.014226562976837158
v 0.015463155508041384 -0.0012205300480127336 0.014203125238418579
v 0.01533146977424622 -0.002354763299226761 0.0141796875
v 0.015116701126098636 -0.0034762358665466316 0.01415624976158142
v 0.014820014238357547 -0.004578870236873628 0.014132812023162841
v 0.014443016052246096 -0.0056566917896270765 0.014109375476837159
v 0.013987749814987186 -0.006703858971595766 0.01408593773841858
v 0.013456683158874515 -0.007714697122573854 0.0140625
v 0.01285269379615784 -0.008683728575706484 0.014039062261581421
v 0.01217905402183533 -0.00960570275783539 0.014015624523162842
v 0.011439415216445925 -0.010475622415542604 0.013992187976837158
v 0.010637785196304324 -0.01128877401351929 0.013968750238418579
v 0.009778507351875307 -0.012040749788284304 0.013945312500000001
v 0.008866239786148073 -0.012727477550506594 0.013921874761581422
v 0.007905924916267397 -0.013345232009887699 0.013898437023162843
v 0.006902767419815064 -0.013890669345855715 0.013875000476837158
v 0.0058622026443481455 -0.014360830783843996 0.01385156273841858
v 0.004789870679378511 -0.014753170013427738 0.013828125
v 0.003691581785678864 -0.015065560340881351 0.013804687261581421
v 0.0025732880830764775 -0.015296308994293215 0.013781249523162842
v 0.0014410492777824405 -0.015444165468215946 0.01375781297683716
v 0.00030100140720605855 -0.015508328676223758 0.01373437523841858
v -0.0008406776189804079 -0.015488451719284061 0.013710937500000001
v -0.0019778010249137884 -0.015384640693664554 0.013687499761581422
v -0.003104206323623658 -0.015197459459304813 0.013664062023162843
v -0.004213789999485016 -0.014927921295166019 0.013640625476837158
v -0.005300538539886475 -0.01457748889923096 0.013617187738418579
v -0.00635856330394745 -0.014148057699203494 0.01359375
v -0.007382130026817323 -0.013641958236694339 0.01357031226158142
v -0.008365692496299745 -0.013061932325363162 0.013546874523162842
v -0.009303920865058901 -0.012411121129989626 0.013523437976837159
v -0.010191730260849002 -0.011693054437637332 0.01350000023841858
v -0.011024309396743776 -0.010911620855331422 0.0134765625
v -0.011797146797180177 -0.010071057081222537 0.013453124761581422
v -0.012506055831909182 -0.00917591691017151 0.013429687023162842
v -0.013147192001342777 -0.008231052160263062 0.013406250476837158
v -0.013717082738876346 -0.007241582274436952 0.013382812738418579
v -0.01421263933181763 -0.006212869882583619 0.013359375
v -0.014631177186965945 -0.005150489211082459 0.01333593726158142
v -0.014970426559448245 -0.004060197472572327 0.013312499523162841
v -0.015228550434112552 -0.0029479032754898076 0.013289062976837159
v -0.015404149293899539 -0.0018196341395378117 0.01326562523841858
v -0.015496271848678592 -0.0006815042346715928 0.0132421875
v -0.015504418611526492 0.00046031881123781215 0.013218749761581421
v -0.015428545475006106 0.0015996472537517551 0.013195312023162842
v -0.015269063711166386 0.002730307281017304 0.013171875476837158
v -0.01502683758735657 0.003846171200275422 0.013148437738418579
v -0.014703179597854617 0.004941192567348481 0.013125
v -0.014299844503402713 0.006009437441825868 0.01310156226158142
v -0.013819016218185428 0.007045116424560548 0.013078124523162843
v -0.013263301849365238 0.008042616844177248 0.013054687976837159
v -0.012635712623596194 0.00899653434753418 0.01303125023841858
v -0.011939649581909182 0.009901698827743532 0.0130078125
v -0.011178884506225588 0.010753204822540285 0.012984374761581421
v -0.010357540845870974 0.01154643774032593 0.012960937023162842
v -0.009480067491531375 0.01227710008621216 0.012937500476837158
v -0.008551221489906313 0.012941231727600101 0.01291406273841858
v -0.0075760352611541765 0.01353523373603821 0.012890625000000001
v -0.006559793949127198 0.01405588746070862 0.012867187261581422
v -0.005508005023002626 0.014500371217727664 0.012843749523162843
v -0.004426367282867432 0.01486627578735352 0.012820312976837158
v -0.003320742547512055 0.015151618719100955 0.01279687523841858
v -0.0021971227228641515 0.0153548538684845 0.0127734375
v -0.0010615964978933337 0.015474879741668704 0.012749999761581421
v 7.968269288539888e-05 0.01551104545593262 0.012726562023162842
v 0.0012205300480127336 0.015463155508041384 0.01270312547683716
v 0.002354763299226761 0.01533146977424622 0.01267968773841858
v 0.0034762358665466316 0.015116701126098636 0.01265625
v 0.004578870236873628 0.014820014238357547 0.012632812261581422
v 0.0056566917896270765 0.014443016052246096 0.012609374523162842
v 0.006703858971595766 0.013987749814987186 0.012585937976837158
v 0.007714697122573854 0.013456683158874515 0.012562500238418579
v 0.008683728575706484 0.01285269379615784 0.0125390625
v 0.00960570275783539 0.01217905402183533 0.01251562476158142
v 0.010475622415542604 0.011439415216445925 0.012492187023162842
v 0.01128877401351929 0.010637785196304324 0.012468750476837159
v 0.012040749788284304 0.009778507351875307 0.01244531273841858
v 0.012727477550506594 0.008866239786148073 0.012421875
v 0.013345232009887699 0.007905924916267397 0.012398437261581421
v 0.013890669345855715 0.006902767419815064 0.012374999523162842
v 0.014360830783843996 0.0058622026443481455 0.012351562976837158
v 0.014753170013427738 0.004789870679378511 0.012328125238418579
v 0.015065560340881351 0.003691581785678864 0.0123046875
v 0.015296308994293215 0.0025732880830764775 0.01228124976158142
v 0.015444165468215946 0.0014410492777824405 0.012257812023162841
v 0.015508328676223758 0.00030100140720605855 0.012234375476837159
v 0.015488451719284061 -0.0008406776189804079 0.01221093773841858
v 0.015384640693664554 -0.0019778010249137884 0.0121875
v 0.015197459459304813 -0.003104206323623658 0.012164062261581421
v 0.014927921295166019 -0.004213789999485016 0.012140624523162842
v 0.01457748889923096 -0.005300538539886475 0.012117187976837158
v 0.014148057699203494 -0.00635856330394745 0.012093750238418579
v 0.013641958236694339 -0.007382130026817323 0.0120703125
v 0.013061932325363162 -0.008365692496299745 0.012046874761581422
v 0.012411121129989626 -0.009303920865058901 0.012023437023162843
v 0.011693054437637332 -0.010191730260849002 0.012000000476837159
v 0.010911620855331422 -0.011024309396743776 0.01197656273841858
v 0.010071057081222537 -0.011797146797180177 0.011953125
v 0.00917591691017151 -0.012506055831909182 0.011929687261581421
v 0.008231052160263062 -0.013147192001342777 0.011906249523162842
v 0.007241582274436952 -0.013717082738876346 0.01188281297683716
v 0.006212869882583619 -0.01421263933181763 0.01185937523841858
v 0.005150489211082459 -0.014631177186965945 0.011835937500000001
v 0.004060197472572327 -0.014970426559448245 0.011812499761581422
v 0.0029479032754898076 -0.015228550434112552 0.011789062023162843
v 0.0018196341395378117 -0.015404149293899539 0.011765625476837158
v 0.0006815042346715928 -0.015496271848678592 0.01174218773841858
v -0.00046031881123781215 -0.015504418611526492 0.01171875
v -0.0015996472537517551 -0.015428545475006106 0.01169531226158142
v -0.002730307281017304 -0.015269063711166386 0.011671874523162842
v -0.003846171200275422 -0.01502683758735657 0.011648437976837159
v -0.004941192567348481 -0.014703179597854617 0.01162500023841858
v -0.006009437441825868 -0.014299844503402713 0.0116015625
v -0.007045116424560548 -0.013819016218185428 0.011578124761581422
v -0.008042616844177248 -0.013263301849365238 0.011554687023162842
v -0.00899653434753418 -0.012635712623596194 0.011531250476837158
v -0.009901698827743532 -0.011939649581909182 0.011507812738418579
v -0.010753204822540285 -0.011178884506225588 0.011484375
v -0.01154643774032593 -0.010357540845870974 0.01146093726158142
v -0.01227710008621216 -0.009480067491531375 0.011437499523162841
v -0.012941231727600101 -0.008551221489906313 0.011414062976837159
v -0.01353523373603821 -0.0075760352611541765 0.01139062523841858
v -0.01405588746070862 -0.006559793949127198 0.0113671875
v -0.014500371217727664 -0.005508005023002626 0.011343749761581421
v -0.01486627578735352 -0.004426367282867432 0.011320312023162842
v -0.015151618719100955 -0.003320742547512055 0.011296875476837158
v -0.0153548538684845 -0.0021971227228641515 0.011273437738418579
v -0.015474879741668704 -0.0010615964978933337 0.01125
v -0.01551104545593262 7.968269288539888e-05 0.01122656226158142
v -0.015463155508041384 0.0012205300480127336 0.011203124523162841
v -0.01533146977424622 0.002354763299226761 0.011179687976837159
v -0.015116701126098636 0.0034762358665466316 0.01115625023841858
v -0.014820014238357547 0.004578870236873628 0.0111328125
v -0.014443016052246096 0.0056566917896270765 0.011109374761581421
v -0.013987749814987186 0.006703858971595766 0.011085937023162842
v -0.013456683158874515 0.007714697122573854 0.011062500476837158
v -0.01285269379615784 0.008683728575706484 0.011039062738418579
v -0.01217905402183533 0.00960570275783539 0.011015625
v -0.011439415216445925 0.010475622415542604 0.010992187261581422
v -0.010637785196304324 0.01128877401351929 0.010968749523162843
v -0.009778507351875307 0.012040749788284304 0.010945312976837158
v -0.008866239786148073 0.012727477550506594 0.01092187523841858
v -0.007905924916267397 0.013345232009887699 0.0108984375
v -0.006902767419815064 0.013890669345855715 0.010874999761581421
v -0.0058622026443481455 0.014360830783843996 0.010851562023162842
v -0.004789870679378511 0.014753170013427738 0.01082812547683716
v -0.003691581785678864 0.015065560340881351 0.01080468773841858
v -0.0025732880830764775 0.015296308994293215 0.010781250000000001
v -0.0014410492777824405 0.015444165468215946 0.010757812261581422
v -0.00030100140720605855 0.015508328676223758 0.010734374523162843
v 0.0008406776189804079 0.015488451719284061 0.010710937976837158
v 0.0019778010249137884 0.015384640693664554 0.010687500238418579
v 0.003104206323623658 0.015197459459304813 0.0106640625
v 0.004213789999485016 0.014927921295166019 0.01064062476158142
v 0.005300538539886475 0.01457748889923096 0.010617187023162842
v 0.00635856330394745 0.014148057699203494 0.010593750476837159
v 0.007382130026817323 0.013641958236694339 0.01057031273841858
v 0.008365692496299745 0.013061932325363162 0.010546875
v 0.009303920865058901 0.012411121129989626 0.010523437261581422
v 0.010191730260849002 0.011693054437637332 0.010499999523162842
v 0.011024309396743776 0.010911620855331422 0.010476562976837158
v 0.011797146797180177 0.010071057081222537 0.010453125238418579
v 0.012506055831909182 0.00917591691017151 0.0104296875
v 0.013147192001342777 0.008231052160263062 0.01040624976158142
v 0.013717082738876346 0.007241582274436952 0.010382812023162841
v 0.01421263933181763 0.006212869882583619 0.010359375476837159
v 0.014631177186965945 0.005150489211082459 0.01033593773841858
v 0.014970426559448245 0.004060197472572327 0.0103125
v 0.015228550434112552 0.0029479032754898076 0.010289062261581421
v 0.015404149293899539 0.0018196341395378117 0.010265624523162842
v 0.015496271848678592 0.0006815042346715928 0.010242187976837158
v 0.015504418611526492 -0.00046031881123781215 0.010218750238418579
v 0.015428545475006106 -0.0015996472537517551 0.0101953125
v 0.015269063711166386 -0.002730307281017304 0.01017187476158142
v 0.01502683758735657 -0.003846171200275422 0.010148437023162841
v 0.014703179597854617 -0.004941192567348481 0.010125000476837159
v 0.014299844503402713 -0.006009437441825868 0.01010156273841858
v 0.013819016218185428 -0.007045116424560548 0.010078125
v 0.013263301849365238 -0.008042616844177248 0.010054687261581421
v 0.012635712623596194 -0.00899653434753418 0.010031249523162842
v 0.011939649581909182 -0.009901698827743532 0.010007812976837158
v 0.011178884506225588 -0.010753204822540285 0.009984375238418578
v 0.010357540845870974 -0.01154643774032593 0.009960937500000001
v 0.009480067491531375 -0.01227710008621216 0.009937499761581422
v 0.008551221489906313 -0.012941231727600101 0.00991406261920929
v 0.0075760352611541765 -0.01353523373603821 0.00989062488079071
v 0.006559793949127198 -0.01405588746070862 0.00986718773841858
v 0.005508005023002626 -0.014500371217727664 0.00984375
v 0.004426367282867432 -0.01486627578735352 0.009820312261581421
v 0.003320742547512055 -0.015151618719100955 0.00979687511920929
v 0.0021971227228641515 -0.0153548538684845 0.00977343738079071
v 0.0010615964978933337 -0.015474879741668704 0.00975000023841858
v -7.968269288539888e-05 -0.01551104545593262 0.0097265625
v -0.0012205300480127336 -0.015463155508041384 0.009703124761581422
v -0.002354763299226761 -0.01533146977424622 0.009679687619209289
v -0.0034762358665466316 -0.015116701126098636 0.00965624988079071
v -0.004578870236873628 -0.014820014238357547 0.009632812738418579
v -0.0056566917896270765 -0.014443016052246096 0.009609375
v -0.006703858971595766 -0.013987749814987186 0.00958593726158142
v -0.007714697122573854 -0.013456683158874515 0.00956250011920929
v -0.008683728575706484 -0.01285269379615784 0.00953906238079071
v -0.00960570275783539 -0.01217905402183533 0.00951562523841858
v -0.010475622415542604 -0.011439415216445925 0.0094921875
v -0.01128877401351929 -0.010637785196304324 0.009468749761581421
v -0.012040749788284304 -0.009778507351875307 0.00944531261920929
v -0.012727477550506594 -0.008866239786148073 0.009421874880790711
v -0.013345232009887699 -0.007905924916267397 0.009398437738418579
v -0.013890669345855715 -0.006902767419815064 0.009375
v -0.014360830783843996 -0.0058622026443481455 0.00935156226158142
v -0.014753170013427738 -0.004789870679378511 0.00932812511920929
v -0.015065560340881351 -0.003691581785678864 0.00930468738079071
v -0.015296308994293215 -0.0025732880830764775 0.00928125023841858
v -0.015444165468215946 -0.0014410492777824405 0.0092578125
v -0.015508328676223758 -0.00030100140720605855 0.009234374761581421
v -0.015488451719284061 0.0008406776189804079 0.00921093761920929
v -0.015384640693664554 0.0019778010249137884 0.009187499880790711
v -0.015197459459304813 0.003104206323623658 0.009164062738418579
v -0.014927921295166019 0.004213789999485016 0.009140625
v -0.01457748889923096 0.005300538539886475 0.00911718726158142
v -0.014148057699203494 0.00635856330394745 0.00909375011920929
v -0.013641958236694339 0.007382130026817323 0.00907031238079071
v -0.013061932325363162 0.008365692496299745 0.00904687523841858
v -0.012411121129989626 0.009303920865058901 0.0090234375
v -0.011693054437637332 0.010191730260849002 0.008999999761581421
v -0.010911620855331422 0.011024309396743776 0.00897656261920929
v -0.010071057081222537 0.011797146797180177 0.008953124880790711
v -0.00917591691017151 0.012506055831909182 0.00892968773841858
v -0.008231052160263062 0.013147192001342777 0.008906250000000001
v -0.007241582274436952 0.013717082738876346 0.008882812261581422
v -0.006212869882583619 0.01421263933181763 0.00885937511920929
v -0.005150489211082459 0.014631177186965945 0.00883593738079071
v -0.004060197472572327 0.014970426559448245 0.00881250023841858
v -0.0029479032754898076 0.015228550434112552 0.0087890625
v -0.0018196341395378117 0.015404149293899539 0.00876562476158142
v -0.0006815042346715928 0.015496271848678592 0.00874218761920929
v 0.00046031881123781215 0.015504418611526492 0.00871874988079071
v 0.0015996472537517551 0.015428545475006106 0.00869531273841858
v 0.002730307281017304 0.015269063711166386 0.008671875
v 0.003846171200275422 0.01502683758735657 0.008648437261581422
v 0.004941192567348481 0.014703179597854617 0.008625000119209289
v 0.006009437441825868 0.014299844503402713 0.00860156238079071
v 0.007045116424560548 0.013819016218185428 0.008578125238418579
v 0.008042616844177248 0.013263301849365238 0.0085546875
v 0.00899653434753418 0.012635712623596194 0.00853124976158142
v 0.009901698827743532 0.011939649581909182 0.00850781261920929
v 0.010753204822540285 0.011178884506225588 0.00848437488079071
v 0.01154643774032593 0.010357540845870974 0.00846093773841858
v 0.01227710008621216 0.009480067491531375 0.0084375
v 0.012941231727600101 0.008551221489906313 0.008414062261581421
v 0.01353523373603821 0.0075760352611541765 0.00839062511920929
v 0.01405588746070862 0.006559793949127198 0.008367187380790711
v 0.014500371217727664 0.005508005023002626 0.008343750238418579
v 0.01486627578735352 0.004426367282867432 0.0083203125
v 0.015151618719100955 0.003320742547512055 0.00829687476158142
v 0.0153548538684845 0.0021971227228641515 0.00827343761920929
v 0.015474879741668704 0.0010615964978933337 0.00824999988079071
v 0.01551104545593262 -7.968269288539888e-05 0.00822656273841858
v 0.015463155508041384 -0.0012205300480127336 0.008203125
v 0.01533146977424622 -0.002354763299226761 0.008179687261581421
v 0.015116701126098636 -0.0034762358665466316 0.00815625011920929
v 0.014820014238357547 -0.004578870236873628 0.008132812380790711
v 0.014443016052246096 -0.0056566917896270765 0.008109375238418579
v 0.013987749814987186 -0.006703858971595766 0.0080859375
v 0.013456683158874515 -0.007714697122573854 0.00806249976158142
v 0.01285269379615784 -0.008683728575706484 0.00803906261920929
v 0.01217905402183533 -0.00960570275783539 0.00801562488079071
v 0.011439415216445925 -0.010475622415542604 0.00799218773841858
v 0.010637785196304324 -0.01128877401351929 0.00796875
v 0.009778507351875307 -0.012040749788284304 0.007945312261581421
v 0.008866239786148073 -0.012727477550506594 0.00792187511920929
v 0.007905924916267397 -0.013345232009887699 0.007898437380790711
v 0.006902767419815064 -0.013890669345855715 0.00787500023841858
v 0.0058622026443481455 -0.014360830783843996 0.007851562500000001
v 0.004789870679378511 -0.014753170013427738 0.007828124761581422
v 0.003691581785678864 -0.015065560340881351 0.00780468761920929
v 0.0025732880830764775 -0.015296308994293215 0.007781249880790711
v 0.0014410492777824405 -0.015444165468215946 0.007757812738418579
v 0.00030100140720605855 -0.015508328676223758 0.007734375
v -0.0008406776189804079 -0.015488451719284061 0.007710937261581421
v -0.0019778010249137884 -0.015384640693664554 0.00768750011920929
v -0.003104206323623658 -0.015197459459304813 0.007664062380790711
v -0.004213789999485016 -0.014927921295166019 0.007640625238418579
v -0.005300538539886475 -0.01457748889923096 0.0076171875
v -0.00635856330394745 -0.014148057699203494 0.007593749761581421
v -0.007382130026817323 -0.013641958236694339 0.00757031261920929
v -0.008365692496299745 -0.013061932325363162 0.007546874880790711
v -0.009303920865058901 -0.012411121129989626 0.007523437738418579
v -0.010191730260849002 -0.011693054437637332 0.0075
v -0.011024309396743776 -0.010911620855331422 0.007476562261581421
v -0.011797146797180177 -0.010071057081222537 0.00745312511920929
v -0.012506055831909182 -0.00917591691017151 0.0074296873807907105
v -0.013147192001342777 -0.008231052160263062 0.00740625023841858
v -0.013717082738876346 -0.007241582274436952 0.0073828125000000005
v -0.01421263933181763 -0.006212869882583619 0.007359374761581421
v -0.014631177186965945 -0.005150489211082459 0.00733593761920929
v -0.014970426559448245 -0.004060197472572327 0.00731249988079071
v -0.015228550434112552 -0.0029479032754898076 0.0072890627384185796
v -0.015404149293899539 -0.0018196341395378117 0.007265625
v -0.015496271848678592 -0.0006815042346715928 0.007242187261581421
v -0.015504418611526492 0.00046031881123781215 0.0072187501192092895
v -0.015428545475006106 0.0015996472537517551 0.00719531238079071
v -0.015269063711166386 0.002730307281017304 0.0071718752384185794
v -0.01502683758735657 0.003846171200275422 0.0071484375
v -0.014703179597854617 0.004941192567348481 0.007124999761581421
v -0.014299844503402713 0.006009437441825868 0.007101562619209289
v -0.013819016218185428 0.007045116424560548 0.00707812488079071
v -0.013263301849365238 0.008042616844177248 0.007054687738418579
v -0.012635712623596194 0.00899653434753418 0.00703125
v -0.011939649581909182 0.009901698827743532 0.007007812261581421
v -0.011178884506225588 0.010753204822540285 0.006984375119209289
v -0.010357540845870974 0.01154643774032593 0.006960937380790711
v -0.009480067491531375 0.01227710008621216 0.006937500238418579
v -0.008551221489906313 0.012941231727600101 0.0069140625
v -0.0075760352611541765 0.01353523373603821 0.006890624761581421
v -0.006559793949127198 0.01405588746070862 0.00686718761920929
v -0.005508005023002626 0.014500371217727664 0.006843749880790711
v -0.004426367282867432 0.01486627578735352 0.006820312738418579
v -0.003320742547512055 0.015151618719100955 0.006796875
v -0.0021971227228641515 0.0153548538684845 0.006773437261581421
v -0.0010615964978933337 0.015474879741668704 0.00675000011920929
v 7.968269288539888e-05 0.01551104545593262 0.006726562380790711
v 0.0012205300480127336 0.015463155508041384 0.006703125238418579
v 0.002354763299226761 0.01533146977424622 0.0066796875
v 0.0034762358665466316 0.015116701126098636 0.006656249761581421
v 0.004578870236873628 0.014820014238357547 0.00663281261920929
v 0.0056566917896270765 0.014443016052246096 0.006609374880790711
v 0.006703858971595766 0.013987749814987186 0.006585937738418579
v 0.007714697122573854 0.013456683158874515 0.0065625
v 0.008683728575706484 0.01285269379615784 0.0065390622615814215
v 0.00960570275783539 0.01217905402183533 0.00651562511920929
v 0.010475622415542604 0.011439415216445925 0.0064921873807907106
v 0.01128877401351929 0.010637785196304324 0.006468750238418579
v 0.012040749788284304 0.009778507351875307 0.0064453125000000005
v 0.012727477550506594 0.008866239786148073 0.006421874761581421
v 0.013345232009887699 0.007905924916267397 0.00639843761920929
v 0.013890669345855715 0.006902767419815064 0.0063749998807907104
v 0.014360830783843996 0.0058622026443481455 0.00635156273841858
v 0.014753170013427738 0.004789870679378511 0.006328125
v 0.015065560340881351 0.003691581785678864 0.006304687261581421
v 0.015296308994293215 0.0025732880830764775 0.0062812501192092895
v 0.015444165468215946 0.0014410492777824405 0.00625781238079071
v 0.015508328676223758 0.00030100140720605855 0.0062343752384185795
v 0.015488451719284061 -0.0008406776189804079 0.0062109375
v 0.015384640693664554 -0.0019778010249137884 0.006187499761581421
v 0.015197459459304813 -0.003104206323623658 0.006164062619209289
v 0.014927921295166019 -0.004213789999485016 0.00614062488079071
v 0.01457748889923096 -0.005300538539886475 0.006117187738418579
v 0.014148057699203494 -0.00635856330394745 0.00609375
v 0.013641958236694339 -0.007382130026817323 0.006070312261581421
v 0.013061932325363162 -0.008365692496299745 0.006046875119209289
v 0.012411121129989626 -0.009303920865058901 0.006023437380790711
v 0.011693054437637332 -0.010191730260849002 0.006000000238418579
v 0.010911620855331422 -0.011024309396743776 0.0059765625
v 0.010071057081222537 -0.011797146797180177 0.005953124761581421
v 0.00917591691017151 -0.012506055831909182 0.00592968761920929
v 0.008231052160263062 -0.013147192001342777 0.005906249880790711
v 0.007241582274436952 -0.013717082738876346 0.005882812738418579
v 0.006212869882583619 -0.01421263933181763 0.005859375
v 0.005150489211082459 -0.014631177186965945 0.005835937261581421
v 0.004060197472572327 -0.014970426559448245 0.00581250011920929
v 0.0029479032754898076 -0.015228550434112552 0.005789062380790711
v 0.0018196341395378117 -0.015404149293899539 0.005765625238418579
v 0.0006815042346715928 -0.015496271848678592 0.0057421875
v -0.00046031881123781215 -0.015504418611526492 0.005718749761581421
v -0.0015996472537517551 -0.015428545475006106 0.00569531261920929
v -0.002730307281017304 -0.015269063711166386 0.005671874880790711
v -0.003846171200275422 -0.01502683758735657 0.005648437738418579
v -0.004941192567348481 -0.014703179597854617 0.005625
v -0.006009437441825868 -0.014299844503402713 0.005601562261581421
v -0.007045116424560548 -0.013819016218185428 0.00557812511920929
v -0.008042616844177248 -0.013263301849365238 0.005554687380790711
v -0.00899653434753418 -0.012635712623596194 0.005531250238418579
v -0.009901698827743532 -0.011939649581909182 0.0055078125
v -0.010753204822540285 -0.011178884506225588 0.005484374761581421
v -0.01154643774032593 -0.010357540845870974 0.00546093761920929
v -0.01227710008621216 -0.009480067491531375 0.0054374998807907105
v -0.012941231727600101 -0.008551221489906313 0.00541406273841858
v -0.01353523373603821 -0.0075760352611541765 0.0053906250000000005
v -0.01405588746070862 -0.006559793949127198 0.005367187261581421
v -0.014500371217727664 -0.005508005023002626 0.0053437501192092896
v -0.01486627578735352 -0.004426367282867432 0.00532031238079071
v -0.015151618719100955 -0.003320742547512055 0.0052968752384185795
v -0.0153548538684845 -0.0021971227228641515 0.0052734375
v -0.015474879741668704 -0.0010615964978933337 0.005249999761581421
v -0.01551104545593262 7.968269288539888e-05 0.0052265626192092894
v -0.015463155508041384 0.0012205300480127336 0.00520312488079071
v -0.01533146977424622 0.002354763299226761 0.005179687738418579
v -0.015116701126098636 0.0034762358665466316 0.00515625
v -0.014820014238357547 0.004578870236873628 0.005132812261581421
v -0.014443016052246096 0.0056566917896270765 0.005109375119209289
v -0.013987749814987186 0.006703858971595766 0.00508593738079071
v -0.013456683158874515 0.007714697122573854 0.005062500238418579
v -0.01285269379615784 0.008683728575706484 0.0050390625
v -0.01217905402183533 0.00960570275783539 0.005015624761581421
v -0.011439415216445925 0.010475622415542604 0.004992187619209289
v -0.010637785196304324 0.01128877401351929 0.004968749880790711
v -0.009778507351875307 0.012040749788284304 0.004945312440395355
v -0.008866239786148073 0.012727477550506594 0.004921875
v -0.007905924916267397 0.013345232009887699 0.004898437559604645
v -0.006902767419815064 0.013890669345855715 0.00487500011920929
v -0.0058622026443481455 0.014360830783843996 0.004851562380790711
v -0.004789870679378511 0.014753170013427738 0.004828124940395355
v -0.003691581785678864 0.015065560340881351 0.0048046875
v -0.0025732880830764775 0.015296308994293215 0.004781250059604645
v -0.0014410492777824405 0.015444165468215946 0.00475781261920929
v -0.00030100140720605855 0.015508328676223758 0.004734374880790711
v 0.0008406776189804079 0.015488451719284061 0.004710937440395356
v 0.0019778010249137884 0.015384640693664554 0.0046875
v 0.003104206323623658 0.015197459459304813 0.004664062559604645
v 0.004213789999485016 0.014927921295166019 0.00464062511920929
v 0.005300538539886475 0.01457748889923096 0.004617187380790711
v 0.00635856330394745 0.014148057699203494 0.004593749940395356
v 0.007382130026817323 0.013641958236694339 0.0045703125
v 0.008365692496299745 0.013061932325363162 0.004546875059604645
v 0.009303920865058901 0.012411121129989626 0.00452343761920929
v 0.010191730260849002 0.011693054437637332 0.0044999998807907105
v 0.011024309396743776 0.010911620855331422 0.0044765624403953555
v 0.011797146797180177 0.010071057081222537 0.0044531250000000005
v 0.012506055831909182 0.00917591691017151 0.004429687559604645
v 0.013147192001342777 0.008231052160263062 0.00440625011920929
v 0.013717082738876346 0.007241582274436952 0.00438281238079071
v 0.01421263933181763 0.006212869882583619 0.004359374940395355
v 0.014631177186965945 0.005150489211082459 0.0043359375
v 0.014970426559448245 0.004060197472572327 0.0043125000596046445
v 0.015228550434112552 0.0029479032754898076 0.0042890626192092895
v 0.015404149293899539 0.0018196341395378117 0.00426562488079071
v 0.015496271848678592 0.0006815042346715928 0.004242187440395355
v 0.015504418611526492 -0.00046031881123781215 0.00421875
v 0.015428545475006106 -0.0015996472537517551 0.004195312559604645
v 0.015269063711166386 -0.002730307281017304 0.004171875119209289
v 0.01502683758735657 -0.003846171200275422 0.00414843738079071
v 0.014703179597854617 -0.004941192567348481 0.004124999940395355
v 0.014299844503402713 -0.006009437441825868 0.0041015625
v 0.013819016218185428 -0.007045116424560548 0.004078125059604645
v 0.013263301849365238 -0.008042616844177248 0.004054687619209289
v 0.012635712623596194 -0.00899653434753418 0.00403124988079071
v 0.011939649581909182 -0.009901698827743532 0.004007812440395355
v 0.011178884506225588 -0.010753204822540285 0.003984375
v 0.010357540845870974 -0.01154643774032593 0.003960937559604645
v 0.009480067491531375 -0.01227710008621216 0.00393750011920929
v 0.008551221489906313 -0.012941231727600101 0.003914062380790711
v 0.0075760352611541765 -0.01353523373603821 0.0038906249403953554
v 0.006559793949127198 -0.01405588746070862 0.0038671875
v 0.005508005023002626 -0.014500371217727664 0.003843750059604645
v 0.004426367282867432 -0.01486627578735352 0.0038203126192092895
v 0.003320742547512055 -0.015151618719100955 0.0037968748807907103
v 0.0021971227228641515 -0.0153548538684845 0.0037734374403953553
v 0.0010615964978933337 -0.015474879741668704 0.00375
v -7.968269288539888e-05 -0.01551104545593262 0.003726562559604645
v -0.0012205300480127336 -0.015463155508041384 0.00370312511920929
v -0.002354763299226761 -0.01533146977424622 0.0036796873807907107
v -0.0034762358665466316 -0.015116701126098636 0.003656249940395355
v -0.004578870236873628 -0.014820014238357547 0.0036328125
v -0.0056566917896270765 -0.014443016052246096 0.0036093750596046447
v -0.006703858971595766 -0.013987749814987186 0.0035859376192092897
v -0.007714697122573854 -0.013456683158874515 0.0035624998807907106
v -0.008683728575706484 -0.01285269379615784 0.003539062440395355
v -0.00960570275783539 -0.01217905402183533 0.003515625
v -0.010475622415542604 -0.011439415216445925 0.0034921875596046446
v -0.01128877401351929 -0.010637785196304324 0.0034687501192092896
v -0.012040749788284304 -0.009778507351875307 0.0034453123807907104
v -0.012727477550506594 -0.008866239786148073 0.0034218749403953554
v -0.013345232009887699 -0.007905924916267397 0.0033984375
v -0.013890669345855715 -0.006902767419815064 0.003375000059604645
v -0.014360830783843996 -0.0058622026443481455 0.0033515626192092895
v -0.014753170013427738 -0.004789870679378511 0.0033281248807907103
v -0.015065560340881351 -0.003691581785678864 0.0033046874403953553
v -0.015296308994293215 -0.0025732880830764775 0.00328125
v -0.015444165468215946 -0.0014410492777824405 0.003257812559604645
v -0.015508328676223758 -0.00030100140720605855 0.0032343751192092894
v -0.015488451719284061 0.0008406776189804079 0.0032109373807907107
v -0.015384640693664554 0.0019778010249137884 0.0031874999403953552
v -0.015197459459304813 0.003104206323623658 0.0031640625
v -0.014927921295166019 0.004213789999485016 0.0031406250596046448
v -0.01457748889923096 0.005300538539886475 0.0031171876192092897
v -0.014148057699203494 0.00635856330394745 0.0030937498807907106
v -0.013641958236694339 0.007382130026817323 0.003070312440395355
v -0.013061932325363162 0.008365692496299745 0.003046875
v -0.012411121129989626 0.009303920865058901 0.0030234375596046447
v -0.011693054437637332 0.010191730260849002 0.0030000001192092896
v -0.010911620855331422 0.011024309396743776 0.0029765623807907105
v -0.010071057081222537 0.011797146797180177 0.0029531249403953555
v -0.00917591691017151 0.012506055831909182 0.0029296875
v -0.008231052160263062 0.013147192001342777 0.002906250059604645
v -0.007241582274436952 0.013717082738876346 0.0028828126192092895
v -0.006212869882583619 0.01421263933181763 0.0028593748807907104
v -0.005150489211082459 0.014631177186965945 0.0028359374403953553
v -0.004060197472572327 0.014970426559448245 0.0028125
v -0.0029479032754898076 0.015228550434112552 0.002789062559604645
v -0.0018196341395378117 0.015404149293899539 0.0027656251192092894
v -0.0006815042346715928 0.015496271848678592 0.0027421873807907107
v 0.00046031881123781215 0.015504418611526492 0.0027187499403953552
v 0.0015996472537517551 0.015428545475006106 0.0026953125000000002
v 0.002730307281017304 0.015269063711166386 0.0026718750596046448
v 0.003846171200275422 0.01502683758735657 0.0026484376192092898
v 0.004941192567348481 0.014703179597854617 0.0026249998807907106
v 0.006009437441825868 0.014299844503402713 0.002601562440395355
v 0.007045116424560548 0.013819016218185428 0.002578125
v 0.008042616844177248 0.013263301849365238 0.0025546875596046447
v 0.00899653434753418 0.012635712623596194 0.0025312501192092897
v 0.009901698827743532 0.011939649581909182 0.0025078123807907105
v 0.010753204822540285 0.011178884506225588 0.0024843749403953555
v 0.01154643774032593 0.010357540845870974 0.0024609375
v 0.01227710008621216 0.009480067491531375 0.002437500059604645
v 0.012941231727600101 0.008551221489906313 0.0024140624701976775
v 0.01353523373603821 0.0075760352611541765 0.0023906250298023225
v 0.01405588746070862 0.006559793949127198 0.0023671874403953554
v 0.014500371217727664 0.005508005023002626 0.00234375
v 0.01486627578735352 0.004426367282867432 0.002320312559604645
v 0.015151618719100955 0.003320742547512055 0.002296874970197678
v 0.0153548538684845 0.0021971227228641515 0.0022734375298023224
v 0.015474879741668704 0.0010615964978933337 0.0022499999403953553
v 0.01551104545593262 -7.968269288539888e-05 0.0022265625000000002
v 0.015463155508041384 -0.0012205300480127336 0.002203125059604645
v 0.01533146977424622 -0.002354763299226761 0.0021796874701976777
v 0.015116701126098636 -0.0034762358665466316 0.0021562500298023222
v 0.014820014238357547 -0.004578870236873628 0.002132812440395355
v 0.014443016052246096 -0.0056566917896270765 0.002109375
v 0.013987749814987186 -0.006703858971595766 0.0020859375596046447
v 0.013456683158874515 -0.007714697122573854 0.0020624999701976776
v 0.01285269379615784 -0.008683728575706484 0.0020390625298023226
v 0.01217905402183533 -0.00960570275783539 0.002015624940395355
v 0.011439415216445925 -0.010475622415542604 0.0019921875
v 0.010637785196304324 -0.01128877401351929 0.001968750059604645
v 0.009778507351875307 -0.012040749788284304 0.0019453124701976777
v 0.008866239786148073 -0.012727477550506594 0.0019218750298023225
v 0.007905924916267397 -0.013345232009887699 0.0018984374403953552
v 0.006902767419815064 -0.013890669345855715 0.001875
v 0.0058622026443481455 -0.014360830783843996 0.001851562559604645
v 0.004789870679378511 -0.014753170013427738 0.0018281249701976776
v 0.003691581785678864 -0.015065560340881351 0.0018046875298023224
v 0.0025732880830764775 -0.015296308994293215 0.0017812499403953553
v 0.0014410492777824405 -0.015444165468215946 0.0017578125
v 0.00030100140720605855 -0.015508328676223758 0.0017343750596046448
v -0.0008406776189804079 -0.015488451719284061 0.0017109374701976777
v -0.0019778010249137884 -0.015384640693664554 0.0016875000298023225
v -0.003104206323623658 -0.015197459459304813 0.0016640624403953552
v -0.004213789999485016 -0.014927921295166019 0.001640625
v -0.005300538539886475 -0.01457748889923096 0.0016171875596046447
v -0.00635856330394745 -0.014148057699203494 0.0015937499701976776
v -0.007382130026817323 -0.013641958236694339 0.0015703125298023224
v -0.008365692496299745 -0.013061932325363162 0.0015468749403953553
v -0.009303920865058901 -0.012411121129989626 0.0015234375
v -0.010191730260849002 -0.011693054437637332 0.0015000000596046448
v -0.011024309396743776 -0.010911620855331422 0.0014765624701976777
v -0.011797146797180177 -0.010071057081222537 0.0014531250298023225
v -0.012506055831909182 -0.00917591691017151 0.0014296874403953552
v -0.013147192001342777 -0.008231052160263062 0.00140625
v -0.013717082738876346 -0.007241582274436952 0.0013828125596046447
v -0.01421263933181763 -0.006212869882583619 0.0013593749701976776
v -0.014631177186965945 -0.005150489211082459 0.0013359375298023224
v -0.014970426559448245 -0.004060197472572327 0.0013124999403953553
v -0.015228550434112552 -0.0029479032754898076 0.0012890625
v -0.015404149293899539 -0.0018196341395378117 0.0012656250596046448
v -0.015496271848678592 -0.0006815042346715928 0.0012421874701976777
v -0.015504418611526492 0.00046031881123781215 0.0012187500298023225
v -0.015428545475006106 0.0015996472537517551 0.0011953125149011612
v -0.015269063711166386 0.002730307281017304 0.001171875
v -0.01502683758735657 0.003846171200275422 0.001148437485098839
v -0.014703179597854617 0.004941192567348481 0.0011249999701976776
v -0.014299844503402713 0.006009437441825868 0.0011015625298023224
v -0.013819016218185428 0.007045116424560548 0.0010781250149011611
v -0.013263301849365238 0.008042616844177248 0.0010546875
v -0.012635712623596194 0.00899653434753418 0.0010312499850988388
v -0.011939649581909182 0.009901698827743532 0.0010078124701976775
v -0.011178884506225588 0.010753204822540285 0.0009843750298023225
v -0.010357540845870974 0.01154643774032593 0.0009609375149011612
v -0.009480067491531375 0.01227710008621216 0.0009375
v -0.008551221489906313 0.012941231727600101 0.0009140624850988388
v -0.0075760352611541765 0.01353523373603821 0.0008906249701976776
v -0.006559793949127198 0.01405588746070862 0.0008671875298023224
v -0.005508005023002626 0.014500371217727664 0.0008437500149011612
v -0.004426367282867432 0.01486627578735352 0.0008203125
v -0.003320742547512055 0.015151618719100955 0.0007968749850988388
v -0.0021971227228641515 0.0153548538684845 0.0007734374701976776
v -0.0010615964978933337 0.015474879741668704 0.0007500000298023224
v 7.968269288539888e-05 0.01551104545593262 0.0007265625149011612
v 0.0012205300480127336 0.015463155508041384 0.000703125
v 0.002354763299226761 0.01533146977424622 0.0006796874850988388
v 0.0034762358665466316 0.015116701126098636 0.0006562499701976776
v 0.004578870236873628 0.014820014238357547 0.0006328125298023224
v 0.0056566917896270765 0.014443016052246096 0.0006093750149011613
v 0.006703858971595766 0.013987749814987186 0.0005859375
v 0.007714697122573854 0.013456683158874515 0.0005624999850988388
v 0.008683728575706484 0.01285269379615784 0.0005390625074505806
v 0.00960570275783539 0.01217905402183533 0.0005156249925494194
v 0.010475622415542604 0.011439415216445925 0.0004921875149011613
v 0.01128877401351929 0.010637785196304324 0.00046875
v 0.012040749788284304 0.009778507351875307 0.0004453124850988388
v 0.012727477550506594 0.008866239786148073 0.0004218750074505806
v 0.013345232009887699 0.007905924916267397 0.0003984374925494194
v 0.013890669345855715 0.006902767419815064 0.0003750000149011612
v 0.014360830783843996 0.0058622026443481455 0.0003515625
v 0.014753170013427738 0.004789870679378511 0.0003281249850988388
v 0.015065560340881351 0.003691581785678864 0.0003046875074505806
v 0.015296308994293215 0.0025732880830764775 0.0002812499925494194
v 0.015444165468215946 0.0014410492777824405 0.0002578124962747097
v 0.015508328676223758 0.00030100140720605855 0.000234375
v 0.015488451719284061 -0.0008406776189804079 0.0002109375037252903
v 0.015384640693664554 -0.0019778010249137884 0.0001875000074505806
v 0.015197459459304813 -0.003104206323623658 0.0001640624925494194
v 0.014927921295166019 -0.004213789999485016 0.0001406249962747097
v 0.01457748889923096 -0.005300538539886475 0.0001171875
v 0.014148057699203494 -0.00635856330394745 9.37500037252903e-05
v 0.013641958236694339 -0.007382130026817323 7.031249813735485e-05
v 0.013061932325363162 -0.008365692496299745 4.687500186264515e-05
v 0.012411121129989626 -0.009303920865058901 2.3437500931322575e-05
v 0.011693054437637332 -0.010191730260849002 0.0
v 0.01025728225708008 -0.011635593175888064 0.0
v 0.008644750118255617 -0.012878943681716921 0.0
v 0.006883244514465333 -0.013900353908538821 0.0
v 0.005003121495246888 -0.014682222604751589 0.0
v 0.003036781251430512 -0.015211075544357303 0.0
v 0.0010181086510419849 -0.015477801561355593 0.0
v -0.0010181086510419849 -0.015477801561355593 0.0
v -0.003036781251430512 -0.015211075544357303 0.0
v -0.005003121495246888 -0.014682222604751589 0.0
v -0.006883244514465333 -0.013900353908538821 0.0
v -0.008644750118255617 -0.012878943681716921 0.0
v -0.01025728225708008 -0.011635593175888064 0.0
v -0.015504418611526492 -0.00046031881123781215 0.0017812499403953553
v -0.015496271848678592 -0.0006815042346715928 0.0012421874701976777
v -0.01551104545593262 -7.968269288539888e-05 0.0037734374403953553
v -0.015508328676223758 -0.00030100140720605855 0.0032343751192092894
v -0.015488451719284061 -0.0008406776189804079 0.005789062380790711
v -0.015474879741668704 -0.0010615964978933337 0.005249999761581421
v -0.015504418611526492 -0.00046031881123781215 0.007781249880790711
v -0.015496271848678592 -0.0006815042346715928 0.007242187261581421
v -0.01551104545593262 -7.968269288539888e-05 0.00977343738079071
v -0.015508328676223758 -0.00030100140720605855 0.009234374761581421
v -0.015488451719284061 -0.0008406776189804079 0.011789062023162843
v -0.015474879741668704 -0.0010615964978933337 0.01125
v -0.015504418611526492 -0.00046031881123781215 0.013781249523162842
v -0.015496271848678592 -0.0006815042346715928 0.0132421875
v -0.01551104545593262 -7.968269288539888e-05 0.01577343702316284
v -0.015508328676223758 -0.00030100140720605855 0.015234375
v -0.015488451719284061 -0.0008406776189804079 0.01778906226158142
v -0.015474879741668704 -0.0010615964978933337 0.017250000238418578
v -0.015504418611526492 -0.00046031881123781215 0.01978124976158142
v -0.015496271848678592 -0.0006815042346715928 0.01924218773841858
v -0.01551104545593262 -7.968269288539888e-05 0.021773438453674316
v -0.015508328676223758 -0.00030100140720605855 0.021234374046325683
v -0.015488451719284061 -0.0008406776189804079 0.0237890625
v -0.015474879741668704 -0.0010615964978933337 0.02325000047683716
v 0.0 -0.026558113098144535 0.0
v 0.022999999523162847 -0.013279056549072268 0.0
v 0.022999999523162847 -0.013279056549072268 0.024000000953674317
v 0.0 -0.026558113098144535 0.024000000953674317
v -0.022999999523162847 -0.013279056549072268 0.0
v 0.0 -0.026558113098144535 0.0
v 0.0 -0.026558113098144535 0.024000000953674317
v -0.022999999523162847 -0.013279056549072268 0.024000000953674317
v -0.022999999523162847 0.013279056549072268 0.0
v -0.022999999523162847 -0.013279056549072268 0.0
v -0.022999999523162847 -0.013279056549072268 0.024000000953674317
v -0.022999999523162847 0.013279056549072268 0.024000000953674317
v 0.0 0.026558113098144535 0.0
v -0.022999999523162847 0.013279056549072268 0.0
v -0.022999999523162847 0.013279056549072268 0.024000000953674317
v 0.0 0.026558113098144535 0.024000000953674317
v 0.022999999523162847 0.013279056549072268 0.0
v 0.0 0.026558113098144535 0.0
v 0.0 0.026558113098144535 0.024000000953674317
v 0.022999999523162847 0.013279056549072268 0.024000000953674317
v 0.022999999523162847 -0.013279056549072268 0.0
v 0.022999999523162847 0.013279056549072268 0.0
v 0.022999999523162847 0.013279056549072268 0.024000000953674317
v 0.022999999523162847 -0.013279056549072268 0.024000000953674317
v -0.004301896691322328 0.016062141656875615 0.0
v -0.00621086895465851 0.015351799726486209 0.0
v -0.008014090657234194 0.01441479563713074 0.0
v -0.009690638184547426 0.013261184692382815 0.0
v -0.011213146448135378 0.01190739989280701 0.0
v -0.012552016973495487 0.010379184484481814 0.0
v -0.013691053390502932 0.008694411516189576 0.0
v -0.014611585140228275 0.006876967549324037 0.0
v -0.015294212102890017 0.004963698685169221 0.0
v -0.015730181932449343 0.0029784244298934944 0.0
v -0.01591105461120606 0.0009495975077152254 0.0
v -0.01583217859268189 -0.0010798533260822298 0.0
v -0.015494407415390017 -0.0030832973122596747 0.0
v -0.014900196790695193 -0.005031974911689759 0.0
v -0.014059431552886966 -0.0068864798545837415 0.0
v -0.012984350919723513 -0.008616920709609987 0.0
v -0.011693054437637332 -0.010191730260849002 0.0
v -0.01025728225708008 -0.011635593175888064 0.0
v -0.008644750118255617 -0.012878943681716921 0.0
v -0.006883244514465333 -0.013900353908538821 0.0
v -0.005003121495246888 -0.014682222604751589 0.0
v -0.003036781251430512 -0.015211075544357303 0.0
v -0.0010181086510419849 -0.015477801561355593 0.0
v 0.0010181086510419849 -0.015477801561355593 0.0
v 0.003036781251430512 -0.015211075544357303 0.0
v 0.005003121495246888 -0.014682222604751589 0.0
v 0.006883244514465333 -0.013900353908538821 0.0
v 0.008644750118255617 -0.012878943681716921 0.0
v 0.01025728225708008 -0.011635593175888064 0.0
v 0.011693054437637332 -0.010191730260849002 0.0
v 0.012982620000839235 -0.008619355559349062 0.0
v 0.014054425954818728 -0.0068958479166030895 0.0
v 0.014895747900009158 -0.00504375457763672 0.0
v 0.015490801334381106 -0.003098598718643189 0.0
v 0.01583039522171021 -0.0010969927906990054 0.0
v 0.015911387205123903 0.0009360477328300478 0.0
v 0.01573252081871033 0.002963219583034516 0.0
v 0.015298930406570438 0.004947207272052766 0.0
v 0.014617022275924686 0.0068642938137054455 0.0
v 0.013698581457138065 0.008681618571281434 0.0
v 0.01256243467330933 0.010365655422210695 0.0
v 0.011223161220550538 0.011897300481796267 0.0
v 0.00970043182373047 0.013253505229949954 0.0
v 0.008021854162216189 0.014410119056701663 0.0
v 0.006212766766548158 0.01535095572471619 0.0
v 0.004301896691322328 0.016062141656875615 0.0
v 0.0021694926917552953 0.016486115455627445 0.0
v 0.0 0.016628249883651736 0.0
v -0.0021694926917552953 0.016486115455627445 0.0
v 0.022999999523162847 0.013279056549072268 0.0
v 0.022999999523162847 -0.013279056549072268 0.0
v 0.0 -0.026558113098144535 0.0
v -0.022999999523162847 -0.013279056549072268 0.0
v -0.022999999523162847 0.013279056549072268 0.0
v 0.0 0.026558113098144535 0.0
usemtl XID_PowderCoatRoughGreen_39C1F266D8354F5CA65B52439D05908D
f 2 11 1
f 1 11 12
f 1 12 13
f 3 9 2
f 2 9 10
f 2 10 11
f 9 3 8
f 8 3 4
f 8 4 7
f 7 4 6
f 6 4 5
f 1 13 2056
f 2056 13 14
f 2056 14 2055
f 2055 14 15
f 2055 15 2054
f 2054 15 16
f 2054 16 2053
f 2053 16 17
f 2053 17 2052
f 2052 17 18
f 2052 18 2051
f 2051 18 19
f 2051 19 2050
f 2050 19 20
f 2050 20 2049
f 2049 20 21
f 2049 21 2048
f 2048 21 22
f 2048 22 2047
f 2047 22 23
f 2047 23 2046
f 2046 23 24
f 2046 24 2045
f 2045 24 25
f 2045 25 2044
f 2044 25 26
f 2044 26 2043
f 2043 26 27
f 2043 27 2042
f 2042 27 28
f 2042 28 2041
f 2041 28 29
f 2041 29 2040
f 2040 29 30
f 2040 30 2039
f 2039 30 31
f 2039 31 2038
f 2038 31 32
f 2038 32 2037
f 2037 32 33
f 2037 33 2036
f 2036 33 34
f 2036 34 2035
f 2035 34 35
f 2035 35 2034
f 2034 35 36
f 2034 36 2033
f 2033 36 37
f 2033 37 2032
f 2032 37 38
f 2032 38 2031
f 2031 38 39
f 2031 39 2030
f 2030 39 40
f 2030 40 2029
f 2029 40 41
f 2029 41 2028
f 2028 41 42
f 2028 42 2027
f 2027 42 43
f 2027 43 2026
f 2026 43 44
f 2026 44 2025
f 2025 44 45
f 2025 45 2024
f 2024 45 46
f 2024 46 2023
f 2023 46 47
f 2023 47 2022
f 2022 47 48
f 2022 48 2021
f 2021 48 49
f 2021 49 2020
f 2020 49 50
f 2020 50 2019
f 2019 50 51
f 2019 51 2018
f 2018 51 52
f 2018 52 2017
f 2017 52 53
f 2017 53 2016
f 2016 53 54
f 2016 54 2015
f 2015 54 55
f 2015 55 2014
f 2014 55 56
f 2014 56 2013
f 2013 56 57
f 2013 57 2012
f 2012 57 58
f 2012 58 2011
f 2011 58 59
f 2011 59 2010
f 2010 59 60
f 2010 60 2009
f 2009 60 61
f 2009 61 2008
f 2008 61 62
f 2008 62 2007
f 2007 62 63
f 2007 63 2006
f 2006 63 64
f 2006 64 2005
f 2005 64 65
f 2005 65 2004
f 2004 65 66
f 2004 66 2003
f 2003 66 67
f 2003 67 2002
f 2002 67 68
f 2002 68 2001
f 2001 68 69
f 2001 69 2000
f 2000 69 70
f 2000 70 1999
f 1999 70 71
f 1999 71 1998
f 1998 71 2069
f 1998 2069 1997
f 2057 72 73
f 2057 73 1996
f 1996 73 74
f 1996 74 1995
f 1995 74 75
f 1995 75 1994
f 1994 75 76
f 1994 76 1993
f 1993 76 77
f 1993 77 1992
f 1992 77 78
f 1992 78 1991
f 1991 78 79
f 1991 79 1990
f 1990 79 80
f 1990 80 1989
f 1989 80 81
f 1989 81 1988
f 1988 81 82
f 1988 82 1987
f 1987 82 83
f 1987 83 1986
f 1986 83 84
f 1986 84 1985
f 1985 84 85
f 1985 85 1984
f 1984 85 86
f 1984 86 1983
f 1983 86 87
f 1983 87 1982
f 1982 87 88
f 1982 88 1981
f 1981 88 89
f 1981 89 1980
f 1980 89 90
f 1980 90 1979
f 1979 90 91
f 1979 91 1978
f 1978 91 92
f 1978 92 1977
f 1977 92 93
f 1977 93 1976
f 1976 93 94
f 1976 94 1975
f 1975 94 95
f 1975 95 1974
f 1974 95 96
f 1974 96 1973
f 1973 96 97
f 1973 97 1972
f 1972 97 98
f 1972 98 1971
f 1971 98 99
f 1971 99 1970
f 1970 99 100
f 1970 100 1969
f 1969 100 101
f 1969 101 1968
f 1968 101 102
f 1968 102 1967
f 1967 102 103
f 1967 103 1966
f 1966 103 104
f 1966 104 1965
f 1965 104 105
f 1965 105 1964
f 1964 105 106
f 1964 106 1963
f 1963 106 107
f 1963 107 1962
f 1962 107 108
f 1962 108 1961
f 1961 108 109
f 1961 109 1960
f 1960 109 110
f 1960 110 1959
f 1959 110 111
f 1959 111 1958
f 1958 111 112
f 1958 112 1957
f 1957 112 113
f 1957 113 1956
f 1956 113 114
f 1956 114 1955
f 1955 114 115
f 1955 115 1954
f 1954 115 116
f 1954 116 1953
f 1953 116 117
f 1953 117 1952
f 1952 117 118
f 1952 118 1951
f 1951 118 119
f 1951 119 1950
f 1950 119 120
f 1950 120 1949
f 1949 120 121
f 1949 121 1948
f 1948 121 122
f 1948 122 1947
f 1947 122 123
f 1947 123 1946
f 1946 123 124
f 1946 124 1945
f 1945 124 125
f 1945 125 1944
f 1944 125 126
f 1944 126 1943
f 1943 126 127
f 1943 127 1942
f 1942 127 128
f 1942 128 1941
f 1941 128 129
f 1941 129 1940
f 1940 129 130
f 1940 130 1939
f 1939 130 131
f 1939 131 1938
f 1938 131 132
f 1938 132 1937
f 1937 132 133
f 1937 133 1936
f 1936 133 134
f 1936 134 1935
f 1935 134 135
f 1935 135 1934
f 1934 135 136
f 1934 136 1933
f 1933 136 137
f 1933 137 1932
f 1932 137 138
f 1932 138 1931
f 1931 138 139
f 1931 139 1930
f 1930 139 140
f 1930 140 1929
f 1929 140 141
f 1929 141 1928
f 1928 141 142
f 1928 142 1927
f 1927 142 143
f 1927 143 1926
f 1926 143 144
f 1926 144 1925
f 1925 144 145
f 1925 145 1924
f 1924 145 146
f 1924 146 1923
f 1923 146 147
f 1923 147 1922
f 1922 147 148
f 1922 148 1921
f 1921 148 149
f 1921 149 1920
f 1920 149 150
f 1920 150 1919
f 1919 150 151
f 1919 151 1918
f 1918 151 152
f 1918 152 1917
f 1917 152 153
f 1917 153 1916
f 1916 153 154
f 1916 154 1915
f 1915 154 155
f 1915 155 1914
f 1914 155 156
f 1914 156 1913
f 1913 156 2070
f 1913 2070 1912
f 2058 157 158
f 2058 158 1911
f 1911 158 159
f 1911 159 1910
f 1910 159 160
f 1910 160 1909
f 1909 160 161
f 1909 161 1908
f 1908 161 162
f 1908 162 1907
f 1907 162 163
f 1907 163 1906
f 1906 163 164
f 1906 164 1905
f 1905 164 165
f 1905 165 1904
f 1904 165 166
f 1904 166 1903
f 1903 166 167
f 1903 167 1902
f 1902 167 168
f 1902 168 1901
f 1901 168 169
f 1901 169 1900
f 1900 169 170
f 1900 170 1899
f 1899 170 171
f 1899 171 1898
f 1898 171 172
f 1898 172 1897
f 1897 172 173
f 1897 173 1896
f 1896 173 174
f 1896 174 1895
f 1895 174 175
f 1895 175 1894
f 1894 175 176
f 1894 176 1893
f 1893 176 177
f 1893 177 1892
f 1892 177 178
f 1892 178 1891
f 1891 178 179
f 1891 179 1890
f 1890 179 180
f 1890 180 1889
f 1889 180 181
f 1889 181 1888
f 1888 181 182
f 1888 182 1887
f 1887 182 183
f 1887 183 1886
f 1886 183 184
f 1886 184 1885
f 1885 184 185
f 1885 185 1884
f 1884 185 186
f 1884 186 1883
f 1883 186 187
f 1883 187 1882
f 1882 187 188
f 1882 188 1881
f 1881 188 189
f 1881 189 1880
f 1880 189 190
f 1880 190 1879
f 1879 190 191
f 1879 191 1878
f 1878 191 192
f 1878 192 1877
f 1877 192 193
f 1877 193 1876
f 1876 193 194
f 1876 194 1875
f 1875 194 195
f 1875 195 1874
f 1874 195 196
f 1874 196 1873
f 1873 196 197
f 1873 197 1872
f 1872 197 198
f 1872 198 1871
f 1871 198 199
f 1871 199 1870
f 1870 199 200
f 1870 200 1869
f 1869 200 201
f 1869 201 1868
f 1868 201 202
f 1868 202 1867
f 1867 202 203
f 1867 203 1866
f 1866 203 204
f 1866 204 1865
f 1865 204 205
f 1865 205 1864
f 1864 205 206
f 1864 206 1863
f 1863 206 207
f 1863 207 1862
f 1862 207 208
f 1862 208 1861
f 1861 208 209
f 1861 209 1860
f 1860 209 210
f 1860 210 1859
f 1859 210 211
f 1859 211 1858
f 1858 211 212
f 1858 212 1857
f 1857 212 213
f 1857 213 1856
f 1856 213 214
f 1856 214 1855
f 1855 214 215
f 1855 215 1854
f 1854 215 216
f 1854 216 1853
f 1853 216 217
f 1853 217 1852
f 1852 217 218
f 1852 218 1851
f 1851 218 219
f 1851 219 1850
f 1850 219 220
f 1850 220 1849
f 1849 220 221
f 1849 221 1848
f 1848 221 222
f 1848 222 1847
f 1847 222 223
f 1847 223 1846
f 1846 223 224
f 1846 224 1845
f 1845 224 225
f 1845 225 1844
f 1844 225 226
f 1844 226 1843
f 1843 226 227
f 1843 227 1842
f 1842 227 228
f 1842 228 1841
f 1841 228 229
f 1841 229 1840
f 1840 229 230
f 1840 230 1839
f 1839 230 231
f 1839 231 1838
f 1838 231 232
f 1838 232 1837
f 1837 232 233
f 1837 233 1836
f 1836 233 234
f 1836 234 1835
f 1835 234 235
f 1835 235 1834
f 1834 235 236
f 1834 236 1833
f 1833 236 237
f 1833 237 1832
f 1832 237 238
f 1832 238 1831
f 1831 238 239
f 1831 239 1830
f 1830 239 240
f 1830 240 1829
f 1829 240 241
f 1829 241 1828
f 1828 241 242
f 1828 242 1827
f 1827 242 2071
f 1827 2071 1826
f 2059 243 244
f 2059 244 1825
f 1825 244 245
f 1825 245 1824
f 1824 245 246
f 1824 246 1823
f 1823 246 247
f 1823 247 1822
f 1822 247 248
f 1822 248 1821
f 1821 248 249
f 1821 249 1820
f 1820 249 250
f 1820 250 1819
f 1819 250 251
f 1819 251 1818
f 1818 251 252
f 1818 252 1817
f 1817 252 253
f 1817 253 1816
f 1816 253 254
f 1816 254 1815
f 1815 254 255
f 1815 255 1814
f 1814 255 256
f 1814 256 1813
f 1813 256 257
f 1813 257 1812
f 1812 257 258
f 1812 258 1811
f 1811 258 259
f 1811 259 1810
f 1810 259 260
f 1810 260 1809
f 1809 260 261
f 1809 261 1808
f 1808 261 262
f 1808 262 1807
f 1807 262 263
f 1807 263 1806
f 1806 263 264
f 1806 264 1805
f 1805 264 265
f 1805 265 1804
f 1804 265 266
f 1804 266 1803
f 1803 266 267
f 1803 267 1802
f 1802 267 268
f 1802 268 1801
f 1801 268 269
f 1801 269 1800
f 1800 269 270
f 1800 270 1799
f 1799 270 271
f 1799 271 1798
f 1798 271 272
f 1798 272 1797
f 1797 272 273
f 1797 273 1796
f 1796 273 274
f 1796 274 1795
f 1795 274 275
f 1795 275 1794
f 1794 275 276
f 1794 276 1793
f 1793 276 277
f 1793 277 1792
f 1792 277 278
f 1792 278 1791
f 1791 278 279
f 1791 279 1790
f 1790 279 280
f 1790 280 1789
f 1789 280 281
f 1789 281 1788
f 1788 281 282
f 1788 282 1787
f 1787 282 283
f 1787 283 1786
f 1786 283 284
f 1786 284 1785
f 1785 284 285
f 1785 285 1784
f 1784 285 286
f 1784 286 1783
f 1783 286 287
f 1783 287 1782
f 1782 287 288
f 1782 288 1781
f 1781 288 289
f 1781 289 1780
f 1780 289 290
f 1780 290 1779
f 1779 290 291
f 1779 291 1778
f 1778 291 292
f 1778 292 1777
f 1777 292 293
f 1777 293 1776
f 1776 293 294
f 1776 294 1775
f 1775 294 295
f 1775 295 1774
f 1774 295 296
f 1774 296 1773
f 1773 296 297
f 1773 297 1772
f 1772 297 298
f 1772 298 1771
f 1771 298 299
f 1771 299 1770
f 1770 299 300
f 1770 300 1769
f 1769 300 301
f 1769 301 1768
f 1768 301 302
f 1768 302 1767
f 1767 302 303
f 1767 303 1766
f 1766 303 304
f 1766 304 1765
f 1765 304 305
f 1765 305 1764
f 1764 305 306
f 1764 306 1763
f 1763 306 307
f 1763 307 1762
f 1762 307 308
f 1762 308 1761
f 1761 308 309
f 1761 309 1760
f 1760 309 310
f 1760 310 1759
f 1759 310 311
f 1759 311 1758
f 1758 311 312
f 1758 312 1757
f 1757 312 313
f 1757 313 1756
f 1756 313 314
f 1756 314 1755
f 1755 314 315
f 1755 315 1754
f 1754 315 316
f 1754 316 1753
f 1753 316 317
f 1753 317 1752
f 1752 317 318
f 1752 318 1751
f 1751 318 319
f 1751 319 1750
f 1750 319 320
f 1750 320 1749
f 1749 320 321
f 1749 321 1748
f 1748 321 322
f 1748 322 1747
f 1747 322 323
f 1747 323 1746
f 1746 323 324
f 1746 324 1745
f 1745 324 325
f 1745 325 1744
f 1744 325 326
f 1744 326 1743
f 1743 326 327
f 1743 327 1742
f 1742 327 2072
f 1742 2072 1741
f 2060 328 329
f 2060 329 1740
f 1740 329 330
f 1740 330 1739
f 1739 330 331
f 1739 331 1738
f 1738 331 332
f 1738 332 1737
f 1737 332 333
f 1737 333 1736
f 1736 333 334
f 1736 334 1735
f 1735 334 335
f 1735 335 1734
f 1734 335 336
f 1734 336 1733
f 1733 336 337
f 1733 337 1732
f 1732 337 338
f 1732 338 1731
f 1731 338 339
f 1731 339 1730
f 1730 339 340
f 1730 340 1729
f 1729 340 341
f 1729 341 1728
f 1728 341 342
f 1728 342 1727
f 1727 342 343
f 1727 343 1726
f 1726 343 344
f 1726 344 1725
f 1725 344 345
f 1725 345 1724
f 1724 345 346
f 1724 346 1723
f 1723 346 347
f 1723 347 1722
f 1722 347 348
f 1722 348 1721
f 1721 348 349
f 1721 349 1720
f 1720 349 350
f 1720 350 1719
f 1719 350 351
f 1719 351 1718
f 1718 351 352
f 1718 352 1717
f 1717 352 353
f 1717 353 1716
f 1716 353 354
f 1716 354 1715
f 1715 354 355
f 1715 355 1714
f 1714 355 356
f 1714 356 1713
f 1713 356 357
f 1713 357 1712
f 1712 357 358
f 1712 358 1711
f 1711 358 359
f 1711 359 1710
f 1710 359 360
f 1710 360 1709
f 1709 360 361
f 1709 361 1708
f 1708 361 362
f 1708 362 1707
f 1707 362 363
f 1707 363 1706
f 1706 363 364
f 1706 364 1705
f 1705 364 365
f 1705 365 1704
f 1704 365 366
f 1704 366 1703
f 1703 366 367
f 1703 367 1702
f 1702 367 368
f 1702 368 1701
f 1701 368 369
f 1701 369 1700
f 1700 369 370
f 1700 370 1699
f 1699 370 371
f 1699 371 1698
f 1698 371 372
f 1698 372 1697
f 1697 372 373
f 1697 373 1696
f 1696 373 374
f 1696 374 1695
f 1695 374 375
f 1695 375 1694
f 1694 375 376
f 1694 376 1693
f 1693 376 377
f 1693 377 1692
f 1692 377 378
f 1692 378 1691
f 1691 378 379
f 1691 379 1690
f 1690 379 380
f 1690 380 1689
f 1689 380 381
f 1689 381 1688
f 1688 381 382
f 1688 382 1687
f 1687 382 383
f 1687 383 1686
f 1686 383 384
f 1686 384 1685
f 1685 384 385
f 1685 385 1684
f 1684 385 386
f 1684 386 1683
f 1683 386 387
f 1683 387 1682
f 1682 387 388
f 1682 388 1681
f 1681 388 389
f 1681 389 1680
f 1680 389 390
f 1680 390 1679
f 1679 390 391
f 1679 391 1678
f 1678 391 392
f 1678 392 1677
f 1677 392 393
f 1677 393 1676
f 1676 393 394
f 1676 394 1675
f 1675 394 395
f 1675 395 1674
f 1674 395 396
f 1674 396 1673
f 1673 396 397
f 1673 397 1672
f 1672 397 398
f 1672 398 1671
f 1671 398 399
f 1671 399 1670
f 1670 399 400
f 1670 400 1669
f 1669 400 401
f 1669 401 1668
f 1668 401 402
f 1668 402 1667
f 1667 402 403
f 1667 403 1666
f 1666 403 404
f 1666 404 1665
f 1665 404 405
f 1665 405 1664
f 1664 405 406
f 1664 406 1663
f 1663 406 407
f 1663 407 1662
f 1662 407 408
f 1662 408 1661
f 1661 408 409
f 1661 409 1660
f 1660 409 410
f 1660 410 1659
f 1659 410 411
f 1659 411 1658
f 1658 411 412
f 1658 412 1657
f 1657 412 2073
f 1657 2073 1656
f 2061 413 414
f 2061 414 1655
f 1655 414 415
f 1655 415 1654
f 1654 415 416
f 1654 416 1653
f 1653 416 417
f 1653 417 1652
f 1652 417 418
f 1652 418 1651
f 1651 418 419
f 1651 419 1650
f 1650 419 420
f 1650 420 1649
f 1649 420 421
f 1649 421 1648
f 1648 421 422
f 1648 422 1647
f 1647 422 423
f 1647 423 1646
f 1646 423 424
f 1646 424 1645
f 1645 424 425
f 1645 425 1644
f 1644 425 426
f 1644 426 1643
f 1643 426 427
f 1643 427 1642
f 1642 427 428
f 1642 428 1641
f 1641 428 429
f 1641 429 1640
f 1640 429 430
f 1640 430 1639
f 1639 430 431
f 1639 431 1638
f 1638 431 432
f 1638 432 1637
f 1637 432 433
f 1637 433 1636
f 1636 433 434
f 1636 434 1635
f 1635 434 435
f 1635 435 1634
f 1634 435 436
f 1634 436 1633
f 1633 436 437
f 1633 437 1632
f 1632 437 438
f 1632 438 1631
f 1631 438 439
f 1631 439 1630
f 1630 439 440
f 1630 440 1629
f 1629 440 441
f 1629 441 1628
f 1628 441 442
f 1628 442 1627
f 1627 442 443
f 1627 443 1626
f 1626 443 444
f 1626 444 1625
f 1625 444 445
f 1625 445 1624
f 1624 445 446
f 1624 446 1623
f 1623 446 447
f 1623 447 1622
f 1622 447 448
f 1622 448 1621
f 1621 448 449
f 1621 449 1620
f 1620 449 450
f 1620 450 1619
f 1619 450 451
f 1619 451 1618
f 1618 451 452
f 1618 452 1617
f 1617 452 453
f 1617 453 1616
f 1616 453 454
f 1616 454 1615
f 1615 454 455
f 1615 455 1614
f 1614 455 456
f 1614 456 1613
f 1613 456 457
f 1613 457 1612
f 1612 457 458
f 1612 458 1611
f 1611 458 459
f 1611 459 1610
f 1610 459 460
f 1610 460 1609
f 1609 460 461
f 1609 461 1608
f 1608 461 462
f 1608 462 1607
f 1607 462 463
f 1607 463 1606
f 1606 463 464
f 1606 464 1605
f 1605 464 465
f 1605 465 1604
f 1604 465 466
f 1604 466 1603
f 1603 466 467
f 1603 467 1602
f 1602 467 468
f 1602 468 1601
f 1601 468 469
f 1601 469 1600
f 1600 469 470
f 1600 470 1599
f 1599 470 471
f 1599 471 1598
f 1598 471 472
f 1598 472 1597
f 1597 472 473
f 1597 473 1596
f 1596 473 474
f 1596 474 1595
f 1595 474 475
f 1595 475 1594
f 1594 475 476
f 1594 476 1593
f 1593 476 477
f 1593 477 1592
f 1592 477 478
f 1592 478 1591
f 1591 478 479
f 1591 479 1590
f 1590 479 480
f 1590 480 1589
f 1589 480 481
f 1589 481 1588
f 1588 481 482
f 1588 482 1587
f 1587 482 483
f 1587 483 1586
f 1586 483 484
f 1586 484 1585
f 1585 484 485
f 1585 485 1584
f 1584 485 486
f 1584 486 1583
f 1583 486 487
f 1583 487 1582
f 1582 487 488
f 1582 488 1581
f 1581 488 489
f 1581 489 1580
f 1580 489 490
f 1580 490 1579
f 1579 490 491
f 1579 491 1578
f 1578 491 492
f 1578 492 1577
f 1577 492 493
f 1577 493 1576
f 1576 493 494
f 1576 494 1575
f 1575 494 495
f 1575 495 1574
f 1574 495 496
f 1574 496 1573
f 1573 496 497
f 1573 497 1572
f 1572 497 498
f 1572 498 1571
f 1571 498 2074
f 1571 2074 1570
f 2062 499 500
f 2062 500 1569
f 1569 500 501
f 1569 501 1568
f 1568 501 502
f 1568 502 1567
f 1567 502 503
f 1567 503 1566
f 1566 503 504
f 1566 504 1565
f 1565 504 505
f 1565 505 1564
f 1564 505 506
f 1564 506 1563
f 1563 506 507
f 1563 507 1562
f 1562 507 508
f 1562 508 1561
f 1561 508 509
f 1561 509 1560
f 1560 509 510
f 1560 510 1559
f 1559 510 511
f 1559 511 1558
f 1558 511 512
f 1558 512 1557
f 1557 512 513
f 1557 513 1556
f 1556 513 514
f 1556 514 1555
f 1555 514 515
f 1555 515 1554
f 1554 515 516
f 1554 516 1553
f 1553 516 517
f 1553 517 1552
f 1552 517 518
f 1552 518 1551
f 1551 518 519
f 1551 519 1550
f 1550 519 520
f 1550 520 1549
f 1549 520 521
f 1549 521 1548
f 1548 521 522
f 1548 522 1547
f 1547 522 523
f 1547 523 1546
f 1546 523 524
f 1546 524 1545
f 1545 524 525
f 1545 525 1544
f 1544 525 526
f 1544 526 1543
f 1543 526 527
f 1543 527 1542
f 1542 527 528
f 1542 528 1541
f 1541 528 529
f 1541 529 1540
f 1540 529 530
f 1540 530 1539
f 1539 530 531
f 1539 531 1538
f 1538 531 532
f 1538 532 1537
f 1537 532 533
f 1537 533 1536
f 1536 533 534
f 1536 534 1535
f 1535 534 535
f 1535 535 1534
f 1534 535 536
f 1534 536 1533
f 1533 536 537
f 1533 537 1532
f 1532 537 538
f 1532 538 1531
f 1531 538 539
f 1531 539 1530
f 1530 539 540
f 1530 540 1529
f 1529 540 541
f 1529 541 1528
f 1528 541 542
f 1528 542 1527
f 1527 542 543
f 1527 543 1526
f 1526 543 544
f 1526 544 1525
f 1525 544 545
f 1525 545 1524
f 1524 545 546
f 1524 546 1523
f 1523 546 547
f 1523 547 1522
f 1522 547 548
f 1522 548 1521
f 1521 548 549
f 1521 549 1520
f 1520 549 550
f 1520 550 1519
f 1519 550 551
f 1519 551 1518
f 1518 551 552
f 1518 552 1517
f 1517 552 553
f 1517 553 1516
f 1516 553 554
f 1516 554 1515
f 1515 554 555
f 1515 555 1514
f 1514 555 556
f 1514 556 1513
f 1513 556 557
f 1513 557 1512
f 1512 557 558
f 1512 558 1511
f 1511 558 559
f 1511 559 1510
f 1510 559 560
f 1510 560 1509
f 1509 560 561
f 1509 561 1508
f 1508 561 562
f 1508 562 1507
f 1507 562 563
f 1507 563 1506
f 1506 563 564
f 1506 564 1505
f 1505 564 565
f 1505 565 1504
f 1504 565 566
f 1504 566 1503
f 1503 566 567
f 1503 567 1502
f 1502 567 568
f 1502 568 1501
f 1501 568 569
f 1501 569 1500
f 1500 569 570
f 1500 570 1499
f 1499 570 571
f 1499 571 1498
f 1498 571 572
f 1498 572 1497
f 1497 572 573
f 1497 573 1496
f 1496 573 574
f 1496 574 1495
f 1495 574 575
f 1495 575 1494
f 1494 575 576
f 1494 576 1493
f 1493 576 577
f 1493 577 1492
f 1492 577 578
f 1492 578 1491
f 1491 578 579
f 1491 579 1490
f 1490 579 580
f 1490 580 1489
f 1489 580 581
f 1489 581 1488
f 1488 581 582
f 1488 582 1487
f 1487 582 583
f 1487 583 1486
f 1486 583 2075
f 1486 2075 1485
f 2063 584 585
f 2063 585 1484
f 1484 585 586
f 1484 586 1483
f 1483 586 587
f 1483 587 1482
f 1482 587 588
f 1482 588 1481
f 1481 588 589
f 1481 589 1480
f 1480 589 590
f 1480 590 1479
f 1479 590 591
f 1479 591 1478
f 1478 591 592
f 1478 592 1477
f 1477 592 593
f 1477 593 1476
f 1476 593 594
f 1476 594 1475
f 1475 594 595
f 1475 595 1474
f 1474 595 596
f 1474 596 1473
f 1473 596 597
f 1473 597 1472
f 1472 597 598
f 1472 598 1471
f 1471 598 599
f 1471 599 1470
f 1470 599 600
f 1470 600 1469
f 1469 600 601
f 1469 601 1468
f 1468 601 602
f 1468 602 1467
f 1467 602 603
f 1467 603 1466
f 1466 603 604
f 1466 604 1465
f 1465 604 605
f 1465 605 1464
f 1464 605 606
f 1464 606 1463
f 1463 606 607
f 1463 607 1462
f 1462 607 608
f 1462 608 1461
f 1461 608 609
f 1461 609 1460
f 1460 609 610
f 1460 610 1459
f 1459 610 611
f 1459 611 1458
f 1458 611 612
f 1458 612 1457
f 1457 612 613
f 1457 613 1456
f 1456 613 614
f 1456 614 1455
f 1455 614 615
f 1455 615 1454
f 1454 615 616
f 1454 616 1453
f 1453 616 617
f 1453 617 1452
f 1452 617 618
f 1452 618 1451
f 1451 618 619
f 1451 619 1450
f 1450 619 620
f 1450 620 1449
f 1449 620 621
f 1449 621 1448
f 1448 621 622
f 1448 622 1447
f 1447 622 623
f 1447 623 1446
f 1446 623 624
f 1446 624 1445
f 1445 624 625
f 1445 625 1444
f 1444 625 626
f 1444 626 1443
f 1443 626 627
f 1443 627 1442
f 1442 627 628
f 1442 628 1441
f 1441 628 629
f 1441 629 1440
f 1440 629 630
f 1440 630 1439
f 1439 630 631
f 1439 631 1438
f 1438 631 632
f 1438 632 1437
f 1437 632 633
f 1437 633 1436
f 1436 633 634
f 1436 634 1435
f 1435 634 635
f 1435 635 1434
f 1434 635 636
f 1434 636 1433
f 1433 636 637
f 1433 637 1432
f 1432 637 638
f 1432 638 1431
f 1431 638 639
f 1431 639 1430
f 1430 639 640
f 1430 640 1429
f 1429 640 641
f 1429 641 1428
f 1428 641 642
f 1428 642 1427
f 1427 642 643
f 1427 643 1426
f 1426 643 644
f 1426 644 1425
f 1425 644 645
f 1425 645 1424
f 1424 645 646
f 1424 646 1423
f 1423 646 647
f 1423 647 1422
f 1422 647 648
f 1422 648 1421
f 1421 648 649
f 1421 649 1420
f 1420 649 650
f 1420 650 1419
f 1419 650 651
f 1419 651 1418
f 1418 651 652
f 1418 652 1417
f 1417 652 653
f 1417 653 1416
f 1416 653 654
f 1416 654 1415
f 1415 654 655
f 1415 655 1414
f 1414 655 656
f 1414 656 1413
f 1413 656 657
f 1413 657 1412
f 1412 657 658
f 1412 658 1411
f 1411 658 659
f 1411 659 1410
f 1410 659 660
f 1410 660 1409
f 1409 660 661
f 1409 661 1408
f 1408 661 662
f 1408 662 1407
f 1407 662 663
f 1407 663 1406
f 1406 663 664
f 1406 664 1405
f 1405 664 665
f 1405 665 1404
f 1404 665 666
f 1404 666 1403
f 1403 666 667
f 1403 667 1402
f 1402 667 668
f 1402 668 1401
f 1401 668 2076
f 1401 2076 1400
f 2064 669 670
f 2064 670 1399
f 1399 670 671
f 1399 671 1398
f 1398 671 672
f 1398 672 1397
f 1397 672 673
f 1397 673 1396
f 1396 673 674
f 1396 674 1395
f 1395 674 675
f 1395 675 1394
f 1394 675 676
f 1394 676 1393
f 1393 676 677
f 1393 677 1392
f 1392 677 678
f 1392 678 1391
f 1391 678 679
f 1391 679 1390
f 1390 679 680
f 1390 680 1389
f 1389 680 681
f 1389 681 1388
f 1388 681 682
f 1388 682 1387
f 1387 682 683
f 1387 683 1386
f 1386 683 684
f 1386 684 1385
f 1385 684 685
f 1385 685 1384
f 1384 685 686
f 1384 686 1383
f 1383 686 687
f 1383 687 1382
f 1382 687 688
f 1382 688 1381
f 1381 688 689
f 1381 689 1380
f 1380 689 690
f 1380 690 1379
f 1379 690 691
f 1379 691 1378
f 1378 691 692
f 1378 692 1377
f 1377 692 693
f 1377 693 1376
f 1376 693 694
f 1376 694 1375
f 1375 694 695
f 1375 695 1374
f 1374 695 696
f 1374 696 1373
f 1373 696 697
f 1373 697 1372
f 1372 697 698
f 1372 698 1371
f 1371 698 699
f 1371 699 1370
f 1370 699 700
f 1370 700 1369
f 1369 700 701
f 1369 701 1368
f 1368 701 702
f 1368 702 1367
f 1367 702 703
f 1367 703 1366
f 1366 703 704
f 1366 704 1365
f 1365 704 705
f 1365 705 1364
f 1364 705 706
f 1364 706 1363
f 1363 706 707
f 1363 707 1362
f 1362 707 708
f 1362 708 1361
f 1361 708 709
f 1361 709 1360
f 1360 709 710
f 1360 710 1359
f 1359 710 711
f 1359 711 1358
f 1358 711 712
f 1358 712 1357
f 1357 712 713
f 1357 713 1356
f 1356 713 714
f 1356 714 1355
f 1355 714 715
f 1355 715 1354
f 1354 715 716
f 1354 716 1353
f 1353 716 717
f 1353 717 1352
f 1352 717 718
f 1352 718 1351
f 1351 718 719
f 1351 719 1350
f 1350 719 720
f 1350 720 1349
f 1349 720 721
f 1349 721 1348
f 1348 721 722
f 1348 722 1347
f 1347 722 723
f 1347 723 1346
f 1346 723 724
f 1346 724 1345
f 1345 724 725
f 1345 725 1344
f 1344 725 726
f 1344 726 1343
f 1343 726 727
f 1343 727 1342
f 1342 727 728
f 1342 728 1341
f 1341 728 729
f 1341 729 1340
f 1340 729 730
f 1340 730 1339
f 1339 730 731
f 1339 731 1338
f 1338 731 732
f 1338 732 1337
f 1337 732 733
f 1337 733 1336
f 1336 733 734
f 1336 734 1335
f 1335 734 735
f 1335 735 1334
f 1334 735 736
f 1334 736 1333
f 1333 736 737
f 1333 737 1332
f 1332 737 738
f 1332 738 1331
f 1331 738 739
f 1331 739 1330
f 1330 739 740
f 1330 740 1329
f 1329 740 741
f 1329 741 1328
f 1328 741 742
f 1328 742 1327
f 1327 742 743
f 1327 743 1326
f 1326 743 744
f 1326 744 1325
f 1325 744 745
f 1325 745 1324
f 1324 745 746
f 1324 746 1323
f 1323 746 747
f 1323 747 1322
f 1322 747 748
f 1322 748 1321
f 1321 748 749
f 1321 749 1320
f 1320 749 750
f 1320 750 1319
f 1319 750 751
f 1319 751 1318
f 1318 751 752
f 1318 752 1317
f 1317 752 753
f 1317 753 1316
f 1316 753 754
f 1316 754 1315
f 1315 754 2077
f 1315 2077 1314
f 2065 755 756
f 2065 756 1313
f 1313 756 757
f 1313 757 1312
f 1312 757 758
f 1312 758 1311
f 1311 758 759
f 1311 759 1310
f 1310 759 760
f 1310 760 1309
f 1309 760 761
f 1309 761 1308
f 1308 761 762
f 1308 762 1307
f 1307 762 763
f 1307 763 1306
f 1306 763 764
f 1306 764 1305
f 1305 764 765
f 1305 765 1304
f 1304 765 766
f 1304 766 1303
f 1303 766 767
f 1303 767 1302
f 1302 767 768
f 1302 768 1301
f 1301 768 769
f 1301 769 1300
f 1300 769 770
f 1300 770 1299
f 1299 770 771
f 1299 771 1298
f 1298 771 772
f 1298 772 1297
f 1297 772 773
f 1297 773 1296
f 1296 773 774
f 1296 774 1295
f 1295 774 775
f 1295 775 1294
f 1294 775 776
f 1294 776 1293
f 1293 776 777
f 1293 777 1292
f 1292 777 778
f 1292 778 1291
f 1291 778 779
f 1291 779 1290
f 1290 779 780
f 1290 780 1289
f 1289 780 781
f 1289 781 1288
f 1288 781 782
f 1288 782 1287
f 1287 782 783
f 1287 783 1286
f 1286 783 784
f 1286 784 1285
f 1285 784 785
f 1285 785 1284
f 1284 785 786
f 1284 786 1283
f 1283 786 787
f 1283 787 1282
f 1282 787 788
f 1282 788 1281
f 1281 788 789
f 1281 789 1280
f 1280 789 790
f 1280 790 1279
f 1279 790 791
f 1279 791 1278
f 1278 791 792
f 1278 792 1277
f 1277 792 793
f 1277 793 1276
f 1276 793 794
f 1276 794 1275
f 1275 794 795
f 1275 795 1274
f 1274 795 796
f 1274 796 1273
f 1273 796 797
f 1273 797 1272
f 1272 797 798
f 1272 798 1271
f 1271 798 799
f 1271 799 1270
f 1270 799 800
f 1270 800 1269
f 1269 800 801
f 1269 801 1268
f 1268 801 802
f 1268 802 1267
f 1267 802 803
f 1267 803 1266
f 1266 803 804
f 1266 804 1265
f 1265 804 805
f 1265 805 1264
f 1264 805 806
f 1264 806 1263
f 1263 806 807
f 1263 807 1262
f 1262 807 808
f 1262 808 1261
f 1261 808 809
f 1261 809 1260
f 1260 809 810
f 1260 810 1259
f 1259 810 811
f 1259 811 1258
f 1258 811 812
f 1258 812 1257
f 1257 812 813
f 1257 813 1256
f 1256 813 814
f 1256 814 1255
f 1255 814 815
f 1255 815 1254
f 1254 815 816
f 1254 816 1253
f 1253 816 817
f 1253 817 1252
f 1252 817 818
f 1252 818 1251
f 1251 818 819
f 1251 819 1250
f 1250 819 820
f 1250 820 1249
f 1249 820 821
f 1249 821 1248
f 1248 821 822
f 1248 822 1247
f 1247 822 823
f 1247 823 1246
f 1246 823 824
f 1246 824 1245
f 1245 824 825
f 1245 825 1244
f 1244 825 826
f 1244 826 1243
f 1243 826 827
f 1243 827 1242
f 1242 827 828
f 1242 828 1241
f 1241 828 829
f 1241 829 1240
f 1240 829 830
f 1240 830 1239
f 1239 830 831
f 1239 831 1238
f 1238 831 832
f 1238 832 1237
f 1237 832 833
f 1237 833 1236
f 1236 833 834
f 1236 834 1235
f 1235 834 835
f 1235 835 1234
f 1234 835 836
f 1234 836 1233
f 1233 836 837
f 1233 837 1232
f 1232 837 838
f 1232 838 1231
f 1231 838 839
f 1231 839 1230
f 1230 839 2078
f 1230 2078 1229
f 2066 840 841
f 2066 841 1228
f 1228 841 842
f 1228 842 1227
f 1227 842 843
f 1227 843 1226
f 1226 843 844
f 1226 844 1225
f 1225 844 845
f 1225 845 1224
f 1224 845 846
f 1224 846 1223
f 1223 846 847
f 1223 847 1222
f 1222 847 848
f 1222 848 1221
f 1221 848 849
f 1221 849 1220
f 1220 849 850
f 1220 850 1219
f 1219 850 851
f 1219 851 1218
f 1218 851 852
f 1218 852 1217
f 1217 852 853
f 1217 853 1216
f 1216 853 854
f 1216 854 1215
f 1215 854 855
f 1215 855 1214
f 1214 855 856
f 1214 856 1213
f 1213 856 857
f 1213 857 1212
f 1212 857 858
f 1212 858 1211
f 1211 858 859
f 1211 859 1210
f 1210 859 860
f 1210 860 1209
f 1209 860 861
f 1209 861 1208
f 1208 861 862
f 1208 862 1207
f 1207 862 863
f 1207 863 1206
f 1206 863 864
f 1206 864 1205
f 1205 864 865
f 1205 865 1204
f 1204 865 866
f 1204 866 1203
f 1203 866 867
f 1203 867 1202
f 1202 867 868
f 1202 868 1201
f 1201 868 869
f 1201 869 1200
f 1200 869 870
f 1200 870 1199
f 1199 870 871
f 1199 871 1198
f 1198 871 872
f 1198 872 1197
f 1197 872 873
f 1197 873 1196
f 1196 873 874
f 1196 874 1195
f 1195 874 875
f 1195 875 1194
f 1194 875 876
f 1194 876 1193
f 1193 876 877
f 1193 877 1192
f 1192 877 878
f 1192 878 1191
f 1191 878 879
f 1191 879 1190
f 1190 879 880
f 1190 880 1189
f 1189 880 881
f 1189 881 1188
f 1188 881 882
f 1188 882 1187
f 1187 882 883
f 1187 883 1186
f 1186 883 884
f 1186 884 1185
f 1185 884 885
f 1185 885 1184
f 1184 885 886
f 1184 886 1183
f 1183 886 887
f 1183 887 1182
f 1182 887 888
f 1182 888 1181
f 1181 888 889
f 1181 889 1180
f 1180 889 890
f 1180 890 1179
f 1179 890 891
f 1179 891 1178
f 1178 891 892
f 1178 892 1177
f 1177 892 893
f 1177 893 1176
f 1176 893 894
f 1176 894 1175
f 1175 894 895
f 1175 895 1174
f 1174 895 896
f 1174 896 1173
f 1173 896 897
f 1173 897 1172
f 1172 897 898
f 1172 898 1171
f 1171 898 899
f 1171 899 1170
f 1170 899 900
f 1170 900 1169
f 1169 900 901
f 1169 901 1168
f 1168 901 902
f 1168 902 1167
f 1167 902 903
f 1167 903 1166
f 1166 903 904
f 1166 904 1165
f 1165 904 905
f 1165 905 1164
f 1164 905 906
f 1164 906 1163
f 1163 906 907
f 1163 907 1162
f 1162 907 908
f 1162 908 1161
f 1161 908 909
f 1161 909 1160
f 1160 909 910
f 1160 910 1159
f 1159 910 911
f 1159 911 1158
f 1158 911 912
f 1158 912 1157
f 1157 912 913
f 1157 913 1156
f 1156 913 914
f 1156 914 1155
f 1155 914 915
f 1155 915 1154
f 1154 915 916
f 1154 916 1153
f 1153 916 917
f 1153 917 1152
f 1152 917 918
f 1152 918 1151
f 1151 918 919
f 1151 919 1150
f 1150 919 920
f 1150 920 1149
f 1149 920 921
f 1149 921 1148
f 1148 921 922
f 1148 922 1147
f 1147 922 923
f 1147 923 1146
f 1146 923 924
f 1146 924 1145
f 1145 924 2079
f 1145 2079 1144
f 2067 925 926
f 2067 926 1143
f 1143 926 927
f 1143 927 1142
f 1142 927 928
f 1142 928 1141
f 1141 928 929
f 1141 929 1140
f 1140 929 930
f 1140 930 1139
f 1139 930 931
f 1139 931 1138
f 1138 931 932
f 1138 932 1137
f 1137 932 933
f 1137 933 1136
f 1136 933 934
f 1136 934 1135
f 1135 934 935
f 1135 935 1134
f 1134 935 936
f 1134 936 1133
f 1133 936 937
f 1133 937 1132
f 1132 937 938
f 1132 938 1131
f 1131 938 939
f 1131 939 1130
f 1130 939 940
f 1130 940 1129
f 1129 940 941
f 1129 941 1128
f 1128 941 942
f 1128 942 1127
f 1127 942 943
f 1127 943 1126
f 1126 943 944
f 1126 944 1125
f 1125 944 945
f 1125 945 1124
f 1124 945 946
f 1124 946 1123
f 1123 946 947
f 1123 947 1122
f 1122 947 948
f 1122 948 1121
f 1121 948 949
f 1121 949 1120
f 1120 949 950
f 1120 950 1119
f 1119 950 951
f 1119 951 1118
f 1118 951 952
f 1118 952 1117
f 1117 952 953
f 1117 953 1116
f 1116 953 954
f 1116 954 1115
f 1115 954 955
f 1115 955 1114
f 1114 955 956
f 1114 956 1113
f 1113 956 957
f 1113 957 1112
f 1112 957 958
f 1112 958 1111
f 1111 958 959
f 1111 959 1110
f 1110 959 960
f 1110 960 1109
f 1109 960 961
f 1109 961 1108
f 1108 961 962
f 1108 962 1107
f 1107 962 963
f 1107 963 1106
f 1106 963 964
f 1106 964 1105
f 1105 964 965
f 1105 965 1104
f 1104 965 966
f 1104 966 1103
f 1103 966 967
f 1103 967 1102
f 1102 967 968
f 1102 968 1101
f 1101 968 969
f 1101 969 1100
f 1100 969 970
f 1100 970 1099
f 1099 970 971
f 1099 971 1098
f 1098 971 972
f 1098 972 1097
f 1097 972 973
f 1097 973 1096
f 1096 973 974
f 1096 974 1095
f 1095 974 975
f 1095 975 1094
f 1094 975 976
f 1094 976 1093
f 1093 976 977
f 1093 977 1092
f 1092 977 978
f 1092 978 1091
f 1091 978 979
f 1091 979 1090
f 1090 979 980
f 1090 980 1089
f 1089 980 981
f 1089 981 1088
f 1088 981 982
f 1088 982 1087
f 1087 982 983
f 1087 983 1086
f 1086 983 984
f 1086 984 1085
f 1085 984 985
f 1085 985 1084
f 1084 985 986
f 1084 986 1083
f 1083 986 987
f 1083 987 1082
f 1082 987 988
f 1082 988 1081
f 1081 988 989
f 1081 989 1080
f 1080 989 990
f 1080 990 1079
f 1079 990 991
f 1079 991 1078
f 1078 991 992
f 1078 992 1077
f 1077 992 993
f 1077 993 1076
f 1076 993 994
f 1076 994 1075
f 1075 994 995
f 1075 995 1074
f 1074 995 996
f 1074 996 1073
f 1073 996 997
f 1073 997 1072
f 1072 997 998
f 1072 998 1071
f 1071 998 999
f 1071 999 1070
f 1070 999 1000
f 1070 1000 1069
f 1069 1000 1001
f 1069 1001 1068
f 1068 1001 1002
f 1068 1002 1067
f 1067 1002 1003
f 1067 1003 1066
f 1066 1003 1004
f 1066 1004 1065
f 1065 1004 1005
f 1065 1005 1064
f 1064 1005 1006
f 1064 1006 1063
f 1063 1006 1007
f 1063 1007 1062
f 1062 1007 1008
f 1062 1008 1061
f 1061 1008 1009
f 1061 1009 1060
f 1060 1009 1010
f 1060 1010 1059
f 1059 1010 2080
f 1059 2080 1058
f 2068 1011 1012
f 2068 1012 1057
f 1057 1012 1013
f 1057 1013 1056
f 1056 1013 1014
f 1056 1014 1055
f 1055 1014 1015
f 1055 1015 1054
f 1054 1015 1016
f 1054 1016 1053
f 1053 1016 1017
f 1053 1017 1052
f 1052 1017 1018
f 1052 1018 1051
f 1051 1018 1019
f 1051 1019 1050
f 1050 1019 1020
f 1050 1020 1049
f 1049 1020 1021
f 1049 1021 1048
f 1048 1021 1022
f 1048 1022 1047
f 1047 1022 1023
f 1047 1023 1046
f 1046 1023 1024
f 1046 1024 1045
f 1045 1024 1025
f 1045 1025 1044
f 1044 1025 1026
f 1044 1026 1043
f 1043 1026 1027
f 1043 1027 1042
f 1042 1027 1028
f 1042 1028 1041
f 1041 1028 1029
f 1041 1029 1040
f 1040 1029 1039
f 1039 1029 1030
f 1039 1030 1038
f 1038 1030 1037
f 1037 1030 1031
f 1037 1031 1036
f 1036 1031 1032
f 1036 1032 1035
f 1035 1032 1034
f 1034 1032 1033
f 2082 2124 2081
f 2081 2124 2125
f 2081 2125 4160
f 4160 2125 2126
f 4160 2126 4159
f 4159 2126 2127
f 4159 2127 4158
f 4158 2127 2128
f 4158 2128 4157
f 4157 2128 2129
f 4157 2129 4156
f 4156 2129 2130
f 4156 2130 4155
f 4155 2130 2131
f 4155 2131 4154
f 4154 2131 2132
f 4154 2132 4153
f 4153 2132 2133
f 4153 2133 4152
f 4152 2133 2134
f 4152 2134 4151
f 4151 2134 2135
f 4151 2135 4150
f 4150 2135 2136
f 4150 2136 4149
f 4149 2136 2137
f 4149 2137 4148
f 4148 2137 2138
f 4148 2138 4147
f 4147 2138 2139
f 4147 2139 4146
f 4146 2139 2140
f 4146 2140 4145
f 4145 2140 2141
f 4145 2141 4144
f 4144 2141 2142
f 4144 2142 4143
f 4143 2142 2143
f 4143 2143 4142
f 4142 2143 2144
f 4142 2144 4141
f 4141 2144 2145
f 4141 2145 4140
f 4140 2145 2146
f 4140 2146 4139
f 4139 2146 2147
f 4139 2147 4138
f 4138 2147 2148
f 4138 2148 4137
f 4137 2148 2149
f 4137 2149 4136
f 4136 2149 2150
f 4136 2150 4135
f 4135 2150 2151
f 4135 2151 4134
f 4134 2151 2152
f 4134 2152 4133
f 4133 2152 2153
f 4133 2153 4132
f 4132 2153 2154
f 4132 2154 4131
f 4131 2154 2155
f 4131 2155 4130
f 4130 2155 2156
f 4130 2156 4129
f 4129 2156 2157
f 4129 2157 4128
f 4128 2157 2158
f 4128 2158 4127
f 4127 2158 2159
f 4127 2159 4126
f 4126 2159 2160
f 4126 2160 4125
f 4125 2160 2161
f 4125 2161 4124
f 4124 2161 2162
f 4124 2162 4123
f 4123 2162 2163
f 4123 2163 4122
f 4122 2163 2164
f 4122 2164 4121
f 4121 2164 2165
f 4121 2165 4120
f 4120 2165 2166
f 4120 2166 4119
f 4119 2166 2167
f 4119 2167 4118
f 4118 2167 2168
f 4118 2168 4117
f 4117 2168 2169
f 4117 2169 4116
f 4116 2169 2170
f 4116 2170 4115
f 4115 2170 2171
f 4115 2171 4114
f 4114 2171 2172
f 4114 2172 4113
f 4113 2172 2173
f 4113 2173 4112
f 4112 2173 2174
f 4112 2174 4111
f 4111 2174 2175
f 4111 2175 4110
f 4110 2175 2176
f 4110 2176 4109
f 4109 2176 2177
f 4109 2177 4108
f 4108 2177 2178
f 4108 2178 4107
f 4107 2178 2179
f 4107 2179 4106
f 4106 2179 2180
f 4106 2180 4105
f 4105 2180 2181
f 4105 2181 4104
f 4104 2181 2182
f 4104 2182 4103
f 4103 2182 2183
f 4103 2183 4102
f 4102 2183 2184
f 4102 2184 4101
f 4101 2184 2185
f 4101 2185 4100
f 4100 2185 2186
f 4100 2186 4099
f 4099 2186 2187
f 4099 2187 4098
f 4098 2187 2188
f 4098 2188 4097
f 4097 2188 2189
f 4097 2189 4096
f 4096 2189 2190
f 4096 2190 4095
f 4095 2190 2191
f 4095 2191 4094
f 4094 2191 2192
f 4094 2192 4093
f 4093 2192 2193
f 4093 2193 4092
f 4092 2193 2194
f 4092 2194 4091
f 4091 2194 2195
f 4091 2195 4090
f 4090 2195 2196
f 4090 2196 4089
f 4089 2196 2197
f 4089 2197 4088
f 4088 2197 2198
f 4088 2198 4087
f 4087 2198 2199
f 4087 2199 4086
f 4086 2199 2200
f 4086 2200 4085
f 4085 2200 2201
f 4085 2201 4084
f 4084 2201 2202
f 4084 2202 4083
f 4083 2202 2203
f 4083 2203 4082
f 4082 2203 2204
f 4082 2204 4081
f 4081 2204 2205
f 4081 2205 4080
f 4080 2205 2206
f 4080 2206 4079
f 4079 2206 2207
f 4079 2207 4078
f 4078 2207 2208
f 4078 2208 4077
f 4077 2208 2209
f 4077 2209 4076
f 4076 2209 2210
f 4076 2210 4075
f 4075 2210 2211
f 4075 2211 4074
f 4074 2211 2212
f 4074 2212 4073
f 4073 2212 2213
f 4073 2213 4072
f 4072 2213 2214
f 4072 2214 4071
f 4071 2214 2215
f 4071 2215 4070
f 4070 2215 2216
f 4070 2216 4069
f 4069 2216 2217
f 4069 2217 4068
f 4068 2217 2218
f 4068 2218 4067
f 4067 2218 2219
f 4067 2219 4066
f 4066 2219 2220
f 4066 2220 4065
f 4065 2220 2221
f 4065 2221 4064
f 4064 2221 2222
f 4064 2222 4063
f 4063 2222 2223
f 4063 2223 4062
f 4062 2223 2224
f 4062 2224 4061
f 4061 2224 2225
f 4061 2225 4060
f 4060 2225 2226
f 4060 2226 4059
f 4059 2226 2227
f 4059 2227 4058
f 4058 2227 2228
f 4058 2228 4057
f 4057 2228 2229
f 4057 2229 4056
f 4056 2229 2230
f 4056 2230 4055
f 4055 2230 2231
f 4055 2231 4054
f 4054 2231 2232
f 4054 2232 4053
f 4053 2232 2233
f 4053 2233 4052
f 4052 2233 2234
f 4052 2234 4051
f 4051 2234 2235
f 4051 2235 4050
f 4050 2235 2236
f 4050 2236 4049
f 4049 2236 2237
f 4049 2237 4048
f 4048 2237 2238
f 4048 2238 4047
f 4047 2238 2239
f 4047 2239 4046
f 4046 2239 2240
f 4046 2240 4045
f 4045 2240 2241
f 4045 2241 4044
f 4044 2241 2242
f 4044 2242 4043
f 4043 2242 2243
f 4043 2243 4042
f 4042 2243 2244
f 4042 2244 4041
f 4041 2244 2245
f 4041 2245 4040
f 4040 2245 2246
f 4040 2246 4039
f 4039 2246 2247
f 4039 2247 4038
f 4038 2247 2248
f 4038 2248 4037
f 4037 2248 2249
f 4037 2249 4036
f 4036 2249 2250
f 4036 2250 4035
f 4035 2250 2251
f 4035 2251 4034
f 4034 2251 2252
f 4034 2252 4033
f 4033 2252 2253
f 4033 2253 4032
f 4032 2253 2254
f 4032 2254 4031
f 4031 2254 2255
f 4031 2255 4030
f 4030 2255 2256
f 4030 2256 4029
f 4029 2256 2257
f 4029 2257 4028
f 4028 2257 2258
f 4028 2258 4027
f 4027 2258 2259
f 4027 2259 4026
f 4026 2259 2260
f 4026 2260 4025
f 4025 2260 2261
f 4025 2261 4024
f 4024 2261 2262
f 4024 2262 4023
f 4023 2262 2263
f 4023 2263 4022
f 4022 2263 2264
f 4022 2264 4021
f 4021 2264 2265
f 4021 2265 4020
f 4020 2265 2266
f 4020 2266 4019
f 4019 2266 2267
f 4019 2267 4018
f 4018 2267 2268
f 4018 2268 4017
f 4017 2268 2269
f 4017 2269 4016
f 4016 2269 2270
f 4016 2270 4015
f 4015 2270 2271
f 4015 2271 4014
f 4014 2271 2272
f 4014 2272 4013
f 4013 2272 2273
f 4013 2273 4012
f 4012 2273 2274
f 4012 2274 4011
f 4011 2274 2275
f 4011 2275 4010
f 4010 2275 2276
f 4010 2276 4009
f 4009 2276 2277
f 4009 2277 4008
f 4008 2277 2278
f 4008 2278 4007
f 4007 2278 2279
f 4007 2279 4006
f 4006 2279 2280
f 4006 2280 4005
f 4005 2280 2281
f 4005 2281 4004
f 4004 2281 2282
f 4004 2282 4003
f 4003 2282 2283
f 4003 2283 4002
f 4002 2283 2284
f 4002 2284 4001
f 4001 2284 2285
f 4001 2285 4000
f 4000 2285 2286
f 4000 2286 3999
f 3999 2286 2287
f 3999 2287 3998
f 3998 2287 2288
f 3998 2288 3997
f 3997 2288 2289
f 3997 2289 3996
f 3996 2289 2290
f 3996 2290 3995
f 3995 2290 2291
f 3995 2291 3994
f 3994 2291 2292
f 3994 2292 3993
f 3993 2292 2293
f 3993 2293 3992
f 3992 2293 2294
f 3992 2294 3991
f 3991 2294 2295
f 3991 2295 3990
f 3990 2295 2296
f 3990 2296 3989
f 3989 2296 2297
f 3989 2297 3988
f 3988 2297 2298
f 3988 2298 3987
f 3987 2298 2299
f 3987 2299 3986
f 3986 2299 2300
f 3986 2300 3985
f 3985 2300 2301
f 3985 2301 3984
f 3984 2301 2302
f 3984 2302 3983
f 3983 2302 2303
f 3983 2303 3982
f 3982 2303 2304
f 3982 2304 3981
f 3981 2304 2305
f 3981 2305 3980
f 3980 2305 2306
f 3980 2306 3979
f 3979 2306 2307
f 3979 2307 3978
f 3978 2307 2308
f 3978 2308 3977
f 3977 2308 2309
f 3977 2309 3976
f 3976 2309 2310
f 3976 2310 3975
f 3975 2310 2311
f 3975 2311 3974
f 3974 2311 2312
f 3974 2312 3973
f 3973 2312 2313
f 3973 2313 3972
f 3972 2313 2314
f 3972 2314 3971
f 3971 2314 2315
f 3971 2315 3970
f 3970 2315 2316
f 3970 2316 3969
f 3969 2316 2317
f 3969 2317 3968
f 3968 2317 2318
f 3968 2318 3967
f 3967 2318 2319
f 3967 2319 3966
f 3966 2319 2320
f 3966 2320 3965
f 3965 2320 2321
f 3965 2321 3964
f 3964 2321 2322
f 3964 2322 3963
f 3963 2322 2323
f 3963 2323 3962
f 3962 2323 2324
f 3962 2324 3961
f 3961 2324 2325
f 3961 2325 3960
f 3960 2325 2326
f 3960 2326 3959
f 3959 2326 2327
f 3959 2327 3958
f 3958 2327 2328
f 3958 2328 3957
f 3957 2328 2329
f 3957 2329 3956
f 3956 2329 2330
f 3956 2330 3955
f 3955 2330 2331
f 3955 2331 3954
f 3954 2331 2332
f 3954 2332 3953
f 3953 2332 2333
f 3953 2333 3952
f 3952 2333 2334
f 3952 2334 3951
f 3951 2334 2335
f 3951 2335 3950
f 3950 2335 2336
f 3950 2336 3949
f 3949 2336 2337
f 3949 2337 3948
f 3948 2337 2338
f 3948 2338 3947
f 3947 2338 2339
f 3947 2339 3946
f 3946 2339 2340
f 3946 2340 3945
f 3945 2340 2341
f 3945 2341 3944
f 3944 2341 2342
f 3944 2342 3943
f 3943 2342 2343
f 3943 2343 3942
f 3942 2343 2344
f 3942 2344 3941
f 3941 2344 2345
f 3941 2345 3940
f 3940 2345 2346
f 3940 2346 3939
f 3939 2346 2347
f 3939 2347 3938
f 3938 2347 2348
f 3938 2348 3937
f 3937 2348 2349
f 3937 2349 3936
f 3936 2349 2350
f 3936 2350 3935
f 3935 2350 2351
f 3935 2351 3934
f 3934 2351 2352
f 3934 2352 3933
f 3933 2352 2353
f 3933 2353 3932
f 3932 2353 2354
f 3932 2354 3931
f 3931 2354 2355
f 3931 2355 3930
f 3930 2355 2356
f 3930 2356 3929
f 3929 2356 2357
f 3929 2357 3928
f 3928 2357 2358
f 3928 2358 3927
f 3927 2358 2359
f 3927 2359 3926
f 3926 2359 2360
f 3926 2360 3925
f 3925 2360 2361
f 3925 2361 3924
f 3924 2361 2362
f 3924 2362 3923
f 3923 2362 2363
f 3923 2363 3922
f 3922 2363 2364
f 3922 2364 3921
f 3921 2364 2365
f 3921 2365 3920
f 3920 2365 2366
f 3920 2366 3919
f 3919 2366 2367
f 3919 2367 3918
f 3918 2367 2368
f 3918 2368 3917
f 3917 2368 2369
f 3917 2369 3916
f 3916 2369 2370
f 3916 2370 3915
f 3915 2370 2371
f 3915 2371 3914
f 3914 2371 2372
f 3914 2372 3913
f 3913 2372 2373
f 3913 2373 3912
f 3912 2373 2374
f 3912 2374 3911
f 3911 2374 2375
f 3911 2375 3910
f 3910 2375 2376
f 3910 2376 3909
f 3909 2376 2377
f 3909 2377 3908
f 3908 2377 2378
f 3908 2378 3907
f 3907 2378 2379
f 3907 2379 3906
f 3906 2379 2380
f 3906 2380 3905
f 3905 2380 2381
f 3905 2381 3904
f 3904 2381 2382
f 3904 2382 3903
f 3903 2382 2383
f 3903 2383 3902
f 3902 2383 2384
f 3902 2384 3901
f 3901 2384 2385
f 3901 2385 3900
f 3900 2385 2386
f 3900 2386 3899
f 3899 2386 2387
f 3899 2387 3898
f 3898 2387 2388
f 3898 2388 3897
f 3897 2388 2389
f 3897 2389 3896
f 3896 2389 2390
f 3896 2390 3895
f 3895 2390 2391
f 3895 2391 3894
f 3894 2391 2392
f 3894 2392 3893
f 3893 2392 2393
f 3893 2393 3892
f 3892 2393 2394
f 3892 2394 3891
f 3891 2394 2395
f 3891 2395 3890
f 3890 2395 2396
f 3890 2396 3889
f 3889 2396 2397
f 3889 2397 3888
f 3888 2397 2398
f 3888 2398 3887
f 3887 2398 2399
f 3887 2399 3886
f 3886 2399 2400
f 3886 2400 3885
f 3885 2400 2401
f 3885 2401 3884
f 3884 2401 2402
f 3884 2402 3883
f 3883 2402 2403
f 3883 2403 3882
f 3882 2403 2404
f 3882 2404 3881
f 3881 2404 2405
f 3881 2405 3880
f 3880 2405 2406
f 3880 2406 3879
f 3879 2406 2407
f 3879 2407 3878
f 3878 2407 2408
f 3878 2408 3877
f 3877 2408 2409
f 3877 2409 3876
f 3876 2409 2410
f 3876 2410 3875
f 3875 2410 2411
f 3875 2411 3874
f 3874 2411 2412
f 3874 2412 3873
f 3873 2412 2413
f 3873 2413 3872
f 3872 2413 2414
f 3872 2414 3871
f 3871 2414 2415
f 3871 2415 3870
f 3870 2415 2416
f 3870 2416 3869
f 3869 2416 2417
f 3869 2417 3868
f 3868 2417 2418
f 3868 2418 3867
f 3867 2418 2419
f 3867 2419 3866
f 3866 2419 2420
f 3866 2420 3865
f 3865 2420 2421
f 3865 2421 3864
f 3864 2421 2422
f 3864 2422 3863
f 3863 2422 2423
f 3863 2423 3862
f 3862 2423 2424
f 3862 2424 3861
f 3861 2424 2425
f 3861 2425 3860
f 3860 2425 2426
f 3860 2426 3859
f 3859 2426 2427
f 3859 2427 3858
f 3858 2427 2428
f 3858 2428 3857
f 3857 2428 2429
f 3857 2429 3856
f 3856 2429 2430
f 3856 2430 3855
f 3855 2430 2431
f 3855 2431 3854
f 3854 2431 2432
f 3854 2432 3853
f 3853 2432 2433
f 3853 2433 3852
f 3852 2433 2434
f 3852 2434 3851
f 3851 2434 2435
f 3851 2435 3850
f 3850 2435 2436
f 3850 2436 3849
f 3849 2436 2437
f 3849 2437 3848
f 3848 2437 2438
f 3848 2438 3847
f 3847 2438 2439
f 3847 2439 3846
f 3846 2439 2440
f 3846 2440 3845
f 3845 2440 2441
f 3845 2441 3844
f 3844 2441 2442
f 3844 2442 3843
f 3843 2442 2443
f 3843 2443 3842
f 3842 2443 2444
f 3842 2444 3841
f 3841 2444 2445
f 3841 2445 3840
f 3840 2445 2446
f 3840 2446 3839
f 3839 2446 2447
f 3839 2447 3838
f 3838 2447 2448
f 3838 2448 3837
f 3837 2448 2449
f 3837 2449 3836
f 3836 2449 2450
f 3836 2450 3835
f 3835 2450 2451
f 3835 2451 3834
f 3834 2451 2452
f 3834 2452 3833
f 3833 2452 2453
f 3833 2453 3832
f 3832 2453 2454
f 3832 2454 3831
f 3831 2454 2455
f 3831 2455 3830
f 3830 2455 2456
f 3830 2456 3829
f 3829 2456 2457
f 3829 2457 3828
f 3828 2457 2458
f 3828 2458 3827
f 3827 2458 2459
f 3827 2459 3826
f 3826 2459 2460
f 3826 2460 3825
f 3825 2460 2461
f 3825 2461 3824
f 3824 2461 2462
f 3824 2462 3823
f 3823 2462 2463
f 3823 2463 3822
f 3822 2463 2464
f 3822 2464 3821
f 3821 2464 2465
f 3821 2465 3820
f 3820 2465 2466
f 3820 2466 3819
f 3819 2466 2467
f 3819 2467 3818
f 3818 2467 2468
f 3818 2468 3817
f 3817 2468 2469
f 3817 2469 3816
f 3816 2469 2470
f 3816 2470 3815
f 3815 2470 2471
f 3815 2471 3814
f 3814 2471 2472
f 3814 2472 3813
f 3813 2472 2473
f 3813 2473 3812
f 3812 2473 2474
f 3812 2474 3811
f 3811 2474 2475
f 3811 2475 3810
f 3810 2475 2476
f 3810 2476 3809
f 3809 2476 2477
f 3809 2477 3808
f 3808 2477 2478
f 3808 2478 3807
f 3807 2478 2479
f 3807 2479 3806
f 3806 2479 2480
f 3806 2480 3805
f 3805 2480 2481
f 3805 2481 3804
f 3804 2481 2482
f 3804 2482 3803
f 3803 2482 2483
f 3803 2483 3802
f 3802 2483 2484
f 3802 2484 3801
f 3801 2484 2485
f 3801 2485 3800
f 3800 2485 2486
f 3800 2486 3799
f 3799 2486 2487
f 3799 2487 3798
f 3798 2487 2488
f 3798 2488 3797
f 3797 2488 2489
f 3797 2489 3796
f 3796 2489 2490
f 3796 2490 3795
f 3795 2490 2491
f 3795 2491 3794
f 3794 2491 2492
f 3794 2492 3793
f 3793 2492 2493
f 3793 2493 3792
f 3792 2493 2494
f 3792 2494 3791
f 3791 2494 2495
f 3791 2495 3790
f 3790 2495 2496
f 3790 2496 3789
f 3789 2496 2497
f 3789 2497 3788
f 3788 2497 2498
f 3788 2498 3787
f 3787 2498 2499
f 3787 2499 3786
f 3786 2499 2500
f 3786 2500 3785
f 3785 2500 2501
f 3785 2501 3784
f 3784 2501 2502
f 3784 2502 3783
f 3783 2502 2503
f 3783 2503 3782
f 3782 2503 2504
f 3782 2504 3781
f 3781 2504 2505
f 3781 2505 3780
f 3780 2505 2506
f 3780 2506 3779
f 3779 2506 2507
f 3779 2507 3778
f 3778 2507 2508
f 3778 2508 3777
f 3777 2508 2509
f 3777 2509 3776
f 3776 2509 2510
f 3776 2510 3775
f 3775 2510 2511
f 3775 2511 3774
f 3774 2511 2512
f 3774 2512 3773
f 3773 2512 2513
f 3773 2513 3772
f 3772 2513 2514
f 3772 2514 3771
f 3771 2514 2515
f 3771 2515 3770
f 3770 2515 2516
f 3770 2516 3769
f 3769 2516 2517
f 3769 2517 3768
f 3768 2517 2518
f 3768 2518 3767
f 3767 2518 2519
f 3767 2519 3766
f 3766 2519 2520
f 3766 2520 3765
f 3765 2520 2521
f 3765 2521 3764
f 3764 2521 2522
f 3764 2522 3763
f 3763 2522 2523
f 3763 2523 3762
f 3762 2523 2524
f 3762 2524 3761
f 3761 2524 2525
f 3761 2525 3760
f 3760 2525 2526
f 3760 2526 3759
f 3759 2526 2527
f 3759 2527 3758
f 3758 2527 2528
f 3758 2528 3757
f 3757 2528 2529
f 3757 2529 3756
f 3756 2529 2530
f 3756 2530 3755
f 3755 2530 2531
f 3755 2531 3754
f 3754 2531 2532
f 3754 2532 3753
f 3753 2532 2533
f 3753 2533 3752
f 3752 2533 2534
f 3752 2534 3751
f 3751 2534 2535
f 3751 2535 3750
f 3750 2535 2536
f 3750 2536 3749
f 3749 2536 2537
f 3749 2537 3748
f 3748 2537 2538
f 3748 2538 3747
f 3747 2538 2539
f 3747 2539 3746
f 3746 2539 2540
f 3746 2540 3745
f 3745 2540 2541
f 3745 2541 3744
f 3744 2541 2542
f 3744 2542 3743
f 3743 2542 2543
f 3743 2543 3742
f 3742 2543 2544
f 3742 2544 3741
f 3741 2544 2545
f 3741 2545 3740
f 3740 2545 2546
f 3740 2546 3739
f 3739 2546 2547
f 3739 2547 3738
f 3738 2547 2548
f 3738 2548 3737
f 3737 2548 2549
f 3737 2549 3736
f 3736 2549 2550
f 3736 2550 3735
f 3735 2550 2551
f 3735 2551 3734
f 3734 2551 2552
f 3734 2552 3733
f 3733 2552 2553
f 3733 2553 3732
f 3732 2553 2554
f 3732 2554 3731
f 3731 2554 2555
f 3731 2555 3730
f 3730 2555 2556
f 3730 2556 3729
f 3729 2556 2557
f 3729 2557 3728
f 3728 2557 2558
f 3728 2558 3727
f 3727 2558 2559
f 3727 2559 3726
f 3726 2559 2560
f 3726 2560 3725
f 3725 2560 2561
f 3725 2561 3724
f 3724 2561 2562
f 3724 2562 3723
f 3723 2562 2563
f 3723 2563 3722
f 3722 2563 2564
f 3722 2564 3721
f 3721 2564 2565
f 3721 2565 3720
f 3720 2565 2566
f 3720 2566 3719
f 3719 2566 2567
f 3719 2567 3718
f 3718 2567 2568
f 3718 2568 3717
f 3717 2568 2569
f 3717 2569 3716
f 3716 2569 2570
f 3716 2570 3715
f 3715 2570 2571
f 3715 2571 3714
f 3714 2571 2572
f 3714 2572 3713
f 3713 2572 2573
f 3713 2573 3712
f 3712 2573 2574
f 3712 2574 3711
f 3711 2574 2575
f 3711 2575 3710
f 3710 2575 2576
f 3710 2576 3709
f 3709 2576 2577
f 3709 2577 3708
f 3708 2577 2578
f 3708 2578 3707
f 3707 2578 2579
f 3707 2579 3706
f 3706 2579 2580
f 3706 2580 3705
f 3705 2580 2581
f 3705 2581 3704
f 3704 2581 2582
f 3704 2582 3703
f 3703 2582 2583
f 3703 2583 3702
f 3702 2583 2584
f 3702 2584 3701
f 3701 2584 2585
f 3701 2585 3700
f 3700 2585 2586
f 3700 2586 3699
f 3699 2586 2587
f 3699 2587 3698
f 3698 2587 2588
f 3698 2588 3697
f 3697 2588 2589
f 3697 2589 3696
f 3696 2589 2590
f 3696 2590 3695
f 3695 2590 2591
f 3695 2591 3694
f 3694 2591 2592
f 3694 2592 3693
f 3693 2592 2593
f 3693 2593 3692
f 3692 2593 2594
f 3692 2594 3691
f 3691 2594 2595
f 3691 2595 3690
f 3690 2595 2596
f 3690 2596 3689
f 3689 2596 2597
f 3689 2597 3688
f 3688 2597 2598
f 3688 2598 3687
f 3687 2598 2599
f 3687 2599 3686
f 3686 2599 2600
f 3686 2600 3685
f 3685 2600 2601
f 3685 2601 3684
f 3684 2601 2602
f 3684 2602 3683
f 3683 2602 2603
f 3683 2603 3682
f 3682 2603 2604
f 3682 2604 3681
f 3681 2604 2605
f 3681 2605 3680
f 3680 2605 2606
f 3680 2606 3679
f 3679 2606 2607
f 3679 2607 3678
f 3678 2607 2608
f 3678 2608 3677
f 3677 2608 2609
f 3677 2609 3676
f 3676 2609 2610
f 3676 2610 3675
f 3675 2610 2611
f 3675 2611 3674
f 3674 2611 2612
f 3674 2612 3673
f 3673 2612 2613
f 3673 2613 3672
f 3672 2613 2614
f 3672 2614 3671
f 3671 2614 2615
f 3671 2615 3670
f 3670 2615 2616
f 3670 2616 3669
f 3669 2616 2617
f 3669 2617 3668
f 3668 2617 2618
f 3668 2618 3667
f 3667 2618 2619
f 3667 2619 3666
f 3666 2619 2620
f 3666 2620 3665
f 3665 2620 2621
f 3665 2621 3664
f 3664 2621 2622
f 3664 2622 3663
f 3663 2622 2623
f 3663 2623 3662
f 3662 2623 2624
f 3662 2624 3661
f 3661 2624 2625
f 3661 2625 3660
f 3660 2625 2626
f 3660 2626 3659
f 3659 2626 2627
f 3659 2627 3658
f 3658 2627 2628
f 3658 2628 3657
f 3657 2628 2629
f 3657 2629 3656
f 3656 2629 2630
f 3656 2630 3655
f 3655 2630 2631
f 3655 2631 3654
f 3654 2631 2632
f 3654 2632 3653
f 3653 2632 2633
f 3653 2633 3652
f 3652 2633 2634
f 3652 2634 3651
f 3651 2634 2635
f 3651 2635 3650
f 3650 2635 2636
f 3650 2636 3649
f 3649 2636 2637
f 3649 2637 3648
f 3648 2637 2638
f 3648 2638 3647
f 3647 2638 2639
f 3647 2639 3646
f 3646 2639 2640
f 3646 2640 3645
f 3645 2640 2641
f 3645 2641 3644
f 3644 2641 2642
f 3644 2642 3643
f 3643 2642 2643
f 3643 2643 3642
f 3642 2643 2644
f 3642 2644 3641
f 3641 2644 2645
f 3641 2645 3640
f 3640 2645 2646
f 3640 2646 3639
f 3639 2646 2647
f 3639 2647 3638
f 3638 2647 2648
f 3638 2648 3637
f 3637 2648 2649
f 3637 2649 3636
f 3636 2649 2650
f 3636 2650 3635
f 3635 2650 2651
f 3635 2651 3634
f 3634 2651 2652
f 3634 2652 3633
f 3633 2652 2653
f 3633 2653 3632
f 3632 2653 2654
f 3632 2654 3631
f 3631 2654 2655
f 3631 2655 3630
f 3630 2655 2656
f 3630 2656 3629
f 3629 2656 2657
f 3629 2657 3628
f 3628 2657 2658
f 3628 2658 3627
f 3627 2658 2659
f 3627 2659 3626
f 3626 2659 2660
f 3626 2660 3625
f 3625 2660 2661
f 3625 2661 3624
f 3624 2661 2662
f 3624 2662 3623
f 3623 2662 2663
f 3623 2663 3622
f 3622 2663 2664
f 3622 2664 3621
f 3621 2664 2665
f 3621 2665 3620
f 3620 2665 2666
f 3620 2666 3619
f 3619 2666 2667
f 3619 2667 3618
f 3618 2667 2668
f 3618 2668 3617
f 3617 2668 2669
f 3617 2669 3616
f 3616 2669 2670
f 3616 2670 3615
f 3615 2670 2671
f 3615 2671 3614
f 3614 2671 2672
f 3614 2672 3613
f 3613 2672 2673
f 3613 2673 3612
f 3612 2673 2674
f 3612 2674 3611
f 3611 2674 2675
f 3611 2675 3610
f 3610 2675 2676
f 3610 2676 3609
f 3609 2676 2677
f 3609 2677 3608
f 3608 2677 2678
f 3608 2678 3607
f 3607 2678 2679
f 3607 2679 3606
f 3606 2679 2680
f 3606 2680 3605
f 3605 2680 2681
f 3605 2681 3604
f 3604 2681 2682
f 3604 2682 3603
f 3603 2682 2683
f 3603 2683 3602
f 3602 2683 2684
f 3602 2684 3601
f 3601 2684 2685
f 3601 2685 3600
f 3600 2685 2686
f 3600 2686 3599
f 3599 2686 2687
f 3599 2687 3598
f 3598 2687 2688
f 3598 2688 3597
f 3597 2688 2689
f 3597 2689 3596
f 3596 2689 2690
f 3596 2690 3595
f 3595 2690 2691
f 3595 2691 3594
f 3594 2691 2692
f 3594 2692 3593
f 3593 2692 2693
f 3593 2693 3592
f 3592 2693 2694
f 3592 2694 3591
f 3591 2694 2695
f 3591 2695 3590
f 3590 2695 2696
f 3590 2696 3589
f 3589 2696 2697
f 3589 2697 3588
f 3588 2697 2698
f 3588 2698 3587
f 3587 2698 2699
f 3587 2699 3586
f 3586 2699 2700
f 3586 2700 3585
f 3585 2700 2701
f 3585 2701 3584
f 3584 2701 2702
f 3584 2702 3583
f 3583 2702 2703
f 3583 2703 3582
f 3582 2703 2704
f 3582 2704 3581
f 3581 2704 2705
f 3581 2705 3580
f 3580 2705 2706
f 3580 2706 3579
f 3579 2706 2707
f 3579 2707 3578
f 3578 2707 2708
f 3578 2708 3577
f 3577 2708 2709
f 3577 2709 3576
f 3576 2709 2710
f 3576 2710 3575
f 3575 2710 2711
f 3575 2711 3574
f 3574 2711 2712
f 3574 2712 3573
f 3573 2712 2713
f 3573 2713 3572
f 3572 2713 2714
f 3572 2714 3571
f 3571 2714 2715
f 3571 2715 3570
f 3570 2715 2716
f 3570 2716 3569
f 3569 2716 2717
f 3569 2717 3568
f 3568 2717 2718
f 3568 2718 3567
f 3567 2718 2719
f 3567 2719 3566
f 3566 2719 2720
f 3566 2720 3565
f 3565 2720 2721
f 3565 2721 3564
f 3564 2721 2722
f 3564 2722 3563
f 3563 2722 2723
f 3563 2723 3562
f 3562 2723 2724
f 3562 2724 3561
f 3561 2724 2725
f 3561 2725 3560
f 3560 2725 2726
f 3560 2726 3559
f 3559 2726 2727
f 3559 2727 3558
f 3558 2727 2728
f 3558 2728 3557
f 3557 2728 2729
f 3557 2729 3556
f 3556 2729 2730
f 3556 2730 3555
f 3555 2730 2731
f 3555 2731 3554
f 3554 2731 2732
f 3554 2732 3553
f 3553 2732 2733
f 3553 2733 3552
f 3552 2733 2734
f 3552 2734 3551
f 3551 2734 2735
f 3551 2735 3550
f 3550 2735 2736
f 3550 2736 3549
f 3549 2736 2737
f 3549 2737 3548
f 3548 2737 2738
f 3548 2738 3547
f 3547 2738 2739
f 3547 2739 3546
f 3546 2739 2740
f 3546 2740 3545
f 3545 2740 2741
f 3545 2741 3544
f 3544 2741 2742
f 3544 2742 3543
f 3543 2742 2743
f 3543 2743 3542
f 3542 2743 2744
f 3542 2744 3541
f 3541 2744 2745
f 3541 2745 3540
f 3540 2745 2746
f 3540 2746 3539
f 3539 2746 2747
f 3539 2747 3538
f 3538 2747 2748
f 3538 2748 3537
f 3537 2748 2749
f 3537 2749 3536
f 3536 2749 2750
f 3536 2750 3535
f 3535 2750 2751
f 3535 2751 3534
f 3534 2751 2752
f 3534 2752 3533
f 3533 2752 2753
f 3533 2753 3532
f 3532 2753 2754
f 3532 2754 3531
f 3531 2754 2755
f 3531 2755 3530
f 3530 2755 2756
f 3530 2756 3529
f 3529 2756 2757
f 3529 2757 3528
f 3528 2757 2758
f 3528 2758 3527
f 3527 2758 2759
f 3527 2759 3526
f 3526 2759 2760
f 3526 2760 3525
f 3525 2760 2761
f 3525 2761 3524
f 3524 2761 2762
f 3524 2762 3523
f 3523 2762 2763
f 3523 2763 3522
f 3522 2763 2764
f 3522 2764 3521
f 3521 2764 2765
f 3521 2765 3520
f 3520 2765 2766
f 3520 2766 3519
f 3519 2766 2767
f 3519 2767 3518
f 3518 2767 2768
f 3518 2768 3517
f 3517 2768 2769
f 3517 2769 3516
f 3516 2769 2770
f 3516 2770 3515
f 3515 2770 2771
f 3515 2771 3514
f 3514 2771 2772
f 3514 2772 3513
f 3513 2772 2773
f 3513 2773 3512
f 3512 2773 2774
f 3512 2774 3511
f 3511 2774 2775
f 3511 2775 3510
f 3510 2775 2776
f 3510 2776 3509
f 3509 2776 2777
f 3509 2777 3508
f 3508 2777 2778
f 3508 2778 3507
f 3507 2778 2779
f 3507 2779 3506
f 3506 2779 2780
f 3506 2780 3505
f 3505 2780 2781
f 3505 2781 3504
f 3504 2781 2782
f 3504 2782 3503
f 3503 2782 2783
f 3503 2783 3502
f 3502 2783 2784
f 3502 2784 3501
f 3501 2784 2785
f 3501 2785 3500
f 3500 2785 2786
f 3500 2786 3499
f 3499 2786 2787
f 3499 2787 3498
f 3498 2787 2788
f 3498 2788 3497
f 3497 2788 2789
f 3497 2789 3496
f 3496 2789 2790
f 3496 2790 3495
f 3495 2790 2791
f 3495 2791 3494
f 3494 2791 2792
f 3494 2792 3493
f 3493 2792 2793
f 3493 2793 3492
f 3492 2793 2794
f 3492 2794 3491
f 3491 2794 2795
f 3491 2795 3490
f 3490 2795 2796
f 3490 2796 3489
f 3489 2796 2797
f 3489 2797 3488
f 3488 2797 2798
f 3488 2798 3487
f 3487 2798 2799
f 3487 2799 3486
f 3486 2799 2800
f 3486 2800 3485
f 3485 2800 2801
f 3485 2801 3484
f 3484 2801 2802
f 3484 2802 3483
f 3483 2802 2803
f 3483 2803 3482
f 3482 2803 2804
f 3482 2804 3481
f 3481 2804 2805
f 3481 2805 3480
f 3480 2805 2806
f 3480 2806 3479
f 3479 2806 2807
f 3479 2807 3478
f 3478 2807 2808
f 3478 2808 3477
f 3477 2808 2809
f 3477 2809 3476
f 3476 2809 2810
f 3476 2810 3475
f 3475 2810 2811
f 3475 2811 3474
f 3474 2811 2812
f 3474 2812 3473
f 3473 2812 2813
f 3473 2813 3472
f 3472 2813 2814
f 3472 2814 3471
f 3471 2814 2815
f 3471 2815 3470
f 3470 2815 2816
f 3470 2816 3469
f 3469 2816 2817
f 3469 2817 3468
f 3468 2817 2818
f 3468 2818 3467
f 3467 2818 2819
f 3467 2819 3466
f 3466 2819 2820
f 3466 2820 3465
f 3465 2820 2821
f 3465 2821 3464
f 3464 2821 2822
f 3464 2822 3463
f 3463 2822 2823
f 3463 2823 3462
f 3462 2823 2824
f 3462 2824 3461
f 3461 2824 2825
f 3461 2825 3460
f 3460 2825 2826
f 3460 2826 3459
f 3459 2826 2827
f 3459 2827 3458
f 3458 2827 2828
f 3458 2828 3457
f 3457 2828 2829
f 3457 2829 3456
f 3456 2829 2830
f 3456 2830 3455
f 3455 2830 2831
f 3455 2831 3454
f 3454 2831 2832
f 3454 2832 3453
f 3453 2832 2833
f 3453 2833 3452
f 3452 2833 2834
f 3452 2834 3451
f 3451 2834 2835
f 3451 2835 3450
f 3450 2835 2836
f 3450 2836 3449
f 3449 2836 2837
f 3449 2837 3448
f 3448 2837 2838
f 3448 2838 3447
f 3447 2838 2839
f 3447 2839 3446
f 3446 2839 2840
f 3446 2840 3445
f 3445 2840 2841
f 3445 2841 3444
f 3444 2841 2842
f 3444 2842 3443
f 3443 2842 2843
f 3443 2843 3442
f 3442 2843 2844
f 3442 2844 3441
f 3441 2844 2845
f 3441 2845 3440
f 3440 2845 2846
f 3440 2846 3439
f 3439 2846 2847
f 3439 2847 3438
f 3438 2847 2848
f 3438 2848 3437
f 3437 2848 2849
f 3437 2849 3436
f 3436 2849 2850
f 3436 2850 3435
f 3435 2850 2851
f 3435 2851 3434
f 3434 2851 2852
f 3434 2852 3433
f 3433 2852 2853
f 3433 2853 3432
f 3432 2853 2854
f 3432 2854 3431
f 3431 2854 2855
f 3431 2855 3430
f 3430 2855 2856
f 3430 2856 3429
f 3429 2856 2857
f 3429 2857 3428
f 3428 2857 2858
f 3428 2858 3427
f 3427 2858 2859
f 3427 2859 3426
f 3426 2859 2860
f 3426 2860 3425
f 3425 2860 2861
f 3425 2861 3424
f 3424 2861 2862
f 3424 2862 3423
f 3423 2862 2863
f 3423 2863 3422
f 3422 2863 2864
f 3422 2864 3421
f 3421 2864 2865
f 3421 2865 3420
f 3420 2865 2866
f 3420 2866 3419
f 3419 2866 2867
f 3419 2867 3418
f 3418 2867 2868
f 3418 2868 3417
f 3417 2868 2869
f 3417 2869 3416
f 3416 2869 2870
f 3416 2870 3415
f 3415 2870 2871
f 3415 2871 3414
f 3414 2871 2872
f 3414 2872 3413
f 3413 2872 2873
f 3413 2873 3412
f 3412 2873 2874
f 3412 2874 3411
f 3411 2874 2875
f 3411 2875 3410
f 3410 2875 2876
f 3410 2876 3409
f 3409 2876 2877
f 3409 2877 3408
f 3408 2877 2878
f 3408 2878 3407
f 3407 2878 2879
f 3407 2879 3406
f 3406 2879 2880
f 3406 2880 3405
f 3405 2880 2881
f 3405 2881 3404
f 3404 2881 2882
f 3404 2882 3403
f 3403 2882 2883
f 3403 2883 3402
f 3402 2883 2884
f 3402 2884 3401
f 3401 2884 2885
f 3401 2885 3400
f 3400 2885 2886
f 3400 2886 3399
f 3399 2886 2887
f 3399 2887 3398
f 3398 2887 2888
f 3398 2888 3397
f 3397 2888 2889
f 3397 2889 3396
f 3396 2889 2890
f 3396 2890 3395
f 3395 2890 2891
f 3395 2891 3394
f 3394 2891 2892
f 3394 2892 3393
f 3393 2892 2893
f 3393 2893 3392
f 3392 2893 2894
f 3392 2894 3391
f 3391 2894 2895
f 3391 2895 3390
f 3390 2895 2896
f 3390 2896 3389
f 3389 2896 2897
f 3389 2897 3388
f 3388 2897 2898
f 3388 2898 3387
f 3387 2898 2899
f 3387 2899 3386
f 3386 2899 2900
f 3386 2900 3385
f 3385 2900 2901
f 3385 2901 3384
f 3384 2901 2902
f 3384 2902 3383
f 3383 2902 2903
f 3383 2903 3382
f 3382 2903 2904
f 3382 2904 3381
f 3381 2904 2905
f 3381 2905 3380
f 3380 2905 2906
f 3380 2906 3379
f 3379 2906 2907
f 3379 2907 3378
f 3378 2907 2908
f 3378 2908 3377
f 3377 2908 2909
f 3377 2909 3376
f 3376 2909 2910
f 3376 2910 3375
f 3375 2910 2911
f 3375 2911 3374
f 3374 2911 2912
f 3374 2912 3373
f 3373 2912 2913
f 3373 2913 3372
f 3372 2913 2914
f 3372 2914 3371
f 3371 2914 2915
f 3371 2915 3370
f 3370 2915 2916
f 3370 2916 3369
f 3369 2916 2917
f 3369 2917 3368
f 3368 2917 2918
f 3368 2918 3367
f 3367 2918 2919
f 3367 2919 3366
f 3366 2919 2920
f 3366 2920 3365
f 3365 2920 2921
f 3365 2921 3364
f 3364 2921 2922
f 3364 2922 3363
f 3363 2922 2923
f 3363 2923 3362
f 3362 2923 2924
f 3362 2924 3361
f 3361 2924 2925
f 3361 2925 3360
f 3360 2925 2926
f 3360 2926 3359
f 3359 2926 2927
f 3359 2927 3358
f 3358 2927 2928
f 3358 2928 3357
f 3357 2928 2929
f 3357 2929 3356
f 3356 2929 2930
f 3356 2930 3355
f 3355 2930 2931
f 3355 2931 3354
f 3354 2931 2932
f 3354 2932 3353
f 3353 2932 2933
f 3353 2933 3352
f 3352 2933 2934
f 3352 2934 3351
f 3351 2934 2935
f 3351 2935 3350
f 3350 2935 2936
f 3350 2936 3349
f 3349 2936 2937
f 3349 2937 3348
f 3348 2937 2938
f 3348 2938 3347
f 3347 2938 2939
f 3347 2939 3346
f 3346 2939 2940
f 3346 2940 3345
f 3345 2940 2941
f 3345 2941 3344
f 3344 2941 2942
f 3344 2942 3343
f 3343 2942 2943
f 3343 2943 3342
f 3342 2943 2944
f 3342 2944 3341
f 3341 2944 2945
f 3341 2945 3340
f 3340 2945 2946
f 3340 2946 3339
f 3339 2946 2947
f 3339 2947 3338
f 3338 2947 2948
f 3338 2948 3337
f 3337 2948 2949
f 3337 2949 3336
f 3336 2949 2950
f 3336 2950 3335
f 3335 2950 2951
f 3335 2951 3334
f 3334 2951 2952
f 3334 2952 3333
f 3333 2952 2953
f 3333 2953 3332
f 3332 2953 2954
f 3332 2954 3331
f 3331 2954 2955
f 3331 2955 3330
f 3330 2955 2956
f 3330 2956 3329
f 3329 2956 2957
f 3329 2957 3328
f 3328 2957 2958
f 3328 2958 3327
f 3327 2958 2959
f 3327 2959 3326
f 3326 2959 2960
f 3326 2960 3325
f 3325 2960 2961
f 3325 2961 3324
f 3324 2961 2962
f 3324 2962 3323
f 3323 2962 2963
f 3323 2963 3322
f 3322 2963 2964
f 3322 2964 3321
f 3321 2964 2965
f 3321 2965 3320
f 3320 2965 2966
f 3320 2966 3319
f 3319 2966 2967
f 3319 2967 3318
f 3318 2967 2968
f 3318 2968 3317
f 3317 2968 2969
f 3317 2969 3316
f 3316 2969 2970
f 3316 2970 3315
f 3315 2970 2971
f 3315 2971 3314
f 3314 2971 2972
f 3314 2972 3313
f 3313 2972 2973
f 3313 2973 3312
f 3312 2973 2974
f 3312 2974 3311
f 3311 2974 2975
f 3311 2975 3310
f 3310 2975 2976
f 3310 2976 3309
f 3309 2976 2977
f 3309 2977 3308
f 3308 2977 2978
f 3308 2978 3307
f 3307 2978 2979
f 3307 2979 3306
f 3306 2979 2980
f 3306 2980 3305
f 3305 2980 2981
f 3305 2981 3304
f 3304 2981 2982
f 3304 2982 3303
f 3303 2982 2983
f 3303 2983 3302
f 3302 2983 2984
f 3302 2984 3301
f 3301 2984 2985
f 3301 2985 3300
f 3300 2985 2986
f 3300 2986 3299
f 3299 2986 2987
f 3299 2987 3298
f 3298 2987 2988
f 3298 2988 3297
f 3297 2988 2989
f 3297 2989 3296
f 3296 2989 2990
f 3296 2990 3295
f 3295 2990 2991
f 3295 2991 3294
f 3294 2991 2992
f 3294 2992 3293
f 3293 2992 2993
f 3293 2993 3292
f 3292 2993 2994
f 3292 2994 3291
f 3291 2994 2995
f 3291 2995 3290
f 3290 2995 2996
f 3290 2996 3289
f 3289 2996 2997
f 3289 2997 3288
f 3288 2997 2998
f 3288 2998 3287
f 3287 2998 2999
f 3287 2999 3286
f 3286 2999 3000
f 3286 3000 3285
f 3285 3000 3001
f 3285 3001 3284
f 3284 3001 3002
f 3284 3002 3283
f 3283 3002 3003
f 3283 3003 3282
f 3282 3003 3004
f 3282 3004 3281
f 3281 3004 3005
f 3281 3005 3280
f 3280 3005 3006
f 3280 3006 3279
f 3279 3006 3007
f 3279 3007 3278
f 3278 3007 3008
f 3278 3008 3277
f 3277 3008 3009
f 3277 3009 3276
f 3276 3009 3010
f 3276 3010 3275
f 3275 3010 3011
f 3275 3011 3274
f 3274 3011 3012
f 3274 3012 3273
f 3273 3012 3013
f 3273 3013 3272
f 3272 3013 3014
f 3272 3014 3271
f 3271 3014 3015
f 3271 3015 3270
f 3270 3015 3016
f 3270 3016 3269
f 3269 3016 3017
f 3269 3017 3268
f 3268 3017 3018
f 3268 3018 3267
f 3267 3018 3019
f 3267 3019 3266
f 3266 3019 3020
f 3266 3020 3265
f 3265 3020 3021
f 3265 3021 3264
f 3264 3021 3022
f 3264 3022 3263
f 3263 3022 3023
f 3263 3023 3262
f 3262 3023 3024
f 3262 3024 3261
f 3261 3024 3025
f 3261 3025 3260
f 3260 3025 3026
f 3260 3026 3259
f 3259 3026 3027
f 3259 3027 3258
f 3258 3027 3028
f 3258 3028 3257
f 3257 3028 3029
f 3257 3029 3256
f 3256 3029 3030
f 3256 3030 3255
f 3255 3030 3031
f 3255 3031 3254
f 3254 3031 3032
f 3254 3032 3253
f 3253 3032 3033
f 3253 3033 3252
f 3252 3033 3034
f 3252 3034 3251
f 3251 3034 3035
f 3251 3035 3250
f 3250 3035 3036
f 3250 3036 3249
f 3249 3036 3037
f 3249 3037 3248
f 3248 3037 3038
f 3248 3038 3247
f 3247 3038 3039
f 3247 3039 3246
f 3246 3039 3040
f 3246 3040 3245
f 3245 3040 3041
f 3245 3041 3244
f 3244 3041 3042
f 3244 3042 3243
f 3243 3042 3043
f 3243 3043 3242
f 3242 3043 3044
f 3242 3044 3241
f 3241 3044 3045
f 3241 3045 3240
f 3240 3045 3046
f 3240 3046 3239
f 3239 3046 3047
f 3239 3047 3238
f 3238 3047 3048
f 3238 3048 3237
f 3237 3048 3049
f 3237 3049 3236
f 3236 3049 3050
f 3236 3050 3235
f 3235 3050 3051
f 3235 3051 3234
f 3234 3051 3052
f 3234 3052 3233
f 3233 3052 3053
f 3233 3053 3232
f 3232 3053 3054
f 3232 3054 3231
f 3231 3054 3055
f 3231 3055 3230
f 3230 3055 3056
f 3230 3056 3229
f 3229 3056 3057
f 3229 3057 3228
f 3228 3057 3058
f 3228 3058 3227
f 3227 3058 3059
f 3227 3059 3226
f 3226 3059 3060
f 3226 3060 3225
f 3225 3060 3061
f 3225 3061 3224
f 3224 3061 3062
f 3224 3062 3223
f 3223 3062 3063
f 3223 3063 3222
f 3222 3063 3064
f 3222 3064 3221
f 3221 3064 3065
f 3221 3065 3220
f 3220 3065 3066
f 3220 3066 3219
f 3219 3066 3067
f 3219 3067 3218
f 3218 3067 3068
f 3218 3068 3217
f 3217 3068 3069
f 3217 3069 3216
f 3216 3069 3070
f 3216 3070 3215
f 3215 3070 3071
f 3215 3071 3214
f 3214 3071 3072
f 3214 3072 3213
f 3213 3072 3073
f 3213 3073 3212
f 3212 3073 3074
f 3212 3074 3211
f 3211 3074 3075
f 3211 3075 3210
f 3210 3075 3076
f 3210 3076 3209
f 3209 3076 3077
f 3209 3077 3208
f 3208 3077 3078
f 3208 3078 3207
f 3207 3078 3079
f 3207 3079 3206
f 3206 3079 3080
f 3206 3080 3205
f 3205 3080 3081
f 3205 3081 3204
f 3204 3081 3082
f 3204 3082 3203
f 3203 3082 3083
f 3203 3083 3202
f 3202 3083 3084
f 3202 3084 3201
f 3201 3084 3085
f 3201 3085 3200
f 3200 3085 3086
f 3200 3086 3199
f 3199 3086 3087
f 3199 3087 3198
f 3198 3087 3088
f 3198 3088 3197
f 3197 3088 3089
f 3197 3089 3196
f 3196 3089 3090
f 3196 3090 3195
f 3195 3090 3091
f 3195 3091 3194
f 3194 3091 3092
f 3194 3092 3193
f 3193 3092 3093
f 3193 3093 3192
f 3192 3093 3094
f 3192 3094 3191
f 3191 3094 3095
f 3191 3095 3190
f 3190 3095 3096
f 3190 3096 3189
f 3189 3096 3097
f 3189 3097 3188
f 3188 3097 3098
f 3188 3098 3187
f 3187 3098 3099
f 3187 3099 3186
f 3186 3099 3100
f 3186 3100 3185
f 3185 3100 3101
f 3185 3101 3184
f 3184 3101 3102
f 3184 3102 3183
f 3183 3102 3103
f 3183 3103 3182
f 3182 3103 3104
f 3182 3104 3181
f 3181 3104 3105
f 3181 3105 3180
f 3180 3105 3106
f 3180 3106 3179
f 3179 3106 3107
f 3179 3107 3178
f 3178 3107 3108
f 3178 3108 3177
f 3177 3108 3109
f 3177 3109 3176
f 3176 3109 3110
f 3176 3110 3175
f 3175 3110 3111
f 3175 3111 3174
f 3174 3111 3112
f 3174 3112 3173
f 3173 3112 3113
f 3173 3113 3172
f 3172 3113 3114
f 3172 3114 3171
f 3171 3114 3115
f 3171 3115 3170
f 3170 3115 3116
f 3170 3116 3169
f 3169 3116 3117
f 3169 3117 3168
f 3168 3117 3118
f 3168 3118 3167
f 3167 3118 3119
f 3167 3119 3166
f 3166 3119 3120
f 3166 3120 3165
f 3165 3120 3121
f 3165 3121 3164
f 3164 3121 3122
f 3164 3122 3163
f 3163 3122 3162
f 3162 3122 3123
f 3162 3123 3161
f 3161 3123 3160
f 3160 3123 3124
f 3160 3124 3159
f 3159 3124 3125
f 3159 3125 3158
f 3158 3125 3157
f 3157 3125 3126
f 3157 3126 3156
f 3156 3126 3155
f 3155 3126 3127
f 3155 3127 3154
f 3154 3127 3128
f 3154 3128 3153
f 3153 3128 3152
f 3152 3128 3129
f 3152 3129 3151
f 3151 3129 3150
f 3150 3129 3130
f 3150 3130 3149
f 3149 3130 3148
f 3148 3130 3131
f 3148 3131 3147
f 3147 3131 3132
f 3147 3132 3146
f 3146 3132 3145
f 3145 3132 3133
f 3145 3133 3144
f 3144 3133 3143
f 3143 3133 3134
f 3143 3134 3142
f 3142 3134 3141
f 3141 3134 3135
f 3141 3135 3140
f 3140 3135 3136
f 3140 3136 3139
f 3139 3136 3138
f 3138 3136 3137
f 2083 2122 2082
f 2082 2122 2123
f 2082 2123 2124
f 2084 2120 2083
f 2083 2120 2121
f 2083 2121 2122
f 2085 2118 2084
f 2084 2118 2119
f 2084 2119 2120
f 2118 2085 2117
f 2117 2085 2086
f 2117 2086 2116
f 2116 2086 2115
f 2115 2086 2087
f 2115 2087 2114
f 2114 2087 2113
f 2113 2087 2088
f 2113 2088 2112
f 2112 2088 2111
f 2111 2088 2089
f 2111 2089 2110
f 2110 2089 2090
f 2110 2090 2109
f 2109 2090 2108
f 2108 2090 2091
f 2108 2091 2107
f 2107 2091 2106
f 2106 2091 2092
f 2106 2092 2105
f 2105 2092 2093
f 2105 2093 2104
f 2104 2093 2103
f 2103 2093 2094
f 2103 2094 2102
f 2102 2094 2101
f 2101 2094 2095
f 2101 2095 2100
f 2100 2095 2099
f 2099 2095 2096
f 2099 2096 2098
f 2098 2096 2097
f 4162 4204 4161
f 4161 4204 4205
f 4161 4205 6240
f 6240 4205 4206
f 6240 4206 6239
f 6239 4206 4207
f 6239 4207 6238
f 6238 4207 4208
f 6238 4208 6237
f 6237 4208 4209
f 6237 4209 6236
f 6236 4209 4210
f 6236 4210 6235
f 6235 4210 4211
f 6235 4211 6234
f 6234 4211 4212
f 6234 4212 6233
f 6233 4212 4213
f 6233 4213 6232
f 6232 4213 4214
f 6232 4214 6231
f 6231 4214 4215
f 6231 4215 6230
f 6230 4215 4216
f 6230 4216 6229
f 6229 4216 4217
f 6229 4217 6228
f 6228 4217 4218
f 6228 4218 6227
f 6227 4218 4219
f 6227 4219 6226
f 6226 4219 4220
f 6226 4220 6225
f 6225 4220 4221
f 6225 4221 6224
f 6224 4221 4222
f 6224 4222 6223
f 6223 4222 4223
f 6223 4223 6222
f 6222 4223 4224
f 6222 4224 6221
f 6221 4224 4225
f 6221 4225 6220
f 6220 4225 4226
f 6220 4226 6219
f 6219 4226 4227
f 6219 4227 6218
f 6218 4227 4228
f 6218 4228 6217
f 6217 4228 4229
f 6217 4229 6216
f 6216 4229 4230
f 6216 4230 6215
f 6215 4230 4231
f 6215 4231 6214
f 6214 4231 4232
f 6214 4232 6213
f 6213 4232 4233
f 6213 4233 6212
f 6212 4233 4234
f 6212 4234 6211
f 6211 4234 4235
f 6211 4235 6210
f 6210 4235 4236
f 6210 4236 6209
f 6209 4236 4237
f 6209 4237 6208
f 6208 4237 4238
f 6208 4238 6207
f 6207 4238 4239
f 6207 4239 6206
f 6206 4239 4240
f 6206 4240 6205
f 6205 4240 4241
f 6205 4241 6204
f 6204 4241 4242
f 6204 4242 6203
f 6203 4242 4243
f 6203 4243 6202
f 6202 4243 4244
f 6202 4244 6201
f 6201 4244 4245
f 6201 4245 6200
f 6200 4245 4246
f 6200 4246 6199
f 6199 4246 4247
f 6199 4247 6198
f 6198 4247 4248
f 6198 4248 6197
f 6197 4248 4249
f 6197 4249 6196
f 6196 4249 4250
f 6196 4250 6195
f 6195 4250 4251
f 6195 4251 6194
f 6194 4251 4252
f 6194 4252 6193
f 6193 4252 4253
f 6193 4253 6192
f 6192 4253 4254
f 6192 4254 6191
f 6191 4254 4255
f 6191 4255 6190
f 6190 4255 4256
f 6190 4256 6189
f 6189 4256 4257
f 6189 4257 6188
f 6188 4257 4258
f 6188 4258 6187
f 6187 4258 4259
f 6187 4259 6186
f 6186 4259 4260
f 6186 4260 6185
f 6185 4260 4261
f 6185 4261 6184
f 6184 4261 4262
f 6184 4262 6183
f 6183 4262 4263
f 6183 4263 6182
f 6182 4263 4264
f 6182 4264 6181
f 6181 4264 4265
f 6181 4265 6180
f 6180 4265 4266
f 6180 4266 6179
f 6179 4266 4267
f 6179 4267 6178
f 6178 4267 4268
f 6178 4268 6177
f 6177 4268 4269
f 6177 4269 6176
f 6176 4269 4270
f 6176 4270 6175
f 6175 4270 4271
f 6175 4271 6174
f 6174 4271 4272
f 6174 4272 6173
f 6173 4272 4273
f 6173 4273 6172
f 6172 4273 4274
f 6172 4274 6171
f 6171 4274 4275
f 6171 4275 6170
f 6170 4275 4276
f 6170 4276 6169
f 6169 4276 4277
f 6169 4277 6168
f 6168 4277 4278
f 6168 4278 6167
f 6167 4278 4279
f 6167 4279 6166
f 6166 4279 4280
f 6166 4280 6165
f 6165 4280 4281
f 6165 4281 6164
f 6164 4281 4282
f 6164 4282 6163
f 6163 4282 4283
f 6163 4283 6162
f 6162 4283 4284
f 6162 4284 6161
f 6161 4284 4285
f 6161 4285 6160
f 6160 4285 4286
f 6160 4286 6159
f 6159 4286 4287
f 6159 4287 6158
f 6158 4287 4288
f 6158 4288 6157
f 6157 4288 4289
f 6157 4289 6156
f 6156 4289 4290
f 6156 4290 6155
f 6155 4290 4291
f 6155 4291 6154
f 6154 4291 4292
f 6154 4292 6153
f 6153 4292 4293
f 6153 4293 6152
f 6152 4293 4294
f 6152 4294 6151
f 6151 4294 4295
f 6151 4295 6150
f 6150 4295 4296
f 6150 4296 6149
f 6149 4296 4297
f 6149 4297 6148
f 6148 4297 4298
f 6148 4298 6147
f 6147 4298 4299
f 6147 4299 6146
f 6146 4299 4300
f 6146 4300 6145
f 6145 4300 4301
f 6145 4301 6144
f 6144 4301 4302
f 6144 4302 6143
f 6143 4302 4303
f 6143 4303 6142
f 6142 4303 4304
f 6142 4304 6141
f 6141 4304 4305
f 6141 4305 6140
f 6140 4305 4306
f 6140 4306 6139
f 6139 4306 4307
f 6139 4307 6138
f 6138 4307 4308
f 6138 4308 6137
f 6137 4308 4309
f 6137 4309 6136
f 6136 4309 4310
f 6136 4310 6135
f 6135 4310 4311
f 6135 4311 6134
f 6134 4311 4312
f 6134 4312 6133
f 6133 4312 4313
f 6133 4313 6132
f 6132 4313 4314
f 6132 4314 6131
f 6131 4314 4315
f 6131 4315 6130
f 6130 4315 4316
f 6130 4316 6129
f 6129 4316 4317
f 6129 4317 6128
f 6128 4317 4318
f 6128 4318 6127
f 6127 4318 4319
f 6127 4319 6126
f 6126 4319 4320
f 6126 4320 6125
f 6125 4320 4321
f 6125 4321 6124
f 6124 4321 4322
f 6124 4322 6123
f 6123 4322 4323
f 6123 4323 6122
f 6122 4323 4324
f 6122 4324 6121
f 6121 4324 4325
f 6121 4325 6120
f 6120 4325 4326
f 6120 4326 6119
f 6119 4326 4327
f 6119 4327 6118
f 6118 4327 4328
f 6118 4328 6117
f 6117 4328 4329
f 6117 4329 6116
f 6116 4329 4330
f 6116 4330 6115
f 6115 4330 4331
f 6115 4331 6114
f 6114 4331 4332
f 6114 4332 6113
f 6113 4332 4333
f 6113 4333 6112
f 6112 4333 4334
f 6112 4334 6111
f 6111 4334 4335
f 6111 4335 6110
f 6110 4335 4336
f 6110 4336 6109
f 6109 4336 4337
f 6109 4337 6108
f 6108 4337 4338
f 6108 4338 6107
f 6107 4338 4339
f 6107 4339 6106
f 6106 4339 4340
f 6106 4340 6105
f 6105 4340 4341
f 6105 4341 6104
f 6104 4341 4342
f 6104 4342 6103
f 6103 4342 4343
f 6103 4343 6102
f 6102 4343 4344
f 6102 4344 6101
f 6101 4344 4345
f 6101 4345 6100
f 6100 4345 4346
f 6100 4346 6099
f 6099 4346 4347
f 6099 4347 6098
f 6098 4347 4348
f 6098 4348 6097
f 6097 4348 4349
f 6097 4349 6096
f 6096 4349 4350
f 6096 4350 6095
f 6095 4350 4351
f 6095 4351 6094
f 6094 4351 4352
f 6094 4352 6093
f 6093 4352 4353
f 6093 4353 6092
f 6092 4353 4354
f 6092 4354 6091
f 6091 4354 4355
f 6091 4355 6090
f 6090 4355 4356
f 6090 4356 6089
f 6089 4356 4357
f 6089 4357 6088
f 6088 4357 4358
f 6088 4358 6087
f 6087 4358 4359
f 6087 4359 6086
f 6086 4359 4360
f 6086 4360 6085
f 6085 4360 4361
f 6085 4361 6084
f 6084 4361 4362
f 6084 4362 6083
f 6083 4362 4363
f 6083 4363 6082
f 6082 4363 4364
f 6082 4364 6081
f 6081 4364 4365
f 6081 4365 6080
f 6080 4365 4366
f 6080 4366 6079
f 6079 4366 4367
f 6079 4367 6078
f 6078 4367 4368
f 6078 4368 6077
f 6077 4368 4369
f 6077 4369 6076
f 6076 4369 4370
f 6076 4370 6075
f 6075 4370 4371
f 6075 4371 6074
f 6074 4371 4372
f 6074 4372 6073
f 6073 4372 4373
f 6073 4373 6072
f 6072 4373 4374
f 6072 4374 6071
f 6071 4374 4375
f 6071 4375 6070
f 6070 4375 4376
f 6070 4376 6069
f 6069 4376 4377
f 6069 4377 6068
f 6068 4377 4378
f 6068 4378 6067
f 6067 4378 4379
f 6067 4379 6066
f 6066 4379 4380
f 6066 4380 6065
f 6065 4380 4381
f 6065 4381 6064
f 6064 4381 4382
f 6064 4382 6063
f 6063 4382 4383
f 6063 4383 6062
f 6062 4383 4384
f 6062 4384 6061
f 6061 4384 4385
f 6061 4385 6060
f 6060 4385 4386
f 6060 4386 6059
f 6059 4386 4387
f 6059 4387 6058
f 6058 4387 4388
f 6058 4388 6057
f 6057 4388 4389
f 6057 4389 6056
f 6056 4389 4390
f 6056 4390 6055
f 6055 4390 4391
f 6055 4391 6054
f 6054 4391 4392
f 6054 4392 6053
f 6053 4392 4393
f 6053 4393 6052
f 6052 4393 4394
f 6052 4394 6051
f 6051 4394 4395
f 6051 4395 6050
f 6050 4395 4396
f 6050 4396 6049
f 6049 4396 4397
f 6049 4397 6048
f 6048 4397 4398
f 6048 4398 6047
f 6047 4398 4399
f 6047 4399 6046
f 6046 4399 4400
f 6046 4400 6045
f 6045 4400 4401
f 6045 4401 6044
f 6044 4401 4402
f 6044 4402 6043
f 6043 4402 4403
f 6043 4403 6042
f 6042 4403 4404
f 6042 4404 6041
f 6041 4404 4405
f 6041 4405 6040
f 6040 4405 4406
f 6040 4406 6039
f 6039 4406 4407
f 6039 4407 6038
f 6038 4407 4408
f 6038 4408 6037
f 6037 4408 4409
f 6037 4409 6036
f 6036 4409 4410
f 6036 4410 6035
f 6035 4410 4411
f 6035 4411 6034
f 6034 4411 4412
f 6034 4412 6033
f 6033 4412 4413
f 6033 4413 6032
f 6032 4413 4414
f 6032 4414 6031
f 6031 4414 4415
f 6031 4415 6030
f 6030 4415 4416
f 6030 4416 6029
f 6029 4416 4417
f 6029 4417 6028
f 6028 4417 4418
f 6028 4418 6027
f 6027 4418 4419
f 6027 4419 6026
f 6026 4419 4420
f 6026 4420 6025
f 6025 4420 4421
f 6025 4421 6024
f 6024 4421 4422
f 6024 4422 6023
f 6023 4422 4423
f 6023 4423 6022
f 6022 4423 4424
f 6022 4424 6021
f 6021 4424 4425
f 6021 4425 6020
f 6020 4425 4426
f 6020 4426 6019
f 6019 4426 4427
f 6019 4427 6018
f 6018 4427 4428
f 6018 4428 6017
f 6017 4428 4429
f 6017 4429 6016
f 6016 4429 4430
f 6016 4430 6015
f 6015 4430 4431
f 6015 4431 6014
f 6014 4431 4432
f 6014 4432 6013
f 6013 4432 4433
f 6013 4433 6012
f 6012 4433 4434
f 6012 4434 6011
f 6011 4434 4435
f 6011 4435 6010
f 6010 4435 4436
f 6010 4436 6009
f 6009 4436 4437
f 6009 4437 6008
f 6008 4437 4438
f 6008 4438 6007
f 6007 4438 4439
f 6007 4439 6006
f 6006 4439 4440
f 6006 4440 6005
f 6005 4440 4441
f 6005 4441 6004
f 6004 4441 4442
f 6004 4442 6003
f 6003 4442 4443
f 6003 4443 6002
f 6002 4443 4444
f 6002 4444 6001
f 6001 4444 4445
f 6001 4445 6000
f 6000 4445 4446
f 6000 4446 5999
f 5999 4446 4447
f 5999 4447 5998
f 5998 4447 4448
f 5998 4448 5997
f 5997 4448 4449
f 5997 4449 5996
f 5996 4449 4450
f 5996 4450 5995
f 5995 4450 4451
f 5995 4451 5994
f 5994 4451 4452
f 5994 4452 5993
f 5993 4452 4453
f 5993 4453 5992
f 5992 4453 4454
f 5992 4454 5991
f 5991 4454 4455
f 5991 4455 5990
f 5990 4455 4456
f 5990 4456 5989
f 5989 4456 4457
f 5989 4457 5988
f 5988 4457 4458
f 5988 4458 5987
f 5987 4458 4459
f 5987 4459 5986
f 5986 4459 4460
f 5986 4460 5985
f 5985 4460 4461
f 5985 4461 5984
f 5984 4461 4462
f 5984 4462 5983
f 5983 4462 4463
f 5983 4463 5982
f 5982 4463 4464
f 5982 4464 5981
f 5981 4464 4465
f 5981 4465 5980
f 5980 4465 4466
f 5980 4466 5979
f 5979 4466 4467
f 5979 4467 5978
f 5978 4467 4468
f 5978 4468 5977
f 5977 4468 4469
f 5977 4469 5976
f 5976 4469 4470
f 5976 4470 5975
f 5975 4470 4471
f 5975 4471 5974
f 5974 4471 4472
f 5974 4472 5973
f 5973 4472 4473
f 5973 4473 5972
f 5972 4473 4474
f 5972 4474 5971
f 5971 4474 4475
f 5971 4475 5970
f 5970 4475 4476
f 5970 4476 5969
f 5969 4476 4477
f 5969 4477 5968
f 5968 4477 4478
f 5968 4478 5967
f 5967 4478 4479
f 5967 4479 5966
f 5966 4479 4480
f 5966 4480 5965
f 5965 4480 4481
f 5965 4481 5964
f 5964 4481 4482
f 5964 4482 5963
f 5963 4482 4483
f 5963 4483 5962
f 5962 4483 4484
f 5962 4484 5961
f 5961 4484 4485
f 5961 4485 5960
f 5960 4485 4486
f 5960 4486 5959
f 5959 4486 4487
f 5959 4487 5958
f 5958 4487 4488
f 5958 4488 5957
f 5957 4488 4489
f 5957 4489 5956
f 5956 4489 4490
f 5956 4490 5955
f 5955 4490 4491
f 5955 4491 5954
f 5954 4491 4492
f 5954 4492 5953
f 5953 4492 4493
f 5953 4493 5952
f 5952 4493 4494
f 5952 4494 5951
f 5951 4494 4495
f 5951 4495 5950
f 5950 4495 4496
f 5950 4496 5949
f 5949 4496 4497
f 5949 4497 5948
f 5948 4497 4498
f 5948 4498 5947
f 5947 4498 4499
f 5947 4499 5946
f 5946 4499 4500
f 5946 4500 5945
f 5945 4500 4501
f 5945 4501 5944
f 5944 4501 4502
f 5944 4502 5943
f 5943 4502 4503
f 5943 4503 5942
f 5942 4503 4504
f 5942 4504 5941
f 5941 4504 4505
f 5941 4505 5940
f 5940 4505 4506
f 5940 4506 5939
f 5939 4506 4507
f 5939 4507 5938
f 5938 4507 4508
f 5938 4508 5937
f 5937 4508 4509
f 5937 4509 5936
f 5936 4509 4510
f 5936 4510 5935
f 5935 4510 4511
f 5935 4511 5934
f 5934 4511 4512
f 5934 4512 5933
f 5933 4512 4513
f 5933 4513 5932
f 5932 4513 4514
f 5932 4514 5931
f 5931 4514 4515
f 5931 4515 5930
f 5930 4515 4516
f 5930 4516 5929
f 5929 4516 4517
f 5929 4517 5928
f 5928 4517 4518
f 5928 4518 5927
f 5927 4518 4519
f 5927 4519 5926
f 5926 4519 4520
f 5926 4520 5925
f 5925 4520 4521
f 5925 4521 5924
f 5924 4521 4522
f 5924 4522 5923
f 5923 4522 4523
f 5923 4523 5922
f 5922 4523 4524
f 5922 4524 5921
f 5921 4524 4525
f 5921 4525 5920
f 5920 4525 4526
f 5920 4526 5919
f 5919 4526 4527
f 5919 4527 5918
f 5918 4527 4528
f 5918 4528 5917
f 5917 4528 4529
f 5917 4529 5916
f 5916 4529 4530
f 5916 4530 5915
f 5915 4530 4531
f 5915 4531 5914
f 5914 4531 4532
f 5914 4532 5913
f 5913 4532 4533
f 5913 4533 5912
f 5912 4533 4534
f 5912 4534 5911
f 5911 4534 4535
f 5911 4535 5910
f 5910 4535 4536
f 5910 4536 5909
f 5909 4536 4537
f 5909 4537 5908
f 5908 4537 4538
f 5908 4538 5907
f 5907 4538 4539
f 5907 4539 5906
f 5906 4539 4540
f 5906 4540 5905
f 5905 4540 4541
f 5905 4541 5904
f 5904 4541 4542
f 5904 4542 5903
f 5903 4542 4543
f 5903 4543 5902
f 5902 4543 4544
f 5902 4544 5901
f 5901 4544 4545
f 5901 4545 5900
f 5900 4545 4546
f 5900 4546 5899
f 5899 4546 4547
f 5899 4547 5898
f 5898 4547 4548
f 5898 4548 5897
f 5897 4548 4549
f 5897 4549 5896
f 5896 4549 4550
f 5896 4550 5895
f 5895 4550 4551
f 5895 4551 5894
f 5894 4551 4552
f 5894 4552 5893
f 5893 4552 4553
f 5893 4553 5892
f 5892 4553 4554
f 5892 4554 5891
f 5891 4554 4555
f 5891 4555 5890
f 5890 4555 4556
f 5890 4556 5889
f 5889 4556 4557
f 5889 4557 5888
f 5888 4557 4558
f 5888 4558 5887
f 5887 4558 4559
f 5887 4559 5886
f 5886 4559 4560
f 5886 4560 5885
f 5885 4560 4561
f 5885 4561 5884
f 5884 4561 4562
f 5884 4562 5883
f 5883 4562 4563
f 5883 4563 5882
f 5882 4563 4564
f 5882 4564 5881
f 5881 4564 4565
f 5881 4565 5880
f 5880 4565 4566
f 5880 4566 5879
f 5879 4566 4567
f 5879 4567 5878
f 5878 4567 4568
f 5878 4568 5877
f 5877 4568 4569
f 5877 4569 5876
f 5876 4569 4570
f 5876 4570 5875
f 5875 4570 4571
f 5875 4571 5874
f 5874 4571 4572
f 5874 4572 5873
f 5873 4572 4573
f 5873 4573 5872
f 5872 4573 4574
f 5872 4574 5871
f 5871 4574 4575
f 5871 4575 5870
f 5870 4575 4576
f 5870 4576 5869
f 5869 4576 4577
f 5869 4577 5868
f 5868 4577 4578
f 5868 4578 5867
f 5867 4578 4579
f 5867 4579 5866
f 5866 4579 4580
f 5866 4580 5865
f 5865 4580 4581
f 5865 4581 5864
f 5864 4581 4582
f 5864 4582 5863
f 5863 4582 4583
f 5863 4583 5862
f 5862 4583 4584
f 5862 4584 5861
f 5861 4584 4585
f 5861 4585 5860
f 5860 4585 4586
f 5860 4586 5859
f 5859 4586 4587
f 5859 4587 5858
f 5858 4587 4588
f 5858 4588 5857
f 5857 4588 4589
f 5857 4589 5856
f 5856 4589 4590
f 5856 4590 5855
f 5855 4590 4591
f 5855 4591 5854
f 5854 4591 4592
f 5854 4592 5853
f 5853 4592 4593
f 5853 4593 5852
f 5852 4593 4594
f 5852 4594 5851
f 5851 4594 4595
f 5851 4595 5850
f 5850 4595 4596
f 5850 4596 5849
f 5849 4596 4597
f 5849 4597 5848
f 5848 4597 4598
f 5848 4598 5847
f 5847 4598 4599
f 5847 4599 5846
f 5846 4599 4600
f 5846 4600 5845
f 5845 4600 4601
f 5845 4601 5844
f 5844 4601 4602
f 5844 4602 5843
f 5843 4602 4603
f 5843 4603 5842
f 5842 4603 4604
f 5842 4604 5841
f 5841 4604 4605
f 5841 4605 5840
f 5840 4605 4606
f 5840 4606 5839
f 5839 4606 4607
f 5839 4607 5838
f 5838 4607 4608
f 5838 4608 5837
f 5837 4608 4609
f 5837 4609 5836
f 5836 4609 4610
f 5836 4610 5835
f 5835 4610 4611
f 5835 4611 5834
f 5834 4611 4612
f 5834 4612 5833
f 5833 4612 4613
f 5833 4613 5832
f 5832 4613 4614
f 5832 4614 5831
f 5831 4614 4615
f 5831 4615 5830
f 5830 4615 4616
f 5830 4616 5829
f 5829 4616 4617
f 5829 4617 5828
f 5828 4617 4618
f 5828 4618 5827
f 5827 4618 4619
f 5827 4619 5826
f 5826 4619 4620
f 5826 4620 5825
f 5825 4620 4621
f 5825 4621 5824
f 5824 4621 4622
f 5824 4622 5823
f 5823 4622 4623
f 5823 4623 5822
f 5822 4623 4624
f 5822 4624 5821
f 5821 4624 4625
f 5821 4625 5820
f 5820 4625 4626
f 5820 4626 5819
f 5819 4626 4627
f 5819 4627 5818
f 5818 4627 4628
f 5818 4628 5817
f 5817 4628 4629
f 5817 4629 5816
f 5816 4629 4630
f 5816 4630 5815
f 5815 4630 4631
f 5815 4631 5814
f 5814 4631 4632
f 5814 4632 5813
f 5813 4632 4633
f 5813 4633 5812
f 5812 4633 4634
f 5812 4634 5811
f 5811 4634 4635
f 5811 4635 5810
f 5810 4635 4636
f 5810 4636 5809
f 5809 4636 4637
f 5809 4637 5808
f 5808 4637 4638
f 5808 4638 5807
f 5807 4638 4639
f 5807 4639 5806
f 5806 4639 4640
f 5806 4640 5805
f 5805 4640 4641
f 5805 4641 5804
f 5804 4641 4642
f 5804 4642 5803
f 5803 4642 4643
f 5803 4643 5802
f 5802 4643 4644
f 5802 4644 5801
f 5801 4644 4645
f 5801 4645 5800
f 5800 4645 4646
f 5800 4646 5799
f 5799 4646 4647
f 5799 4647 5798
f 5798 4647 4648
f 5798 4648 5797
f 5797 4648 4649
f 5797 4649 5796
f 5796 4649 4650
f 5796 4650 5795
f 5795 4650 4651
f 5795 4651 5794
f 5794 4651 4652
f 5794 4652 5793
f 5793 4652 4653
f 5793 4653 5792
f 5792 4653 4654
f 5792 4654 5791
f 5791 4654 4655
f 5791 4655 5790
f 5790 4655 4656
f 5790 4656 5789
f 5789 4656 4657
f 5789 4657 5788
f 5788 4657 4658
f 5788 4658 5787
f 5787 4658 4659
f 5787 4659 5786
f 5786 4659 4660
f 5786 4660 5785
f 5785 4660 4661
f 5785 4661 5784
f 5784 4661 4662
f 5784 4662 5783
f 5783 4662 4663
f 5783 4663 5782
f 5782 4663 4664
f 5782 4664 5781
f 5781 4664 4665
f 5781 4665 5780
f 5780 4665 4666
f 5780 4666 5779
f 5779 4666 4667
f 5779 4667 5778
f 5778 4667 4668
f 5778 4668 5777
f 5777 4668 4669
f 5777 4669 5776
f 5776 4669 4670
f 5776 4670 5775
f 5775 4670 4671
f 5775 4671 5774
f 5774 4671 4672
f 5774 4672 5773
f 5773 4672 4673
f 5773 4673 5772
f 5772 4673 4674
f 5772 4674 5771
f 5771 4674 4675
f 5771 4675 5770
f 5770 4675 4676
f 5770 4676 5769
f 5769 4676 4677
f 5769 4677 5768
f 5768 4677 4678
f 5768 4678 5767
f 5767 4678 4679
f 5767 4679 5766
f 5766 4679 4680
f 5766 4680 5765
f 5765 4680 4681
f 5765 4681 5764
f 5764 4681 4682
f 5764 4682 5763
f 5763 4682 4683
f 5763 4683 5762
f 5762 4683 4684
f 5762 4684 5761
f 5761 4684 4685
f 5761 4685 5760
f 5760 4685 4686
f 5760 4686 5759
f 5759 4686 4687
f 5759 4687 5758
f 5758 4687 4688
f 5758 4688 5757
f 5757 4688 4689
f 5757 4689 5756
f 5756 4689 4690
f 5756 4690 5755
f 5755 4690 4691
f 5755 4691 5754
f 5754 4691 4692
f 5754 4692 5753
f 5753 4692 4693
f 5753 4693 5752
f 5752 4693 4694
f 5752 4694 5751
f 5751 4694 4695
f 5751 4695 5750
f 5750 4695 4696
f 5750 4696 5749
f 5749 4696 4697
f 5749 4697 5748
f 5748 4697 4698
f 5748 4698 5747
f 5747 4698 4699
f 5747 4699 5746
f 5746 4699 4700
f 5746 4700 5745
f 5745 4700 4701
f 5745 4701 5744
f 5744 4701 4702
f 5744 4702 5743
f 5743 4702 4703
f 5743 4703 5742
f 5742 4703 4704
f 5742 4704 5741
f 5741 4704 4705
f 5741 4705 5740
f 5740 4705 4706
f 5740 4706 5739
f 5739 4706 4707
f 5739 4707 5738
f 5738 4707 4708
f 5738 4708 5737
f 5737 4708 4709
f 5737 4709 5736
f 5736 4709 4710
f 5736 4710 5735
f 5735 4710 4711
f 5735 4711 5734
f 5734 4711 4712
f 5734 4712 5733
f 5733 4712 4713
f 5733 4713 5732
f 5732 4713 4714
f 5732 4714 5731
f 5731 4714 4715
f 5731 4715 5730
f 5730 4715 4716
f 5730 4716 5729
f 5729 4716 4717
f 5729 4717 5728
f 5728 4717 4718
f 5728 4718 5727
f 5727 4718 4719
f 5727 4719 5726
f 5726 4719 4720
f 5726 4720 5725
f 5725 4720 4721
f 5725 4721 5724
f 5724 4721 4722
f 5724 4722 5723
f 5723 4722 4723
f 5723 4723 5722
f 5722 4723 4724
f 5722 4724 5721
f 5721 4724 4725
f 5721 4725 5720
f 5720 4725 4726
f 5720 4726 5719
f 5719 4726 4727
f 5719 4727 5718
f 5718 4727 4728
f 5718 4728 5717
f 5717 4728 4729
f 5717 4729 5716
f 5716 4729 4730
f 5716 4730 5715
f 5715 4730 4731
f 5715 4731 5714
f 5714 4731 4732
f 5714 4732 5713
f 5713 4732 4733
f 5713 4733 5712
f 5712 4733 4734
f 5712 4734 5711
f 5711 4734 4735
f 5711 4735 5710
f 5710 4735 4736
f 5710 4736 5709
f 5709 4736 4737
f 5709 4737 5708
f 5708 4737 4738
f 5708 4738 5707
f 5707 4738 4739
f 5707 4739 5706
f 5706 4739 4740
f 5706 4740 5705
f 5705 4740 4741
f 5705 4741 5704
f 5704 4741 4742
f 5704 4742 5703
f 5703 4742 4743
f 5703 4743 5702
f 5702 4743 4744
f 5702 4744 5701
f 5701 4744 4745
f 5701 4745 5700
f 5700 4745 4746
f 5700 4746 5699
f 5699 4746 4747
f 5699 4747 5698
f 5698 4747 4748
f 5698 4748 5697
f 5697 4748 4749
f 5697 4749 5696
f 5696 4749 4750
f 5696 4750 5695
f 5695 4750 4751
f 5695 4751 5694
f 5694 4751 4752
f 5694 4752 5693
f 5693 4752 4753
f 5693 4753 5692
f 5692 4753 4754
f 5692 4754 5691
f 5691 4754 4755
f 5691 4755 5690
f 5690 4755 4756
f 5690 4756 5689
f 5689 4756 4757
f 5689 4757 5688
f 5688 4757 4758
f 5688 4758 5687
f 5687 4758 4759
f 5687 4759 5686
f 5686 4759 4760
f 5686 4760 5685
f 5685 4760 4761
f 5685 4761 5684
f 5684 4761 4762
f 5684 4762 5683
f 5683 4762 4763
f 5683 4763 5682
f 5682 4763 4764
f 5682 4764 5681
f 5681 4764 4765
f 5681 4765 5680
f 5680 4765 4766
f 5680 4766 5679
f 5679 4766 4767
f 5679 4767 5678
f 5678 4767 4768
f 5678 4768 5677
f 5677 4768 4769
f 5677 4769 5676
f 5676 4769 4770
f 5676 4770 5675
f 5675 4770 4771
f 5675 4771 5674
f 5674 4771 4772
f 5674 4772 5673
f 5673 4772 4773
f 5673 4773 5672
f 5672 4773 4774
f 5672 4774 5671
f 5671 4774 4775
f 5671 4775 5670
f 5670 4775 4776
f 5670 4776 5669
f 5669 4776 4777
f 5669 4777 5668
f 5668 4777 4778
f 5668 4778 5667
f 5667 4778 4779
f 5667 4779 5666
f 5666 4779 4780
f 5666 4780 5665
f 5665 4780 4781
f 5665 4781 5664
f 5664 4781 4782
f 5664 4782 5663
f 5663 4782 4783
f 5663 4783 5662
f 5662 4783 4784
f 5662 4784 5661
f 5661 4784 4785
f 5661 4785 5660
f 5660 4785 4786
f 5660 4786 5659
f 5659 4786 4787
f 5659 4787 5658
f 5658 4787 4788
f 5658 4788 5657
f 5657 4788 4789
f 5657 4789 5656
f 5656 4789 4790
f 5656 4790 5655
f 5655 4790 4791
f 5655 4791 5654
f 5654 4791 4792
f 5654 4792 5653
f 5653 4792 4793
f 5653 4793 5652
f 5652 4793 4794
f 5652 4794 5651
f 5651 4794 4795
f 5651 4795 5650
f 5650 4795 4796
f 5650 4796 5649
f 5649 4796 4797
f 5649 4797 5648
f 5648 4797 4798
f 5648 4798 5647
f 5647 4798 4799
f 5647 4799 5646
f 5646 4799 4800
f 5646 4800 5645
f 5645 4800 4801
f 5645 4801 5644
f 5644 4801 4802
f 5644 4802 5643
f 5643 4802 4803
f 5643 4803 5642
f 5642 4803 4804
f 5642 4804 5641
f 5641 4804 4805
f 5641 4805 5640
f 5640 4805 4806
f 5640 4806 5639
f 5639 4806 4807
f 5639 4807 5638
f 5638 4807 4808
f 5638 4808 5637
f 5637 4808 4809
f 5637 4809 5636
f 5636 4809 4810
f 5636 4810 5635
f 5635 4810 4811
f 5635 4811 5634
f 5634 4811 4812
f 5634 4812 5633
f 5633 4812 4813
f 5633 4813 5632
f 5632 4813 4814
f 5632 4814 5631
f 5631 4814 4815
f 5631 4815 5630
f 5630 4815 4816
f 5630 4816 5629
f 5629 4816 4817
f 5629 4817 5628
f 5628 4817 4818
f 5628 4818 5627
f 5627 4818 4819
f 5627 4819 5626
f 5626 4819 4820
f 5626 4820 5625
f 5625 4820 4821
f 5625 4821 5624
f 5624 4821 4822
f 5624 4822 5623
f 5623 4822 4823
f 5623 4823 5622
f 5622 4823 4824
f 5622 4824 5621
f 5621 4824 4825
f 5621 4825 5620
f 5620 4825 4826
f 5620 4826 5619
f 5619 4826 4827
f 5619 4827 5618
f 5618 4827 4828
f 5618 4828 5617
f 5617 4828 4829
f 5617 4829 5616
f 5616 4829 4830
f 5616 4830 5615
f 5615 4830 4831
f 5615 4831 5614
f 5614 4831 4832
f 5614 4832 5613
f 5613 4832 4833
f 5613 4833 5612
f 5612 4833 4834
f 5612 4834 5611
f 5611 4834 4835
f 5611 4835 5610
f 5610 4835 4836
f 5610 4836 5609
f 5609 4836 4837
f 5609 4837 5608
f 5608 4837 4838
f 5608 4838 5607
f 5607 4838 4839
f 5607 4839 5606
f 5606 4839 4840
f 5606 4840 5605
f 5605 4840 4841
f 5605 4841 5604
f 5604 4841 4842
f 5604 4842 5603
f 5603 4842 4843
f 5603 4843 5602
f 5602 4843 4844
f 5602 4844 5601
f 5601 4844 4845
f 5601 4845 5600
f 5600 4845 4846
f 5600 4846 5599
f 5599 4846 4847
f 5599 4847 5598
f 5598 4847 4848
f 5598 4848 5597
f 5597 4848 4849
f 5597 4849 5596
f 5596 4849 4850
f 5596 4850 5595
f 5595 4850 4851
f 5595 4851 5594
f 5594 4851 4852
f 5594 4852 5593
f 5593 4852 4853
f 5593 4853 5592
f 5592 4853 4854
f 5592 4854 5591
f 5591 4854 4855
f 5591 4855 5590
f 5590 4855 4856
f 5590 4856 5589
f 5589 4856 4857
f 5589 4857 5588
f 5588 4857 4858
f 5588 4858 5587
f 5587 4858 4859
f 5587 4859 5586
f 5586 4859 4860
f 5586 4860 5585
f 5585 4860 4861
f 5585 4861 5584
f 5584 4861 4862
f 5584 4862 5583
f 5583 4862 4863
f 5583 4863 5582
f 5582 4863 4864
f 5582 4864 5581
f 5581 4864 4865
f 5581 4865 5580
f 5580 4865 4866
f 5580 4866 5579
f 5579 4866 4867
f 5579 4867 5578
f 5578 4867 4868
f 5578 4868 5577
f 5577 4868 4869
f 5577 4869 5576
f 5576 4869 4870
f 5576 4870 5575
f 5575 4870 4871
f 5575 4871 5574
f 5574 4871 4872
f 5574 4872 5573
f 5573 4872 4873
f 5573 4873 5572
f 5572 4873 4874
f 5572 4874 5571
f 5571 4874 4875
f 5571 4875 5570
f 5570 4875 4876
f 5570 4876 5569
f 5569 4876 4877
f 5569 4877 5568
f 5568 4877 4878
f 5568 4878 5567
f 5567 4878 4879
f 5567 4879 5566
f 5566 4879 4880
f 5566 4880 5565
f 5565 4880 4881
f 5565 4881 5564
f 5564 4881 4882
f 5564 4882 5563
f 5563 4882 4883
f 5563 4883 5562
f 5562 4883 4884
f 5562 4884 5561
f 5561 4884 4885
f 5561 4885 5560
f 5560 4885 4886
f 5560 4886 5559
f 5559 4886 4887
f 5559 4887 5558
f 5558 4887 4888
f 5558 4888 5557
f 5557 4888 4889
f 5557 4889 5556
f 5556 4889 4890
f 5556 4890 5555
f 5555 4890 4891
f 5555 4891 5554
f 5554 4891 4892
f 5554 4892 5553
f 5553 4892 4893
f 5553 4893 5552
f 5552 4893 4894
f 5552 4894 5551
f 5551 4894 4895
f 5551 4895 5550
f 5550 4895 4896
f 5550 4896 5549
f 5549 4896 4897
f 5549 4897 5548
f 5548 4897 4898
f 5548 4898 5547
f 5547 4898 4899
f 5547 4899 5546
f 5546 4899 4900
f 5546 4900 5545
f 5545 4900 4901
f 5545 4901 5544
f 5544 4901 4902
f 5544 4902 5543
f 5543 4902 4903
f 5543 4903 5542
f 5542 4903 4904
f 5542 4904 5541
f 5541 4904 4905
f 5541 4905 5540
f 5540 4905 4906
f 5540 4906 5539
f 5539 4906 4907
f 5539 4907 5538
f 5538 4907 4908
f 5538 4908 5537
f 5537 4908 4909
f 5537 4909 5536
f 5536 4909 4910
f 5536 4910 5535
f 5535 4910 4911
f 5535 4911 5534
f 5534 4911 4912
f 5534 4912 5533
f 5533 4912 4913
f 5533 4913 5532
f 5532 4913 4914
f 5532 4914 5531
f 5531 4914 4915
f 5531 4915 5530
f 5530 4915 4916
f 5530 4916 5529
f 5529 4916 4917
f 5529 4917 5528
f 5528 4917 4918
f 5528 4918 5527
f 5527 4918 4919
f 5527 4919 5526
f 5526 4919 4920
f 5526 4920 5525
f 5525 4920 4921
f 5525 4921 5524
f 5524 4921 4922
f 5524 4922 5523
f 5523 4922 4923
f 5523 4923 5522
f 5522 4923 4924
f 5522 4924 5521
f 5521 4924 4925
f 5521 4925 5520
f 5520 4925 4926
f 5520 4926 5519
f 5519 4926 4927
f 5519 4927 5518
f 5518 4927 4928
f 5518 4928 5517
f 5517 4928 4929
f 5517 4929 5516
f 5516 4929 4930
f 5516 4930 5515
f 5515 4930 4931
f 5515 4931 5514
f 5514 4931 4932
f 5514 4932 5513
f 5513 4932 4933
f 5513 4933 5512
f 5512 4933 4934
f 5512 4934 5511
f 5511 4934 4935
f 5511 4935 5510
f 5510 4935 4936
f 5510 4936 5509
f 5509 4936 4937
f 5509 4937 5508
f 5508 4937 4938
f 5508 4938 5507
f 5507 4938 4939
f 5507 4939 5506
f 5506 4939 4940
f 5506 4940 5505
f 5505 4940 4941
f 5505 4941 5504
f 5504 4941 4942
f 5504 4942 5503
f 5503 4942 4943
f 5503 4943 5502
f 5502 4943 4944
f 5502 4944 5501
f 5501 4944 4945
f 5501 4945 5500
f 5500 4945 4946
f 5500 4946 5499
f 5499 4946 4947
f 5499 4947 5498
f 5498 4947 4948
f 5498 4948 5497
f 5497 4948 4949
f 5497 4949 5496
f 5496 4949 4950
f 5496 4950 5495
f 5495 4950 4951
f 5495 4951 5494
f 5494 4951 4952
f 5494 4952 5493
f 5493 4952 4953
f 5493 4953 5492
f 5492 4953 4954
f 5492 4954 5491
f 5491 4954 4955
f 5491 4955 5490
f 5490 4955 4956
f 5490 4956 5489
f 5489 4956 4957
f 5489 4957 5488
f 5488 4957 4958
f 5488 4958 5487
f 5487 4958 4959
f 5487 4959 5486
f 5486 4959 4960
f 5486 4960 5485
f 5485 4960 4961
f 5485 4961 5484
f 5484 4961 4962
f 5484 4962 5483
f 5483 4962 4963
f 5483 4963 5482
f 5482 4963 4964
f 5482 4964 5481
f 5481 4964 4965
f 5481 4965 5480
f 5480 4965 4966
f 5480 4966 5479
f 5479 4966 4967
f 5479 4967 5478
f 5478 4967 4968
f 5478 4968 5477
f 5477 4968 4969
f 5477 4969 5476
f 5476 4969 4970
f 5476 4970 5475
f 5475 4970 4971
f 5475 4971 5474
f 5474 4971 4972
f 5474 4972 5473
f 5473 4972 4973
f 5473 4973 5472
f 5472 4973 4974
f 5472 4974 5471
f 5471 4974 4975
f 5471 4975 5470
f 5470 4975 4976
f 5470 4976 5469
f 5469 4976 4977
f 5469 4977 5468
f 5468 4977 4978
f 5468 4978 5467
f 5467 4978 4979
f 5467 4979 5466
f 5466 4979 4980
f 5466 4980 5465
f 5465 4980 4981
f 5465 4981 5464
f 5464 4981 4982
f 5464 4982 5463
f 5463 4982 4983
f 5463 4983 5462
f 5462 4983 4984
f 5462 4984 5461
f 5461 4984 4985
f 5461 4985 5460
f 5460 4985 4986
f 5460 4986 5459
f 5459 4986 4987
f 5459 4987 5458
f 5458 4987 4988
f 5458 4988 5457
f 5457 4988 4989
f 5457 4989 5456
f 5456 4989 4990
f 5456 4990 5455
f 5455 4990 4991
f 5455 4991 5454
f 5454 4991 4992
f 5454 4992 5453
f 5453 4992 4993
f 5453 4993 5452
f 5452 4993 4994
f 5452 4994 5451
f 5451 4994 4995
f 5451 4995 5450
f 5450 4995 4996
f 5450 4996 5449
f 5449 4996 4997
f 5449 4997 5448
f 5448 4997 4998
f 5448 4998 5447
f 5447 4998 4999
f 5447 4999 5446
f 5446 4999 5000
f 5446 5000 5445
f 5445 5000 5001
f 5445 5001 5444
f 5444 5001 5002
f 5444 5002 5443
f 5443 5002 5003
f 5443 5003 5442
f 5442 5003 5004
f 5442 5004 5441
f 5441 5004 5005
f 5441 5005 5440
f 5440 5005 5006
f 5440 5006 5439
f 5439 5006 5007
f 5439 5007 5438
f 5438 5007 5008
f 5438 5008 5437
f 5437 5008 5009
f 5437 5009 5436
f 5436 5009 5010
f 5436 5010 5435
f 5435 5010 5011
f 5435 5011 5434
f 5434 5011 5012
f 5434 5012 5433
f 5433 5012 5013
f 5433 5013 5432
f 5432 5013 5014
f 5432 5014 5431
f 5431 5014 5015
f 5431 5015 5430
f 5430 5015 5016
f 5430 5016 5429
f 5429 5016 5017
f 5429 5017 5428
f 5428 5017 5018
f 5428 5018 5427
f 5427 5018 5019
f 5427 5019 5426
f 5426 5019 5020
f 5426 5020 5425
f 5425 5020 5021
f 5425 5021 5424
f 5424 5021 5022
f 5424 5022 5423
f 5423 5022 5023
f 5423 5023 5422
f 5422 5023 5024
f 5422 5024 5421
f 5421 5024 5025
f 5421 5025 5420
f 5420 5025 5026
f 5420 5026 5419
f 5419 5026 5027
f 5419 5027 5418
f 5418 5027 5028
f 5418 5028 5417
f 5417 5028 5029
f 5417 5029 5416
f 5416 5029 5030
f 5416 5030 5415
f 5415 5030 5031
f 5415 5031 5414
f 5414 5031 5032
f 5414 5032 5413
f 5413 5032 5033
f 5413 5033 5412
f 5412 5033 5034
f 5412 5034 5411
f 5411 5034 5035
f 5411 5035 5410
f 5410 5035 5036
f 5410 5036 5409
f 5409 5036 5037
f 5409 5037 5408
f 5408 5037 5038
f 5408 5038 5407
f 5407 5038 5039
f 5407 5039 5406
f 5406 5039 5040
f 5406 5040 5405
f 5405 5040 5041
f 5405 5041 5404
f 5404 5041 5042
f 5404 5042 5403
f 5403 5042 5043
f 5403 5043 5402
f 5402 5043 5044
f 5402 5044 5401
f 5401 5044 5045
f 5401 5045 5400
f 5400 5045 5046
f 5400 5046 5399
f 5399 5046 5047
f 5399 5047 5398
f 5398 5047 5048
f 5398 5048 5397
f 5397 5048 5049
f 5397 5049 5396
f 5396 5049 5050
f 5396 5050 5395
f 5395 5050 5051
f 5395 5051 5394
f 5394 5051 5052
f 5394 5052 5393
f 5393 5052 5053
f 5393 5053 5392
f 5392 5053 5054
f 5392 5054 5391
f 5391 5054 5055
f 5391 5055 5390
f 5390 5055 5056
f 5390 5056 5389
f 5389 5056 5057
f 5389 5057 5388
f 5388 5057 5058
f 5388 5058 5387
f 5387 5058 5059
f 5387 5059 5386
f 5386 5059 5060
f 5386 5060 5385
f 5385 5060 5061
f 5385 5061 5384
f 5384 5061 5062
f 5384 5062 5383
f 5383 5062 5063
f 5383 5063 5382
f 5382 5063 5064
f 5382 5064 5381
f 5381 5064 5065
f 5381 5065 5380
f 5380 5065 5066
f 5380 5066 5379
f 5379 5066 5067
f 5379 5067 5378
f 5378 5067 5068
f 5378 5068 5377
f 5377 5068 5069
f 5377 5069 5376
f 5376 5069 5070
f 5376 5070 5375
f 5375 5070 5071
f 5375 5071 5374
f 5374 5071 5072
f 5374 5072 5373
f 5373 5072 5073
f 5373 5073 5372
f 5372 5073 5074
f 5372 5074 5371
f 5371 5074 5075
f 5371 5075 5370
f 5370 5075 5076
f 5370 5076 5369
f 5369 5076 5077
f 5369 5077 5368
f 5368 5077 5078
f 5368 5078 5367
f 5367 5078 5079
f 5367 5079 5366
f 5366 5079 5080
f 5366 5080 5365
f 5365 5080 5081
f 5365 5081 5364
f 5364 5081 5082
f 5364 5082 5363
f 5363 5082 5083
f 5363 5083 5362
f 5362 5083 5084
f 5362 5084 5361
f 5361 5084 5085
f 5361 5085 5360
f 5360 5085 5086
f 5360 5086 5359
f 5359 5086 5087
f 5359 5087 5358
f 5358 5087 5088
f 5358 5088 5357
f 5357 5088 5089
f 5357 5089 5356
f 5356 5089 5090
f 5356 5090 5355
f 5355 5090 5091
f 5355 5091 5354
f 5354 5091 5092
f 5354 5092 5353
f 5353 5092 5093
f 5353 5093 5352
f 5352 5093 5094
f 5352 5094 5351
f 5351 5094 5095
f 5351 5095 5350
f 5350 5095 5096
f 5350 5096 5349
f 5349 5096 5097
f 5349 5097 5348
f 5348 5097 5098
f 5348 5098 5347
f 5347 5098 5099
f 5347 5099 5346
f 5346 5099 5100
f 5346 5100 5345
f 5345 5100 5101
f 5345 5101 5344
f 5344 5101 5102
f 5344 5102 5343
f 5343 5102 5103
f 5343 5103 5342
f 5342 5103 5104
f 5342 5104 5341
f 5341 5104 5105
f 5341 5105 5340
f 5340 5105 5106
f 5340 5106 5339
f 5339 5106 5107
f 5339 5107 5338
f 5338 5107 5108
f 5338 5108 5337
f 5337 5108 5109
f 5337 5109 5336
f 5336 5109 5110
f 5336 5110 5335
f 5335 5110 5111
f 5335 5111 5334
f 5334 5111 5112
f 5334 5112 5333
f 5333 5112 5113
f 5333 5113 5332
f 5332 5113 5114
f 5332 5114 5331
f 5331 5114 5115
f 5331 5115 5330
f 5330 5115 5116
f 5330 5116 5329
f 5329 5116 5117
f 5329 5117 5328
f 5328 5117 5118
f 5328 5118 5327
f 5327 5118 5119
f 5327 5119 5326
f 5326 5119 5120
f 5326 5120 5325
f 5325 5120 5121
f 5325 5121 5324
f 5324 5121 5122
f 5324 5122 5323
f 5323 5122 5123
f 5323 5123 5322
f 5322 5123 5124
f 5322 5124 5321
f 5321 5124 5125
f 5321 5125 5320
f 5320 5125 5126
f 5320 5126 5319
f 5319 5126 5127
f 5319 5127 5318
f 5318 5127 5128
f 5318 5128 5317
f 5317 5128 5129
f 5317 5129 5316
f 5316 5129 5130
f 5316 5130 5315
f 5315 5130 5131
f 5315 5131 5314
f 5314 5131 5132
f 5314 5132 5313
f 5313 5132 5133
f 5313 5133 5312
f 5312 5133 5134
f 5312 5134 5311
f 5311 5134 5135
f 5311 5135 5310
f 5310 5135 5136
f 5310 5136 5309
f 5309 5136 5137
f 5309 5137 5308
f 5308 5137 5138
f 5308 5138 5307
f 5307 5138 5139
f 5307 5139 5306
f 5306 5139 5140
f 5306 5140 5305
f 5305 5140 5141
f 5305 5141 5304
f 5304 5141 5142
f 5304 5142 5303
f 5303 5142 5143
f 5303 5143 5302
f 5302 5143 5144
f 5302 5144 5301
f 5301 5144 5145
f 5301 5145 5300
f 5300 5145 5146
f 5300 5146 5299
f 5299 5146 5147
f 5299 5147 5298
f 5298 5147 5148
f 5298 5148 5297
f 5297 5148 5149
f 5297 5149 5296
f 5296 5149 5150
f 5296 5150 5295
f 5295 5150 5151
f 5295 5151 5294
f 5294 5151 5152
f 5294 5152 5293
f 5293 5152 5153
f 5293 5153 5292
f 5292 5153 5154
f 5292 5154 5291
f 5291 5154 5155
f 5291 5155 5290
f 5290 5155 5156
f 5290 5156 5289
f 5289 5156 5157
f 5289 5157 5288
f 5288 5157 5158
f 5288 5158 5287
f 5287 5158 5159
f 5287 5159 5286
f 5286 5159 5160
f 5286 5160 5285
f 5285 5160 5161
f 5285 5161 5284
f 5284 5161 5162
f 5284 5162 5283
f 5283 5162 5163
f 5283 5163 5282
f 5282 5163 5164
f 5282 5164 5281
f 5281 5164 5165
f 5281 5165 5280
f 5280 5165 5166
f 5280 5166 5279
f 5279 5166 5167
f 5279 5167 5278
f 5278 5167 5168
f 5278 5168 5277
f 5277 5168 5169
f 5277 5169 5276
f 5276 5169 5170
f 5276 5170 5275
f 5275 5170 5171
f 5275 5171 5274
f 5274 5171 5172
f 5274 5172 5273
f 5273 5172 5173
f 5273 5173 5272
f 5272 5173 5174
f 5272 5174 5271
f 5271 5174 5175
f 5271 5175 5270
f 5270 5175 5176
f 5270 5176 5269
f 5269 5176 5177
f 5269 5177 5268
f 5268 5177 5178
f 5268 5178 5267
f 5267 5178 5179
f 5267 5179 5266
f 5266 5179 5180
f 5266 5180 5265
f 5265 5180 5181
f 5265 5181 5264
f 5264 5181 5182
f 5264 5182 5263
f 5263 5182 5183
f 5263 5183 5262
f 5262 5183 5184
f 5262 5184 5261
f 5261 5184 5185
f 5261 5185 5260
f 5260 5185 5186
f 5260 5186 5259
f 5259 5186 5187
f 5259 5187 5258
f 5258 5187 5188
f 5258 5188 5257
f 5257 5188 5189
f 5257 5189 5256
f 5256 5189 5190
f 5256 5190 5255
f 5255 5190 5191
f 5255 5191 5254
f 5254 5191 5192
f 5254 5192 5253
f 5253 5192 5193
f 5253 5193 5252
f 5252 5193 5194
f 5252 5194 5251
f 5251 5194 5195
f 5251 5195 5250
f 5250 5195 5196
f 5250 5196 5249
f 5249 5196 5197
f 5249 5197 5248
f 5248 5197 5198
f 5248 5198 5247
f 5247 5198 5199
f 5247 5199 5246
f 5246 5199 5200
f 5246 5200 5245
f 5245 5200 5201
f 5245 5201 5244
f 5244 5201 5202
f 5244 5202 5243
f 5243 5202 5242
f 5242 5202 5203
f 5242 5203 5241
f 5241 5203 5240
f 5240 5203 5204
f 5240 5204 5239
f 5239 5204 5238
f 5238 5204 5205
f 5238 5205 5237
f 5237 5205 5206
f 5237 5206 5236
f 5236 5206 5235
f 5235 5206 5207
f 5235 5207 5234
f 5234 5207 5233
f 5233 5207 5208
f 5233 5208 5232
f 5232 5208 5231
f 5231 5208 5209
f 5231 5209 5230
f 5230 5209 5210
f 5230 5210 5229
f 5229 5210 5228
f 5228 5210 5211
f 5228 5211 5227
f 5227 5211 5226
f 5226 5211 5212
f 5226 5212 5225
f 5225 5212 5213
f 5225 5213 5224
f 5224 5213 5223
f 5223 5213 5214
f 5223 5214 5222
f 5222 5214 5221
f 5221 5214 5215
f 5221 5215 5220
f 5220 5215 5216
f 5220 5216 5219
f 5219 5216 5218
f 5218 5216 5217
f 4163 4202 4162
f 4162 4202 4203
f 4162 4203 4204
f 4164 4200 4163
f 4163 4200 4201
f 4163 4201 4202
f 4200 4164 4199
f 4199 4164 4165
f 4199 4165 4198
f 4198 4165 4197
f 4197 4165 4166
f 4197 4166 4196
f 4196 4166 4195
f 4195 4166 4167
f 4195 4167 4194
f 4194 4167 4168
f 4194 4168 4193
f 4193 4168 4192
f 4192 4168 4169
f 4192 4169 4191
f 4191 4169 4190
f 4190 4169 4170
f 4190 4170 4189
f 4189 4170 4188
f 4188 4170 4171
f 4188 4171 4187
f 4187 4171 4172
f 4187 4172 4186
f 4186 4172 4185
f 4185 4172 4173
f 4185 4173 4184
f 4184 4173 4183
f 4183 4173 4174
f 4183 4174 4182
f 4182 4174 4181
f 4181 4174 4175
f 4181 4175 4180
f 4180 4175 4176
f 4180 4176 4179
f 4179 4176 4178
f 4178 4176 4177
f 6242 6277 6241
f 6241 6277 6278
f 6241 6278 6279
f 6243 6269 6242
f 6242 6269 6270
f 6242 6270 6271
f 6244 6261 6243
f 6243 6261 6262
f 6243 6262 6263
f 6245 6253 6244
f 6244 6253 6254
f 6244 6254 6255
f 6246 6294 6245
f 6245 6294 6295
f 6245 6295 6247
f 6241 6285 6246
f 6246 6285 6286
f 6246 6286 6287
f 6247 6248 6245
f 6245 6248 6249
f 6245 6249 6250
f 6250 6251 6245
f 6245 6251 6252
f 6245 6252 6253
f 6255 6256 6244
f 6244 6256 6257
f 6244 6257 6258
f 6258 6259 6244
f 6244 6259 6260
f 6244 6260 6261
f 6263 6264 6243
f 6243 6264 6265
f 6243 6265 6266
f 6266 6267 6243
f 6243 6267 6268
f 6243 6268 6269
f 6271 6272 6242
f 6242 6272 6273
f 6242 6273 6274
f 6274 6275 6242
f 6242 6275 6276
f 6242 6276 6277
f 6279 6280 6241
f 6241 6280 6281
f 6241 6281 6282
f 6282 6283 6241
f 6241 6283 6284
f 6241 6284 6285
f 6287 6288 6246
f 6246 6288 6289
f 6246 6289 6290
f 6290 6291 6246
f 6246 6291 6292
f 6246 6292 6293
f 6293 6294 6246
f 6296 6297 8369
f 8369 6297 6298
f 8369 6298 6299
f 8369 6299 8368
f 8368 6299 6300
f 8368 6300 8367
f 8367 6300 6301
f 8367 6301 6302
f 8367 6302 8366
f 8366 6302 6303
f 8366 6303 6304
f 8366 6304 8365
f 8365 6304 6305
f 8365 6305 6306
f 8365 6306 8364
f 8364 6306 6307
f 8364 6307 6308
f 8364 6308 8363
f 8363 6308 6309
f 8363 6309 8362
f 8362 6309 6310
f 8362 6310 6311
f 8362 6311 8361
f 8361 6311 6312
f 8361 6312 6313
f 8361 6313 8360
f 8360 6313 6314
f 8360 6314 6315
f 8360 6315 8359
f 8359 6315 6316
f 8359 6316 6317
f 8359 6317 8358
f 8358 6317 6318
f 8358 6318 8357
f 8357 6318 6319
f 8357 6319 6320
f 8357 6320 8356
f 8356 6320 6321
f 8356 6321 8355
f 8355 6321 6322
f 8355 6322 8354
f 8354 6322 6323
f 8354 6323 8353
f 8353 6323 6324
f 8353 6324 8352
f 8352 6324 6325
f 8352 6325 8351
f 8351 6325 6326
f 8351 6326 8350
f 8350 6326 6327
f 8350 6327 8349
f 8349 6327 6328
f 8349 6328 8348
f 8348 6328 6329
f 8348 6329 8347
f 8347 6329 6330
f 8347 6330 8346
f 8346 6330 6331
f 8346 6331 8345
f 8345 6331 6332
f 8345 6332 8344
f 8344 6332 6333
f 8344 6333 8343
f 8343 6333 6334
f 8343 6334 8342
f 8342 6334 6335
f 8342 6335 8341
f 8341 6335 6336
f 8341 6336 8340
f 8340 6336 6337
f 8340 6337 8339
f 8339 6337 6338
f 8339 6338 8338
f 8338 6338 6339
f 8338 6339 8337
f 8337 6339 6340
f 8337 6340 8336
f 8336 6340 6341
f 8336 6341 8335
f 8335 6341 6342
f 8335 6342 8334
f 8334 6342 6343
f 8334 6343 8333
f 8333 6343 6344
f 8333 6344 8332
f 8332 6344 6345
f 8332 6345 8331
f 8331 6345 6346
f 8331 6346 8330
f 8330 6346 6347
f 8330 6347 8329
f 8329 6347 6348
f 8329 6348 8328
f 8328 6348 6349
f 8328 6349 8327
f 8327 6349 6350
f 8327 6350 8326
f 8326 6350 6351
f 8326 6351 8325
f 8325 6351 6352
f 8325 6352 8324
f 8324 6352 6353
f 8324 6353 8323
f 8323 6353 6354
f 8323 6354 8322
f 8322 6354 6355
f 8322 6355 8321
f 8321 6355 6356
f 8321 6356 8320
f 8320 6356 6357
f 8320 6357 8319
f 8319 6357 6358
f 8319 6358 8318
f 8318 6358 6359
f 8318 6359 8317
f 8317 6359 6360
f 8317 6360 8316
f 8316 6360 6361
f 8316 6361 8315
f 8315 6361 6362
f 8315 6362 8314
f 8314 6362 6363
f 8314 6363 8313
f 8313 6363 6364
f 8313 6364 8312
f 8312 6364 6365
f 8312 6365 8311
f 8311 6365 6366
f 8311 6366 8310
f 8310 6366 6367
f 8310 6367 8309
f 8309 6367 6368
f 8309 6368 8308
f 8308 6368 6369
f 8308 6369 8307
f 8307 6369 6370
f 8307 6370 8306
f 8306 6370 6371
f 8306 6371 8305
f 8305 6371 8370
f 8305 8370 8304
f 8371 6372 6373
f 8371 6373 8303
f 8303 6373 6374
f 8303 6374 8302
f 8302 6374 6375
f 8302 6375 8301
f 8301 6375 6376
f 8301 6376 8300
f 8300 6376 6377
f 8300 6377 8299
f 8299 6377 6378
f 8299 6378 8298
f 8298 6378 6379
f 8298 6379 8297
f 8297 6379 6380
f 8297 6380 8296
f 8296 6380 6381
f 8296 6381 8295
f 8295 6381 6382
f 8295 6382 8294
f 8294 6382 6383
f 8294 6383 8293
f 8293 6383 6384
f 8293 6384 8292
f 8292 6384 6385
f 8292 6385 8291
f 8291 6385 6386
f 8291 6386 8290
f 8290 6386 6387
f 8290 6387 8289
f 8289 6387 6388
f 8289 6388 8288
f 8288 6388 6389
f 8288 6389 8287
f 8287 6389 6390
f 8287 6390 8286
f 8286 6390 6391
f 8286 6391 8285
f 8285 6391 6392
f 8285 6392 8284
f 8284 6392 6393
f 8284 6393 8283
f 8283 6393 6394
f 8283 6394 8282
f 8282 6394 6395
f 8282 6395 8281
f 8281 6395 6396
f 8281 6396 8280
f 8280 6396 6397
f 8280 6397 8279
f 8279 6397 6398
f 8279 6398 8278
f 8278 6398 6399
f 8278 6399 8277
f 8277 6399 6400
f 8277 6400 8276
f 8276 6400 6401
f 8276 6401 8275
f 8275 6401 6402
f 8275 6402 8274
f 8274 6402 6403
f 8274 6403 8273
f 8273 6403 6404
f 8273 6404 8272
f 8272 6404 6405
f 8272 6405 8271
f 8271 6405 6406
f 8271 6406 8270
f 8270 6406 6407
f 8270 6407 8269
f 8269 6407 6408
f 8269 6408 8268
f 8268 6408 6409
f 8268 6409 8267
f 8267 6409 6410
f 8267 6410 8266
f 8266 6410 6411
f 8266 6411 8265
f 8265 6411 6412
f 8265 6412 8264
f 8264 6412 6413
f 8264 6413 8263
f 8263 6413 6414
f 8263 6414 8262
f 8262 6414 6415
f 8262 6415 8261
f 8261 6415 6416
f 8261 6416 8260
f 8260 6416 6417
f 8260 6417 8259
f 8259 6417 6418
f 8259 6418 8258
f 8258 6418 6419
f 8258 6419 8257
f 8257 6419 6420
f 8257 6420 8256
f 8256 6420 6421
f 8256 6421 8255
f 8255 6421 6422
f 8255 6422 8254
f 8254 6422 6423
f 8254 6423 8253
f 8253 6423 6424
f 8253 6424 8252
f 8252 6424 6425
f 8252 6425 8251
f 8251 6425 6426
f 8251 6426 8250
f 8250 6426 6427
f 8250 6427 8249
f 8249 6427 6428
f 8249 6428 8248
f 8248 6428 6429
f 8248 6429 8247
f 8247 6429 6430
f 8247 6430 8246
f 8246 6430 6431
f 8246 6431 8245
f 8245 6431 6432
f 8245 6432 8244
f 8244 6432 6433
f 8244 6433 8243
f 8243 6433 6434
f 8243 6434 8242
f 8242 6434 6435
f 8242 6435 8241
f 8241 6435 6436
f 8241 6436 8240
f 8240 6436 6437
f 8240 6437 8239
f 8239 6437 6438
f 8239 6438 8238
f 8238 6438 6439
f 8238 6439 8237
f 8237 6439 6440
f 8237 6440 8236
f 8236 6440 6441
f 8236 6441 8235
f 8235 6441 6442
f 8235 6442 8234
f 8234 6442 6443
f 8234 6443 8233
f 8233 6443 6444
f 8233 6444 8232
f 8232 6444 6445
f 8232 6445 8231
f 8231 6445 6446
f 8231 6446 8230
f 8230 6446 6447
f 8230 6447 8229
f 8229 6447 6448
f 8229 6448 8228
f 8228 6448 6449
f 8228 6449 8227
f 8227 6449 6450
f 8227 6450 8226
f 8226 6450 6451
f 8226 6451 8225
f 8225 6451 6452
f 8225 6452 8224
f 8224 6452 6453
f 8224 6453 8223
f 8223 6453 6454
f 8223 6454 8222
f 8222 6454 6455
f 8222 6455 8221
f 8221 6455 6456
f 8221 6456 8220
f 8220 6456 8372
f 8220 8372 8219
f 8373 6457 6458
f 8373 6458 8218
f 8218 6458 6459
f 8218 6459 8217
f 8217 6459 6460
f 8217 6460 8216
f 8216 6460 6461
f 8216 6461 8215
f 8215 6461 6462
f 8215 6462 8214
f 8214 6462 6463
f 8214 6463 8213
f 8213 6463 6464
f 8213 6464 8212
f 8212 6464 6465
f 8212 6465 8211
f 8211 6465 6466
f 8211 6466 8210
f 8210 6466 6467
f 8210 6467 8209
f 8209 6467 6468
f 8209 6468 8208
f 8208 6468 6469
f 8208 6469 8207
f 8207 6469 6470
f 8207 6470 8206
f 8206 6470 6471
f 8206 6471 8205
f 8205 6471 6472
f 8205 6472 8204
f 8204 6472 6473
f 8204 6473 8203
f 8203 6473 6474
f 8203 6474 8202
f 8202 6474 6475
f 8202 6475 8201
f 8201 6475 6476
f 8201 6476 8200
f 8200 6476 6477
f 8200 6477 8199
f 8199 6477 6478
f 8199 6478 8198
f 8198 6478 6479
f 8198 6479 8197
f 8197 6479 6480
f 8197 6480 8196
f 8196 6480 6481
f 8196 6481 8195
f 8195 6481 6482
f 8195 6482 8194
f 8194 6482 6483
f 8194 6483 8193
f 8193 6483 6484
f 8193 6484 8192
f 8192 6484 6485
f 8192 6485 8191
f 8191 6485 6486
f 8191 6486 8190
f 8190 6486 6487
f 8190 6487 8189
f 8189 6487 6488
f 8189 6488 8188
f 8188 6488 6489
f 8188 6489 8187
f 8187 6489 6490
f 8187 6490 8186
f 8186 6490 6491
f 8186 6491 8185
f 8185 6491 6492
f 8185 6492 8184
f 8184 6492 6493
f 8184 6493 8183
f 8183 6493 6494
f 8183 6494 8182
f 8182 6494 6495
f 8182 6495 8181
f 8181 6495 6496
f 8181 6496 8180
f 8180 6496 6497
f 8180 6497 8179
f 8179 6497 6498
f 8179 6498 8178
f 8178 6498 6499
f 8178 6499 8177
f 8177 6499 6500
f 8177 6500 8176
f 8176 6500 6501
f 8176 6501 8175
f 8175 6501 6502
f 8175 6502 8174
f 8174 6502 6503
f 8174 6503 8173
f 8173 6503 6504
f 8173 6504 8172
f 8172 6504 6505
f 8172 6505 8171
f 8171 6505 6506
f 8171 6506 8170
f 8170 6506 6507
f 8170 6507 8169
f 8169 6507 6508
f 8169 6508 8168
f 8168 6508 6509
f 8168 6509 8167
f 8167 6509 6510
f 8167 6510 8166
f 8166 6510 6511
f 8166 6511 8165
f 8165 6511 6512
f 8165 6512 8164
f 8164 6512 6513
f 8164 6513 8163
f 8163 6513 6514
f 8163 6514 8162
f 8162 6514 6515
f 8162 6515 8161
f 8161 6515 6516
f 8161 6516 8160
f 8160 6516 6517
f 8160 6517 8159
f 8159 6517 6518
f 8159 6518 8158
f 8158 6518 6519
f 8158 6519 8157
f 8157 6519 6520
f 8157 6520 8156
f 8156 6520 6521
f 8156 6521 8155
f 8155 6521 6522
f 8155 6522 8154
f 8154 6522 6523
f 8154 6523 8153
f 8153 6523 6524
f 8153 6524 8152
f 8152 6524 6525
f 8152 6525 8151
f 8151 6525 6526
f 8151 6526 8150
f 8150 6526 6527
f 8150 6527 8149
f 8149 6527 6528
f 8149 6528 8148
f 8148 6528 6529
f 8148 6529 8147
f 8147 6529 6530
f 8147 6530 8146
f 8146 6530 6531
f 8146 6531 8145
f 8145 6531 6532
f 8145 6532 8144
f 8144 6532 6533
f 8144 6533 8143
f 8143 6533 6534
f 8143 6534 8142
f 8142 6534 6535
f 8142 6535 8141
f 8141 6535 6536
f 8141 6536 8140
f 8140 6536 6537
f 8140 6537 8139
f 8139 6537 6538
f 8139 6538 8138
f 8138 6538 6539
f 8138 6539 8137
f 8137 6539 6540
f 8137 6540 8136
f 8136 6540 6541
f 8136 6541 8135
f 8135 6541 6542
f 8135 6542 8134
f 8134 6542 8374
f 8134 8374 8133
f 8375 6543 6544
f 8375 6544 8132
f 8132 6544 6545
f 8132 6545 8131
f 8131 6545 6546
f 8131 6546 8130
f 8130 6546 6547
f 8130 6547 8129
f 8129 6547 6548
f 8129 6548 8128
f 8128 6548 6549
f 8128 6549 8127
f 8127 6549 6550
f 8127 6550 8126
f 8126 6550 6551
f 8126 6551 8125
f 8125 6551 6552
f 8125 6552 8124
f 8124 6552 6553
f 8124 6553 8123
f 8123 6553 6554
f 8123 6554 8122
f 8122 6554 6555
f 8122 6555 8121
f 8121 6555 6556
f 8121 6556 8120
f 8120 6556 6557
f 8120 6557 8119
f 8119 6557 6558
f 8119 6558 8118
f 8118 6558 6559
f 8118 6559 8117
f 8117 6559 6560
f 8117 6560 8116
f 8116 6560 6561
f 8116 6561 8115
f 8115 6561 6562
f 8115 6562 8114
f 8114 6562 6563
f 8114 6563 8113
f 8113 6563 6564
f 8113 6564 8112
f 8112 6564 6565
f 8112 6565 8111
f 8111 6565 6566
f 8111 6566 8110
f 8110 6566 6567
f 8110 6567 8109
f 8109 6567 6568
f 8109 6568 8108
f 8108 6568 6569
f 8108 6569 8107
f 8107 6569 6570
f 8107 6570 8106
f 8106 6570 6571
f 8106 6571 8105
f 8105 6571 6572
f 8105 6572 8104
f 8104 6572 6573
f 8104 6573 8103
f 8103 6573 6574
f 8103 6574 8102
f 8102 6574 6575
f 8102 6575 8101
f 8101 6575 6576
f 8101 6576 8100
f 8100 6576 6577
f 8100 6577 8099
f 8099 6577 6578
f 8099 6578 8098
f 8098 6578 6579
f 8098 6579 8097
f 8097 6579 6580
f 8097 6580 8096
f 8096 6580 6581
f 8096 6581 8095
f 8095 6581 6582
f 8095 6582 8094
f 8094 6582 6583
f 8094 6583 8093
f 8093 6583 6584
f 8093 6584 8092
f 8092 6584 6585
f 8092 6585 8091
f 8091 6585 6586
f 8091 6586 8090
f 8090 6586 6587
f 8090 6587 8089
f 8089 6587 6588
f 8089 6588 8088
f 8088 6588 6589
f 8088 6589 8087
f 8087 6589 6590
f 8087 6590 8086
f 8086 6590 6591
f 8086 6591 8085
f 8085 6591 6592
f 8085 6592 8084
f 8084 6592 6593
f 8084 6593 8083
f 8083 6593 6594
f 8083 6594 8082
f 8082 6594 6595
f 8082 6595 8081
f 8081 6595 6596
f 8081 6596 8080
f 8080 6596 6597
f 8080 6597 8079
f 8079 6597 6598
f 8079 6598 8078
f 8078 6598 6599
f 8078 6599 8077
f 8077 6599 6600
f 8077 6600 8076
f 8076 6600 6601
f 8076 6601 8075
f 8075 6601 6602
f 8075 6602 8074
f 8074 6602 6603
f 8074 6603 8073
f 8073 6603 6604
f 8073 6604 8072
f 8072 6604 6605
f 8072 6605 8071
f 8071 6605 6606
f 8071 6606 8070
f 8070 6606 6607
f 8070 6607 8069
f 8069 6607 6608
f 8069 6608 8068
f 8068 6608 6609
f 8068 6609 8067
f 8067 6609 6610
f 8067 6610 8066
f 8066 6610 6611
f 8066 6611 8065
f 8065 6611 6612
f 8065 6612 8064
f 8064 6612 6613
f 8064 6613 8063
f 8063 6613 6614
f 8063 6614 8062
f 8062 6614 6615
f 8062 6615 8061
f 8061 6615 6616
f 8061 6616 8060
f 8060 6616 6617
f 8060 6617 8059
f 8059 6617 6618
f 8059 6618 8058
f 8058 6618 6619
f 8058 6619 8057
f 8057 6619 6620
f 8057 6620 8056
f 8056 6620 6621
f 8056 6621 8055
f 8055 6621 6622
f 8055 6622 8054
f 8054 6622 6623
f 8054 6623 8053
f 8053 6623 6624
f 8053 6624 8052
f 8052 6624 6625
f 8052 6625 8051
f 8051 6625 6626
f 8051 6626 8050
f 8050 6626 6627
f 8050 6627 8049
f 8049 6627 8376
f 8049 8376 8048
f 8377 6628 6629
f 8377 6629 8047
f 8047 6629 6630
f 8047 6630 8046
f 8046 6630 6631
f 8046 6631 8045
f 8045 6631 6632
f 8045 6632 8044
f 8044 6632 6633
f 8044 6633 8043
f 8043 6633 6634
f 8043 6634 8042
f 8042 6634 6635
f 8042 6635 8041
f 8041 6635 6636
f 8041 6636 8040
f 8040 6636 6637
f 8040 6637 8039
f 8039 6637 6638
f 8039 6638 8038
f 8038 6638 6639
f 8038 6639 8037
f 8037 6639 6640
f 8037 6640 8036
f 8036 6640 6641
f 8036 6641 8035
f 8035 6641 6642
f 8035 6642 8034
f 8034 6642 6643
f 8034 6643 8033
f 8033 6643 6644
f 8033 6644 8032
f 8032 6644 6645
f 8032 6645 8031
f 8031 6645 6646
f 8031 6646 8030
f 8030 6646 6647
f 8030 6647 8029
f 8029 6647 6648
f 8029 6648 8028
f 8028 6648 6649
f 8028 6649 8027
f 8027 6649 6650
f 8027 6650 8026
f 8026 6650 6651
f 8026 6651 8025
f 8025 6651 6652
f 8025 6652 8024
f 8024 6652 6653
f 8024 6653 8023
f 8023 6653 6654
f 8023 6654 8022
f 8022 6654 6655
f 8022 6655 8021
f 8021 6655 6656
f 8021 6656 8020
f 8020 6656 6657
f 8020 6657 8019
f 8019 6657 6658
f 8019 6658 8018
f 8018 6658 6659
f 8018 6659 8017
f 8017 6659 6660
f 8017 6660 8016
f 8016 6660 6661
f 8016 6661 8015
f 8015 6661 6662
f 8015 6662 8014
f 8014 6662 6663
f 8014 6663 8013
f 8013 6663 6664
f 8013 6664 8012
f 8012 6664 6665
f 8012 6665 8011
f 8011 6665 6666
f 8011 6666 8010
f 8010 6666 6667
f 8010 6667 8009
f 8009 6667 6668
f 8009 6668 8008
f 8008 6668 6669
f 8008 6669 8007
f 8007 6669 6670
f 8007 6670 8006
f 8006 6670 6671
f 8006 6671 8005
f 8005 6671 6672
f 8005 6672 8004
f 8004 6672 6673
f 8004 6673 8003
f 8003 6673 6674
f 8003 6674 8002
f 8002 6674 6675
f 8002 6675 8001
f 8001 6675 6676
f 8001 6676 8000
f 8000 6676 6677
f 8000 6677 7999
f 7999 6677 6678
f 7999 6678 7998
f 7998 6678 6679
f 7998 6679 7997
f 7997 6679 6680
f 7997 6680 7996
f 7996 6680 6681
f 7996 6681 7995
f 7995 6681 6682
f 7995 6682 7994
f 7994 6682 6683
f 7994 6683 7993
f 7993 6683 6684
f 7993 6684 7992
f 7992 6684 6685
f 7992 6685 7991
f 7991 6685 6686
f 7991 6686 7990
f 7990 6686 6687
f 7990 6687 7989
f 7989 6687 6688
f 7989 6688 7988
f 7988 6688 6689
f 7988 6689 7987
f 7987 6689 6690
f 7987 6690 7986
f 7986 6690 6691
f 7986 6691 7985
f 7985 6691 6692
f 7985 6692 7984
f 7984 6692 6693
f 7984 6693 7983
f 7983 6693 6694
f 7983 6694 7982
f 7982 6694 6695
f 7982 6695 7981
f 7981 6695 6696
f 7981 6696 7980
f 7980 6696 6697
f 7980 6697 7979
f 7979 6697 6698
f 7979 6698 7978
f 7978 6698 6699
f 7978 6699 7977
f 7977 6699 6700
f 7977 6700 7976
f 7976 6700 6701
f 7976 6701 7975
f 7975 6701 6702
f 7975 6702 7974
f 7974 6702 6703
f 7974 6703 7973
f 7973 6703 6704
f 7973 6704 7972
f 7972 6704 6705
f 7972 6705 7971
f 7971 6705 6706
f 7971 6706 7970
f 7970 6706 6707
f 7970 6707 7969
f 7969 6707 6708
f 7969 6708 7968
f 7968 6708 6709
f 7968 6709 7967
f 7967 6709 6710
f 7967 6710 7966
f 7966 6710 6711
f 7966 6711 7965
f 7965 6711 6712
f 7965 6712 7964
f 7964 6712 8378
f 7964 8378 7963
f 8379 6713 6714
f 8379 6714 7962
f 7962 6714 6715
f 7962 6715 7961
f 7961 6715 6716
f 7961 6716 7960
f 7960 6716 6717
f 7960 6717 7959
f 7959 6717 6718
f 7959 6718 7958
f 7958 6718 6719
f 7958 6719 7957
f 7957 6719 6720
f 7957 6720 7956
f 7956 6720 6721
f 7956 6721 7955
f 7955 6721 6722
f 7955 6722 7954
f 7954 6722 6723
f 7954 6723 7953
f 7953 6723 6724
f 7953 6724 7952
f 7952 6724 6725
f 7952 6725 7951
f 7951 6725 6726
f 7951 6726 7950
f 7950 6726 6727
f 7950 6727 7949
f 7949 6727 6728
f 7949 6728 7948
f 7948 6728 6729
f 7948 6729 7947
f 7947 6729 6730
f 7947 6730 7946
f 7946 6730 6731
f 7946 6731 7945
f 7945 6731 6732
f 7945 6732 7944
f 7944 6732 6733
f 7944 6733 7943
f 7943 6733 6734
f 7943 6734 7942
f 7942 6734 6735
f 7942 6735 7941
f 7941 6735 6736
f 7941 6736 7940
f 7940 6736 6737
f 7940 6737 7939
f 7939 6737 6738
f 7939 6738 7938
f 7938 6738 6739
f 7938 6739 7937
f 7937 6739 6740
f 7937 6740 7936
f 7936 6740 6741
f 7936 6741 7935
f 7935 6741 6742
f 7935 6742 7934
f 7934 6742 6743
f 7934 6743 7933
f 7933 6743 6744
f 7933 6744 7932
f 7932 6744 6745
f 7932 6745 7931
f 7931 6745 6746
f 7931 6746 7930
f 7930 6746 6747
f 7930 6747 7929
f 7929 6747 6748
f 7929 6748 7928
f 7928 6748 6749
f 7928 6749 7927
f 7927 6749 6750
f 7927 6750 7926
f 7926 6750 6751
f 7926 6751 7925
f 7925 6751 6752
f 7925 6752 7924
f 7924 6752 6753
f 7924 6753 7923
f 7923 6753 6754
f 7923 6754 7922
f 7922 6754 6755
f 7922 6755 7921
f 7921 6755 6756
f 7921 6756 7920
f 7920 6756 6757
f 7920 6757 7919
f 7919 6757 6758
f 7919 6758 7918
f 7918 6758 6759
f 7918 6759 7917
f 7917 6759 6760
f 7917 6760 7916
f 7916 6760 6761
f 7916 6761 7915
f 7915 6761 6762
f 7915 6762 7914
f 7914 6762 6763
f 7914 6763 7913
f 7913 6763 6764
f 7913 6764 7912
f 7912 6764 6765
f 7912 6765 7911
f 7911 6765 6766
f 7911 6766 7910
f 7910 6766 6767
f 7910 6767 7909
f 7909 6767 6768
f 7909 6768 7908
f 7908 6768 6769
f 7908 6769 7907
f 7907 6769 6770
f 7907 6770 7906
f 7906 6770 6771
f 7906 6771 7905
f 7905 6771 6772
f 7905 6772 7904
f 7904 6772 6773
f 7904 6773 7903
f 7903 6773 6774
f 7903 6774 7902
f 7902 6774 6775
f 7902 6775 7901
f 7901 6775 6776
f 7901 6776 7900
f 7900 6776 6777
f 7900 6777 7899
f 7899 6777 6778
f 7899 6778 7898
f 7898 6778 6779
f 7898 6779 7897
f 7897 6779 6780
f 7897 6780 7896
f 7896 6780 6781
f 7896 6781 7895
f 7895 6781 6782
f 7895 6782 7894
f 7894 6782 6783
f 7894 6783 7893
f 7893 6783 6784
f 7893 6784 7892
f 7892 6784 6785
f 7892 6785 7891
f 7891 6785 6786
f 7891 6786 7890
f 7890 6786 6787
f 7890 6787 7889
f 7889 6787 6788
f 7889 6788 7888
f 7888 6788 6789
f 7888 6789 7887
f 7887 6789 6790
f 7887 6790 7886
f 7886 6790 6791
f 7886 6791 7885
f 7885 6791 6792
f 7885 6792 7884
f 7884 6792 6793
f 7884 6793 7883
f 7883 6793 6794
f 7883 6794 7882
f 7882 6794 6795
f 7882 6795 7881
f 7881 6795 6796
f 7881 6796 7880
f 7880 6796 6797
f 7880 6797 7879
f 7879 6797 6798
f 7879 6798 7878
f 7878 6798 8380
f 7878 8380 7877
f 8381 6799 6800
f 8381 6800 7876
f 7876 6800 6801
f 7876 6801 7875
f 7875 6801 6802
f 7875 6802 7874
f 7874 6802 6803
f 7874 6803 7873
f 7873 6803 6804
f 7873 6804 7872
f 7872 6804 6805
f 7872 6805 7871
f 7871 6805 6806
f 7871 6806 7870
f 7870 6806 6807
f 7870 6807 7869
f 7869 6807 6808
f 7869 6808 7868
f 7868 6808 6809
f 7868 6809 7867
f 7867 6809 6810
f 7867 6810 7866
f 7866 6810 6811
f 7866 6811 7865
f 7865 6811 6812
f 7865 6812 7864
f 7864 6812 6813
f 7864 6813 7863
f 7863 6813 6814
f 7863 6814 7862
f 7862 6814 6815
f 7862 6815 7861
f 7861 6815 6816
f 7861 6816 7860
f 7860 6816 6817
f 7860 6817 7859
f 7859 6817 6818
f 7859 6818 7858
f 7858 6818 6819
f 7858 6819 7857
f 7857 6819 6820
f 7857 6820 7856
f 7856 6820 6821
f 7856 6821 7855
f 7855 6821 6822
f 7855 6822 7854
f 7854 6822 6823
f 7854 6823 7853
f 7853 6823 6824
f 7853 6824 7852
f 7852 6824 6825
f 7852 6825 7851
f 7851 6825 6826
f 7851 6826 7850
f 7850 6826 6827
f 7850 6827 7849
f 7849 6827 6828
f 7849 6828 7848
f 7848 6828 6829
f 7848 6829 7847
f 7847 6829 6830
f 7847 6830 7846
f 7846 6830 6831
f 7846 6831 7845
f 7845 6831 6832
f 7845 6832 7844
f 7844 6832 6833
f 7844 6833 7843
f 7843 6833 6834
f 7843 6834 7842
f 7842 6834 6835
f 7842 6835 7841
f 7841 6835 6836
f 7841 6836 7840
f 7840 6836 6837
f 7840 6837 7839
f 7839 6837 6838
f 7839 6838 7838
f 7838 6838 6839
f 7838 6839 7837
f 7837 6839 6840
f 7837 6840 7836
f 7836 6840 6841
f 7836 6841 7835
f 7835 6841 6842
f 7835 6842 7834
f 7834 6842 6843
f 7834 6843 7833
f 7833 6843 6844
f 7833 6844 7832
f 7832 6844 6845
f 7832 6845 7831
f 7831 6845 6846
f 7831 6846 7830
f 7830 6846 6847
f 7830 6847 7829
f 7829 6847 6848
f 7829 6848 7828
f 7828 6848 6849
f 7828 6849 7827
f 7827 6849 6850
f 7827 6850 7826
f 7826 6850 6851
f 7826 6851 7825
f 7825 6851 6852
f 7825 6852 7824
f 7824 6852 6853
f 7824 6853 7823
f 7823 6853 6854
f 7823 6854 7822
f 7822 6854 6855
f 7822 6855 7821
f 7821 6855 6856
f 7821 6856 7820
f 7820 6856 6857
f 7820 6857 7819
f 7819 6857 6858
f 7819 6858 7818
f 7818 6858 6859
f 7818 6859 7817
f 7817 6859 6860
f 7817 6860 7816
f 7816 6860 6861
f 7816 6861 7815
f 7815 6861 6862
f 7815 6862 7814
f 7814 6862 6863
f 7814 6863 7813
f 7813 6863 6864
f 7813 6864 7812
f 7812 6864 6865
f 7812 6865 7811
f 7811 6865 6866
f 7811 6866 7810
f 7810 6866 6867
f 7810 6867 7809
f 7809 6867 6868
f 7809 6868 7808
f 7808 6868 6869
f 7808 6869 7807
f 7807 6869 6870
f 7807 6870 7806
f 7806 6870 6871
f 7806 6871 7805
f 7805 6871 6872
f 7805 6872 7804
f 7804 6872 6873
f 7804 6873 7803
f 7803 6873 6874
f 7803 6874 7802
f 7802 6874 6875
f 7802 6875 7801
f 7801 6875 6876
f 7801 6876 7800
f 7800 6876 6877
f 7800 6877 7799
f 7799 6877 6878
f 7799 6878 7798
f 7798 6878 6879
f 7798 6879 7797
f 7797 6879 6880
f 7797 6880 7796
f 7796 6880 6881
f 7796 6881 7795
f 7795 6881 6882
f 7795 6882 7794
f 7794 6882 6883
f 7794 6883 7793
f 7793 6883 8382
f 7793 8382 7792
f 8383 6884 6885
f 8383 6885 7791
f 7791 6885 6886
f 7791 6886 7790
f 7790 6886 6887
f 7790 6887 7789
f 7789 6887 6888
f 7789 6888 7788
f 7788 6888 6889
f 7788 6889 7787
f 7787 6889 6890
f 7787 6890 7786
f 7786 6890 6891
f 7786 6891 7785
f 7785 6891 6892
f 7785 6892 7784
f 7784 6892 6893
f 7784 6893 7783
f 7783 6893 6894
f 7783 6894 7782
f 7782 6894 6895
f 7782 6895 7781
f 7781 6895 6896
f 7781 6896 7780
f 7780 6896 6897
f 7780 6897 7779
f 7779 6897 6898
f 7779 6898 7778
f 7778 6898 6899
f 7778 6899 7777
f 7777 6899 6900
f 7777 6900 7776
f 7776 6900 6901
f 7776 6901 7775
f 7775 6901 6902
f 7775 6902 7774
f 7774 6902 6903
f 7774 6903 7773
f 7773 6903 6904
f 7773 6904 7772
f 7772 6904 6905
f 7772 6905 7771
f 7771 6905 6906
f 7771 6906 7770
f 7770 6906 6907
f 7770 6907 7769
f 7769 6907 6908
f 7769 6908 7768
f 7768 6908 6909
f 7768 6909 7767
f 7767 6909 6910
f 7767 6910 7766
f 7766 6910 6911
f 7766 6911 7765
f 7765 6911 6912
f 7765 6912 7764
f 7764 6912 6913
f 7764 6913 7763
f 7763 6913 6914
f 7763 6914 7762
f 7762 6914 6915
f 7762 6915 7761
f 7761 6915 6916
f 7761 6916 7760
f 7760 6916 6917
f 7760 6917 7759
f 7759 6917 6918
f 7759 6918 7758
f 7758 6918 6919
f 7758 6919 7757
f 7757 6919 6920
f 7757 6920 7756
f 7756 6920 6921
f 7756 6921 7755
f 7755 6921 6922
f 7755 6922 7754
f 7754 6922 6923
f 7754 6923 7753
f 7753 6923 6924
f 7753 6924 7752
f 7752 6924 6925
f 7752 6925 7751
f 7751 6925 6926
f 7751 6926 7750
f 7750 6926 6927
f 7750 6927 7749
f 7749 6927 6928
f 7749 6928 7748
f 7748 6928 6929
f 7748 6929 7747
f 7747 6929 6930
f 7747 6930 7746
f 7746 6930 6931
f 7746 6931 7745
f 7745 6931 6932
f 7745 6932 7744
f 7744 6932 6933
f 7744 6933 7743
f 7743 6933 6934
f 7743 6934 7742
f 7742 6934 6935
f 7742 6935 7741
f 7741 6935 6936
f 7741 6936 7740
f 7740 6936 6937
f 7740 6937 7739
f 7739 6937 6938
f 7739 6938 7738
f 7738 6938 6939
f 7738 6939 7737
f 7737 6939 6940
f 7737 6940 7736
f 7736 6940 6941
f 7736 6941 7735
f 7735 6941 6942
f 7735 6942 7734
f 7734 6942 6943
f 7734 6943 7733
f 7733 6943 6944
f 7733 6944 7732
f 7732 6944 6945
f 7732 6945 7731
f 7731 6945 6946
f 7731 6946 7730
f 7730 6946 6947
f 7730 6947 7729
f 7729 6947 6948
f 7729 6948 7728
f 7728 6948 6949
f 7728 6949 7727
f 7727 6949 6950
f 7727 6950 7726
f 7726 6950 6951
f 7726 6951 7725
f 7725 6951 6952
f 7725 6952 7724
f 7724 6952 6953
f 7724 6953 7723
f 7723 6953 6954
f 7723 6954 7722
f 7722 6954 6955
f 7722 6955 7721
f 7721 6955 6956
f 7721 6956 7720
f 7720 6956 6957
f 7720 6957 7719
f 7719 6957 6958
f 7719 6958 7718
f 7718 6958 6959
f 7718 6959 7717
f 7717 6959 6960
f 7717 6960 7716
f 7716 6960 6961
f 7716 6961 7715
f 7715 6961 6962
f 7715 6962 7714
f 7714 6962 6963
f 7714 6963 7713
f 7713 6963 6964
f 7713 6964 7712
f 7712 6964 6965
f 7712 6965 7711
f 7711 6965 6966
f 7711 6966 7710
f 7710 6966 6967
f 7710 6967 7709
f 7709 6967 6968
f 7709 6968 7708
f 7708 6968 8384
f 7708 8384 7707
f 8385 6969 6970
f 8385 6970 7706
f 7706 6970 6971
f 7706 6971 7705
f 7705 6971 6972
f 7705 6972 7704
f 7704 6972 6973
f 7704 6973 7703
f 7703 6973 6974
f 7703 6974 7702
f 7702 6974 6975
f 7702 6975 7701
f 7701 6975 6976
f 7701 6976 7700
f 7700 6976 6977
f 7700 6977 7699
f 7699 6977 6978
f 7699 6978 7698
f 7698 6978 6979
f 7698 6979 7697
f 7697 6979 6980
f 7697 6980 7696
f 7696 6980 6981
f 7696 6981 7695
f 7695 6981 6982
f 7695 6982 7694
f 7694 6982 6983
f 7694 6983 7693
f 7693 6983 6984
f 7693 6984 7692
f 7692 6984 6985
f 7692 6985 7691
f 7691 6985 6986
f 7691 6986 7690
f 7690 6986 6987
f 7690 6987 7689
f 7689 6987 6988
f 7689 6988 7688
f 7688 6988 6989
f 7688 6989 7687
f 7687 6989 6990
f 7687 6990 7686
f 7686 6990 6991
f 7686 6991 7685
f 7685 6991 6992
f 7685 6992 7684
f 7684 6992 6993
f 7684 6993 7683
f 7683 6993 6994
f 7683 6994 7682
f 7682 6994 6995
f 7682 6995 7681
f 7681 6995 6996
f 7681 6996 7680
f 7680 6996 6997
f 7680 6997 7679
f 7679 6997 6998
f 7679 6998 7678
f 7678 6998 6999
f 7678 6999 7677
f 7677 6999 7000
f 7677 7000 7676
f 7676 7000 7001
f 7676 7001 7675
f 7675 7001 7002
f 7675 7002 7674
f 7674 7002 7003
f 7674 7003 7673
f 7673 7003 7004
f 7673 7004 7672
f 7672 7004 7005
f 7672 7005 7671
f 7671 7005 7006
f 7671 7006 7670
f 7670 7006 7007
f 7670 7007 7669
f 7669 7007 7008
f 7669 7008 7668
f 7668 7008 7009
f 7668 7009 7667
f 7667 7009 7010
f 7667 7010 7666
f 7666 7010 7011
f 7666 7011 7665
f 7665 7011 7012
f 7665 7012 7664
f 7664 7012 7013
f 7664 7013 7663
f 7663 7013 7014
f 7663 7014 7662
f 7662 7014 7015
f 7662 7015 7661
f 7661 7015 7016
f 7661 7016 7660
f 7660 7016 7017
f 7660 7017 7659
f 7659 7017 7018
f 7659 7018 7658
f 7658 7018 7019
f 7658 7019 7657
f 7657 7019 7020
f 7657 7020 7656
f 7656 7020 7021
f 7656 7021 7655
f 7655 7021 7022
f 7655 7022 7654
f 7654 7022 7023
f 7654 7023 7653
f 7653 7023 7024
f 7653 7024 7652
f 7652 7024 7025
f 7652 7025 7651
f 7651 7025 7026
f 7651 7026 7650
f 7650 7026 7027
f 7650 7027 7649
f 7649 7027 7028
f 7649 7028 7648
f 7648 7028 7029
f 7648 7029 7647
f 7647 7029 7030
f 7647 7030 7646
f 7646 7030 7031
f 7646 7031 7645
f 7645 7031 7032
f 7645 7032 7644
f 7644 7032 7033
f 7644 7033 7643
f 7643 7033 7034
f 7643 7034 7642
f 7642 7034 7035
f 7642 7035 7641
f 7641 7035 7036
f 7641 7036 7640
f 7640 7036 7037
f 7640 7037 7639
f 7639 7037 7038
f 7639 7038 7638
f 7638 7038 7039
f 7638 7039 7637
f 7637 7039 7040
f 7637 7040 7636
f 7636 7040 7041
f 7636 7041 7635
f 7635 7041 7042
f 7635 7042 7634
f 7634 7042 7043
f 7634 7043 7633
f 7633 7043 7044
f 7633 7044 7632
f 7632 7044 7045
f 7632 7045 7631
f 7631 7045 7046
f 7631 7046 7630
f 7630 7046 7047
f 7630 7047 7629
f 7629 7047 7048
f 7629 7048 7628
f 7628 7048 7049
f 7628 7049 7627
f 7627 7049 7050
f 7627 7050 7626
f 7626 7050 7051
f 7626 7051 7625
f 7625 7051 7052
f 7625 7052 7624
f 7624 7052 7053
f 7624 7053 7623
f 7623 7053 7054
f 7623 7054 7622
f 7622 7054 8386
f 7622 8386 7621
f 8387 7055 7056
f 8387 7056 7620
f 7620 7056 7057
f 7620 7057 7619
f 7619 7057 7058
f 7619 7058 7618
f 7618 7058 7059
f 7618 7059 7617
f 7617 7059 7060
f 7617 7060 7616
f 7616 7060 7061
f 7616 7061 7615
f 7615 7061 7062
f 7615 7062 7614
f 7614 7062 7063
f 7614 7063 7613
f 7613 7063 7064
f 7613 7064 7612
f 7612 7064 7065
f 7612 7065 7611
f 7611 7065 7066
f 7611 7066 7610
f 7610 7066 7067
f 7610 7067 7609
f 7609 7067 7068
f 7609 7068 7608
f 7608 7068 7069
f 7608 7069 7607
f 7607 7069 7070
f 7607 7070 7606
f 7606 7070 7071
f 7606 7071 7605
f 7605 7071 7072
f 7605 7072 7604
f 7604 7072 7073
f 7604 7073 7603
f 7603 7073 7074
f 7603 7074 7602
f 7602 7074 7075
f 7602 7075 7601
f 7601 7075 7076
f 7601 7076 7600
f 7600 7076 7077
f 7600 7077 7599
f 7599 7077 7078
f 7599 7078 7598
f 7598 7078 7079
f 7598 7079 7597
f 7597 7079 7080
f 7597 7080 7596
f 7596 7080 7081
f 7596 7081 7595
f 7595 7081 7082
f 7595 7082 7594
f 7594 7082 7083
f 7594 7083 7593
f 7593 7083 7084
f 7593 7084 7592
f 7592 7084 7085
f 7592 7085 7591
f 7591 7085 7086
f 7591 7086 7590
f 7590 7086 7087
f 7590 7087 7589
f 7589 7087 7088
f 7589 7088 7588
f 7588 7088 7089
f 7588 7089 7587
f 7587 7089 7090
f 7587 7090 7586
f 7586 7090 7091
f 7586 7091 7585
f 7585 7091 7092
f 7585 7092 7584
f 7584 7092 7093
f 7584 7093 7583
f 7583 7093 7094
f 7583 7094 7582
f 7582 7094 7095
f 7582 7095 7581
f 7581 7095 7096
f 7581 7096 7580
f 7580 7096 7097
f 7580 7097 7579
f 7579 7097 7098
f 7579 7098 7578
f 7578 7098 7099
f 7578 7099 7577
f 7577 7099 7100
f 7577 7100 7576
f 7576 7100 7101
f 7576 7101 7575
f 7575 7101 7102
f 7575 7102 7574
f 7574 7102 7103
f 7574 7103 7573
f 7573 7103 7104
f 7573 7104 7572
f 7572 7104 7105
f 7572 7105 7571
f 7571 7105 7106
f 7571 7106 7570
f 7570 7106 7107
f 7570 7107 7569
f 7569 7107 7108
f 7569 7108 7568
f 7568 7108 7109
f 7568 7109 7567
f 7567 7109 7110
f 7567 7110 7566
f 7566 7110 7111
f 7566 7111 7565
f 7565 7111 7112
f 7565 7112 7564
f 7564 7112 7113
f 7564 7113 7563
f 7563 7113 7114
f 7563 7114 7562
f 7562 7114 7115
f 7562 7115 7561
f 7561 7115 7116
f 7561 7116 7560
f 7560 7116 7117
f 7560 7117 7559
f 7559 7117 7118
f 7559 7118 7558
f 7558 7118 7119
f 7558 7119 7557
f 7557 7119 7120
f 7557 7120 7556
f 7556 7120 7121
f 7556 7121 7555
f 7555 7121 7122
f 7555 7122 7554
f 7554 7122 7123
f 7554 7123 7553
f 7553 7123 7124
f 7553 7124 7552
f 7552 7124 7125
f 7552 7125 7551
f 7551 7125 7126
f 7551 7126 7550
f 7550 7126 7127
f 7550 7127 7549
f 7549 7127 7128
f 7549 7128 7548
f 7548 7128 7129
f 7548 7129 7547
f 7547 7129 7130
f 7547 7130 7546
f 7546 7130 7131
f 7546 7131 7545
f 7545 7131 7132
f 7545 7132 7544
f 7544 7132 7133
f 7544 7133 7543
f 7543 7133 7134
f 7543 7134 7542
f 7542 7134 7135
f 7542 7135 7541
f 7541 7135 7136
f 7541 7136 7540
f 7540 7136 7137
f 7540 7137 7539
f 7539 7137 7138
f 7539 7138 7538
f 7538 7138 7139
f 7538 7139 7537
f 7537 7139 8388
f 7537 8388 7536
f 8389 7140 7141
f 8389 7141 7535
f 7535 7141 7142
f 7535 7142 7534
f 7534 7142 7143
f 7534 7143 7533
f 7533 7143 7144
f 7533 7144 7532
f 7532 7144 7145
f 7532 7145 7531
f 7531 7145 7146
f 7531 7146 7530
f 7530 7146 7147
f 7530 7147 7529
f 7529 7147 7148
f 7529 7148 7528
f 7528 7148 7149
f 7528 7149 7527
f 7527 7149 7150
f 7527 7150 7526
f 7526 7150 7151
f 7526 7151 7525
f 7525 7151 7152
f 7525 7152 7524
f 7524 7152 7153
f 7524 7153 7523
f 7523 7153 7154
f 7523 7154 7522
f 7522 7154 7155
f 7522 7155 7521
f 7521 7155 7156
f 7521 7156 7520
f 7520 7156 7157
f 7520 7157 7519
f 7519 7157 7158
f 7519 7158 7518
f 7518 7158 7159
f 7518 7159 7517
f 7517 7159 7160
f 7517 7160 7516
f 7516 7160 7161
f 7516 7161 7515
f 7515 7161 7162
f 7515 7162 7514
f 7514 7162 7163
f 7514 7163 7513
f 7513 7163 7164
f 7513 7164 7512
f 7512 7164 7165
f 7512 7165 7511
f 7511 7165 7166
f 7511 7166 7510
f 7510 7166 7167
f 7510 7167 7509
f 7509 7167 7168
f 7509 7168 7508
f 7508 7168 7169
f 7508 7169 7507
f 7507 7169 7170
f 7507 7170 7506
f 7506 7170 7171
f 7506 7171 7505
f 7505 7171 7172
f 7505 7172 7504
f 7504 7172 7173
f 7504 7173 7503
f 7503 7173 7174
f 7503 7174 7502
f 7502 7174 7175
f 7502 7175 7501
f 7501 7175 7176
f 7501 7176 7500
f 7500 7176 7177
f 7500 7177 7499
f 7499 7177 7178
f 7499 7178 7498
f 7498 7178 7179
f 7498 7179 7497
f 7497 7179 7180
f 7497 7180 7496
f 7496 7180 7181
f 7496 7181 7495
f 7495 7181 7182
f 7495 7182 7494
f 7494 7182 7183
f 7494 7183 7493
f 7493 7183 7184
f 7493 7184 7492
f 7492 7184 7185
f 7492 7185 7491
f 7491 7185 7186
f 7491 7186 7490
f 7490 7186 7187
f 7490 7187 7489
f 7489 7187 7188
f 7489 7188 7488
f 7488 7188 7189
f 7488 7189 7487
f 7487 7189 7190
f 7487 7190 7486
f 7486 7190 7191
f 7486 7191 7485
f 7485 7191 7192
f 7485 7192 7484
f 7484 7192 7193
f 7484 7193 7483
f 7483 7193 7194
f 7483 7194 7482
f 7482 7194 7195
f 7482 7195 7481
f 7481 7195 7196
f 7481 7196 7480
f 7480 7196 7197
f 7480 7197 7479
f 7479 7197 7198
f 7479 7198 7478
f 7478 7198 7199
f 7478 7199 7477
f 7477 7199 7200
f 7477 7200 7476
f 7476 7200 7201
f 7476 7201 7475
f 7475 7201 7202
f 7475 7202 7474
f 7474 7202 7203
f 7474 7203 7473
f 7473 7203 7204
f 7473 7204 7472
f 7472 7204 7205
f 7472 7205 7471
f 7471 7205 7206
f 7471 7206 7470
f 7470 7206 7207
f 7470 7207 7469
f 7469 7207 7208
f 7469 7208 7468
f 7468 7208 7209
f 7468 7209 7467
f 7467 7209 7210
f 7467 7210 7466
f 7466 7210 7211
f 7466 7211 7465
f 7465 7211 7212
f 7465 7212 7464
f 7464 7212 7213
f 7464 7213 7463
f 7463 7213 7214
f 7463 7214 7462
f 7462 7214 7215
f 7462 7215 7461
f 7461 7215 7216
f 7461 7216 7460
f 7460 7216 7217
f 7460 7217 7459
f 7459 7217 7218
f 7459 7218 7458
f 7458 7218 7219
f 7458 7219 7457
f 7457 7219 7220
f 7457 7220 7456
f 7456 7220 7221
f 7456 7221 7455
f 7455 7221 7222
f 7455 7222 7454
f 7454 7222 7223
f 7454 7223 7453
f 7453 7223 7224
f 7453 7224 7452
f 7452 7224 8390
f 7452 8390 7451
f 8391 7225 7226
f 8391 7226 7450
f 7450 7226 7227
f 7450 7227 7449
f 7449 7227 7228
f 7449 7228 7448
f 7448 7228 7229
f 7448 7229 7447
f 7447 7229 7230
f 7447 7230 7446
f 7446 7230 7231
f 7446 7231 7445
f 7445 7231 7232
f 7445 7232 7444
f 7444 7232 7233
f 7444 7233 7443
f 7443 7233 7234
f 7443 7234 7442
f 7442 7234 7235
f 7442 7235 7441
f 7441 7235 7236
f 7441 7236 7440
f 7440 7236 7237
f 7440 7237 7439
f 7439 7237 7238
f 7439 7238 7438
f 7438 7238 7239
f 7438 7239 7437
f 7437 7239 7240
f 7437 7240 7436
f 7436 7240 7241
f 7436 7241 7435
f 7435 7241 7242
f 7435 7242 7434
f 7434 7242 7243
f 7434 7243 7433
f 7433 7243 7244
f 7433 7244 7432
f 7432 7244 7245
f 7432 7245 7431
f 7431 7245 7246
f 7431 7246 7430
f 7430 7246 7247
f 7430 7247 7429
f 7429 7247 7248
f 7429 7248 7428
f 7428 7248 7249
f 7428 7249 7427
f 7427 7249 7250
f 7427 7250 7426
f 7426 7250 7251
f 7426 7251 7425
f 7425 7251 7252
f 7425 7252 7424
f 7424 7252 7253
f 7424 7253 7423
f 7423 7253 7254
f 7423 7254 7422
f 7422 7254 7255
f 7422 7255 7421
f 7421 7255 7256
f 7421 7256 7420
f 7420 7256 7257
f 7420 7257 7419
f 7419 7257 7258
f 7419 7258 7418
f 7418 7258 7259
f 7418 7259 7417
f 7417 7259 7260
f 7417 7260 7416
f 7416 7260 7261
f 7416 7261 7415
f 7415 7261 7262
f 7415 7262 7414
f 7414 7262 7263
f 7414 7263 7413
f 7413 7263 7264
f 7413 7264 7412
f 7412 7264 7265
f 7412 7265 7411
f 7411 7265 7266
f 7411 7266 7410
f 7410 7266 7267
f 7410 7267 7409
f 7409 7267 7268
f 7409 7268 7408
f 7408 7268 7269
f 7408 7269 7407
f 7407 7269 7270
f 7407 7270 7406
f 7406 7270 7271
f 7406 7271 7405
f 7405 7271 7272
f 7405 7272 7404
f 7404 7272 7273
f 7404 7273 7403
f 7403 7273 7274
f 7403 7274 7402
f 7402 7274 7275
f 7402 7275 7401
f 7401 7275 7276
f 7401 7276 7400
f 7400 7276 7277
f 7400 7277 7399
f 7399 7277 7278
f 7399 7278 7398
f 7398 7278 7279
f 7398 7279 7397
f 7397 7279 7280
f 7397 7280 7396
f 7396 7280 7281
f 7396 7281 7395
f 7395 7281 7282
f 7395 7282 7394
f 7394 7282 7283
f 7394 7283 7393
f 7393 7283 7284
f 7393 7284 7392
f 7392 7284 7285
f 7392 7285 7391
f 7391 7285 7286
f 7391 7286 7390
f 7390 7286 7287
f 7390 7287 7389
f 7389 7287 7288
f 7389 7288 7388
f 7388 7288 7289
f 7388 7289 7387
f 7387 7289 7290
f 7387 7290 7386
f 7386 7290 7291
f 7386 7291 7385
f 7385 7291 7292
f 7385 7292 7384
f 7384 7292 7293
f 7384 7293 7383
f 7383 7293 7294
f 7383 7294 7382
f 7382 7294 7295
f 7382 7295 7381
f 7381 7295 7296
f 7381 7296 7380
f 7380 7296 7297
f 7380 7297 7379
f 7379 7297 7298
f 7379 7298 7378
f 7378 7298 7299
f 7378 7299 7377
f 7377 7299 7300
f 7377 7300 7376
f 7376 7300 7301
f 7376 7301 7375
f 7375 7301 7302
f 7375 7302 7374
f 7374 7302 7303
f 7374 7303 7373
f 7373 7303 7304
f 7373 7304 7372
f 7372 7304 7305
f 7372 7305 7371
f 7371 7305 7306
f 7371 7306 7370
f 7370 7306 7307
f 7370 7307 7369
f 7369 7307 7308
f 7369 7308 7368
f 7368 7308 7309
f 7368 7309 7367
f 7367 7309 7310
f 7367 7310 7366
f 7366 7310 8392
f 7366 8392 7365
f 8393 7311 7312
f 8393 7312 7364
f 7364 7312 7313
f 7364 7313 7363
f 7363 7313 7314
f 7363 7314 7362
f 7362 7314 7315
f 7362 7315 7361
f 7361 7315 7316
f 7361 7316 7360
f 7360 7316 7317
f 7360 7317 7359
f 7359 7317 7318
f 7359 7318 7358
f 7358 7318 7319
f 7358 7319 7357
f 7357 7319 7320
f 7357 7320 7356
f 7356 7320 7355
f 7355 7320 7321
f 7355 7321 7354
f 7354 7321 7353
f 7353 7321 7322
f 7353 7322 7352
f 7352 7322 7323
f 7352 7323 7351
f 7351 7323 7350
f 7350 7323 7324
f 7350 7324 7349
f 7349 7324 7348
f 7348 7324 7325
f 7348 7325 7347
f 7347 7325 7346
f 7346 7325 7326
f 7346 7326 7345
f 7345 7326 7327
f 7345 7327 7344
f 7344 7327 7343
f 7343 7327 7328
f 7343 7328 7342
f 7342 7328 7341
f 7341 7328 7329
f 7341 7329 7340
f 7340 7329 7339
f 7339 7329 7330
f 7339 7330 7338
f 7338 7330 7337
f 7337 7330 7331
f 7337 7331 7336
f 7336 7331 7332
f 7336 7332 7335
f 7335 7332 7334
f 7334 7332 7333
f 8394 8395 8397
f 8397 8395 8396
f 8398 8399 8401
f 8401 8399 8400
f 8402 8403 8405
f 8405 8403 8404
f 8406 8407 8409
f 8409 8407 8408
f 8410 8411 8413
f 8413 8411 8412
f 8414 8415 8417
f 8417 8415 8416
f 8466 8418 8472
f 8472 8418 8419
f 8472 8419 8420
f 8472 8420 8471
f 8471 8420 8421
f 8471 8421 8422
f 8422 8423 8471
f 8471 8423 8424
f 8471 8424 8425
f 8425 8426 8471
f 8471 8426 8427
f 8471 8427 8428
f 8471 8428 8470
f 8470 8428 8429
f 8470 8429 8430
f 8430 8431 8470
f 8470 8431 8432
f 8470 8432 8433
f 8433 8434 8470
f 8470 8434 8435
f 8470 8435 8436
f 8470 8436 8469
f 8469 8436 8437
f 8469 8437 8438
f 8438 8439 8469
f 8469 8439 8440
f 8469 8440 8441
f 8441 8442 8469
f 8469 8442 8443
f 8469 8443 8444
f 8444 8445 8469
f 8469 8445 8468
f 8468 8445 8446
f 8468 8446 8447
f 8447 8448 8468
f 8468 8448 8449
f 8468 8449 8450
f 8450 8451 8468
f 8468 8451 8452
f 8468 8452 8453
f 8468 8453 8467
f 8467 8453 8454
f 8467 8454 8455
f 8455 8456 8467
f 8467 8456 8457
f 8467 8457 8458
f 8458 8459 8467
f 8467 8459 8460
f 8467 8460 8461
f 8467 8461 8472
f 8472 8461 8462
f 8472 8462 8463
f 8463 8464 8472
f 8472 8464 8465
f 8472 8465 8466
