mtllib Corpo3.mtl
v -6.999999880790708 1.2257427722215648 2.1457671550706436e-06
v -6.926221251487729 1.2826058268547054 0.0
v -5.609471201896666 2.2215844690799704 0.0
v -4.092672467231749 3.087163269519805 0.0
v -2.4194015562534323 3.734045326709746 0.0
v -1.5335300564765926 3.928289413452147 0.0
v -0.6337246298789976 4.000000059604643 2.145644231177357e-06
v 0.08414583280682561 4.083819687366484 -0.8690817654132843
v 0.5998419970273969 4.260822832584379 -1.8062926828861237
v 0.9030842036008832 4.543386399745939 -2.772141993045807
v 1.0000000149011607 4.932073652744291 -3.726644217967987
v 0.07294901646673677 4.79912608861923 -3.7889665365219116
v -0.7633557915687559 4.4132965803146345 -3.969832956790924
v -1.4270509779453273 3.8123533129692064 -4.251539409160614
v -1.8531695008277886 3.0551204085350028 -4.606509804725647
v -2.0000000298023215 2.215721458196639 -4.999997913837433
v -2.085532546043395 1.6318787634372705 -4.0792810916900635
v -2.3540160059928885 1.242883130908012 -3.153931200504303
v -2.8059452772140494 1.0387922078371044 -2.27803573012352
v -3.4269666671752916 0.9869022667407986 -1.5028853714466095
v -4.1891860961914045 1.0330633074045177 -0.8648920059204102
v -5.06186008453369 1.1187453567981716 -0.3914042189717293
v -6.010918021202086 1.1955408751964565 -0.09897829964756966
v -0.8675433695316311 3.9802017807960497 -0.7557637989521027
v -0.21678823977708808 4.152309894561766 -1.7189683020114899
v -4.971769154071806 1.9623908400535577 -0.29807405546307564
v -3.6557272076606737 3.076627552509307 -0.2531478554010391
v -3.832643628120421 2.7138552069663993 -0.48269275575876236
v -4.08033102750778 1.9121898710727685 -0.7791853696107864
v -2.3181971907615653 3.6084136366844164 -0.4322536289691925
v -2.796486020088195 3.1039825081825247 -0.8972015976905823
v -3.0212241411209098 2.733965814113616 -1.1150029301643372
v -3.3218437433242785 1.9044665992259973 -1.404685378074646
v -1.5426024794578548 3.7031224370002733 -1.218748614192009
v -2.113807350397109 3.20490002632141 -1.634206771850586
v -2.3773622512817374 2.8312680125236502 -1.8388178944587708
v -2.71579086780548 1.9834297895431512 -2.1346350014209747
v -0.9748210757970807 3.8900855183601366 -2.07268089056015
v -1.6127377748489373 3.4017348289489733 -2.424328923225403
v -1.9045296311378472 3.031633496284484 -2.614772915840149
v -2.271713912487029 2.187039852142333 -2.930842936038971
v 0.1819986850023269 4.4436153769493085 -2.7339565753936768
v -0.6129520386457441 4.182918369770048 -2.9682645201683044
v -1.2842616438865657 3.708226978778838 -3.2494518160820007
v -1.5930287539958947 3.3508792519569384 -3.424288034439087
v -1.9866342842578881 2.5383159518241873 -3.76403272151947
v -2.0000000298023215 2.5789788365364066 -5.7164400815963745
v -2.0000000298023215 2.452981770038604 -5.480137467384338
v -2.0000000298023215 2.3318788409233084 -5.241289734840393
v -2.0000000298023215 2.215721458196639 -4.999997913837433
v -1.8531695008277886 3.0551204085350028 -4.606509804725647
v -1.4270509779453273 3.8123533129692064 -4.251539409160614
v -0.7633557915687559 4.4132965803146345 -3.969832956790924
v 0.07294901646673677 4.79912608861923 -3.7889665365219116
v 1.0000000149011607 4.932073652744291 -3.726644217967987
v 1.0000000149011607 5.245323181152342 -4.3391260504722595
v 1.0000000149011607 5.5999410152435285 -4.9286216497421265
v 1.0000000149011607 5.994249582290648 -5.4923415184021
v 0.16900273039937014 5.9004276990890485 -5.562894940376282
v -0.5969609692692754 5.626305341720579 -5.769034028053284
v -1.23794712126255 5.1933354139327985 -6.094626188278198
v -1.703792363405227 4.6354013681411725 -6.514191031455994
v -1.9580397009849542 3.996167182922362 -6.994893550872803
v -1.9793082773685449 3.294483125209807 -6.238759756088257
v 0.07294901646673677 5.291742086410521 -4.712612330913544
v -0.7633557915687559 4.926599860191343 -4.932267665863037
v -1.4270509779453273 4.357878267765043 -5.274388790130615
v -1.8531695008277886 3.6412468552589403 -5.705486536026001
v 1.0000000149011607 -5.994249582290648 -5.4923415184021
v 1.0000000149011607 -5.5999410152435285 -4.9286216497421265
v 1.0000000149011607 -5.245323181152342 -4.3391260504722595
v 1.0000000149011607 -4.932073652744291 -3.726644217967987
v 0.07294901646673677 -4.79912608861923 -3.7889665365219116
v -0.7633557915687559 -4.4132965803146345 -3.969832956790924
v -1.4270509779453273 -3.8123533129692064 -4.251539409160614
v -1.8531695008277886 -3.0551204085350028 -4.606509804725647
v -2.0000000298023215 -2.215721458196639 -4.999997913837433
v -2.0000000298023215 -2.3318788409233084 -5.241289734840393
v -2.0000000298023215 -2.452981770038604 -5.480137467384338
v -2.0000000298023215 -2.5789788365364066 -5.7164400815963745
v -1.9783750176429742 -3.3216989040374743 -6.262701749801636
v -1.9580397009849542 -3.996167182922362 -6.994893550872803
v -1.703792363405227 -4.6354013681411725 -6.514191031455994
v -1.23794712126255 -5.1933354139327985 -6.094626188278198
v -0.5969609692692754 -5.626305341720579 -5.769034028053284
v 0.16900273039937014 -5.9004276990890485 -5.562894940376282
v 0.07294901646673677 -5.291742086410521 -4.712612330913544
v -0.7633557915687559 -4.926599860191343 -4.932267665863037
v -1.4270509779453273 -4.357878267765043 -5.274388790130615
v -1.8531695008277886 -3.6412468552589403 -5.705486536026001
v -0.6337246298789976 -4.000000059604643 2.1396532190465223e-06
v -1.5335300564765926 -3.928289413452147 0.0
v -2.4194015562534323 -3.734045326709746 0.0
v -4.092672467231749 -3.087163269519805 0.0
v -5.609471201896666 -2.2215844690799704 0.0
v -6.926221251487729 -1.2826058268547054 0.0
v -6.999999880790708 -1.2257427722215648 2.1457671550706436e-06
v -6.010997295379637 -1.1952895671129222 -0.09904508478939533
v -5.06163716316223 -1.1197961866855617 -0.3910364583134651
v -4.18925106525421 -1.032745316624641 -0.8651693910360336
v -3.426862061023711 -0.9868424385786053 -1.5025174617767334
v -2.8060612082481375 -1.039030477404594 -2.2783441841602325
v -2.353482246398925 -1.2420948594808574 -3.1537362933158875
v -2.0855097472667685 -1.6318601369857781 -4.079322814941406
v -2.0000000298023215 -2.215721458196639 -4.999997913837433
v -1.8531695008277886 -3.0551204085350028 -4.606509804725647
v -1.4270509779453273 -3.8123533129692064 -4.251539409160614
v -0.7633557915687559 -4.4132965803146345 -3.969832956790924
v 0.07294901646673677 -4.79912608861923 -3.7889665365219116
v 1.0000000149011607 -4.932073652744291 -3.726644217967987
v 0.9032014012336728 -4.543325006961821 -2.7722474932670593
v 0.600088946521282 -4.260658621788023 -1.8061889708042145
v 0.08499778807163236 -4.083209931850432 -0.8688352257013321
v -5.541433691978453 -1.9956426322460168 -0.09585627354681492
v -2.4333034455776206 -2.0871755480766288 -2.5999894738197327
v -2.077041566371917 -2.9368999600410453 -2.2933919727802277
v -1.7958824336528771 -3.3088055253028856 -2.0973941683769226
v -1.1807934194803233 -3.8018861413002 -1.7179404199123383
v -0.45067511498928053 -4.068413674831389 -1.3165800273418427
v -1.2235222756862636 -3.939043581485747 -0.3661198168992996
v -1.8519511818885797 -3.6523729562759386 -0.8683149516582489
v -2.3860929906368247 -3.1507274508476244 -1.3073204457759857
v -2.633693814277648 -2.7787455916404715 -1.5174028277397156
v -2.957698702812194 -1.9366495311260217 -1.8090903759002686
v -2.7357283234596244 -3.590254485607146 -0.10733293369412422
v -3.165975213050841 -3.0838373303413382 -0.5901174619793892
v -3.3696353435516344 -2.7176117897033683 -0.8130966871976852
v -3.648644983768462 -1.9000330567359918 -1.1047251522541046
v -4.275904595851896 -2.722977399826049 -0.22581858560442924
v -4.492061436176298 -1.934260427951812 -0.5286916345357895
v -2.0776836574077597 -2.3849011957645407 -3.4405022859573364
v -1.6938902437686914 -3.2137438654899584 -3.109273910522461
v -1.390803605318069 -3.5764402151107775 -2.9285603761672974
v -0.7275599241256712 -4.05713766813278 -2.619825303554535
v 0.05985490046441553 -4.316652119159697 -2.3395082354545593
v -1.9300580024719232 -2.678710222244262 -4.02362734079361
v -1.5278619527816768 -3.4756904840469347 -3.677929639816284
v -1.2166883051395412 -3.826467692852019 -3.508608043193817
v -0.5417451262474058 -4.296379685401915 -3.2487505674362183
v 0.2550945244729518 -4.559249281883238 -3.0497288703918457
v -1.9580397009849542 -3.996167182922362 -6.994893550872803
v -1.9580397009849542 -4.66554820537567 -8.202036023139954
v -1.9580397009849542 -4.979365468025206 -9.546202421188354
v -1.9580397009849542 -4.9137023091316205 -10.92495322227478
v -1.9580397009849542 -4.47356343269348 -12.233211994171143
v -1.9580397009849542 -3.6924919486045824 -13.37127685546875
v -1.9580397009849542 -2.6300138235092154 -14.25241470336914
v -1.9580397009849542 -1.3671006262302394 -14.809473752975464
v -1.9580397009849542 0.0 -15.0
v -1.9580397009849542 1.3671006262302394 -14.809473752975464
v -1.9580397009849542 2.6300138235092154 -14.25241470336914
v -1.9580397009849542 3.6924919486045824 -13.37127685546875
v -1.9580397009849542 4.47356343269348 -12.233211994171143
v -1.9580397009849542 4.9137023091316205 -10.92495322227478
v -1.9580397009849542 4.979365468025206 -9.546202421188354
v -1.9580397009849542 4.66554820537567 -8.202036023139954
v -1.9580397009849542 3.996167182922362 -6.994893550872803
v -1.703792363405227 4.6354013681411725 -6.514191031455994
v -1.23794712126255 5.1933354139327985 -6.094626188278198
v -0.5969609692692754 5.626305341720579 -5.769034028053284
v 0.16900273039937014 5.9004276990890485 -5.562894940376282
v 1.0000000149011607 5.994249582290648 -5.4923415184021
v 1.0000000149011607 6.8737351894378635 -6.999704837799072
v 1.0000000149011607 7.381044626235959 -8.669518232345581
v 1.0000000149011607 7.488709688186643 -10.411370992660522
v 1.0000000149011607 7.190900444984433 -12.130948305130005
v 1.0000000149011607 6.503742337226865 -13.735147714614868
v 1.0000000149011607 5.4644405841827375 -15.137107372283936
v 1.0000000149011607 4.129268527030943 -16.260920763015747
v 1.0000000149011607 2.5705182552337638 -17.045737504959106
v 1.0000000149011607 0.8725881576538083 -17.449065446853638
v 1.0000000149011607 -0.8725881576538083 -17.449065446853638
v 1.0000000149011607 -2.5705182552337638 -17.045737504959106
v 1.0000000149011607 -4.129268527030943 -16.260920763015747
v 1.0000000149011607 -5.4644405841827375 -15.137107372283936
v 1.0000000149011607 -6.503742337226865 -13.735147714614868
v 1.0000000149011607 -7.190900444984433 -12.130948305130005
v 1.0000000149011607 -7.488709688186643 -10.411370992660522
v 1.0000000149011607 -7.381044626235959 -8.669518232345581
v 1.0000000149011607 -6.8737351894378635 -6.999704837799072
v 1.0000000149011607 -5.994249582290648 -5.4923415184021
v 0.16900273039937014 -5.9004276990890485 -5.562894940376282
v -0.5969609692692754 -5.626305341720579 -5.769034028053284
v -1.23794712126255 -5.1933354139327985 -6.094626188278198
v -1.703792363405227 -4.6354013681411725 -6.514191031455994
v -1.6060096025466912 3.295802772045134 -14.99719500541687
v -1.6060096025466912 -3.295802772045134 -14.99719500541687
v -1.6060096025466912 -5.486317276954649 -7.605294585227966
v -0.9364912658929821 -6.224202513694761 -7.2832173109054565
v -0.031051745172590007 -6.706250905990598 -7.072809934616089
v -1.6060096025466912 -5.89122951030731 -8.938066959381104
v -0.9364912658929821 -6.683573722839353 -8.795242309570312
v -0.031051745172590007 -7.201199531555173 -8.701936602592468
v -1.6060096025466912 -5.977162718772886 -10.328338146209717
v -0.9364912658929821 -6.781064867973325 -10.372498035430908
v -0.031051745172590007 -7.306240797042844 -10.401346683502197
v -1.6060096025466912 -5.739464759826658 -11.700830459594727
v -0.9364912658929821 -6.511397361755368 -11.929584741592407
v -0.031051745172590007 -7.015688419342038 -12.079026699066162
v -1.6060096025466912 -5.191004872322081 -12.981232404708862
v -0.9364912658929821 -5.889171957969664 -13.382195234298706
v -0.031051745172590007 -6.345273256301877 -13.644137382507324
v -1.6060096025466912 -4.361479282379149 -14.100216627120972
v -0.9364912658929821 -4.948078989982603 -14.65167760848999
v -0.031051745172590007 -5.331295132637022 -15.011937618255615
v -1.6060096025466912 -2.0516760647296897 -15.62360167503357
v -0.9364912658929821 -2.327617406845092 -16.379951238632202
v -0.031051745172590007 -2.5078853964805594 -16.874061822891235
v -0.031051745172590007 -4.02865558862686 -16.108367443084717
v -0.9364912658929821 -3.739073574542998 -15.66929578781128
v -1.6060096025466912 -0.6964619457721708 -15.945520401000977
v -0.9364912658929821 -0.7901329547166821 -16.745166778564453
v -0.031051745172590007 -0.8513268083333966 -17.2675621509552
v -1.6060096025466912 0.6964619457721708 -15.945520401000977
v -0.9364912658929821 0.7901329547166821 -16.745166778564453
v -0.031051745172590007 0.8513268083333966 -17.2675621509552
v -1.6060096025466912 2.0516760647296897 -15.62360167503357
v -0.9364912658929821 2.327617406845092 -16.379951238632202
v -0.031051745172590007 2.5078853964805594 -16.874061822891235
v -0.9364912658929821 3.739073574542998 -15.66929578781128
v -0.031051745172590007 4.02865558862686 -16.108367443084717
v -1.6060096025466912 5.191004872322081 -12.981232404708862
v -0.9364912658929821 5.889171957969664 -13.382195234298706
v -0.031051745172590007 6.345273256301877 -13.644137382507324
v -0.031051745172590007 5.331295132637022 -15.011937618255615
v -0.9364912658929821 4.948078989982603 -14.65167760848999
v -1.6060096025466912 4.361479282379149 -14.100216627120972
v -1.6060096025466912 5.739464759826658 -11.700830459594727
v -0.9364912658929821 6.511397361755368 -11.929584741592407
v -0.031051745172590007 7.015688419342038 -12.079026699066162
v -1.6060096025466912 5.977162718772886 -10.328338146209717
v -0.9364912658929821 6.781064867973325 -10.372498035430908
v -0.031051745172590007 7.306240797042844 -10.401346683502197
v -1.6060096025466912 5.89122951030731 -8.938066959381104
v -0.9364912658929821 6.683573722839353 -8.795242309570312
v -0.031051745172590007 7.201199531555173 -8.701936602592468
v -1.6060096025466912 5.486317276954649 -7.605294585227966
v -0.9364912658929821 6.224202513694761 -7.2832173109054565
v -0.031051745172590007 6.706250905990598 -7.072809934616089
v -2.0000000298023215 2.5789788365364066 -5.7164400815963745
v -1.9793082773685449 3.294483125209807 -6.238759756088257
v -1.9580397009849542 3.996167182922362 -6.994893550872803
v -1.9580397009849542 4.66554820537567 -8.202036023139954
v -1.9580397009849542 4.979365468025206 -9.546202421188354
v -1.9580397009849542 4.9137023091316205 -10.92495322227478
v -1.9580397009849542 4.47356343269348 -12.233211994171143
v -1.9580397009849542 3.6924919486045824 -13.37127685546875
v -1.9580397009849542 2.6300138235092154 -14.25241470336914
v -1.9580397009849542 1.3671006262302394 -14.809473752975464
v -1.9580397009849542 0.0 -15.0
v -1.9580397009849542 -1.3671006262302394 -14.809473752975464
v -1.9580397009849542 -2.6300138235092154 -14.25241470336914
v -1.9580397009849542 -3.6924919486045824 -13.37127685546875
v -1.9580397009849542 -4.47356343269348 -12.233211994171143
v -1.9580397009849542 -4.9137023091316205 -10.92495322227478
v -1.9580397009849542 -4.979365468025206 -9.546202421188354
v -1.9580397009849542 -4.66554820537567 -8.202036023139954
v -1.9580397009849542 -3.996167182922362 -6.994893550872803
v -1.9783750176429742 -3.3216989040374743 -6.262701749801636
v -2.0000000298023215 -2.5789788365364066 -5.7164400815963745
v -2.0000000298023215 -1.7674101889133447 -5.322791337966919
v -2.0000000298023215 -0.8983226120471951 -5.081357955932617
v -2.0000000298023215 0.0 -4.999997913837433
v -2.0000000298023215 0.8983226120471951 -5.081357955932617
v -2.0000000298023215 1.7674101889133447 -5.322791337966919
v 6.000000238418577 -2.5789788365364066 -5.7164400815963745
v 5.977088809013365 -3.3456042408943163 -6.284216046333313
v 5.958039760589598 -3.996167182922362 -6.994893550872803
v 5.958039760589598 -4.66554820537567 -8.202036023139954
v 5.958039760589598 -4.979365468025206 -9.546202421188354
v 5.958039760589598 -4.9137023091316205 -10.92495322227478
v 5.958039760589598 -4.47356343269348 -12.233211994171143
v 5.958039760589598 -3.6924919486045824 -13.37127685546875
v 5.958039760589598 -2.6300138235092154 -14.25241470336914
v 5.958039760589598 -1.3671006262302394 -14.809473752975464
v 5.958039760589598 0.0 -15.0
v 5.958039760589598 1.3671006262302394 -14.809473752975464
v 5.958039760589598 2.6300138235092154 -14.25241470336914
v 5.958039760589598 3.6924919486045824 -13.37127685546875
v 5.958039760589598 4.47356343269348 -12.233211994171143
v 5.958039760589598 4.9137023091316205 -10.92495322227478
v 5.958039760589598 4.979365468025206 -9.546202421188354
v 5.958039760589598 4.66554820537567 -8.202036023139954
v 5.958039760589598 3.996167182922362 -6.994893550872803
v 5.978219509124754 3.3253040909767138 -6.2659817934036255
v 6.000000238418577 2.5789788365364066 -5.7164400815963745
v 6.000000238418577 1.7674101889133447 -5.322791337966919
v 6.000000238418577 0.8983226120471951 -5.081357955932617
v 6.000000238418577 0.0 -4.999997913837433
v 6.000000238418577 -0.8983226120471951 -5.081357955932617
v 6.000000238418577 -1.7674101889133447 -5.322791337966919
v -1.9580397009849542 4.9137023091316205 -10.92495322227478
v 5.958039760589598 4.9137023091316205 -10.92495322227478
v -2.0000000298023215 -2.5789788365364066 -5.7164400815963745
v -2.0000000298023215 -2.452981770038604 -5.480137467384338
v -2.0000000298023215 -2.3318788409233084 -5.241289734840393
v -2.0000000298023215 -2.215721458196639 -4.999997913837433
v -2.0000000298023215 0.0 -4.999997913837433
v -2.0000000298023215 -0.8983226120471951 -5.081357955932617
v -2.0000000298023215 -1.7674101889133447 -5.322791337966919
v -0.6337246298789976 -4.000000059604643 2.1396532190465223e-06
v 0.08499778807163236 -4.083209931850432 -0.8688352257013321
v 0.600088946521282 -4.260658621788023 -1.8061889708042145
v 0.9032014012336728 -4.543325006961821 -2.7722474932670593
v 1.0000000149011607 -4.932073652744291 -3.726644217967987
v 1.0000000149011607 -5.245323181152342 -4.3391260504722595
v 1.0000000149011607 -5.5999410152435285 -4.9286216497421265
v 1.0000000149011607 -5.994249582290648 -5.4923415184021
v 3.0000001192092887 -5.994249582290648 -5.4923415184021
v 3.0000001192092887 -5.5999410152435285 -4.9286216497421265
v 3.0000001192092887 -5.245323181152342 -4.3391260504722595
v 3.0000001192092887 -4.932073652744291 -3.726644217967987
v 3.0969157814979544 -4.543386399745939 -2.772141993045807
v 3.4001579880714403 -4.260822832584379 -1.8062926828861237
v 3.9158540964126574 -4.083819687366484 -0.8690817654132843
v 4.633724689483641 -4.000000059604643 2.145644231177357e-06
v 11.000000238418576 -1.2257427722215648 2.1457671550706436e-06
v 10.926221609115597 -1.2826058268547054 0.0
v 9.609471559524533 -2.2215844690799704 0.0
v 8.092672228813168 -3.087163269519805 0.0
v 6.419401764869687 -3.734045326709746 0.0
v 5.533530116081236 -3.928289413452147 0.0
v 4.633724689483641 -4.000000059604643 2.145644231177357e-06
v 3.9158540964126574 -4.083819687366484 -0.8690817654132843
v 3.4001579880714403 -4.260822832584379 -1.8062926828861237
v 3.0969157814979544 -4.543386399745939 -2.772141993045807
v 3.0000001192092887 -4.932073652744291 -3.726644217967987
v 3.9270511269569384 -4.79912608861923 -3.7889665365219116
v 4.763355851173399 -4.4132965803146345 -3.969832956790924
v 5.427051186561583 -3.8123533129692064 -4.251539409160614
v 5.853169560432432 -3.0551204085350028 -4.606509804725647
v 6.000000238418577 -2.215721458196639 -4.999997913837433
v 6.085532307624815 -1.6318787634372705 -4.0792810916900635
v 6.3540160655975315 -1.242883130908012 -3.153931200504303
v 6.805945634841916 -1.0387922078371044 -2.27803573012352
v 7.426966428756711 -0.9869022667407986 -1.5028853714466095
v 8.189185857772824 -1.0330633074045177 -0.8648920059204102
v 9.061859846115109 -1.1187453567981716 -0.3914042189717293
v 10.010917186737057 -1.1955408751964565 -0.09897829964756966
v 4.8675432801246625 -3.9802017807960497 -0.7557637989521027
v 4.216788113117216 -4.152309894561766 -1.7189683020114899
v 8.971769213676449 -1.9623908400535577 -0.29807405546307564
v 7.655727267265317 -3.076627552509307 -0.2531478554010391
v 7.832643389701841 -2.7138552069663993 -0.48269275575876236
v 8.080331087112423 -1.9121898710727685 -0.7791853696107864
v 6.318197250366208 -3.6084136366844164 -0.4322536289691925
v 6.796485781669614 -3.1039825081825247 -0.8972015976905823
v 7.021224498748777 -2.733965814113616 -1.1150029301643372
v 7.321843504905698 -1.9044665992259973 -1.404685378074646
v 5.542602539062498 -3.7031224370002733 -1.218748614192009
v 6.113807559013365 -3.20490002632141 -1.634206771850586
v 6.3773620128631565 -2.8312680125236502 -1.8388178944587708
v 6.715790629386899 -1.9834297895431512 -2.1346350014209747
v 4.974820911884306 -3.8900855183601366 -2.07268089056015
v 5.612737536430357 -3.4017348289489733 -2.424328923225403
v 5.904529690742491 -3.031633496284484 -2.614772915840149
v 6.271713972091672 -2.187039852142333 -2.930842936038971
v 3.8180014491081224 -4.4436153769493085 -2.7339565753936768
v 4.612952172756193 -4.182918369770048 -2.9682645201683044
v 5.284261703491209 -3.708226978778838 -3.2494518160820007
v 5.5930286645889264 -3.3508792519569384 -3.424288034439087
v 5.986634492874144 -2.5383159518241873 -3.76403272151947
v 6.000000238418577 -2.5789788365364066 -5.7164400815963745
v 6.000000238418577 -2.452981770038604 -5.480137467384338
v 6.000000238418577 -2.3318788409233084 -5.241289734840393
v 6.000000238418577 -2.215721458196639 -4.999997913837433
v 5.853169560432432 -3.0551204085350028 -4.606509804725647
v 5.427051186561583 -3.8123533129692064 -4.251539409160614
v 4.763355851173399 -4.4132965803146345 -3.969832956790924
v 3.9270511269569384 -4.79912608861923 -3.7889665365219116
v 3.0000001192092887 -4.932073652744291 -3.726644217967987
v 3.0000001192092887 -5.245323181152342 -4.3391260504722595
v 3.0000001192092887 -5.5999410152435285 -4.9286216497421265
v 3.0000001192092887 -5.994249582290648 -5.4923415184021
v 3.8309973478317247 -5.9004276990890485 -5.562894940376282
v 4.596960842609404 -5.626305341720579 -5.769034028053284
v 5.237947106361387 -5.1933354139327985 -6.094626188278198
v 5.703792572021483 -4.6354013681411725 -6.514191031455994
v 5.958039760589598 -3.996167182922362 -6.994893550872803
v 5.977088809013365 -3.3456042408943163 -6.284216046333313
v 3.9270511269569384 -5.291742086410521 -4.712612330913544
v 4.763355851173399 -4.926599860191343 -4.932267665863037
v 5.427051186561583 -4.357878267765043 -5.274388790130615
v 5.853169560432432 -3.6412468552589403 -5.705486536026001
v 3.0000001192092887 5.994249582290648 -5.4923415184021
v 3.0000001192092887 5.5999410152435285 -4.9286216497421265
v 3.0000001192092887 5.245323181152342 -4.3391260504722595
v 3.0000001192092887 4.932073652744291 -3.726644217967987
v 3.9270511269569384 4.79912608861923 -3.7889665365219116
v 4.763355851173399 4.4132965803146345 -3.969832956790924
v 5.427051186561583 3.8123533129692064 -4.251539409160614
v 5.853169560432432 3.0551204085350028 -4.606509804725647
v 6.000000238418577 2.215721458196639 -4.999997913837433
v 6.000000238418577 2.3318788409233084 -5.241289734840393
v 6.000000238418577 2.452981770038604 -5.480137467384338
v 6.000000238418577 2.5789788365364066 -5.7164400815963745
v 5.978219509124754 3.3253040909767138 -6.2659817934036255
v 5.958039760589598 3.996167182922362 -6.994893550872803
v 5.703792572021483 4.6354013681411725 -6.514191031455994
v 5.237947106361387 5.1933354139327985 -6.094626188278198
v 4.596960842609404 5.626305341720579 -5.769034028053284
v 3.8309973478317247 5.9004276990890485 -5.562894940376282
v 3.9270511269569384 5.291742086410521 -4.712612330913544
v 4.763355851173399 4.926599860191343 -4.932267665863037
v 5.427051186561583 4.357878267765043 -5.274388790130615
v 5.853169560432432 3.6412468552589403 -5.705486536026001
v 4.633724689483641 4.000000059604643 2.1396532190465223e-06
v 5.533530116081236 3.928289413452147 0.0
v 6.419401764869687 3.734045326709746 0.0
v 8.092672228813168 3.087163269519805 0.0
v 9.609471559524533 2.2215844690799704 0.0
v 10.926221609115597 1.2826058268547054 0.0
v 11.000000238418576 1.2257427722215648 2.1457671550706436e-06
v 10.010997056961056 1.1952895671129222 -0.09904508478939533
v 9.061637520790097 1.1197961866855617 -0.3910364583134651
v 8.189250826835629 1.032745316624641 -0.8651693910360336
v 7.426862120628354 0.9868424385786053 -1.5025174617767334
v 6.8060612678527805 1.039030477404594 -2.2783441841602325
v 6.353482604026792 1.2420948594808574 -3.1537362933158875
v 6.0855096578598005 1.6318601369857781 -4.079322814941406
v 6.000000238418577 2.215721458196639 -4.999997913837433
v 5.853169560432432 3.0551204085350028 -4.606509804725647
v 5.427051186561583 3.8123533129692064 -4.251539409160614
v 4.763355851173399 4.4132965803146345 -3.969832956790924
v 3.9270511269569384 4.79912608861923 -3.7889665365219116
v 3.0000001192092887 4.932073652744291 -3.726644217967987
v 3.096798658370971 4.543325006961821 -2.7722474932670593
v 3.3999109268188463 4.260658621788023 -1.8061889708042145
v 3.915002346038817 4.083209931850432 -0.8688352257013321
v 9.541433453559872 1.9956426322460168 -0.09585627354681492
v 6.433303356170652 2.0871755480766288 -2.5999894738197327
v 6.077041625976561 2.9368999600410453 -2.2933919727802277
v 5.795882344245909 3.3088055253028856 -2.0973941683769226
v 5.180793404579161 3.8018861413002 -1.7179404199123383
v 4.45067524909973 4.068413674831389 -1.3165800273418427
v 5.223522186279295 3.939043581485747 -0.3661198168992996
v 5.851951241493223 3.6523729562759386 -0.8683149516582489
v 6.386092901229856 3.1507274508476244 -1.3073204457759857
v 6.633693575859067 2.7787455916404715 -1.5174028277397156
v 6.957698464393613 1.9366495311260217 -1.8090903759002686
v 6.735728383064267 3.590254485607146 -0.10733293369412422
v 7.1659749746322605 3.0838373303413382 -0.5901174619793892
v 7.369635105133054 2.7176117897033683 -0.8130966871976852
v 7.648645043373105 1.9000330567359918 -1.1047251522541046
v 8.27590465545654 2.722977399826049 -0.22581858560442924
v 8.492061495780941 1.934260427951812 -0.5286916345357895
v 6.077683568000792 2.3849011957645407 -3.4405022859573364
v 5.693890452384947 3.2137438654899584 -3.109273910522461
v 5.390803813934324 3.5764402151107775 -2.9285603761672974
v 4.727559983730314 4.05713766813278 -2.619825303554535
v 3.940145075321196 4.316652119159697 -2.3395082354545593
v 5.930057764053343 2.678710222244262 -4.02362734079361
v 5.527861714363096 3.4756904840469347 -3.677929639816284
v 5.216688513755797 3.826467692852019 -3.508608043193817
v 4.541745185852049 4.296379685401915 -3.2487505674362183
v 3.744905591011046 4.559249281883238 -3.0497288703918457
v 5.958039760589598 3.996167182922362 -6.994893550872803
v 5.958039760589598 4.66554820537567 -8.202036023139954
v 5.958039760589598 4.979365468025206 -9.546202421188354
v 5.958039760589598 4.9137023091316205 -10.92495322227478
v 5.958039760589598 4.47356343269348 -12.233211994171143
v 5.958039760589598 3.6924919486045824 -13.37127685546875
v 5.958039760589598 2.6300138235092154 -14.25241470336914
v 5.958039760589598 1.3671006262302394 -14.809473752975464
v 5.958039760589598 0.0 -15.0
v 5.958039760589598 -1.3671006262302394 -14.809473752975464
v 5.958039760589598 -2.6300138235092154 -14.25241470336914
v 5.958039760589598 -3.6924919486045824 -13.37127685546875
v 5.958039760589598 -4.47356343269348 -12.233211994171143
v 5.958039760589598 -4.9137023091316205 -10.92495322227478
v 5.958039760589598 -4.979365468025206 -9.546202421188354
v 5.958039760589598 -4.66554820537567 -8.202036023139954
v 5.958039760589598 -3.996167182922362 -6.994893550872803
v 5.703792572021483 -4.6354013681411725 -6.514191031455994
v 5.237947106361387 -5.1933354139327985 -6.094626188278198
v 4.596960842609404 -5.626305341720579 -5.769034028053284
v 3.8309973478317247 -5.9004276990890485 -5.562894940376282
v 3.0000001192092887 -5.994249582290648 -5.4923415184021
v 3.0000001192092887 -6.8737351894378635 -6.999704837799072
v 3.0000001192092887 -7.381044626235959 -8.669518232345581
v 3.0000001192092887 -7.488709688186643 -10.411370992660522
v 3.0000001192092887 -7.190900444984433 -12.130948305130005
v 3.0000001192092887 -6.503742337226865 -13.735147714614868
v 3.0000001192092887 -5.4644405841827375 -15.137107372283936
v 3.0000001192092887 -4.129268527030943 -16.260920763015747
v 3.0000001192092887 -2.5705182552337638 -17.045737504959106
v 3.0000001192092887 -0.8725881576538083 -17.449065446853638
v 3.0000001192092887 0.8725881576538083 -17.449065446853638
v 3.0000001192092887 2.5705182552337638 -17.045737504959106
v 3.0000001192092887 4.129268527030943 -16.260920763015747
v 3.0000001192092887 5.4644405841827375 -15.137107372283936
v 3.0000001192092887 6.503742337226865 -13.735147714614868
v 3.0000001192092887 7.190900444984433 -12.130948305130005
v 3.0000001192092887 7.488709688186643 -10.411370992660522
v 3.0000001192092887 7.381044626235959 -8.669518232345581
v 3.0000001192092887 6.8737351894378635 -6.999704837799072
v 3.0000001192092887 5.994249582290648 -5.4923415184021
v 3.8309973478317247 5.9004276990890485 -5.562894940376282
v 4.596960842609404 5.626305341720579 -5.769034028053284
v 5.237947106361387 5.1933354139327985 -6.094626188278198
v 5.703792572021483 4.6354013681411725 -6.514191031455994
v 5.606009364128111 -3.295802772045134 -14.99719500541687
v 5.606009364128111 3.295802772045134 -14.99719500541687
v 5.606009364128111 5.486317276954649 -7.605294585227966
v 4.9364912509918195 6.224202513694761 -7.2832173109054565
v 4.0310516953468305 6.706250905990598 -7.072809934616089
v 5.606009364128111 5.89122951030731 -8.938066959381104
v 4.9364912509918195 6.683573722839353 -8.795242309570312
v 4.0310516953468305 7.201199531555173 -8.701936602592468
v 5.606009364128111 5.977162718772886 -10.328338146209717
v 4.9364912509918195 6.781064867973325 -10.372498035430908
v 4.0310516953468305 7.306240797042844 -10.401346683502197
v 5.606009364128111 5.739464759826658 -11.700830459594727
v 4.9364912509918195 6.511397361755368 -11.929584741592407
v 4.0310516953468305 7.015688419342038 -12.079026699066162
v 5.606009364128111 5.191004872322081 -12.981232404708862
v 4.9364912509918195 5.889171957969664 -13.382195234298706
v 4.0310516953468305 6.345273256301877 -13.644137382507324
v 5.606009364128111 4.361479282379149 -14.100216627120972
v 4.9364912509918195 4.948078989982603 -14.65167760848999
v 4.0310516953468305 5.331295132637022 -15.011937618255615
v 5.606009364128111 2.0516760647296897 -15.62360167503357
v 4.9364912509918195 2.327617406845092 -16.379951238632202
v 4.0310516953468305 2.5078853964805594 -16.874061822891235
v 4.0310516953468305 4.02865558862686 -16.108367443084717
v 4.9364912509918195 3.739073574542998 -15.66929578781128
v 5.606009364128111 0.6964619457721708 -15.945520401000977
v 4.9364912509918195 0.7901329547166821 -16.745166778564453
v 4.0310516953468305 0.8513268083333966 -17.2675621509552
v 5.606009364128111 -0.6964619457721708 -15.945520401000977
v 4.9364912509918195 -0.7901329547166821 -16.745166778564453
v 4.0310516953468305 -0.8513268083333966 -17.2675621509552
v 5.606009364128111 -2.0516760647296897 -15.62360167503357
v 4.9364912509918195 -2.327617406845092 -16.379951238632202
v 4.0310516953468305 -2.5078853964805594 -16.874061822891235
v 4.9364912509918195 -3.739073574542998 -15.66929578781128
v 4.0310516953468305 -4.02865558862686 -16.108367443084717
v 5.606009364128111 -5.191004872322081 -12.981232404708862
v 4.9364912509918195 -5.889171957969664 -13.382195234298706
v 4.0310516953468305 -6.345273256301877 -13.644137382507324
v 4.0310516953468305 -5.331295132637022 -15.011937618255615
v 4.9364912509918195 -4.948078989982603 -14.65167760848999
v 5.606009364128111 -4.361479282379149 -14.100216627120972
v 5.606009364128111 -5.739464759826658 -11.700830459594727
v 4.9364912509918195 -6.511397361755368 -11.929584741592407
v 4.0310516953468305 -7.015688419342038 -12.079026699066162
v 5.606009364128111 -5.977162718772886 -10.328338146209717
v 4.9364912509918195 -6.781064867973325 -10.372498035430908
v 4.0310516953468305 -7.306240797042844 -10.401346683502197
v 5.606009364128111 -5.89122951030731 -8.938066959381104
v 4.9364912509918195 -6.683573722839353 -8.795242309570312
v 4.0310516953468305 -7.201199531555173 -8.701936602592468
v 5.606009364128111 -5.486317276954649 -7.605294585227966
v 4.9364912509918195 -6.224202513694761 -7.2832173109054565
v 4.0310516953468305 -6.706250905990598 -7.072809934616089
v 6.000000238418577 2.5789788365364066 -5.7164400815963745
v 6.000000238418577 2.452981770038604 -5.480137467384338
v 6.000000238418577 2.3318788409233084 -5.241289734840393
v 6.000000238418577 2.215721458196639 -4.999997913837433
v 6.000000238418577 0.0 -4.999997913837433
v 6.000000238418577 0.8983226120471951 -5.081357955932617
v 6.000000238418577 1.7674101889133447 -5.322791337966919
v 1.0000000149011607 4.932073652744291 -3.726644217967987
v 0.9030842036008832 4.543386399745939 -2.772141993045807
v 0.5998419970273969 4.260822832584379 -1.8062926828861237
v 0.08414583280682561 4.083819687366484 -0.8690817654132843
v -0.6337246298789976 4.000000059604643 2.145644231177357e-06
v 4.633724689483641 4.000000059604643 2.1396532190465223e-06
v 3.915002346038817 4.083209931850432 -0.8688352257013321
v 3.3999109268188463 4.260658621788023 -1.8061889708042145
v 3.096798658370971 4.543325006961821 -2.7722474932670593
v 3.0000001192092887 4.932073652744291 -3.726644217967987
v 3.0000001192092887 5.245323181152342 -4.3391260504722595
v 3.0000001192092887 5.5999410152435285 -4.9286216497421265
v 3.0000001192092887 5.994249582290648 -5.4923415184021
v 1.0000000149011607 5.994249582290648 -5.4923415184021
v 1.0000000149011607 5.5999410152435285 -4.9286216497421265
v 1.0000000149011607 5.245323181152342 -4.3391260504722595
v 11.000000238418576 -1.2257427722215648 2.1457671550706436e-06
v 10.010917186737057 -1.1955408751964565 -0.09897829964756966
v 9.061859846115109 -1.1187453567981716 -0.3914042189717293
v 8.189185857772824 -1.0330633074045177 -0.8648920059204102
v 7.426966428756711 -0.9869022667407986 -1.5028853714466095
v 6.805945634841916 -1.0387922078371044 -2.27803573012352
v 6.3540160655975315 -1.242883130908012 -3.153931200504303
v 6.085532307624815 -1.6318787634372705 -4.0792810916900635
v 6.000000238418577 -2.215721458196639 -4.999997913837433
v 6.000000238418577 0.0 -4.999997913837433
v 6.000000238418577 2.215721458196639 -4.999997913837433
v 6.0855096578598005 1.6318601369857781 -4.079322814941406
v 6.353482604026792 1.2420948594808574 -3.1537362933158875
v 6.8060612678527805 1.039030477404594 -2.2783441841602325
v 7.426862120628354 0.9868424385786053 -1.5025174617767334
v 8.189250826835629 1.032745316624641 -0.8651693910360336
v 9.061637520790097 1.1197961866855617 -0.3910364583134651
v 10.010997056961056 1.1952895671129222 -0.09904508478939533
v 11.000000238418576 1.2257427722215648 2.1457671550706436e-06
v 6.000000238418577 -2.215721458196639 -4.999997913837433
v 6.000000238418577 -2.3318788409233084 -5.241289734840393
v 6.000000238418577 -2.452981770038604 -5.480137467384338
v 6.000000238418577 -2.5789788365364066 -5.7164400815963745
v 6.000000238418577 -1.7674101889133447 -5.322791337966919
v 6.000000238418577 -0.8983226120471951 -5.081357955932617
v 6.000000238418577 0.0 -4.999997913837433
v -6.999999880790708 1.2257427722215648 2.1457671550706436e-06
v -6.010918021202086 1.1955408751964565 -0.09897829964756966
v -5.06186008453369 1.1187453567981716 -0.3914042189717293
v -4.1891860961914045 1.0330633074045177 -0.8648920059204102
v -3.4269666671752916 0.9869022667407986 -1.5028853714466095
v -2.8059452772140494 1.0387922078371044 -2.27803573012352
v -2.3540160059928885 1.242883130908012 -3.153931200504303
v -2.085532546043395 1.6318787634372705 -4.0792810916900635
v -2.0000000298023215 2.215721458196639 -4.999997913837433
v -2.0000000298023215 0.0 -4.999997913837433
v -2.0000000298023215 -2.215721458196639 -4.999997913837433
v -2.0855097472667685 -1.6318601369857781 -4.079322814941406
v -2.353482246398925 -1.2420948594808574 -3.1537362933158875
v -2.8060612082481375 -1.039030477404594 -2.2783441841602325
v -3.426862061023711 -0.9868424385786053 -1.5025174617767334
v -4.18925106525421 -1.032745316624641 -0.8651693910360336
v -5.06163716316223 -1.1197961866855617 -0.3910364583134651
v -6.010997295379637 -1.1952895671129222 -0.09904508478939533
v -6.999999880790708 -1.2257427722215648 2.1457671550706436e-06
v -2.0000000298023215 2.215721458196639 -4.999997913837433
v -2.0000000298023215 2.3318788409233084 -5.241289734840393
v -2.0000000298023215 2.452981770038604 -5.480137467384338
v -2.0000000298023215 2.5789788365364066 -5.7164400815963745
v -2.0000000298023215 1.7674101889133447 -5.322791337966919
v -2.0000000298023215 0.8983226120471951 -5.081357955932617
v -2.0000000298023215 0.0 -4.999997913837433
v 1.0000000149011607 -5.994249582290648 -5.4923415184021
v 1.0000000149011607 -6.8737351894378635 -6.999704837799072
v 1.0000000149011607 -7.381044626235959 -8.669518232345581
v 1.0000000149011607 -7.488709688186643 -10.411370992660522
v 1.0000000149011607 -7.190900444984433 -12.130948305130005
v 1.0000000149011607 -6.503742337226865 -13.735147714614868
v 1.0000000149011607 -5.4644405841827375 -15.137107372283936
v 1.0000000149011607 -4.129268527030943 -16.260920763015747
v 1.0000000149011607 -2.5705182552337638 -17.045737504959106
v 1.0000000149011607 -0.8725881576538083 -17.449065446853638
v 1.0000000149011607 0.8725881576538083 -17.449065446853638
v 1.0000000149011607 2.5705182552337638 -17.045737504959106
v 1.0000000149011607 4.129268527030943 -16.260920763015747
v 1.0000000149011607 5.4644405841827375 -15.137107372283936
v 1.0000000149011607 6.503742337226865 -13.735147714614868
v 1.0000000149011607 7.190900444984433 -12.130948305130005
v 1.0000000149011607 7.488709688186643 -10.411370992660522
v 1.0000000149011607 7.381044626235959 -8.669518232345581
v 1.0000000149011607 6.8737351894378635 -6.999704837799072
v 1.0000000149011607 5.994249582290648 -5.4923415184021
v 3.0000001192092887 5.994249582290648 -5.4923415184021
v 3.0000001192092887 6.8737351894378635 -6.999704837799072
v 3.0000001192092887 7.381044626235959 -8.669518232345581
v 3.0000001192092887 7.488709688186643 -10.411370992660522
v 3.0000001192092887 7.190900444984433 -12.130948305130005
v 3.0000001192092887 6.503742337226865 -13.735147714614868
v 3.0000001192092887 5.4644405841827375 -15.137107372283936
v 3.0000001192092887 4.129268527030943 -16.260920763015747
v 3.0000001192092887 2.5705182552337638 -17.045737504959106
v 3.0000001192092887 0.8725881576538083 -17.449065446853638
v 3.0000001192092887 -0.8725881576538083 -17.449065446853638
v 3.0000001192092887 -2.5705182552337638 -17.045737504959106
v 3.0000001192092887 -4.129268527030943 -16.260920763015747
v 3.0000001192092887 -5.4644405841827375 -15.137107372283936
v 3.0000001192092887 -6.503742337226865 -13.735147714614868
v 3.0000001192092887 -7.190900444984433 -12.130948305130005
v 3.0000001192092887 -7.488709688186643 -10.411370992660522
v 3.0000001192092887 -7.381044626235959 -8.669518232345581
v 3.0000001192092887 -6.8737351894378635 -6.999704837799072
v 3.0000001192092887 -5.994249582290648 -5.4923415184021
v 14.999999999999995 0.0 61.99999809265137
v 14.795420169830317 2.468918859958648 61.99999809265137
v 14.187258481979365 4.870492219924925 61.99999809265137
v 13.192106485366816 7.139211297035215 61.99999809265137
v 11.837108135223385 9.213190674781796 61.99999809265137
v 10.159224271774288 11.03585839271545 61.99999809265137
v 8.204222321510311 12.557497024536127 61.99999809265137
v 6.025431752204893 13.736599683761591 61.99999809265137
v 3.6822822690010057 14.54100370407104 61.99999809265137
v 1.2386901676654811 14.948767423629755 61.99999809265137
v -1.2386901676654811 14.948767423629755 61.99999809265137
v -3.6822822690010057 14.54100370407104 61.99999809265137
v -6.025431752204893 13.736599683761591 61.99999809265137
v -8.204222321510311 12.557497024536127 61.99999809265137
v -10.159224271774288 11.03585839271545 61.99999809265137
v -11.837108135223385 9.213190674781796 61.99999809265137
v -13.192106485366816 7.139211297035215 61.99999809265137
v -14.187258481979365 4.870492219924925 61.99999809265137
v -14.795420169830317 2.468918859958648 61.99999809265137
v -14.999999999999995 0.0 61.99999809265137
v -14.795420169830317 -2.468918859958648 61.99999809265137
v -14.187258481979365 -4.870492219924925 61.99999809265137
v -13.192106485366816 -7.139211297035215 61.99999809265137
v -11.837108135223385 -9.213190674781796 61.99999809265137
v -10.159224271774288 -11.03585839271545 61.99999809265137
v -8.204222321510311 -12.557497024536127 61.99999809265137
v -6.025431752204893 -13.736599683761591 61.99999809265137
v -3.6822822690010057 -14.54100370407104 61.99999809265137
v -1.2386901676654811 -14.948767423629755 61.99999809265137
v 1.2386901676654811 -14.948767423629755 61.99999809265137
v 3.6822822690010057 -14.54100370407104 61.99999809265137
v 6.025431752204893 -13.736599683761591 61.99999809265137
v 8.204222321510311 -12.557497024536127 61.99999809265137
v 10.159224271774288 -11.03585839271545 61.99999809265137
v 11.837108135223385 -9.213190674781796 61.99999809265137
v 13.192106485366816 -7.139211297035215 61.99999809265137
v 14.187258481979365 -4.870492219924925 61.99999809265137
v 14.795420169830317 -2.468918859958648 61.99999809265137
v -8.999999761581417 1.2257427722215648 61.99999809265137
v -8.466825485229489 1.628280729055404 61.99999809265137
v -7.836032509803769 2.072267532348632 61.99999809265137
v -6.325752139091489 2.970847785472869 61.99999809265137
v -4.5574605464935285 3.6939591169357286 61.99999809265137
v -3.604473471641539 3.916968703269957 61.99999809265137
v -2.6337245106697074 4.000000059604643 61.99999809265137
v 2.6337245106697074 4.000000059604643 61.99999809265137
v 3.604473471641539 3.916968703269957 61.99999809265137
v 4.5574605464935285 3.6939591169357286 61.99999809265137
v 6.325752139091489 2.970847785472869 61.99999809265137
v 7.836032509803769 2.072267532348632 61.99999809265137
v 8.466825485229489 1.628280729055404 61.99999809265137
v 8.999999761581417 1.2257427722215648 61.99999809265137
v 8.999999761581417 -1.2257427722215648 61.99999809265137
v 8.466825485229489 -1.628280729055404 61.99999809265137
v 7.836032509803769 -2.072267532348632 61.99999809265137
v 6.325752139091489 -2.970847785472869 61.99999809265137
v 4.5574605464935285 -3.6939591169357286 61.99999809265137
v 3.604473471641539 -3.916968703269957 61.99999809265137
v 2.6337245106697074 -4.000000059604643 61.99999809265137
v -2.6337245106697074 -4.000000059604643 61.99999809265137
v -3.6020940542221056 -3.917361199855803 61.99999809265137
v -4.552856981754301 -3.695336282253264 61.99999809265137
v -6.317605972290036 -2.9750245809555045 61.99999809265137
v -7.82603859901428 -2.078993171453475 61.99999809265137
v -8.456749916076657 -1.6356626152992242 61.99999809265137
v -8.990492224693295 -1.2331044673919673 61.99999809265137
v -8.999999761581417 -1.2257427722215648 61.99999809265137
v 11.000000238418576 1.2257427722215648 2.1457671550706436e-06
v 10.926221609115597 1.2826058268547054 0.0
v 9.609471559524533 2.2215844690799704 0.0
v 8.092672228813168 3.087163269519805 0.0
v 6.419401764869687 3.734045326709746 0.0
v 5.533530116081236 3.928289413452147 0.0
v 4.633724689483641 4.000000059604643 2.1396532190465223e-06
v -0.6337246298789976 4.000000059604643 2.145644231177357e-06
v -1.5335300564765926 3.928289413452147 0.0
v -2.4194015562534323 3.734045326709746 0.0
v -4.092672467231749 3.087163269519805 0.0
v -5.609471201896666 2.2215844690799704 0.0
v -6.926221251487729 1.2826058268547054 0.0
v -6.999999880790708 1.2257427722215648 2.1457671550706436e-06
v -6.999999880790708 -1.2257427722215648 2.1457671550706436e-06
v -6.926221251487729 -1.2826058268547054 0.0
v -5.609471201896666 -2.2215844690799704 0.0
v -4.092672467231749 -3.087163269519805 0.0
v -2.4194015562534323 -3.734045326709746 0.0
v -1.5335300564765926 -3.928289413452147 0.0
v -0.6337246298789976 -4.000000059604643 2.1396532190465223e-06
v 4.633724689483641 -4.000000059604643 2.145644231177357e-06
v 5.533530116081236 -3.928289413452147 0.0
v 6.419401764869687 -3.734045326709746 0.0
v 8.092672228813168 -3.087163269519805 0.0
v 9.609471559524533 -2.2215844690799704 0.0
v 10.926221609115597 -1.2826058268547054 0.0
v 11.000000238418576 -1.2257427722215648 2.1457671550706436e-06
v -14.999999999999995 0.0 0.0
v -14.795418977737421 2.468918859958648 0.0
v -14.187258481979365 4.870491921901701 0.0
v -13.192106485366816 7.139210700988767 0.0
v -11.837108135223385 9.213190674781796 0.0
v -10.159223079681393 11.03585839271545 0.0
v -8.204222321510311 12.557497024536127 0.0
v -6.0254311561584455 13.736599683761591 0.0
v -3.6822822690010057 14.54100370407104 0.0
v -1.2386901676654811 14.948767423629755 0.0
v 1.2386901676654811 14.948767423629755 0.0
v 3.6822822690010057 14.54100370407104 0.0
v 6.0254311561584455 13.736599683761591 0.0
v 8.204222321510311 12.557497024536127 0.0
v 10.159223079681393 11.03585839271545 0.0
v 11.837108135223385 9.213190674781796 0.0
v 13.192106485366816 7.139210700988767 0.0
v 14.187258481979365 4.870491921901701 0.0
v 14.795418977737421 2.468918859958648 0.0
v 14.999999999999995 0.0 0.0
v 14.795418977737421 -2.468918859958648 0.0
v 14.187258481979365 -4.870491921901701 0.0
v 13.192106485366816 -7.139210700988767 0.0
v 11.837108135223385 -9.213190674781796 0.0
v 10.159223079681393 -11.03585839271545 0.0
v 8.204222321510311 -12.557497024536127 0.0
v 6.0254311561584455 -13.736599683761591 0.0
v 3.6822822690010057 -14.54100370407104 0.0
v 1.2386901676654811 -14.948767423629755 0.0
v -1.2386901676654811 -14.948767423629755 0.0
v -3.6822822690010057 -14.54100370407104 0.0
v -6.0254311561584455 -13.736599683761591 0.0
v -8.204222321510311 -12.557497024536127 0.0
v -10.159223079681393 -11.03585839271545 0.0
v -11.837108135223385 -9.213190674781796 0.0
v -13.192106485366816 -7.139210700988767 0.0
v -14.187258481979365 -4.870491921901701 0.0
v -14.795418977737421 -2.468918859958648 0.0
v -14.999999999999995 0.0 5.0
v -14.795418977737421 2.468918859958648 5.0
v -14.187258481979365 4.870491921901701 5.0
v -13.192106485366816 7.139210700988767 5.0
v -11.837108135223385 9.213190674781796 5.0
v -10.159223079681393 11.03585839271545 5.0
v -8.204222321510311 12.557497024536127 5.0
v -6.0254311561584455 13.736599683761591 5.0
v -3.6822822690010057 14.54100370407104 5.0
v -1.2386901676654811 14.948767423629755 5.0
v 1.2386901676654811 14.948767423629755 5.0
v 3.6822822690010057 14.54100370407104 5.0
v 6.0254311561584455 13.736599683761591 5.0
v 8.204222321510311 12.557497024536127 5.0
v 10.159223079681393 11.03585839271545 5.0
v 11.837108135223385 9.213190674781796 5.0
v 13.192106485366816 7.139210700988767 5.0
v 14.187258481979365 4.870491921901701 5.0
v 14.795418977737421 2.468918859958648 5.0
v 14.999999999999995 0.0 5.0
v 14.795418977737421 -2.468918859958648 5.0
v 14.187258481979365 -4.870491921901701 5.0
v 13.192106485366816 -7.139210700988767 5.0
v 11.837108135223385 -9.213190674781796 5.0
v 10.159223079681393 -11.03585839271545 5.0
v 8.204222321510311 -12.557497024536127 5.0
v 6.0254311561584455 -13.736599683761591 5.0
v 3.6822822690010057 -14.54100370407104 5.0
v 1.2386901676654811 -14.948767423629755 5.0
v -1.2386901676654811 -14.948767423629755 5.0
v -3.6822822690010057 -14.54100370407104 5.0
v -6.0254311561584455 -13.736599683761591 5.0
v -8.204222321510311 -12.557497024536127 5.0
v -10.159223079681393 -11.03585839271545 5.0
v -11.837108135223385 -9.213190674781796 5.0
v -13.192106485366816 -7.139210700988767 5.0
v -14.187258481979365 -4.870491921901701 5.0
v -14.795418977737421 -2.468918859958648 5.0
v -14.999999999999995 0.0 0.0
v -14.795418977737421 -2.468918859958648 0.0
v -14.187258481979365 -4.870491921901701 0.0
v -13.192106485366816 -7.139210700988767 0.0
v -11.837108135223385 -9.213190674781796 0.0
v -10.159223079681393 -11.03585839271545 0.0
v -8.204222321510311 -12.557497024536127 0.0
v -6.0254311561584455 -13.736599683761591 0.0
v -3.6822822690010057 -14.54100370407104 0.0
v -1.2386901676654811 -14.948767423629755 0.0
v 1.2386901676654811 -14.948767423629755 0.0
v 3.6822822690010057 -14.54100370407104 0.0
v 6.0254311561584455 -13.736599683761591 0.0
v 8.204222321510311 -12.557497024536127 0.0
v 10.159223079681393 -11.03585839271545 0.0
v 11.837108135223385 -9.213190674781796 0.0
v 13.192106485366816 -7.139210700988767 0.0
v 14.187258481979365 -4.870491921901701 0.0
v 14.795418977737421 -2.468918859958648 0.0
v 14.999999999999995 0.0 0.0
v 14.795418977737421 2.468918859958648 0.0
v 14.187258481979365 4.870491921901701 0.0
v 13.192106485366816 7.139210700988767 0.0
v 11.837108135223385 9.213190674781796 0.0
v 10.159223079681393 11.03585839271545 0.0
v 8.204222321510311 12.557497024536127 0.0
v 6.0254311561584455 13.736599683761591 0.0
v 3.6822822690010057 14.54100370407104 0.0
v 1.2386901676654811 14.948767423629755 0.0
v -1.2386901676654811 14.948767423629755 0.0
v -3.6822822690010057 14.54100370407104 0.0
v -6.0254311561584455 13.736599683761591 0.0
v -8.204222321510311 12.557497024536127 0.0
v -10.159223079681393 11.03585839271545 0.0
v -11.837108135223385 9.213190674781796 0.0
v -13.192106485366816 7.139210700988767 0.0
v -14.187258481979365 4.870491921901701 0.0
v -14.795418977737421 2.468918859958648 0.0
v -14.999999999999995 0.0 0.0
v -14.999999999999995 0.0 5.0
v 14.999999999999995 0.0 61.99999809265137
v 14.795420169830317 -2.468918859958648 61.99999809265137
v 14.187258481979365 -4.870492219924925 61.99999809265137
v 13.192106485366816 -7.139211297035215 61.99999809265137
v 11.837108135223385 -9.213190674781796 61.99999809265137
v 10.159224271774288 -11.03585839271545 61.99999809265137
v 8.204222321510311 -12.557497024536127 61.99999809265137
v 6.025431752204893 -13.736599683761591 61.99999809265137
v 3.6822822690010057 -14.54100370407104 61.99999809265137
v 1.2386901676654811 -14.948767423629755 61.99999809265137
v -1.2386901676654811 -14.948767423629755 61.99999809265137
v -3.6822822690010057 -14.54100370407104 61.99999809265137
v -6.025431752204893 -13.736599683761591 61.99999809265137
v -8.204222321510311 -12.557497024536127 61.99999809265137
v -10.159224271774288 -11.03585839271545 61.99999809265137
v -11.837108135223385 -9.213190674781796 61.99999809265137
v -13.192106485366816 -7.139211297035215 61.99999809265137
v -14.187258481979365 -4.870492219924925 61.99999809265137
v -14.795420169830317 -2.468918859958648 61.99999809265137
v -14.999999999999995 0.0 61.99999809265137
v -14.795420169830317 2.468918859958648 61.99999809265137
v -14.187258481979365 4.870492219924925 61.99999809265137
v -13.192106485366816 7.139211297035215 61.99999809265137
v -11.837108135223385 9.213190674781796 61.99999809265137
v -10.159224271774288 11.03585839271545 61.99999809265137
v -8.204222321510311 12.557497024536127 61.99999809265137
v -6.025431752204893 13.736599683761591 61.99999809265137
v -3.6822822690010057 14.54100370407104 61.99999809265137
v -1.2386901676654811 14.948767423629755 61.99999809265137
v 1.2386901676654811 14.948767423629755 61.99999809265137
v 3.6822822690010057 14.54100370407104 61.99999809265137
v 6.025431752204893 13.736599683761591 61.99999809265137
v 8.204222321510311 12.557497024536127 61.99999809265137
v 10.159224271774288 11.03585839271545 61.99999809265137
v 11.837108135223385 9.213190674781796 61.99999809265137
v 13.192106485366816 7.139211297035215 61.99999809265137
v 14.187258481979365 4.870492219924925 61.99999809265137
v 14.795420169830317 2.468918859958648 61.99999809265137
v 14.999999999999995 0.0 56.99999809265137
v 14.795420169830317 2.468918859958648 56.99999809265137
v 14.187258481979365 4.870492219924925 56.99999809265137
v 13.192106485366816 7.139211297035215 56.99999809265137
v 11.837108135223385 9.213190674781796 56.99999809265137
v 10.159224271774288 11.03585839271545 56.99999809265137
v 8.204222321510311 12.557497024536127 56.99999809265137
v 6.025431752204893 13.736599683761591 56.99999809265137
v 3.6822822690010057 14.54100370407104 56.99999809265137
v 1.2386901676654811 14.948767423629755 56.99999809265137
v -1.2386901676654811 14.948767423629755 56.99999809265137
v -3.6822822690010057 14.54100370407104 56.99999809265137
v -6.025431752204893 13.736599683761591 56.99999809265137
v -8.204222321510311 12.557497024536127 56.99999809265137
v -10.159224271774288 11.03585839271545 56.99999809265137
v -11.837108135223385 9.213190674781796 56.99999809265137
v -13.192106485366816 7.139211297035215 56.99999809265137
v -14.187258481979365 4.870492219924925 56.99999809265137
v -14.795420169830317 2.468918859958648 56.99999809265137
v -14.999999999999995 0.0 56.99999809265137
v -14.795420169830317 -2.468918859958648 56.99999809265137
v -14.187258481979365 -4.870492219924925 56.99999809265137
v -13.192106485366816 -7.139211297035215 56.99999809265137
v -11.837108135223385 -9.213190674781796 56.99999809265137
v -10.159224271774288 -11.03585839271545 56.99999809265137
v -8.204222321510311 -12.557497024536127 56.99999809265137
v -6.025431752204893 -13.736599683761591 56.99999809265137
v -3.6822822690010057 -14.54100370407104 56.99999809265137
v -1.2386901676654811 -14.948767423629755 56.99999809265137
v 1.2386901676654811 -14.948767423629755 56.99999809265137
v 3.6822822690010057 -14.54100370407104 56.99999809265137
v 6.025431752204893 -13.736599683761591 56.99999809265137
v 8.204222321510311 -12.557497024536127 56.99999809265137
v 10.159224271774288 -11.03585839271545 56.99999809265137
v 11.837108135223385 -9.213190674781796 56.99999809265137
v 13.192106485366816 -7.139211297035215 56.99999809265137
v 14.187258481979365 -4.870492219924925 56.99999809265137
v 14.795420169830317 -2.468918859958648 56.99999809265137
v 14.999999999999995 0.0 56.99999809265137
v 14.999999999999995 0.0 61.99999809265137
v 6.533342599868772 12.382061481475827 56.99999809265137
v 4.851154983043669 13.119543790817255 56.99999809265137
v 3.08821678161621 13.604294061660761 56.99999809265137
v 1.2798392772674556 13.826867341995234 56.99999809265137
v -0.5086952447891233 13.782591819763178 56.99999809265137
v -2.1646909415721884 13.496167659759516 56.99999809265137
v -3.648954927921294 13.009881973266596 56.99999809265137
v -4.857251942157744 12.408427000045773 56.99999809265137
v -5.740420222282408 11.788756847381588 56.99999809265137
v -6.286923289299009 11.234332323074337 56.99999809265137
v -6.436042189598081 10.991122722625729 56.99999809265137
v -6.477493047714231 10.86066126823425 56.99999809265137
v -6.481453180313108 10.793318748474118 56.99999809265137
v -6.467375755310056 10.72918057441711 56.99999809265137
v -6.452247500419614 10.699996948242184 56.99999809265137
v -6.432259082794187 10.674408674240109 56.99999809265137
v -6.380707025527951 10.634304285049435 56.99999809265137
v -6.256012320518491 10.59120416641235 56.99999809265137
v -5.973793864250181 10.578608512878414 56.99999809265137
v -5.184490680694578 10.69181680679321 56.99999809265137
v -4.107991158962248 10.898910760879513 56.99999809265137
v -2.7703046798706046 11.103365421295162 56.99999809265137
v -1.098704487085342 11.210389137268063 56.99999809265137
v -0.1328083407133817 11.185833215713497 56.99999809265137
v 0.9042654186487195 11.083624362945553 56.99999809265137
v 2.0008519291877738 10.884556770324703 56.99999809265137
v 3.1206226348876944 10.57754278182983 56.99999809265137
v 4.202201664447783 10.172505378723141 56.99999809265137
v 5.238974690437315 9.672427177429196 56.99999809265137
v 6.226213574409483 9.07984912395477 56.99999809265137
v 7.1780729293823216 8.382499814033505 56.99999809265137
v 8.218606114387509 7.44643688201904 56.99999809265137
v 9.31361377239227 6.199150681495665 56.99999809265137
v 10.365465879440304 4.6375182271003705 56.99999809265137
v 11.139668226242062 3.148255944252013 56.99999809265137
v 11.683753728866574 1.9124811887741082 56.99999809265137
v 11.902480125427243 1.4236739277839656 56.99999809265137
v 12.100574970245358 1.04584626853466 56.99999809265137
v 12.290956974029537 0.7977645099163052 56.99999809265137
v 12.390077114105221 0.7307072728872297 56.99999809265137
v 12.445647716522213 0.714934393763542 56.99999809265137
v 12.502661943435664 0.716467350721359 56.99999809265137
v 12.556457519531245 0.7355193048715589 56.99999809265137
v 12.603875398635859 0.7675749063491819 56.99999809265137
v 12.681152820587153 0.8538731932640072 56.99999809265137
v 12.78782725334167 1.0579349100589748 56.99999809265137
v 12.96626448631286 1.865472793579101 56.99999809265137
v 12.986158132553095 2.963402271270751 56.99999809265137
v 12.80585646629333 4.297296702861784 56.99999809265137
v 12.375509738922116 5.795686841011046 56.99999809265137
v 11.666121482849118 7.356206774711606 56.99999809265137
v 10.7044243812561 8.84363770484924 56.99999809265137
v 9.499065876007077 10.216028690338131 56.99999809265137
v 8.092598319053646 11.409033536911007 56.99999809265137
v 14.999999999999995 0.0 56.99999809265137
v 14.795420169830317 -2.468918859958648 56.99999809265137
v 14.187258481979365 -4.870492219924925 56.99999809265137
v 13.192106485366816 -7.139211297035215 56.99999809265137
v 11.837108135223385 -9.213190674781796 56.99999809265137
v 10.159224271774288 -11.03585839271545 56.99999809265137
v 8.204222321510311 -12.557497024536127 56.99999809265137
v 6.025431752204893 -13.736599683761591 56.99999809265137
v 3.6822822690010057 -14.54100370407104 56.99999809265137
v 1.2386901676654811 -14.948767423629755 56.99999809265137
v -1.2386901676654811 -14.948767423629755 56.99999809265137
v -3.6822822690010057 -14.54100370407104 56.99999809265137
v -6.025431752204893 -13.736599683761591 56.99999809265137
v -8.204222321510311 -12.557497024536127 56.99999809265137
v -10.159224271774288 -11.03585839271545 56.99999809265137
v -11.837108135223385 -9.213190674781796 56.99999809265137
v -13.192106485366816 -7.139211297035215 56.99999809265137
v -14.187258481979365 -4.870492219924925 56.99999809265137
v -14.795420169830317 -2.468918859958648 56.99999809265137
v -14.999999999999995 0.0 56.99999809265137
v -14.795420169830317 2.468918859958648 56.99999809265137
v -14.187258481979365 4.870492219924925 56.99999809265137
v -13.192106485366816 7.139211297035215 56.99999809265137
v -11.837108135223385 9.213190674781796 56.99999809265137
v -10.159224271774288 11.03585839271545 56.99999809265137
v -8.204222321510311 12.557497024536127 56.99999809265137
v -6.025431752204893 13.736599683761591 56.99999809265137
v -3.6822822690010057 14.54100370407104 56.99999809265137
v -1.2386901676654811 14.948767423629755 56.99999809265137
v 1.2386901676654811 14.948767423629755 56.99999809265137
v 3.6822822690010057 14.54100370407104 56.99999809265137
v 6.025431752204893 13.736599683761591 56.99999809265137
v 8.204222321510311 12.557497024536127 56.99999809265137
v 10.159224271774288 11.03585839271545 56.99999809265137
v 11.837108135223385 9.213190674781796 56.99999809265137
v 13.192106485366816 7.139211297035215 56.99999809265137
v 14.187258481979365 4.870492219924925 56.99999809265137
v 14.795420169830317 2.468918859958648 56.99999809265137
v -13.999999761581416 0.0 5.0
v -13.861845731735224 -1.868531703948974 5.0
v -13.449616432189936 -3.6955285072326647 5.0
v -12.76909708976745 -5.441282987594603 5.0
v -11.831300258636471 -7.061076760292051 5.0
v -10.71354508399963 -8.443588614463803 5.0
v -9.537141919136044 -9.512614011764523 5.0
v -8.391623497009274 -10.269225835800167 5.0
v -7.422326803207395 -10.697950124740597 5.0
v -7.039225101470945 -10.796703100204464 5.0
v -6.733700037002561 -10.822360515594479 5.0
v -6.594715714454648 -10.80101132392883 5.0
v -6.531025767326352 -10.774950981140133 5.0
v -6.4770817756652805 -10.733644962310787 5.0
v -6.456390023231504 -10.7066798210144 5.0
v -6.441329121589658 -10.67646503448486 5.0
v -6.427826881408689 -10.60980677604675 5.0
v -6.432220339775083 -10.541088581085202 5.0
v -6.4492237567901585 -10.470749139785763 5.0
v -6.620076894760129 -10.13694882392883 5.0
v -6.9229000806808445 -9.719734191894528 5.0
v -7.32911944389343 -9.211415052413937 5.0
v -7.809309363365171 -8.60841870307922 5.0
v -8.341516852378842 -7.896829247474668 5.0
v -8.903484344482418 -7.059499621391294 5.0
v -9.461594223976132 -6.092770099639891 5.0
v -9.982182979583737 -4.993040561676024 5.0
v -10.422594547271725 -3.7855169177055346 5.0
v -10.741587877273556 -2.545292675495147 5.0
v -10.934950113296505 -1.2815912067890163 5.0
v -11.000000238418576 0.0 5.0
v -10.90429067611694 1.552634090185165 5.0
v -10.617558956146237 3.08986335992813 5.0
v -10.147320032119747 4.581255614757536 5.0
v -9.555876255035397 5.911068320274351 5.0
v -10.32080769538879 4.253336191177366 5.110970139503479
v -10.917339324951168 2.573046386241912 5.43836772441864
v -11.336935758590695 1.1745907366275783 5.86658239364624
v -11.547583341598507 0.5695551633834837 6.098511219024658
v -11.678669452667233 0.2823513373732566 6.222107410430908
v -11.795492172241207 0.09536619298160073 6.312643885612488
v -11.86335206031799 0.02116427291184663 6.35561466217041
v -11.885545253753659 0.004139423836022614 6.3678717613220215
v -11.889572143554684 0.0016070716083049768 6.3699787855148315
v -11.891349554061886 0.0005616541966446673 6.370896100997925
v -11.892182826995846 8.930243893701115e-05 6.371323466300964
v -11.892189979553219 4.183020845937439e-12 6.3713377714157104
v -11.89159512519836 2.110940979307973e-11 6.3710737228393555
v -11.890622377395626 4.154212130541567e-11 6.370641589164734
v -11.875103712081906 0.0 6.363636255264282
v -12.285884618759152 0.0 6.484639644622803
v -12.71411538124084 0.0 6.484639644622803
v -13.124896287918085 0.0 6.363636255264282
v -13.112312555313105 4.547798942988733e-10 6.369333267211914
v -13.111523389816279 2.5739459175166946e-10 6.369686126708984
v -13.111128807067866 1.250775004402182e-10 6.369861960411072
v -13.110930919647211 4.9858186156048737e-11 6.369950175285339
v -13.110806941986079 1.553528704789641e-05 6.370003819465637
v -13.112211227416987 0.0007399141031783072 6.369295716285706
v -13.114994764327998 0.002269893593620508 6.367877721786499
v -13.12099933624267 0.005926938611082731 6.364756226539612
v -13.153445720672602 0.03175090299919246 6.346650123596191
v -13.241391181945795 0.13914383947849268 6.2882256507873535
v -13.438143730163569 0.5900020897388456 6.095813512802124
v -13.569800853729243 1.312545388936996 5.842074155807495
v -13.578253984451289 2.233613580465316 5.574735999107361
v -13.43478918075561 3.310906589031218 5.328227281570435
v -13.14235091209411 4.4247213006019575 5.144604444503784
v -12.71950483322143 5.507510304450987 5.035233497619629
v -12.175779342651364 6.531109809875486 5.0
v -12.961401939392085 5.020546913146971 5.0
v -13.533478975296015 3.4087699651718126 5.0
v -13.882662057876582 1.722752004861831 5.0
v -13.999999761581416 0.0 5.0
v -13.86452436447143 -1.942923963069915 5.2031248807907104
v -13.460720777511591 -3.8482454419136034 5.406249761581421
v -12.796403169631953 -5.679089426994322 5.609375238418579
v -11.884429454803463 -7.400022149085996 5.8125001192092896
v -10.742448568344113 -8.977738618850704 6.015625
v -9.39256370067596 -10.38170218467712 6.2187498807907104
v -7.860897779464719 -11.584743261337277 6.421874761581421
v -6.177095174789427 -12.563577890396113 6.625000238418579
v -4.373743832111357 -13.299261331558222 6.8281251192092896
v -2.4857448041439048 -13.777556419372553 7.03125
v -0.5496374145150182 -13.989206552505488 7.2343748807907104
v 1.3971073925495143 -13.930114507675166 7.437499761581421
v 3.3168131113052355 -13.601424694061274 7.640625238418579
v 5.172326564788817 -13.009498119354243 7.8437501192092896
v 6.9277369976043675 -12.165790796279904 8.046875
v 8.549070358276364 -11.08663201332092 8.24999988079071
v 10.00494837760925 -9.792906045913693 8.453124761581421
v 11.267194747924801 -8.309652209281918 8.656250238418579
v 12.311379909515377 -6.665576696395871 8.85937511920929
v 13.117296695709223 -4.892498552799223 9.0625
v 13.669345378875727 -3.024732768535613 9.26562488079071
v 13.956842422485346 -1.0984273254871364 9.468749761581421
v 13.974225521087641 0.8491365611553189 9.671875238418579
v 13.721156120300288 2.7802664041519156 9.87500011920929
v 13.202532529830927 4.65758830308914 10.078125
v 12.428393363952633 6.444768905639646 10.281250476837158
v 11.413718461990353 8.107219934463497 10.484374761581421
v 10.178148746490475 9.612767100334164 10.687500238418579
v 8.7455940246582 10.932272672653195 10.890624523162842
v 7.143780589103696 12.040199041366574 11.09375
v 5.403709411621092 12.915104627609248 11.296875476837158
v 3.5590568184852587 13.540055751800532 11.499999761581421
v 1.6455236077308648 13.902958631515498 11.703125238418579
v -0.29985636472702015 13.996788263320918 11.906249523162842
v -2.239432930946349 13.819730281829829 12.109375
v -4.135668575763701 13.375209569931025 12.312500476837158
v -5.95186412334442 12.671831846237177 12.515624761581421
v -7.652869224548337 11.7232072353363 12.718750238418579
v -9.205763936042782 10.547696352005001 12.921874523162842
v -10.580494403839108 9.16805028915405 13.125
v -11.750453710556027 7.610968947410581 13.328125476837158
v -12.692998647689814 5.906587839126585 13.531249761581421
v -13.389889001846308 4.08789277076721 13.734375238418579
v -13.827636241912836 2.190082520246505 13.937499523162842
v -13.99776935577392 0.24988614022731773 14.140625
v -13.896995782852168 -1.6951464116573327 14.343750476837158
v -13.527263402938837 -3.6073717474937426 14.546874761581421
v -12.895730733871455 -5.449781417846678 14.750000238418579
v -12.014619112014767 -7.186717987060544 14.953124523162842
v -10.90098142623901 -8.784565925598141 15.15625
v -9.57637012004852 -10.212401151657101 15.359375476837158
v -8.066421747207638 -11.442588567733761 15.562499761581421
v -6.400358676910398 -12.45132207870483 15.765625238418579
v -4.610425829887388 -13.219076395034785 15.968749523162842
v -2.7312645316123954 -13.730994462966914 16.171875
v -0.7992433756589886 -13.977167606353754 16.375000476837158
v 1.1482460796833034 -13.952832221984858 16.57812476158142
v 3.073512613773345 -13.65845918655395 16.78125023841858
v 4.9392959475517255 -13.099746704101557 16.984374523162842
v 6.709485650062558 -12.287505865097042 17.1875
v 8.349822759628292 -11.237457990646359 17.390625476837158
v 9.828560948371884 -9.969924092292782 17.59374976158142
v 11.11708045005798 -8.509436845779415 17.79687523841858
v 12.190445661544796 -6.88426077365875 17.999999523162842
v 13.027880191802973 -5.125849843025206 18.203125
v 13.613178730010981 -3.2682350277900682 18.406250476837158
v 13.935014009475703 -1.3473682105541225 18.60937476158142
v 13.987154960632319 0.5995751544833181 18.81250023841858
v 13.768595457077021 2.5349146127700797 19.015624523162842
v 13.28356266021728 4.421194195747374 19.21875
v 12.541445493698115 6.221907734870909 19.421875476837158
v 11.556606292724606 7.90220499038696 19.62499976158142
v 10.348105430603024 9.429566264152523 19.82812523841858
v 8.939330577850338 10.774431228637692 20.031249523162842
v 7.3575478792190525 11.910772323608395 20.234375
v 5.633370280265806 12.81659603118896 20.437500476837158
v 3.800166249275206 13.474373817443842 20.640625953674316
v 1.893415451049804 13.871372938156123 20.843749046325684
v -0.049979775212705115 13.999910354614252 21.046874523162842
v -1.9924077391624444 13.857500553131098 21.25
v -3.896275460720061 13.446897268295283 21.453125476837158
v -5.724735856056212 12.776048183441157 21.656250953674316
v -7.442402243614194 11.857936382293698 21.859374046325684
v -9.016031622886654 10.710330009460446 22.062499523162842
v -10.415167808532711 9.3554413318634 22.265625
v -11.6127336025238 7.819490432739255 22.468750476837158
v -12.585550546646113 6.132204532623289 22.671875953674316
v -13.314790725708002 4.326238036155699 22.874999046325684
v -13.786343336105341 2.436543256044387 23.078124523162842
v -13.99107933044433 0.4996926710009573 23.28125
v -13.925038576126093 -1.4468286931514736 23.484375476837158
v -13.589496612548823 -3.365348875522612 23.687500953674316
v -12.990950345993037 -5.218737125396727 23.890624046325684
v -12.140980958938595 -6.97112441062927 24.093749523162842
v -11.056040525436398 -8.588594794273373 24.296875
v -9.757125973701473 -10.039845705032345 24.500000476837158
v -8.269375562667843 -11.296788454055783 24.703125953674316
v -6.621583104133603 -12.3350977897644 24.906249046325684
v -4.84563887119293 -13.134678602218623 25.109374523162842
v -2.975914180278777 -13.680056333541865 25.3125
v -1.0485946387052532 -13.960675001144404 25.515625476837158
v 0.8990188688039776 -13.971104621887202 25.718750953674316
v 2.8292331099510184 -13.711142539978022 25.921874046325684
v 4.70469146966934 -13.185820579528803 26.124999523162842
v 6.489096879959104 -12.405306100845333 26.328125
v 8.147915601730343 -11.384704113006588 26.531250476837158
v 9.649041891098019 -10.143766403198239 26.734375953674316
v 10.963424444198605 -8.70651006698608 26.937499046325684
v 12.065626382827755 -7.100751399993894 27.140624523162842
v 12.93431401252746 -5.357568264007567 27.34375
v 13.552675247192377 -3.5106962919235216 27.546875476837158
v 13.908743858337397 -1.5958797931671136 27.750000953674316
v 13.995628356933588 0.3498227521777152 27.953124046325684
v 13.81164669990539 2.2887548804283133 28.156249523162842
v 13.36036086082458 4.183391332626341 28.359375
v 12.650502920150752 5.997064113616942 28.562500476837158
v 11.695811748504635 7.69467234611511 28.765625953674316
v 10.514764785766598 9.243360757827755 28.968749046325684
v 9.130219817161557 10.613156557083126 29.171874523162842
v 7.568971514701841 11.77754998207092 29.375
v 5.861236453056334 12.714004516601557 29.578125476837158
v 4.040065109729765 13.404397964477534 29.781250953674316
v 2.140704095363616 13.835366964340205 29.984374046325684
v 0.1999127306044101 13.998572826385493 30.187499523162842
v -1.7447476089000695 13.890855312347407 30.390625
v -3.6556407809257494 13.51429939270019 30.593750476837158
v -5.495784282684324 12.876193523406977 30.796875953674316
v -7.229564189910886 11.988886594772335 30.999999046325684
v -8.823426365852352 10.869551897048947 31.203124523162842
v -10.246523618698117 9.539850950241085 31.40625
v -11.471313238143917 8.025520443916317 31.609375476837158
v -12.47409105300903 6.355866789817807 31.812500953674316
v -13.23545098304748 4.563204646110533 32.015624046325684
v -13.7406575679779 2.6822277903556815 32.21874952316284
v -13.979932069778437 0.7493399828672407 32.421875
v -13.948644399642939 -1.1980500817298885 32.62500047683716
v -13.647400140762324 -3.122253715991973 32.828125953674316
v -13.08202981948852 -4.986030161380766 33.031249046325684
v -12.2634744644165 -6.753309369087217 33.23437452316284
v -11.20757699012756 -8.389887213706967 33.4375
v -9.934772849082943 -9.864090681076046 33.64062547683716
v -8.469694852828976 -11.14738821983337 33.843750953674316
v -6.84069752693176 -12.214944362640377 34.046874046325684
v -5.07930815219879 -13.046096563339228 34.24999952316284
v -3.219615519046782 -13.62475991249084 34.453125
v -1.2976118922233577 -13.939734697341914 34.65625047683716
v 0.6495052576065061 -13.98492574691772 34.859375953674316
v 2.584052085876464 -13.759458065032954 35.062499046325684
v 4.468588232994078 -13.267694711685175 35.26562452316284
v 6.266641020774839 -12.519153356552119 35.46875
v 7.943411469459531 -11.528322696685787 35.67187547683716
v 9.46644842624664 -10.314376354217526 35.875000953674316
v 10.806275606155392 -8.900809288024899 36.078124046325684
v 11.936962604522702 -7.314980030059812 36.28124952316284
v 12.836625576019282 -5.5875790119171125 36.484375
v 13.487854003906245 -3.752038776874541 36.68750047683716
v 13.878043889999384 -1.843882799148559 36.890625953674316
v 13.999643325805659 0.09995891712605949 37.093749046325684
v 13.850299119949335 2.041866034269332 37.29687452316284
v 13.432902097702021 3.944255709648131 37.5
v 12.75552868843078 5.770310163497923 37.70312547683716
v 11.831290721893307 7.4846875667571995 37.906250953674316
v 10.678074359893795 9.054209589958187 38.109374046325684
v 9.318199753761288 10.448499917984005 38.31249952316284
v 7.777983546257016 11.640574932098385 38.515625
v 6.087235212326048 12.60736227035522 38.71875047683716
v 4.2786768078804 13.33015084266662 38.921875953674316
v 2.387310713529586 13.794953823089594 39.124999046325684
v 0.449741557240486 13.992774486541743 39.32812452316284
v -1.4965316653251644 13.919783830642695 39.53125
v -3.4138417243957506 13.577395677566523 39.73437547683716
v -5.265081524848936 12.972236871719355 39.937500953674316
v -7.014423012733457 12.116017341613766 40.140624046325684
v -8.628010153770443 11.025309562683102 40.34375190734863
v -10.074614286422726 9.721221923828121 40.546875
v -11.326237916946408 8.228993415832516 40.74999809265137
v -12.358658313751217 6.577504873275754 40.953125953674316
v -13.151893615722651 4.798717200756071 41.156249046325684
v -13.690593242645258 2.927057445049285 41.35937690734863
v -13.96432995796203 0.9987485408782956 41.5625
v -13.967806100845332 -0.9488897770643231 41.76562309265137
v -13.700954914093012 -2.878163754940032 41.968750953674316
v -13.168941736221308 -4.751734733581541 42.171874046325684
v -12.382061481475827 -6.533342599868772 42.37500190734863
v -11.355543136596676 -8.188506364822384 42.578125
v -10.109254121780392 -9.685193300247189 42.78124809265137
v -8.667315244674679 -10.99443674087524 42.984375953674316
v -7.057632207870481 -12.09089875221252 43.187499046325684
v -5.3113585710525495 -12.953357696533198 43.39062690734863
v -3.462291061878203 -13.565121889114375 43.59375
v -1.546215564012527 -13.914352655410761 43.79687309265137
v 0.399784706532955 -13.994290828704829 44.000000953674316
v 2.3380477726459494 -13.803387880325312 44.203124046325684
v 4.231061041355131 -13.345340490341181 44.40625190734863
v 6.042188405990599 -12.629013061523432 44.609375
v 7.736377120018003 -11.668267250061032 44.81249809265137
v 9.280838966369625 -10.481699705123898 45.015625953674316
v 10.645684003829953 -9.092272520065304 45.218749046325684
v 11.804496049880978 -7.526877522468564 45.42187690734863
v 12.734848260879511 -5.815809965133665 45.625
v 13.418735265731806 -3.9921858906745897 45.82812309265137
v 13.842921257019038 -2.0912984013557425 46.031250953674316
v 13.999197483062739 -0.14993677847087378 46.234374046325684
v 13.88453841209411 1.7943267524242394 46.43750190734863
v 13.501162528991694 3.7038633227348314 46.640625
v 12.85649180412292 5.541716814041136 46.84374809265137
v 11.963000297546383 7.272318601608274 47.046875953674316
v 10.837982892990109 8.862174153327938 47.249999046325684
v 9.50321018695831 10.280514955520626 47.45312690734863
v 7.984516620635984 11.499891281127926 47.65625
v 6.31129443645477 12.496702671051022 47.85937309265137
v 4.5159250497817975 13.251657485961909 48.062500953674316
v 2.6331567764282218 13.750145435333247 48.265624046325684
v 0.6994270533323286 13.982517719268793 48.46875190734863
v -1.2478389590978618 13.944277763366694 48.671875
v -3.170954883098601 13.636167049407954 48.87499809265137
v -5.032700896263121 13.064146041870112 49.078125953674316
v -6.7970466613769505 12.239286899566647 49.281249046325684
v -8.429844975471493 11.177554130554196 49.48437690734863
v -9.899494647979733 9.899494647979733 49.6875
v -11.177554130554196 8.429844975471493 49.89062309265137
v -12.239286899566647 6.7970466613769505 50.093750953674316
v -13.064146041870112 5.032700896263121 50.296874046325684
v -13.636167049407954 3.170954883098601 50.50000190734863
v -13.944277763366694 1.2478389590978618 50.703125
v -13.982517719268793 -0.6994270533323286 50.90624809265137
v -13.750145435333247 -2.6331567764282218 51.109375953674316
v -13.251657485961909 -4.5159250497817975 51.312499046325684
v -12.496702671051022 -6.31129443645477 51.51562690734863
v -11.499891281127926 -7.984516620635984 51.71875
v -10.280514955520626 -9.50321018695831 51.92187309265137
v -8.862174153327938 -10.837982892990109 52.125000953674316
v -7.272318601608274 -11.963000297546383 52.328124046325684
v -5.541716814041136 -12.85649180412292 52.53125190734863
v -3.7038633227348314 -13.501162528991694 52.734375
v -1.7943267524242394 -13.88453841209411 52.93749809265137
v 0.14993677847087378 -13.999197483062739 53.140625953674316
v 2.0912984013557425 -13.842921257019038 53.343749046325684
v 3.9921858906745897 -13.418735265731806 53.54687690734863
v 5.815809965133665 -12.734848260879511 53.75
v 7.526877522468564 -11.804496049880978 53.95312309265137
v 9.092272520065304 -10.645684003829953 54.156250953674316
v 10.481699705123898 -9.280838966369625 54.359374046325684
v 11.668267250061032 -7.736377120018003 54.56250190734863
v 12.629013061523432 -6.042188405990599 54.765625
v 13.345340490341181 -4.231061041355131 54.96874809265137
v 13.803387880325312 -2.3380477726459494 55.171875953674316
v 13.994290828704829 -0.399784706532955 55.374999046325684
v 13.914352655410761 1.546215564012527 55.57812690734863
v 13.565121889114375 3.462291061878203 55.78125
v 12.953357696533198 5.3113585710525495 55.98437309265137
v 12.09089875221252 7.057632207870481 56.187500953674316
v 10.99443674087524 8.667315244674679 56.390624046325684
v 9.685193300247189 10.109254121780392 56.59375190734863
v 8.188506364822384 11.355543136596676 56.796875
v 6.533342599868772 12.382061481475827 56.99999809265137
v 8.092598319053646 11.409033536911007 56.99999809265137
v 9.499065876007077 10.216028690338131 56.99999809265137
v 10.7044243812561 8.84363770484924 56.99999809265137
v 11.666121482849118 7.356206774711606 56.99999809265137
v 12.375509738922116 5.795686841011046 56.99999809265137
v 12.80585646629333 4.297296702861784 56.99999809265137
v 12.986158132553095 2.963402271270751 56.99999809265137
v 12.96626448631286 1.865472793579101 56.99999809265137
v 12.78782725334167 1.0579349100589748 56.99999809265137
v 12.681152820587153 0.8538731932640072 56.99999809265137
v 12.603875398635859 0.7675749063491819 56.99999809265137
v 12.556457519531245 0.7355193048715589 56.99999809265137
v 12.502661943435664 0.716467350721359 56.99999809265137
v 12.445647716522213 0.714934393763542 56.99999809265137
v 12.390077114105221 0.7307072728872297 56.99999809265137
v 12.290956974029537 0.7977645099163052 56.99999809265137
v 12.100574970245358 1.04584626853466 56.99999809265137
v 11.902480125427243 1.4236739277839656 56.99999809265137
v 11.683753728866574 1.9124811887741082 56.99999809265137
v 11.139668226242062 3.148255944252013 56.99999809265137
v 10.365465879440304 4.6375182271003705 56.99999809265137
v 9.31361377239227 6.199150681495665 56.99999809265137
v 8.218606114387509 7.44643688201904 56.99999809265137
v 7.1780729293823216 8.382499814033505 56.99999809265137
v 6.226213574409483 9.07984912395477 56.99999809265137
v 5.238974690437315 9.672427177429196 56.99999809265137
v 4.202201664447783 10.172505378723141 56.99999809265137
v 3.1206226348876944 10.57754278182983 56.99999809265137
v 2.0008519291877738 10.884556770324703 56.99999809265137
v 0.9042654186487195 11.083624362945553 56.99999809265137
v -0.1328083407133817 11.185833215713497 56.99999809265137
v -1.098704487085342 11.210389137268063 56.99999809265137
v -2.7703046798706046 11.103365421295162 56.99999809265137
v -4.107991158962248 10.898910760879513 56.99999809265137
v -5.184490680694578 10.69181680679321 56.99999809265137
v -5.973793864250181 10.578608512878414 56.99999809265137
v -6.256012320518491 10.59120416641235 56.99999809265137
v -6.380707025527951 10.634304285049435 56.99999809265137
v -6.432259082794187 10.674408674240109 56.99999809265137
v -6.452247500419614 10.699996948242184 56.99999809265137
v -6.467375755310056 10.72918057441711 56.99999809265137
v -6.481453180313108 10.793318748474118 56.99999809265137
v -6.477493047714231 10.86066126823425 56.99999809265137
v -6.436042189598081 10.991122722625729 56.99999809265137
v -6.286923289299009 11.234332323074337 56.99999809265137
v -5.740420222282408 11.788756847381588 56.99999809265137
v -4.857251942157744 12.408427000045773 56.99999809265137
v -3.648954927921294 13.009881973266596 56.99999809265137
v -2.1646909415721884 13.496167659759516 56.99999809265137
v -0.5086952447891233 13.782591819763178 56.99999809265137
v 1.2798392772674556 13.826867341995234 56.99999809265137
v 3.08821678161621 13.604294061660761 56.99999809265137
v 4.851154983043669 13.119543790817255 56.99999809265137
v 6.533342599868772 12.382061481475827 56.99999809265137
v 8.188506364822384 11.355543136596676 56.796875
v 9.685193300247189 10.109254121780392 56.59375190734863
v 10.99443674087524 8.667315244674679 56.390624046325684
v 12.09089875221252 7.057632207870481 56.187500953674316
v 12.953357696533198 5.3113585710525495 55.98437309265137
v 13.565121889114375 3.462291061878203 55.78125
v 13.914352655410761 1.546215564012527 55.57812690734863
v 13.994290828704829 -0.399784706532955 55.374999046325684
v 13.803387880325312 -2.3380477726459494 55.171875953674316
v 13.345340490341181 -4.231061041355131 54.96874809265137
v 12.629013061523432 -6.042188405990599 54.765625
v 11.668267250061032 -7.736377120018003 54.56250190734863
v 10.481699705123898 -9.280838966369625 54.359374046325684
v 9.092272520065304 -10.645684003829953 54.156250953674316
v 7.526877522468564 -11.804496049880978 53.95312309265137
v 5.815809965133665 -12.734848260879511 53.75
v 3.9921858906745897 -13.418735265731806 53.54687690734863
v 2.0912984013557425 -13.842921257019038 53.343749046325684
v 0.14993677847087378 -13.999197483062739 53.140625953674316
v -1.7943267524242394 -13.88453841209411 52.93749809265137
v -3.7038633227348314 -13.501162528991694 52.734375
v -5.541716814041136 -12.85649180412292 52.53125190734863
v -7.272318601608274 -11.963000297546383 52.328124046325684
v -8.862174153327938 -10.837982892990109 52.125000953674316
v -10.280514955520626 -9.50321018695831 51.92187309265137
v -11.499891281127926 -7.984516620635984 51.71875
v -12.496702671051022 -6.31129443645477 51.51562690734863
v -13.251657485961909 -4.5159250497817975 51.312499046325684
v -13.750145435333247 -2.6331567764282218 51.109375953674316
v -13.982517719268793 -0.6994270533323286 50.90624809265137
v -13.944277763366694 1.2478389590978618 50.703125
v -13.636167049407954 3.170954883098601 50.50000190734863
v -13.064146041870112 5.032700896263121 50.296874046325684
v -12.239286899566647 6.7970466613769505 50.093750953674316
v -11.177554130554196 8.429844975471493 49.89062309265137
v -9.899494647979733 9.899494647979733 49.6875
v -8.429844975471493 11.177554130554196 49.48437690734863
v -6.7970466613769505 12.239286899566647 49.281249046325684
v -5.032700896263121 13.064146041870112 49.078125953674316
v -3.170954883098601 13.636167049407954 48.87499809265137
v -1.2478389590978618 13.944277763366694 48.671875
v 0.6994270533323286 13.982517719268793 48.46875190734863
v 2.6331567764282218 13.750145435333247 48.265624046325684
v 4.5159250497817975 13.251657485961909 48.062500953674316
v 6.31129443645477 12.496702671051022 47.85937309265137
v 7.984516620635984 11.499891281127926 47.65625
v 9.50321018695831 10.280514955520626 47.45312690734863
v 10.837982892990109 8.862174153327938 47.249999046325684
v 11.963000297546383 7.272318601608274 47.046875953674316
v 12.85649180412292 5.541716814041136 46.84374809265137
v 13.501162528991694 3.7038633227348314 46.640625
v 13.88453841209411 1.7943267524242394 46.43750190734863
v 13.999197483062739 -0.14993677847087378 46.234374046325684
v 13.842921257019038 -2.0912984013557425 46.031250953674316
v 13.418735265731806 -3.9921858906745897 45.82812309265137
v 12.734848260879511 -5.815809965133665 45.625
v 11.804496049880978 -7.526877522468564 45.42187690734863
v 10.645684003829953 -9.092272520065304 45.218749046325684
v 9.280838966369625 -10.481699705123898 45.015625953674316
v 7.736377120018003 -11.668267250061032 44.81249809265137
v 6.042188405990599 -12.629013061523432 44.609375
v 4.231061041355131 -13.345340490341181 44.40625190734863
v 2.3380477726459494 -13.803387880325312 44.203124046325684
v 0.399784706532955 -13.994290828704829 44.000000953674316
v -1.546215564012527 -13.914352655410761 43.79687309265137
v -3.462291061878203 -13.565121889114375 43.59375
v -5.3113585710525495 -12.953357696533198 43.39062690734863
v -7.057632207870481 -12.09089875221252 43.187499046325684
v -8.667315244674679 -10.99443674087524 42.984375953674316
v -10.109254121780392 -9.685193300247189 42.78124809265137
v -11.355543136596676 -8.188506364822384 42.578125
v -12.382061481475827 -6.533342599868772 42.37500190734863
v -13.168941736221308 -4.751734733581541 42.171874046325684
v -13.700954914093012 -2.878163754940032 41.968750953674316
v -13.967806100845332 -0.9488897770643231 41.76562309265137
v -13.96432995796203 0.9987485408782956 41.5625
v -13.690593242645258 2.927057445049285 41.35937690734863
v -13.151893615722651 4.798717200756071 41.156249046325684
v -12.358658313751217 6.577504873275754 40.953125953674316
v -11.326237916946408 8.228993415832516 40.74999809265137
v -10.074614286422726 9.721221923828121 40.546875
v -8.628010153770443 11.025309562683102 40.34375190734863
v -7.014423012733457 12.116017341613766 40.140624046325684
v -5.265081524848936 12.972236871719355 39.937500953674316
v -3.4138417243957506 13.577395677566523 39.73437547683716
v -1.4965316653251644 13.919783830642695 39.53125
v 0.449741557240486 13.992774486541743 39.32812452316284
v 2.387310713529586 13.794953823089594 39.124999046325684
v 4.2786768078804 13.33015084266662 38.921875953674316
v 6.087235212326048 12.60736227035522 38.71875047683716
v 7.777983546257016 11.640574932098385 38.515625
v 9.318199753761288 10.448499917984005 38.31249952316284
v 10.678074359893795 9.054209589958187 38.109374046325684
v 11.831290721893307 7.4846875667571995 37.906250953674316
v 12.75552868843078 5.770310163497923 37.70312547683716
v 13.432902097702021 3.944255709648131 37.5
v 13.850299119949335 2.041866034269332 37.29687452316284
v 13.999643325805659 0.09995891712605949 37.093749046325684
v 13.878043889999384 -1.843882799148559 36.890625953674316
v 13.487854003906245 -3.752038776874541 36.68750047683716
v 12.836625576019282 -5.5875790119171125 36.484375
v 11.936962604522702 -7.314980030059812 36.28124952316284
v 10.806275606155392 -8.900809288024899 36.078124046325684
v 9.46644842624664 -10.314376354217526 35.875000953674316
v 7.943411469459531 -11.528322696685787 35.67187547683716
v 6.266641020774839 -12.519153356552119 35.46875
v 4.468588232994078 -13.267694711685175 35.26562452316284
v 2.584052085876464 -13.759458065032954 35.062499046325684
v 0.6495052576065061 -13.98492574691772 34.859375953674316
v -1.2976118922233577 -13.939734697341914 34.65625047683716
v -3.219615519046782 -13.62475991249084 34.453125
v -5.07930815219879 -13.046096563339228 34.24999952316284
v -6.84069752693176 -12.214944362640377 34.046874046325684
v -8.469694852828976 -11.14738821983337 33.843750953674316
v -9.934772849082943 -9.864090681076046 33.64062547683716
v -11.20757699012756 -8.389887213706967 33.4375
v -12.2634744644165 -6.753309369087217 33.23437452316284
v -13.08202981948852 -4.986030161380766 33.031249046325684
v -13.647400140762324 -3.122253715991973 32.828125953674316
v -13.948644399642939 -1.1980500817298885 32.62500047683716
v -13.979932069778437 0.7493399828672407 32.421875
v -13.7406575679779 2.6822277903556815 32.21874952316284
v -13.23545098304748 4.563204646110533 32.015624046325684
v -12.47409105300903 6.355866789817807 31.812500953674316
v -11.471313238143917 8.025520443916317 31.609375476837158
v -10.246523618698117 9.539850950241085 31.40625
v -8.823426365852352 10.869551897048947 31.203124523162842
v -7.229564189910886 11.988886594772335 30.999999046325684
v -5.495784282684324 12.876193523406977 30.796875953674316
v -3.6556407809257494 13.51429939270019 30.593750476837158
v -1.7447476089000695 13.890855312347407 30.390625
v 0.1999127306044101 13.998572826385493 30.187499523162842
v 2.140704095363616 13.835366964340205 29.984374046325684
v 4.040065109729765 13.404397964477534 29.781250953674316
v 5.861236453056334 12.714004516601557 29.578125476837158
v 7.568971514701841 11.77754998207092 29.375
v 9.130219817161557 10.613156557083126 29.171874523162842
v 10.514764785766598 9.243360757827755 28.968749046325684
v 11.695811748504635 7.69467234611511 28.765625953674316
v 12.650502920150752 5.997064113616942 28.562500476837158
v 13.36036086082458 4.183391332626341 28.359375
v 13.81164669990539 2.2887548804283133 28.156249523162842
v 13.995628356933588 0.3498227521777152 27.953124046325684
v 13.908743858337397 -1.5958797931671136 27.750000953674316
v 13.552675247192377 -3.5106962919235216 27.546875476837158
v 12.93431401252746 -5.357568264007567 27.34375
v 12.065626382827755 -7.100751399993894 27.140624523162842
v 10.963424444198605 -8.70651006698608 26.937499046325684
v 9.649041891098019 -10.143766403198239 26.734375953674316
v 8.147915601730343 -11.384704113006588 26.531250476837158
v 6.489096879959104 -12.405306100845333 26.328125
v 4.70469146966934 -13.185820579528803 26.124999523162842
v 2.8292331099510184 -13.711142539978022 25.921874046325684
v 0.8990188688039776 -13.971104621887202 25.718750953674316
v -1.0485946387052532 -13.960675001144404 25.515625476837158
v -2.975914180278777 -13.680056333541865 25.3125
v -4.84563887119293 -13.134678602218623 25.109374523162842
v -6.621583104133603 -12.3350977897644 24.906249046325684
v -8.269375562667843 -11.296788454055783 24.703125953674316
v -9.757125973701473 -10.039845705032345 24.500000476837158
v -11.056040525436398 -8.588594794273373 24.296875
v -12.140980958938595 -6.97112441062927 24.093749523162842
v -12.990950345993037 -5.218737125396727 23.890624046325684
v -13.589496612548823 -3.365348875522612 23.687500953674316
v -13.925038576126093 -1.4468286931514736 23.484375476837158
v -13.99107933044433 0.4996926710009573 23.28125
v -13.786343336105341 2.436543256044387 23.078124523162842
v -13.314790725708002 4.326238036155699 22.874999046325684
v -12.585550546646113 6.132204532623289 22.671875953674316
v -11.6127336025238 7.819490432739255 22.468750476837158
v -10.415167808532711 9.3554413318634 22.265625
v -9.016031622886654 10.710330009460446 22.062499523162842
v -7.442402243614194 11.857936382293698 21.859374046325684
v -5.724735856056212 12.776048183441157 21.656250953674316
v -3.896275460720061 13.446897268295283 21.453125476837158
v -1.9924077391624444 13.857500553131098 21.25
v -0.049979775212705115 13.999910354614252 21.046874523162842
v 1.893415451049804 13.871372938156123 20.843749046325684
v 3.800166249275206 13.474373817443842 20.640625953674316
v 5.633370280265806 12.81659603118896 20.437500476837158
v 7.3575478792190525 11.910772323608395 20.234375
v 8.939330577850338 10.774431228637692 20.031249523162842
v 10.348105430603024 9.429566264152523 19.82812523841858
v 11.556606292724606 7.90220499038696 19.62499976158142
v 12.541445493698115 6.221907734870909 19.421875476837158
v 13.28356266021728 4.421194195747374 19.21875
v 13.768595457077021 2.5349146127700797 19.015624523162842
v 13.987154960632319 0.5995751544833181 18.81250023841858
v 13.935014009475703 -1.3473682105541225 18.60937476158142
v 13.613178730010981 -3.2682350277900682 18.406250476837158
v 13.027880191802973 -5.125849843025206 18.203125
v 12.190445661544796 -6.88426077365875 17.999999523162842
v 11.11708045005798 -8.509436845779415 17.79687523841858
v 9.828560948371884 -9.969924092292782 17.59374976158142
v 8.349822759628292 -11.237457990646359 17.390625476837158
v 6.709485650062558 -12.287505865097042 17.1875
v 4.9392959475517255 -13.099746704101557 16.984374523162842
v 3.073512613773345 -13.65845918655395 16.78125023841858
v 1.1482460796833034 -13.952832221984858 16.57812476158142
v -0.7992433756589886 -13.977167606353754 16.375000476837158
v -2.7312645316123954 -13.730994462966914 16.171875
v -4.610425829887388 -13.219076395034785 15.968749523162842
v -6.400358676910398 -12.45132207870483 15.765625238418579
v -8.066421747207638 -11.442588567733761 15.562499761581421
v -9.57637012004852 -10.212401151657101 15.359375476837158
v -10.90098142623901 -8.784565925598141 15.15625
v -12.014619112014767 -7.186717987060544 14.953124523162842
v -12.895730733871455 -5.449781417846678 14.750000238418579
v -13.527263402938837 -3.6073717474937426 14.546874761581421
v -13.896995782852168 -1.6951464116573327 14.343750476837158
v -13.99776935577392 0.24988614022731773 14.140625
v -13.827636241912836 2.190082520246505 13.937499523162842
v -13.389889001846308 4.08789277076721 13.734375238418579
v -12.692998647689814 5.906587839126585 13.531249761581421
v -11.750453710556027 7.610968947410581 13.328125476837158
v -10.580494403839108 9.16805028915405 13.125
v -9.205763936042782 10.547696352005001 12.921874523162842
v -7.652869224548337 11.7232072353363 12.718750238418579
v -5.95186412334442 12.671831846237177 12.515624761581421
v -4.135668575763701 13.375209569931025 12.312500476837158
v -2.239432930946349 13.819730281829829 12.109375
v -0.29985636472702015 13.996788263320918 11.906249523162842
v 1.6455236077308648 13.902958631515498 11.703125238418579
v 3.5590568184852587 13.540055751800532 11.499999761581421
v 5.403709411621092 12.915104627609248 11.296875476837158
v 7.143780589103696 12.040199041366574 11.09375
v 8.7455940246582 10.932272672653195 10.890624523162842
v 10.178148746490475 9.612767100334164 10.687500238418579
v 11.413718461990353 8.107219934463497 10.484374761581421
v 12.428393363952633 6.444768905639646 10.281250476837158
v 13.202532529830927 4.65758830308914 10.078125
v 13.721156120300288 2.7802664041519156 9.87500011920929
v 13.974225521087641 0.8491365611553189 9.671875238418579
v 13.956842422485346 -1.0984273254871364 9.468749761581421
v 13.669345378875727 -3.024732768535613 9.26562488079071
v 13.117296695709223 -4.892498552799223 9.0625
v 12.311379909515377 -6.665576696395871 8.85937511920929
v 11.267194747924801 -8.309652209281918 8.656250238418579
v 10.00494837760925 -9.792906045913693 8.453124761581421
v 8.549070358276364 -11.08663201332092 8.24999988079071
v 6.9277369976043675 -12.165790796279904 8.046875
v 5.172326564788817 -13.009498119354243 7.8437501192092896
v 3.3168131113052355 -13.601424694061274 7.640625238418579
v 1.3971073925495143 -13.930114507675166 7.437499761581421
v -0.5496374145150182 -13.989206552505488 7.2343748807907104
v -2.4857448041439048 -13.777556419372553 7.03125
v -4.373743832111357 -13.299261331558222 6.8281251192092896
v -6.177095174789427 -12.563577890396113 6.625000238418579
v -7.860897779464719 -11.584743261337277 6.421874761581421
v -9.39256370067596 -10.38170218467712 6.2187498807907104
v -10.742448568344113 -8.977738618850704 6.015625
v -11.884429454803463 -7.400022149085996 5.8125001192092896
v -12.796403169631953 -5.679089426994322 5.609375238418579
v -13.460720777511591 -3.8482454419136034 5.406249761581421
v -13.86452436447143 -1.942923963069915 5.2031248807907104
v 11.765339374542233 7.417484521865842 56.75018310546875
v -11.052429676055905 -8.443888425827023 5.438947081565857
v -12.33389854431152 -6.422547101974485 5.187520384788513
v -9.261589050292965 -10.019736289978024 5.239109992980957
v -9.437993764877316 -10.210582017898556 5.690373778343201
v -7.1881413459777805 -11.12343072891235 5.155999064445496
v -7.404755949974057 -11.458634138107296 5.490536689758301
v -7.545793652534482 -11.676886081695553 5.941800475120544
v -5.433161854743956 -12.801871299743647 7.218915224075317
v -5.331611037254332 -12.562592029571528 7.670179605484009
v -5.175642967224119 -12.195093631744381 8.004717230796814
v -4.984525144100187 -11.744772195816036 8.18299412727356
v -4.781040251255034 -11.265311241149899 8.18299412727356
v -4.589922130107878 -10.81499099731445 8.004717230796814
v -4.433954358100889 -10.447491407394406 7.670179605484009
v -4.332403540611265 -10.208213329315182 7.218915224075317
v -4.296848773956297 -10.12443661689758 6.706071496009827
v -4.332403540611265 -10.208213329315182 6.193227171897888
v -4.433954358100889 -10.447491407394406 5.7419633865356445
v -4.589922130107878 -10.81499099731445 5.407425761222839
v -4.781040251255034 -11.265311241149899 5.229148268699646
v -4.984525144100187 -11.744772195816036 5.229148268699646
v -5.175642967224119 -12.195093631744381 5.407425761222839
v -5.331611037254332 -12.562592029571528 5.7419633865356445
v -5.433161854743956 -12.801871299743647 6.193227171897888
v -6.374668478965757 -9.864605665206906 5.155999064445496
v -6.158053874969481 -9.529401659965512 5.490536689758301
v -6.017016172409056 -9.311149716377255 5.941800475120544
v -5.967636108398436 -9.234735965728756 6.454644799232483
v -6.017016172409056 -9.311149716377255 6.967488527297974
v -6.158053874969481 -9.529401659965512 7.418752312660217
v -6.374668478965757 -9.864605665206906 7.75329053401947
v -6.640101075172422 -10.275354385375973 7.931567430496216
v -6.9227087497711155 -10.712682008743283 7.931567430496216
v -7.1881413459777805 -11.12343072891235 7.75329053401947
v -7.404755949974057 -11.458634138107296 7.418752312660217
v -7.545793652534482 -11.676886081695553 6.967488527297974
v -7.70226180553436 -8.332763910293576 5.239109992980957
v -7.5258570909500095 -8.141918778419491 5.690373778343201
v -7.464094161987302 -8.075100183486935 6.203218102455139
v -7.5258570909500095 -8.141918778419491 6.71606183052063
v -7.70226180553436 -8.332763910293576 7.1673256158828735
v -7.973194718360898 -8.625875115394589 7.5018638372421265
v -8.305187821388241 -8.985044956207272 7.680140733718872
v -8.658663034439083 -9.367455244064328 7.680140733718872
v -8.990656137466427 -9.72662508487701 7.5018638372421265
v -9.261589050292965 -10.019736289978024 7.1673256158828735
v -9.437993764877316 -10.210582017898556 6.71606183052063
v -8.813208341598507 -6.733157038688657 5.438947081565857
v -8.74088108539581 -6.677899956703183 5.951790809631348
v -8.813208341598507 -6.733157038688657 6.464635133743286
v -9.019788503646847 -6.890981197357175 6.91589891910553
v -9.33706700801849 -7.133376598358152 7.250436544418335
v -9.725849628448483 -7.430400848388669 7.428714036941528
v -10.139789581298825 -7.7466446161270115 7.428714036941528
v -10.52857160568237 -8.04366827011108 7.250436544418335
v -10.84585070610046 -8.286064267158505 6.91589891910553
v -11.052429676055905 -8.443888425827023 6.464635133743286
v -9.835051298141476 -5.121339559555052 5.187520384788513
v -9.75433766841888 -5.079309940338133 5.700364112854004
v -9.835051298141476 -5.121339559555052 6.213208436965942
v -10.065582990646359 -5.241382718086241 6.664472222328186
v -10.41964769363403 -5.425752997398375 6.999009847640991
v -10.853507518768307 -5.651673674583433 7.177287340164185
v -11.315442323684689 -5.892212986946104 7.177287340164185
v -11.74930095672607 -6.1181342601776105 6.999009847640991
v -12.103366851806637 -6.302503943443296 6.664472222328186
v -12.33389854431152 -6.422547101974485 6.213208436965942
v -10.478459596633908 -3.330232203006743 5.44893741607666
v -10.565165281295773 -3.3577886223793016 5.961781144142151
v -10.812810659408566 -3.436494469642638 6.413045525550842
v -11.193159818649288 -3.5573759675025927 6.7475831508636475
v -11.659227609634396 -3.7055003643035875 6.925860047340393
v -12.155454158782955 -3.863209187984465 6.925860047340393
v -12.621521949768061 -4.01133358478546 6.7475831508636475
v -13.001871109008784 -4.132214784622191 6.413045525550842
v -13.249516487121577 -4.210920929908751 5.961781144142151
v -10.89667201042175 -1.4839154481887813 5.197510719299316
v -10.986838340759274 -1.4961943030357356 5.710354447364807
v -11.244367361068722 -1.5312649309635158 6.1616188287734985
v -11.639896631240841 -1.5851283073425286 6.496156454086304
v -12.124565839767453 -1.6511309146881097 6.674433350563049
v -12.640597820281977 -1.7214043438434594 6.674433350563049
v -13.125267028808588 -1.7874069511890405 6.496156454086304
v -13.520796298980708 -1.8412703275680535 6.1616188287734985
v -13.778325319290156 -1.8763409554958337 5.710354447364807
v -13.639650344848627 0.5042897537350652 5.910191535949707
v -13.89944434165954 0.5138949304819105 5.458927750587463
v -11.083416938781735 0.40977984666824324 5.458927750587463
v -11.343210935592648 0.4193850234150885 5.910191535949707
v -10.845763683319088 2.303299605846404 5.20750105381012
v -13.601408004760737 2.8885120153427115 5.20750105381012
v -3.158074617385863 -13.544850349426264 7.470341920852661
v -3.0990472435951224 -13.29168558120727 7.9216063022613525
v -3.008389472961425 -12.902858257293696 8.256143927574158
v -2.897300422191619 -12.42640137672424 8.434420824050903
v -2.779023051261901 -11.919114589691159 8.434420824050903
v -2.667934000492095 -11.4426577091217 8.256143927574158
v -2.5772762298583975 -11.053830385208126 7.9216063022613525
v -2.5182488560676566 -10.800664424896237 7.470341920852661
v -2.4975822865962973 -10.712027549743649 6.95749819278717
v -2.5182488560676566 -10.800664424896237 6.44465446472168
v -2.5772762298583975 -11.053830385208126 5.993390083312988
v -2.667934000492095 -11.4426577091217 5.658852458000183
v -2.779023051261901 -11.919114589691159 5.4805755615234375
v -2.897300422191619 -12.42640137672424 5.4805755615234375
v -3.008389472961425 -12.902858257293696 5.658852458000183
v -3.0990472435951224 -13.29168558120727 5.993390083312988
v -3.158074617385863 -13.544850349426264 6.44465446472168
v -0.7884842902421948 -13.881081342697138 7.721769213676453
v -0.7737468183040617 -13.621631860733027 8.173032999038696
v -0.751112103462219 -13.223152160644526 8.507570624351501
v -0.7233761996030805 -12.734868526458735 8.685848116874695
v -0.693845599889755 -12.214988470077511 8.685848116874695
v -0.6661096960306165 -11.72670483589172 8.507570624351501
v -0.6434749066829679 -11.328225135803219 8.173032999038696
v -0.6287374347448347 -11.068775653839108 7.721769213676453
v -0.6235775724053381 -10.977936983108517 7.208924889564514
v -0.6287374347448347 -11.068775653839108 6.696081161499023
v -0.6434749066829679 -11.328225135803219 6.244816780090332
v -0.6661096960306165 -11.72670483589172 5.910279154777527
v -0.693845599889755 -12.214988470077511 5.732002258300781
v -0.7233761996030805 -12.734868526458735 5.732002258300781
v -0.751112103462219 -13.223152160644526 5.910279154777527
v -0.7737468183040617 -13.621631860733027 6.244816780090332
v -0.7884842902421948 -13.881081342697138 6.696081161499023
v 1.6043601930141442 -13.810569047927851 7.973195910453796
v 1.5743732452392571 -13.552436828613276 8.42445969581604
v 1.5283173322677608 -13.155982494354243 8.758997321128845
v 1.4718821644783016 -12.670178413391108 8.937274813652039
v 1.4117950201034541 -12.15294003486633 8.937274813652039
v 1.355359703302383 -11.667135953903195 8.758997321128845
v 1.3093039393424983 -11.270681619644161 8.42445969581604
v 1.2793168425559993 -11.012549400329586 7.973195910453796
v 1.26881793141365 -10.922172069549557 7.460351586341858
v 1.2793168425559993 -11.012549400329586 6.947507858276367
v 1.3093039393424983 -11.270681619644161 6.4962440729141235
v 1.355359703302383 -11.667135953903195 6.161705851554871
v 1.4117950201034541 -12.15294003486633 5.983428955078125
v 1.4718821644783016 -12.670178413391108 5.983428955078125
v 1.5283173322677608 -13.155982494354243 6.161705851554871
v 1.5743732452392571 -13.552436828613276 6.4962440729141235
v 1.6043601930141442 -13.810569047927851 6.947507858276367
v 3.9500460028648363 -13.335410356521601 8.22462260723114
v 3.876216113567351 -13.08615922927856 8.675886392593384
v 3.7628236413002 -12.703344821929926 9.010424613952637
v 3.6238759756088244 -12.234255075454708 9.188701510429382
v 3.475937247276305 -11.734812259674069 9.188701510429382
v 3.336989581584929 -11.265722513198849 9.010424613952637
v 3.223597109317778 -10.882908105850216 8.675886392593384
v 3.149766921997069 -10.633656978607174 8.22462260723114
v 3.123917877674102 -10.546389818191525 7.711778283119202
v 3.149766921997069 -10.633656978607174 7.198934555053711
v 3.223597109317778 -10.882908105850216 6.747670769691467
v 3.336989581584929 -11.265722513198849 6.413132548332214
v 3.475937247276305 -11.734812259674069 6.234855651855469
v 3.6238759756088244 -12.234255075454708 6.234855651855469
v 3.7628236413002 -12.703344821929926 6.413132548332214
v 3.876216113567351 -13.08615922927856 6.747670769691467
v 3.9500460028648363 -13.335410356521601 7.198934555053711
v 6.177455782890318 -12.459802627563473 8.476049304008484
v 6.061993241310118 -12.226917743682858 8.927313089370728
v 5.884659290313719 -11.869238615036007 9.26185131072998
v 5.667359828948973 -11.430950164794918 9.440128207206726
v 5.435999631881712 -10.964300632476803 9.440128207206726
v 5.218699574470518 -10.526012182235714 9.26185131072998
v 5.041365623474119 -10.168333053588864 8.927313089370728
v 4.925903379917143 -9.9354475736618 8.476049304008484
v 4.885478019714354 -9.85391020774841 7.963205575942993
v 4.925903379917143 -9.9354475736618 7.450361251831055
v 5.041365623474119 -10.168333053588864 6.999097466468811
v 5.218699574470518 -10.526012182235714 6.664559841156006
v 5.435999631881712 -10.964300632476803 6.4862823486328125
v 5.667359828948973 -11.430950164794918 6.4862823486328125
v 5.884659290313719 -11.869238615036007 6.664559841156006
v 6.061993241310118 -12.226917743682858 6.999097466468811
v 6.177455782890318 -12.459802627563473 7.450361251831055
v 8.220181465148922 -11.212381124496456 8.727476000785828
v 8.066538572311398 -11.002811193466183 9.178739786148071
v 7.830564975738523 -10.680941343307492 9.513278007507324
v 7.541409730911252 -10.28653264045715 9.69155490398407
v 7.233544588088987 -9.866601824760433 9.69155490398407
v 6.944389939308164 -9.472193121910092 9.513278007507324
v 6.70841574668884 -9.150322675704953 9.178739786148071
v 6.5547734498977634 -8.940753340721127 8.727476000785828
v 6.500980257987973 -8.867378830909725 8.214632272720337
v 6.5547734498977634 -8.940753340721127 7.701787948608398
v 6.70841574668884 -9.150322675704953 7.250524163246155
v 6.944389939308164 -9.472193121910092 6.91598653793335
v 7.233544588088987 -9.866601824760433 6.737709045410156
v 7.541409730911252 -10.28653264045715 6.737709045410156
v 7.830564975738523 -10.680941343307492 6.91598653793335
v 8.066538572311398 -11.002811193466183 7.250524163246155
v 8.220181465148922 -11.212381124496456 7.701787948608398
v 10.02275705337524 -9.637199044227597 8.978902697563171
v 9.835422635078427 -9.457070827484127 9.430167078971863
v 9.547702670097348 -9.18041884899139 9.764704704284668
v 9.195140004158016 -8.841418623924252 9.942981600761414
v 8.819764256477352 -8.480482697486874 9.942981600761414
v 8.467201590538021 -8.141482472419735 9.764704704284668
v 8.179481625556942 -7.864831089973447 9.430167078971863
v 7.992147207260129 -7.684702873229978 8.978902697563171
v 7.926557660102842 -7.62163698673248 8.46605896949768
v 7.992147207260129 -7.684702873229978 7.95321524143219
v 8.179481625556942 -7.864831089973447 7.5019508600234985
v 8.467201590538021 -8.141482472419735 7.167413234710693
v 8.819764256477352 -8.480482697486874 6.989136338233948
v 9.195140004158016 -8.841418623924252 6.989136338233948
v 9.547702670097348 -9.18041884899139 7.167413234710693
v 9.835422635078427 -9.457070827484127 7.5019508600234985
v 10.02275705337524 -9.637199044227597 7.95321524143219
v 11.530386209487911 -7.778525948524472 9.230329990386963
v 11.314872503280636 -7.633137702941892 9.681593775749207
v 10.983873605728146 -7.409842610359189 10.016131401062012
v 10.578278303146359 -7.136223316192624 10.194408893585205
v 10.146437883377072 -6.844899058341977 10.194408893585205
v 9.740843176841732 -6.57128036022186 10.016131401062012
v 9.409844279289242 -6.34798467159271 9.681593775749207
v 9.194330573081967 -6.202597022056578 9.230329990386963
v 9.118875861167904 -6.1516940593719465 8.717485666275024
v 9.194330573081967 -6.202597022056578 8.204641938209534
v 9.409844279289242 -6.34798467159271 7.753377556800842
v 9.740843176841732 -6.57128036022186 7.418839931488037
v 10.146437883377072 -6.844899058341977 7.2405630350112915
v 10.578278303146359 -7.136223316192624 7.2405630350112915
v 10.983873605728146 -7.409842610359189 7.418839931488037
v 11.314872503280636 -7.633137702941892 7.753377556800842
v 11.530386209487911 -7.778525948524472 8.204641938209534
v 12.690647840499873 -5.685256123542784 9.481756687164307
v 12.45344758033752 -5.578993558883665 9.93302047252655
v 12.089141607284542 -5.415788888931273 10.267558097839355
v 11.642732620239254 -5.215803384780882 10.445835590362549
v 11.167438030242916 -5.002877116203306 10.445835590362549
v 10.721029043197628 -4.802891314029692 10.267558097839355
v 10.35672307014465 -4.639686346054075 9.93302047252655
v 10.119522809982296 -4.533423781394957 9.481756687164307
v 10.036475658416744 -4.4962194561958295 8.968912363052368
v 10.119522809982296 -4.533423781394957 8.456068634986877
v 10.35672307014465 -4.639686346054075 8.004804849624634
v 10.721029043197628 -4.802891314029692 7.670266628265381
v 11.167438030242916 -5.002877116203306 7.491989731788635
v 11.642732620239254 -5.215803384780882 7.491989731788635
v 12.089141607284542 -5.415788888931273 7.670266628265381
v 12.45344758033752 -5.578993558883665 8.004804849624634
v 12.690647840499873 -5.685256123542784 8.456068634986877
v 13.47445130348205 -3.4235563874244677 9.73318338394165
v 13.222601413726801 -3.3595669269561754 10.184447765350342
v 12.835794687271113 -3.2612881064414965 10.5189847946167
v 12.361814975738522 -3.1408601999282824 10.697262287139893
v 11.857165098190304 -3.012639880180358 10.697262287139893
v 11.383184194564816 -2.8922122716903678 10.5189847946167
v 10.996378660202023 -2.793933451175689 10.184447765350342
v 10.744528770446774 -2.7299439907073966 9.73318338394165
v 10.656350851058956 -2.7075400948524466 9.220339059829712
v 10.744528770446774 -2.7299439907073966 8.707495331764221
v 10.996378660202023 -2.793933451175689 8.256231546401978
v 11.383184194564816 -2.8922122716903678 7.921693325042725
v 11.857165098190304 -3.012639880180358 7.743416428565979
v 12.361814975738522 -3.1408601999282824 7.743416428565979
v 12.835794687271113 -3.2612881064414965 7.921693325042725
v 13.222601413726801 -3.3595669269561754 8.256231546401978
v 13.47445130348205 -3.4235563874244677 8.707495331764221
v 13.864876031875605 -1.061886921525001 9.984610080718994
v 13.605729341506953 -1.0420393198728557 10.435874462127686
v 13.2077145576477 -1.0115560889244075 10.770411491394043
v 12.720001935958857 -0.9742029011249539 10.948688983917236
v 12.200728654861447 -0.9344327449798581 10.948688983917236
v 11.713014841079708 -0.8970795571804043 10.770411491394043
v 11.315001249313351 -0.8665963262319561 10.435874462127686
v 11.055853366851803 -0.8467487245798108 9.984610080718994
v 10.965120792388912 -0.8397997170686718 9.471766352653503
v 11.055853366851803 -0.8467487245798108 8.958922028541565
v 11.315001249313351 -0.8665963262319561 8.507658243179321
v 11.713014841079708 -0.8970795571804043 8.173120617866516
v 12.200728654861447 -0.9344327449798581 7.994843125343323
v 12.720001935958857 -0.9742029011249539 7.994843125343323
v 13.2077145576477 -1.0115560889244075 8.173120617866516
v 13.605729341506953 -1.0420393198728557 8.507658243179321
v 13.864876031875605 -1.061886921525001 8.958922028541565
v 13.845081329345698 1.3313326239585872 10.236036777496338
v 13.586304187774653 1.3064487278461452 10.68730115890503
v 13.188858032226557 1.2682306766510005 11.021838188171387
v 12.701840400695795 1.221399456262588 11.20011568069458
v 12.183309793472286 1.1715378612279888 11.20011568069458
v 11.696292161941525 1.1247066408395763 11.021838188171387
v 11.298846006393429 1.0864885151386257 10.68730115890503
v 11.040068864822384 1.0616046935319896 10.236036777496338
v 10.949466228485104 1.0528924316167827 9.723193049430847
v 11.040068864822384 1.0616046935319896 9.210348725318909
v 11.298846006393429 1.0864885151386257 8.759084939956665
v 11.696292161941525 1.1247066408395763 8.42454731464386
v 12.183309793472286 1.1715378612279888 8.246269822120667
v 12.701840400695795 1.221399456262588 8.246269822120667
v 13.188858032226557 1.2682306766510005 8.42454731464386
v 13.586304187774653 1.3064487278461452 8.759084939956665
v 13.845081329345698 1.3313326239585872 9.210348725318909
v 13.407770395278925 3.684286773204802 10.487463474273682
v 13.157167434692377 3.615424036979674 10.938727855682373
v 12.772275209426875 3.509660661220549 11.273266077041626
v 12.300640344619747 3.3800613880157457 11.451542377471924
v 11.798487901687619 3.2420760393142687 11.451542377471924
v 11.32685303688049 3.1124767661094657 11.273266077041626
v 10.941960811614987 3.006713390350341 10.938727855682373
v 10.691357851028439 2.9378506541252127 10.487463474273682
v 10.603616237640377 2.9137405753135672 9.974619746208191
v 10.691357851028439 2.9378506541252127 9.4617760181427
v 10.941960811614987 3.006713390350341 9.010511636734009
v 11.32685303688049 3.1124767661094657 8.675974011421204
v 11.798487901687619 3.2420760393142687 8.497697114944458
v 12.300640344619747 3.3800613880157457 8.497697114944458
v 12.772275209426875 3.509660661220549 8.675974011421204
v 13.157167434692377 3.615424036979674 9.010511636734009
v 13.407770395278925 3.684286773204802 9.4617760181427
v 12.575216293334956 5.928648710250853 10.738890171051025
v 12.340173721313473 5.817837119102476 11.190154552459717
v 11.979181766510006 5.647644996643065 11.52469277381897
v 11.536833047866818 5.439097881317137 11.702969074249268
v 11.065862178802487 5.217055678367613 11.702969074249268
v 10.623513460159298 5.008508563041685 11.52469277381897
v 10.262520313262936 4.8383167386054975 11.190154552459717
v 10.027478933334347 4.727504849433897 10.738890171051025
v 9.945185780525204 4.688707590103148 10.226047039031982
v 10.027478933334347 4.727504849433897 9.713202714920044
v 10.262520313262936 4.8383167386054975 9.261938333511353
v 10.623513460159298 5.008508563041685 8.927400708198547
v 11.065862178802487 5.217055678367613 8.749123811721802
v 11.536833047866818 5.439097881317137 8.749123811721802
v 11.979181766510006 5.647644996643065 8.927400708198547
v 12.340173721313473 5.817837119102476 9.261938333511353
v 12.575216293334956 5.928648710250853 9.713202714920044
v 11.375387907028195 7.999764680862424 10.99031686782837
v 11.162770986557003 7.850241661071775 11.44158124923706
v 10.836222171783444 7.620595097541806 11.776119470596313
v 10.436078310012814 7.3391938209533665 11.954395771026611
v 10.01004338264465 7.039583325386045 11.954395771026611
v 9.609900712966915 6.758182048797605 11.776119470596313
v 9.283351302146908 6.5285354852676365 11.44158124923706
v 9.070734977722164 6.379012465476987 10.99031686782837
v 8.996293544769284 6.3266617059707615 10.477473735809326
v 9.070734977722164 6.379012465476987 9.964629411697388
v 9.283351302146908 6.5285354852676365 9.513365626335144
v 9.609900712966915 6.758182048797605 9.178827404975891
v 10.01004338264465 7.039583325386045 9.000550508499146
v 10.436078310012814 7.3391938209533665 9.000550508499146
v 10.836222171783444 7.620595097541806 9.178827404975891
v 11.162770986557003 7.850241661071775 9.513365626335144
v 11.375387907028195 7.999764680862424 9.964629411697388
v 9.836630821228024 9.832867383956906 11.241743564605713
v 9.65277552604675 9.649081826210018 11.693007946014404
v 9.370398521423336 9.366813302040097 12.027546167373657
v 9.024383425712582 9.020929932594296 12.205822467803955
v 8.655977845191952 8.652666211128231 12.205822467803955
v 8.309962749481198 8.30678284168243 12.027546167373657
v 8.027585744857785 8.024514317512509 11.693007946014404
v 7.843730449676511 7.840728759765622 11.241743564605713
v 7.779359221458432 7.776382565498349 10.72890043258667
v 7.843730449676511 7.840728759765622 10.216056108474731
v 8.027585744857785 8.024514317512509 9.764792323112488
v 8.309962749481198 8.30678284168243 9.430254101753235
v 8.655977845191952 8.652666211128231 9.25197720527649
v 9.024383425712582 9.020929932594296 9.25197720527649
v 9.370398521423336 9.366813302040097 9.430254101753235
v 9.65277552604675 9.649081826210018 9.764792323112488
v 9.836630821228024 9.832867383956906 10.216056108474731
v 8.002271056175228 11.37004971504211 11.493171453475952
v 7.852701544761655 11.157532930374142 11.944434642791748
v 7.622982859611509 10.831136703491207 12.278972864151001
v 7.341493368148801 10.431181192398068 12.457249164581299
v 7.041789293289182 10.005346536636349 12.457249164581299
v 6.760299801826474 9.60539102554321 12.278972864151001
v 6.530581712722776 9.278994798660275 11.944434642791748
v 6.381011605262754 9.066478013992306 11.493171453475952
v 6.328644752502439 8.992071747779843 10.980327129364014
v 6.381011605262754 9.066478013992306 10.467482805252075
v 6.530581712722776 9.278994798660275 10.016218423843384
v 6.760299801826474 9.60539102554321 9.681681394577026
v 7.041789293289182 10.005346536636349 9.503403902053833
v 7.341493368148801 10.431181192398068 9.503403902053833
v 7.622982859611509 10.831136703491207 9.681681394577026
v 7.852701544761655 11.157532930374142 10.016218423843384
v 8.002271056175228 11.37004971504211 10.467482805252075
v 5.9330064058303815 12.573707103729243 11.744598150253296
v 5.822113156318663 12.338693141937252 12.195861339569092
v 5.651796460151671 11.977744102478024 12.530399560928345
v 5.443095564842222 11.535449028015133 12.708677053451538
v 5.220890641212462 11.064532995223995 12.708677053451538
v 5.012189745903013 10.622237920761105 12.530399560928345
v 4.841873049736021 10.261288881301876 12.195861339569092
v 4.7309795022010785 10.026274919509884 11.744598150253296
v 4.692153930664061 9.943991899490353 11.231753826141357
v 4.7309795022010785 10.026274919509884 10.718909502029419
v 4.841873049736021 10.261288881301876 10.267646312713623
v 5.012189745903013 10.622237920761105 9.93310809135437
v 5.220890641212462 11.064532995223995 9.754830598831177
v 5.443095564842222 11.535449028015133 9.754830598831177
v 5.651796460151671 11.977744102478024 9.93310809135437
v 5.822113156318663 12.338693141937252 10.267646312713623
v 5.9330064058303815 12.573707103729243 10.718909502029419
v 3.690221309661864 13.409283161163325 11.99602484703064
v 3.6212474107742296 13.158651590347285 12.447288036346436
v 3.5153135657310473 12.773715257644648 12.781826257705688
v 3.38550567626953 12.302027940750119 12.960103750228882
v 3.2472980022430407 11.799818277359005 12.960103750228882
v 3.1174901127815238 11.328130960464474 12.781826257705688
v 3.0115562677383414 10.943194627761837 12.447288036346436
v 2.942582666873931 10.692563056945797 11.99602484703064
v 2.9184335470199576 10.604811906814572 11.483180522918701
v 2.942582666873931 10.692563056945797 10.970336198806763
v 3.0115562677383414 10.943194627761837 10.519073009490967
v 3.1174901127815238 11.328130960464474 10.184534788131714
v 3.2472980022430407 11.799818277359005 10.00625729560852
v 3.38550567626953 12.302027940750119 10.00625729560852
v 3.5153135657310473 12.773715257644648 10.184534788131714
v 3.6212474107742296 13.158651590347285 10.519073009490967
v 3.690221309661864 13.409283161163325 10.970336198806763
v 1.3365393877029415 13.843129873275752 12.247451543807983
v 1.3115583360195155 13.584389686584467 12.69871473312378
v 1.2731906771659847 13.18699955940246 13.033252954483032
v 1.2261763215064998 12.700051069259638 13.211530447006226
v 1.176119744777679 12.18159198760986 13.211530447006226
v 1.1291053891181941 11.694643497467037 13.033252954483032
v 1.0907378047704692 11.29725337028503 12.69871473312378
v 1.0657566040754314 11.038513183593746 12.247451543807983
v 1.0570102930068965 10.947922468185421 11.734607219696045
v 1.0657566040754314 11.038513183593746 11.221762895584106
v 1.0907378047704692 11.29725337028503 10.77049970626831
v 1.1291053891181941 11.694643497467037 10.435961484909058
v 1.176119744777679 12.18159198760986 10.257683992385864
v 1.2261763215064998 12.700051069259638 10.257683992385864
v 1.2731906771659847 13.18699955940246 10.435961484909058
v 1.3115583360195155 13.584389686584467 10.77049970626831
v 1.3365393877029415 13.843129873275752 11.221762895584106
v -1.0568065196275707 13.862794637680048 12.498878240585327
v -1.03705383837223 13.603686094284052 12.950141429901123
v -1.0067164897918697 13.20573210716247 13.284679651260376
v -0.9695420414209363 12.718091011047358 13.46295714378357
v -0.9299620985984799 12.198896408081051 13.46295714378357
v -0.8927876502275464 11.711256504058834 13.284679651260376
v -0.862450301647186 11.313301324844357 12.950141429901123
v -0.8426976203918454 11.05419278144836 12.498878240585327
v -0.8357818424701687 10.963474512100216 11.986033916473389
v -0.8426976203918454 11.05419278144836 11.47318959236145
v -0.862450301647186 11.313301324844357 11.021926403045654
v -0.8927876502275464 11.711256504058834 10.687388181686401
v -0.9299620985984799 12.198896408081051 10.509110689163208
v -0.9695420414209363 12.718091011047358 10.509110689163208
v -1.0067164897918697 13.20573210716247 10.687388181686401
v -1.03705383837223 13.603686094284052 11.021926403045654
v -1.0568065196275707 13.862794637680048 11.47318959236145
v -3.4193789958953844 13.476990461349482 12.750304937362671
v -3.355467617511748 13.225094079971308 13.201569318771362
v -3.2573089003562914 12.838214635848994 13.53610634803772
v -3.1370279192924486 12.364144325256344 13.714383840560913
v -3.0089640617370597 11.859399080276486 13.714383840560913
v -2.8886833786964408 11.38532996177673 13.53610634803772
v -2.7905243635177603 10.998450517654415 13.201569318771362
v -2.726612985134124 10.746552944183346 12.750304937362671
v -2.7042365074157706 10.658359527587887 12.237460613250732
v -2.726612985134124 10.746552944183346 11.72461748123169
v -2.7905243635177603 10.998450517654415 11.273353099822998
v -2.8886833786964408 11.38532996177673 10.938814878463745
v -3.0089640617370597 11.859399080276486 10.760538578033447
v -3.1370279192924486 12.364144325256344 10.760538578033447
v -3.2573089003562914 12.838214635848994 10.938814878463745
v -3.355467617511748 13.225094079971308 11.273353099822998
v -3.4193789958953844 13.476990461349482 11.72461748123169
v -5.681394338607786 12.695341110229487 13.001731634140015
v -5.575203895568846 12.458053827285763 13.452996015548706
v -5.4121100902557355 12.093613147735592 13.787533044815063
v -5.212260484695433 11.647039651870724 13.965810537338257
v -4.9994784593582136 11.171568632125851 13.965810537338257
v -4.799628555774687 10.724993944168087 13.787533044815063
v -4.636534750461577 10.360553264617916 13.452996015548706
v -4.530344307422636 10.12326598167419 13.001731634140015
v -4.493165016174315 10.040187835693356 12.488887310028076
v -4.530344307422636 10.12326598167419 11.976044178009033
v -4.636534750461577 10.360553264617916 11.524779796600342
v -4.799628555774687 10.724993944168087 11.190241575241089
v -4.9994784593582136 11.171568632125851 11.011965274810791
v -5.212260484695433 11.647039651870724 11.011965274810791
v -5.4121100902557355 12.093613147735592 11.190241575241089
v -5.575203895568846 12.458053827285763 11.524779796600342
v -5.681394338607786 12.695341110229487 11.976044178009033
v -7.77262210845947 11.531386375427243 13.253158330917358
v -7.627344727516172 11.315853595733639 13.70442271232605
v -7.404218316078183 10.984826087951657 14.038959741592407
v -7.1308070421218845 10.5791962146759 14.2172372341156
v -6.839703917503354 10.147318840026852 14.2172372341156
v -6.566292643547055 9.7416877746582 14.038959741592407
v -6.343166828155515 9.410660266876217 13.70442271232605
v -6.1978894472122175 9.195128083229061 13.253158330917358
v -6.147024631500242 9.119666218757626 12.74031400680542
v -6.1978894472122175 9.195128083229061 12.227470874786377
v -6.343166828155515 9.410660266876217 11.776206493377686
v -6.566292643547055 9.7416877746582 11.441668272018433
v -6.839703917503354 10.147318840026852 11.263391971588135
v -7.1308070421218845 10.5791962146759 11.263391971588135
v -7.404218316078183 10.984826087951657 11.441668272018433
v -7.627344727516172 11.315853595733639 11.776206493377686
v -7.77262210845947 11.531386375427243 12.227470874786377
v -9.632589221000668 10.024778842926022 13.504585027694702
v -9.452547430992123 9.837406277656552 13.955849409103394
v -9.176027774810787 9.549627900123593 14.290386438369751
v -8.837189674377438 9.196994304656979 14.468663930892944
v -8.476426601409909 8.82154285907745 14.468663930892944
v -8.137588500976559 8.468909263610836 14.290386438369751
v -7.861068844795224 8.181130886077877 13.955849409103394
v -7.6810270547866795 7.993758916854856 13.504585027694702
v -7.61799097061157 7.9281562566757176 12.991740703582764
v -7.6810270547866795 7.993758916854856 12.47889757156372
v -7.861068844795224 8.181130886077877 12.02763319015503
v -8.137588500976559 8.468909263610836 11.693094968795776
v -8.476426601409909 8.82154285907745 11.514818668365479
v -8.837189674377438 9.196994304656979 11.514818668365479
v -9.176027774810787 9.549627900123593 11.693094968795776
v -9.452547430992123 9.837406277656552 12.02763319015503
v -9.632589221000668 10.024778842926022 12.47889757156372
v -11.211320161819454 8.225401043891903 13.756011724472046
v -11.001770496368405 8.071660995483395 14.207276105880737
v -10.679930448532101 7.835537195205686 14.54181432723999
v -10.28555870056152 7.546198964118955 14.720090627670288
v -9.86566841602325 7.238138318061826 14.720090627670288
v -9.47129666805267 6.948799490928647 14.54181432723999
v -9.149457216262814 6.712675690650937 14.207276105880737
v -8.939907550811764 6.558935642242429 13.756011724472046
v -8.866540193557736 6.505108475685117 13.243168592453003
v -8.939907550811764 6.558935642242429 12.730324268341064
v -9.149457216262814 6.712675690650937 12.279059886932373
v -9.47129666805267 6.948799490928647 11.944522857666016
v -9.86566841602325 7.238138318061826 11.766245365142822
v -10.28555870056152 7.546198964118955 11.766245365142822
v -10.679930448532101 7.835537195205686 11.944522857666016
v -11.001770496368405 8.071660995483395 12.279059886932373
v -11.211320161819454 8.225401043891903 12.730324268341064
v -12.459073066711422 6.1831367015838605 14.00743842124939
v -12.226201295852658 6.06756806373596 14.458702802658081
v -11.868543624877926 5.890070796012877 14.793241024017334
v -11.430280208587643 5.672571659088133 14.971517324447632
v -10.963658094406124 5.440998077392576 14.971517324447632
v -10.525395870208737 5.223498940467833 14.793241024017334
v -10.16773700714111 5.046001672744749 14.458702802658081
v -9.934865832328793 4.930433332920073 14.00743842124939
v -9.853333234786984 4.889970719814299 13.494595289230347
v -9.934865832328793 4.930433332920073 12.981750965118408
v -10.16773700714111 5.046001672744749 12.530486583709717
v -10.525395870208737 5.223498940467833 12.19594955444336
v -10.963658094406124 5.440998077392576 12.017672061920166
v -11.430280208587643 5.672571659088133 12.017672061920166
v -11.868543624877926 5.890070796012877 12.19594955444336
v -12.226201295852658 6.06756806373596 12.530486583709717
v -12.459073066711422 6.1831367015838605 12.981750965118408
v -13.331035375595087 3.9543569087982164 14.258865118026733
v -13.08186531066894 3.8804465532302843 14.710129499435425
v -12.699176073074335 3.7669301033020006 15.044667720794678
v -12.230241298675534 3.6278307437896715 15.222944021224976
v -11.730961799621578 3.4797307848930346 15.222944021224976
v -11.262027025222775 3.3406314253807055 15.044667720794678
v -10.87933778762817 3.2271149754524218 14.710129499435425
v -10.630167722702023 3.1532046198844896 14.258865118026733
v -10.542929172515866 3.12732696533203 13.74602198600769
v -10.630167722702023 3.1532046198844896 13.233177661895752
v -10.87933778762817 3.2271149754524218 12.78191328048706
v -11.262027025222775 3.3406314253807055 12.447376251220703
v -11.730961799621578 3.4797307848930346 12.26909875869751
v -12.230241298675534 3.6278307437896715 12.26909875869751
v -12.699176073074335 3.7669301033020006 12.447376251220703
v -13.08186531066894 3.8804465532302843 12.78191328048706
v -13.331035375595087 3.9543569087982164 13.233177661895752
v -13.809206485748286 1.608839333057403 14.510293006896973
v -13.551099300384516 1.5787686407566064 14.961556196212769
v -13.15468311309814 1.532584279775619 15.296094417572021
v -12.66892790794372 1.475991457700729 15.47437071800232
v -12.151739597320553 1.4157365262508388 15.47437071800232
v -11.665984392166134 1.3591437041759487 15.296094417572021
v -11.269568204879757 1.312959343194961 14.961556196212769
v -11.011462211608883 1.2828886508941646 14.510293006896973
v -10.921093225479122 1.2723603844642635 13.997448682785034
v -11.011462211608883 1.2828886508941646 13.484604358673096
v -11.269568204879757 1.312959343194961 13.033339977264404
v -11.665984392166134 1.3591437041759487 12.698802947998047
v -12.151739597320553 1.4157365262508388 12.520525455474854
v -12.66892790794372 1.475991457700729 12.520525455474854
v -13.15468311309814 1.532584279775619 12.698802947998047
v -13.551099300384516 1.5787686407566064 13.033339977264404
v -13.809206485748286 1.608839333057403 13.484604358673096
v -13.88415932655334 -0.7836056500673291 14.761719703674316
v -13.624651432037348 -0.7689593732357023 15.212982892990112
v -13.22608351707458 -0.7464646548032758 15.547521114349365
v -12.737691402435297 -0.7189004123210905 15.725798606872559
v -12.217696905136105 -0.6895525008440015 15.725798606872559
v -11.729304790496823 -0.6619881838560102 15.547521114349365
v -11.330736875534054 -0.6394935399293897 15.212982892990112
v -11.071228981018063 -0.6248472258448599 14.761719703674316
v -10.980371236801144 -0.6197192519903181 14.248875379562378
v -11.071228981018063 -0.6248472258448599 13.73603105545044
v -11.330736875534054 -0.6394935399293897 13.284767866134644
v -11.729304790496823 -0.6619881838560102 12.95022964477539
v -12.217696905136105 -0.6895525008440015 12.771952152252197
v -12.737691402435297 -0.7189004123210905 12.771952152252197
v -13.22608351707458 -0.7464646548032758 12.95022964477539
v -13.624651432037348 -0.7689593732357023 13.284767866134644
v -13.88415932655334 -0.7836056500673291 13.73603105545044
v -13.546580076217646 -3.1530061364173876 15.01314640045166
v -13.293381929397578 -3.09407353401184 15.464409589767456
v -12.904504537582392 -3.0035611987113944 15.798947811126709
v -12.42798805236816 -2.892650365829467 15.977225303649902
v -11.920635700225827 -2.7745628356933585 15.977225303649902
v -11.444119215011593 -2.663652002811431 15.798947811126709
v -11.055241823196408 -2.5731396675109854 15.464409589767456
v -10.80204367637634 -2.5142070651054373 15.01314640045166
v -10.713394880294796 -2.4935738742351523 14.500302076339722
v -10.80204367637634 -2.5142070651054373 13.987457752227783
v -11.055241823196408 -2.5731396675109854 13.536194562911987
v -11.444119215011593 -2.663652002811431 13.201656341552734
v -11.920635700225827 -2.7745628356933585 13.023378849029541
v -12.42798805236816 -2.892650365829467 13.023378849029541
v -12.904504537582392 -3.0035611987113944 13.201656341552734
v -13.293381929397578 -3.09407353401184 13.536194562911987
v -13.546580076217646 -3.1530061364173876 13.987457752227783
v -12.807582616806025 -5.412039756774901 15.262844562530518
v -12.568197250366206 -5.31088352203369 15.714107751846313
v -12.200534343719479 -5.155522227287291 16.048645973205566
v -11.750012636184689 -4.96514707803726 16.226922273635864
v -11.270338296890255 -4.762453138828276 16.226922273635864
v -10.81981539726257 -4.572078287601469 16.048645973205566
v -10.452152490615841 -4.416716694831846 15.714107751846313
v -10.212767124176022 -4.315560758113859 15.262844562530518
v -10.128954648971554 -4.280143976211546 14.750000238418579
v -10.212767124176022 -4.315560758113859 14.23715591430664
v -10.452152490615841 -4.416716694831846 13.78589153289795
v -10.81981539726257 -4.572078287601469 13.451354503631592
v -11.270338296890255 -4.762453138828276 13.273077011108398
v -11.750012636184689 -4.96514707803726 13.273077011108398
v -12.200534343719479 -5.155522227287291 13.451354503631592
v -12.568197250366206 -5.31088352203369 13.78589153289795
v -12.807582616806025 -5.412039756774901 14.23715591430664
v -11.679489612579342 -7.542029619216916 15.515999794006348
v -11.461189985275265 -7.401061654090879 15.967262983322144
v -11.125910282135006 -7.184555530548093 16.301801204681396
v -10.715069770812985 -6.919255256652829 16.48007869720459
v -10.277645587921139 -6.636788845062253 16.48007869720459
v -9.866805672645565 -6.3714885711669895 16.301801204681396
v -9.531526565551754 -6.154982447624205 15.967262983322144
v -9.313225746154782 -6.014014482498167 15.515999794006348
v -9.236794710159298 -5.964659452438353 15.00315546989441
v -9.313225746154782 -6.014014482498167 14.49031114578247
v -9.531526565551754 -6.154982447624205 14.039047956466675
v -9.866805672645565 -6.3714885711669895 13.704509735107422
v -10.277645587921139 -6.636788845062253 13.526232242584229
v -10.715069770812985 -6.919255256652829 13.526232242584229
v -11.125910282135006 -7.184555530548093 13.704509735107422
v -11.461189985275265 -7.401061654090879 14.039047956466675
v -11.679489612579342 -7.542029619216916 14.49031114578247
v -10.216380357742306 -9.43619608879089 15.767426490783691
v -10.025427341461178 -9.259824752807614 16.218690872192383
v -9.732148647308346 -8.988943099975582 16.55322790145874
v -9.372775554656979 -8.657013773918148 16.731505393981934
v -8.990147709846493 -8.303605914115902 16.731505393981934
v -8.630774021148678 -7.971675992012021 16.55322790145874
v -8.337495923042294 -7.70079433917999 16.218690872192383
v -8.146542310714718 -7.524423599243161 15.767426490783691
v -8.079686164855953 -7.462672591209409 15.254582166671753
v -8.146542310714718 -7.524423599243161 14.74173903465271
v -8.337495923042294 -7.70079433917999 14.290474653244019
v -8.630774021148678 -7.971675992012021 13.955936431884766
v -8.990147709846493 -8.303605914115902 13.777660131454468
v -9.372775554656979 -8.657013773918148 13.777660131454468
v -9.732148647308346 -8.988943099975582 13.955936431884766
v -10.025427341461178 -9.259824752807614 14.290474653244019
v -10.216380357742306 -9.43619608879089 14.74173903465271
v -8.447549939155575 -11.048424243926998 16.018853187561035
v -8.289657235145565 -10.841919183731076 16.470117568969727
v -8.047156333923336 -10.524755716323849 16.804654598236084
v -7.7500039339065525 -10.136114358901974 16.982932090759277
v -7.433623075485227 -9.722324609756466 16.982932090759277
v -7.136470079421994 -9.333682656288143 16.804654598236084
v -6.893969178199765 -9.016519188880917 16.470117568969727
v -6.736077070236203 -8.810014128684994 16.018853187561035
v -6.680795550346372 -8.737713098525997 15.506008863449097
v -6.736077070236203 -8.810014128684994 14.993165731430054
v -6.893969178199765 -9.016519188880917 14.541901350021362
v -7.136470079421994 -9.333682656288143 14.20736312866211
v -7.433623075485227 -9.722324609756466 14.029086828231812
v -7.7500039339065525 -10.136114358901974 14.029086828231812
v -8.047156333923336 -10.524755716323849 14.20736312866211
v -8.289657235145565 -10.841919183731076 14.541901350021362
v -8.447549939155575 -11.048424243926998 14.993165731430054
v -6.425735950469968 -12.329236268997189 16.27027988433838
v -6.305633187294004 -12.098791599273678 16.72154426574707
v -6.121171712875364 -11.744860410690304 17.056081295013428
v -5.89513838291168 -11.311165094375607 17.23435878753662
v -5.654479265213011 -10.849405527114865 17.23435878753662
v -5.428446531295775 -10.415710210800167 17.056081295013428
v -5.2439850568771345 -10.061779022216793 16.72154426574707
v -5.12388229370117 -9.831334352493283 16.27027988433838
v -5.08183181285858 -9.750651121139523 15.75743556022644
v -5.12388229370117 -9.831334352493283 15.244592428207397
v -5.2439850568771345 -10.061779022216793 14.793328046798706
v -5.428446531295775 -10.415710210800167 14.458789825439453
v -5.654479265213011 -10.849405527114865 14.280513525009155
v -5.89513838291168 -11.311165094375607 14.280513525009155
v -6.121171712875364 -11.744860410690304 14.458789825439453
v -6.305633187294004 -12.098791599273678 14.793328046798706
v -6.425735950469968 -12.329236268997189 15.244592428207397
v -4.215672612190245 -13.249171972274775 16.521706581115723
v -4.136877954006193 -13.00153255462646 16.972970962524414
v -4.015859961509703 -12.621194124221796 17.30750799179077
v -3.8675686717033373 -12.155138254165646 17.485785484313965
v -3.709681630134581 -11.658924818038937 17.485785484313965
v -3.561390340328215 -11.192868947982785 17.30750799179077
v -3.4403726458549486 -10.812530517578121 16.972970962524414
v -3.3615776896476732 -10.564891099929806 16.521706581115723
v -3.3339902758598314 -10.478187799453732 16.008862257003784
v -3.3615776896476732 -10.564891099929806 15.496019124984741
v -3.4403726458549486 -10.812530517578121 15.04475474357605
v -3.561390340328215 -11.192868947982785 14.710216522216797
v -3.709681630134581 -11.658924818038937 14.531940221786499
v -3.8675686717033373 -12.155138254165646 14.531940221786499
v -4.015859961509703 -12.621194124221796 14.710216522216797
v -4.136877954006193 -13.00153255462646 15.04475474357605
v -4.215672612190245 -13.249171972274775 15.496019124984741
v -1.882092654705047 -13.780443668365473 16.773133277893066
v -1.846914738416671 -13.522874116897578 17.224397659301758
v -1.7928861081600183 -13.127284049987788 17.55893588066101
v -1.7266811430454247 -12.64253973960876 17.73721218109131
v -1.656192392110824 -12.126430273056027 17.73721218109131
v -1.5899874269962304 -11.641685962676998 17.55893588066101
v -1.5359589457511897 -11.246095895767208 17.224397659301758
v -1.500780880451202 -10.988526344299313 16.773133277893066
v -1.4884643256664272 -10.898346900939938 16.260290145874023
v -1.500780880451202 -10.988526344299313 15.747445821762085
v -1.5359589457511897 -11.246095895767208 15.296181440353394
v -1.5899874269962304 -11.641685962676998 14.961644411087036
v -1.656192392110824 -12.126430273056027 14.783366918563843
v -1.7266811430454247 -12.64253973960876 14.783366918563843
v -1.7928861081600183 -13.127284049987788 14.961644411087036
v -1.846914738416671 -13.522874116897578 15.296181440353394
v -1.882092654705047 -13.780443668365473 15.747445821762085
v 0.508376322686672 -13.897475004196162 17.02455997467041
v 0.4988743364810942 -13.63771796226501 17.4758243560791
v 0.48428054898977263 -13.238767385482783 17.810362577438354
v 0.466397777199745 -12.749907970428461 17.988638877868652
v 0.44735789299011214 -12.229413986206051 17.988638877868652
v 0.4294751212000845 -11.740553379058834 17.810362577438354
v 0.41488133370876296 -11.341603994369503 17.4758243560791
v 0.4053793102502821 -11.081846952438351 17.02455997467041
v 0.4020524770021437 -10.990900993347164 16.511716842651367
v 0.4053793102502821 -11.081846952438351 15.998872518539429
v 0.41488133370876296 -11.341603994369503 15.547608137130737
v 0.4294751212000845 -11.740553379058834 15.21307110786438
v 0.44735789299011214 -12.229413986206051 15.034793615341187
v 0.466397777199745 -12.749907970428461 15.034793615341187
v 0.48428054898977263 -13.238767385482783 15.21307110786438
v 0.4988743364810942 -13.63771796226501 15.547608137130737
v 0.508376322686672 -13.897475004196162 15.998872518539429
v 2.8834140300750724 -13.600425720214838 17.275986671447754
v 2.829520404338836 -13.346221446990961 17.727251052856445
v 2.746747434139251 -12.955799102783198 18.0617892742157
v 2.645319700241088 -12.477387189865109 18.240065574645996
v 2.537328898906707 -11.968019008636471 18.240065574645996
v 2.435901463031768 -11.48960709571838 18.0617892742157
v 2.353128343820571 -11.099184751510617 17.727251052856445
v 2.2992345690727225 -10.84498047828674 17.275986671447754
v 2.280365526676177 -10.755978822708126 16.76314353942871
v 2.2992345690727225 -10.84498047828674 16.250299215316772
v 2.353128343820571 -11.099184751510617 15.799034833908081
v 2.435901463031768 -11.48960709571838 15.464497804641724
v 2.537328898906707 -11.968019008636471 15.28622031211853
v 2.645319700241088 -12.477387189865109 15.28622031211853
v 2.746747434139251 -12.955799102783198 15.464497804641724
v 2.829520404338836 -13.346221446990961 15.799034833908081
v 2.8834140300750724 -13.600425720214838 16.250299215316772
v 5.174310207366942 -12.906061410903925 17.527414560317993
v 5.077597498893736 -12.664834260940546 17.97867774963379
v 4.929060339927672 -12.29434490203857 18.313215970993042
v 4.747047722339628 -11.840358972549435 18.49149227142334
v 4.553257524967192 -11.3569962978363 18.49149227142334
v 4.371244907379149 -10.903009176254269 18.313215970993042
v 4.222707748413084 -10.532519817352291 17.97867774963379
v 4.125995039939879 -10.291293859481808 17.527414560317993
v 4.092134237289427 -10.20683646202087 17.014570236206055
v 4.125995039939879 -10.291293859481808 16.501725912094116
v 4.222707748413084 -10.532519817352291 16.050461530685425
v 4.371244907379149 -10.903009176254269 15.715924501419067
v 4.553257524967192 -11.3569962978363 15.537647008895874
v 4.747047722339628 -11.840358972549435 15.537647008895874
v 4.929060339927672 -12.29434490203857 15.715924501419067
v 5.077597498893736 -12.664834260940546 16.050461530685425
v 5.174310207366942 -12.906061410903925 16.501725912094116
v 7.31271147727966 -11.83141708374023 17.778841257095337
v 7.176030278205869 -11.610277891159054 18.230104446411133
v 6.966106891632077 -11.270637512207028 18.564642667770386
v 6.708873510360715 -10.854452848434445 18.74292016029358
v 6.434994935989377 -10.411337614059445 18.74292016029358
v 6.177761554718016 -9.99515354633331 18.564642667770386
v 5.967838168144224 -9.655513167381283 18.230104446411133
v 5.831156969070433 -9.43437278270721 17.778841257095337
v 5.783302187919615 -9.356947541236874 17.2659969329834
v 5.831156969070433 -9.43437278270721 16.75315260887146
v 5.967838168144224 -9.655513167381283 16.301889419555664
v 6.177761554718016 -9.99515354633331 15.967351198196411
v 6.434994935989377 -10.411337614059445 15.789073705673218
v 6.708873510360715 -10.854452848434445 15.789073705673218
v 6.966106891632077 -11.270637512207028 15.967351198196411
v 7.176030278205869 -11.610277891159054 16.301889419555664
v 7.31271147727966 -11.83141708374023 16.75315260887146
v 9.230726361274716 -10.399936437606808 18.03026795387268
v 9.058195352554318 -10.205552577972409 18.481531143188477
v 8.79321217536926 -9.907004833221432 18.81606936454773
v 8.468509912490841 -9.541174769401547 18.994346857070923
v 8.122797608375546 -9.151672124862667 18.994346857070923
v 7.798095345497129 -8.785842061042782 18.81606936454773
v 7.53311216831207 -8.487294912338253 18.481531143188477
v 7.36058175563812 -8.292910456657406 18.03026795387268
v 7.3001754283905 -8.22485268115997 17.517423629760742
v 7.36058175563812 -8.292910456657406 17.004579305648804
v 7.53311216831207 -8.487294912338253 16.553316116333008
v 7.798095345497129 -8.785842061042782 16.218777894973755
v 8.122797608375546 -9.151672124862667 16.04050040245056
v 8.468509912490841 -9.541174769401547 16.04050040245056
v 8.79321217536926 -9.907004833221432 16.218777894973755
v 9.058195352554318 -10.205552577972409 16.553316116333008
v 9.230726361274716 -10.399936437606808 17.004579305648804
v 10.875378847122189 -8.66069138050079 18.281694650650024
v 10.672107934951779 -8.49881529808044 18.73295783996582
v 10.359913110733029 -8.250195980072018 19.067496061325073
v 9.977357983589169 -7.945545911788938 19.245773553848267
v 9.57004904747009 -7.621182203292844 19.245773553848267
v 9.187494516372677 -7.316531538963315 19.067496061325073
v 8.87529909610748 -7.067912220954892 18.73295783996582
v 8.67202818393707 -6.906036138534543 18.281694650650024
v 8.600859045982357 -6.849360466003415 17.768850326538086
v 8.67202818393707 -6.906036138534543 17.256006002426147
v 8.87529909610748 -7.067912220954892 16.80474281311035
v 9.187494516372677 -7.316531538963315 16.4702045917511
v 9.57004904747009 -7.621182203292844 16.291927099227905
v 9.977357983589169 -7.945545911788938 16.291927099227905
v 10.359913110733029 -8.250195980072018 16.4702045917511
v 10.672107934951779 -8.49881529808044 16.80474281311035
v 10.875378847122189 -8.66069138050079 17.256006002426147
v 12.202526330947872 -6.6686135530471775 18.533121347427368
v 11.974450349807736 -6.543970704078672 18.984384536743164
v 11.624156236648556 -6.352537274360654 19.318922758102417
v 11.194918155670162 -6.117960810661314 19.49720025062561
v 10.737904310226437 -5.868205428123472 19.49720025062561
v 10.308666229248043 -5.6336289644241315 19.318922758102417
v 9.958372116088864 -5.442194938659666 18.984384536743164
v 9.73029553890228 -5.317552685737608 18.533121347427368
v 9.650442004203793 -5.273913145065306 18.02027702331543
v 9.73029553890228 -5.317552685737608 17.50743269920349
v 9.958372116088864 -5.442194938659666 17.056169509887695
v 10.308666229248043 -5.6336289644241315 16.721631288528442
v 10.737904310226437 -5.868205428123472 16.54335379600525
v 11.194918155670162 -6.117960810661314 16.54335379600525
v 11.624156236648556 -6.352537274360654 16.721631288528442
v 11.974450349807736 -6.543970704078672 17.056169509887695
v 12.202526330947872 -6.6686135530471775 17.50743269920349
v 13.168047666549677 -4.4786959886550886 18.784548044204712
v 12.921924591064448 -4.394985139369963 19.235812425613403
v 12.543914318084711 -4.26641672849655 19.57034945487976
v 12.080712318420407 -4.1088730096817 19.748626947402954
v 11.587537527084347 -3.9411354064941393 19.748626947402954
v 11.12433552742004 -3.7835916876792894 19.57034945487976
v 10.746325254440304 -3.6550232768058764 19.235812425613403
v 10.500202178955075 -3.5713124275207506 18.784548044204712
v 10.414029359817501 -3.5420036315917955 18.271703720092773
v 10.500202178955075 -3.5713124275207506 17.75886058807373
v 10.746325254440304 -3.6550232768058764 17.30759620666504
v 11.12433552742004 -3.7835916876792894 16.973057985305786
v 11.587537527084347 -3.9411354064941393 16.79478168487549
v 12.080712318420407 -4.1088730096817 16.79478168487549
v 12.543914318084711 -4.26641672849655 16.973057985305786
v 12.921924591064448 -4.394985139369963 17.30759620666504
v 13.168047666549677 -4.4786959886550886 17.75886058807373
v 13.736592531204218 -2.153967171907424 19.035974740982056
v 13.479843139648432 -2.1137075126171103 19.487239122390747
v 13.085510730743403 -2.0518743991851798 19.821776151657104
v 12.602310180664057 -1.976105868816375 20.000052452087402
v 12.087842226028439 -1.8954347074031823 20.000052452087402
v 11.604640483856198 -1.8196663260459893 19.821776151657104
v 11.210309267044064 -1.7578332126140588 19.487239122390747
v 10.953559875488278 -1.717573553323745 19.035974740982056
v 10.863666534423825 -1.7034779489040368 18.523130416870117
v 10.953559875488278 -1.717573553323745 18.010287284851074
v 11.210309267044064 -1.7578332126140588 17.559022903442383
v 11.604640483856198 -1.8196663260459893 17.22448468208313
v 12.087842226028439 -1.8954347074031823 17.046208381652832
v 12.602310180664057 -1.976105868816375 17.046208381652832
v 13.085510730743403 -2.0518743991851798 17.22448468208313
v 13.479843139648432 -2.1137075126171103 17.559022903442383
v 13.736592531204218 -2.153967171907424 18.010287284851074
v 13.90082955360412 0.234227031469345 19.2874014377594
v 13.641010522842402 0.22984910756349555 19.73866581916809
v 13.24196338653564 0.22312523797154418 20.073204040527344
v 12.752985954284663 0.21488601341843597 20.251481533050537
v 12.232366800308224 0.20611366257071487 20.251481533050537
v 11.743388175964352 0.19787443801760665 20.073204040527344
v 11.34434103965759 0.1911505684256553 19.73866581916809
v 11.08452200889587 0.18677264451980585 19.2874014377594
v 10.993554592132565 0.1852398552000522 18.77455711364746
v 11.08452200889587 0.18677264451980585 18.261713981628418
v 11.34434103965759 0.1911505684256553 17.810449600219727
v 11.743388175964352 0.19787443801760665 17.475911378860474
v 12.232366800308224 0.20611366257071487 17.297635078430176
v 12.752985954284663 0.21488601341843597 17.297635078430176
v 13.24196338653564 0.22312523797154418 17.475911378860474
v 13.641010522842402 0.22984910756349555 17.810449600219727
v 13.90082955360412 0.234227031469345 18.261713981628418
v 13.658860921859736 2.615468204021453 19.538828134536743
v 13.403563499450678 2.5665825605392447 19.990092515945435
v 13.011463880538935 2.4915012717247 20.324630737304688
v 12.530996799468989 2.3994989693164817 20.50290822982788
v 12.0194399356842 2.301543503999709 20.50290822982788
v 11.538972854614254 2.2095413506031027 20.324630737304688
v 11.146873235702511 2.134459912776946 19.990092515945435
v 10.891575813293453 2.08557441830635 19.538828134536743
v 10.802192687988278 2.0684587955474845 19.025983810424805
v 10.891575813293453 2.08557441830635 18.51314067840576
v 11.146873235702511 2.134459912776946 18.06187629699707
v 11.538972854614254 2.2095413506031027 17.727338075637817
v 12.0194399356842 2.301543503999709 17.54906177520752
v 12.530996799468989 2.3994989693164817 17.54906177520752
v 13.011463880538935 2.4915012717247 17.727338075637817
v 13.403563499450678 2.5665825605392447 18.06187629699707
v 13.658860921859736 2.615468204021453 18.51314067840576
v 13.00929427146911 4.918966293334959 19.790254831314087
v 12.7661383152008 4.827026426792143 20.241518020629883
v 12.392685413360592 4.685819447040556 20.57605743408203
v 11.935067176818844 4.5127886533737165 20.754334926605225
v 11.447838544845578 4.3285617232322675 20.754334926605225
v 10.990221500396725 4.155531227588652 20.57605743408203
v 10.61676740646362 4.014324247837065 20.241518020629883
v 10.373611450195309 3.9223840832710253 19.790254831314087
v 10.288478136062619 3.8901942968368517 19.277411699295044
v 10.373611450195309 3.9223840832710253 18.764567375183105
v 10.61676740646362 4.014324247837065 18.313302993774414
v 10.990221500396725 4.155531227588652 17.978765964508057
v 11.447838544845578 4.3285617232322675 17.800488471984863
v 11.935067176818844 4.5127886533737165 17.800488471984863
v 12.392685413360592 4.685819447040556 17.978765964508057
v 12.7661383152008 4.827026426792143 18.313302993774414
v 13.00929427146911 4.918966293334959 18.764567375183105
v 11.969126462936398 7.074428796768186 20.041682720184326
v 11.745412349700924 6.9422012567520115 20.492944717407227
v 11.401818990707394 6.739118099212644 20.827484130859375
v 10.980789661407467 6.490266919136045 21.00576162338257
v 10.5325174331665 6.225312352180479 21.00576162338257
v 10.111489295959469 5.97646117210388 20.827484130859375
v 9.767895936965939 5.773378014564512 20.492944717407227
v 9.544181823730465 5.641150474548338 20.041682720184326
v 9.465855360031124 5.594854950904844 19.528838396072388
v 9.544181823730465 5.641150474548338 19.01599407196045
v 9.767895936965939 5.773378014564512 18.564729690551758
v 10.111489295959469 5.97646117210388 18.2301926612854
v 10.5325174331665 6.225312352180479 18.051915168762207
v 10.980789661407467 6.490266919136045 18.051915168762207
v 11.401818990707394 6.739118099212644 18.2301926612854
v 11.745412349700924 6.9422012567520115 18.564729690551758
v 11.969126462936398 7.074428796768186 19.01599407196045
v 10.578080415725704 9.022676348686215 20.29310941696167
v 10.380365848541256 8.854033946990963 20.74437379837036
v 10.076705217361447 8.595023155212399 21.07891082763672
v 9.704607725143429 8.277639746665951 21.257188320159912
v 9.30843353271484 7.939718961715696 21.257188320159912
v 8.936337232589718 7.622335553169248 21.07891082763672
v 8.632675409317013 7.363324761390683 20.74437379837036
v 8.434961438179013 7.194682359695432 20.29310941696167
v 8.365738391876217 7.13563799858093 19.78026509284973
v 8.434961438179013 7.194682359695432 19.267420768737793
v 8.632675409317013 7.363324761390683 18.8161563873291
v 8.936337232589718 7.622335553169248 18.481619358062744
v 9.30843353271484 7.939718961715696 18.30334186553955
v 9.704607725143429 8.277639746665951 18.30334186553955
v 10.076705217361447 8.595023155212399 18.481619358062744
v 10.380365848541256 8.854033946990963 18.8161563873291
v 10.578080415725704 9.022676348686215 19.267420768737793
v 8.8804817199707 10.703797340393063 20.544095039367676
v 8.714497089385983 10.503734350204464 20.995357036590576
v 8.459568619728085 10.196464061737057 21.329896450042725
v 8.14718663692474 9.819945096969601 21.508173942565918
v 7.814591526985166 9.419062137603756 21.508173942565918
v 7.502210140228269 9.0425431728363 21.329896450042725
v 7.247281074523923 8.735272884368893 20.995357036590576
v 7.081296443939206 8.535209298133847 20.544095039367676
v 7.023182511329648 8.465163111686703 20.031249523162842
v 7.081296443939206 8.535209298133847 19.5184063911438
v 7.247281074523923 8.735272884368893 19.067142009735107
v 7.502210140228269 9.0425431728363 18.732603788375854
v 7.814591526985166 9.419062137603756 18.554327487945557
v 8.14718663692474 9.819945096969601 18.554327487945557
v 8.459568619728085 10.196464061737057 18.732603788375854
v 8.714497089385983 10.503734350204464 19.067142009735107
v 8.8804817199707 10.703797340393063 19.5184063911438
v 6.909734606742856 12.06918358802795 20.795962810516357
v 6.780585050582883 11.84360027313232 21.24722719192505
v 6.582229733467099 11.497133970260617 21.581764221191406
v 6.3391715288162205 11.07258558273315 21.7600417137146
v 6.08038544654846 10.620566606521603 21.7600417137146
v 5.837327241897581 10.196018218994137 21.581764221191406
v 5.6389719247817975 9.849551916122433 21.24722719192505
v 5.509822964668272 9.623968005180355 20.795962810516357
v 5.464605093002318 9.54498708248138 20.283117294311523
v 5.509822964668272 9.623968005180355 19.77027416229248
v 5.6389719247817975 9.849551916122433 19.319010972976685
v 5.837327241897581 10.196018218994137 18.98447275161743
v 6.08038544654846 10.620566606521603 18.80619525909424
v 6.3391715288162205 11.07258558273315 18.80619525909424
v 6.582229733467099 11.497133970260617 18.98447275161743
v 6.780585050582883 11.84360027313232 19.319010972976685
v 6.909734606742856 12.06918358802795 19.77027416229248
v 4.736138880252836 13.071291446685786 21.0473895072937
v 4.647616147994993 12.826976776123042 21.498653888702393
v 4.5116576552391034 12.45174407958984 21.83319091796875
v 4.3450582027435285 11.991945505142208 22.011468410491943
v 4.1676783561706525 11.502394676208493 22.011468410491943
v 4.001078903675078 11.04259610176086 21.83319091796875
v 3.865120410919188 10.667363405227658 21.498653888702393
v 3.776597678661345 10.423048734664913 21.0473895072937
v 3.7456041574478136 10.33751010894775 20.534543991088867
v 3.776597678661345 10.423048734664913 20.021700859069824
v 3.865120410919188 10.667363405227658 19.57043766975403
v 4.001078903675078 11.04259610176086 19.235899448394775
v 4.1676783561706525 11.502394676208493 19.057621955871582
v 4.3450582027435285 11.991945505142208 19.057621955871582
v 4.5116576552391034 12.45174407958984 19.235899448394775
v 4.647616147994993 12.826976776123042 19.57043766975403
v 4.736138880252836 13.071291446685786 20.021700859069824
v 2.423997074365615 13.69137287139892 21.298816204071045
v 2.378690391778945 13.43546867370605 21.750080585479736
v 2.309105545282363 13.042435646057124 22.084617614746094
v 2.2238385677337638 12.560825347900385 22.262895107269287
v 2.1330541372299185 12.048050165176388 22.262895107269287
v 2.0477870106697074 11.56643986701965 22.084617614746094
v 1.9782021641731256 11.173405647277828 21.750080585479736
v 1.9328954815864556 10.917501449584957 21.298816204071045
v 1.917032748460769 10.827904939651486 20.785973072052002
v 1.9328954815864556 10.917501449584957 20.273127555847168
v 1.9782021641731256 11.173405647277828 19.821864366531372
v 2.0477870106697074 11.56643986701965 19.48732614517212
v 2.1330541372299185 12.048050165176388 19.309048652648926
v 2.2238385677337638 12.560825347900385 19.309048652648926
v 2.309105545282363 13.042435646057124 19.48732614517212
v 2.378690391778945 13.43546867370605 19.821864366531372
v 2.423997074365615 13.69137287139892 20.273127555847168
v 0.04064355045557021 13.908731937408442 21.55024290084839
v 0.03988388460129498 13.64876508712768 22.00150728225708
v 0.03871714463457464 13.249491453170771 22.336044311523438
v 0.037287459708750234 12.760235071182246 22.51432180404663
v 0.0357652618549764 12.239320278167721 22.51432180404663
v 0.034335576929152 11.750063896179196 22.336044311523438
v 0.03316883463412522 11.350790262222286 22.00150728225708
v 0.03240917110815643 11.090823411941525 21.55024290084839
v 0.03214319702237843 10.999804735183712 21.037399768829346
v 0.03240917110815643 11.090823411941525 20.52455425262451
v 0.03316883463412522 11.350790262222286 20.07328987121582
v 0.034335576929152 11.750063896179196 19.738752841949463
v 0.0357652618549764 12.239320278167721 19.56047534942627
v 0.037287459708750234 12.760235071182246 19.56047534942627
v 0.03871714463457464 13.249491453170771 19.738752841949463
v 0.03988388460129498 13.64876508712768 20.07328987121582
v 0.04064355045557021 13.908731937408442 20.52455425262451
v -2.3441614210605612 13.706994056701655 21.801669597625732
v -2.3003469407558432 13.450797796249384 22.252933979034424
v -2.233053892850875 13.057315349578852 22.58747100830078
v -2.1505951881408683 12.575155496597285 22.765748500823975
v -2.0628008246421805 12.061796188354489 22.765748500823975
v -1.980341970920562 11.579636335372921 22.58747100830078
v -1.9130490720272058 11.186153888702389 22.252933979034424
v -1.8692344427108758 10.929957628250119 21.801669597625732
v -1.8538941442966455 10.840258598327633 21.28882646560669
v -1.8692344427108758 10.929957628250119 20.775980949401855
v -1.9130490720272058 11.186153888702389 20.324716567993164
v -1.980341970920562 11.579636335372921 19.990179538726807
v -2.0628008246421805 12.061796188354489 19.81190323829651
v -2.1505951881408683 12.575155496597285 19.81190323829651
v -2.233053892850875 13.057315349578852 19.990179538726807
v -2.3003469407558432 13.450797796249384 20.324716567993164
v -2.3441614210605612 13.706994056701655 20.775980949401855
v -4.659209847450255 13.098605871200556 22.053096294403076
v -4.572125077247618 12.853780984878535 22.504360675811768
v -4.438374638557432 12.47776389122009 22.838897705078125
v -4.274481534957884 12.017004489898678 23.01717519760132
v -4.09998297691345 11.526430845260617 23.01717519760132
v -3.9360895752906786 11.065671443939205 22.838897705078125
v -3.802339136600493 10.689654350280758 22.504360675811768
v -3.7152543663978563 10.444829463958737 22.053096294403076
v -3.684764206409453 10.359112024307247 21.540253162384033
v -3.7152543663978563 10.444829463958737 21.0274076461792
v -3.802339136600493 10.689654350280758 20.576143264770508
v -3.9360895752906786 11.065671443939205 20.24160623550415
v -4.09998297691345 11.526430845260617 20.063328742980957
v -4.274481534957884 12.017004489898678 20.063328742980957
v -4.438374638557432 12.47776389122009 20.24160623550415
v -4.572125077247618 12.853780984878535 20.576143264770508
v -4.659209847450255 13.098605871200556 21.0274076461792
v -6.83825612068176 12.107790708541867 22.30452299118042
v -6.710442900657651 11.881484985351559 22.75578737258911
v -6.514139771461484 11.533911228179928 23.09032440185547
v -6.273595690727231 11.108005046844479 23.268601894378662
v -6.017486453056334 10.654538869857785 23.268601894378662
v -5.7769429683685285 10.228632688522335 23.09032440185547
v -5.580639243125914 9.881058931350704 22.75578737258911
v -5.452826023101805 9.654753208160397 22.30452299118042
v -5.408076047897337 9.575519561767575 21.791679859161377
v -5.452826023101805 9.654753208160397 21.278834342956543
v -5.580639243125914 9.881058931350704 20.827572345733643
v -5.7769429683685285 10.228632688522335 20.493032932281494
v -6.017486453056334 10.654538869857785 20.3147554397583
v -6.273595690727231 11.108005046844479 20.3147554397583
v -6.514139771461484 11.533911228179928 20.493032932281494
v -6.710442900657651 11.881484985351559 20.827572345733643
v -6.83825612068176 12.107790708541867 21.278834342956543
v -8.815156221389767 10.75881481170654 22.555949687957764
v -8.650392889976498 10.557723045349118 23.007214069366455
v -8.397338986396786 10.248873233795162 23.341751098632812
v -8.08725535869598 9.87041890621185 23.520028591156006
v -7.757107019424436 9.46747541427612 23.520028591156006
v -7.447022795677182 9.089021086692807 23.341751098632812
v -7.193969488143918 8.7801718711853 23.007214069366455
v -7.029206156730649 8.57907950878143 22.555949687957764
v -6.971519589424131 8.508673310279843 22.04310655593872
v -7.029206156730649 8.57907950878143 21.530261039733887
v -7.193969488143918 8.7801718711853 21.078999042510986
v -7.447022795677182 9.089021086692807 20.744459629058838
v -7.757107019424436 9.46747541427612 20.566182136535645
v -8.08725535869598 9.87041890621185 20.566182136535645
v -8.397338986396786 10.248873233795162 20.744459629058838
v -8.650392889976498 10.557723045349118 21.078999042510986
v -8.815156221389767 10.75881481170654 21.530261039733887
v -10.526124238967892 9.085423946380612 22.807376384735107
v -10.329381227493283 8.915609121322628 23.2586407661438
v -10.027211904525753 8.654796481132504 23.593177795410156
v -9.656942486762997 8.335205912590023 23.77145528793335
v -9.262714385986325 7.994935512542722 23.77145528793335
v -8.892444968223568 7.675344347953794 23.593177795410156
v -8.590275645256039 7.414532303810117 23.2586407661438
v -8.39353263378143 7.244717478752134 22.807376384735107
v -8.324649333953854 7.185262441635129 22.294533252716064
v -8.39353263378143 7.244717478752134 21.78168773651123
v -8.590275645256039 7.414532303810117 21.33042573928833
v -8.892444968223568 7.675344347953794 20.99588632583618
v -9.262714385986325 7.994935512542722 20.81760883331299
v -9.656942486762997 8.335205912590023 20.81760883331299
v -10.027211904525753 8.654796481132504 20.99588632583618
v -10.329381227493283 8.915609121322628 21.33042573928833
v -10.526124238967892 9.085423946380612 21.78168773651123
v -11.926693916320797 7.144115567207334 23.05880308151245
v -11.703773736953732 7.010585665702817 23.510067462921143
v -11.361397504806515 6.80550158023834 23.8446044921875
v -10.94186186790466 6.554198861122129 24.022881984710693
v -10.495178699493405 6.286634802818296 24.022881984710693
v -10.07564306259155 6.035332083702086 23.8446044921875
v -9.73326742649078 5.830247998237608 23.510067462921143
v -9.510346651077267 5.6967180967330915 23.05880308151245
v -9.43229794502258 5.649966597557066 22.545959949493408
v -9.510346651077267 5.6967180967330915 22.033114433288574
v -9.73326742649078 5.830247998237608 21.581852436065674
v -10.07564306259155 6.035332083702086 21.247313022613525
v -10.495178699493405 6.286634802818296 21.069035530090332
v -10.94186186790466 6.554198861122129 21.069035530090332
v -11.361397504806515 6.80550158023834 21.247313022613525
v -11.703773736953732 7.010585665702817 21.581852436065674
v -11.926693916320797 7.144115567207334 22.033114433288574
v -12.978882789611811 4.994216859340666 23.310229778289795
v -12.736295461654658 4.9008706212043744 23.761494159698486
v -12.363715171813961 4.7575032711029035 24.096031188964844
v -11.90716743469238 4.581825733184813 24.274308681488037
v -11.421077251434323 4.394780397415159 24.274308681488037
v -10.96452951431274 4.2191028594970685 24.096031188964844
v -10.591949224472042 4.075735509395598 23.761494159698486
v -10.349361896514889 3.9823889732360827 23.310229778289795
v -10.264427661895748 3.9497065544128405 22.797386646270752
v -10.349361896514889 3.9823889732360827 22.284541130065918
v -10.591949224472042 4.075735509395598 21.833279132843018
v -10.96452951431274 4.2191028594970685 21.49873971939087
v -11.421077251434323 4.394780397415159 21.320464611053467
v -11.90716743469238 4.581825733184813 21.320464611053467
v -12.363715171813961 4.7575032711029035 21.49873971939087
v -12.736295461654658 4.9008706212043744 21.833279132843018
v -12.978882789611811 4.994216859340666 22.284541130065918
v -13.644806146621699 2.695395350456237 23.56165647506714
v -13.389772176742548 2.6450160145759574 24.01292085647583
v -12.998075485229487 2.567640244960784 24.347457885742188
v -12.518103122711176 2.4728263914585105 24.52573537826538
v -12.007071971893307 2.371877431869506 24.52573537826538
v -11.527099609374996 2.2770637273788443 24.347457885742188
v -11.135402917861935 2.199687808752059 24.01292085647583
v -10.880368947982785 2.1493084728717795 23.56165647506714
v -10.791077613830563 2.131669670343398 23.048813343048096
v -10.880368947982785 2.1493084728717795 22.535970211029053
v -11.135402917861935 2.199687808752059 22.08470582962036
v -11.527099609374996 2.2770637273788443 21.750166416168213
v -12.007071971893307 2.371877431869506 21.57189130783081
v -12.518103122711176 2.4728263914585105 21.57189130783081
v -12.998075485229487 2.567640244960784 21.750166416168213
v -13.389772176742548 2.6450160145759574 22.08470582962036
v -13.644806146621699 2.695395350456237 22.535970211029053
v -13.900222778320307 0.31578682363033284 23.813083171844482
v -13.640415668487543 0.30988449230790127 24.264347553253174
v -13.241386413574213 0.3008193150162696 24.59888458251953
v -12.75242924690246 0.2897111326456069 24.777162075042725
v -12.231832742691036 0.27788415551185597 24.777162075042725
v -11.742875576019284 0.2667759731411933 24.59888458251953
v -11.343846321105953 0.2577107958495616 24.264347553253174
v -11.08403921127319 0.2518084459006785 23.813083171844482
v -10.99307537078857 0.24974191561341277 23.30024003982544
v -11.08403921127319 0.2518084459006785 22.787396907806396
v -11.343846321105953 0.2577107958495616 22.336132526397705
v -11.742875576019284 0.2667759731411933 22.001593112945557
v -12.231832742691036 0.27788415551185597 21.823318004608154
v -12.75242924690246 0.2897111326456069 21.823318004608154
v -13.241386413574213 0.3008193150162696 22.001593112945557
v -13.640415668487543 0.30988449230790127 22.336132526397705
v -13.900222778320307 0.31578682363033284 22.787396907806396
v -13.74770045280456 -2.0732247829437247 24.064509868621826
v -13.490743637084956 -2.034474313259124 24.515774250030518
v -13.096092939376826 -1.9749589264392846 24.850311279296875
v -12.612501382827753 -1.902030706405639 25.02858877182007
v -12.097617387771603 -1.8243835866451257 25.02858877182007
v -11.614024639129635 -1.75145536661148 24.850311279296875
v -11.219373941421505 -1.6919399797916406 24.515774250030518
v -10.9624171257019 -1.6531895101070397 24.064509868621826
v -10.872452259063717 -1.6396223008632653 23.551666736602783
v -10.9624171257019 -1.6531895101070397 23.03882360458374
v -11.219373941421505 -1.6919399797916406 22.58755922317505
v -11.614024639129635 -1.75145536661148 22.2530198097229
v -12.097617387771603 -1.8243835866451257 22.074744701385498
v -12.612501382827753 -1.902030706405639 22.074744701385498
v -13.096092939376826 -1.9749589264392846 22.2530198097229
v -13.490743637084956 -2.034474313259124 22.58755922317505
v -13.74770045280456 -2.0732247829437247 23.03882360458374
v -13.192888498306269 -4.401422441005705 24.31593656539917
v -12.946301698684687 -4.319155812263487 24.76720094680786
v -12.567577362060542 -4.19280558824539 25.10174036026001
v -12.10350155830383 -4.037980437278746 25.280015468597412
v -11.609396934509274 -3.8731366395950304 25.280015468597412
v -11.14532113075256 -3.7183111906051622 25.10174036026001
v -10.766596794128414 -3.591961264610289 24.76720094680786
v -10.520009994506832 -3.509694635868071 24.31593656539917
v -10.43367505073547 -3.4808915853500353 23.803093433380127
v -10.520009994506832 -3.509694635868071 23.290250301361084
v -10.766596794128414 -3.591961264610289 22.838985919952393
v -11.14532113075256 -3.7183111906051622 22.504448890686035
v -11.609396934509274 -3.8731366395950304 22.326171398162842
v -12.10350155830383 -4.037980437278746 22.326171398162842
v -12.567577362060542 -4.19280558824539 22.504448890686035
v -12.946301698684687 -4.319155812263487 22.838985919952393
v -13.192888498306269 -4.401422441005705 23.290250301361084
v -12.24278092384338 -6.598087549209592 24.567363262176514
v -12.013952732086178 -6.474763154983518 25.018627643585205
v -11.662503480911251 -6.28535449504852 25.353167057037354
v -11.231849193572994 -6.053258776664732 25.531442165374756
v -10.773327350616452 -5.806144475936888 25.531442165374756
v -10.342673063278195 -5.574048757553099 25.353167057037354
v -9.991223812103268 -5.3846395015716535 25.018627643585205
v -9.76239442825317 -5.261315703392027 24.567363262176514
v -9.682277441024777 -5.218137502670286 24.05452013015747
v -9.76239442825317 -5.261315703392027 23.541676998138428
v -9.991223812103268 -5.3846395015716535 23.090412616729736
v -10.342673063278195 -5.574048757553099 22.75587558746338
v -10.773327350616452 -5.806144475936888 22.577598094940186
v -11.231849193572994 -6.053258776664732 22.577598094940186
v -11.662503480911251 -6.28535449504852 22.75587558746338
v -12.013952732086178 -6.474763154983518 23.090412616729736
v -12.24278092384338 -6.598087549209592 23.541676998138428
v -10.926418304443356 -8.596994280815121 24.818789958953857
v -10.72219371795654 -8.436308503150936 25.27005434036255
v -10.408532619476315 -8.189517855644223 25.604593753814697
v -10.024182796478268 -7.887108325958249 25.7828688621521
v -9.614962339401242 -7.565129995346067 25.7828688621521
v -9.230612516403195 -7.2627204656600926 25.604593753814697
v -8.91695141792297 -7.015929818153379 25.27005434036255
v -8.712726831436154 -6.855244040489194 24.818789958953857
v -8.6412239074707 -6.798985004425046 24.305946826934814
v -8.712726831436154 -6.855244040489194 23.79310369491577
v -8.91695141792297 -7.015929818153379 23.34183931350708
v -9.230612516403195 -7.2627204656600926 23.007302284240723
v -9.614962339401242 -7.565129995346067 22.82902479171753
v -10.024182796478268 -7.887108325958249 22.82902479171753
v -10.408532619476315 -8.189517855644223 23.007302284240723
v -10.72219371795654 -8.436308503150936 23.34183931350708
v -10.926418304443356 -8.596994280815121 23.79310369491577
v -9.290345311164852 -10.344527959823605 25.070219039916992
v -9.116700291633602 -10.151178836822506 25.521481037139893
v -8.850005269050595 -9.854222536087033 25.85602045059204
v -8.523206114768978 -9.490341544151303 26.034295558929443
v -8.175261020660397 -9.102914333343502 26.034295558929443
v -7.8484618663787815 -8.739032745361325 25.85602045059204
v -7.581766843795774 -8.442075848579403 25.521481037139893
v -7.408121824264524 -8.248727321624752 25.070219039916992
v -7.347325682640073 -8.181032538413998 24.557373523712158
v -7.408121824264524 -8.248727321624752 24.044530391693115
v -7.581766843795774 -8.442075848579403 23.593266010284424
v -7.8484618663787815 -8.739032745361325 23.258728981018066
v -8.175261020660397 -9.102914333343502 23.080451488494873
v -8.523206114768978 -9.490341544151303 23.080451488494873
v -8.850005269050595 -9.854222536087033 23.258728981018066
v -9.116700291633602 -10.151178836822506 23.593266010284424
v -9.290345311164852 -10.344527959823605 24.044530391693115
v -7.3815429210662815 -11.78819894790649 25.321645736694336
v -7.243574857711789 -11.567866802215573 25.772907733917236
v -7.031675577163694 -11.229466199874874 26.107447147369385
v -6.772021055221555 -10.81480264663696 26.285724639892578
v -6.495564579963681 -10.373306274414059 26.285724639892578
v -6.235910058021544 -9.958642125129696 26.107447147369385
v -6.024010777473448 -9.620242714881893 25.772907733917236
v -5.886042714118956 -9.399910569190975 25.321645736694336
v -5.837737917900084 -9.322767853736874 24.808800220489502
v -5.886042714118956 -9.399910569190975 24.29595708847046
v -6.024010777473448 -9.620242714881893 23.844692707061768
v -6.235910058021544 -9.958642125129696 23.51015567779541
v -6.495564579963681 -10.373306274414059 23.331878185272217
v -6.772021055221555 -10.81480264663696 23.331878185272217
v -7.031675577163694 -11.229466199874874 23.51015567779541
v -7.243574857711789 -11.567866802215573 23.844692707061768
v -7.3815429210662815 -11.78819894790649 24.29595708847046
v -5.250329375267027 -12.877215147018427 25.57307243347168
v -5.152195692062376 -12.636528015136713 26.02433443069458
v -5.001476407051085 -12.26686596870422 26.35887384414673
v -4.8167896270751935 -11.813894510269161 26.537151336669922
v -4.6201524138450605 -11.331611871719357 26.537151336669922
v -4.435465633869169 -10.878640413284298 26.35887384414673
v -4.284746348857878 -10.508978366851803 26.02433443069458
v -4.186612665653227 -10.268292427062985 25.57307243347168
v -4.152254462242125 -10.184023380279537 25.060226917266846
v -4.186612665653227 -10.268292427062985 24.547383785247803
v -4.284746348857878 -10.508978366851803 24.09611940383911
v -4.435465633869169 -10.878640413284298 23.761582374572754
v -4.6201524138450605 -11.331611871719357 23.58330488204956
v -4.8167896270751935 -11.813894510269161 23.58330488204956
v -5.001476407051085 -12.26686596870422 23.761582374572754
v -5.152195692062376 -12.636528015136713 24.09611940383911
v -5.250329375267027 -12.877215147018427 24.547383785247803
v -2.955332696437835 -13.58489036560058 25.825343132019043
v -2.900094985961913 -13.330976963043208 26.276607513427734
v -2.8152573108673087 -12.940999269485468 26.611146926879883
v -2.7112996578216544 -12.463134527206417 26.789422035217285
v -2.6006156206130973 -11.954348087310787 26.789422035217285
v -2.496658116579055 -11.476483345031735 26.611146926879883
v -2.4118204414844504 -11.086506843566891 26.276607513427734
v -2.356582581996917 -10.832592248916622 25.825343132019043
v -2.337242662906646 -10.743693113327023 25.3125
v -2.356582581996917 -10.832592248916622 24.799656867980957
v -2.4118204414844504 -11.086506843566891 24.348392486572266
v -2.496658116579055 -11.476483345031735 24.013853073120117
v -2.6006156206130973 -11.954348087310787 23.835577964782715
v -2.7112996578216544 -12.463134527206417 23.835577964782715
v -2.8152573108673087 -12.940999269485468 24.013853073120117
v -2.900094985961913 -13.330976963043208 24.348392486572266
v -2.955332696437835 -13.58489036560058 24.799656867980957
v -0.5894988402724264 -13.892495632171626 26.075925827026367
v -0.5784805864095686 -13.632831573486323 26.527187824249268
v -0.5615580454468725 -13.234025239944453 26.861727237701416
v -0.540821701288223 -12.745339870452876 27.04000473022461
v -0.5187435820698736 -12.225031852722164 27.04000473022461
v -0.4980072379112242 -11.736347675323483 26.861727237701416
v -0.4810846969485281 -11.337540149688717 26.527187824249268
v -0.4700664430856703 -11.077876091003414 26.075925827026367
v -0.46620871871709807 -10.986963510513302 25.563080310821533
v -0.4700664430856703 -11.077876091003414 25.05023717880249
v -0.4810846969485281 -11.337540149688717 24.5989727973938
v -0.4980072379112242 -11.736347675323483 24.26443576812744
v -0.5187435820698736 -12.225031852722164 24.086158275604248
v -0.540821701288223 -12.745339870452876 24.086158275604248
v -0.5615580454468725 -13.234025239944453 24.26443576812744
v -0.5784805864095686 -13.632831573486323 24.5989727973938
v -0.5894988402724264 -13.892495632171626 25.05023717880249
v 1.8016439676284783 -13.79179716110229 26.32735252380371
v 1.7679695785045617 -13.53401660919189 26.778616905212402
v 1.7162504792213433 -13.13809990882873 27.11315393447876
v 1.6528755426406854 -12.652956247329707 27.291431427001953
v 1.5853996574878686 -12.136421203613278 27.291431427001953
v 1.522024571895599 -11.651277542114254 27.11315393447876
v 1.4703054726123805 -11.25536203384399 26.778616905212402
v 1.436631083488464 -10.997580289840695 26.32735252380371
v 1.4248409867286678 -10.907325744628903 25.814507007598877
v 1.436631083488464 -10.997580289840695 25.301663875579834
v 1.4703054726123805 -11.25536203384399 24.850399494171143
v 1.522024571895599 -11.651277542114254 24.515862464904785
v 1.5853996574878686 -12.136421203613278 24.337584972381592
v 1.6528755426406854 -12.652956247329707 24.337584972381592
v 1.7162504792213433 -13.13809990882873 24.515862464904785
v 1.7679695785045617 -13.53401660919189 24.850399494171143
v 1.8016439676284783 -13.79179716110229 25.301663875579834
v 4.138486683368681 -13.275103569030756 26.578779220581055
v 4.061134755611418 -13.026980161666865 27.030043601989746
v 3.942332565784453 -12.64589667320251 27.364580631256104
v 3.796756267547606 -12.178928852081295 27.542858123779297
v 3.6417600512504564 -11.681743860244747 27.542858123779297
v 3.4961837530136095 -11.214776039123532 27.364580631256104
v 3.377381861209868 -10.833692550659176 27.030043601989746
v 3.300029635429381 -10.585569143295285 26.578779220581055
v 3.2729470729827868 -10.498696565628048 26.06593370437622
v 3.300029635429381 -10.585569143295285 25.553090572357178
v 3.377381861209868 -10.833692550659176 25.101826190948486
v 3.4961837530136095 -11.214776039123532 24.76728916168213
v 3.6417600512504564 -11.681743860244747 24.589011669158936
v 3.796756267547606 -12.178928852081295 24.589011669158936
v 3.942332565784453 -12.64589667320251 24.76728916168213
v 4.061134755611418 -13.026980161666865 25.101826190948486
v 4.138486683368681 -13.275103569030756 25.553090572357178
v 6.352961063385007 -12.366168498992916 26.8302059173584
v 6.234218478202818 -12.135033607482907 27.28147029876709
v 6.051846146583555 -11.780042648315426 27.616007328033447
v 5.828372836112974 -11.345047950744625 27.79428482055664
v 5.5904394388198835 -10.881905555725094 27.79428482055664
v 5.36696672439575 -10.446909666061398 27.616007328033447
v 5.1845943927764875 -10.091918706893917 27.28147029876709
v 5.0658518075942975 -9.860783815383908 26.8302059173584
v 5.024277567863463 -9.779859185218807 26.317360401153564
v 5.0658518075942975 -9.860783815383908 25.80451726913452
v 5.1845943927764875 -10.091918706893917 25.35325288772583
v 5.36696672439575 -10.446909666061398 25.018715858459473
v 5.5904394388198835 -10.881905555725094 24.84043836593628
v 5.828372836112974 -11.345047950744625 24.84043836593628
v 6.051846146583555 -11.780042648315426 25.018715858459473
v 6.234218478202818 -12.135033607482907 25.35325288772583
v 6.352961063385007 -12.366168498992916 25.80451726913452
v 8.38190674781799 -11.096190214157101 27.081632614135742
v 8.225240707397457 -10.888792276382443 27.532896995544434
v 7.984624505043027 -10.570257902145382 27.86743402481079
v 7.689780592918393 -10.179936885833737 28.045711517333984
v 7.3758584260940525 -9.764357805252072 28.045711517333984
v 7.081014513969419 -9.37403559684753 27.86743402481079
v 6.840398311614988 -9.05550122261047 27.532896995544434
v 6.683732867240903 -8.848103284835812 27.081632614135742
v 6.628881096839902 -8.775489330291744 26.568787097930908
v 6.683732867240903 -8.848103284835812 26.055943965911865
v 6.840398311614988 -9.05550122261047 25.604679584503174
v 7.081014513969419 -9.37403559684753 25.270142555236816
v 7.3758584260940525 -9.764357805252072 25.091865062713623
v 7.689780592918393 -10.179936885833737 25.091865062713623
v 7.984624505043027 -10.570257902145382 25.270142555236816
v 8.225240707397457 -10.888792276382443 25.604679584503174
v 8.38190674781799 -11.096190214157101 26.055943965911865
v 10.162099599838253 -9.496526718139645 27.333059310913086
v 9.972160458564755 -9.319028258323666 27.784323692321777
v 9.6804404258728 -9.046414494514462 28.118860721588135
v 9.322976469993588 -8.712362647056576 28.297138214111328
v 8.94238173961639 -8.356695175170895 28.297138214111328
v 8.584917187690731 -8.02264332771301 28.118860721588135
v 8.293197751045223 -7.750029563903806 27.784323692321777
v 8.103258609771725 -7.572531104087827 27.333059310913086
v 8.036757707595822 -7.510385513305661 26.820216178894043
v 8.103258609771725 -7.572531104087827 26.30737066268921
v 8.293197751045223 -7.750029563903806 25.856106281280518
v 8.584917187690731 -8.02264332771301 25.52156925201416
v 8.94238173961639 -8.356695175170895 25.343291759490967
v 9.322976469993588 -8.712362647056576 25.343291759490967
v 9.6804404258728 -9.046414494514462 25.52156925201416
v 9.972160458564755 -9.319028258323666 25.856106281280518
v 10.162099599838253 -9.496526718139645 26.30737066268921
v 11.636047363281246 -7.611022591590879 27.58448600769043
v 11.418558359146115 -7.468765377998349 28.03575038909912
v 11.084526777267453 -7.2502785921096775 28.37028741836548
v 10.675214529037472 -6.982551813125608 28.548564910888672
v 10.239417552947994 -6.697500944137571 28.548564910888672
v 9.830104708671566 -6.429773569107053 28.37028741836548
v 9.496073126792904 -6.211286783218382 28.03575038909912
v 9.27858471870422 -6.0690301656723005 27.58448600769043
v 9.202437996864315 -6.0192233324050886 27.071642875671387
v 9.27858471870422 -6.0690301656723005 26.558797359466553
v 9.496073126792904 -6.211286783218382 26.10753297805786
v 9.830104708671566 -6.429773569107053 25.772995948791504
v 10.239417552947994 -6.697500944137571 25.59471845626831
v 10.675214529037472 -6.982551813125608 25.59471845626831
v 11.084526777267453 -7.2502785921096775 25.772995948791504
v 11.418558359146115 -7.468765377998349 26.10753297805786
v 11.636047363281246 -7.611022591590879 26.558797359466553
v 12.76803851127624 -5.501722097396849 27.835912704467773
v 12.529392242431635 -5.398889780044554 28.287177085876465
v 12.162864208221432 -5.240954160690306 28.621714115142822
v 11.7137336730957 -5.047424435615538 28.799991607666016
v 11.235539913177487 -4.841371476650236 28.799991607666016
v 10.786408185958859 -4.647841751575468 28.621714115142822
v 10.41988134384155 -4.489905834197996 28.287177085876465
v 10.181235074996945 -4.387073516845701 27.835912704467773
v 10.097680091857907 -4.351070225238798 27.32306957244873
v 10.181235074996945 -4.387073516845701 26.810224056243896
v 10.41988134384155 -4.489905834197996 26.358959674835205
v 10.786408185958859 -4.647841751575468 26.024422645568848
v 11.235539913177487 -4.841371476650236 25.846145153045654
v 11.7137336730957 -5.047424435615538 25.846145153045654
v 12.162864208221432 -5.240954160690306 26.024422645568848
v 12.529392242431635 -5.398889780044554 26.358959674835205
v 12.76803851127624 -5.501722097396849 26.810224056243896
v 13.526661396026606 -3.231678009033202 28.087339401245117
v 13.273835182189936 -3.171274960041045 28.53860378265381
v 12.885529994964594 -3.07850420475006 28.873140811920166
v 12.409713268280026 -2.9648259282112113 29.05141830444336
v 11.903108358383175 -2.8437921404838553 29.05141830444336
v 11.427291631698605 -2.7301138639450064 28.873140811920166
v 11.038986444473263 -2.6373431086540213 28.53860378265381
v 10.786160230636593 -2.5769400596618643 28.087339401245117
v 10.69764137268066 -2.555792033672332 27.574496269226074
v 10.786160230636593 -2.5769400596618643 27.06165075302124
v 11.038986444473263 -2.6373431086540213 26.61038637161255
v 11.427291631698605 -2.7301138639450064 26.27584934234619
v 11.903108358383175 -2.8437921404838553 26.097571849822998
v 12.409713268280026 -2.9648259282112113 26.097571849822998
v 12.885529994964594 -3.07850420475006 26.27584934234619
v 13.273835182189936 -3.171274960041045 26.61038637161255
v 13.526661396026606 -3.231678009033202 27.06165075302124
v 13.881020545959467 -0.8647240698337552 28.33876609802246
v 13.621572256088252 -0.8485615998506543 28.790030479431152
v 13.223093748092646 -0.8237382769584652 29.12456750869751
v 12.734812498092646 -0.793320536613464 29.302845001220703
v 12.214934825897213 -0.7609345763921735 29.302845001220703
v 11.726653575897213 -0.7305168360471723 29.12456750869751
v 11.328176259994503 -0.7056935131549833 28.790030479431152
v 11.068726778030392 -0.6895310431718824 28.33876609802246
v 10.977889299392697 -0.6838722527027128 27.825922966003418
v 11.068726778030392 -0.6895310431718824 27.313077449798584
v 11.328176259994503 -0.7056935131549833 26.861815452575684
v 11.726653575897213 -0.7305168360471723 26.527276039123535
v 12.214934825897213 -0.7609345763921735 26.348998546600342
v 12.734812498092646 -0.793320536613464 26.348998546600342
v 13.223093748092646 -0.8237382769584652 26.527276039123535
v 13.621572256088252 -0.8485615998506543 26.861815452575684
v 13.881020545959467 -0.8647240698337552 27.313077449798584
v 13.819085359573359 1.5278331935405727 28.590192794799805
v 13.560793399810786 1.499276608228683 29.041457176208496
v 13.164093494415278 1.4554177224636073 29.375994205474854
v 12.677991390228266 1.4016743004322048 29.554271697998047
v 12.160433530807492 1.344453245401382 29.554271697998047
v 11.674330234527584 1.2907099723815914 29.375994205474854
v 11.277630329132077 1.2468509376049037 29.041457176208496
v 11.019339561462399 1.218294352293014 28.590192794799805
v 10.92890620231628 1.2082961201667781 28.07734966278076
v 11.019339561462399 1.218294352293014 27.564504146575928
v 11.277630329132077 1.2468509376049037 27.113242149353027
v 11.674330234527584 1.2907099723815914 26.77870273590088
v 12.160433530807492 1.344453245401382 26.600425243377686
v 12.677991390228266 1.4016743004322048 26.600425243377686
v 13.164093494415278 1.4554177224636073 26.77870273590088
v 13.560793399810786 1.499276608228683 27.113242149353027
v 13.819085359573359 1.5278331935405727 27.564504146575928
v 13.352495431900019 3.8758027553558336 28.84161949157715
v 13.102924823760981 3.8033604621887194 29.29288387298584
v 12.719619274139399 3.6920991539955126 29.627420902252197
v 12.249928712844845 3.5557630658149706 29.80569839477539
v 11.749846935272213 3.410604894161223 29.80569839477539
v 11.280156373977658 3.274269104003905 29.627420902252197
v 10.896850824356076 3.1630074977874743 29.29288387298584
v 10.647280216217037 3.0905652046203604 28.84161949157715
v 10.55990099906921 3.0652019381523123 28.328776359558105
v 10.647280216217037 3.0905652046203604 27.81593084335327
v 10.896850824356076 3.1630074977874743 27.36466884613037
v 11.280156373977658 3.274269104003905 27.030129432678223
v 11.749846935272213 3.410604894161223 26.85185194015503
v 12.249928712844845 3.5557630658149706 26.85185194015503
v 12.719619274139399 3.6920991539955126 27.030129432678223
v 13.102924823760981 3.8033604621887194 27.36466884613037
v 13.352495431900019 3.8758027553558336 27.81593084335327
v 12.49438643455505 6.109975576400755 29.093046188354492
v 12.26085543632507 5.99577486515045 29.544310569763184
v 11.902183294296261 5.820377469062803 29.87884759902954
v 11.462677717208859 5.605452060699461 30.057125091552734
v 10.994733572006222 5.376619100570677 30.057125091552734
v 10.55522799491882 5.161693096160887 29.87884759902954
v 10.196555852890011 4.986295998096464 29.544310569763184
v 9.963024258613583 4.872094988822935 29.093046188354492
v 9.881260991096493 4.832111001014708 28.58020305633545
v 9.963024258613583 4.872094988822935 28.067357540130615
v 10.196555852890011 4.986295998096464 27.616095542907715
v 10.55522799491882 5.161693096160887 27.281556129455566
v 10.994733572006222 5.376619100570677 27.103278636932373
v 11.462677717208859 5.605452060699461 27.103278636932373
v 11.902183294296261 5.820377469062803 27.281556129455566
v 12.26085543632507 5.99577486515045 27.616095542907715
v 12.49438643455505 6.109975576400755 28.067357540130615
v 11.260625123977658 8.160797953605648 29.344472885131836
v 11.050152778625485 8.008264899253842 29.795737266540527
v 10.726898908615109 7.773995995521543 30.130274295806885
v 10.330792665481564 7.48692989349365 30.308551788330078
v 9.909055233001705 7.181288599967954 30.308551788330078
v 9.51294898986816 6.894222497940061 30.130274295806885
v 9.189694523811337 6.659953594207761 29.795737266540527
v 8.979222774505612 6.507420539855954 29.344472885131836
v 8.905532956123348 6.4540159702301 28.831629753112793
v 8.979222774505612 6.507420539855954 28.31878423690796
v 9.189694523811337 6.659953594207761 27.86752223968506
v 9.51294898986816 6.894222497940061 27.53298282623291
v 9.909055233001705 7.181288599967954 27.354707717895508
v 10.330792665481564 7.48692989349365 27.354707717895508
v 10.726898908615109 7.773995995521543 27.53298282623291
v 11.050152778625485 8.008264899253842 27.86752223968506
v 11.260625123977658 8.160797953605648 28.31878423690796
v 9.691373705863949 9.968127012252804 29.59589958190918
v 9.510232806205746 9.781813621520993 30.04716396331787
v 9.23202574253082 9.495661854743954 30.38170099258423
v 8.891119956970211 9.14502143859863 30.559978485107422
v 8.528155088424679 8.771691322326657 30.559978485107422
v 8.187249302864071 8.421050310134884 30.38170099258423
v 7.909042835235593 8.134898543357846 30.04716396331787
v 7.72790193557739 7.948585152626035 29.59589958190918
v 7.664481401443479 7.8833532333374 29.083056449890137
v 7.72790193557739 7.948585152626035 28.570213317871094
v 7.909042835235593 8.134898543357846 28.118948936462402
v 8.187249302864071 8.421050310134884 27.784409523010254
v 8.528155088424679 8.771691322326657 27.60613441467285
v 8.891119956970211 9.14502143859863 27.60613441467285
v 9.23202574253082 9.495661854743954 27.784409523010254
v 9.510232806205746 9.781813621520993 28.118948936462402
v 9.691373705863949 9.968127012252804 28.570213317871094
v 7.83892214298248 11.484307050704953 29.847326278686523
v 7.692404985427854 11.269654035568234 30.298590660095215
v 7.467375993728635 10.939978361129757 30.633127689361572
v 7.191632390022275 10.53600430488586 30.811405181884766
v 6.898046135902402 10.105890035629269 30.811405181884766
v 6.622302532196042 9.701914787292477 30.633127689361572
v 6.3972735404968235 9.372239112854 30.298590660095215
v 6.250756978988645 9.15758669376373 29.847326278686523
v 6.1994588375091535 9.082432985305783 29.33448314666748
v 6.250756978988645 9.15758669376373 28.821640014648438
v 6.3972735404968235 9.372239112854 28.370375633239746
v 6.622302532196042 9.701914787292477 28.035836219787598
v 6.898046135902402 10.105890035629269 27.857561111450195
v 7.191632390022275 10.53600430488586 27.857561111450195
v 7.467375993728635 10.939978361129757 28.035836219787598
v 7.692404985427854 11.269654035568234 28.370375633239746
v 7.83892214298248 11.484307050704953 28.821640014648438
v 5.755599737167357 12.662178277969355 30.098752975463867
v 5.648022294044493 12.425510883331295 30.55001735687256
v 5.48279821872711 12.06202149391174 30.884554386138916
v 5.280337929725645 11.616613864898678 31.06283187866211
v 5.064777135848997 11.142385005950924 31.06283187866211
v 4.862317144870756 10.696978569030758 30.884554386138916
v 4.6970930695533735 10.333489179611203 30.55001735687256
v 4.58951562643051 10.096821784973141 30.098752975463867
v 4.551850855350493 10.013959407806393 29.585909843444824
v 4.58951562643051 10.096821784973141 29.07306671142578
v 4.6970930695533735 10.333489179611203 28.62180233001709
v 4.862317144870756 10.696978569030758 28.28726291656494
v 5.064777135848997 11.142385005950924 28.10898780822754
v 5.280337929725645 11.616613864898678 28.10898780822754
v 5.48279821872711 12.06202149391174 28.28726291656494
v 5.648022294044493 12.425510883331295 28.62180233001709
v 5.755599737167357 12.662178277969355 29.07306671142578
v 3.498597145080565 13.458338975906367 30.35017967224121
v 3.433204889297484 13.206790685653681 30.801444053649902
v 3.3327719569206224 12.82044649124145 31.13598346710205
v 3.209704756736754 12.347033023834225 31.314258575439453
v 3.078673779964446 11.842986345291134 31.314258575439453
v 2.9556065797805777 11.369572877883908 31.13598346710205
v 2.8551733493804923 10.983228683471676 30.801444053649902
v 2.789781391620635 10.73168039321899 30.35017967224121
v 2.76688665151596 10.643608570098873 29.837336540222168
v 2.789781391620635 10.73168039321899 29.324493408203125
v 2.8551733493804923 10.983228683471676 28.873229026794434
v 2.9556065797805777 11.369572877883908 28.538691997528076
v 3.078673779964446 11.842986345291134 28.360414505004883
v 3.209704756736754 12.347033023834225 28.360414505004883
v 3.3327719569206224 12.82044649124145 28.538691997528076
v 3.433204889297484 13.206790685653681 28.873229026794434
v 3.498597145080565 13.458338975906367 29.324493408203125
v 1.1381406337022777 13.855903148651118 30.601606369018555
v 1.1168677359819408 13.596923351287836 31.052870750427246
v 1.0841955244541164 13.199166059494013 31.387410163879395
v 1.044160053133964 12.711768150329585 31.565685272216797
v 1.0015340149402614 12.192832231521603 31.565685272216797
v 0.9614985436201092 11.705434322357174 31.387410163879395
v 0.9288263320922848 11.307677030563351 31.052870750427246
v 0.9075534343719479 11.04869723320007 30.601606369018555
v 0.900105386972427 10.958024263381954 30.08876323699951
v 0.9075534343719479 11.04869723320007 29.57592010498047
v 0.9288263320922848 11.307677030563351 29.124655723571777
v 0.9614985436201092 11.705434322357174 28.79011869430542
v 1.0015340149402614 12.192832231521603 28.611841201782227
v 1.044160053133964 12.711768150329585 28.611841201782227
v 1.0841955244541164 13.199166059494013 28.79011869430542
v 1.1168677359819408 13.596923351287836 29.124655723571777
v 1.1381406337022777 13.855903148651118 29.57592010498047
v -1.255537867546081 13.848956823348994 30.8530330657959
v -1.2320707738399501 13.590106964111323 31.30429744720459
v -1.1960285156965251 13.192549943923945 31.63883686065674
v -1.1518634110689159 12.705396413803095 31.81711196899414
v -1.1048405617475505 12.186719179153439 31.81711196899414
v -1.0606754571199413 11.69956564903259 31.63883686065674
v -1.0246331989765163 11.302008628845211 31.30429744720459
v -1.0011660307645793 11.04315876960754 30.8530330657959
v -0.9929497539997097 10.952531099319454 30.340189933776855
v -1.0011660307645793 11.04315876960754 29.827346801757812
v -1.0246331989765163 11.302008628845211 29.37608242034912
v -1.0606754571199413 11.69956564903259 29.041545391082764
v -1.1048405617475505 12.186719179153439 28.86326789855957
v -1.1518634110689159 12.705396413803095 28.86326789855957
v -1.1960285156965251 13.192549943923945 29.041545391082764
v -1.2320707738399501 13.590106964111323 29.37608242034912
v -1.255537867546081 13.848956823348994 29.827346801757812
v -3.631815910339354 13.426332473754877 31.1065936088562
v -3.563933968544005 13.175381422042841 31.557857990264893
v -3.4596768021583544 12.789956331253046 31.89239501953125
v -3.331923186779021 12.317669391632077 32.07067251205444
v -3.1959030032157885 11.814820766448971 32.07067251205444
v -3.0681496858596793 11.342533826828 31.89239501953125
v -2.9638922214508048 10.957108736038204 31.557857990264893
v -2.8960102796554557 10.706157684326168 31.1065936088562
v -2.8722435235977164 10.61829566955566 30.593750476837158
v -2.8960102796554557 10.706157684326168 30.080904960632324
v -2.9638922214508048 10.957108736038204 29.629642963409424
v -3.0681496858596793 11.342533826828 29.295103549957275
v -3.1959030032157885 11.814820766448971 29.116826057434082
v -3.331923186779021 12.317669391632077 29.116826057434082
v -3.4596768021583544 12.789956331253046 29.295103549957275
v -3.563933968544005 13.175381422042841 29.629642963409424
v -3.631815910339354 13.426332473754877 30.080904960632324
v -5.859770774841307 12.609459161758418 31.355888843536377
v -5.750246047973631 12.373777627944943 31.807150840759277
v -5.582031607627867 12.011802196502682 32.141690254211426
v -5.375907421112059 11.56824946403503 32.31996774673462
v -5.156444907188414 11.095994710922238 32.31996774673462
v -4.950320422649382 10.652441978454586 32.141690254211426
v -4.782105982303618 10.290466547012326 31.807150840759277
v -4.672581553459166 10.054783821105953 31.355888843536377
v -4.634234905242918 9.972267150878903 30.843043327331543
v -4.672581553459166 10.054783821105953 30.3302001953125
v -4.782105982303618 10.290466547012326 29.87893581390381
v -4.950320422649382 10.652441978454586 29.54439878463745
v -5.156444907188414 11.095994710922238 29.366121292114258
v -5.375907421112059 11.56824946403503 29.366121292114258
v -5.582031607627867 12.011802196502682 29.54439878463745
v -5.750246047973631 12.373777627944943 29.87893581390381
v -5.859770774841307 12.609459161758418 30.3302001953125
v -7.934876084327695 11.415995359420773 31.60731554031372
v -7.786566019058225 11.202620267868038 32.05857753753662
v -7.558782100677488 10.874905586242672 32.39311695098877
v -7.279663085937497 10.473333597183224 32.57139444351196
v -6.982483267784116 10.045777559280392 32.57139444351196
v -6.703364253044126 9.644206166267391 32.39311695098877
v -6.475580930709836 9.316490888595578 32.05857753753662
v -6.327270269393918 9.103115797042843 31.60731554031372
v -6.275344491004941 9.028408527374264 31.094470024108887
v -6.327270269393918 9.103115797042843 30.581626892089844
v -6.475580930709836 9.316490888595578 30.130362510681152
v -6.703364253044126 9.644206166267391 29.795825481414795
v -6.982483267784116 10.045777559280392 29.6175479888916
v -7.279663085937497 10.473333597183224 29.6175479888916
v -7.558782100677488 10.874905586242672 29.795825481414795
v -7.786566019058225 11.202620267868038 30.130362510681152
v -7.934876084327695 11.415995359420773 30.581626892089844
v -9.778048396110531 9.889028668403622 31.858742237091064
v -9.59528803825378 9.704194068908688 32.310004234313965
v -9.314593076705929 9.420313239097592 32.64454364776611
v -8.970637917518612 9.072454571723934 32.82282114028931
v -8.604426980018612 8.702086806297299 32.82282114028931
v -8.260472416877743 8.354228138923641 32.64454364776611
v -7.979777455329892 8.070347309112545 32.310004234313965
v -7.797016501426694 7.885512113571164 31.858742237091064
v -7.733028531074521 7.820798158645627 31.34589672088623
v -7.797016501426694 7.885512113571164 30.833053588867188
v -7.979777455329892 8.070347309112545 30.381789207458496
v -8.260472416877743 8.354228138923641 30.04725217819214
v -8.604426980018612 8.702086806297299 29.868974685668945
v -8.970637917518612 9.072454571723934 29.868974685668945
v -9.314593076705929 9.420313239097592 30.04725217819214
v -9.59528803825378 9.704194068908688 30.381789207458496
v -9.778048396110531 9.889028668403622 30.833053588867188
v -11.32980108261108 8.066912889480587 32.11016893386841
v -11.118036508560177 7.916135191917417 32.56143093109131
v -10.79279541969299 7.684561014175412 32.89597034454346
v -10.394256114959713 7.400797605514524 33.07424783706665
v -9.969928264617916 7.098672389984128 33.07424783706665
v -9.57138895988464 6.8149089813232395 32.89597034454346
v -9.246147871017453 6.583334803581235 32.56143093109131
v -9.034383893012997 6.432557106018064 32.11016893386841
v -8.96024107933044 6.3797670602798435 31.597323417663574
v -9.034383893012997 6.432557106018064 31.08448028564453
v -9.246147871017453 6.583334803581235 30.63321590423584
v -9.57138895988464 6.8149089813232395 30.298678874969482
v -9.969928264617916 7.098672389984128 30.12040138244629
v -10.394256114959713 7.400797605514524 30.12040138244629
v -10.79279541969299 7.684561014175412 30.298678874969482
v -11.118036508560177 7.916135191917417 30.63321590423584
v -11.32980108261108 8.066912889480587 31.08448028564453
v -12.540991306304926 6.002706885337828 32.36159563064575
v -12.306588888168331 5.890510678291319 32.81286001205444
v -11.946578025817868 5.718193054199217 33.1473970413208
v -11.505434513092037 5.507040619850157 33.325674533843994
v -11.035743951797482 5.282225012779234 33.325674533843994
v -10.594599246978756 5.071072578430174 33.1473970413208
v -10.234589576721188 4.898754656314848 32.81286001205444
v -10.000187158584591 4.786558747291563 32.36159563064575
v -9.918118119239804 4.747276604175566 31.848750114440918
v -10.000187158584591 4.786558747291563 31.335906982421875
v -10.234589576721188 4.898754656314848 30.884642601013184
v -10.594599246978756 5.071072578430174 30.550105571746826
v -11.035743951797482 5.282225012779234 30.371828079223633
v -11.505434513092037 5.507040619850157 30.371828079223633
v -11.946578025817868 5.718193054199217 30.550105571746826
v -12.306588888168331 5.890510678291319 30.884642601013184
v -12.540991306304926 6.002706885337828 31.335906982421875
v -13.384600877761835 3.762395083904265 32.613022327423096
v -13.134430646896357 3.6920723319053637 33.06428670883179
v -12.750203609466547 3.5840666294097887 33.398823738098145
v -12.279384136199948 3.4517198801040636 33.57710123062134
v -11.778098344802853 3.3108091354370104 33.57710123062134
v -11.307278871536251 3.1784623861312853 33.398823738098145
v -10.923051834106442 3.070456683635711 33.06428670883179
v -10.672881603240963 3.0001339316368094 32.613022327423096
v -10.585292577743527 2.975512742996215 32.10017681121826
v -10.672881603240963 3.0001339316368094 31.58733367919922
v -10.923051834106442 3.070456683635711 31.136069297790527
v -11.307278871536251 3.1784623861312853 30.80153226852417
v -11.778098344802853 3.3108091354370104 30.623254776000977
v -12.279384136199948 3.4517198801040636 30.623254776000977
v -12.750203609466547 3.5840666294097887 30.80153226852417
v -13.134430646896357 3.6920723319053637 31.136069297790527
v -13.384600877761835 3.762395083904265 31.58733367919922
v -13.836147785186762 1.4120313525199886 32.86444902420044
v -13.577537536621088 1.3856391608715053 33.31571340560913
v -13.180347681045527 1.3451044261455531 33.65025043487549
v -12.69364476203918 1.2954345345497127 33.82852792739868
v -12.175447940826412 1.2425506860017772 33.82852792739868
v -11.688745021820065 1.1928807199001308 33.65025043487549
v -11.291555166244503 1.1523460596799846 33.31571340560913
v -11.03294491767883 1.1259538680315013 32.86444902420044
v -10.942400693893429 1.1167135089635845 32.351603507995605
v -11.03294491767883 1.1259538680315013 31.838760375976562
v -11.291555166244503 1.1523460596799846 31.38749599456787
v -11.688745021820065 1.1928807199001308 31.052958965301514
v -12.175447940826412 1.2425506860017772 30.87468147277832
v -12.69364476203918 1.2954345345497127 30.87468147277832
v -13.180347681045527 1.3451044261455531 31.052958965301514
v -13.577537536621088 1.3856391608715053 31.38749599456787
v -13.836147785186762 1.4120313525199886 31.838760375976562
v -13.872605562210078 -0.9810236096382138 33.11587572097778
v -13.613313436508173 -0.9626873582601544 33.567140102386475
v -13.215078115463252 -0.9345255047082898 33.90167713165283
v -12.727092504501337 -0.9000167995691296 34.079954624176025
v -12.207530736923214 -0.8632751554250714 34.079954624176025
v -11.719543933868405 -0.8287664502859112 33.90167713165283
v -11.321308612823483 -0.8006045222282406 33.567140102386475
v -11.062016487121578 -0.7822682708501812 33.11587572097778
v -10.971233844757077 -0.7758484780788419 32.60303020477295
v -11.062016487121578 -0.7822682708501812 32.090187072753906
v -11.321308612823483 -0.8006045222282406 31.638922691345215
v -11.719543933868405 -0.8287664502859112 31.304385662078857
v -12.207530736923214 -0.8632751554250714 31.126108169555664
v -12.727092504501337 -0.9000167995691296 31.126108169555664
v -13.215078115463252 -0.9345255047082898 31.304385662078857
v -13.613313436508173 -0.9626873582601544 31.638922691345215
v -13.872605562210078 -0.9810236096382138 32.090187072753906
v -13.494633436202998 -3.344457447528838 33.36730241775513
v -13.242405652999873 -3.281946480274199 33.81856679916382
v -12.855020761489863 -3.1859382987022387 34.153103828430176
v -12.38033056259155 -3.068293035030364 34.33138132095337
v -11.874923706054684 -2.943035066127776 34.33138132095337
v -11.400233507156369 -2.825389802455901 34.153103828430176
v -11.012848615646359 -2.7293816208839408 33.81856679916382
v -10.760620832443234 -2.666870653629302 33.36730241775513
v -10.67231178283691 -2.6449844241142264 32.854459285736084
v -10.760620832443234 -2.666870653629302 32.34161376953125
v -11.012848615646359 -2.7293816208839408 31.89034938812256
v -11.400233507156369 -2.825389802455901 31.5558123588562
v -11.874923706054684 -2.943035066127776 31.377534866333008
v -12.38033056259155 -3.068293035030364 31.377534866333008
v -12.855020761489863 -3.1859382987022387 31.5558123588562
v -13.242405652999873 -3.281946480274199 31.89034938812256
v -13.494633436202998 -3.344457447528838 32.34161376953125
v -12.722140550613398 -5.6102418899536115 33.61872911453247
v -12.484352588653561 -5.505381822586058 34.06999349594116
v -12.119141817092892 -5.344330072402952 34.40453052520752
v -11.671625375747677 -5.146983265876768 34.58280801773071
v -11.195151805877682 -4.936866462230681 34.58280801773071
v -10.747634172439572 -4.739519357681273 34.40453052520752
v -10.382424592971798 -4.578467905521391 34.06999349594116
v -10.144635438919064 -4.4736075401306135 33.61872911453247
v -10.06138205528259 -4.436893761157988 33.10588598251343
v -10.144635438919064 -4.4736075401306135 32.593040466308594
v -10.382424592971798 -4.578467905521391 32.1417760848999
v -10.747634172439572 -4.739519357681273 31.807239055633545
v -11.195151805877682 -4.936866462230681 31.62896156311035
v -11.671625375747677 -5.146983265876768 31.62896156311035
v -12.119141817092892 -5.344330072402952 31.807239055633545
v -12.484352588653561 -5.505381822586058 32.1417760848999
v -12.722140550613398 -5.6102418899536115 32.593040466308594
v -11.575598716735836 -7.7109730243682835 33.870155811309814
v -11.359239816665646 -7.566847801208493 34.321420192718506
v -11.026943922042843 -7.345491647720334 34.65595722198486
v -10.619758367538449 -7.074248790740964 34.83423471450806
v -10.186223983764645 -6.7854547500610325 34.83423471450806
v -9.77903842926025 -6.514211893081662 34.65595722198486
v -9.446741938591 -6.292855739593503 34.321420192718506
v -9.23038303852081 -6.148730516433714 33.870155811309814
v -9.154632091522213 -6.098269820213316 33.35731267929077
v -9.23038303852081 -6.148730516433714 32.84446716308594
v -9.446741938591 -6.292855739593503 32.393202781677246
v -9.77903842926025 -6.514211893081662 32.05866575241089
v -10.186223983764645 -6.7854547500610325 31.880388259887695
v -10.619758367538449 -7.074248790740964 31.880388259887695
v -11.026943922042843 -7.345491647720334 32.05866575241089
v -11.359239816665646 -7.566847801208493 32.393202781677246
v -11.575598716735836 -7.7109730243682835 32.84446716308594
v -10.080189704895016 -9.579595923423764 34.12158250808716
v -9.89178121089935 -9.400544762611386 34.57284688949585
v -9.60241317749023 -9.125546813011166 34.90738391876221
v -9.247829914093014 -8.788572549819943 35.0856614112854
v -8.870303034782406 -8.429794311523434 35.0856614112854
v -8.515720367431637 -8.09282004833221 34.90738391876221
v -8.22635173797607 -7.817822098731992 34.57284688949585
v -8.037943840026852 -7.638770341873166 34.12158250808716
v -7.97197878360748 -7.576081156730649 33.608739376068115
v -8.037943840026852 -7.638770341873166 33.09589385986328
v -8.22635173797607 -7.817822098731992 32.64462947845459
v -8.515720367431637 -8.09282004833221 32.31009244918823
v -8.870303034782406 -8.429794311523434 32.13181495666504
v -9.247829914093014 -8.788572549819943 32.13181495666504
v -9.60241317749023 -9.125546813011166 32.31009244918823
v -9.89178121089935 -9.400544762611386 32.64462947845459
v -10.080189704895016 -9.579595923423764 33.09589385986328
v -8.285728096961972 -11.163718700408932 34.3730092048645
v -8.130860328674313 -10.955058336257931 34.82427358627319
v -7.893005013465879 -10.634585618972775 35.15881061553955
v -7.601544260978696 -10.241888761520382 35.337088108062744
v -7.291224002838132 -9.823780655860897 35.337088108062744
v -6.999763846397397 -9.431083202362057 35.15881061553955
v -6.761907935142514 -9.110609889030453 34.82427358627319
v -6.607040166854856 -8.9019501209259 34.3730092048645
v -6.552818417549131 -8.828894495964047 33.86016607284546
v -6.607040166854856 -8.9019501209259 33.347320556640625
v -6.761907935142514 -9.110609889030453 32.896058559417725
v -6.999763846397397 -9.431083202362057 32.561519145965576
v -7.291224002838132 -9.823780655860897 32.38324165344238
v -7.601544260978696 -10.241888761520382 32.38324165344238
v -7.893005013465879 -10.634585618972775 32.561519145965576
v -8.130860328674313 -10.955058336257931 32.896058559417725
v -8.285728096961972 -11.163718700408932 33.347320556640625
v -6.249328851699827 -12.421923875808712 34.624435901641846
v -6.132523417472838 -12.189745903015133 35.07570028305054
v -5.953125953674315 -11.833153963088986 35.410237312316895
v -5.7332980632781965 -11.396198272705075 35.58851480484009
v -5.499246120452879 -10.930967330932614 35.58851480484009
v -5.279418230056761 -10.494011640548703 35.410237312316895
v -5.100020766258238 -10.137419700622555 35.07570028305054
v -4.983215332031248 -9.905242323875424 34.624435901641846
v -4.942319393157957 -9.823952913284298 34.1115927696228
v -4.983215332031248 -9.905242323875424 33.59874725341797
v -5.100020766258238 -10.137419700622555 33.14748525619507
v -5.279418230056761 -10.494011640548703 32.81294584274292
v -5.499246120452879 -10.930967330932614 32.63466835021973
v -5.7332980632781965 -11.396198272705075 32.63466835021973
v -5.953125953674315 -11.833153963088986 32.81294584274292
v -6.132523417472838 -12.189745903015133 33.14748525619507
v -6.249328851699827 -12.421923875808712 33.59874725341797
v -4.028076529502867 -13.312923908233637 34.87586259841919
v -3.952788114547728 -13.06409358978271 35.32712697982788
v -3.8371554017066942 -12.681924104690546 35.66166400909424
v -3.6954629421234118 -12.213625907897946 35.83994150161743
v -3.544601798057555 -11.715024709701535 35.83994150161743
v -3.4029093384742723 -11.246726512908932 35.66166400909424
v -3.2872769236564623 -10.864557027816769 35.32712697982788
v -3.211988508701323 -10.615726709365841 34.87586259841919
v -3.1856286525726305 -10.52860617637634 34.36301946640015
v -3.211988508701323 -10.615726709365841 33.85017395019531
v -3.2872769236564623 -10.864557027816769 33.39891195297241
v -3.4029093384742723 -11.246726512908932 33.064372539520264
v -3.544601798057555 -11.715024709701535 32.88609504699707
v -3.6954629421234118 -12.213625907897946 32.88609504699707
v -3.8371554017066942 -12.681924104690546 33.064372539520264
v -3.952788114547728 -13.06409358978271 33.39891195297241
v -4.028076529502867 -13.312923908233637 33.85017395019531
v -1.6854056715965264 -13.802375793457026 35.12728929519653
v -1.6539038717746728 -13.544397354125971 35.578553676605225
v -1.6055215895175927 -13.148176670074458 35.91309070587158
v -1.5462353825569148 -12.662662267684931 36.091368198394775
v -1.4831128716468807 -12.145730257034298 36.091368198394775
v -1.4238266646862026 -11.660214662551876 35.91309070587158
v -1.3754443824291225 -11.263995170593258 35.578553676605225
v -1.3439425826072688 -11.006015539169308 35.12728929519653
v -1.3329131901264186 -10.915693044662472 34.61444616317749
v -1.3439425826072688 -11.006015539169308 34.101600646972656
v -1.3754443824291225 -11.263995170593258 33.650338649749756
v -1.4238266646862026 -11.660214662551876 33.31579923629761
v -1.4831128716468807 -12.145730257034298 33.137521743774414
v -1.5462353825569148 -12.662662267684931 33.137521743774414
v -1.6055215895175927 -13.148176670074458 33.31579923629761
v -1.6539038717746728 -13.544397354125971 33.650338649749756
v -1.6854056715965264 -13.802375793457026 34.101600646972656
v 0.7069708406925199 -13.884673118591303 35.37871599197388
v 0.6937569379806516 -13.625155687332148 35.82998037338257
v 0.6734621524810789 -13.226573467254633 36.164517402648926
v 0.6485936045646665 -12.738162279129023 36.34279489517212
v 0.6221158429980276 -12.218148708343502 36.34279489517212
v 0.5972472950816152 -11.729738712310787 36.164517402648926
v 0.5769525468349455 -11.331156492233273 35.82998037338257
v 0.5637386068701742 -11.071639060974118 35.37871599197388
v 0.5591121688485143 -10.980776548385617 34.865872859954834
v 0.5637386068701742 -11.071639060974118 34.35302734375
v 0.5769525468349455 -11.331156492233273 33.9017653465271
v 0.5972472950816152 -11.729738712310787 33.56722593307495
v 0.6221158429980276 -12.218148708343502 33.38894844055176
v 0.6485936045646665 -12.738162279129023 33.38894844055176
v 0.6734621524810789 -13.226573467254633 33.56722593307495
v 0.6937569379806516 -13.625155687332148 33.9017653465271
v 0.7069708406925199 -13.884673118591303 34.35302734375
v 3.078628480434417 -13.56147408485412 35.63014268875122
v 3.0210861563682547 -13.307996988296503 36.08140707015991
v 2.9327091574668875 -12.918692827224726 36.41594409942627
v 2.824414670467376 -12.441651821136471 36.59422159194946
v 2.7091127634048453 -11.93374156951904 36.59422159194946
v 2.6008182764053336 -11.456700563430783 36.41594409942627
v 2.5124409794807425 -11.067396402359005 36.08140707015991
v 2.4548986554145804 -10.813920497894284 35.63014268875122
v 2.4347519874572745 -10.725172758102413 35.11729955673218
v 2.4548986554145804 -10.813920497894284 34.604456424713135
v 2.5124409794807425 -11.067396402359005 34.15319204330444
v 2.6008182764053336 -11.456700563430783 33.818652629852295
v 2.7091127634048453 -11.93374156951904 33.64037752151489
v 2.824414670467376 -12.441651821136471 33.64037752151489
v 2.9327091574668875 -12.918692827224726 33.818652629852295
v 3.0210861563682547 -13.307996988296503 34.15319204330444
v 3.078628480434417 -13.56147408485412 34.604456424713135
v 5.358935594558714 -12.834677696228022 35.881569385528564
v 5.258772373199461 -12.594785690307612 36.332833766937256
v 5.104935169219969 -12.226345539093014 36.66737079620361
v 4.916428029537199 -11.774870157241818 36.84564828872681
v 4.71572309732437 -11.294180154800411 36.84564828872681
v 4.527216255664824 -10.84270596504211 36.66737079620361
v 4.3733790516853315 -10.474264621734616 36.332833766937256
v 4.273215532302855 -10.234372615814205 35.881569385528564
v 4.238146543502806 -10.150382518768307 35.36872625350952
v 4.273215532302855 -10.234372615814205 34.85588312149048
v 4.3733790516853315 -10.474264621734616 34.40461874008179
v 4.527216255664824 -10.84270596504211 34.07007932662964
v 4.71572309732437 -11.294180154800411 33.891804218292236
v 4.916428029537199 -11.774870157241818 33.891804218292236
v 5.104935169219969 -12.226345539093014 34.07007932662964
v 5.258772373199461 -12.594785690307612 34.40461874008179
v 5.358935594558714 -12.834677696228022 34.85588312149048
v 7.477731108665464 -11.721819639205929 36.13299608230591
v 7.337965369224546 -11.502728462219235 36.5842604637146
v 7.123304605484006 -11.166234016418453 36.91879749298096
v 6.8602663278579685 -10.753904581069943 37.09707498550415
v 6.580207943916318 -10.314894914627072 37.09707498550415
v 6.3171696662902805 -9.902565479278561 36.91879749298096
v 6.102508902549742 -9.566071629524227 36.5842604637146
v 5.962743163108824 -9.346979856491085 36.13299608230591
v 5.913808345794676 -9.270271658897396 35.620152950286865
v 5.962743163108824 -9.346979856491085 35.10730981826782
v 6.102508902549742 -9.566071629524227 34.65604543685913
v 6.3171696662902805 -9.902565479278561 34.32150602340698
v 6.580207943916318 -10.314894914627072 34.14323091506958
v 6.8602663278579685 -10.753904581069943 34.14323091506958
v 7.123304605484006 -11.166234016418453 34.32150602340698
v 7.337965369224546 -11.502728462219235 34.65604543685913
v 7.477731108665464 -11.721819639205929 35.10730981826782
v 9.37712490558624 -10.264791250228878 36.38442277908325
v 9.20185804367065 -10.07293343544006 36.83568716049194
v 8.93267214298248 -9.778265357017514 37.17022657394409
v 8.602820038795468 -9.417188763618466 37.348501682281494
v 8.251624703407284 -9.03274834156036 37.348501682281494
v 7.921773195266721 -8.671671748161312 37.17022657394409
v 7.65258729457855 -8.377003669738766 36.83568716049194
v 7.4773198366165134 -8.1851452589035 36.38442277908325
v 7.415955662727353 -8.117972612380978 35.87157964706421
v 7.4773198366165134 -8.1851452589035 35.358736515045166
v 7.65258729457855 -8.377003669738766 34.907472133636475
v 7.921773195266721 -8.671671748161312 34.572932720184326
v 8.251624703407284 -9.03274834156036 34.394657611846924
v 8.602820038795468 -9.417188763618466 34.394657611846924
v 8.93267214298248 -9.778265357017514 34.572932720184326
v 9.20185804367065 -10.07293343544006 34.907472133636475
v 9.37712490558624 -10.264791250228878 35.358736515045166
v 11.002048254013058 -8.507522940635678 36.635849475860596
v 10.79640984535217 -8.34850966930389 37.08711385726929
v 10.480577945709225 -8.1042867898941 37.421653270721436
v 10.093567371368405 -7.805024385452268 37.59992837905884
v 9.6815150976181 -7.486397624015805 37.59992837905884
v 9.29450452327728 -7.187135219573972 37.421653270721436
v 8.978672623634335 -6.94291293621063 37.08711385726929
v 8.773034214973446 -6.783899068832395 36.635849475860596
v 8.701036572456356 -6.728225946426389 36.12300634384155
v 8.773034214973446 -6.783899068832395 35.61016321182251
v 8.978672623634335 -6.94291293621063 35.15889883041382
v 9.29450452327728 -7.187135219573972 34.82436180114746
v 9.6815150976181 -7.486397624015805 34.64608430862427
v 10.093567371368405 -7.805024385452268 34.64608430862427
v 10.480577945709225 -8.1042867898941 34.82436180114746
v 10.79640984535217 -8.34850966930389 35.15889883041382
v 11.002048254013058 -8.507522940635678 35.61016321182251
v 12.297726869583126 -6.495245695114133 36.88727617263794
v 12.067871093749996 -6.373843550682065 37.33854055404663
v 11.714844703674313 -6.187387108802794 37.67307996749878
v 11.282256841659542 -5.958908796310423 37.85135507583618
v 10.821677446365353 -5.715646743774412 37.85135507583618
v 10.389090776443478 -5.487168431282042 37.67307996749878
v 10.036064386367794 -5.3007113933563215 37.33854055404663
v 9.806208014488217 -5.179309248924254 36.88727617263794
v 9.72573101520538 -5.136804580688475 36.3744330406189
v 9.806208014488217 -5.179309248924254 35.86158990859985
v 10.036064386367794 -5.3007113933563215 35.41032552719116
v 10.389090776443478 -5.487168431282042 35.075788497924805
v 10.821677446365353 -5.715646743774412 34.89751100540161
v 11.282256841659542 -5.958908796310423 34.89751100540161
v 11.714844703674313 -6.187387108802794 35.075788497924805
v 12.067871093749996 -6.373843550682065 35.41032552719116
v 12.297726869583126 -6.495245695114133 35.86158990859985
v 13.22506189346313 -4.288791716098784 37.13870286941528
v 12.977873086929316 -4.208630323410032 37.589967250823975
v 12.598226070404047 -4.0855133533477765 37.92450666427612
v 12.133018970489498 -3.934650123119353 38.102781772613525
v 11.637707948684689 -3.7740245461463915 38.102781772613525
v 11.172500848770138 -3.6231610178947435 37.92450666427612
v 10.79285383224487 -3.5000443458557116 37.589967250823975
v 10.545665025711056 -3.4198829531669603 37.13870286941528
v 10.459120273590084 -3.391816914081572 36.62585973739624
v 10.545665025711056 -3.4198829531669603 36.1130166053772
v 10.79285383224487 -3.5000443458557116 35.661752223968506
v 11.172500848770138 -3.6231610178947435 35.32721519470215
v 11.637707948684689 -3.7740245461463915 35.148937702178955
v 12.133018970489498 -3.934650123119353 35.148937702178955
v 12.598226070404047 -4.0855133533477765 35.32721519470215
v 12.977873086929316 -4.208630323410032 35.661752223968506
v 13.22506189346313 -4.288791716098784 36.1130166053772
v 13.765513896942133 -1.9567252695560449 37.39013195037842
v 13.508223295211787 -1.920152306556701 37.84139394760132
v 13.11306238174438 -1.8639811873435967 38.17593336105347
v 12.62884378433227 -1.795151084661483 38.35421085357666
v 12.113292217254635 -1.7218670248985284 38.35421085357666
v 11.629073619842526 -1.6530369222164147 38.17593336105347
v 11.233911514282223 -1.5968658030033105 37.84139394760132
v 10.976622104644772 -1.5602928400039668 37.39013195037842
v 10.886539220809933 -1.5474879741668697 36.877286434173584
v 10.976622104644772 -1.5602928400039668 36.36444330215454
v 11.233911514282223 -1.5968658030033105 35.91317892074585
v 11.629073619842526 -1.6530369222164147 35.57864189147949
v 12.113292217254635 -1.7218670248985284 35.4003643989563
v 12.62884378433227 -1.795151084661483 35.4003643989563
v 13.11306238174438 -1.8639811873435967 35.57864189147949
v 13.508223295211787 -1.920152306556701 35.91317892074585
v 13.765513896942133 -1.9567252695560449 36.36444330215454
v 13.90181422233581 0.4326593875885008 37.64155864715576
v 13.641976118087763 0.42457260191440566 38.09282064437866
v 13.242901563644404 0.4121523723006247 38.42736005783081
v 12.753888368606562 0.3969330713152884 38.605637550354004
v 12.233232259750363 0.38072895258665074 38.605637550354004
v 11.74421906471252 0.36550961434841145 38.42736005783081
v 11.345144510269161 0.35308942198753346 38.09282064437866
v 11.08530759811401 0.3450026363134383 37.64155864715576
v 10.994333028793331 0.3421713039278983 37.12871313095093
v 11.08530759811401 0.3450026363134383 36.615869998931885
v 11.345144510269161 0.35308942198753346 36.16460561752319
v 11.74421906471252 0.36550961434841145 35.830068588256836
v 12.233232259750363 0.38072895258665074 35.65179109573364
v 12.753888368606562 0.3969330713152884 35.65179109573364
v 13.242901563644404 0.4121523723006247 35.830068588256836
v 13.641976118087763 0.42457260191440566 36.16460561752319
v 13.90181422233581 0.4326593875885008 36.615869998931885
v 13.619781732559199 2.8093144297599784 37.892985343933105
v 13.365215063095087 2.756805717945098 38.344247341156006
v 12.974237203598017 2.676159739494323 38.678786754608154
v 12.495144605636593 2.5773388147354117 38.85706424713135
v 11.985051631927487 2.472123205661773 38.85706424713135
v 11.505959033966061 2.3733021318912497 38.678786754608154
v 11.11498117446899 2.2926561534404746 38.344247341156006
v 10.86041450500488 2.240147441625594 37.892985343933105
v 10.771286487579342 2.2217632830142966 37.38013982772827
v 10.86041450500488 2.240147441625594 36.86729669570923
v 11.11498117446899 2.2926561534404746 36.41603231430054
v 11.505959033966061 2.3733021318912497 36.08149528503418
v 11.985051631927487 2.472123205661773 35.903217792510986
v 12.495144605636593 2.5773388147354117 35.903217792510986
v 12.974237203598017 2.676159739494323 36.08149528503418
v 13.365215063095087 2.756805717945098 36.41603231430054
v 13.619781732559199 2.8093144297599784 36.86729669570923
v 12.932595014572138 5.102131962776182 38.14441204071045
v 12.690873146057124 5.006768703460692 38.59567403793335
v 12.319620847702023 4.86030340194702 38.9302134513855
v 11.864701509475704 4.680829942226408 39.10849094390869
v 11.380345821380612 4.489742815494536 39.10849094390869
v 10.925425291061398 4.3102690577507 38.9302134513855
v 10.55417418479919 4.163804054260252 38.59567403793335
v 10.312452316284176 4.0684404969215375 38.14441204071045
v 10.227820873260494 4.035052061080931 37.631566524505615
v 10.312452316284176 4.0684404969215375 37.11872339248657
v 10.55417418479919 4.163804054260252 36.66745901107788
v 10.925425291061398 4.3102690577507 36.33292198181152
v 11.380345821380612 4.489742815494536 36.15464448928833
v 11.864701509475704 4.680829942226408 36.15464448928833
v 12.319620847702023 4.86030340194702 36.33292198181152
v 12.690873146057124 5.006768703460692 36.66745901107788
v 12.932595014572138 5.102131962776182 37.11872339248657
v 11.867698431015011 7.246011495590207 38.39583873748779
v 11.645879745483395 7.110577225685117 38.84710073471069
v 11.30519866943359 6.902568340301511 39.18164014816284
v 10.887737274169918 6.647680997848508 39.359917640686035
v 10.443264245986935 6.376301050186155 39.359917640686035
v 10.025804042816159 6.1214137077331525 39.18164014816284
v 9.685121774673458 5.913404822349547 38.84710073471069
v 9.46330368518829 5.7779699563980085 38.39583873748779
v 9.3856406211853 5.730552077293394 37.88299322128296
v 9.46330368518829 5.7779699563980085 37.370150089263916
v 9.685121774673458 5.913404822349547 36.918885707855225
v 10.025804042816159 6.1214137077331525 36.58434867858887
v 10.443264245986935 6.376301050186155 36.406071186065674
v 10.887737274169918 6.647680997848508 36.406071186065674
v 11.30519866943359 6.902568340301511 36.58434867858887
v 11.645879745483395 7.110577225685117 36.918885707855225
v 11.867698431015011 7.246011495590207 37.370150089263916
v 10.452660322189328 9.176127314567562 38.64726543426514
v 10.257290601730343 9.004617333412167 39.09852981567383
v 9.957230091094967 8.741201162338253 39.433066844940186
v 9.589545130729672 8.418419957160946 39.61134433746338
v 9.198067784309384 8.074752092361447 39.61134433746338
v 8.830382823944088 7.75197088718414 39.433066844940186
v 8.530322313308712 7.488554716110227 39.09852981567383
v 8.33495199680328 7.317044734954831 38.64726543426514
v 8.266549706459042 7.256995439529416 38.1344199180603
v 8.33495199680328 7.317044734954831 37.62157678604126
v 8.530322313308712 7.488554716110227 37.17031240463257
v 8.830382823944088 7.75197088718414 36.83577537536621
v 9.198067784309384 8.074752092361447 36.65749788284302
v 9.589545130729672 8.418419957160946 36.65749788284302
v 9.957230091094967 8.741201162338253 36.83577537536621
v 10.257290601730343 9.004617333412167 37.17031240463257
v 10.452660322189328 9.176127314567562 37.62157678604126
v 8.722314834594723 10.829529762268063 38.89869213104248
v 8.559287190437313 10.627115964889523 39.34995651245117
v 8.308898806571957 10.316236019134518 39.68449354171753
v 8.002080321311947 9.935294389724728 39.86277103424072
v 7.675409317016599 9.529702663421627 39.86277103424072
v 7.368591427803037 9.148761034011837 39.68449354171753
v 7.118202447891233 8.83788168430328 39.34995651245117
v 6.955174803733823 8.63546788692474 38.89869213104248
v 6.898095607757566 8.564598560333248 38.38584661483765
v 6.955174803733823 8.63546788692474 37.8730034828186
v 7.118202447891233 8.83788168430328 37.42173910140991
v 7.368591427803037 9.148761034011837 37.087202072143555
v 7.675409317016599 9.529702663421627 36.90892457962036
v 8.002080321311947 9.935294389724728 36.90892457962036
v 8.308898806571957 10.316236019134518 37.087202072143555
v 8.559287190437313 10.627115964889523 37.42173910140991
v 8.722314834594723 10.829529762268063 37.8730034828186
v 6.734212040901181 12.162746191024777 39.150118827819824
v 6.6083437204360935 11.935412883758541 39.601383209228516
v 6.415026783943174 11.586260795593258 39.93592023849487
v 6.178143024444578 11.15842223167419 40.114197731018066
v 5.925930738449095 10.70289850234985 40.114197731018066
v 5.689046382904051 10.275058746337887 39.93592023849487
v 5.495730042457579 9.925907254219052 39.601383209228516
v 5.369861125946043 9.698573946952816 39.150118827819824
v 5.325792431831358 9.618980884551998 38.63727331161499
v 5.369861125946043 9.698573946952816 38.12443017959595
v 5.495730042457579 9.925907254219052 37.673165798187256
v 5.689046382904051 10.275058746337887 37.3386287689209
v 5.925930738449095 10.70289850234985 37.160351276397705
v 6.178143024444578 11.15842223167419 37.160351276397705
v 6.415026783943174 11.586260795593258 37.3386287689209
v 6.6083437204360935 11.935412883758541 37.673165798187256
v 6.734212040901181 12.162746191024777 38.12443017959595
v 4.549525082111357 13.140834569931025 39.40154552459717
v 4.46449041366577 12.895220518112177 39.85280990600586
v 4.333888590335844 12.517991065978999 40.18734931945801
v 4.173853695392607 12.055746316909786 40.36562442779541
v 4.003463089466093 11.563590764999386 40.36562442779541
v 3.8434281945228563 11.101346015930172 40.18734931945801
v 3.712826371192931 10.724116563796994 39.85280990600586
v 3.6277917027473436 10.478502511978146 39.40154552459717
v 3.59801948070526 10.392508506774899 38.888700008392334
v 3.6277917027473436 10.478502511978146 38.37585687637329
v 3.712826371192931 10.724116563796994 37.9245924949646
v 3.8434281945228563 11.101346015930172 37.59005546569824
v 4.003463089466093 11.563590764999386 37.41177797317505
v 4.173853695392607 12.055746316909786 37.41177797317505
v 4.333888590335844 12.517991065978999 37.59005546569824
v 4.46449041366577 12.895220518112177 37.9245924949646
v 4.549525082111357 13.140834569931025 38.37585687637329
v 2.2295679152011862 13.728884458541865 39.65297222137451
v 2.18789517879486 13.472279310226435 40.1042366027832
v 2.1238918602466574 13.07816863059997 40.43877601623535
v 2.0454640686511985 12.595238685607905 40.617051124572754
v 1.961961388587951 12.081059217453 40.617051124572754
v 1.883533746004104 11.598129272460934 40.43877601623535
v 1.8195302784442895 11.204018592834469 40.1042366027832
v 1.7778575420379632 10.94741344451904 39.65297222137451
v 1.7632672190666192 10.857571363449093 39.14012908935547
v 1.7778575420379632 10.94741344451904 38.627283573150635
v 1.8195302784442895 11.204018592834469 38.17601919174194
v 1.883533746004104 11.598129272460934 37.841482162475586
v 1.961961388587951 12.081059217453 37.66320466995239
v 2.0454640686511985 12.595238685607905 37.66320466995239
v 2.1238918602466574 13.07816863059997 37.841482162475586
v 2.18789517879486 13.472279310226435 38.17601919174194
v 2.2295679152011862 13.728884458541865 38.627283573150635
v -0.157314334064722 13.903317451477045 39.904398918151855
v -0.15437399037182326 13.643451929092402 40.35566329956055
v -0.1498580258339643 13.244334459304804 40.690202713012695
v -0.1443243026733398 12.75526881217956 40.8684778213501
v -0.13843250460922712 12.234556674957272 40.8684778213501
v -0.13289878144860262 11.745489835739132 40.690202713012695
v -0.12838281691074366 11.346372365951535 40.35566329956055
v -0.12544246390461916 11.086506843566891 39.904398918151855
v -0.12441299855709072 10.995522737503048 39.39155578613281
v -0.12544246390461916 11.086506843566891 38.87871026992798
v -0.12838281691074366 11.346372365951535 38.42744588851929
v -0.13289878144860262 11.745489835739132 38.09290885925293
v -0.13843250460922712 12.234556674957272 37.914631366729736
v -0.1443243026733398 12.75526881217956 37.914631366729736
v -0.1498580258339643 13.244334459304804 38.09290885925293
v -0.15437399037182326 13.643451929092402 38.42744588851929
v -0.157314334064722 13.903317451477045 38.87871026992798
v -2.5396695733070365 13.668977022171015 40.1558256149292
v -2.492200881242751 13.413491249084467 40.60708999633789
v -2.419295459985732 13.02110075950622 40.94162940979004
v -2.329959571361541 12.540278434753413 41.11990451812744
v -2.2348429262638083 12.028342485427853 41.11990451812744
v -2.145506888628005 11.54751896858215 40.94162940979004
v -2.072601467370986 11.155128479003903 40.60708999633789
v -2.0251327753067008 10.899642705917355 40.1558256149292
v -2.0085130631923667 10.81019282341003 39.642982482910156
v -2.0251327753067008 10.899642705917355 39.13013696670532
v -2.072601467370986 11.155128479003903 38.67887258529663
v -2.145506888628005 11.54751896858215 38.34433555603027
v -2.2348429262638083 12.028342485427853 38.16605806350708
v -2.329959571361541 12.540278434753413 38.16605806350708
v -2.419295459985732 13.02110075950622 38.34433555603027
v -2.492200881242751 13.413491249084467 38.67887258529663
v -2.5396695733070365 13.668977022171015 39.13013696670532
v -4.8476561903953534 13.035053014755244 40.40725231170654
v -4.757049083709715 12.791415452957148 40.858516693115234
v -4.617888927459715 12.41722226142883 41.19305610656738
v -4.447366893291472 11.958699226379391 41.371331214904785
v -4.265810549259184 11.470504999160763 41.371331214904785
v -4.095288515090941 11.011981964111325 41.19305610656738
v -3.956128358840941 10.637788772583004 40.858516693115234
v -3.8655212521553026 10.394151210784909 40.40725231170654
v -3.8337981700897203 10.308849811553952 39.8944091796875
v -3.8655212521553026 10.394151210784909 39.381563663482666
v -3.956128358840941 10.637788772583004 38.930299282073975
v -4.095288515090941 11.011981964111325 38.59576225280762
v -4.265810549259184 11.470504999160763 38.417484760284424
v -4.447366893291472 11.958699226379391 38.417484760284424
v -4.617888927459715 12.41722226142883 38.59576225280762
v -4.757049083709715 12.791415452957148 38.930299282073975
v -4.8476561903953534 13.035053014755244 39.381563663482666
v -7.011088132858274 12.011528015136715 40.65867900848389
v -6.880044937133786 11.787021160125729 41.10994338989258
v -6.678779721260068 11.442210674285885 41.44448280334473
v -6.432156562805173 11.019691228866574 41.62275791168213
v -6.169574260711668 10.569829940795895 41.62275791168213
v -5.922951102256773 10.147310495376583 41.44448280334473
v -5.721685886383055 9.802499413490292 41.10994338989258
v -5.59064209461212 9.577993154525753 40.65867900848389
v -5.544761419296263 9.499389529228207 40.145835876464844
v -5.59064209461212 9.577993154525753 39.63299036026001
v -5.721685886383055 9.802499413490292 39.18172836303711
v -5.922951102256773 10.147310495376583 38.84718894958496
v -6.169574260711668 10.569829940795895 38.66891145706177
v -6.432156562805173 11.019691228866574 38.66891145706177
v -6.678779721260068 11.442210674285885 38.84718894958496
v -6.880044937133786 11.787021160125729 39.18172836303711
v -7.011088132858274 12.011528015136715 39.63299036026001
v -8.963912129402157 10.627837181091305 40.91010570526123
v -8.796368837356564 10.42919278144836 41.36137008666992
v -8.539044857025143 10.124104022979733 41.69590950012207
v -8.223727941513058 9.75025653839111 41.87418460845947
v -7.888008356094358 9.352218508720394 41.87418460845947
v -7.5726920366287205 8.978371620178219 41.69590950012207
v -7.3153680562973 8.673282265663143 41.36137008666992
v -7.147824168205259 8.474637866020199 40.91010570526123
v -7.089164257049558 8.405088782310482 40.39726257324219
v -7.147824168205259 8.474637866020199 39.88441705703735
v -7.3153680562973 8.673282265663143 39.43315505981445
v -7.5726920366287205 8.978371620178219 39.098615646362305
v -7.888008356094358 9.352218508720394 38.92033815383911
v -8.223727941513058 9.75025653839111 38.92033815383911
v -8.539044857025143 10.124104022979733 39.098615646362305
v -8.796368837356564 10.42919278144836 39.43315505981445
v -8.963912129402157 10.627837181091305 39.88441705703735
v -10.654326677322384 8.932794332504269 41.161532402038574
v -10.455187559127804 8.765832781791683 41.612796783447266
v -10.149338245391842 8.509401679038998 41.947336196899414
v -9.77455914020538 8.195180296897885 42.125611305236816
v -9.375529289245602 7.8606253862380955 42.125611305236816
v -9.00075018405914 7.546404004096982 41.947336196899414
v -8.69490027427673 7.289972901344297 41.612796783447266
v -8.49576115608215 7.1230107545852634 41.161532402038574
v -8.426038622856137 7.064554691314695 40.64868927001953
v -8.49576115608215 7.1230107545852634 40.13584613800049
v -8.69490027427673 7.289972901344297 39.6845817565918
v -9.00075018405914 7.546404004096982 39.35004234313965
v -9.375529289245602 7.8606253862380955 39.171764850616455
v -9.77455914020538 8.195180296897885 39.171764850616455
v -10.149338245391842 8.509401679038998 39.35004234313965
v -10.455187559127804 8.765832781791683 39.6845817565918
v -10.654326677322384 8.932794332504269 40.13584613800049
v -12.032283544540402 6.9759726524353 41.41295909881592
v -11.807389259338375 6.84558570384979 41.86422348022461
v -11.461982727050778 6.645328402519223 42.19876289367676
v -11.03873252868652 6.3999402523040745 42.37703800201416
v -10.588095188140866 6.138673424720762 42.37703800201416
v -10.164844989776608 5.8932852745056135 42.19876289367676
v -9.81943845748901 5.693028569221495 41.86422348022461
v -9.594543576240536 5.562641024589537 41.41295909881592
v -9.515804052352902 5.516990423202513 40.900115966796875
v -9.594543576240536 5.562641024589537 40.38727283477783
v -9.81943845748901 5.693028569221495 39.93600845336914
v -10.164844989776608 5.8932852745056135 39.60146903991699
v -10.588095188140866 6.138673424720762 39.4231915473938
v -11.03873252868652 6.3999402523040745 39.4231915473938
v -11.461982727050778 6.645328402519223 39.60146903991699
v -11.807389259338375 6.84558570384979 39.93600845336914
v -12.032283544540402 6.9759726524353 40.38727283477783
v -13.048877716064448 4.809275567531584 41.66438579559326
v -12.804981470108027 4.719385802745817 42.11565017700195
v -12.4303925037384 4.58132743835449 42.4501895904541
v -11.971381902694699 4.41215544939041 42.628464698791504
v -11.48267030715942 4.2320364713668805 42.628464698791504
v -11.023660898208615 4.0628644824028 42.4501895904541
v -10.64907073974609 3.924806416034697 42.11565017700195
v -10.405175685882565 3.8349166512489306 41.66438579559326
v -10.31978368759155 3.8034445047378527 41.15154266357422
v -10.405175685882565 3.8349166512489306 40.638699531555176
v -10.64907073974609 3.924806416034697 40.187435150146484
v -11.023660898208615 4.0628644824028 39.852895736694336
v -11.48267030715942 4.2320364713668805 39.674620628356934
v -11.971381902694699 4.41215544939041 39.674620628356934
v -12.4303925037384 4.58132743835449 39.852895736694336
v -12.804981470108027 4.719385802745817 40.187435150146484
v -13.048877716064448 4.809275567531584 40.638699531555176
v -13.676247596740717 2.4994397163391104 41.915812492370605
v -13.420625925064082 2.4527229368686667 42.3670768737793
v -13.02802681922912 2.380972355604171 42.701616287231445
v -12.546948194503779 2.2930516302585593 42.87989139556885
v -12.034740447998043 2.1994416415691367 42.87989139556885
v -11.553661823272702 2.111520767211913 42.701616287231445
v -11.161061525344845 2.0397703349590293 42.3670768737793
v -10.905441045761105 1.9930534064769738 41.915812492370605
v -10.815942287445065 1.976696997880935 41.40296936035156
v -10.905441045761105 1.9930534064769738 40.89012622833252
v -11.161061525344845 2.0397703349590293 40.43886184692383
v -11.553661823272702 2.111520767211913 40.10432243347168
v -12.034740447998043 2.1994416415691367 39.92604732513428
v -12.546948194503779 2.2930516302585593 39.92604732513428
v -13.02802681922912 2.380972355604171 40.10432243347168
v -13.420625925064082 2.4527229368686667 40.43886184692383
v -13.676247596740717 2.4994397163391104 40.89012622833252
v -13.904048204421992 0.11647655628621574 42.16723918914795
v -13.644168376922602 0.11429950594902034 42.61850357055664
v -13.245029449462885 0.11095585301518436 42.95304298400879
v -12.75593757629394 0.1068586483597755 43.13131809234619
v -12.235198020935055 0.10249632410705085 43.13131809234619
v -11.746107339859005 0.098399119451642 42.95304298400879
v -11.346968412399288 0.09505546651780603 42.61850357055664
v -11.087088584899899 0.09287841618061063 42.16723918914795
v -10.996099710464474 0.09211618453264234 41.654396057128906
v -11.087088584899899 0.09287841618061063 41.14155292510986
v -11.346968412399288 0.09505546651780603 40.69028854370117
v -11.746107339859005 0.098399119451642 40.35574913024902
v -12.235198020935055 0.10249632410705085 40.17747402191162
v -12.75593757629394 0.1068586483597755 40.17747402191162
v -13.245029449462885 0.11095585301518436 40.35574913024902
v -13.644168376922602 0.11429950594902034 40.69028854370117
v -13.904048204421992 0.11647655628621574 41.14155292510986
v -13.722420930862421 -2.269863486289977 42.41866588592529
v -13.465936183929438 -2.227437645196914 42.869930267333984
v -13.072011470794672 -2.162277549505233 43.20446968078613
v -12.589308023452753 -2.082432359457015 43.382744789123535
v -12.075371742248532 -1.9974204897880548 43.382744789123535
v -11.592668294906613 -1.917575299739837 43.20446968078613
v -11.198743581771847 -1.852415204048156 42.869930267333984
v -10.942258834838864 -1.8099893629550927 42.41866588592529
v -10.85245847702026 -1.7951352894306176 41.90582275390625
v -10.942258834838864 -1.8099893629550927 41.39297962188721
v -11.198743581771847 -1.852415204048156 40.941715240478516
v -11.592668294906613 -1.917575299739837 40.60717582702637
v -12.075371742248532 -1.9974204897880548 40.428900718688965
v -12.589308023452753 -2.082432359457015 40.428900718688965
v -13.072011470794672 -2.162277549505233 40.60717582702637
v -13.465936183929438 -2.227437645196914 40.941715240478516
v -13.722420930862421 -2.269863486289977 41.39297962188721
v -13.1270682811737 -4.587945640087126 42.67009258270264
v -12.881710529327387 -4.502192735671995 43.12135696411133
v -12.504876852035517 -4.370488226413725 43.45589637756348
v -12.043116092681881 -4.209101498126982 43.63417148590088
v -11.551476716995236 -4.03727203607559 43.63417148590088
v -11.089715957641598 -3.8758856058120714 43.45589637756348
v -10.712881088256832 -3.744181096553801 43.12135696411133
v -10.467524528503414 -3.6584281921386705 42.67009258270264
v -10.381621122360226 -3.6284044384956347 42.157249450683594
v -10.467524528503414 -3.6584281921386705 41.64440631866455
v -10.712881088256832 -3.744181096553801 41.19314193725586
v -11.089715957641598 -3.8758856058120714 40.85860252380371
v -11.551476716995236 -4.03727203607559 40.68032741546631
v -12.043116092681881 -4.209101498126982 40.68032741546631
v -12.504876852035517 -4.370488226413725 40.85860252380371
v -12.881710529327387 -4.502192735671995 41.19314193725586
v -13.1270682811737 -4.587945640087126 41.64440631866455
v -12.142868041992184 -6.769943833351133 42.92151927947998
v -11.915906667709347 -6.643407344818113 43.37278366088867
v -11.567325592041012 -6.449064612388608 43.70732307434082
v -11.140185594558712 -6.2109237909317 43.88559818267822
v -10.685406923294064 -5.957373380661009 43.88559818267822
v -10.258266925811764 -5.7192325592041 43.70732307434082
v -9.909685254096981 -5.524889826774595 43.37278366088867
v -9.682723879814144 -5.398353338241575 42.92151927947998
v -9.603260755538937 -5.354050993919371 42.40867614746094
v -9.682723879814144 -5.398353338241575 41.895833015441895
v -9.909685254096981 -5.524889826774595 41.4445686340332
v -10.258266925811764 -5.7192325592041 41.110029220581055
v -10.685406923294064 -5.957373380661009 40.93175411224365
v -11.140185594558712 -6.2109237909317 40.93175411224365
v -11.567325592041012 -6.449064612388608 41.110029220581055
v -11.915906667709347 -6.643407344818113 41.4445686340332
v -12.142868041992184 -6.769943833351133 41.895833015441895
v -10.80416917800903 -8.754302263259884 43.172945976257324
v -10.602229833602902 -8.59067618846893 43.624210357666016
v -10.292078256607052 -8.339369297027584 43.958749771118164
v -9.912028312683102 -8.031426072120663 44.137024879455566
v -9.507386684417721 -7.703557014465329 44.137024879455566
v -9.12733674049377 -7.395613789558408 43.958749771118164
v -8.817185163497921 -7.144306898117063 43.624210357666016
v -8.615245819091793 -6.980680823326108 43.172945976257324
v -8.544542789459225 -6.923392415046689 42.66010284423828
v -8.615245819091793 -6.980680823326108 42.14725971221924
v -8.817185163497921 -7.144306898117063 41.69599533081055
v -9.12733674049377 -7.395613789558408 41.3614559173584
v -9.507386684417721 -7.703557014465329 41.183180809020996
v -9.912028312683102 -8.031426072120663 41.183180809020996
v -10.292078256607052 -8.339369297027584 41.3614559173584
v -10.602229833602902 -8.59067618846893 41.69599533081055
v -10.80416917800903 -8.754302263259884 42.14725971221924
v -9.145361185073849 -10.479495525360104 43.42437267303467
v -8.974425792694088 -10.283625125885006 43.87563705444336
v -8.711892962455746 -9.982793331146237 44.21017646789551
v -8.39019417762756 -9.614164233207699 44.38845157623291
v -8.047678470611569 -9.221682548522946 44.38845157623291
v -7.725979089736936 -8.853053450584408 44.21017646789551
v -7.463446855545041 -8.552222251892086 43.87563705444336
v -7.2925114631652805 -8.356350660324093 43.42437267303467
v -7.232663631439206 -8.287772536277767 42.911529541015625
v -7.2925114631652805 -8.356350660324093 42.39868640899658
v -7.463446855545041 -8.552222251892086 41.94742202758789
v -7.725979089736936 -8.853053450584408 41.61288261413574
v -8.047678470611569 -9.221682548522946 41.43460750579834
v -8.39019417762756 -9.614164233207699 41.43460750579834
v -8.711892962455746 -9.982793331146237 41.61288261413574
v -8.974425792694088 -10.283625125885006 41.94742202758789
v -9.145361185073849 -10.479495525360104 42.39868640899658
v -7.210947871208188 -11.888628005981442 43.67579936981201
v -7.0761686563491795 -11.666419506072994 44.1270637512207
v -6.86916649341583 -11.325136423110958 44.46160316467285
v -6.61551237106323 -10.906939506530758 44.639878273010254
v -6.345445513725278 -10.46168208122253 44.639878273010254
v -6.091791391372679 -10.04348516464233 44.46160316467285
v -5.884789228439329 -9.702202677726742 44.1270637512207
v -5.7500100135803205 -9.4799929857254 43.67579936981201
v -5.7028216123580915 -9.402193427085873 43.16295623779297
v -5.7500100135803205 -9.4799929857254 42.650113105773926
v -5.884789228439329 -9.702202677726742 42.198848724365234
v -6.091791391372679 -10.04348516464233 41.864309310913086
v -6.345445513725278 -10.46168208122253 41.686034202575684
v -6.61551237106323 -10.906939506530758 41.686034202575684
v -6.86916649341583 -11.325136423110958 41.864309310913086
v -7.0761686563491795 -11.666419506072994 42.198848724365234
v -7.210947871208188 -11.888628005981442 42.650113105773926
v -5.064114332199095 -12.94763565063476 43.927226066589355
v -4.969461560249327 -12.705632448196406 44.37849044799805
v -4.824087619781492 -12.333949804306027 44.713029861450195
v -4.645951390266417 -11.878501176834103 44.8913049697876
v -4.456288218498228 -11.39358043670654 44.8913049697876
v -4.2781519889831525 -10.938131809234616 44.713029861450195
v -4.132778048515318 -10.566449165344235 44.37849044799805
v -4.03812527656555 -10.32444596290588 43.927226066589355
v -4.004985392093657 -10.239715576171871 43.41438293457031
v -4.03812527656555 -10.32444596290588 42.90153980255127
v -4.132778048515318 -10.566449165344235 42.45027542114258
v -4.2781519889831525 -10.938131809234616 42.11573600769043
v -4.456288218498228 -11.39358043670654 41.93746089935303
v -4.645951390266417 -11.878501176834103 41.93746089935303
v -4.824087619781492 -12.333949804306027 42.11573600769043
v -4.969461560249327 -12.705632448196406 42.45027542114258
v -5.064114332199095 -12.94763565063476 42.90153980255127
v -2.7694204449653617 -13.62833142280578 44.1786527633667
v -2.7176573872566214 -13.373605012893671 44.62991714477539
v -2.6381564140319815 -12.982381582260127 44.96445655822754
v -2.540738880634307 -12.502988576889033 45.14273166656494
v -2.437017410993575 -11.992574930191036 45.14273166656494
v -2.3395997285842887 -11.513181924819943 44.96445655822754
v -2.2600989043712607 -11.121958494186398 44.62991714477539
v -2.2083359956741324 -10.867232084274288 44.1786527633667
v -2.190212756395339 -10.778048038482662 43.665809631347656
v -2.2083359956741324 -10.867232084274288 43.15296649932861
v -2.2600989043712607 -11.121958494186398 42.70170211791992
v -2.3395997285842887 -11.513181924819943 42.36716270446777
v -2.437017410993575 -11.992574930191036 42.18888759613037
v -2.540738880634307 -12.502988576889033 42.18888759613037
v -2.6381564140319815 -12.982381582260127 42.36716270446777
v -2.7176573872566214 -13.373605012893671 42.70170211791992
v -2.7694204449653617 -13.62833142280578 43.15296649932861
v -0.39187617599964125 -13.902782201766962 44.43007946014404
v -0.38455165922641743 -13.642927408218378 44.881343841552734
v -0.37330221384763707 -13.243824243545527 45.21588325500488
v -0.35951748490333546 -12.75477766990661 45.394158363342285
v -0.3448408097028731 -12.23408460617065 45.394158363342285
v -0.3310560807585715 -11.745038032531735 45.21588325500488
v -0.31980663537979115 -11.345936059951779 44.881343841552734
v -0.3124820999801158 -11.0860800743103 44.43007946014404
v -0.3099176473915576 -10.995099544525143 43.917236328125
v -0.3124820999801158 -11.0860800743103 43.40439319610596
v -0.31980663537979115 -11.345936059951779 42.953128814697266
v -0.3310560807585715 -11.745038032531735 42.61858940124512
v -0.3448408097028731 -12.23408460617065 42.440314292907715
v -0.35951748490333546 -12.75477766990661 42.440314292907715
v -0.37330221384763707 -13.243824243545527 42.61858940124512
v -0.38455165922641743 -13.642927408218378 42.953128814697266
v -0.39187617599964125 -13.902782201766962 43.40439319610596
v 1.9971284270286553 -13.759428262710566 44.68150615692139
v 1.9598002731800073 -13.502252101898188 45.13277053833008
v 1.9024693965911859 -13.107265233993525 45.46730995178223
v 1.832218021154403 -12.623260021209711 45.64558506011963
v 1.757420748472213 -12.107937335968014 45.64558506011963
v 1.6871693730354302 -11.6239321231842 45.46730995178223
v 1.6298384964466088 -11.228945255279537 45.13277053833008
v 1.5925103425979608 -10.97176909446716 44.68150615692139
v 1.5794409811496728 -10.881726741790768 44.168663024902344
v 1.5925103425979608 -10.97176909446716 43.6558198928833
v 1.6298384964466088 -11.228945255279537 43.20455551147461
v 1.6871693730354302 -11.6239321231842 42.87001609802246
v 1.757420748472213 -12.107937335968014 42.69174098968506
v 1.832218021154403 -12.623260021209711 42.69174098968506
v 1.9024693965911859 -13.107265233993525 42.87001609802246
v 1.9598002731800073 -13.502252101898188 43.20455551147461
v 1.9971284270286553 -13.759428262710566 43.6558198928833
v 4.327717423439024 -13.2125973701477 44.93293285369873
v 4.246828258037565 -12.965642213821406 45.38419723510742
v 4.122593998908995 -12.58635282516479 45.71873664855957
v 3.9703613519668566 -12.121583223342892 45.89701175689697
v 3.808278143405913 -11.626740694046017 45.89701175689697
v 3.6560454964637743 -11.161971092224118 45.71873664855957
v 3.5318112373352037 -10.782681703567501 45.38419723510742
v 3.450922071933745 -10.535726547241207 44.93293285369873
v 3.422601521015166 -10.44926285743713 44.42008972167969
v 3.450922071933745 -10.535726547241207 43.907246589660645
v 3.5318112373352037 -10.782681703567501 43.45598220825195
v 3.6560454964637743 -11.161971092224118 43.121442794799805
v 3.808278143405913 -11.626740694046017 42.9431676864624
v 3.9703613519668566 -12.121583223342892 42.9431676864624
v 4.122593998908995 -12.58635282516479 43.121442794799805
v 4.246828258037565 -12.965642213821406 43.45598220825195
v 4.327717423439024 -13.2125973701477 43.907246589660645
v 6.531434059143064 -12.278904914855953 45.184359550476074
v 6.409355401992795 -12.049400806426998 45.635623931884766
v 6.2218600511550886 -11.696915626525875 45.970163345336914
v 5.992109179496763 -11.264989376068112 46.148438453674316
v 5.7474911212921125 -10.805115699768063 46.148438453674316
v 5.517740249633787 -10.373190641403195 45.970163345336914
v 5.330244302749632 -10.020704269409176 45.635623931884766
v 5.208166241645811 -9.791200160980221 45.184359550476074
v 5.165424346923826 -9.71084654331207 44.67151641845703
v 5.208166241645811 -9.791200160980221 44.15867328643799
v 5.330244302749632 -10.020704269409176 43.7074089050293
v 5.517740249633787 -10.373190641403195 43.37286949157715
v 5.7474911212921125 -10.805115699768063 43.194594383239746
v 5.992109179496763 -11.264989376068112 43.194594383239746
v 6.2218600511550886 -11.696915626525875 43.37286949157715
v 6.409355401992795 -12.049400806426998 43.7074089050293
v 6.531434059143064 -12.278904914855953 44.15867328643799
v 8.539545536041256 -10.976780652999874 45.43578624725342
v 8.379933834075924 -10.771614313125607 45.88705062866211
v 8.134791851043698 -10.456507205963131 46.22159004211426
v 7.83440291881561 -10.07038593292236 46.39986515045166
v 7.514576911926267 -9.65927958488464 46.39986515045166
v 7.2141879796981785 -9.273158311843869 46.22159004211426
v 6.969045996665952 -8.958051204681393 45.88705062866211
v 6.80943429470062 -8.752885460853573 45.43578624725342
v 6.753551363945005 -8.681052923202511 44.922943115234375
v 6.80943429470062 -8.752885460853573 44.41009998321533
v 6.969045996665952 -8.958051204681393 43.95883560180664
v 7.2141879796981785 -9.273158311843869 43.62429618835449
v 7.514576911926267 -9.65927958488464 43.44602108001709
v 7.83440291881561 -10.07038593292236 43.44602108001709
v 8.134791851043698 -10.456507205963131 43.62429618835449
v 8.379933834075924 -10.771614313125607 43.95883560180664
v 8.539545536041256 -10.976780652999874 44.41009998321533
v 10.292183160781857 -9.346783161163327 45.68721294403076
v 10.09981274604797 -9.172083139419552 46.13847732543945
v 9.804359078407284 -8.903768658637997 46.4730167388916
v 9.442319273948666 -8.574984073638912 46.651291847229004
v 9.056852459907528 -8.224924802780148 46.651291847229004
v 8.694812059402462 -7.896140217781064 46.4730167388916
v 8.399358391761776 -7.627825736999509 46.13847732543945
v 8.20698797702789 -7.453125715255735 45.68721294403076
v 8.139635324478146 -7.3919600248336765 45.17436981201172
v 8.20698797702789 -7.453125715255735 44.661526679992676
v 8.399358391761776 -7.627825736999509 44.210262298583984
v 8.694812059402462 -7.896140217781064 43.87572765350342
v 9.056852459907528 -8.224924802780148 43.697447776794434
v 9.442319273948666 -8.574984073638912 43.697447776794434
v 9.804359078407284 -8.903768658637997 43.87572765350342
v 10.09981274604797 -9.172083139419552 44.210262298583984
v 10.292183160781857 -9.346783161163327 44.661526679992676
v 11.743994951248165 -7.4434208869934055 45.938639640808105
v 11.524488925933834 -7.304296493530271 46.3899040222168
v 11.187357902526852 -7.090620994567868 46.724443435668945
v 10.774248838424679 -6.8287897109985325 46.90271854400635
v 10.334408283233639 -6.550015807151792 46.90271854400635
v 9.921299219131466 -6.288184523582456 46.724443435668945
v 9.584168195724484 -6.074508428573607 46.3899040222168
v 9.364662170410153 -5.935384035110472 45.938639640808105
v 9.28780913352966 -5.886674523353575 45.42579650878906
v 9.364662170410153 -5.935384035110472 44.91295337677002
v 9.584168195724484 -6.074508428573607 44.46168899536133
v 9.921299219131466 -6.288184523582456 44.12715435028076
v 10.334408283233639 -6.550015807151792 43.94887447357178
v 10.774248838424679 -6.8287897109985325 43.94887447357178
v 11.187357902526852 -7.090620994567868 44.12715435028076
v 11.524488925933834 -7.304296493530271 44.46168899536133
v 11.743994951248165 -7.4434208869934055 44.91295337677002
v 12.850525379180903 -5.321338772773741 46.19006633758545
v 12.610337734222407 -5.22187829017639 46.64133071899414
v 12.241442203521725 -5.06912052631378 46.97587013244629
v 11.789408922195431 -4.881936013698576 47.15414524078369
v 11.308126449584957 -4.682639241218565 47.15414524078369
v 10.856094360351559 -4.495454728603361 46.97587013244629
v 10.487198829650875 -4.3426966667175275 46.64133071899414
v 10.247009992599484 -4.2432361841201764 46.19006633758545
v 10.162916183471676 -4.208413064479826 45.677223205566406
v 10.247009992599484 -4.2432361841201764 45.16438007354736
v 10.487198829650875 -4.3426966667175275 44.71311569213867
v 10.856094360351559 -4.495454728603361 44.378581047058105
v 11.308126449584957 -4.682639241218565 44.20030117034912
v 11.789408922195431 -4.881936013698576 44.20030117034912
v 12.241442203521725 -5.06912052631378 44.378581047058105
v 12.610337734222407 -5.22187829017639 44.71311569213867
v 12.850525379180903 -5.321338772773741 45.16438007354736
v 13.570078611373896 -3.0387410521507254 46.441497802734375
v 13.31644177436828 -2.9819443821907035 46.892757415771484
v 12.926889657974238 -2.8947120904922476 47.22729682922363
v 12.449545860290524 -2.7878206968307486 47.405571937561035
v 11.941313743591305 -2.6740127801895133 47.405571937561035
v 11.46396994590759 -2.5671213865280142 47.22729682922363
v 11.074419021606442 -2.4798892438411704 46.892757415771484
v 10.820780992507931 -2.4230924248695365 46.441497802734375
v 10.731978416442868 -2.4032068252563468 45.92864990234375
v 10.820780992507931 -2.4230924248695365 45.41580677032471
v 11.074419021606442 -2.4798892438411704 44.964542388916016
v 11.46396994590759 -2.5671213865280142 44.63000774383545
v 11.941313743591305 -2.6740127801895133 44.451727867126465
v 12.449545860290524 -2.7878206968307486 44.451727867126465
v 12.926889657974238 -2.8947120904922476 44.63000774383545
v 13.31644177436828 -2.9819443821907035 44.964542388916016
v 13.570078611373896 -3.0387410521507254 45.41580677032471
v 13.88662695884704 -0.6661306321620939 46.69292449951172
v 13.62707376480102 -0.6536800414323805 47.14418411254883
v 13.228434324264521 -0.6345576792955396 47.47872352600098
v 12.739956378936762 -0.6111257523298261 47.65700340270996
v 12.21986889839172 -0.5861775577068327 47.65700340270996
v 11.731389760971066 -0.5627455934882162 47.47872352600098
v 11.332751512527462 -0.5436232313513754 47.14418411254883
v 11.073197126388546 -0.5311726406216619 46.69292449951172
v 10.98232269287109 -0.5268134549260137 46.180076599121094
v 11.073197126388546 -0.5311726406216619 45.66723346710205
v 11.332751512527462 -0.5436232313513754 45.21596908569336
v 11.731389760971066 -0.5627455934882162 44.88143444061279
v 12.21986889839172 -0.5861775577068327 44.70315456390381
v 12.739956378936762 -0.6111257523298261 44.70315456390381
v 13.228434324264521 -0.6345576792955396 44.88143444061279
v 13.62707376480102 -0.6536800414323805 45.21596908569336
v 13.88662695884704 -0.6661306321620939 45.66723346710205
v 13.797727823257441 1.7259688675403588 46.94435119628906
v 13.539835214614863 1.6937088966369622 47.39561080932617
v 13.143749237060542 1.644162237644195 47.73015022277832
v 12.658396959304804 1.583449095487594 47.908430099487305
v 12.141638994216915 1.5188075602054592 47.908430099487305
v 11.656287908554074 1.4580944180488582 47.73015022277832
v 11.260200738906857 1.408547610044479 47.39561080932617
v 11.002309322357174 1.3762877881526943 46.94435119628906
v 10.91201543807983 1.3649928569793697 46.43150329589844
v 11.002309322357174 1.3762877881526943 45.918660163879395
v 11.260200738906857 1.408547610044479 45.4673957824707
v 11.656287908554074 1.4580944180488582 45.13286113739014
v 12.141638994216915 1.5188075602054592 44.95458126068115
v 12.658396959304804 1.583449095487594 44.95458126068115
v 13.143749237060542 1.644162237644195 45.13286113739014
v 13.539835214614863 1.6937088966369622 45.4673957824707
v 13.797727823257441 1.7259688675403588 45.918660163879395
v 13.301045894622797 4.067149162292479 47.195777893066406
v 13.052437305450434 3.9911305904388414 47.647037506103516
v 12.670608758926386 3.8743761181831347 47.981576919555664
v 12.202728986740109 3.7313094735145556 48.15985679626465
v 11.704572439193722 3.578985035419463 48.15985679626465
v 11.236692667007443 3.43591809272766 47.981576919555664
v 10.854864120483395 3.319163918495177 47.647037506103516
v 10.606255531311032 3.2431450486183153 47.195777893066406
v 10.519212484359738 3.2165294885635363 46.68292999267578
v 10.606255531311032 3.2431450486183153 46.17008686065674
v 10.854864120483395 3.319163918495177 45.71882247924805
v 11.236692667007443 3.43591809272766 45.38428783416748
v 11.704572439193722 3.578985035419463 45.206007957458496
v 12.202728986740109 3.7313094735145556 45.206007957458496
v 12.670608758926386 3.8743761181831347 45.38428783416748
v 13.052437305450434 3.9911305904388414 45.71882247924805
v 13.301045894622797 4.067149162292479 46.17008686065674
v 12.403196096420285 6.285607814788816 47.44720458984375
v 12.17136979103088 6.168124079704283 47.89846420288086
v 11.815315485000607 5.987685322761534 48.23300361633301
v 11.379017829895016 5.766581892967222 48.41128349304199
v 10.91448903083801 5.531170964241026 48.41128349304199
v 10.478191375732418 5.310066938400267 48.23300361633301
v 10.122137069702145 5.129628181457518 47.89846420288086
v 9.890309572219845 5.012144446372984 47.44720458984375
v 9.809142947196957 4.971010982990263 46.934356689453125
v 9.890309572219845 5.012144446372984 46.42151355743408
v 10.122137069702145 5.129628181457518 45.97024917602539
v 10.478191375732418 5.310066938400267 45.635714530944824
v 10.91448903083801 5.531170964241026 45.45743465423584
v 11.379017829895016 5.766581892967222 45.45743465423584
v 11.815315485000607 5.987685322761534 45.635714530944824
v 12.17136979103088 6.168124079704283 45.97024917602539
v 12.403196096420285 6.285607814788816 46.42151355743408
v 11.139348745346066 8.318558931350704 47.698631286621094
v 10.931143760681149 8.16307723522186 48.149895668029785
v 10.61136960983276 7.924279570579526 48.48443031311035
v 10.219529867172238 7.631664276123044 48.662710189819336
v 9.802334904670712 7.320114374160764 48.662710189819336
v 9.41049516201019 7.027499079704282 48.48443031311035
v 9.090721607208248 6.7887008190155 48.149895668029785
v 8.88251721858978 6.633219122886655 47.698631286621094
v 8.809620738029476 6.578782200813291 47.18578338623047
v 8.88251721858978 6.633219122886655 46.672940254211426
v 9.090721607208248 6.7887008190155 46.221675872802734
v 9.41049516201019 7.027499079704282 45.88714122772217
v 9.802334904670712 7.320114374160764 45.708861351013184
v 10.219529867172238 7.631664276123044 45.708861351013184
v 10.61136960983276 7.924279570579526 45.88714122772217
v 10.931143760681149 8.16307723522186 46.221675872802734
v 11.139348745346066 8.318558931350704 46.672940254211426
v 9.550237655639645 10.108530521392819 47.95005798339844
v 9.3717348575592 9.919593334197994 48.40132236480713
v 9.097579717636105 9.629411101341244 48.735857009887695
v 8.76163840293884 9.273831248283383 48.91413688659668
v 8.403959274291989 8.895242810249325 48.91413688659668
v 8.068017959594723 8.539662957191464 48.735857009887695
v 7.793862819671628 8.249480724334713 48.40132236480713
v 7.615360021591184 8.060542941093441 47.95005798339844
v 7.5528627634048435 7.994392514228818 47.43721008300781
v 7.615360021591184 8.060542941093441 46.92436695098877
v 7.793862819671628 8.249480724334713 46.47310256958008
v 8.068017959594723 8.539662957191464 46.13856792449951
v 8.403959274291989 8.895242810249325 45.96028804779053
v 8.76163840293884 9.273831248283383 45.96028804779053
v 9.097579717636105 9.629411101341244 46.13856792449951
v 9.3717348575592 9.919593334197994 46.47310256958008
v 9.550237655639645 10.108530521392819 46.92436695098877
v 7.676878571510312 11.598012447357174 48.20148468017578
v 7.533390522003171 11.38123512268066 48.65274906158447
v 7.313013076782224 11.048294305801388 48.98728370666504
v 7.042969465255735 10.640320777893063 49.16556358337402
v 6.755452156066892 10.205947160720822 49.16556358337402
v 6.485408544540403 9.797973036766049 48.98728370666504
v 6.265031099319455 9.465032815933224 48.65274906158447
v 6.121543645858763 9.24825549125671 48.20148468017578
v 6.071305871009825 9.172357916831967 47.688636779785156
v 6.121543645858763 9.24825549125671 47.17579364776611
v 6.265031099319455 9.465032815933224 46.72452926635742
v 6.485408544540403 9.797973036766049 46.389994621276855
v 6.755452156066892 10.205947160720822 46.21171474456787
v 7.042969465255735 10.640320777893063 46.21171474456787
v 7.313013076782224 11.048294305801388 46.389994621276855
v 7.533390522003171 11.38123512268066 46.72452926635742
v 7.676878571510312 11.598012447357174 47.17579364776611
v 5.572717189788817 12.738287448883051 48.452911376953125
v 5.4685580730438215 12.500196695327753 48.904175758361816
v 5.308583974838255 12.13452339172363 49.23871040344238
v 5.112556815147398 11.686438322067257 49.41699028015137
v 4.903845489025114 11.209359169006344 49.41699028015137
v 4.707818329334257 10.761275291442868 49.23871040344238
v 4.547844231128691 10.395600795745846 48.904175758361816
v 4.443685114383696 10.157511234283444 48.452911376953125
v 4.4072172045707685 10.074150562286373 47.9400634765625
v 4.443685114383696 10.157511234283444 47.42722034454346
v 4.547844231128691 10.395600795745846 46.975955963134766
v 4.707818329334257 10.761275291442868 46.6414213180542
v 4.903845489025114 11.209359169006344 46.463141441345215
v 5.112556815147398 11.686438322067257 46.463141441345215
v 5.308583974838255 12.13452339172363 46.6414213180542
v 5.4685580730438215 12.500196695327753 46.975955963134766
v 5.572717189788817 12.738287448883051 47.42722034454346
v 3.3048075437545763 13.504576683044428 48.70433807373047
v 3.2430377602577196 13.2521641254425 49.15560245513916
v 3.1481677293777452 12.864493131637568 49.49013710021973
v 3.031917214393615 12.389452457427975 49.66841697692871
v 2.908144295215606 11.883674860000607 49.66841697692871
v 2.791893482208251 11.408634185791012 49.49013710021973
v 2.6970237493515006 11.02096319198608 49.15560245513916
v 2.63525366783142 10.768550634384152 48.70433807373047
v 2.613627016544341 10.680176019668576 48.191494941711426
v 2.63525366783142 10.768550634384152 47.6786470413208
v 2.6970237493515006 11.02096319198608 47.22738265991211
v 2.791893482208251 11.408634185791012 46.89284801483154
v 2.908144295215606 11.883674860000607 46.71456813812256
v 3.031917214393615 12.389452457427975 46.71456813812256
v 3.1481677293777452 12.864493131637568 46.89284801483154
v 3.2430377602577196 13.2521641254425 47.22738265991211
v 3.3048075437545763 13.504576683044428 47.6786470413208
v 0.9403545409440991 13.875766992568964 48.95576477050781
v 0.9227783977985379 13.61641645431518 49.407029151916504
v 0.8957839757204052 13.218089342117304 49.74156379699707
v 0.8627058565616604 12.729992866516108 49.919843673706055
v 0.8274874091148373 12.210311889648434 49.919843673706055
v 0.7944092899560925 11.722215414047238 49.74156379699707
v 0.76741486787796 11.323888301849362 49.407029151916504
v 0.7498387247323988 11.064537763595578 48.95576477050781
v 0.7436850666999815 10.973733663558956 48.44292163848877
v 0.7498387247323988 11.064537763595578 47.930073738098145
v 0.76741486787796 11.323888301849362 47.47880935668945
v 0.7944092899560925 11.722215414047238 47.14427471160889
v 0.8274874091148373 12.210311889648434 46.9659948348999
v 0.8627058565616604 12.729992866516108 46.9659948348999
v 0.8957839757204052 13.218089342117304 47.14427471160889
v 0.9227783977985379 13.61641645431518 47.47880935668945
v 0.9403545409440991 13.875766992568964 47.930073738098145
v -1.4525711536407466 13.831635713577265 49.207191467285156
v -1.4254212379455562 13.573110103607172 49.65845584869385
v -1.3837228715419765 13.176050186157221 49.992990493774414
v -1.3326269388198848 12.689505815505976 50.1712703704834
v -1.2782245874404903 12.171478271484371 50.1712703704834
v -1.2271287292242046 11.684933900833126 49.992990493774414
v -1.185430213809013 11.287873983383175 49.65845584869385
v -1.1582803726196285 11.029347181320187 49.207191467285156
v -1.1487746983766551 10.938832759857174 48.69434833526611
v -1.1582803726196285 11.029347181320187 48.18150043487549
v -1.185430213809013 11.287873983383175 47.7302360534668
v -1.2271287292242046 11.684933900833126 47.39570140838623
v -1.2782245874404903 12.171478271484371 47.217421531677246
v -1.3326269388198848 12.689505815505976 47.217421531677246
v -1.3837228715419765 13.176050186157221 47.39570140838623
v -1.4254212379455562 13.573110103607172 47.7302360534668
v -1.4525711536407466 13.831635713577265 48.18150043487549
v -3.8016653060913073 13.373272418975825 49.4586181640625
v -3.730608820915221 13.123314380645747 49.90988254547119
v -3.6214756965637194 12.73941278457641 50.24441719055176
v -3.4877473115921007 12.26899147033691 50.42269706726074
v -3.3453661203384386 11.768130064010617 50.42269706726074
v -3.21163773536682 11.29770994186401 50.24441719055176
v -3.102504909038543 10.913807153701779 49.90988254547119
v -3.0314481258392325 10.6638491153717 49.4586181640625
v -3.006570041179656 10.576333999633786 48.94577503204346
v -3.0314481258392325 10.6638491153717 48.43292713165283
v -3.102504909038543 10.913807153701779 47.98166275024414
v -3.21163773536682 11.29770994186401 47.647128105163574
v -3.3453661203384386 11.768130064010617 47.46884822845459
v -3.4877473115921007 12.26899147033691 47.46884822845459
v -3.6214756965637194 12.73941278457641 47.647128105163574
v -3.730608820915221 13.123314380645747 47.98166275024414
v -3.8016653060913073 13.373272418975825 48.43292713165283
v -6.039654016494749 12.523542642593378 49.710044860839844
v -5.926767587661741 12.289466857910153 50.161309242248535
v -5.753389000892637 11.929957866668698 50.4958438873291
v -5.540937185287474 11.489427089691159 50.674123764038086
v -5.314737558364866 11.020389795303341 50.674123764038086
v -5.102285742759703 10.579859018325802 50.4958438873291
v -4.928907155990599 10.220350027084347 50.161309242248535
v -4.816020727157591 9.986273646354672 49.710044860839844
v -4.7764968872070295 9.9043196439743 49.1972017288208
v -4.816020727157591 9.986273646354672 48.684353828430176
v -4.928907155990599 10.220350027084347 48.233094215393066
v -5.102285742759703 10.579859018325802 47.89855480194092
v -5.314737558364866 11.020389795303341 47.720274925231934
v -5.540937185287474 11.489427089691159 47.720274925231934
v -5.753389000892637 11.929957866668698 47.89855480194092
v -5.926767587661741 12.289466857910153 48.233094215393066
v -6.039654016494749 12.523542642593378 48.684353828430176
v -8.10025334358215 11.306294202804562 49.96147155761719
v -7.948852181434629 11.094969511032101 50.41273593902588
v -7.7163207530975315 10.77040314674377 50.747270584106445
v -7.431384921073911 10.372689962387081 50.92555046081543
v -7.128010988235471 9.949243068695065 50.92555046081543
v -6.843074560165403 9.551530480384823 50.747270584106445
v -6.610543727874753 9.22696471214294 50.41273593902588
v -6.459142565727231 9.015639424324032 49.96147155761719
v -6.406134366989133 8.941650986671444 49.448628425598145
v -6.459142565727231 9.015639424324032 48.93578052520752
v -6.610543727874753 9.22696471214294 48.48452091217041
v -6.843074560165403 9.551530480384823 48.14998149871826
v -7.128010988235471 9.949243068695065 47.97170162200928
v -7.431384921073911 10.372689962387081 47.97170162200928
v -7.7163207530975315 10.77040314674377 48.14998149871826
v -7.948852181434629 11.094969511032101 48.48452091217041
v -8.10025334358215 11.306294202804562 48.93578052520752
v -9.917406439781185 9.748735427856442 50.21289825439453
v -9.732040762901303 9.56652224063873 50.66416263580322
v -9.447345137596127 9.286668896675106 50.99869728088379
v -9.09848868846893 8.943745493888851 51.17697715759277
v -8.727058172225949 8.578631877899166 51.17697715759277
v -8.378201127052304 8.235708475112911 50.99869728088379
v -8.093505501747128 7.955855131149289 50.66416263580322
v -7.908140420913694 7.773641943931577 50.21289825439453
v -7.843240499496457 7.709845900535581 49.70005512237549
v -7.908140420913694 7.773641943931577 49.18720722198486
v -8.093505501747128 7.955855131149289 48.735947608947754
v -8.378201127052304 8.235708475112911 48.401408195495605
v -8.727058172225949 8.578631877899166 48.22312831878662
v -9.09848868846893 8.943745493888851 48.22312831878662
v -9.447345137596127 9.286668896675106 48.401408195495605
v -9.732040762901303 9.56652224063873 48.735947608947754
v -9.917406439781185 9.748735427856442 49.18720722198486
v -11.43919229507446 7.901209592819211 50.464324951171875
v -11.22538328170776 7.753528356552121 50.915589332580566
v -10.897002220153805 7.526711225509641 51.25012397766113
v -10.49461483955383 7.248776555061338 51.42840385437012
v -10.066189765930172 6.952857375144956 51.42840385437012
v -9.663802385330197 6.674922704696653 51.25012397766113
v -9.33542191982269 6.448105573654172 50.915589332580566
v -9.12161290645599 6.30042493343353 50.464324951171875
v -9.046754240989682 6.248719096183775 49.95148181915283
v -9.12161290645599 6.30042493343353 49.43863391876221
v -9.33542191982269 6.448105573654172 48.9873743057251
v -9.663802385330197 6.674922704696653 48.65283489227295
v -10.066189765930172 6.952857375144956 48.474555015563965
v -10.49461483955383 7.248776555061338 48.474555015563965
v -10.897002220153805 7.526711225509641 48.65283489227295
v -11.22538328170776 7.753528356552121 48.9873743057251
v -11.43919229507446 7.901209592819211 49.43863391876221
v -12.626928091049189 5.822858214378355 50.71575164794922
v -12.39091873168945 5.714023709297178 51.16701602935791
v -12.028442621231076 5.546869039535521 51.50155067443848
v -11.584274768829342 5.342043042182921 51.67983055114746
v -11.111366748809811 5.123962759971617 51.67983055114746
v -10.667198896408078 4.919136762619017 51.50155067443848
v -10.304721593856808 4.751982092857359 51.16701602935791
v -10.068713426589962 4.643147587776182 50.71575164794922
v -9.986082315444943 4.605042636394499 50.202908515930176
v -10.068713426589962 4.643147587776182 49.69006061553955
v -10.304721593856808 4.751982092857359 49.23880100250244
v -10.667198896408078 4.919136762619017 48.90426158905029
v -11.111366748809811 5.123962759971617 48.72598648071289
v -11.584274768829342 5.342043042182921 48.72598648071289
v -12.028442621231076 5.546869039535521 48.90426158905029
v -12.39091873168945 5.714023709297178 49.23880100250244
v -12.626928091049189 5.822858214378355 49.69006061553955
v -13.44226479530334 3.5727727413177477 50.96717834472656
v -13.191016912460322 3.505994379520415 51.418442726135254
v -12.805134057998652 3.4034320712089525 51.75297737121582
v -12.332285642623898 3.2777553796768175 51.931257247924805
v -11.828840970993038 3.143946826457976 51.931257247924805
v -11.355993747711178 3.0182701349258414 51.75297737121582
v -10.970110893249508 2.915707826614379 51.418442726135254
v -10.71886301040649 2.8489294648170462 50.96717834472656
v -10.630896091461178 2.8255489468574515 50.45433521270752
v -10.71886301040649 2.8489294648170462 49.94149208068848
v -10.970110893249508 2.915707826614379 49.490227699279785
v -11.355993747711178 3.0182701349258414 49.15568828582764
v -11.828840970993038 3.143946826457976 48.977413177490234
v -12.332285642623898 3.2777553796768175 48.977413177490234
v -12.805134057998652 3.4034320712089525 49.15568828582764
v -13.191016912460322 3.505994379520415 49.490227699279785
v -13.44226479530334 3.5727727413177477 49.94149208068848
v -13.852208852767939 1.2148488312959667 51.218605041503906
v -13.593298196792597 1.1921421438455577 51.6698694229126
v -13.195647001266474 1.1572679132223125 52.004404067993164
v -12.708379030227656 1.1145341396331783 52.18268394470215
v -12.189581394195553 1.0690351575613017 52.18268394470215
v -11.702313423156735 1.0263013839721675 52.004404067993164
v -11.304662227630612 0.9914271533489224 51.6698694229126
v -11.04575157165527 0.9687205404043194 51.218605041503906
v -10.955102443695065 0.9607704728841778 50.70576190948486
v -11.04575157165527 0.9687205404043194 50.19291877746582
v -11.304662227630612 0.9914271533489224 49.74165439605713
v -11.702313423156735 1.0263013839721675 49.40711498260498
v -12.189581394195553 1.0690351575613017 49.22883987426758
v -12.708379030227656 1.1145341396331783 49.22883987426758
v -13.195647001266474 1.1572679132223125 49.40711498260498
v -13.593298196792597 1.1921421438455577 49.74165439605713
v -13.852208852767939 1.2148488312959667 50.19291877746582
v -13.852509260177607 -1.178887858986854 51.47003173828125
v -13.593592643737788 -1.1568533629178996 51.92129611968994
v -13.195934295654292 -1.1230114102363582 52.25583076477051
v -12.708655595779414 -1.0815425962209697 52.43411064147949
v -12.189846038818356 -1.037390455603599 52.43411064147949
v -11.702567338943478 -0.9959216415882107 52.25583076477051
v -11.304907798767086 -0.9620797634124753 51.92129611968994
v -11.045992374420162 -0.9400452673435208 51.47003173828125
v -10.955340862274166 -0.932330563664436 50.95718860626221
v -11.045992374420162 -0.9400452673435208 50.444345474243164
v -11.304907798767086 -0.9620797634124753 49.99308109283447
v -11.702567338943478 -0.9959216415882107 49.658541679382324
v -12.189846038818356 -1.037390455603599 49.48026657104492
v -12.708655595779414 -1.0815425962209697 49.48026657104492
v -13.195934295654292 -1.1230114102363582 49.658541679382324
v -13.593592643737788 -1.1568533629178996 49.99308109283447
v -13.852509260177607 -1.178887858986854 50.444345474243164
v -13.448379039764399 -3.5381770133972155 51.721458435058594
v -13.197016716003413 -3.472045063972472 52.172722816467285
v -12.810958623886103 -3.3704757690429674 52.507262229919434
v -12.337895631790158 -3.246016204357146 52.685537338256836
v -11.83422207832336 -3.113503158092498 52.685537338256836
v -11.361159086227413 -2.9890435934066764 52.507262229919434
v -10.975100994110104 -2.887474298477172 52.172722816467285
v -10.723738670349118 -2.8213423490524283 51.721458435058594
v -10.635732412338253 -2.798188626766204 51.20861530303955
v -10.723738670349118 -2.8213423490524283 50.69577217102051
v -10.975100994110104 -2.887474298477172 50.244507789611816
v -11.361159086227413 -2.9890435934066764 49.90996837615967
v -11.83422207832336 -3.113503158092498 49.731693267822266
v -12.337895631790158 -3.246016204357146 49.731693267822266
v -12.810958623886103 -3.3704757690429674 49.90996837615967
v -13.197016716003413 -3.472045063972472 50.244507789611816
v -13.448379039764399 -3.5381770133972155 50.69577217102051
v -12.645118236541743 -5.792676806449888 51.97288513183594
v -12.408770322799679 -5.684406161308287 52.42414951324463
v -12.045770883560177 -5.5181175470352155 52.75868892669678
v -11.600964069366452 -5.314353108406065 52.93696403503418
v -11.12737417221069 -5.097404122352598 52.93696403503418
v -10.682566165924069 -4.893639385700224 52.75868892669678
v -10.319567918777462 -4.727351069450377 52.42414951324463
v -10.083218812942501 -4.619080722331999 51.97288513183594
v -10.000468492507931 -4.581173062324522 51.460041999816895
v -10.083218812942501 -4.619080722331999 50.94719886779785
v -10.319567918777462 -4.727351069450377 50.49593448638916
v -10.682566165924069 -4.893639385700224 50.16139507293701
v -11.12737417221069 -5.097404122352598 49.98311996459961
v -11.600964069366452 -5.314353108406065 49.98311996459961
v -12.045770883560177 -5.5181175470352155 50.16139507293701
v -12.408770322799679 -5.684406161308287 50.49593448638916
v -12.645118236541743 -5.792676806449888 50.94719886779785
v -11.460958719253536 -7.8724330663681 52.22431182861328
v -11.246742010116574 -7.725290060043332 52.67557621002197
v -10.917736291885372 -7.499298453330991 53.01011562347412
v -10.51458358764648 -7.222376465797422 53.18839073181152
v -10.085343122482296 -6.927534937858579 53.18839073181152
v -9.682190418243405 -6.6506129503250095 53.01011562347412
v -9.353184700012203 -6.424621343612668 52.67557621002197
v -9.138968586921688 -6.2774783372879 52.22431182861328
v -9.063968062400814 -6.225960850715635 51.71146869659424
v -9.138968586921688 -6.2774783372879 51.198625564575195
v -9.353184700012203 -6.424621343612668 50.747361183166504
v -9.682190418243405 -6.6506129503250095 50.412821769714355
v -10.085343122482296 -6.927534937858579 50.23454666137695
v -10.51458358764648 -7.222376465797422 50.23454666137695
v -10.917736291885372 -7.499298453330991 50.412821769714355
v -11.246742010116574 -7.725290060043332 50.747361183166504
v -11.460958719253536 -7.8724330663681 51.198625564575195
v -9.939681887626644 -9.72073674201965 52.475738525390625
v -9.753899574279782 -9.539047479629513 52.927002906799316
v -9.468564987182614 -9.259997606277462 53.261542320251465
v -9.11892473697662 -8.918058872222897 53.43981742858887
v -8.746659755706784 -8.553994297981259 53.43981742858887
v -8.39701950550079 -8.212055563926693 53.261542320251465
v -8.111684322357174 -7.933005690574643 52.927002906799316
v -7.92590260505676 -7.751316428184507 52.475738525390625
v -7.860857248306272 -7.687703371047971 51.96289539337158
v -7.92590260505676 -7.751316428184507 51.45005226135254
v -8.111684322357174 -7.933005690574643 50.99878787994385
v -8.39701950550079 -8.212055563926693 50.6642484664917
v -8.746659755706784 -8.553994297981259 50.4859733581543
v -9.11892473697662 -8.918058872222897 50.4859733581543
v -9.468564987182614 -9.259997606277462 50.6642484664917
v -9.753899574279782 -9.539047479629513 50.99878787994385
v -9.939681887626644 -9.72073674201965 51.45005226135254
v -8.1279444694519 -11.284809112548825 52.72716522216797
v -7.9760253429412815 -11.07388615608215 53.17842960357666
v -7.742699384689328 -10.749937295913693 53.51296901702881
v -7.45678901672363 -10.352979898452755 53.69124412536621
v -7.152378559112546 -9.930337071418759 53.69124412536621
v -6.866468191146848 -9.533380270004269 53.51296901702881
v -6.633142232894895 -9.209431409835812 53.17842960357666
v -6.481223106384275 -8.99850785732269 52.72716522216797
v -6.428033709526059 -8.924659490585324 52.214322090148926
v -6.481223106384275 -8.99850785732269 51.70147895812988
v -6.633142232894895 -9.209431409835812 51.25021457672119
v -6.866468191146848 -9.533380270004269 50.91567516326904
v -7.152378559112546 -9.930337071418759 50.73740005493164
v -7.45678901672363 -10.352979898452755 50.73740005493164
v -7.742699384689328 -10.749937295913693 50.91567516326904
v -7.9760253429412815 -11.07388615608215 51.25021457672119
v -8.1279444694519 -11.284809112548825 51.70147895812988
v -6.073184609413145 -12.512003183364863 52.97859191894531
v -5.9596711397171 -12.278143167495724 53.429856300354004
v -5.7853305339813215 -11.918964385986325 53.76439571380615
v -5.571699142456053 -11.478840112686154 53.942670822143555
v -5.344243645668028 -11.010235548019406 53.942670822143555
v -5.1306122541427595 -10.570111274719235 53.76439571380615
v -4.956271350383757 -10.21093368530273 53.429856300354004
v -4.842757880687712 -9.977072477340695 52.97859191894531
v -4.803014695644377 -9.89519357681274 52.46574878692627
v -4.842757880687712 -9.977072477340695 51.95290565490723
v -4.956271350383757 -10.21093368530273 51.501641273498535
v -5.1306122541427595 -10.570111274719235 51.16710186004639
v -5.344243645668028 -11.010235548019406 50.988826751708984
v -5.571699142456053 -11.478840112686154 50.988826751708984
v -5.7853305339813215 -11.918964385986325 51.16710186004639
v -5.9596711397171 -12.278143167495724 51.501641273498535
v -6.073184609413145 -12.512003183364863 51.95290565490723
v -3.8364717364311205 -13.363585472106928 53.230018615722656
v -3.7647646665573107 -13.113808631896967 53.68128299713135
v -3.65463227033615 -12.730184793472285 54.015822410583496
v -3.5196796059608446 -12.2601044178009 54.1940975189209
v -3.3759948611259447 -11.759606599807736 54.1940975189209
v -3.2410421967506395 -11.289526224136349 54.015822410583496
v -3.1309100985527025 -10.905902385711666 53.68128299713135
v -3.0592027306556693 -10.65612435340881 53.230018615722656
v -3.034096658229827 -10.568672418594357 52.71717548370361
v -3.0592027306556693 -10.65612435340881 52.20433235168457
v -3.1309100985527025 -10.905902385711666 51.75306797027588
v -3.2410421967506395 -11.289526224136349 51.41852855682373
v -3.3759948611259447 -11.759606599807736 51.24025344848633
v -3.5196796059608446 -12.2601044178009 51.24025344848633
v -3.65463227033615 -12.730184793472285 51.41852855682373
v -3.7647646665573107 -13.113808631896967 51.75306797027588
v -3.8364717364311205 -13.363585472106928 52.20433235168457
v -1.4872337877750392 -13.823755979537959 53.4814453125
v -1.4594359695911403 -13.565376996994013 53.93270969390869
v -1.4167425036430354 -13.168543577194209 54.26724910736084
v -1.3644272089004512 -12.682275772094721 54.44552421569824
v -1.3087268173694606 -12.164542675018307 54.44552421569824
v -1.2564115226268764 -11.678276062011715 54.26724910736084
v -1.2137180566787715 -11.28144264221191 53.93270969390869
v -1.1859203130006786 -11.023063659667965 53.4814453125
v -1.176187768578529 -10.93260049819946 52.96860218048096
v -1.1859203130006786 -11.023063659667965 52.455759048461914
v -1.2137180566787715 -11.28144264221191 52.00449466705322
v -1.2564115226268764 -11.678276062011715 51.669955253601074
v -1.3087268173694606 -12.164542675018307 51.49168014526367
v -1.3644272089004512 -12.682275772094721 51.49168014526367
v -1.4167425036430354 -13.168543577194209 51.669955253601074
v -1.4594359695911403 -13.565376996994013 52.00449466705322
v -1.4872337877750392 -13.823755979537959 52.455759048461914
v 0.9054494649171826 -13.878715038299555 53.732872009277344
v 0.888525769114494 -13.619308471679682 54.184136390686035
v 0.8625333756208416 -13.22089791297912 54.518675804138184
v 0.8306830376386639 -12.73269653320312 54.696950912475586
v 0.796771869063377 -12.212905883789059 54.696950912475586
v 0.7649215310811994 -11.724705696105953 54.518675804138184
v 0.7389291375875471 -11.326293945312496 54.184136390686035
v 0.7220054417848585 -11.066888570785519 53.732872009277344
v 0.7160801440477369 -10.97606539726257 53.2200288772583
v 0.7220054417848585 -11.066888570785519 52.70718574523926
v 0.7389291375875471 -11.326293945312496 52.255921363830566
v 0.7649215310811994 -11.724705696105953 51.92138195037842
v 0.796771869063377 -12.212905883789059 51.743106842041016
v 0.8306830376386639 -12.73269653320312 51.743106842041016
v 0.8625333756208416 -13.22089791297912 51.92138195037842
v 0.888525769114494 -13.619308471679682 52.255921363830566
v 0.9054494649171826 -13.878715038299555 52.70718574523926
v 3.271256089210509 -13.516776561737055 53.98429870605469
v 3.2101133465766893 -13.264135122299189 54.43556308746338
v 3.1162065267562857 -12.876113653182978 54.77010250091553
v 3.0011361837387076 -12.400645017623898 54.94837760925293
v 2.878619730472564 -11.894409656524655 54.94837760925293
v 2.7635493874549857 -11.418941020965573 54.77010250091553
v 2.6696425676345816 -11.030919551849362 54.43556308746338
v 2.608499825000762 -10.778278112411495 53.98429870605469
v 2.5870925188064566 -10.68982362747192 53.471455574035645
v 2.608499825000762 -10.778278112411495 52.9586124420166
v 2.6696425676345816 -11.030919551849362 52.50734806060791
v 2.7635493874549857 -11.418941020965573 52.17280864715576
v 2.878619730472564 -11.894409656524655 51.99453353881836
v 3.0011361837387076 -12.400645017623898 51.99453353881836
v 3.1162065267562857 -12.876113653182978 52.17280864715576
v 3.2101133465766893 -13.264135122299189 52.50734806060791
v 3.271256089210509 -13.516776561737055 52.9586124420166
v 5.539183020591734 -12.751669883728022 54.23572540283203
v 5.435650348663328 -12.513329982757563 54.68698978424072
v 5.2766388654708845 -12.14727163314819 55.02152919769287
v 5.08179187774658 -11.698716878890988 55.19980430603027
v 4.87433612346649 -11.221135854721066 55.19980430603027
v 4.679488539695738 -10.772581100463864 55.02152919769287
v 4.520477354526518 -10.406522750854489 54.68698978424072
v 4.416944980621336 -10.16818284988403 54.23572540283203
v 4.380696117877958 -10.084735155105587 53.72288227081299
v 4.416944980621336 -10.16818284988403 53.210039138793945
v 4.520477354526518 -10.406522750854489 52.758774757385254
v 4.679488539695738 -10.772581100463864 52.424235343933105
v 4.87433612346649 -11.221135854721066 52.2459602355957
v 5.08179187774658 -11.698716878890988 52.2459602355957
v 5.2766388654708845 -12.14727163314819 52.424235343933105
v 5.435650348663328 -12.513329982757563 52.758774757385254
v 5.539183020591734 -12.751669883728022 53.210039138793945
v 7.645348906517026 -11.61390900611877 54.487152099609375
v 7.502450346946714 -11.396834850311276 54.938416481018066
v 7.282978296279905 -11.06343865394592 55.272955894470215
v 7.014043927192685 -10.654904842376705 55.45123100280762
v 6.727707386016843 -10.219936370849606 55.45123100280762
v 6.458773016929624 -9.81140315532684 55.272955894470215
v 6.239300370216368 -9.478006958961483 54.938416481018066
v 6.096401810646055 -9.26093220710754 54.487152099609375
v 6.04637026786804 -9.18493032455444 53.97430896759033
v 6.096401810646055 -9.26093220710754 53.46146583557129
v 6.239300370216368 -9.478006958961483 53.0102014541626
v 6.458773016929624 -9.81140315532684 52.67566204071045
v 6.727707386016843 -10.219936370849606 52.49738693237305
v 7.014043927192685 -10.654904842376705 52.49738693237305
v 7.282978296279905 -11.06343865394592 52.67566204071045
v 7.502450346946714 -11.396834850311276 53.0102014541626
v 7.645348906517026 -11.61390900611877 53.46146583557129
v 9.526404142379757 -10.134302377700802 54.73857879638672
v 9.348347187042233 -9.944882988929745 55.18984317779541
v 9.07487571239471 -9.653961062431332 55.52438259124756
v 8.739773035049435 -9.297474622726437 55.70265769958496
v 8.38298678398132 -8.917921185493466 55.70265769958496
v 8.047884106636044 -8.56143474578857 55.52438259124756
v 7.774412631988523 -8.270512819290158 55.18984317779541
v 7.596355676650998 -8.0810934305191 54.73857879638672
v 7.5340145826339695 -8.014774322509762 54.225735664367676
v 7.596355676650998 -8.0810934305191 53.71289253234863
v 7.774412631988523 -8.270512819290158 53.26162815093994
v 8.047884106636044 -8.56143474578857 52.92708873748779
v 8.38298678398132 -8.917921185493466 52.74881362915039
v 8.739773035049435 -9.297474622726437 52.74881362915039
v 9.07487571239471 -9.653961062431332 52.92708873748779
v 9.348347187042233 -9.944882988929745 53.26162815093994
v 9.526404142379757 -10.134302377700802 53.71289253234863
v 11.12043738365173 -8.349078893661495 54.99000549316406
v 10.912586450576779 -8.19302678108215 55.441269874572754
v 10.593355894088742 -7.953352928161618 55.7758092880249
v 10.202180147171017 -7.659664154052732 55.954084396362305
v 9.78569388389587 -7.3469710350036594 55.954084396362305
v 9.394519329071041 -7.053282260894773 55.7758092880249
v 9.075288772583004 -6.813607811927793 55.441269874572754
v 8.867437243461605 -6.657556295394895 54.99000549316406
v 8.794664740562435 -6.602919697761533 54.47716236114502
v 8.867437243461605 -6.657556295394895 53.96431922912598
v 9.075288772583004 -6.813607811927793 53.513054847717285
v 9.394519329071041 -7.053282260894773 53.17851543426514
v 9.78569388389587 -7.3469710350036594 53.000240325927734
v 10.202180147171017 -7.659664154052732 53.000240325927734
v 10.593355894088742 -7.953352928161618 53.17851543426514
v 10.912586450576779 -8.19302678108215 53.513054847717285
v 11.12043738365173 -8.349078893661495 53.96431922912598
v 12.384773492813107 -6.316550970077512 55.241432189941406
v 12.153290510177609 -6.198489069938658 55.6926965713501
v 11.79776549339294 -6.017161607742308 56.027235984802246
v 11.362116336822506 -5.79496920108795 56.20551109313965
v 10.898276567459103 -5.55839955806732 56.20551109313965
v 10.462627410888668 -5.336207151412962 56.027235984802246
v 10.107102394104 -5.15488028526306 55.6926965713501
v 9.875618815422055 -5.036818385124205 55.241432189941406
v 9.794572591781613 -4.9954822659492475 54.72858905792236
v 9.875618815422055 -5.036818385124205 54.21574592590332
v 10.107102394104 -5.15488028526306 53.76448154449463
v 10.462627410888668 -5.336207151412962 53.42994213104248
v 10.898276567459103 -5.55839955806732 53.25166702270508
v 11.362116336822506 -5.79496920108795 53.25166702270508
v 11.79776549339294 -6.017161607742308 53.42994213104248
v 12.153290510177609 -6.198489069938658 53.76448154449463
v 12.384773492813107 -6.316550970077512 54.21574592590332
v 13.287551403045649 -4.099608957767485 55.49285888671875
v 13.039194345474238 -4.02298331260681 55.94412326812744
v 12.65775322914123 -3.905297517776488 56.27866268157959
v 12.190347909927365 -3.7610885500907885 56.45693778991699
v 11.692696809768673 -3.6075484752655016 56.45693778991699
v 11.225291490554806 -3.463339805603026 56.27866268157959
v 10.843850374221798 -3.34565371274948 55.94412326812744
v 10.595494508743283 -3.2690283656120287 55.49285888671875
v 10.508539676666256 -3.2422003149986254 54.98001575469971
v 10.595494508743283 -3.2690283656120287 54.467172622680664
v 10.843850374221798 -3.34565371274948 54.01590824127197
v 11.225291490554806 -3.463339805603026 53.681368827819824
v 11.692696809768673 -3.6075484752655016 53.50309371948242
v 12.190347909927365 -3.7610885500907885 53.50309371948242
v 12.65775322914123 -3.905297517776488 53.681368827819824
v 13.039194345474238 -4.02298331260681 54.01590824127197
v 13.287551403045649 -4.099608957767485 54.467172622680664
v 13.796969652175898 -1.7611443996429437 55.744285583496094
v 13.539091348648066 -1.7282269895076745 56.195549964904785
v 13.143026828765864 -1.6776704788208001 56.530089378356934
v 12.657701969146723 -1.615720093250274 56.708364486694336
v 12.140972614288327 -1.5497609972953792 56.708364486694336
v 11.655647754669186 -1.487810611724853 56.530089378356934
v 11.259582042694088 -1.4372541010379787 56.195549964904785
v 11.001704931259152 -1.4043366909027095 55.744285583496094
v 10.911417007446286 -1.392811685800552 55.23144245147705
v 11.001704931259152 -1.4043366909027095 54.71859931945801
v 11.259582042694088 -1.4372541010379787 54.267334938049316
v 11.655647754669186 -1.487810611724853 53.93279552459717
v 12.140972614288327 -1.5497609972953792 53.754520416259766
v 12.657701969146723 -1.615720093250274 53.754520416259766
v 13.143026828765864 -1.6776704788208001 53.93279552459717
v 13.539091348648066 -1.7282269895076745 54.267334938049316
v 13.796969652175898 -1.7611443996429437 54.71859931945801
v 13.890352249145502 0.6302768737077711 55.99571228027344
v 13.630728721618647 0.618496425449848 56.44697666168213
v 13.231983184814448 0.6004032865166662 56.78151607513428
v 12.743374109268183 0.578232556581497 56.95979118347168
v 12.223147153854367 0.5546271800994871 56.95979118347168
v 11.734536886215206 0.5324564129114149 56.78151607513428
v 11.335791349411007 0.5143632739782331 56.44697666168213
v 11.076167821884152 0.50258282572031 55.99571228027344
v 10.985269546508786 0.49845829606056197 55.482869148254395
v 11.076167821884152 0.50258282572031 54.97002601623535
v 11.335791349411007 0.5143632739782331 54.51876163482666
v 11.734536886215206 0.5324564129114149 54.18422222137451
v 12.223147153854367 0.5546271800994871 54.00594711303711
v 12.743374109268183 0.578232556581497 54.00594711303711
v 13.231983184814448 0.6004032865166662 54.18422222137451
v 13.630728721618647 0.618496425449848 54.51876163482666
v 13.890352249145502 0.6302768737077711 54.97002601623535
v 13.574494123458857 3.0031639337539664 56.24713897705078
v 13.320775032043452 2.947032153606414 56.69840335845947
v 11.078022718429562 2.450854927301406 56.69840335845947
v 10.824302434921261 2.3947231471538535 56.24713897705078
v 10.735471248626705 2.3750703036785117 55.73429584503174
v 10.824302434921261 2.3947231471538535 55.221452713012695
v 11.078022718429562 2.450854927301406 54.770188331604004
v 11.467701196670529 2.5370657444000235 54.435648918151855
v 11.94519996643066 2.6427057385444632 54.25737380981445
v 12.453597784042355 2.7551811933517447 54.25737380981445
v 12.931096553802485 2.8608211874961844 54.435648918151855
v 13.320775032043452 2.947032153606414 54.770188331604004
v 13.574494123458857 3.0031639337539664 55.221452713012695
v 12.864685058593745 5.2819043397903425 56.49785041809082
v 12.62199997901916 5.188648104667662 56.94974422454834
v 10.49669504165649 4.315555989742277 56.94981575012207
v 10.256637334823605 4.215865135192869 56.498427391052246
v 10.172809362411495 4.180422127246855 55.98546504974365
v 10.257333517074581 4.2141619324684125 55.47249794006348
v 10.498119592666622 4.312069416046141 55.021114349365234
v 10.867767333984371 4.462847411632536 54.686455726623535
v 11.32066965103149 4.6477344632148725 54.508056640625
v 11.802885532379147 4.844565391540526 54.50793743133545
v 12.255851030349728 5.029299855232237 54.6860933303833
v 12.625608444213862 5.179809331893919 55.020508766174316
v 12.866522073745722 5.277400016784666 55.47165393829346
v 9.382449388504025 5.913490056991575 56.74999237060547
v 9.305450320243832 5.864959359169005 56.237149238586426
v 9.382449388504025 5.913490056991575 55.72430610656738
v 9.602372050285336 6.052100658416746 55.27304172515869
v 9.940143227577206 6.264988183975217 54.93850231170654
v 10.35403728485107 6.525853872299192 54.76022720336914
v 10.794713497161862 6.803599596023557 54.76022720336914
v 11.208606958389279 7.064464688301084 54.93850231170654
v 11.546378135681149 7.277352213859555 55.27304172515869
v 11.766301393508908 7.415963411331174 55.72430610656738
v 8.149808049201962 7.381578087806699 56.490440368652344
v 8.218302130699154 7.441493868827817 55.97738742828369
v 8.412019610404965 7.614730000495908 55.52591800689697
v 8.709038496017453 7.8813505172729466 55.1911735534668
v 9.072837233543392 8.208234310150143 55.012688636779785
v 9.460200071334835 8.556243181228634 55.01248359680176
v 9.824187755584713 8.88291776180267 55.19055366516113
v 10.121539831161495 9.149170517921444 55.52488327026367
v 10.315648317337033 9.321973323822018 55.975937843322754
v 6.77365183830261 8.661302328109738 56.74000263214111
v 6.829701066017148 8.732970952987667 56.22715950012207
v 6.98978781700134 8.937670588493344 55.77589511871338
v 7.2356593608856175 9.252060055732723 55.44135570526123
v 7.536942362785337 9.637303352355953 55.26308059692383
v 7.857720255851743 10.0474739074707 55.26308059692383
v 8.159003257751461 10.432717800140377 55.44135570526123
v 8.404874801635739 10.747107267379757 55.77589511871338
v 8.56496155261993 10.951806306838986 56.22715950012207
v 5.189839005470274 9.697765111923214 56.99142932891846
v 5.2327829599380475 9.778010845184323 56.478586196899414
v 5.355438590049742 10.007205009460446 56.02732181549072
v 5.5438202619552595 10.359216928482052 55.692782402038574
v 5.77465772628784 10.790560245513912 55.51450729370117
v 6.020431518554686 11.249815225601193 55.51450729370117
v 6.251268386840818 11.681158542633053 55.692782402038574
v 6.439650058746335 12.03317046165466 56.02732181549072
v 6.56230568885803 12.262364625930783 56.478586196899414
v 3.478741049766539 10.53000450134277 56.73001289367676
v 3.5602822899818407 10.776824951171871 56.278748512268066
v 3.685517907142638 11.15590929985046 55.9442138671875
v 3.838977813720702 11.620424985885617 55.765933990478516
v 4.002367854118345 12.114999294281002 55.765933990478516
v 4.155827760696409 12.579516172409052 55.9442138671875
v 4.2810633778572065 12.958600521087641 56.278748512268066
v 4.362604618072508 13.205420970916743 56.73001289367676
v 1.6209305822849267 10.967082977294918 56.9814395904541
v 1.6589249670505517 11.22414946556091 56.53017520904541
v 1.7172789573669427 11.61896705627441 56.195640563964844
v 1.7887841165065759 12.102764844894406 56.01736068725586
v 1.8649160861968987 12.61786818504333 56.01736068725586
v 1.936421245336532 13.101665973663325 56.195640563964844
v 1.994775235652923 13.496484756469721 56.53017520904541
v 2.0327696204185477 13.753551244735712 56.9814395904541
v -0.291046556085348 11.343283653259274 56.781601905822754
v -0.3012843430042266 11.74229264259338 56.44706726074219
v -0.313829407095909 12.231225967407223 56.2687873840332
v -0.3271862491965293 12.751796245574946 56.2687873840332
v -0.3397313132882117 13.240729570388789 56.44706726074219
v -0.3499690815806388 13.639738559722895 56.781601905822754
v -2.3109011352062216 11.520543098449703 56.69849395751953
v -2.4071238934993735 12.000242471694943 56.52021408081055
v -2.5095728039741507 12.510982751846308 56.52021408081055
v -2.6057955622673026 12.990682125091547 56.69849395751953
v -4.251139461994169 10.95180511474609 56.949920654296875
v -4.428150951862333 11.407823562622067 56.77164077758789
v -4.616616666316984 11.893349885940548 56.77164077758789
v -4.793628156185148 12.34936714172363 56.949920654296875
v -14.999999999999995 0.0 5.0
v -14.795418977737421 -2.468918859958648 5.0
v -14.187258481979365 -4.870491921901701 5.0
v -13.192106485366816 -7.139210700988767 5.0
v -11.837108135223385 -9.213190674781796 5.0
v -10.159223079681393 -11.03585839271545 5.0
v -8.204222321510311 -12.557497024536127 5.0
v -6.0254311561584455 -13.736599683761591 5.0
v -3.6822822690010057 -14.54100370407104 5.0
v -1.2386901676654811 -14.948767423629755 5.0
v 1.2386901676654811 -14.948767423629755 5.0
v 3.6822822690010057 -14.54100370407104 5.0
v 6.0254311561584455 -13.736599683761591 5.0
v 8.204222321510311 -12.557497024536127 5.0
v 10.159223079681393 -11.03585839271545 5.0
v 11.837108135223385 -9.213190674781796 5.0
v 13.192106485366816 -7.139210700988767 5.0
v 14.187258481979365 -4.870491921901701 5.0
v 14.795418977737421 -2.468918859958648 5.0
v 14.999999999999995 0.0 5.0
v 14.795418977737421 2.468918859958648 5.0
v 14.187258481979365 4.870491921901701 5.0
v 13.192106485366816 7.139210700988767 5.0
v 11.837108135223385 9.213190674781796 5.0
v 10.159223079681393 11.03585839271545 5.0
v 8.204222321510311 12.557497024536127 5.0
v 6.0254311561584455 13.736599683761591 5.0
v 3.6822822690010057 14.54100370407104 5.0
v 1.2386901676654811 14.948767423629755 5.0
v -1.2386901676654811 14.948767423629755 5.0
v -3.6822822690010057 14.54100370407104 5.0
v -6.0254311561584455 13.736599683761591 5.0
v -8.204222321510311 12.557497024536127 5.0
v -10.159223079681393 11.03585839271545 5.0
v -11.837108135223385 9.213190674781796 5.0
v -13.192106485366816 7.139210700988767 5.0
v -14.187258481979365 4.870491921901701 5.0
v -14.795418977737421 2.468918859958648 5.0
v -13.999999761581416 0.0 5.0
v -13.882662057876582 1.722752004861831 5.0
v -13.533478975296015 3.4087699651718126 5.0
v -12.961401939392085 5.020546913146971 5.0
v -12.175779342651364 6.531109809875486 5.0
v -10.837577581405636 6.3451975584030125 5.0
v -9.555876255035397 5.911068320274351 5.0
v -10.147320032119747 4.581255614757536 5.0
v -10.617558956146237 3.08986335992813 5.0
v -10.90429067611694 1.552634090185165 5.0
v -11.000000238418576 0.0 5.0
v -10.934950113296505 -1.2815912067890163 5.0
v -10.741587877273556 -2.545292675495147 5.0
v -10.422594547271725 -3.7855169177055346 5.0
v -9.982182979583737 -4.993040561676024 5.0
v -9.461594223976132 -6.092770099639891 5.0
v -8.903484344482418 -7.059499621391294 5.0
v -8.341516852378842 -7.896829247474668 5.0
v -7.809309363365171 -8.60841870307922 5.0
v -7.32911944389343 -9.211415052413937 5.0
v -6.9229000806808445 -9.719734191894528 5.0
v -6.620076894760129 -10.13694882392883 5.0
v -6.4492237567901585 -10.470749139785763 5.0
v -6.432220339775083 -10.541088581085202 5.0
v -6.427826881408689 -10.60980677604675 5.0
v -6.441329121589658 -10.67646503448486 5.0
v -6.456390023231504 -10.7066798210144 5.0
v -6.4770817756652805 -10.733644962310787 5.0
v -6.531025767326352 -10.774950981140133 5.0
v -6.594715714454648 -10.80101132392883 5.0
v -6.733700037002561 -10.822360515594479 5.0
v -7.039225101470945 -10.796703100204464 5.0
v -7.422326803207395 -10.697950124740597 5.0
v -8.391623497009274 -10.269225835800167 5.0
v -9.537141919136044 -9.512614011764523 5.0
v -10.71354508399963 -8.443588614463803 5.0
v -11.831300258636471 -7.061076760292051 5.0
v -12.76909708976745 -5.441282987594603 5.0
v -13.449616432189936 -3.6955285072326647 5.0
v -13.861845731735224 -1.868531703948974 5.0
v -12.175779342651364 6.531109809875486 5.0
v -12.71950483322143 5.507510304450987 5.035233497619629
v -13.14235091209411 4.4247213006019575 5.144604444503784
v -13.43478918075561 3.310906589031218 5.328227281570435
v -13.578253984451289 2.233613580465316 5.574735999107361
v -13.569800853729243 1.312545388936996 5.842074155807495
v -13.438143730163569 0.5900020897388456 6.095813512802124
v -13.241391181945795 0.13914383947849268 6.2882256507873535
v -13.153445720672602 0.03175090299919246 6.346650123596191
v -13.12099933624267 0.005926938611082731 6.364756226539612
v -13.114994764327998 0.002269893593620508 6.367877721786499
v -13.112211227416987 0.0007399141031783072 6.369295716285706
v -13.110806941986079 1.553528704789641e-05 6.370003819465637
v -13.110930919647211 4.9858186156048737e-11 6.369950175285339
v -13.111128807067866 1.250775004402182e-10 6.369861960411072
v -13.111523389816279 2.5739459175166946e-10 6.369686126708984
v -13.112312555313105 4.547798942988733e-10 6.369333267211914
v -13.124896287918085 0.0 6.363636255264282
v -12.71411538124084 0.0 6.484639644622803
v -12.285884618759152 0.0 6.484639644622803
v -11.875103712081906 0.0 6.363636255264282
v -11.890622377395626 4.154212130541567e-11 6.370641589164734
v -11.89159512519836 2.110940979307973e-11 6.3710737228393555
v -11.892189979553219 4.183020845937439e-12 6.3713377714157104
v -11.892182826995846 8.930243893701115e-05 6.371323466300964
v -11.891349554061886 0.0005616541966446673 6.370896100997925
v -11.889572143554684 0.0016070716083049768 6.3699787855148315
v -11.885545253753659 0.004139423836022614 6.3678717613220215
v -11.86335206031799 0.02116427291184663 6.35561466217041
v -11.795492172241207 0.09536619298160073 6.312643885612488
v -11.678669452667233 0.2823513373732566 6.222107410430908
v -11.547583341598507 0.5695551633834837 6.098511219024658
v -11.336935758590695 1.1745907366275783 5.86658239364624
v -10.917339324951168 2.573046386241912 5.43836772441864
v -10.32080769538879 4.253336191177366 5.110970139503479
v -9.555876255035397 5.911068320274351 5.0
v -10.837577581405636 6.3451975584030125 5.0
v -12.412273883819577 0.1517972163856029 6.4254361391067505
v -12.985153198242182 0.12247546575963493 6.375941038131714
v -13.086425065994257 0.10392481461167331 6.3523101806640625
v -12.587739229202265 0.15179615467786783 6.425434350967407
v -12.396941184997555 0.3044009767472743 6.354381442070007
v -12.366040945053097 0.611949637532234 6.217479109764099
v -12.303353548049923 1.2358620017766948 5.964736342430115
v -12.174886465072628 2.5144922733306876 5.545247197151184
v -11.976418495178219 4.489837884902952 5.136939287185669
v -13.023660182952876 4.489806294441221 5.136939287185669
v -12.825162410736079 2.514474689960479 5.545246601104736
v -12.69667506217956 1.2358533591032024 5.964735150337219
v -12.633979320526118 0.6119453907012937 6.217477321624756
v -12.603074312210078 0.30439885333180416 6.354379653930664
v -13.362365961074824 2.428337037563323 5.54140567779541
v -13.0210530757904 1.193669959902763 5.957971811294556
v -12.854478359222407 0.5911010876297949 6.208966970443726
v -12.77235865592956 0.29404176399111737 6.344927549362183
v -12.731609344482417 0.14663428068161005 6.415494084358215
v -13.328149318695063 1.1133875697851177 5.9461164474487305
v -13.062001466751093 0.5514160543680189 6.194047927856445
v -12.930767536163325 0.27431923896074284 6.328356862068176
v -12.865639925003046 0.1368037518113851 6.39806866645813
v -13.249670267105097 0.4935981333255766 6.175105571746826
v -13.072893619537348 0.2455771528184413 6.307315826416016
v -13.19422841072082 0.20837107673287383 6.284846067428589
v -13.166754245758051 0.08160157129168508 6.330363154411316
v -12.134165763854977 0.13678762130439276 6.39803946018219
v -12.069004774093624 0.2742868661880492 6.32832944393158
v -11.937704086303707 0.5513508990406988 6.194023489952087
v -11.671419143676754 1.113255769014358 5.946096777915955
v -11.125977039337155 2.2642390429973593 5.534663200378418
v -11.110481023788449 4.335368871688841 5.135970115661621
v -11.637649536132809 2.4283434450626364 5.541406273841858
v -11.978956460952755 1.1936730891466136 5.957972407341003
v -12.145528793334957 0.5911026149988172 6.208967566490173
v -12.227646112442013 0.29404254630208004 6.34492814540863
v -12.268395423889157 0.1466346718370914 6.415494680404663
v -12.013998031616207 0.12235543690621849 6.375768184661865
v -11.804322004318234 0.20783383399248115 6.284551620483398
v -11.91237092018127 0.10365692898631092 6.352000832557678
v -11.832100152969357 0.081239677965641 6.329987645149231
v -11.389925479888912 0.9955038130283352 5.9309470653533936
v -11.749002933502194 0.4931138083338736 6.1749571561813354
v -11.926099061965939 0.24533638730645171 6.3071513175964355
v 8.999999761581417 1.2257427722215648 61.99999809265137
v 8.466825485229489 1.628280729055404 61.99999809265137
v 7.836032509803769 2.072267532348632 61.99999809265137
v 6.325752139091489 2.970847785472869 61.99999809265137
v 4.5574605464935285 3.6939591169357286 61.99999809265137
v 3.604473471641539 3.916968703269957 61.99999809265137
v 2.6337245106697074 4.000000059604643 61.99999809265137
v 1.9158542156219476 4.083819687366484 62.869086265563965
v 1.4001579582691188 4.260822832584379 63.80629539489746
v 1.0969158262014385 4.543386399745939 64.77214336395264
v 1.0000000149011607 4.932073652744291 65.72664737701416
v 1.9270509481430047 4.79912608861923 65.78896999359131
v 2.7633556723594657 4.4132965803146345 65.96983432769775
v 3.427051007747649 3.8123533129692064 66.251540184021
v 3.8531696796417223 3.0551204085350028 66.60651206970215
v 4.000000059604643 2.215721458196639 66.99999809265137
v 4.0855327248573285 1.6318787634372705 66.07928276062012
v 4.354015886783598 1.242883130908012 65.15393257141113
v 4.805945456027983 1.0387922078371044 64.27803993225098
v 5.426966547966002 0.9869022667407986 63.502888679504395
v 6.189185976982115 1.0330633074045177 62.86489486694336
v 7.061859965324399 1.1187453567981716 62.39140510559082
v 8.010917901992794 1.1955408751964565 62.09897994995117
v 2.867543399333953 3.9802017807960497 62.75576591491699
v 2.2167882323265067 4.152309894561766 63.71897220611572
v 6.971768736839292 1.9623908400535577 62.298078536987305
v 5.65572679042816 3.076627552509307 62.253150939941406
v 5.832643508911131 2.7138552069663993 62.48269557952881
v 6.0803312063217145 1.9121898710727685 62.77918815612793
v 4.318197071552275 3.6084136366844164 62.43225574493408
v 4.7964859008789045 3.1039825081825247 62.8972053527832
v 5.021224021911619 2.733965814113616 63.11500549316406
v 5.3218436241149885 1.9044665992259973 63.40468883514404
v 3.5426023602485643 3.7031224370002733 63.218750953674316
v 4.113807380199431 3.20490002632141 63.634209632873535
v 4.377362132072447 2.8312680125236502 63.838820457458496
v 4.71579074859619 1.9834297895431512 64.13463592529297
v 2.9748210310935965 3.8900855183601366 64.07268524169922
v 3.612737953662871 3.4017348289489733 64.42432880401611
v 3.904529511928557 3.031633496284484 64.61477279663086
v 4.271714091300963 2.187039852142333 64.9308443069458
v 1.8180012702941888 4.4436153769493085 64.73395824432373
v 2.61295199394226 4.182918369770048 64.96826648712158
v 3.284261822700499 3.708226978778838 65.24945259094238
v 3.5930287837982164 3.3508792519569384 65.42428970336914
v 3.98663431406021 2.5383159518241873 65.76403617858887
v 4.000000059604643 2.5789788365364066 67.71644115447998
v 4.000000059604643 2.452981770038604 67.48013973236084
v 4.000000059604643 2.3318788409233084 67.2412919998169
v 4.000000059604643 2.215721458196639 66.99999809265137
v 3.8531696796417223 3.0551204085350028 66.60651206970215
v 3.427051007747649 3.8123533129692064 66.251540184021
v 2.7633556723594657 4.4132965803146345 65.96983432769775
v 1.9270509481430047 4.79912608861923 65.78896999359131
v 1.0000000149011607 4.932073652744291 65.72664737701416
v 1.0000000149011607 5.245323181152342 66.33913040161133
v 1.0000000149011607 5.5999410152435285 66.92862510681152
v 1.0000000149011607 5.994249582290648 67.49234199523926
v 1.830997318029403 5.9004276990890485 67.56289482116699
v 2.596960961818694 5.626305341720579 67.76903629302979
v 3.2379472255706774 5.1933354139327985 68.09463024139404
v 3.7037923932075487 4.6354013681411725 68.51419448852539
v 3.958039581775664 3.996167182922362 68.99489402770996
v 3.9793083071708666 3.294483125209807 68.2387638092041
v 1.9270509481430047 5.291742086410521 66.71261310577393
v 2.7633556723594657 4.926599860191343 66.9322681427002
v 3.427051007747649 4.357878267765043 67.27438926696777
v 3.8531696796417223 3.6412468552589403 67.70548820495605
v 1.0000000149011607 -5.994249582290648 67.49234199523926
v 1.0000000149011607 -5.5999410152435285 66.92862510681152
v 1.0000000149011607 -5.245323181152342 66.33913040161133
v 1.0000000149011607 -4.932073652744291 65.72664737701416
v 1.9270509481430047 -4.79912608861923 65.78896999359131
v 2.7633556723594657 -4.4132965803146345 65.96983432769775
v 3.427051007747649 -3.8123533129692064 66.251540184021
v 3.8531696796417223 -3.0551204085350028 66.60651206970215
v 4.000000059604643 -2.215721458196639 66.99999809265137
v 4.000000059604643 -2.3318788409233084 67.2412919998169
v 4.000000059604643 -2.452981770038604 67.48013973236084
v 4.000000059604643 -2.5789788365364066 67.71644115447998
v 3.978374898433684 -3.3216989040374743 68.26270580291748
v 3.958039581775664 -3.996167182922362 68.99489402770996
v 3.7037923932075487 -4.6354013681411725 68.51419448852539
v 3.2379472255706774 -5.1933354139327985 68.09463024139404
v 2.596960961818694 -5.626305341720579 67.76903629302979
v 1.830997318029403 -5.9004276990890485 67.56289482116699
v 1.9270509481430047 -5.291742086410521 66.71261310577393
v 2.7633556723594657 -4.926599860191343 66.9322681427002
v 3.427051007747649 -4.357878267765043 67.27438926696777
v 3.8531696796417223 -3.6412468552589403 67.70548820495605
v 2.6337245106697074 -4.000000059604643 61.99999809265137
v 3.604473471641539 -3.916968703269957 61.99999809265137
v 4.5574605464935285 -3.6939591169357286 61.99999809265137
v 6.325752139091489 -2.970847785472869 61.99999809265137
v 7.836032509803769 -2.072267532348632 61.99999809265137
v 8.466825485229489 -1.628280729055404 61.99999809265137
v 8.999999761581417 -1.2257427722215648 61.99999809265137
v 8.010997176170346 -1.1952895671129222 62.09904670715332
v 7.061637639999387 -1.1197961866855617 62.391037940979004
v 6.18925094604492 -1.032745316624641 62.86517143249512
v 5.426862239837645 -0.9868424385786053 63.50252151489258
v 4.806061089038847 -1.039030477404594 64.27834510803223
v 4.353482425212858 -1.2420948594808574 65.15373706817627
v 4.08550977706909 -1.6318601369857781 66.07932567596436
v 4.000000059604643 -2.215721458196639 66.99999809265137
v 3.8531696796417223 -3.0551204085350028 66.60651206970215
v 3.427051007747649 -3.8123533129692064 66.251540184021
v 2.7633556723594657 -4.4132965803146345 65.96983432769775
v 1.9270509481430047 -4.79912608861923 65.78896999359131
v 1.0000000149011607 -4.932073652744291 65.72664737701416
v 1.0967985540628429 -4.543325006961821 64.77224826812744
v 1.3999110460281368 -4.260658621788023 63.806190490722656
v 1.9150021672248834 -4.083209931850432 62.8688383102417
v 7.541433572769162 -1.9956426322460168 62.09585666656494
v 4.433303475379942 -2.0871755480766288 64.59999084472656
v 4.07704174518585 -2.9368999600410453 64.29339408874512
v 3.795882463455199 -3.3088055253028856 64.0973949432373
v 3.180793523788451 -3.8018861413002 63.717942237854004
v 2.4506750702857962 -4.068413674831389 63.31658363342285
v 3.223522305488585 -3.939043581485747 62.36612319946289
v 3.8519510626792894 -3.6523729562759386 62.86831855773926
v 4.386093020439146 -3.1507274508476244 63.30732345581055
v 4.633693695068358 -2.7787455916404715 63.5174036026001
v 4.9576985836029035 -1.9366495311260217 63.80909442901611
v 4.735728204250334 -3.590254485607146 62.10733413696289
v 5.165975093841551 -3.0838373303413382 62.59011745452881
v 5.369635224342344 -2.7176117897033683 62.813100814819336
v 5.648644566535948 -1.9000330567359918 63.104729652404785
v 6.492061018943784 -1.934260427951812 62.528696060180664
v 6.275904178619382 -2.722977399826049 62.2258186340332
v 4.077683687210081 -2.3849011957645407 65.44050216674805
v 3.693890273571013 -3.2137438654899584 65.10927677154541
v 3.3908036351203905 -3.5764402151107775 64.92856025695801
v 2.727560102939605 -4.05713766813278 64.61982727050781
v 1.9401450455188745 -4.316652119159697 64.33950901031494
v 3.930058181285857 -2.678710222244262 66.02363109588623
v 3.5278618335723864 -3.4756904840469347 65.67793369293213
v 3.2166883349418627 -3.826467692852019 65.5086088180542
v 2.5417450070381156 -4.296379685401915 65.24875164031982
v 1.7449054121971124 -4.559249281883238 65.049729347229
v 3.958039581775664 -3.996167182922362 68.99489402770996
v 3.958039581775664 -4.66554820537567 70.20203590393066
v 3.958039581775664 -4.979365468025206 71.5462064743042
v 3.958039581775664 -4.9137023091316205 72.92495250701904
v 3.958039581775664 -4.47356343269348 74.2332124710083
v 3.958039581775664 -3.6924919486045824 75.3712797164917
v 3.958039581775664 -2.6300138235092154 76.25241756439209
v 3.958039581775664 -1.3671006262302394 76.80947780609131
v 3.958039581775664 0.0 77.00000286102295
v 3.958039581775664 1.3671006262302394 76.80947780609131
v 3.958039581775664 2.6300138235092154 76.25241756439209
v 3.958039581775664 3.6924919486045824 75.3712797164917
v 3.958039581775664 4.47356343269348 74.2332124710083
v 3.958039581775664 4.9137023091316205 72.92495250701904
v 3.958039581775664 4.979365468025206 71.5462064743042
v 3.958039581775664 4.66554820537567 70.20203590393066
v 3.958039581775664 3.996167182922362 68.99489402770996
v 3.7037923932075487 4.6354013681411725 68.51419448852539
v 3.2379472255706774 5.1933354139327985 68.09463024139404
v 2.596960961818694 5.626305341720579 67.76903629302979
v 1.830997318029403 5.9004276990890485 67.56289482116699
v 1.0000000149011607 5.994249582290648 67.49234199523926
v 1.0000000149011607 6.8737351894378635 68.99970531463623
v 1.0000000149011607 7.381044626235959 70.66952228546143
v 1.0000000149011607 7.488709688186643 72.41137027740479
v 1.0000000149011607 7.190900444984433 74.13094997406006
v 1.0000000149011607 6.503742337226865 75.73514938354492
v 1.0000000149011607 5.4644405841827375 77.1371078491211
v 1.0000000149011607 4.129268527030943 78.2609224319458
v 1.0000000149011607 2.5705182552337638 79.04573917388916
v 1.0000000149011607 0.8725881576538083 79.44906711578369
v 1.0000000149011607 -0.8725881576538083 79.44906711578369
v 1.0000000149011607 -2.5705182552337638 79.04573917388916
v 1.0000000149011607 -4.129268527030943 78.2609224319458
v 1.0000000149011607 -5.4644405841827375 77.1371078491211
v 1.0000000149011607 -6.503742337226865 75.73514938354492
v 1.0000000149011607 -7.190900444984433 74.13094997406006
v 1.0000000149011607 -7.488709688186643 72.41137027740479
v 1.0000000149011607 -7.381044626235959 70.66952228546143
v 1.0000000149011607 -6.8737351894378635 68.99970531463623
v 1.0000000149011607 -5.994249582290648 67.49234199523926
v 1.830997318029403 -5.9004276990890485 67.56289482116699
v 2.596960961818694 -5.626305341720579 67.76903629302979
v 3.2379472255706774 -5.1933354139327985 68.09463024139404
v 3.7037923932075487 -4.6354013681411725 68.51419448852539
v 3.606009483337401 3.295802772045134 76.99719905853271
v 3.606009483337401 -3.295802772045134 76.99719905853271
v 3.606009483337401 -5.486317276954649 69.60529804229736
v 2.93649137020111 -6.224202513694761 69.28321838378906
v 2.031051814556121 -6.706250905990598 69.07281398773193
v 3.606009483337401 -5.89122951030731 70.93806743621826
v 2.93649137020111 -6.683573722839353 70.79524517059326
v 2.031051814556121 -7.201199531555173 70.70193767547607
v 3.606009483337401 -5.977162718772886 72.32833862304688
v 2.93649137020111 -6.781064867973325 72.37249851226807
v 2.031051814556121 -7.306240797042844 72.40134716033936
v 3.606009483337401 -5.739464759826658 73.70083332061768
v 2.93649137020111 -6.511397361755368 73.92958641052246
v 2.031051814556121 -7.015688419342038 74.07902717590332
v 3.606009483337401 -5.191004872322081 74.9812364578247
v 2.93649137020111 -5.889171957969664 75.38219928741455
v 2.031051814556121 -6.345273256301877 75.64414024353027
v 3.606009483337401 -4.361479282379149 76.10022068023682
v 2.93649137020111 -4.948078989982603 76.65167808532715
v 2.031051814556121 -5.331295132637022 77.01193809509277
v 3.606009483337401 -2.0516760647296897 77.62360572814941
v 2.93649137020111 -2.327617406845092 78.37995529174805
v 2.031051814556121 -2.5078853964805594 78.87406349182129
v 2.031051814556121 -4.02865558862686 78.10836791992188
v 2.93649137020111 -3.739073574542998 77.66929626464844
v 3.606009483337401 -0.6964619457721708 77.94552326202393
v 2.93649137020111 -0.7901329547166821 78.7451696395874
v 2.031051814556121 -0.8513268083333966 79.26756381988525
v 3.606009483337401 0.6964619457721708 77.94552326202393
v 2.93649137020111 0.7901329547166821 78.7451696395874
v 2.031051814556121 0.8513268083333966 79.26756381988525
v 3.606009483337401 2.0516760647296897 77.62360572814941
v 2.93649137020111 2.327617406845092 78.37995529174805
v 2.031051814556121 2.5078853964805594 78.87406349182129
v 2.93649137020111 3.739073574542998 77.66929626464844
v 2.031051814556121 4.02865558862686 78.10836791992188
v 3.606009483337401 5.191004872322081 74.9812364578247
v 2.93649137020111 5.889171957969664 75.38219928741455
v 2.031051814556121 6.345273256301877 75.64414024353027
v 2.031051814556121 5.331295132637022 77.01193809509277
v 2.93649137020111 4.948078989982603 76.65167808532715
v 3.606009483337401 4.361479282379149 76.10022068023682
v 3.606009483337401 5.739464759826658 73.70083332061768
v 2.93649137020111 6.511397361755368 73.92958641052246
v 2.031051814556121 7.015688419342038 74.07902717590332
v 3.606009483337401 5.977162718772886 72.32833862304688
v 2.93649137020111 6.781064867973325 72.37249851226807
v 2.031051814556121 7.306240797042844 72.40134716033936
v 3.606009483337401 5.89122951030731 70.93806743621826
v 2.93649137020111 6.683573722839353 70.79524517059326
v 2.031051814556121 7.201199531555173 70.70193767547607
v 3.606009483337401 5.486317276954649 69.60529804229736
v 2.93649137020111 6.224202513694761 69.28321838378906
v 2.031051814556121 6.706250905990598 69.07281398773193
v 4.000000059604643 2.5789788365364066 67.71644115447998
v 3.9793083071708666 3.294483125209807 68.2387638092041
v 3.958039581775664 3.996167182922362 68.99489402770996
v 3.958039581775664 4.66554820537567 70.20203590393066
v 3.958039581775664 4.979365468025206 71.5462064743042
v 3.958039581775664 4.9137023091316205 72.92495250701904
v 3.958039581775664 4.47356343269348 74.2332124710083
v 3.958039581775664 3.6924919486045824 75.3712797164917
v 3.958039581775664 2.6300138235092154 76.25241756439209
v 3.958039581775664 1.3671006262302394 76.80947780609131
v 3.958039581775664 0.0 77.00000286102295
v 3.958039581775664 -1.3671006262302394 76.80947780609131
v 3.958039581775664 -2.6300138235092154 76.25241756439209
v 3.958039581775664 -3.6924919486045824 75.3712797164917
v 3.958039581775664 -4.47356343269348 74.2332124710083
v 3.958039581775664 -4.9137023091316205 72.92495250701904
v 3.958039581775664 -4.979365468025206 71.5462064743042
v 3.958039581775664 -4.66554820537567 70.20203590393066
v 3.958039581775664 -3.996167182922362 68.99489402770996
v 3.978374898433684 -3.3216989040374743 68.26270580291748
v 4.000000059604643 -2.5789788365364066 67.71644115447998
v 4.000000059604643 -1.7674101889133447 67.32279300689697
v 4.000000059604643 -0.8983226120471951 67.08136081695557
v 4.000000059604643 0.0 66.99999809265137
v 4.000000059604643 0.8983226120471951 67.08136081695557
v 4.000000059604643 1.7674101889133447 67.32279300689697
v -4.000000059604643 -2.5789788365364066 67.71644115447998
v -3.977088630199431 -3.3456042408943163 68.2842206954956
v -3.958039581775664 -3.996167182922362 68.99489402770996
v -3.958039581775664 -4.66554820537567 70.20203590393066
v -3.958039581775664 -4.979365468025206 71.5462064743042
v -3.958039581775664 -4.9137023091316205 72.92495250701904
v -3.958039581775664 -4.47356343269348 74.2332124710083
v -3.958039581775664 -3.6924919486045824 75.3712797164917
v -3.958039581775664 -2.6300138235092154 76.25241756439209
v -3.958039581775664 -1.3671006262302394 76.80947780609131
v -3.958039581775664 0.0 77.00000286102295
v -3.958039581775664 1.3671006262302394 76.80947780609131
v -3.958039581775664 2.6300138235092154 76.25241756439209
v -3.958039581775664 3.6924919486045824 75.3712797164917
v -3.958039581775664 4.47356343269348 74.2332124710083
v -3.958039581775664 4.9137023091316205 72.92495250701904
v -3.958039581775664 4.979365468025206 71.5462064743042
v -3.958039581775664 4.66554820537567 70.20203590393066
v -3.958039581775664 3.996167182922362 68.99489402770996
v -3.978219628334044 3.3253040909767138 68.26598167419434
v -4.000000059604643 2.5789788365364066 67.71644115447998
v -4.000000059604643 1.7674101889133447 67.32279300689697
v -4.000000059604643 0.8983226120471951 67.08136081695557
v -4.000000059604643 0.0 66.99999809265137
v -4.000000059604643 -0.8983226120471951 67.08136081695557
v -4.000000059604643 -1.7674101889133447 67.32279300689697
v 3.958039581775664 4.9137023091316205 72.92495250701904
v -3.958039581775664 4.9137023091316205 72.92495250701904
v 4.000000059604643 -2.5789788365364066 67.71644115447998
v 4.000000059604643 -2.452981770038604 67.48013973236084
v 4.000000059604643 -2.3318788409233084 67.2412919998169
v 4.000000059604643 -2.215721458196639 66.99999809265137
v 4.000000059604643 0.0 66.99999809265137
v 4.000000059604643 -0.8983226120471951 67.08136081695557
v 4.000000059604643 -1.7674101889133447 67.32279300689697
v 2.6337245106697074 -4.000000059604643 61.99999809265137
v 1.9150021672248834 -4.083209931850432 62.8688383102417
v 1.3999110460281368 -4.260658621788023 63.806190490722656
v 1.0967985540628429 -4.543325006961821 64.77224826812744
v 1.0000000149011607 -4.932073652744291 65.72664737701416
v 1.0000000149011607 -5.245323181152342 66.33913040161133
v 1.0000000149011607 -5.5999410152435285 66.92862510681152
v 1.0000000149011607 -5.994249582290648 67.49234199523926
v -1.0000000149011607 -5.994249582290648 67.49234199523926
v -1.0000000149011607 -5.5999410152435285 66.92862510681152
v -1.0000000149011607 -5.245323181152342 66.33913040161133
v -1.0000000149011607 -4.932073652744291 65.72664737701416
v -1.0969158262014385 -4.543386399745939 64.77214336395264
v -1.4001579582691188 -4.260822832584379 63.80629539489746
v -1.9158542156219476 -4.083819687366484 62.869086265563965
v -2.6337245106697074 -4.000000059604643 61.99999809265137
v -8.999999761581417 -1.2257427722215648 61.99999809265137
v -8.990492224693295 -1.2331044673919673 61.99999809265137
v -8.456749916076657 -1.6356626152992242 61.99999809265137
v -7.82603859901428 -2.078993171453475 61.99999809265137
v -6.317605972290036 -2.9750245809555045 61.99999809265137
v -4.552856981754301 -3.695336282253264 61.99999809265137
v -3.6020940542221056 -3.917361199855803 61.99999809265137
v -2.6337245106697074 -4.000000059604643 61.99999809265137
v -1.9158542156219476 -4.083819687366484 62.869086265563965
v -1.4001579582691188 -4.260822832584379 63.80629539489746
v -1.0969158262014385 -4.543386399745939 64.77214336395264
v -1.0000000149011607 -4.932073652744291 65.72664737701416
v -1.9270509481430047 -4.79912608861923 65.78896999359131
v -2.7633556723594657 -4.4132965803146345 65.96983432769775
v -3.427051007747649 -3.8123533129692064 66.251540184021
v -3.8531696796417223 -3.0551204085350028 66.60651206970215
v -4.000000059604643 -2.215721458196639 66.99999809265137
v -4.0855327248573285 -1.6318787634372705 66.07928276062012
v -4.354015886783598 -1.242883130908012 65.15393257141113
v -4.805945456027983 -1.0387922078371044 64.27803993225098
v -5.426966547966002 -0.9869022667407986 63.502888679504395
v -6.189185976982115 -1.0330633074045177 62.86489486694336
v -7.061859965324399 -1.1187453567981716 62.39140510559082
v -8.010917901992794 -1.1955408751964565 62.09897994995117
v -2.867543399333953 -3.9802017807960497 62.75576591491699
v -2.2167882323265067 -4.152309894561766 63.71897220611572
v -6.971768736839292 -1.9623908400535577 62.298078536987305
v -5.65572679042816 -3.076627552509307 62.253150939941406
v -5.832643508911131 -2.7138552069663993 62.48269557952881
v -6.0803312063217145 -1.9121898710727685 62.77918815612793
v -4.318197071552275 -3.6084136366844164 62.43225574493408
v -4.7964859008789045 -3.1039825081825247 62.8972053527832
v -5.021224021911619 -2.733965814113616 63.11500549316406
v -5.3218436241149885 -1.9044665992259973 63.40468883514404
v -3.5426023602485643 -3.7031224370002733 63.218750953674316
v -4.113807380199431 -3.20490002632141 63.634209632873535
v -4.377362132072447 -2.8312680125236502 63.838820457458496
v -4.71579074859619 -1.9834297895431512 64.13463592529297
v -2.9748210310935965 -3.8900855183601366 64.07268524169922
v -3.612737953662871 -3.4017348289489733 64.42432880401611
v -3.904529511928557 -3.031633496284484 64.61477279663086
v -4.271714091300963 -2.187039852142333 64.9308443069458
v -1.8180012702941888 -4.4436153769493085 64.73395824432373
v -2.61295199394226 -4.182918369770048 64.96826648712158
v -3.284261822700499 -3.708226978778838 65.24945259094238
v -3.5930287837982164 -3.3508792519569384 65.42428970336914
v -3.98663431406021 -2.5383159518241873 65.76403617858887
v -4.000000059604643 -2.5789788365364066 67.71644115447998
v -4.000000059604643 -2.452981770038604 67.48013973236084
v -4.000000059604643 -2.3318788409233084 67.2412919998169
v -4.000000059604643 -2.215721458196639 66.99999809265137
v -3.8531696796417223 -3.0551204085350028 66.60651206970215
v -3.427051007747649 -3.8123533129692064 66.251540184021
v -2.7633556723594657 -4.4132965803146345 65.96983432769775
v -1.9270509481430047 -4.79912608861923 65.78896999359131
v -1.0000000149011607 -4.932073652744291 65.72664737701416
v -1.0000000149011607 -5.245323181152342 66.33913040161133
v -1.0000000149011607 -5.5999410152435285 66.92862510681152
v -1.0000000149011607 -5.994249582290648 67.49234199523926
v -1.830997318029403 -5.9004276990890485 67.56289482116699
v -2.596960961818694 -5.626305341720579 67.76903629302979
v -3.2379472255706774 -5.1933354139327985 68.09463024139404
v -3.7037923932075487 -4.6354013681411725 68.51419448852539
v -3.958039581775664 -3.996167182922362 68.99489402770996
v -3.977088630199431 -3.3456042408943163 68.2842206954956
v -1.9270509481430047 -5.291742086410521 66.71261310577393
v -2.7633556723594657 -4.926599860191343 66.9322681427002
v -3.427051007747649 -4.357878267765043 67.27438926696777
v -3.8531696796417223 -3.6412468552589403 67.70548820495605
v -1.0000000149011607 5.994249582290648 67.49234199523926
v -1.0000000149011607 5.5999410152435285 66.92862510681152
v -1.0000000149011607 5.245323181152342 66.33913040161133
v -1.0000000149011607 4.932073652744291 65.72664737701416
v -1.9270509481430047 4.79912608861923 65.78896999359131
v -2.7633556723594657 4.4132965803146345 65.96983432769775
v -3.427051007747649 3.8123533129692064 66.251540184021
v -3.8531696796417223 3.0551204085350028 66.60651206970215
v -4.000000059604643 2.215721458196639 66.99999809265137
v -4.000000059604643 2.3318788409233084 67.2412919998169
v -4.000000059604643 2.452981770038604 67.48013973236084
v -4.000000059604643 2.5789788365364066 67.71644115447998
v -3.978219628334044 3.3253040909767138 68.26598167419434
v -3.958039581775664 3.996167182922362 68.99489402770996
v -3.7037923932075487 4.6354013681411725 68.51419448852539
v -3.2379472255706774 5.1933354139327985 68.09463024139404
v -2.596960961818694 5.626305341720579 67.76903629302979
v -1.830997318029403 5.9004276990890485 67.56289482116699
v -1.9270509481430047 5.291742086410521 66.71261310577393
v -2.7633556723594657 4.926599860191343 66.9322681427002
v -3.427051007747649 4.357878267765043 67.27438926696777
v -3.8531696796417223 3.6412468552589403 67.70548820495605
v -2.6337245106697074 4.000000059604643 61.99999809265137
v -3.604473471641539 3.916968703269957 61.99999809265137
v -4.5574605464935285 3.6939591169357286 61.99999809265137
v -6.325752139091489 2.970847785472869 61.99999809265137
v -7.836032509803769 2.072267532348632 61.99999809265137
v -8.466825485229489 1.628280729055404 61.99999809265137
v -8.999999761581417 1.2257427722215648 61.99999809265137
v -8.010997176170346 1.1952895671129222 62.09904670715332
v -7.061637639999387 1.1197961866855617 62.391037940979004
v -6.18925094604492 1.032745316624641 62.86517143249512
v -5.426862239837645 0.9868424385786053 63.50252151489258
v -4.806061089038847 1.039030477404594 64.27834510803223
v -4.353482425212858 1.2420948594808574 65.15373706817627
v -4.08550977706909 1.6318601369857781 66.07932567596436
v -4.000000059604643 2.215721458196639 66.99999809265137
v -3.8531696796417223 3.0551204085350028 66.60651206970215
v -3.427051007747649 3.8123533129692064 66.251540184021
v -2.7633556723594657 4.4132965803146345 65.96983432769775
v -1.9270509481430047 4.79912608861923 65.78896999359131
v -1.0000000149011607 4.932073652744291 65.72664737701416
v -1.0967985540628429 4.543325006961821 64.77224826812744
v -1.3999110460281368 4.260658621788023 63.806190490722656
v -1.9150021672248834 4.083209931850432 62.8688383102417
v -7.541433572769162 1.9956426322460168 62.09585666656494
v -4.433303475379942 2.0871755480766288 64.59999084472656
v -4.07704174518585 2.9368999600410453 64.29339408874512
v -3.795882463455199 3.3088055253028856 64.0973949432373
v -3.180793523788451 3.8018861413002 63.717942237854004
v -2.4506750702857962 4.068413674831389 63.31658363342285
v -3.223522305488585 3.939043581485747 62.36612319946289
v -3.8519510626792894 3.6523729562759386 62.86831855773926
v -4.386093020439146 3.1507274508476244 63.30732345581055
v -4.633693695068358 2.7787455916404715 63.5174036026001
v -4.9576985836029035 1.9366495311260217 63.80909442901611
v -4.735728204250334 3.590254485607146 62.10733413696289
v -5.165975093841551 3.0838373303413382 62.59011745452881
v -5.369635224342344 2.7176117897033683 62.813100814819336
v -5.648644566535948 1.9000330567359918 63.104729652404785
v -6.492061018943784 1.934260427951812 62.528696060180664
v -6.275904178619382 2.722977399826049 62.2258186340332
v -4.077683687210081 2.3849011957645407 65.44050216674805
v -3.693890273571013 3.2137438654899584 65.10927677154541
v -3.3908036351203905 3.5764402151107775 64.92856025695801
v -2.727560102939605 4.05713766813278 64.61982727050781
v -1.9401450455188745 4.316652119159697 64.33950901031494
v -3.930058181285857 2.678710222244262 66.02363109588623
v -3.5278618335723864 3.4756904840469347 65.67793369293213
v -3.2166883349418627 3.826467692852019 65.5086088180542
v -2.5417450070381156 4.296379685401915 65.24875164031982
v -1.7449054121971124 4.559249281883238 65.049729347229
v -3.958039581775664 3.996167182922362 68.99489402770996
v -3.958039581775664 4.66554820537567 70.20203590393066
v -3.958039581775664 4.979365468025206 71.5462064743042
v -3.958039581775664 4.9137023091316205 72.92495250701904
v -3.958039581775664 4.47356343269348 74.2332124710083
v -3.958039581775664 3.6924919486045824 75.3712797164917
v -3.958039581775664 2.6300138235092154 76.25241756439209
v -3.958039581775664 1.3671006262302394 76.80947780609131
v -3.958039581775664 0.0 77.00000286102295
v -3.958039581775664 -1.3671006262302394 76.80947780609131
v -3.958039581775664 -2.6300138235092154 76.25241756439209
v -3.958039581775664 -3.6924919486045824 75.3712797164917
v -3.958039581775664 -4.47356343269348 74.2332124710083
v -3.958039581775664 -4.9137023091316205 72.92495250701904
v -3.958039581775664 -4.979365468025206 71.5462064743042
v -3.958039581775664 -4.66554820537567 70.20203590393066
v -3.958039581775664 -3.996167182922362 68.99489402770996
v -3.7037923932075487 -4.6354013681411725 68.51419448852539
v -3.2379472255706774 -5.1933354139327985 68.09463024139404
v -2.596960961818694 -5.626305341720579 67.76903629302979
v -1.830997318029403 -5.9004276990890485 67.56289482116699
v -1.0000000149011607 -5.994249582290648 67.49234199523926
v -1.0000000149011607 -6.8737351894378635 68.99970531463623
v -1.0000000149011607 -7.381044626235959 70.66952228546143
v -1.0000000149011607 -7.488709688186643 72.41137027740479
v -1.0000000149011607 -7.190900444984433 74.13094997406006
v -1.0000000149011607 -6.503742337226865 75.73514938354492
v -1.0000000149011607 -5.4644405841827375 77.1371078491211
v -1.0000000149011607 -4.129268527030943 78.2609224319458
v -1.0000000149011607 -2.5705182552337638 79.04573917388916
v -1.0000000149011607 -0.8725881576538083 79.44906711578369
v -1.0000000149011607 0.8725881576538083 79.44906711578369
v -1.0000000149011607 2.5705182552337638 79.04573917388916
v -1.0000000149011607 4.129268527030943 78.2609224319458
v -1.0000000149011607 5.4644405841827375 77.1371078491211
v -1.0000000149011607 6.503742337226865 75.73514938354492
v -1.0000000149011607 7.190900444984433 74.13094997406006
v -1.0000000149011607 7.488709688186643 72.41137027740479
v -1.0000000149011607 7.381044626235959 70.66952228546143
v -1.0000000149011607 6.8737351894378635 68.99970531463623
v -1.0000000149011607 5.994249582290648 67.49234199523926
v -1.830997318029403 5.9004276990890485 67.56289482116699
v -2.596960961818694 5.626305341720579 67.76903629302979
v -3.2379472255706774 5.1933354139327985 68.09463024139404
v -3.7037923932075487 4.6354013681411725 68.51419448852539
v -3.606009483337401 -3.295802772045134 76.99719905853271
v -3.606009483337401 3.295802772045134 76.99719905853271
v -3.606009483337401 5.486317276954649 69.60529804229736
v -2.93649137020111 6.224202513694761 69.28321838378906
v -2.031051814556121 6.706250905990598 69.07281398773193
v -3.606009483337401 5.89122951030731 70.93806743621826
v -2.93649137020111 6.683573722839353 70.79524517059326
v -2.031051814556121 7.201199531555173 70.70193767547607
v -3.606009483337401 5.977162718772886 72.32833862304688
v -2.93649137020111 6.781064867973325 72.37249851226807
v -2.031051814556121 7.306240797042844 72.40134716033936
v -3.606009483337401 5.739464759826658 73.70083332061768
v -2.93649137020111 6.511397361755368 73.92958641052246
v -2.031051814556121 7.015688419342038 74.07902717590332
v -3.606009483337401 5.191004872322081 74.9812364578247
v -2.93649137020111 5.889171957969664 75.38219928741455
v -2.031051814556121 6.345273256301877 75.64414024353027
v -3.606009483337401 4.361479282379149 76.10022068023682
v -2.93649137020111 4.948078989982603 76.65167808532715
v -2.031051814556121 5.331295132637022 77.01193809509277
v -3.606009483337401 2.0516760647296897 77.62360572814941
v -2.93649137020111 2.327617406845092 78.37995529174805
v -2.031051814556121 2.5078853964805594 78.87406349182129
v -2.031051814556121 4.02865558862686 78.10836791992188
v -2.93649137020111 3.739073574542998 77.66929626464844
v -3.606009483337401 0.6964619457721708 77.94552326202393
v -2.93649137020111 0.7901329547166821 78.7451696395874
v -2.031051814556121 0.8513268083333966 79.26756381988525
v -3.606009483337401 -0.6964619457721708 77.94552326202393
v -2.93649137020111 -0.7901329547166821 78.7451696395874
v -2.031051814556121 -0.8513268083333966 79.26756381988525
v -3.606009483337401 -2.0516760647296897 77.62360572814941
v -2.93649137020111 -2.327617406845092 78.37995529174805
v -2.031051814556121 -2.5078853964805594 78.87406349182129
v -2.93649137020111 -3.739073574542998 77.66929626464844
v -2.031051814556121 -4.02865558862686 78.10836791992188
v -3.606009483337401 -5.191004872322081 74.9812364578247
v -2.93649137020111 -5.889171957969664 75.38219928741455
v -2.031051814556121 -6.345273256301877 75.64414024353027
v -2.031051814556121 -5.331295132637022 77.01193809509277
v -2.93649137020111 -4.948078989982603 76.65167808532715
v -3.606009483337401 -4.361479282379149 76.10022068023682
v -3.606009483337401 -5.739464759826658 73.70083332061768
v -2.93649137020111 -6.511397361755368 73.92958641052246
v -2.031051814556121 -7.015688419342038 74.07902717590332
v -3.606009483337401 -5.977162718772886 72.32833862304688
v -2.93649137020111 -6.781064867973325 72.37249851226807
v -2.031051814556121 -7.306240797042844 72.40134716033936
v -3.606009483337401 -5.89122951030731 70.93806743621826
v -2.93649137020111 -6.683573722839353 70.79524517059326
v -2.031051814556121 -7.201199531555173 70.70193767547607
v -3.606009483337401 -5.486317276954649 69.60529804229736
v -2.93649137020111 -6.224202513694761 69.28321838378906
v -2.031051814556121 -6.706250905990598 69.07281398773193
v -4.000000059604643 2.5789788365364066 67.71644115447998
v -4.000000059604643 2.452981770038604 67.48013973236084
v -4.000000059604643 2.3318788409233084 67.2412919998169
v -4.000000059604643 2.215721458196639 66.99999809265137
v -4.000000059604643 0.0 66.99999809265137
v -4.000000059604643 0.8983226120471951 67.08136081695557
v -4.000000059604643 1.7674101889133447 67.32279300689697
v 1.0000000149011607 4.932073652744291 65.72664737701416
v 1.0969158262014385 4.543386399745939 64.77214336395264
v 1.4001579582691188 4.260822832584379 63.80629539489746
v 1.9158542156219476 4.083819687366484 62.869086265563965
v 2.6337245106697074 4.000000059604643 61.99999809265137
v -2.6337245106697074 4.000000059604643 61.99999809265137
v -1.9150021672248834 4.083209931850432 62.8688383102417
v -1.3999110460281368 4.260658621788023 63.806190490722656
v -1.0967985540628429 4.543325006961821 64.77224826812744
v -1.0000000149011607 4.932073652744291 65.72664737701416
v -1.0000000149011607 5.245323181152342 66.33913040161133
v -1.0000000149011607 5.5999410152435285 66.92862510681152
v -1.0000000149011607 5.994249582290648 67.49234199523926
v 1.0000000149011607 5.994249582290648 67.49234199523926
v 1.0000000149011607 5.5999410152435285 66.92862510681152
v 1.0000000149011607 5.245323181152342 66.33913040161133
v -8.999999761581417 -1.2257427722215648 61.99999809265137
v -8.010917901992794 -1.1955408751964565 62.09897994995117
v -7.061859965324399 -1.1187453567981716 62.39140510559082
v -6.189185976982115 -1.0330633074045177 62.86489486694336
v -5.426966547966002 -0.9869022667407986 63.502888679504395
v -4.805945456027983 -1.0387922078371044 64.27803993225098
v -4.354015886783598 -1.242883130908012 65.15393257141113
v -4.0855327248573285 -1.6318787634372705 66.07928276062012
v -4.000000059604643 -2.215721458196639 66.99999809265137
v -4.000000059604643 0.0 66.99999809265137
v -4.000000059604643 2.215721458196639 66.99999809265137
v -4.08550977706909 1.6318601369857781 66.07932567596436
v -4.353482425212858 1.2420948594808574 65.15373706817627
v -4.806061089038847 1.039030477404594 64.27834510803223
v -5.426862239837645 0.9868424385786053 63.50252151489258
v -6.18925094604492 1.032745316624641 62.86517143249512
v -7.061637639999387 1.1197961866855617 62.391037940979004
v -8.010997176170346 1.1952895671129222 62.09904670715332
v -8.999999761581417 1.2257427722215648 61.99999809265137
v -4.000000059604643 -2.215721458196639 66.99999809265137
v -4.000000059604643 -2.3318788409233084 67.2412919998169
v -4.000000059604643 -2.452981770038604 67.48013973236084
v -4.000000059604643 -2.5789788365364066 67.71644115447998
v -4.000000059604643 -1.7674101889133447 67.32279300689697
v -4.000000059604643 -0.8983226120471951 67.08136081695557
v -4.000000059604643 0.0 66.99999809265137
v 8.999999761581417 1.2257427722215648 61.99999809265137
v 8.010917901992794 1.1955408751964565 62.09897994995117
v 7.061859965324399 1.1187453567981716 62.39140510559082
v 6.189185976982115 1.0330633074045177 62.86489486694336
v 5.426966547966002 0.9869022667407986 63.502888679504395
v 4.805945456027983 1.0387922078371044 64.27803993225098
v 4.354015886783598 1.242883130908012 65.15393257141113
v 4.0855327248573285 1.6318787634372705 66.07928276062012
v 4.000000059604643 2.215721458196639 66.99999809265137
v 4.000000059604643 0.0 66.99999809265137
v 4.000000059604643 -2.215721458196639 66.99999809265137
v 4.08550977706909 -1.6318601369857781 66.07932567596436
v 4.353482425212858 -1.2420948594808574 65.15373706817627
v 4.806061089038847 -1.039030477404594 64.27834510803223
v 5.426862239837645 -0.9868424385786053 63.50252151489258
v 6.18925094604492 -1.032745316624641 62.86517143249512
v 7.061637639999387 -1.1197961866855617 62.391037940979004
v 8.010997176170346 -1.1952895671129222 62.09904670715332
v 8.999999761581417 -1.2257427722215648 61.99999809265137
v 4.000000059604643 2.215721458196639 66.99999809265137
v 4.000000059604643 2.3318788409233084 67.2412919998169
v 4.000000059604643 2.452981770038604 67.48013973236084
v 4.000000059604643 2.5789788365364066 67.71644115447998
v 4.000000059604643 1.7674101889133447 67.32279300689697
v 4.000000059604643 0.8983226120471951 67.08136081695557
v 4.000000059604643 0.0 66.99999809265137
v 1.0000000149011607 -5.994249582290648 67.49234199523926
v 1.0000000149011607 -6.8737351894378635 68.99970531463623
v 1.0000000149011607 -7.381044626235959 70.66952228546143
v 1.0000000149011607 -7.488709688186643 72.41137027740479
v 1.0000000149011607 -7.190900444984433 74.13094997406006
v 1.0000000149011607 -6.503742337226865 75.73514938354492
v 1.0000000149011607 -5.4644405841827375 77.1371078491211
v 1.0000000149011607 -4.129268527030943 78.2609224319458
v 1.0000000149011607 -2.5705182552337638 79.04573917388916
v 1.0000000149011607 -0.8725881576538083 79.44906711578369
v 1.0000000149011607 0.8725881576538083 79.44906711578369
v 1.0000000149011607 2.5705182552337638 79.04573917388916
v 1.0000000149011607 4.129268527030943 78.2609224319458
v 1.0000000149011607 5.4644405841827375 77.1371078491211
v 1.0000000149011607 6.503742337226865 75.73514938354492
v 1.0000000149011607 7.190900444984433 74.13094997406006
v 1.0000000149011607 7.488709688186643 72.41137027740479
v 1.0000000149011607 7.381044626235959 70.66952228546143
v 1.0000000149011607 6.8737351894378635 68.99970531463623
v 1.0000000149011607 5.994249582290648 67.49234199523926
v -1.0000000149011607 5.994249582290648 67.49234199523926
v -1.0000000149011607 6.8737351894378635 68.99970531463623
v -1.0000000149011607 7.381044626235959 70.66952228546143
v -1.0000000149011607 7.488709688186643 72.41137027740479
v -1.0000000149011607 7.190900444984433 74.13094997406006
v -1.0000000149011607 6.503742337226865 75.73514938354492
v -1.0000000149011607 5.4644405841827375 77.1371078491211
v -1.0000000149011607 4.129268527030943 78.2609224319458
v -1.0000000149011607 2.5705182552337638 79.04573917388916
v -1.0000000149011607 0.8725881576538083 79.44906711578369
v -1.0000000149011607 -0.8725881576538083 79.44906711578369
v -1.0000000149011607 -2.5705182552337638 79.04573917388916
v -1.0000000149011607 -4.129268527030943 78.2609224319458
v -1.0000000149011607 -5.4644405841827375 77.1371078491211
v -1.0000000149011607 -6.503742337226865 75.73514938354492
v -1.0000000149011607 -7.190900444984433 74.13094997406006
v -1.0000000149011607 -7.488709688186643 72.41137027740479
v -1.0000000149011607 -7.381044626235959 70.66952228546143
v -1.0000000149011607 -6.8737351894378635 68.99970531463623
v -1.0000000149011607 -5.994249582290648 67.49234199523926
usemtl XID_PowderCoatRoughGreen_39C1F266D8354F5CA65B52439D05908D
f 1 2 23
f 23 2 3
f 23 3 26
f 26 3 4
f 26 4 28
f 28 4 27
f 28 27 31
f 31 27 30
f 31 30 34
f 34 30 6
f 34 6 24
f 24 6 8
f 24 8 9
f 4 5 27
f 27 5 30
f 5 6 30
f 6 7 8
f 24 9 25
f 25 9 10
f 25 10 42
f 42 10 12
f 42 12 43
f 43 12 13
f 43 13 44
f 44 13 14
f 44 14 45
f 45 14 15
f 45 15 46
f 46 15 16
f 46 16 17
f 10 11 12
f 17 18 46
f 46 18 41
f 46 41 45
f 45 41 40
f 45 40 44
f 44 40 39
f 44 39 43
f 43 39 38
f 43 38 42
f 42 38 25
f 18 19 41
f 41 19 37
f 41 37 40
f 40 37 36
f 40 36 35
f 40 35 39
f 39 35 34
f 39 34 38
f 38 34 25
f 25 34 24
f 19 20 37
f 37 20 33
f 37 33 36
f 36 33 32
f 36 32 31
f 36 31 35
f 35 31 34
f 20 21 33
f 33 21 29
f 33 29 32
f 32 29 28
f 32 28 31
f 21 22 29
f 29 22 26
f 29 26 28
f 22 23 26
f 48 51 47
f 47 51 68
f 47 68 64
f 64 68 63
f 63 68 62
f 62 68 67
f 62 67 61
f 61 67 66
f 61 66 60
f 60 66 65
f 60 65 59
f 59 65 57
f 59 57 58
f 48 49 51
f 51 49 50
f 51 52 68
f 68 52 67
f 52 53 67
f 67 53 66
f 53 54 66
f 66 54 65
f 54 55 65
f 65 55 56
f 65 56 57
f 69 70 86
f 86 70 87
f 86 87 85
f 85 87 88
f 85 88 84
f 84 88 89
f 84 89 83
f 83 89 90
f 83 90 82
f 82 90 81
f 81 90 80
f 80 90 76
f 80 76 79
f 79 76 78
f 78 76 77
f 70 71 87
f 87 71 73
f 87 73 74
f 71 72 73
f 87 74 88
f 88 74 75
f 88 75 89
f 89 75 76
f 89 76 90
f 92 120 91
f 91 120 119
f 91 119 113
f 113 119 112
f 112 119 135
f 112 135 111
f 111 135 140
f 111 140 110
f 110 140 109
f 109 140 139
f 109 139 108
f 108 139 138
f 108 138 107
f 107 138 137
f 107 137 106
f 106 137 136
f 106 136 105
f 105 136 104
f 104 136 131
f 104 131 103
f 103 131 115
f 103 115 102
f 102 115 124
f 102 124 101
f 101 124 128
f 101 128 100
f 100 128 130
f 100 130 99
f 99 130 114
f 99 114 98
f 98 114 96
f 98 96 97
f 92 93 120
f 120 93 121
f 120 121 119
f 119 121 118
f 119 118 135
f 135 118 134
f 135 134 140
f 140 134 139
f 121 93 125
f 125 93 94
f 125 94 126
f 126 94 129
f 126 129 127
f 127 129 130
f 127 130 128
f 94 95 129
f 129 95 130
f 130 95 114
f 114 95 96
f 115 116 124
f 124 116 123
f 124 123 128
f 128 123 127
f 116 117 122
f 116 122 123
f 123 122 127
f 127 122 126
f 116 115 132
f 132 115 131
f 132 131 137
f 137 131 136
f 117 118 121
f 117 121 122
f 122 121 126
f 126 121 125
f 117 116 132
f 117 132 133
f 133 132 138
f 138 132 137
f 118 117 133
f 118 133 134
f 134 133 139
f 139 133 138
f 141 142 185
f 185 142 188
f 185 188 184
f 184 188 189
f 184 189 183
f 183 189 190
f 183 190 182
f 182 190 180
f 182 180 181
f 188 142 191
f 191 142 143
f 191 143 194
f 194 143 144
f 194 144 197
f 197 144 145
f 197 145 200
f 200 145 146
f 200 146 203
f 203 146 187
f 203 187 210
f 210 187 207
f 210 207 208
f 208 207 213
f 208 213 172
f 172 213 171
f 171 213 216
f 171 216 170
f 170 216 219
f 170 219 169
f 169 219 221
f 169 221 168
f 168 221 225
f 168 225 167
f 167 225 224
f 167 224 166
f 166 224 230
f 166 230 165
f 165 230 233
f 165 233 164
f 164 233 236
f 164 236 163
f 163 236 239
f 163 239 161
f 161 239 160
f 160 239 238
f 160 238 159
f 159 238 237
f 159 237 158
f 158 237 156
f 158 156 157
f 146 147 187
f 187 147 206
f 187 206 207
f 207 206 212
f 207 212 213
f 213 212 216
f 147 148 206
f 206 148 211
f 206 211 212
f 212 211 215
f 212 215 216
f 216 215 219
f 148 149 211
f 211 149 214
f 211 214 215
f 215 214 218
f 215 218 219
f 219 218 221
f 149 150 214
f 214 150 217
f 214 217 218
f 218 217 220
f 218 220 221
f 221 220 225
f 150 151 217
f 217 151 186
f 217 186 220
f 220 186 226
f 220 226 225
f 225 226 224
f 151 152 186
f 186 152 227
f 186 227 226
f 226 227 223
f 226 223 224
f 224 223 230
f 227 152 222
f 222 152 153
f 222 153 228
f 228 153 154
f 228 154 231
f 231 154 155
f 231 155 234
f 234 155 156
f 234 156 237
f 161 162 163
f 172 173 208
f 208 173 209
f 208 209 210
f 210 209 204
f 210 204 203
f 203 204 200
f 173 174 209
f 209 174 205
f 209 205 204
f 204 205 201
f 204 201 200
f 200 201 197
f 174 175 205
f 205 175 202
f 205 202 201
f 201 202 198
f 201 198 197
f 197 198 194
f 175 176 202
f 202 176 199
f 202 199 198
f 198 199 195
f 198 195 194
f 194 195 191
f 176 177 199
f 199 177 196
f 199 196 195
f 195 196 192
f 195 192 191
f 191 192 188
f 177 178 196
f 196 178 193
f 196 193 192
f 192 193 189
f 192 189 188
f 178 179 193
f 193 179 190
f 193 190 189
f 179 180 190
f 227 222 223
f 223 222 229
f 223 229 230
f 230 229 233
f 222 228 229
f 229 228 232
f 229 232 233
f 233 232 236
f 228 231 232
f 232 231 235
f 232 235 236
f 236 235 239
f 231 234 235
f 235 234 238
f 235 238 239
f 237 238 234
f 241 286 240
f 240 286 287
f 240 287 265
f 265 287 264
f 264 287 288
f 264 288 289
f 286 241 285
f 285 241 242
f 285 242 284
f 284 242 243
f 284 243 283
f 283 243 244
f 283 244 282
f 282 244 292
f 282 292 281
f 293 245 246
f 293 246 280
f 280 246 247
f 280 247 279
f 279 247 248
f 279 248 278
f 278 248 249
f 278 249 277
f 277 249 250
f 277 250 276
f 276 250 251
f 276 251 275
f 275 251 252
f 275 252 274
f 274 252 253
f 274 253 273
f 273 253 254
f 273 254 272
f 272 254 255
f 272 255 271
f 271 255 256
f 271 256 270
f 270 256 257
f 270 257 269
f 269 257 258
f 269 258 268
f 268 258 267
f 267 258 259
f 267 259 266
f 266 259 260
f 266 260 261
f 262 290 261
f 261 290 291
f 261 291 266
f 262 263 290
f 290 263 289
f 289 263 264
f 294 295 300
f 300 295 296
f 300 296 297
f 298 299 297
f 297 299 300
f 301 302 316
f 316 302 315
f 315 302 303
f 315 303 314
f 314 303 313
f 313 303 304
f 313 304 312
f 312 304 305
f 312 305 306
f 307 310 306
f 306 310 311
f 306 311 312
f 308 309 307
f 307 309 310
f 317 318 339
f 339 318 319
f 339 319 342
f 342 319 320
f 342 320 344
f 344 320 343
f 344 343 347
f 347 343 346
f 347 346 350
f 350 346 322
f 350 322 340
f 340 322 324
f 340 324 325
f 320 321 343
f 343 321 346
f 321 322 346
f 322 323 324
f 340 325 341
f 341 325 326
f 341 326 358
f 358 326 328
f 358 328 359
f 359 328 329
f 359 329 360
f 360 329 330
f 360 330 361
f 361 330 331
f 361 331 362
f 362 331 332
f 362 332 333
f 326 327 328
f 333 334 362
f 362 334 357
f 362 357 361
f 361 357 356
f 361 356 360
f 360 356 355
f 360 355 359
f 359 355 354
f 359 354 358
f 358 354 341
f 334 335 357
f 357 335 353
f 357 353 356
f 356 353 352
f 356 352 351
f 356 351 355
f 355 351 350
f 355 350 354
f 354 350 341
f 341 350 340
f 335 336 353
f 353 336 349
f 353 349 352
f 352 349 348
f 352 348 347
f 352 347 351
f 351 347 350
f 336 337 349
f 349 337 345
f 349 345 348
f 348 345 344
f 348 344 347
f 337 338 345
f 345 338 342
f 345 342 344
f 338 339 342
f 364 367 363
f 363 367 384
f 363 384 380
f 380 384 379
f 379 384 378
f 378 384 383
f 378 383 377
f 377 383 382
f 377 382 376
f 376 382 381
f 376 381 375
f 375 381 373
f 375 373 374
f 364 365 367
f 367 365 366
f 367 368 384
f 384 368 383
f 368 369 383
f 383 369 382
f 369 370 382
f 382 370 381
f 370 371 381
f 381 371 372
f 381 372 373
f 385 386 402
f 402 386 403
f 402 403 401
f 401 403 404
f 401 404 400
f 400 404 405
f 400 405 399
f 399 405 406
f 399 406 398
f 398 406 397
f 397 406 396
f 396 406 392
f 396 392 395
f 395 392 394
f 394 392 393
f 386 387 403
f 403 387 389
f 403 389 390
f 387 388 389
f 403 390 404
f 404 390 391
f 404 391 405
f 405 391 392
f 405 392 406
f 408 436 407
f 407 436 435
f 407 435 429
f 429 435 428
f 428 435 451
f 428 451 427
f 427 451 456
f 427 456 426
f 426 456 425
f 425 456 455
f 425 455 424
f 424 455 454
f 424 454 423
f 423 454 453
f 423 453 422
f 422 453 452
f 422 452 421
f 421 452 420
f 420 452 447
f 420 447 419
f 419 447 431
f 419 431 418
f 418 431 440
f 418 440 417
f 417 440 444
f 417 444 416
f 416 444 446
f 416 446 415
f 415 446 430
f 415 430 414
f 414 430 412
f 414 412 413
f 408 409 436
f 436 409 437
f 436 437 435
f 435 437 434
f 435 434 451
f 451 434 450
f 451 450 456
f 456 450 455
f 437 409 441
f 441 409 410
f 441 410 442
f 442 410 445
f 442 445 443
f 443 445 446
f 443 446 444
f 410 411 445
f 445 411 446
f 446 411 430
f 430 411 412
f 431 432 440
f 440 432 439
f 440 439 444
f 444 439 443
f 432 433 438
f 432 438 439
f 439 438 443
f 443 438 442
f 432 431 448
f 448 431 447
f 448 447 453
f 453 447 452
f 433 434 437
f 433 437 438
f 438 437 442
f 442 437 441
f 433 432 448
f 433 448 449
f 449 448 454
f 454 448 453
f 434 433 449
f 434 449 450
f 450 449 455
f 455 449 454
f 457 458 501
f 501 458 504
f 501 504 500
f 500 504 505
f 500 505 499
f 499 505 506
f 499 506 498
f 498 506 496
f 498 496 497
f 504 458 507
f 507 458 459
f 507 459 510
f 510 459 460
f 510 460 513
f 513 460 461
f 513 461 516
f 516 461 462
f 516 462 519
f 519 462 503
f 519 503 526
f 526 503 523
f 526 523 524
f 524 523 529
f 524 529 488
f 488 529 487
f 487 529 532
f 487 532 486
f 486 532 535
f 486 535 485
f 485 535 537
f 485 537 484
f 484 537 541
f 484 541 483
f 483 541 540
f 483 540 482
f 482 540 546
f 482 546 481
f 481 546 549
f 481 549 480
f 480 549 552
f 480 552 479
f 479 552 555
f 479 555 477
f 477 555 476
f 476 555 554
f 476 554 475
f 475 554 553
f 475 553 474
f 474 553 472
f 474 472 473
f 462 463 503
f 503 463 522
f 503 522 523
f 523 522 528
f 523 528 529
f 529 528 532
f 463 464 522
f 522 464 527
f 522 527 528
f 528 527 531
f 528 531 532
f 532 531 535
f 464 465 527
f 527 465 530
f 527 530 531
f 531 530 534
f 531 534 535
f 535 534 537
f 465 466 530
f 530 466 533
f 530 533 534
f 534 533 536
f 534 536 537
f 537 536 541
f 466 467 533
f 533 467 502
f 533 502 536
f 536 502 542
f 536 542 541
f 541 542 540
f 467 468 502
f 502 468 543
f 502 543 542
f 542 543 539
f 542 539 540
f 540 539 546
f 543 468 538
f 538 468 469
f 538 469 544
f 544 469 470
f 544 470 547
f 547 470 471
f 547 471 550
f 550 471 472
f 550 472 553
f 477 478 479
f 488 489 524
f 524 489 525
f 524 525 526
f 526 525 520
f 526 520 519
f 519 520 516
f 489 490 525
f 525 490 521
f 525 521 520
f 520 521 517
f 520 517 516
f 516 517 513
f 490 491 521
f 521 491 518
f 521 518 517
f 517 518 514
f 517 514 513
f 513 514 510
f 491 492 518
f 518 492 515
f 518 515 514
f 514 515 511
f 514 511 510
f 510 511 507
f 492 493 515
f 515 493 512
f 515 512 511
f 511 512 508
f 511 508 507
f 507 508 504
f 493 494 512
f 512 494 509
f 512 509 508
f 508 509 505
f 508 505 504
f 494 495 509
f 509 495 506
f 509 506 505
f 495 496 506
f 543 538 539
f 539 538 545
f 539 545 546
f 546 545 549
f 538 544 545
f 545 544 548
f 545 548 549
f 549 548 552
f 544 547 548
f 548 547 551
f 548 551 552
f 552 551 555
f 547 550 551
f 551 550 554
f 551 554 555
f 553 554 550
f 556 557 562
f 562 557 558
f 562 558 559
f 560 561 559
f 559 561 562
f 564 571 563
f 563 571 572
f 563 572 573
f 571 564 570
f 570 564 565
f 570 565 566
f 570 566 569
f 569 566 567
f 569 567 568
f 574 577 573
f 573 577 578
f 573 578 563
f 575 576 574
f 574 576 577
f 597 579 596
f 596 579 580
f 596 580 581
f 596 581 595
f 595 581 582
f 595 582 594
f 594 582 593
f 593 582 583
f 593 583 592
f 592 583 584
f 592 584 585
f 592 585 591
f 591 585 586
f 591 586 590
f 590 586 587
f 590 587 588
f 588 589 590
f 599 602 598
f 598 602 603
f 598 603 604
f 599 600 602
f 602 600 601
f 623 605 622
f 622 605 606
f 622 606 607
f 622 607 621
f 621 607 608
f 621 608 620
f 620 608 619
f 619 608 609
f 619 609 618
f 618 609 610
f 618 610 611
f 618 611 617
f 617 611 612
f 617 612 616
f 616 612 613
f 616 613 614
f 614 615 616
f 625 628 624
f 624 628 629
f 624 629 630
f 625 626 628
f 628 626 627
f 670 631 669
f 669 631 632
f 669 632 668
f 668 632 633
f 668 633 667
f 667 633 634
f 667 634 666
f 666 634 635
f 666 635 665
f 665 635 636
f 665 636 664
f 664 636 637
f 664 637 663
f 663 637 638
f 663 638 662
f 662 638 639
f 662 639 661
f 661 639 640
f 661 640 660
f 660 640 641
f 660 641 659
f 659 641 642
f 659 642 658
f 658 642 643
f 658 643 657
f 657 643 644
f 657 644 656
f 656 644 645
f 656 645 655
f 655 645 646
f 655 646 654
f 654 646 647
f 654 647 653
f 653 647 648
f 653 648 652
f 652 648 649
f 652 649 651
f 651 649 650
f 672 722 671
f 671 722 723
f 671 723 708
f 708 723 707
f 707 723 724
f 707 724 706
f 706 724 725
f 706 725 705
f 705 725 726
f 705 726 704
f 704 726 727
f 704 727 703
f 703 727 728
f 703 728 702
f 702 728 729
f 702 729 701
f 701 729 700
f 700 729 699
f 699 729 730
f 699 730 698
f 698 730 697
f 697 730 731
f 697 731 696
f 696 731 732
f 696 732 695
f 695 732 733
f 695 733 694
f 694 733 734
f 694 734 693
f 693 734 735
f 693 735 692
f 692 735 736
f 692 736 737
f 672 673 722
f 722 673 721
f 721 673 674
f 721 674 720
f 720 674 675
f 720 675 719
f 719 675 676
f 719 676 718
f 718 676 677
f 718 677 717
f 717 677 678
f 717 678 716
f 716 678 679
f 716 679 680
f 716 680 715
f 715 680 681
f 715 681 682
f 682 683 715
f 715 683 714
f 714 683 684
f 714 684 713
f 713 684 685
f 713 685 712
f 712 685 686
f 712 686 711
f 711 686 687
f 711 687 710
f 710 687 688
f 710 688 709
f 709 688 689
f 709 689 690
f 709 690 737
f 737 690 691
f 737 691 692
f 739 783 738
f 738 783 784
f 738 784 785
f 739 740 783
f 783 740 782
f 782 740 741
f 782 741 781
f 781 741 742
f 781 742 780
f 780 742 743
f 780 743 779
f 779 743 744
f 779 744 778
f 778 744 777
f 777 744 745
f 777 745 776
f 776 745 775
f 775 745 746
f 775 746 774
f 774 746 773
f 773 746 747
f 773 747 772
f 772 747 748
f 772 748 771
f 771 748 749
f 771 749 770
f 770 749 769
f 769 749 750
f 769 750 751
f 752 766 751
f 751 766 767
f 751 767 768
f 753 801 752
f 752 801 802
f 752 802 803
f 753 754 801
f 801 754 800
f 800 754 799
f 799 754 755
f 799 755 798
f 798 755 756
f 798 756 797
f 797 756 757
f 797 757 796
f 796 757 795
f 795 757 758
f 795 758 794
f 794 758 793
f 793 758 759
f 793 759 792
f 792 759 791
f 791 759 760
f 791 760 790
f 790 760 761
f 790 761 789
f 789 761 762
f 789 762 788
f 788 762 763
f 788 763 787
f 787 763 764
f 787 764 765
f 738 785 765
f 765 785 786
f 765 786 787
f 768 769 751
f 803 766 752
f 805 879 804
f 804 879 880
f 881 842 841
f 841 842 843
f 841 843 840
f 840 843 844
f 840 844 839
f 839 844 845
f 839 845 838
f 838 845 846
f 838 846 837
f 837 846 847
f 837 847 836
f 836 847 848
f 836 848 835
f 835 848 849
f 835 849 834
f 834 849 850
f 834 850 833
f 833 850 851
f 833 851 832
f 832 851 852
f 832 852 831
f 831 852 853
f 831 853 830
f 830 853 854
f 830 854 829
f 829 854 855
f 829 855 828
f 828 855 856
f 828 856 827
f 827 856 857
f 827 857 826
f 826 857 858
f 826 858 825
f 825 858 859
f 825 859 824
f 824 859 860
f 824 860 823
f 823 860 861
f 823 861 822
f 822 861 862
f 822 862 821
f 821 862 863
f 821 863 820
f 820 863 864
f 820 864 819
f 819 864 865
f 819 865 818
f 818 865 866
f 818 866 817
f 817 866 867
f 817 867 816
f 816 867 868
f 816 868 815
f 815 868 869
f 815 869 814
f 814 869 870
f 814 870 813
f 813 870 871
f 813 871 812
f 812 871 872
f 812 872 811
f 811 872 873
f 811 873 810
f 810 873 874
f 810 874 809
f 809 874 875
f 809 875 808
f 808 875 876
f 808 876 807
f 807 876 877
f 807 877 806
f 806 877 878
f 806 878 805
f 805 878 879
f 883 957 882
f 882 957 958
f 959 920 919
f 919 920 921
f 919 921 918
f 918 921 922
f 918 922 917
f 917 922 923
f 917 923 916
f 916 923 924
f 916 924 915
f 915 924 925
f 915 925 914
f 914 925 926
f 914 926 913
f 913 926 927
f 913 927 912
f 912 927 928
f 912 928 911
f 911 928 929
f 911 929 910
f 910 929 930
f 910 930 909
f 909 930 931
f 909 931 908
f 908 931 932
f 908 932 907
f 907 932 933
f 907 933 906
f 906 933 934
f 906 934 905
f 905 934 935
f 905 935 904
f 904 935 936
f 904 936 903
f 903 936 937
f 903 937 902
f 902 937 938
f 902 938 901
f 901 938 939
f 901 939 900
f 900 939 940
f 900 940 899
f 899 940 941
f 899 941 898
f 898 941 942
f 898 942 897
f 897 942 943
f 897 943 896
f 896 943 944
f 896 944 895
f 895 944 945
f 895 945 894
f 894 945 946
f 894 946 893
f 893 946 947
f 893 947 892
f 892 947 948
f 892 948 891
f 891 948 949
f 891 949 890
f 890 949 950
f 890 950 889
f 889 950 951
f 889 951 888
f 888 951 952
f 888 952 887
f 887 952 953
f 887 953 886
f 886 953 954
f 886 954 885
f 885 954 955
f 885 955 884
f 884 955 956
f 884 956 883
f 883 956 957
f 961 1045 960
f 960 1045 1046
f 960 1046 1013
f 1013 1046 1047
f 1013 1047 1012
f 1012 1047 1011
f 1011 1047 1048
f 1011 1048 1010
f 1010 1048 1049
f 1010 1049 1009
f 1009 1049 1050
f 1009 1050 1008
f 1008 1050 1007
f 1007 1050 1051
f 1007 1051 1006
f 1006 1051 1014
f 1006 1014 1005
f 1005 1014 1004
f 1004 1014 1003
f 1003 1014 1002
f 1002 1014 1015
f 1002 1015 1001
f 1001 1015 1000
f 1000 1015 999
f 999 1015 1016
f 999 1016 998
f 998 1016 1017
f 998 1017 1018
f 1045 961 1044
f 1044 961 962
f 1044 962 1043
f 1043 962 963
f 1043 963 964
f 1043 964 1042
f 1042 964 965
f 1042 965 1041
f 1041 965 966
f 1041 966 1040
f 1040 966 967
f 1040 967 968
f 1040 968 1039
f 1039 968 969
f 1039 969 970
f 970 971 1039
f 1039 971 972
f 1039 972 1038
f 1038 972 973
f 1038 973 974
f 974 975 1038
f 1038 975 1037
f 1037 975 976
f 1037 976 977
f 978 1035 977
f 977 1035 1036
f 977 1036 1037
f 979 1033 978
f 978 1033 1034
f 978 1034 1035
f 980 1030 979
f 979 1030 1031
f 979 1031 1032
f 981 1028 980
f 980 1028 1029
f 980 1029 1030
f 1028 981 1027
f 1027 981 982
f 1027 982 983
f 983 984 1027
f 1027 984 985
f 1027 985 986
f 986 987 1027
f 1027 987 988
f 1027 988 989
f 989 990 1027
f 1027 990 991
f 1027 991 992
f 992 993 1027
f 1027 993 1026
f 1026 993 994
f 1026 994 1025
f 1025 994 1024
f 1024 994 995
f 1024 995 1023
f 1023 995 1022
f 1022 995 996
f 1022 996 1021
f 1021 996 1020
f 1020 996 997
f 1020 997 1019
f 1019 997 1018
f 1018 997 998
f 1032 1033 979
f 1052 1053 1690
f 1690 1053 1689
f 1689 1053 1054
f 1689 1054 1688
f 1688 1054 1055
f 1688 1055 1693
f 1693 1055 1056
f 1693 1056 1692
f 1692 1056 1057
f 1692 1057 1695
f 1695 1057 1694
f 1695 1694 1698
f 1698 1694 1697
f 1698 1697 1715
f 1715 1697 1714
f 1715 1714 1799
f 1799 1714 1798
f 1799 1798 1816
f 1816 1798 1815
f 1816 1815 1833
f 1833 1815 1832
f 1833 1832 1850
f 1850 1832 1849
f 1850 1849 1867
f 1867 1849 1866
f 1867 1866 1884
f 1884 1866 1883
f 1884 1883 1901
f 1901 1883 1900
f 1901 1900 1918
f 1918 1900 1917
f 1918 1917 1935
f 1935 1917 1934
f 1935 1934 1952
f 1952 1934 1951
f 1952 1951 1969
f 1969 1951 1968
f 1969 1968 1986
f 1986 1968 1985
f 1986 1985 2003
f 2003 1985 2002
f 2003 2002 2020
f 2020 2002 2019
f 2020 2019 2037
f 2037 2019 2036
f 2037 2036 2054
f 2054 2036 2053
f 2054 2053 2071
f 2071 2053 2070
f 2071 2070 2088
f 2088 2070 2087
f 2088 2087 2105
f 2105 2087 2104
f 2105 2104 2122
f 2122 2104 2121
f 2122 2121 2139
f 2139 2121 2138
f 2139 2138 2156
f 2156 2138 2155
f 2156 2155 2173
f 2173 2155 2172
f 2173 2172 2190
f 2190 2172 2189
f 2190 2189 2207
f 2207 2189 2206
f 2207 2206 2224
f 2224 2206 2223
f 2224 2223 2241
f 2241 2223 2240
f 2241 2240 2258
f 2258 2240 2257
f 2258 2257 2275
f 2275 2257 2274
f 2275 2274 2292
f 2292 2274 2291
f 2292 2291 2309
f 2309 2291 2308
f 2309 2308 2326
f 2326 2308 2325
f 2326 2325 2343
f 2343 2325 2342
f 2343 2342 2360
f 2360 2342 2359
f 2360 2359 2377
f 2377 2359 2376
f 2377 2376 2394
f 2394 2376 2393
f 2394 2393 2411
f 2411 2393 2410
f 2411 2410 2428
f 2428 2410 2427
f 2428 2427 2445
f 2445 2427 2444
f 2445 2444 2462
f 2462 2444 2461
f 2462 2461 2479
f 2479 2461 2478
f 2479 2478 2496
f 2496 2478 2495
f 2496 2495 2513
f 2513 2495 2512
f 2513 2512 2530
f 2530 2512 2529
f 2530 2529 2547
f 2547 2529 2546
f 2547 2546 2564
f 2564 2546 2563
f 2564 2563 2581
f 2581 2563 2580
f 2581 2580 2598
f 2598 2580 2597
f 2598 2597 2615
f 2615 2597 2614
f 2615 2614 2632
f 2632 2614 2631
f 2632 2631 2649
f 2649 2631 2648
f 2649 2648 2666
f 2666 2648 2665
f 2666 2665 2683
f 2683 2665 2682
f 2683 2682 2700
f 2700 2682 2699
f 2700 2699 2717
f 2717 2699 2716
f 2717 2716 2734
f 2734 2716 2733
f 2734 2733 2751
f 2751 2733 2750
f 2751 2750 2768
f 2768 2750 2767
f 2768 2767 2785
f 2785 2767 2784
f 2785 2784 2802
f 2802 2784 2801
f 2802 2801 2819
f 2819 2801 2818
f 2819 2818 2836
f 2836 2818 2835
f 2836 2835 2853
f 2853 2835 2852
f 2853 2852 2870
f 2870 2852 2869
f 2870 2869 2887
f 2887 2869 2886
f 2887 2886 2904
f 2904 2886 2903
f 2904 2903 2921
f 2921 2903 2920
f 2921 2920 2938
f 2938 2920 2937
f 2938 2937 2955
f 2955 2937 2954
f 2955 2954 2972
f 2972 2954 2971
f 2972 2971 2989
f 2989 2971 2988
f 2989 2988 3006
f 3006 2988 3005
f 3006 3005 3023
f 3023 3005 3022
f 3023 3022 3040
f 3040 3022 3039
f 3040 3039 3057
f 3057 3039 3056
f 3057 3056 3074
f 3074 3056 3073
f 3074 3073 3091
f 3091 3073 3090
f 3091 3090 3108
f 3108 3090 3107
f 3108 3107 3125
f 3125 3107 3124
f 3125 3124 3142
f 3142 3124 3141
f 3142 3141 3159
f 3159 3141 3158
f 3159 3158 3176
f 3176 3158 3175
f 3176 3175 3193
f 3193 3175 3192
f 3193 3192 3210
f 3210 3192 3209
f 3210 3209 3227
f 3227 3209 3226
f 3227 3226 3244
f 3244 3226 3243
f 3244 3243 3261
f 3261 3243 3260
f 3261 3260 3278
f 3278 3260 3277
f 3278 3277 3295
f 3295 3277 3294
f 3295 3294 3312
f 3312 3294 3311
f 3312 3311 3329
f 3329 3311 3328
f 3329 3328 3346
f 3346 3328 3345
f 3346 3345 3363
f 3363 3345 3362
f 3363 3362 3380
f 3380 3362 3379
f 3380 3379 3397
f 3397 3379 3396
f 3397 3396 3414
f 3414 3396 3413
f 3414 3413 3431
f 3431 3413 3430
f 3431 3430 3448
f 3448 3430 3447
f 3448 3447 3465
f 3465 3447 3464
f 3465 3464 3482
f 3482 3464 3481
f 3482 3481 3499
f 3499 3481 3498
f 3499 3498 3516
f 3516 3498 3515
f 3516 3515 3533
f 3533 3515 3532
f 3533 3532 3550
f 3550 3532 3549
f 3550 3549 3567
f 3567 3549 3566
f 3567 3566 3584
f 3584 3566 3583
f 3584 3583 3601
f 3601 3583 3600
f 3601 3600 3618
f 3618 3600 3617
f 3618 3617 3635
f 3635 3617 3634
f 3635 3634 3652
f 3652 3634 3651
f 3652 3651 3669
f 3669 3651 3668
f 3669 3668 3686
f 3686 3668 3685
f 3686 3685 3703
f 3703 3685 3702
f 3703 3702 3720
f 3720 3702 3719
f 3720 3719 3737
f 3737 3719 3736
f 3737 3736 3754
f 3754 3736 3753
f 3754 3753 3771
f 3771 3753 3770
f 3771 3770 3788
f 3788 3770 3787
f 3788 3787 3805
f 3805 3787 3804
f 3805 3804 3822
f 3822 3804 3821
f 3822 3821 3839
f 3839 3821 3838
f 3839 3838 3856
f 3856 3838 3855
f 3856 3855 3873
f 3873 3855 3872
f 3873 3872 3890
f 3890 3872 3889
f 3890 3889 3907
f 3907 3889 3906
f 3907 3906 3924
f 3924 3906 3923
f 3924 3923 3941
f 3941 3923 3940
f 3941 3940 3958
f 3958 3940 3957
f 3958 3957 3975
f 3975 3957 3974
f 3975 3974 3992
f 3992 3974 3991
f 3992 3991 4009
f 4009 3991 4008
f 4009 4008 4026
f 4026 4008 4025
f 4026 4025 4043
f 4043 4025 4042
f 4043 4042 4060
f 4060 4042 4059
f 4060 4059 4077
f 4077 4059 4076
f 4077 4076 4094
f 4094 4076 4093
f 4094 4093 4111
f 4111 4093 4110
f 4111 4110 4128
f 4128 4110 4127
f 4128 4127 4145
f 4145 4127 4144
f 4145 4144 4162
f 4162 4144 4161
f 4162 4161 4179
f 4179 4161 4178
f 4179 4178 4196
f 4196 4178 4195
f 4196 4195 4213
f 4213 4195 4212
f 4213 4212 4230
f 4230 4212 4229
f 4230 4229 4247
f 4247 4229 4246
f 4247 4246 4264
f 4264 4246 4263
f 4264 4263 4281
f 4281 4263 4280
f 4281 4280 4298
f 4298 4280 4297
f 4298 4297 4315
f 4315 4297 4314
f 4315 4314 4332
f 4332 4314 4331
f 4332 4331 4349
f 4349 4331 4348
f 4349 4348 4366
f 4366 4348 4365
f 4366 4365 4383
f 4383 4365 4382
f 4383 4382 4400
f 4400 4382 4399
f 4400 4399 4417
f 4417 4399 4416
f 4417 4416 4434
f 4434 4416 4433
f 4434 4433 4451
f 4451 4433 4450
f 4451 4450 4468
f 4468 4450 4467
f 4468 4467 4485
f 4485 4467 4484
f 4485 4484 4502
f 4502 4484 4501
f 4502 4501 4519
f 4519 4501 4518
f 4519 4518 4536
f 4536 4518 4535
f 4536 4535 4553
f 4553 4535 4552
f 4553 4552 4570
f 4570 4552 4569
f 4570 4569 4587
f 4587 4569 4586
f 4587 4586 4604
f 4604 4586 4603
f 4604 4603 4621
f 4621 4603 4620
f 4621 4620 4638
f 4638 4620 4637
f 4638 4637 4655
f 4655 4637 4654
f 4655 4654 4672
f 4672 4654 4671
f 4672 4671 4689
f 4689 4671 4688
f 4689 4688 4706
f 4706 4688 4705
f 4706 4705 4723
f 4723 4705 4722
f 4723 4722 4740
f 4740 4722 4739
f 4740 4739 4757
f 4757 4739 4756
f 4757 4756 4774
f 4774 4756 4773
f 4774 4773 4791
f 4791 4773 4790
f 4791 4790 4808
f 4808 4790 4807
f 4808 4807 4825
f 4825 4807 4824
f 4825 4824 4842
f 4842 4824 4841
f 4842 4841 4859
f 4859 4841 4858
f 4859 4858 4876
f 4876 4858 4875
f 4876 4875 4893
f 4893 4875 4892
f 4893 4892 4910
f 4910 4892 4909
f 4910 4909 4927
f 4927 4909 4926
f 4927 4926 4944
f 4944 4926 4943
f 4944 4943 4961
f 4961 4943 4960
f 4961 4960 4978
f 4978 4960 4977
f 4978 4977 4995
f 4995 4977 4994
f 4995 4994 5012
f 5012 4994 5011
f 5012 5011 5029
f 5029 5011 5028
f 5029 5028 5046
f 5046 5028 5045
f 5046 5045 5063
f 5063 5045 5062
f 5063 5062 5080
f 5080 5062 5079
f 5080 5079 5093
f 5093 5079 5092
f 5093 5092 5106
f 5106 5092 5105
f 5106 5105 5116
f 5116 5105 5115
f 5116 5115 5125
f 5125 5115 5124
f 5125 5124 5134
f 5134 5124 5133
f 5134 5133 5143
f 5143 5133 5142
f 5143 5142 5151
f 5151 5142 5150
f 5151 5150 5159
f 5159 5150 5158
f 5159 5158 1432
f 1432 5158 5165
f 1432 5165 1431
f 1431 5165 1430
f 1430 5165 5164
f 1430 5164 5169
f 5169 5164 5163
f 5169 5163 5168
f 5168 5163 5162
f 5168 5162 5167
f 5167 5162 5161
f 5161 5162 5155
f 5161 5155 5154
f 5154 5155 5147
f 5154 5147 5146
f 5146 5147 5139
f 5146 5139 5138
f 5138 5139 5130
f 5138 5130 5129
f 5129 5130 5121
f 5129 5121 5120
f 5120 5121 5112
f 5120 5112 5111
f 5111 5112 5102
f 5111 5102 5101
f 5101 5102 5089
f 5101 5089 5088
f 5088 5089 5076
f 5088 5076 5075
f 5075 5076 5059
f 5075 5059 5058
f 5058 5059 5042
f 5058 5042 5041
f 5041 5042 5025
f 5041 5025 5024
f 5024 5025 5008
f 5024 5008 5007
f 5007 5008 4991
f 5007 4991 4990
f 4990 4991 4974
f 4990 4974 4973
f 4973 4974 4957
f 4973 4957 4956
f 4956 4957 4940
f 4956 4940 4939
f 4939 4940 4923
f 4939 4923 4922
f 4922 4923 4906
f 4922 4906 4905
f 4905 4906 4889
f 4905 4889 4888
f 4888 4889 4872
f 4888 4872 4871
f 4871 4872 4855
f 4871 4855 4854
f 4854 4855 4838
f 4854 4838 4837
f 4837 4838 4821
f 4837 4821 4820
f 4820 4821 4804
f 4820 4804 4803
f 4803 4804 4787
f 4803 4787 4786
f 4786 4787 4770
f 4786 4770 4769
f 4769 4770 4753
f 4769 4753 4752
f 4752 4753 4736
f 4752 4736 4735
f 4735 4736 4719
f 4735 4719 4718
f 4718 4719 4702
f 4718 4702 4701
f 4701 4702 4685
f 4701 4685 4684
f 4684 4685 4668
f 4684 4668 4667
f 4667 4668 4651
f 4667 4651 4650
f 4650 4651 4634
f 4650 4634 4633
f 4633 4634 4617
f 4633 4617 4616
f 4616 4617 4600
f 4616 4600 4599
f 4599 4600 4583
f 4599 4583 4582
f 4582 4583 4566
f 4582 4566 4565
f 4565 4566 4549
f 4565 4549 4548
f 4548 4549 4532
f 4548 4532 4531
f 4531 4532 4515
f 4531 4515 4514
f 4514 4515 4498
f 4514 4498 4497
f 4497 4498 4481
f 4497 4481 4480
f 4480 4481 4464
f 4480 4464 4463
f 4463 4464 4447
f 4463 4447 4446
f 4446 4447 4430
f 4446 4430 4429
f 4429 4430 4413
f 4429 4413 4412
f 4412 4413 4396
f 4412 4396 4395
f 4395 4396 4379
f 4395 4379 4378
f 4378 4379 4362
f 4378 4362 4361
f 4361 4362 4345
f 4361 4345 4344
f 4344 4345 4328
f 4344 4328 4327
f 4327 4328 4311
f 4327 4311 4310
f 4310 4311 4294
f 4310 4294 4293
f 4293 4294 4277
f 4293 4277 4276
f 4276 4277 4260
f 4276 4260 4259
f 4259 4260 4243
f 4259 4243 4242
f 4242 4243 4226
f 4242 4226 4225
f 4225 4226 4209
f 4225 4209 4208
f 4208 4209 4192
f 4208 4192 4191
f 4191 4192 4175
f 4191 4175 4174
f 4174 4175 4158
f 4174 4158 4157
f 4157 4158 4141
f 4157 4141 4140
f 4140 4141 4124
f 4140 4124 4123
f 4123 4124 4107
f 4123 4107 4106
f 4106 4107 4090
f 4106 4090 4089
f 4089 4090 4073
f 4089 4073 4072
f 4072 4073 4056
f 4072 4056 4055
f 4055 4056 4039
f 4055 4039 4038
f 4038 4039 4022
f 4038 4022 4021
f 4021 4022 4005
f 4021 4005 4004
f 4004 4005 3988
f 4004 3988 3987
f 3987 3988 3971
f 3987 3971 3970
f 3970 3971 3954
f 3970 3954 3953
f 3953 3954 3937
f 3953 3937 3936
f 3936 3937 3920
f 3936 3920 3919
f 3919 3920 3903
f 3919 3903 3902
f 3902 3903 3886
f 3902 3886 3885
f 3885 3886 3869
f 3885 3869 3868
f 3868 3869 3852
f 3868 3852 3851
f 3851 3852 3835
f 3851 3835 3834
f 3834 3835 3818
f 3834 3818 3817
f 3817 3818 3801
f 3817 3801 3800
f 3800 3801 3784
f 3800 3784 3783
f 3783 3784 3767
f 3783 3767 3766
f 3766 3767 3750
f 3766 3750 3749
f 3749 3750 3733
f 3749 3733 3732
f 3732 3733 3716
f 3732 3716 3715
f 3715 3716 3699
f 3715 3699 3698
f 3698 3699 3682
f 3698 3682 3681
f 3681 3682 3665
f 3681 3665 3664
f 3664 3665 3648
f 3664 3648 3647
f 3647 3648 3631
f 3647 3631 3630
f 3630 3631 3614
f 3630 3614 3613
f 3613 3614 3597
f 3613 3597 3596
f 3596 3597 3580
f 3596 3580 3579
f 3579 3580 3563
f 3579 3563 3562
f 3562 3563 3546
f 3562 3546 3545
f 3545 3546 3529
f 3545 3529 3528
f 3528 3529 3512
f 3528 3512 3511
f 3511 3512 3495
f 3511 3495 3494
f 3494 3495 3478
f 3494 3478 3477
f 3477 3478 3461
f 3477 3461 3460
f 3460 3461 3444
f 3460 3444 3443
f 3443 3444 3427
f 3443 3427 3426
f 3426 3427 3410
f 3426 3410 3409
f 3409 3410 3393
f 3409 3393 3392
f 3392 3393 3376
f 3392 3376 3375
f 3375 3376 3359
f 3375 3359 3358
f 3358 3359 3342
f 3358 3342 3341
f 3341 3342 3325
f 3341 3325 3324
f 3324 3325 3308
f 3324 3308 3307
f 3307 3308 3291
f 3307 3291 3290
f 3290 3291 3274
f 3290 3274 3273
f 3273 3274 3257
f 3273 3257 3256
f 3256 3257 3240
f 3256 3240 3239
f 3239 3240 3223
f 3239 3223 3222
f 3222 3223 3206
f 3222 3206 3205
f 3205 3206 3189
f 3205 3189 3188
f 3188 3189 3172
f 3188 3172 3171
f 3171 3172 3155
f 3171 3155 3154
f 3154 3155 3138
f 3154 3138 3137
f 3137 3138 3121
f 3137 3121 3120
f 3120 3121 3104
f 3120 3104 3103
f 3103 3104 3087
f 3103 3087 3086
f 3086 3087 3070
f 3086 3070 3069
f 3069 3070 3053
f 3069 3053 3052
f 3052 3053 3036
f 3052 3036 3035
f 3035 3036 3019
f 3035 3019 3018
f 3018 3019 3002
f 3018 3002 3001
f 3001 3002 2985
f 3001 2985 2984
f 2984 2985 2968
f 2984 2968 2967
f 2967 2968 2951
f 2967 2951 2950
f 2950 2951 2934
f 2950 2934 2933
f 2933 2934 2917
f 2933 2917 2916
f 2916 2917 2900
f 2916 2900 2899
f 2899 2900 2883
f 2899 2883 2882
f 2882 2883 2866
f 2882 2866 2865
f 2865 2866 2849
f 2865 2849 2848
f 2848 2849 2832
f 2848 2832 2831
f 2831 2832 2815
f 2831 2815 2814
f 2814 2815 2798
f 2814 2798 2797
f 2797 2798 2781
f 2797 2781 2780
f 2780 2781 2764
f 2780 2764 2763
f 2763 2764 2747
f 2763 2747 2746
f 2746 2747 2730
f 2746 2730 2729
f 2729 2730 2713
f 2729 2713 2712
f 2712 2713 2696
f 2712 2696 2695
f 2695 2696 2679
f 2695 2679 2678
f 2678 2679 2662
f 2678 2662 2661
f 2661 2662 2645
f 2661 2645 2644
f 2644 2645 2628
f 2644 2628 2627
f 2627 2628 2611
f 2627 2611 2610
f 2610 2611 2594
f 2610 2594 2593
f 2593 2594 2577
f 2593 2577 2576
f 2576 2577 2560
f 2576 2560 2559
f 2559 2560 2543
f 2559 2543 2542
f 2542 2543 2526
f 2542 2526 2525
f 2525 2526 2509
f 2525 2509 2508
f 2508 2509 2492
f 2508 2492 2491
f 2491 2492 2475
f 2491 2475 2474
f 2474 2475 2458
f 2474 2458 2457
f 2457 2458 2441
f 2457 2441 2440
f 2440 2441 2424
f 2440 2424 2423
f 2423 2424 2407
f 2423 2407 2406
f 2406 2407 2390
f 2406 2390 2389
f 2389 2390 2373
f 2389 2373 2372
f 2372 2373 2356
f 2372 2356 2355
f 2355 2356 2339
f 2355 2339 2338
f 2338 2339 2322
f 2338 2322 2321
f 2321 2322 2305
f 2321 2305 2304
f 2304 2305 2288
f 2304 2288 2287
f 2287 2288 2271
f 2287 2271 2270
f 2270 2271 2254
f 2270 2254 2253
f 2253 2254 2237
f 2253 2237 2236
f 2236 2237 2220
f 2236 2220 2219
f 2219 2220 2203
f 2219 2203 2202
f 2202 2203 2186
f 2202 2186 2185
f 2185 2186 2169
f 2185 2169 2168
f 2168 2169 2152
f 2168 2152 2151
f 2151 2152 2135
f 2151 2135 2134
f 2134 2135 2118
f 2134 2118 2117
f 2117 2118 2101
f 2117 2101 2100
f 2100 2101 2084
f 2100 2084 2083
f 2083 2084 2067
f 2083 2067 2066
f 2066 2067 2050
f 2066 2050 2049
f 2049 2050 2033
f 2049 2033 2032
f 2032 2033 2016
f 2032 2016 2015
f 2015 2016 1999
f 2015 1999 1998
f 1998 1999 1982
f 1998 1982 1981
f 1981 1982 1965
f 1981 1965 1964
f 1964 1965 1948
f 1964 1948 1947
f 1947 1948 1931
f 1947 1931 1930
f 1930 1931 1914
f 1930 1914 1913
f 1913 1914 1897
f 1913 1897 1896
f 1896 1897 1880
f 1896 1880 1879
f 1879 1880 1863
f 1879 1863 1862
f 1862 1863 1846
f 1862 1846 1845
f 1845 1846 1829
f 1845 1829 1828
f 1828 1829 1812
f 1828 1812 1811
f 1811 1812 1795
f 1811 1795 1794
f 1794 1795 1710
f 1710 1795 1711
f 1710 1711 1071
f 1071 1711 1070
f 1070 1711 1069
f 1069 1711 1068
f 1068 1711 1067
f 1067 1711 1066
f 1066 1711 1712
f 1066 1712 1065
f 1065 1712 1064
f 1064 1712 1063
f 1063 1712 1062
f 1062 1712 1713
f 1062 1713 1696
f 1696 1713 1714
f 1696 1714 1697
f 1057 1058 1694
f 1694 1058 1059
f 1694 1059 1697
f 1697 1059 1696
f 1059 1060 1696
f 1696 1060 1061
f 1696 1061 1062
f 1710 1071 1716
f 1716 1071 1072
f 1716 1072 1073
f 1073 1074 1716
f 1716 1074 1728
f 1716 1728 1717
f 1717 1728 1729
f 1717 1729 1718
f 1718 1729 1730
f 1718 1730 1719
f 1719 1730 1731
f 1719 1731 1720
f 1720 1731 1732
f 1720 1732 1721
f 1721 1732 1733
f 1721 1733 1722
f 1722 1733 1734
f 1722 1734 1723
f 1723 1734 1735
f 1723 1735 1724
f 1724 1735 1736
f 1724 1736 1725
f 1725 1736 1737
f 1725 1737 1726
f 1726 1737 1738
f 1738 1737 1748
f 1738 1748 1130
f 1130 1748 1129
f 1129 1748 1758
f 1129 1758 1128
f 1128 1758 1767
f 1128 1767 1127
f 1127 1767 1776
f 1127 1776 1126
f 1126 1776 1125
f 1125 1776 1778
f 1125 1778 1124
f 1124 1778 1782
f 1124 1782 1123
f 1123 1782 1118
f 1123 1118 1119
f 1074 1075 1728
f 1728 1075 1076
f 1728 1076 1729
f 1729 1076 1739
f 1729 1739 1740
f 1740 1739 1750
f 1740 1750 1751
f 1740 1751 1741
f 1741 1751 1752
f 1741 1752 1742
f 1742 1752 1753
f 1742 1753 1743
f 1743 1753 1754
f 1743 1754 1744
f 1744 1754 1755
f 1744 1755 1745
f 1745 1755 1756
f 1745 1756 1746
f 1746 1756 1757
f 1746 1757 1747
f 1747 1757 1758
f 1758 1757 1767
f 1076 1077 1739
f 1739 1077 1749
f 1739 1749 1750
f 1750 1749 1079
f 1750 1079 1759
f 1759 1079 1080
f 1759 1080 1768
f 1768 1080 1081
f 1768 1081 1082
f 1077 1078 1749
f 1749 1078 1079
f 1083 1779 1082
f 1082 1779 1769
f 1082 1769 1768
f 1768 1769 1759
f 1779 1083 1781
f 1781 1083 1084
f 1781 1084 1088
f 1088 1084 1087
f 1087 1084 1085
f 1087 1085 1086
f 1088 1089 1781
f 1781 1089 1779
f 1779 1089 1780
f 1780 1089 1090
f 1780 1090 1091
f 1780 1091 1770
f 1770 1091 1092
f 1770 1092 1771
f 1771 1092 1101
f 1771 1101 1772
f 1772 1101 1102
f 1772 1102 1103
f 1092 1093 1101
f 1101 1093 1094
f 1101 1094 1100
f 1100 1094 1095
f 1100 1095 1096
f 1100 1096 1099
f 1099 1096 1097
f 1099 1097 1098
f 1772 1103 1773
f 1773 1103 1104
f 1773 1104 1774
f 1774 1104 1113
f 1774 1113 1114
f 1113 1104 1112
f 1112 1104 1105
f 1112 1105 1111
f 1111 1105 1110
f 1110 1105 1106
f 1110 1106 1107
f 1107 1108 1110
f 1110 1108 1109
f 1114 1115 1774
f 1774 1115 1775
f 1774 1775 1765
f 1765 1775 1766
f 1765 1766 1757
f 1765 1757 1756
f 1775 1115 1777
f 1777 1115 1116
f 1777 1116 1117
f 1118 1782 1117
f 1117 1782 1778
f 1117 1778 1777
f 1777 1778 1775
f 1123 1119 1122
f 1122 1119 1120
f 1122 1120 1121
f 1130 1131 1738
f 1738 1131 1132
f 1738 1132 1727
f 1727 1132 1133
f 1727 1133 1699
f 1699 1133 1134
f 1699 1134 1783
f 1783 1134 1135
f 1783 1135 1800
f 1800 1135 1136
f 1800 1136 1817
f 1817 1136 1137
f 1817 1137 1138
f 1817 1138 1834
f 1834 1138 1139
f 1834 1139 1851
f 1851 1139 1140
f 1851 1140 1868
f 1868 1140 1141
f 1868 1141 1885
f 1885 1141 1142
f 1885 1142 1143
f 1885 1143 1902
f 1902 1143 1144
f 1902 1144 1919
f 1919 1144 1145
f 1919 1145 1936
f 1936 1145 1146
f 1936 1146 1953
f 1953 1146 1147
f 1953 1147 1148
f 1953 1148 1970
f 1970 1148 1149
f 1970 1149 1987
f 1987 1149 1150
f 1987 1150 2004
f 2004 1150 1151
f 2004 1151 2021
f 2021 1151 1152
f 2021 1152 1153
f 2021 1153 2038
f 2038 1153 1154
f 2038 1154 2055
f 2055 1154 1155
f 2055 1155 2072
f 2072 1155 1156
f 2072 1156 2089
f 2089 1156 1157
f 2089 1157 1158
f 2089 1158 2106
f 2106 1158 1159
f 2106 1159 2123
f 2123 1159 1160
f 2123 1160 2140
f 2140 1160 1161
f 2140 1161 2157
f 2157 1161 1162
f 2157 1162 2174
f 2174 1162 1163
f 2174 1163 1164
f 2174 1164 2191
f 2191 1164 1165
f 2191 1165 2208
f 2208 1165 1166
f 2208 1166 2225
f 2225 1166 1167
f 2225 1167 2242
f 2242 1167 1168
f 2242 1168 1169
f 2242 1169 2259
f 2259 1169 1170
f 2259 1170 2276
f 2276 1170 1171
f 2276 1171 2293
f 2293 1171 1172
f 2293 1172 2310
f 2310 1172 1173
f 2310 1173 1174
f 2310 1174 2327
f 2327 1174 1175
f 2327 1175 2344
f 2344 1175 1176
f 2344 1176 2361
f 2361 1176 1177
f 2361 1177 2378
f 2378 1177 1178
f 2378 1178 1179
f 2378 1179 2395
f 2395 1179 1180
f 2395 1180 2412
f 2412 1180 1181
f 2412 1181 2429
f 2429 1181 1182
f 2429 1182 2446
f 2446 1182 1183
f 2446 1183 1184
f 2446 1184 2463
f 2463 1184 1185
f 2463 1185 2480
f 2480 1185 1186
f 2480 1186 2497
f 2497 1186 1187
f 2497 1187 2514
f 2514 1187 1188
f 2514 1188 2531
f 2531 1188 1189
f 2531 1189 1190
f 2531 1190 2548
f 2548 1190 1191
f 2548 1191 2565
f 2565 1191 1192
f 2565 1192 2582
f 2582 1192 1193
f 2582 1193 2599
f 2599 1193 1194
f 2599 1194 1195
f 2599 1195 2616
f 2616 1195 1196
f 2616 1196 2633
f 2633 1196 1197
f 2633 1197 2650
f 2650 1197 1198
f 2650 1198 2667
f 2667 1198 1199
f 2667 1199 1200
f 2667 1200 2684
f 2684 1200 1201
f 2684 1201 2701
f 2701 1201 1202
f 2701 1202 2718
f 2718 1202 1203
f 2718 1203 2735
f 2735 1203 1204
f 2735 1204 1205
f 2735 1205 2752
f 2752 1205 1206
f 2752 1206 2769
f 2769 1206 1207
f 2769 1207 2786
f 2786 1207 1208
f 2786 1208 2803
f 2803 1208 1209
f 2803 1209 1210
f 2803 1210 2820
f 2820 1210 1211
f 2820 1211 2837
f 2837 1211 1212
f 2837 1212 2854
f 2854 1212 1213
f 2854 1213 2871
f 2871 1213 1214
f 2871 1214 2888
f 2888 1214 1215
f 2888 1215 1216
f 2888 1216 2905
f 2905 1216 1217
f 2905 1217 2922
f 2922 1217 1218
f 2922 1218 2939
f 2939 1218 1219
f 2939 1219 2956
f 2956 1219 1220
f 2956 1220 1221
f 2956 1221 2973
f 2973 1221 1222
f 2973 1222 2990
f 2990 1222 1223
f 2990 1223 3007
f 3007 1223 1224
f 3007 1224 3024
f 3024 1224 1225
f 3024 1225 1226
f 3024 1226 3041
f 3041 1226 1227
f 3041 1227 3058
f 3058 1227 1228
f 3058 1228 3075
f 3075 1228 1229
f 3075 1229 3092
f 3092 1229 1230
f 3092 1230 1231
f 3092 1231 3109
f 3109 1231 1232
f 3109 1232 3126
f 3126 1232 1233
f 3126 1233 3143
f 3143 1233 1234
f 3143 1234 3160
f 3160 1234 1235
f 3160 1235 1236
f 3160 1236 3177
f 3177 1236 1237
f 3177 1237 3194
f 3194 1237 1238
f 3194 1238 3211
f 3211 1238 1239
f 3211 1239 3228
f 3228 1239 1240
f 3228 1240 3245
f 3245 1240 1241
f 3245 1241 1242
f 3245 1242 3262
f 3262 1242 1243
f 3262 1243 3279
f 3279 1243 1244
f 3279 1244 3296
f 3296 1244 1245
f 3296 1245 3313
f 3313 1245 1246
f 3313 1246 1247
f 3313 1247 3330
f 3330 1247 1248
f 3330 1248 3347
f 3347 1248 1249
f 3347 1249 3364
f 3364 1249 1250
f 3364 1250 3381
f 3381 1250 1251
f 3381 1251 1252
f 3381 1252 3398
f 3398 1252 1253
f 3398 1253 3415
f 3415 1253 1254
f 3415 1254 3432
f 3432 1254 1255
f 3432 1255 3449
f 3449 1255 1256
f 3449 1256 1257
f 3449 1257 3466
f 3466 1257 1258
f 3466 1258 3483
f 3483 1258 1259
f 3483 1259 3500
f 3500 1259 1260
f 3500 1260 3517
f 3517 1260 1261
f 3517 1261 1262
f 3517 1262 3534
f 3534 1262 1263
f 3534 1263 3551
f 3551 1263 1264
f 3551 1264 3568
f 3568 1264 1265
f 3568 1265 3585
f 3585 1265 1266
f 3585 1266 3602
f 3602 1266 1267
f 3602 1267 1268
f 3602 1268 3619
f 3619 1268 1269
f 3619 1269 3636
f 3636 1269 1270
f 3636 1270 3653
f 3653 1270 1271
f 3653 1271 3670
f 3670 1271 1272
f 3670 1272 1273
f 3670 1273 3687
f 3687 1273 1274
f 3687 1274 3704
f 3704 1274 1275
f 3704 1275 3721
f 3721 1275 1276
f 3721 1276 3738
f 3738 1276 1277
f 3738 1277 1278
f 3738 1278 3755
f 3755 1278 1279
f 3755 1279 3772
f 3772 1279 1280
f 3772 1280 3789
f 3789 1280 1281
f 3789 1281 3806
f 3806 1281 1282
f 3806 1282 1283
f 3806 1283 3823
f 3823 1283 1284
f 3823 1284 3840
f 3840 1284 1285
f 3840 1285 3857
f 3857 1285 1286
f 3857 1286 3874
f 3874 1286 1287
f 3874 1287 1288
f 3874 1288 3891
f 3891 1288 1289
f 3891 1289 3908
f 3908 1289 1290
f 3908 1290 3925
f 3925 1290 1291
f 3925 1291 3942
f 3942 1291 1292
f 3942 1292 3959
f 3959 1292 1293
f 3959 1293 1294
f 3959 1294 3976
f 3976 1294 1295
f 3976 1295 3993
f 3993 1295 1296
f 3993 1296 4010
f 4010 1296 1297
f 4010 1297 4027
f 4027 1297 1298
f 4027 1298 1299
f 4027 1299 4044
f 4044 1299 1300
f 4044 1300 4061
f 4061 1300 1301
f 4061 1301 4078
f 4078 1301 1302
f 4078 1302 4095
f 4095 1302 1303
f 4095 1303 1304
f 4095 1304 4112
f 4112 1304 1305
f 4112 1305 4129
f 4129 1305 1306
f 4129 1306 4146
f 4146 1306 1307
f 4146 1307 4163
f 4163 1307 1308
f 4163 1308 1309
f 4163 1309 4180
f 4180 1309 1310
f 4180 1310 4197
f 4197 1310 1311
f 4197 1311 4214
f 4214 1311 1312
f 4214 1312 4231
f 4231 1312 1313
f 4231 1313 4248
f 4248 1313 1314
f 4248 1314 1315
f 4248 1315 4265
f 4265 1315 1316
f 4265 1316 4282
f 4282 1316 1317
f 4282 1317 4299
f 4299 1317 1318
f 4299 1318 4316
f 4316 1318 1319
f 4316 1319 1320
f 4316 1320 4333
f 4333 1320 1321
f 4333 1321 4350
f 4350 1321 1322
f 4350 1322 4367
f 4367 1322 1323
f 4367 1323 4384
f 4384 1323 1324
f 4384 1324 1325
f 4384 1325 4401
f 4401 1325 1326
f 4401 1326 4418
f 4418 1326 1327
f 4418 1327 4435
f 4435 1327 1328
f 4435 1328 4452
f 4452 1328 1329
f 4452 1329 1330
f 4452 1330 4469
f 4469 1330 1331
f 4469 1331 4486
f 4486 1331 1332
f 4486 1332 4503
f 4503 1332 1333
f 4503 1333 4520
f 4520 1333 1334
f 4520 1334 1335
f 4520 1335 4537
f 4537 1335 1336
f 4537 1336 4554
f 4554 1336 1337
f 4554 1337 4571
f 4571 1337 1338
f 4571 1338 4588
f 4588 1338 1339
f 4588 1339 4605
f 4605 1339 1340
f 4605 1340 1341
f 4605 1341 4622
f 4622 1341 1342
f 4622 1342 4639
f 4639 1342 1343
f 4639 1343 4656
f 4656 1343 1344
f 4656 1344 4673
f 4673 1344 1345
f 4673 1345 1346
f 4673 1346 4690
f 4690 1346 1347
f 4690 1347 4707
f 4707 1347 1348
f 4707 1348 4724
f 4724 1348 1349
f 4724 1349 4741
f 4741 1349 1350
f 4741 1350 1351
f 4741 1351 4758
f 4758 1351 1352
f 4758 1352 4775
f 4775 1352 1353
f 4775 1353 4792
f 4792 1353 1354
f 4792 1354 4809
f 4809 1354 1355
f 4809 1355 1356
f 4809 1356 4826
f 4826 1356 1357
f 4826 1357 4843
f 4843 1357 1358
f 4843 1358 4860
f 4860 1358 1359
f 4860 1359 4877
f 4877 1359 1360
f 4877 1360 1361
f 4877 1361 4894
f 4894 1361 1362
f 4894 1362 4911
f 4911 1362 1363
f 4911 1363 4928
f 4928 1363 1364
f 4928 1364 4945
f 4945 1364 1365
f 4945 1365 4962
f 4962 1365 1366
f 4962 1366 1367
f 4962 1367 4979
f 4979 1367 1368
f 4979 1368 4996
f 4996 1368 1369
f 4996 1369 5013
f 5013 1369 1370
f 5013 1370 5030
f 5030 1370 1371
f 5030 1371 1372
f 5030 1372 5047
f 5047 1372 1373
f 5047 1373 5064
f 5064 1373 1374
f 5064 1374 5081
f 5081 1374 1375
f 5081 1375 5094
f 5094 1375 1376
f 5094 1376 1377
f 5094 1377 1691
f 1691 1377 1378
f 1691 1378 1384
f 1384 1378 1379
f 1384 1379 1383
f 1383 1379 1380
f 1383 1380 1382
f 1382 1380 1381
f 1384 1385 1691
f 1691 1385 1386
f 1691 1386 5094
f 5094 1386 5095
f 5094 5095 5082
f 5082 5095 1387
f 5082 1387 1388
f 1386 1387 5095
f 1388 1389 5082
f 5082 1389 5065
f 5082 5065 5064
f 5064 5065 5047
f 5065 1389 5066
f 5066 1389 1390
f 5066 1390 5067
f 5067 1390 1391
f 5067 1391 1392
f 1392 1393 5067
f 5067 1393 1394
f 5067 1394 5050
f 5050 1394 5051
f 5050 5051 5034
f 5050 5034 5033
f 5033 5034 5017
f 5033 5017 5016
f 5016 5017 5000
f 5016 5000 4999
f 4999 5000 4983
f 4999 4983 4982
f 4982 4983 4966
f 4982 4966 4965
f 4965 4966 4949
f 4965 4949 4948
f 4948 4949 4932
f 4948 4932 4931
f 4931 4932 4915
f 4931 4915 4914
f 4914 4915 4898
f 4914 4898 4897
f 4897 4898 4881
f 4897 4881 4880
f 4880 4881 4864
f 4880 4864 4863
f 4863 4864 4847
f 4863 4847 4846
f 4846 4847 4830
f 4846 4830 4829
f 4829 4830 4813
f 4829 4813 4812
f 4812 4813 4796
f 4812 4796 4795
f 4795 4796 4779
f 4795 4779 4778
f 4778 4779 4762
f 4778 4762 4761
f 4761 4762 4745
f 4761 4745 4744
f 4744 4745 4728
f 4744 4728 4727
f 4727 4728 4711
f 4727 4711 4710
f 4710 4711 4694
f 4710 4694 4693
f 4693 4694 4677
f 4693 4677 4676
f 4676 4677 4660
f 4676 4660 4659
f 4659 4660 4643
f 4659 4643 4642
f 4642 4643 4626
f 4642 4626 4625
f 4625 4626 4609
f 4625 4609 4608
f 4608 4609 4592
f 4608 4592 4591
f 4591 4592 4575
f 4591 4575 4574
f 4574 4575 4558
f 4574 4558 4557
f 4557 4558 4541
f 4557 4541 4540
f 4540 4541 4524
f 4540 4524 4523
f 4523 4524 4507
f 4523 4507 4506
f 4506 4507 4490
f 4506 4490 4489
f 4489 4490 4473
f 4489 4473 4472
f 4472 4473 4456
f 4472 4456 4455
f 4455 4456 4439
f 4455 4439 4438
f 4438 4439 4422
f 4438 4422 4421
f 4421 4422 4405
f 4421 4405 4404
f 4404 4405 4388
f 4404 4388 4387
f 4387 4388 4371
f 4387 4371 4370
f 4370 4371 4354
f 4370 4354 4353
f 4353 4354 4337
f 4353 4337 4336
f 4336 4337 4320
f 4336 4320 4319
f 4319 4320 4303
f 4319 4303 4302
f 4302 4303 4286
f 4302 4286 4285
f 4285 4286 4269
f 4285 4269 4268
f 4268 4269 4252
f 4268 4252 4251
f 4251 4252 4235
f 4251 4235 4234
f 4234 4235 4218
f 4234 4218 4217
f 4217 4218 4201
f 4217 4201 4200
f 4200 4201 4184
f 4200 4184 4183
f 4183 4184 4167
f 4183 4167 4166
f 4166 4167 4150
f 4166 4150 4149
f 4149 4150 4133
f 4149 4133 4132
f 4132 4133 4116
f 4132 4116 4115
f 4115 4116 4099
f 4115 4099 4098
f 4098 4099 4082
f 4098 4082 4081
f 4081 4082 4065
f 4081 4065 4064
f 4064 4065 4048
f 4064 4048 4047
f 4047 4048 4031
f 4047 4031 4030
f 4030 4031 4014
f 4030 4014 4013
f 4013 4014 3997
f 4013 3997 3996
f 3996 3997 3980
f 3996 3980 3979
f 3979 3980 3963
f 3979 3963 3962
f 3962 3963 3946
f 3962 3946 3945
f 3945 3946 3929
f 3945 3929 3928
f 3928 3929 3912
f 3928 3912 3911
f 3911 3912 3895
f 3911 3895 3894
f 3894 3895 3878
f 3894 3878 3877
f 3877 3878 3861
f 3877 3861 3860
f 3860 3861 3844
f 3860 3844 3843
f 3843 3844 3827
f 3843 3827 3826
f 3826 3827 3810
f 3826 3810 3809
f 3809 3810 3793
f 3809 3793 3792
f 3792 3793 3776
f 3792 3776 3775
f 3775 3776 3759
f 3775 3759 3758
f 3758 3759 3742
f 3758 3742 3741
f 3741 3742 3725
f 3741 3725 3724
f 3724 3725 3708
f 3724 3708 3707
f 3707 3708 3691
f 3707 3691 3690
f 3690 3691 3674
f 3690 3674 3673
f 3673 3674 3657
f 3673 3657 3656
f 3656 3657 3640
f 3656 3640 3639
f 3639 3640 3623
f 3639 3623 3622
f 3622 3623 3606
f 3622 3606 3605
f 3605 3606 3589
f 3605 3589 3588
f 3588 3589 3572
f 3588 3572 3571
f 3571 3572 3555
f 3571 3555 3554
f 3554 3555 3538
f 3554 3538 3537
f 3537 3538 3521
f 3537 3521 3520
f 3520 3521 3504
f 3520 3504 3503
f 3503 3504 3487
f 3503 3487 3486
f 3486 3487 3470
f 3486 3470 3469
f 3469 3470 3453
f 3469 3453 3452
f 3452 3453 3436
f 3452 3436 3435
f 3435 3436 3419
f 3435 3419 3418
f 3418 3419 3402
f 3418 3402 3401
f 3401 3402 3385
f 3401 3385 3384
f 3384 3385 3368
f 3384 3368 3367
f 3367 3368 3351
f 3367 3351 3350
f 3350 3351 3334
f 3350 3334 3333
f 3333 3334 3317
f 3333 3317 3316
f 3316 3317 3300
f 3316 3300 3299
f 3299 3300 3283
f 3299 3283 3282
f 3282 3283 3266
f 3282 3266 3265
f 3265 3266 3249
f 3265 3249 3248
f 3248 3249 3232
f 3248 3232 3231
f 3231 3232 3215
f 3231 3215 3214
f 3214 3215 3198
f 3214 3198 3197
f 3197 3198 3181
f 3197 3181 3180
f 3180 3181 3164
f 3180 3164 3163
f 3163 3164 3147
f 3163 3147 3146
f 3146 3147 3130
f 3146 3130 3129
f 3129 3130 3113
f 3129 3113 3112
f 3112 3113 3096
f 3112 3096 3095
f 3095 3096 3079
f 3095 3079 3078
f 3078 3079 3062
f 3078 3062 3061
f 3061 3062 3045
f 3061 3045 3044
f 3044 3045 3028
f 3044 3028 3027
f 3027 3028 3011
f 3027 3011 3010
f 3010 3011 2994
f 3010 2994 2993
f 2993 2994 2977
f 2993 2977 2976
f 2976 2977 2960
f 2976 2960 2959
f 2959 2960 2943
f 2959 2943 2942
f 2942 2943 2926
f 2942 2926 2925
f 2925 2926 2909
f 2925 2909 2908
f 2908 2909 2892
f 2908 2892 2891
f 2891 2892 2875
f 2891 2875 2874
f 2874 2875 2858
f 2874 2858 2857
f 2857 2858 2841
f 2857 2841 2840
f 2840 2841 2824
f 2840 2824 2823
f 2823 2824 2807
f 2823 2807 2806
f 2806 2807 2790
f 2806 2790 2789
f 2789 2790 2773
f 2789 2773 2772
f 2772 2773 2756
f 2772 2756 2755
f 2755 2756 2739
f 2755 2739 2738
f 2738 2739 2722
f 2738 2722 2721
f 2721 2722 2705
f 2721 2705 2704
f 2704 2705 2688
f 2704 2688 2687
f 2687 2688 2671
f 2687 2671 2670
f 2670 2671 2654
f 2670 2654 2653
f 2653 2654 2637
f 2653 2637 2636
f 2636 2637 2620
f 2636 2620 2619
f 2619 2620 2603
f 2619 2603 2602
f 2602 2603 2586
f 2602 2586 2585
f 2585 2586 2569
f 2585 2569 2568
f 2568 2569 2552
f 2568 2552 2551
f 2551 2552 2535
f 2551 2535 2534
f 2534 2535 2518
f 2534 2518 2517
f 2517 2518 2501
f 2517 2501 2500
f 2500 2501 2484
f 2500 2484 2483
f 2483 2484 2467
f 2483 2467 2466
f 2466 2467 2450
f 2466 2450 2449
f 2449 2450 2433
f 2449 2433 2432
f 2432 2433 2416
f 2432 2416 2415
f 2415 2416 2399
f 2415 2399 2398
f 2398 2399 2382
f 2398 2382 2381
f 2381 2382 2365
f 2381 2365 2364
f 2364 2365 2348
f 2364 2348 2347
f 2347 2348 2331
f 2347 2331 2330
f 2330 2331 2314
f 2330 2314 2313
f 2313 2314 2297
f 2313 2297 2296
f 2296 2297 2280
f 2296 2280 2279
f 2279 2280 2263
f 2279 2263 2262
f 2262 2263 2246
f 2262 2246 2245
f 2245 2246 2229
f 2245 2229 2228
f 2228 2229 2212
f 2228 2212 2211
f 2211 2212 2195
f 2211 2195 2194
f 2194 2195 2178
f 2194 2178 2177
f 2177 2178 2161
f 2177 2161 2160
f 2160 2161 2144
f 2160 2144 2143
f 2143 2144 2127
f 2143 2127 2126
f 2126 2127 2110
f 2126 2110 2109
f 2109 2110 2093
f 2109 2093 2092
f 2092 2093 2076
f 2092 2076 2075
f 2075 2076 2059
f 2075 2059 2058
f 2058 2059 2042
f 2058 2042 2041
f 2041 2042 2025
f 2041 2025 2024
f 2024 2025 2008
f 2024 2008 2007
f 2007 2008 1991
f 2007 1991 1990
f 1990 1991 1974
f 1990 1974 1973
f 1973 1974 1957
f 1973 1957 1956
f 1956 1957 1940
f 1956 1940 1939
f 1939 1940 1923
f 1939 1923 1922
f 1922 1923 1906
f 1922 1906 1905
f 1905 1906 1889
f 1905 1889 1888
f 1888 1889 1872
f 1888 1872 1871
f 1871 1872 1855
f 1871 1855 1854
f 1854 1855 1838
f 1854 1838 1837
f 1837 1838 1821
f 1837 1821 1820
f 1820 1821 1804
f 1820 1804 1803
f 1803 1804 1787
f 1803 1787 1786
f 1786 1787 1703
f 1786 1703 1702
f 1702 1703 1723
f 1702 1723 1724
f 1394 1395 5051
f 5051 1395 5068
f 5051 5068 5069
f 5069 5068 1398
f 5069 1398 1399
f 1395 1396 5068
f 5068 1396 1397
f 5068 1397 1398
f 1399 1400 5069
f 5069 1400 5083
f 5069 5083 5070
f 5070 5083 5084
f 5070 5084 5071
f 5071 5084 5085
f 5071 5085 5072
f 5072 5085 5086
f 5072 5086 5073
f 5073 5086 5087
f 5073 5087 5074
f 5074 5087 5088
f 5074 5088 5075
f 1400 1401 5083
f 5083 1401 5096
f 5083 5096 5097
f 5097 5096 1402
f 5097 1402 1403
f 1401 1402 5096
f 5097 1403 5107
f 5107 1403 1404
f 5107 1404 5108
f 5108 1404 5117
f 5108 5117 5118
f 5118 5117 5127
f 5118 5127 5128
f 5118 5128 5119
f 5119 5128 5129
f 5119 5129 5120
f 1404 1405 5117
f 5117 1405 5126
f 5117 5126 5127
f 5127 5126 5136
f 5127 5136 5137
f 5127 5137 5128
f 5128 5137 5138
f 5128 5138 5129
f 1405 1406 5126
f 5126 1406 1407
f 5126 1407 5135
f 5135 1407 1408
f 5135 1408 5136
f 5136 1408 5144
f 5136 5144 5145
f 5145 5144 5153
f 5145 5153 5154
f 5145 5154 5146
f 1408 1409 5144
f 5144 1409 1410
f 5144 1410 5153
f 5153 1410 5152
f 5153 5152 1411
f 1411 5152 1410
f 1411 1412 5153
f 5153 1412 5160
f 5153 5160 5161
f 5161 5160 5166
f 5161 5166 5167
f 5167 5166 5171
f 5167 5171 5172
f 5172 5171 1424
f 5172 1424 1425
f 1412 1413 5160
f 5160 1413 5166
f 1413 1414 5166
f 5166 1414 1415
f 5166 1415 5170
f 5170 1415 1416
f 5170 1416 5171
f 5171 1416 1417
f 5171 1417 1418
f 1418 1419 5171
f 5171 1419 1424
f 1424 1419 1423
f 1423 1419 1420
f 1423 1420 1422
f 1422 1420 1421
f 1425 1426 5172
f 5172 1426 1427
f 5172 1427 5173
f 5173 1427 1428
f 5173 1428 1429
f 5173 1429 5169
f 5169 1429 1430
f 1432 1433 5159
f 5159 1433 5151
f 1433 1434 5151
f 5151 1434 5143
f 1434 1435 5143
f 5143 1435 1436
f 5143 1436 5134
f 5134 1436 1437
f 5134 1437 5125
f 5125 1437 1438
f 5125 1438 5116
f 5116 1438 1439
f 5116 1439 5106
f 5106 1439 1440
f 5106 1440 1441
f 5106 1441 5093
f 5093 1441 1442
f 5093 1442 5080
f 5080 1442 1443
f 5080 1443 5063
f 5063 1443 1444
f 5063 1444 5046
f 5046 1444 1445
f 5046 1445 1446
f 5046 1446 5029
f 5029 1446 1447
f 5029 1447 5012
f 5012 1447 1448
f 5012 1448 4995
f 4995 1448 1449
f 4995 1449 4978
f 4978 1449 1450
f 4978 1450 1451
f 4978 1451 4961
f 4961 1451 1452
f 4961 1452 4944
f 4944 1452 1453
f 4944 1453 4927
f 4927 1453 1454
f 4927 1454 4910
f 4910 1454 1455
f 4910 1455 4893
f 4893 1455 1456
f 4893 1456 1457
f 4893 1457 4876
f 4876 1457 1458
f 4876 1458 4859
f 4859 1458 1459
f 4859 1459 4842
f 4842 1459 1460
f 4842 1460 4825
f 4825 1460 1461
f 4825 1461 1462
f 4825 1462 4808
f 4808 1462 1463
f 4808 1463 4791
f 4791 1463 1464
f 4791 1464 4774
f 4774 1464 1465
f 4774 1465 4757
f 4757 1465 1466
f 4757 1466 1467
f 4757 1467 4740
f 4740 1467 1468
f 4740 1468 4723
f 4723 1468 1469
f 4723 1469 4706
f 4706 1469 1470
f 4706 1470 4689
f 4689 1470 1471
f 4689 1471 1472
f 4689 1472 4672
f 4672 1472 1473
f 4672 1473 4655
f 4655 1473 1474
f 4655 1474 4638
f 4638 1474 1475
f 4638 1475 4621
f 4621 1475 1476
f 4621 1476 1477
f 4621 1477 4604
f 4604 1477 1478
f 4604 1478 4587
f 4587 1478 1479
f 4587 1479 4570
f 4570 1479 1480
f 4570 1480 4553
f 4553 1480 1481
f 4553 1481 4536
f 4536 1481 1482
f 4536 1482 1483
f 4536 1483 4519
f 4519 1483 1484
f 4519 1484 4502
f 4502 1484 1485
f 4502 1485 4485
f 4485 1485 1486
f 4485 1486 4468
f 4468 1486 1487
f 4468 1487 1488
f 4468 1488 4451
f 4451 1488 1489
f 4451 1489 4434
f 4434 1489 1490
f 4434 1490 4417
f 4417 1490 1491
f 4417 1491 4400
f 4400 1491 1492
f 4400 1492 1493
f 4400 1493 4383
f 4383 1493 1494
f 4383 1494 4366
f 4366 1494 1495
f 4366 1495 4349
f 4349 1495 1496
f 4349 1496 4332
f 4332 1496 1497
f 4332 1497 1498
f 4332 1498 4315
f 4315 1498 1499
f 4315 1499 4298
f 4298 1499 1500
f 4298 1500 4281
f 4281 1500 1501
f 4281 1501 4264
f 4264 1501 1502
f 4264 1502 1503
f 4264 1503 4247
f 4247 1503 1504
f 4247 1504 4230
f 4230 1504 1505
f 4230 1505 4213
f 4213 1505 1506
f 4213 1506 4196
f 4196 1506 1507
f 4196 1507 4179
f 4179 1507 1508
f 4179 1508 1509
f 4179 1509 4162
f 4162 1509 1510
f 4162 1510 4145
f 4145 1510 1511
f 4145 1511 4128
f 4128 1511 1512
f 4128 1512 4111
f 4111 1512 1513
f 4111 1513 1514
f 4111 1514 4094
f 4094 1514 1515
f 4094 1515 4077
f 4077 1515 1516
f 4077 1516 4060
f 4060 1516 1517
f 4060 1517 4043
f 4043 1517 1518
f 4043 1518 1519
f 4043 1519 4026
f 4026 1519 1520
f 4026 1520 4009
f 4009 1520 1521
f 4009 1521 3992
f 3992 1521 1522
f 3992 1522 3975
f 3975 1522 1523
f 3975 1523 1524
f 3975 1524 3958
f 3958 1524 1525
f 3958 1525 3941
f 3941 1525 1526
f 3941 1526 3924
f 3924 1526 1527
f 3924 1527 3907
f 3907 1527 1528
f 3907 1528 3890
f 3890 1528 1529
f 3890 1529 1530
f 3890 1530 3873
f 3873 1530 1531
f 3873 1531 3856
f 3856 1531 1532
f 3856 1532 3839
f 3839 1532 1533
f 3839 1533 3822
f 3822 1533 1534
f 3822 1534 1535
f 3822 1535 3805
f 3805 1535 1536
f 3805 1536 3788
f 3788 1536 1537
f 3788 1537 3771
f 3771 1537 1538
f 3771 1538 3754
f 3754 1538 1539
f 3754 1539 1540
f 3754 1540 3737
f 3737 1540 1541
f 3737 1541 3720
f 3720 1541 1542
f 3720 1542 3703
f 3703 1542 1543
f 3703 1543 3686
f 3686 1543 1544
f 3686 1544 1545
f 3686 1545 3669
f 3669 1545 1546
f 3669 1546 3652
f 3652 1546 1547
f 3652 1547 3635
f 3635 1547 1548
f 3635 1548 3618
f 3618 1548 1549
f 3618 1549 1550
f 3618 1550 3601
f 3601 1550 1551
f 3601 1551 3584
f 3584 1551 1552
f 3584 1552 3567
f 3567 1552 1553
f 3567 1553 3550
f 3550 1553 1554
f 3550 1554 3533
f 3533 1554 1555
f 3533 1555 1556
f 3533 1556 3516
f 3516 1556 1557
f 3516 1557 3499
f 3499 1557 1558
f 3499 1558 3482
f 3482 1558 1559
f 3482 1559 3465
f 3465 1559 1560
f 3465 1560 1561
f 3465 1561 3448
f 3448 1561 1562
f 3448 1562 3431
f 3431 1562 1563
f 3431 1563 3414
f 3414 1563 1564
f 3414 1564 3397
f 3397 1564 1565
f 3397 1565 1566
f 3397 1566 3380
f 3380 1566 1567
f 3380 1567 3363
f 3363 1567 1568
f 3363 1568 3346
f 3346 1568 1569
f 3346 1569 3329
f 3329 1569 1570
f 3329 1570 1571
f 3329 1571 3312
f 3312 1571 1572
f 3312 1572 3295
f 3295 1572 1573
f 3295 1573 3278
f 3278 1573 1574
f 3278 1574 3261
f 3261 1574 1575
f 3261 1575 1576
f 3261 1576 3244
f 3244 1576 1577
f 3244 1577 3227
f 3227 1577 1578
f 3227 1578 3210
f 3210 1578 1579
f 3210 1579 3193
f 3193 1579 1580
f 3193 1580 3176
f 3176 1580 1581
f 3176 1581 1582
f 3176 1582 3159
f 3159 1582 1583
f 3159 1583 3142
f 3142 1583 1584
f 3142 1584 3125
f 3125 1584 1585
f 3125 1585 3108
f 3108 1585 1586
f 3108 1586 1587
f 3108 1587 3091
f 3091 1587 1588
f 3091 1588 3074
f 3074 1588 1589
f 3074 1589 3057
f 3057 1589 1590
f 3057 1590 3040
f 3040 1590 1591
f 3040 1591 1592
f 3040 1592 3023
f 3023 1592 1593
f 3023 1593 3006
f 3006 1593 1594
f 3006 1594 2989
f 2989 1594 1595
f 2989 1595 2972
f 2972 1595 1596
f 2972 1596 1597
f 2972 1597 2955
f 2955 1597 1598
f 2955 1598 2938
f 2938 1598 1599
f 2938 1599 2921
f 2921 1599 1600
f 2921 1600 2904
f 2904 1600 1601
f 2904 1601 1602
f 2904 1602 2887
f 2887 1602 1603
f 2887 1603 2870
f 2870 1603 1604
f 2870 1604 2853
f 2853 1604 1605
f 2853 1605 2836
f 2836 1605 1606
f 2836 1606 2819
f 2819 1606 1607
f 2819 1607 1608
f 2819 1608 2802
f 2802 1608 1609
f 2802 1609 2785
f 2785 1609 1610
f 2785 1610 2768
f 2768 1610 1611
f 2768 1611 2751
f 2751 1611 1612
f 2751 1612 1613
f 2751 1613 2734
f 2734 1613 1614
f 2734 1614 2717
f 2717 1614 1615
f 2717 1615 2700
f 2700 1615 1616
f 2700 1616 2683
f 2683 1616 1617
f 2683 1617 1618
f 2683 1618 2666
f 2666 1618 1619
f 2666 1619 2649
f 2649 1619 1620
f 2649 1620 2632
f 2632 1620 1621
f 2632 1621 2615
f 2615 1621 1622
f 2615 1622 1623
f 2615 1623 2598
f 2598 1623 1624
f 2598 1624 2581
f 2581 1624 1625
f 2581 1625 2564
f 2564 1625 1626
f 2564 1626 2547
f 2547 1626 1627
f 2547 1627 1628
f 2547 1628 2530
f 2530 1628 1629
f 2530 1629 2513
f 2513 1629 1630
f 2513 1630 2496
f 2496 1630 1631
f 2496 1631 2479
f 2479 1631 1632
f 2479 1632 2462
f 2462 1632 1633
f 2462 1633 1634
f 2462 1634 2445
f 2445 1634 1635
f 2445 1635 2428
f 2428 1635 1636
f 2428 1636 2411
f 2411 1636 1637
f 2411 1637 2394
f 2394 1637 1638
f 2394 1638 1639
f 2394 1639 2377
f 2377 1639 1640
f 2377 1640 2360
f 2360 1640 1641
f 2360 1641 2343
f 2343 1641 1642
f 2343 1642 2326
f 2326 1642 1643
f 2326 1643 1644
f 2326 1644 2309
f 2309 1644 1645
f 2309 1645 2292
f 2292 1645 1646
f 2292 1646 2275
f 2275 1646 1647
f 2275 1647 2258
f 2258 1647 1648
f 2258 1648 1649
f 2258 1649 2241
f 2241 1649 1650
f 2241 1650 2224
f 2224 1650 1651
f 2224 1651 2207
f 2207 1651 1652
f 2207 1652 2190
f 2190 1652 1653
f 2190 1653 1654
f 2190 1654 2173
f 2173 1654 1655
f 2173 1655 2156
f 2156 1655 1656
f 2156 1656 2139
f 2139 1656 1657
f 2139 1657 2122
f 2122 1657 1658
f 2122 1658 2105
f 2105 1658 1659
f 2105 1659 1660
f 2105 1660 2088
f 2088 1660 1661
f 2088 1661 2071
f 2071 1661 1662
f 2071 1662 2054
f 2054 1662 1663
f 2054 1663 2037
f 2037 1663 1664
f 2037 1664 1665
f 2037 1665 2020
f 2020 1665 1666
f 2020 1666 2003
f 2003 1666 1667
f 2003 1667 1986
f 1986 1667 1668
f 1986 1668 1969
f 1969 1668 1669
f 1969 1669 1670
f 1969 1670 1952
f 1952 1670 1671
f 1952 1671 1935
f 1935 1671 1672
f 1935 1672 1918
f 1918 1672 1673
f 1918 1673 1901
f 1901 1673 1674
f 1901 1674 1675
f 1901 1675 1884
f 1884 1675 1676
f 1884 1676 1867
f 1867 1676 1677
f 1867 1677 1850
f 1850 1677 1678
f 1850 1678 1833
f 1833 1678 1679
f 1833 1679 1680
f 1833 1680 1816
f 1816 1680 1681
f 1816 1681 1799
f 1799 1681 1682
f 1799 1682 1715
f 1715 1682 1683
f 1715 1683 1698
f 1698 1683 1684
f 1698 1684 1695
f 1695 1684 1685
f 1695 1685 1686
f 1695 1686 1692
f 1692 1686 1687
f 1692 1687 1693
f 1693 1687 1688
f 1699 1700 1727
f 1727 1700 1726
f 1727 1726 1738
f 1700 1701 1725
f 1700 1725 1726
f 1700 1699 1784
f 1784 1699 1783
f 1784 1783 1801
f 1801 1783 1800
f 1801 1800 1818
f 1818 1800 1817
f 1818 1817 1835
f 1835 1817 1834
f 1835 1834 1852
f 1852 1834 1851
f 1852 1851 1869
f 1869 1851 1868
f 1869 1868 1886
f 1886 1868 1885
f 1886 1885 1903
f 1903 1885 1902
f 1903 1902 1920
f 1920 1902 1919
f 1920 1919 1937
f 1937 1919 1936
f 1937 1936 1954
f 1954 1936 1953
f 1954 1953 1971
f 1971 1953 1970
f 1971 1970 1988
f 1988 1970 1987
f 1988 1987 2005
f 2005 1987 2004
f 2005 2004 2022
f 2022 2004 2021
f 2022 2021 2039
f 2039 2021 2038
f 2039 2038 2056
f 2056 2038 2055
f 2056 2055 2073
f 2073 2055 2072
f 2073 2072 2090
f 2090 2072 2089
f 2090 2089 2107
f 2107 2089 2106
f 2107 2106 2124
f 2124 2106 2123
f 2124 2123 2141
f 2141 2123 2140
f 2141 2140 2158
f 2158 2140 2157
f 2158 2157 2175
f 2175 2157 2174
f 2175 2174 2192
f 2192 2174 2191
f 2192 2191 2209
f 2209 2191 2208
f 2209 2208 2226
f 2226 2208 2225
f 2226 2225 2243
f 2243 2225 2242
f 2243 2242 2260
f 2260 2242 2259
f 2260 2259 2277
f 2277 2259 2276
f 2277 2276 2294
f 2294 2276 2293
f 2294 2293 2311
f 2311 2293 2310
f 2311 2310 2328
f 2328 2310 2327
f 2328 2327 2345
f 2345 2327 2344
f 2345 2344 2362
f 2362 2344 2361
f 2362 2361 2379
f 2379 2361 2378
f 2379 2378 2396
f 2396 2378 2395
f 2396 2395 2413
f 2413 2395 2412
f 2413 2412 2430
f 2430 2412 2429
f 2430 2429 2447
f 2447 2429 2446
f 2447 2446 2464
f 2464 2446 2463
f 2464 2463 2481
f 2481 2463 2480
f 2481 2480 2498
f 2498 2480 2497
f 2498 2497 2515
f 2515 2497 2514
f 2515 2514 2532
f 2532 2514 2531
f 2532 2531 2549
f 2549 2531 2548
f 2549 2548 2566
f 2566 2548 2565
f 2566 2565 2583
f 2583 2565 2582
f 2583 2582 2600
f 2600 2582 2599
f 2600 2599 2617
f 2617 2599 2616
f 2617 2616 2634
f 2634 2616 2633
f 2634 2633 2651
f 2651 2633 2650
f 2651 2650 2668
f 2668 2650 2667
f 2668 2667 2685
f 2685 2667 2684
f 2685 2684 2702
f 2702 2684 2701
f 2702 2701 2719
f 2719 2701 2718
f 2719 2718 2736
f 2736 2718 2735
f 2736 2735 2753
f 2753 2735 2752
f 2753 2752 2770
f 2770 2752 2769
f 2770 2769 2787
f 2787 2769 2786
f 2787 2786 2804
f 2804 2786 2803
f 2804 2803 2821
f 2821 2803 2820
f 2821 2820 2838
f 2838 2820 2837
f 2838 2837 2855
f 2855 2837 2854
f 2855 2854 2872
f 2872 2854 2871
f 2872 2871 2889
f 2889 2871 2888
f 2889 2888 2906
f 2906 2888 2905
f 2906 2905 2923
f 2923 2905 2922
f 2923 2922 2940
f 2940 2922 2939
f 2940 2939 2957
f 2957 2939 2956
f 2957 2956 2974
f 2974 2956 2973
f 2974 2973 2991
f 2991 2973 2990
f 2991 2990 3008
f 3008 2990 3007
f 3008 3007 3025
f 3025 3007 3024
f 3025 3024 3042
f 3042 3024 3041
f 3042 3041 3059
f 3059 3041 3058
f 3059 3058 3076
f 3076 3058 3075
f 3076 3075 3093
f 3093 3075 3092
f 3093 3092 3110
f 3110 3092 3109
f 3110 3109 3127
f 3127 3109 3126
f 3127 3126 3144
f 3144 3126 3143
f 3144 3143 3161
f 3161 3143 3160
f 3161 3160 3178
f 3178 3160 3177
f 3178 3177 3195
f 3195 3177 3194
f 3195 3194 3212
f 3212 3194 3211
f 3212 3211 3229
f 3229 3211 3228
f 3229 3228 3246
f 3246 3228 3245
f 3246 3245 3263
f 3263 3245 3262
f 3263 3262 3280
f 3280 3262 3279
f 3280 3279 3297
f 3297 3279 3296
f 3297 3296 3314
f 3314 3296 3313
f 3314 3313 3331
f 3331 3313 3330
f 3331 3330 3348
f 3348 3330 3347
f 3348 3347 3365
f 3365 3347 3364
f 3365 3364 3382
f 3382 3364 3381
f 3382 3381 3399
f 3399 3381 3398
f 3399 3398 3416
f 3416 3398 3415
f 3416 3415 3433
f 3433 3415 3432
f 3433 3432 3450
f 3450 3432 3449
f 3450 3449 3467
f 3467 3449 3466
f 3467 3466 3484
f 3484 3466 3483
f 3484 3483 3501
f 3501 3483 3500
f 3501 3500 3518
f 3518 3500 3517
f 3518 3517 3535
f 3535 3517 3534
f 3535 3534 3552
f 3552 3534 3551
f 3552 3551 3569
f 3569 3551 3568
f 3569 3568 3586
f 3586 3568 3585
f 3586 3585 3603
f 3603 3585 3602
f 3603 3602 3620
f 3620 3602 3619
f 3620 3619 3637
f 3637 3619 3636
f 3637 3636 3654
f 3654 3636 3653
f 3654 3653 3671
f 3671 3653 3670
f 3671 3670 3688
f 3688 3670 3687
f 3688 3687 3705
f 3705 3687 3704
f 3705 3704 3722
f 3722 3704 3721
f 3722 3721 3739
f 3739 3721 3738
f 3739 3738 3756
f 3756 3738 3755
f 3756 3755 3773
f 3773 3755 3772
f 3773 3772 3790
f 3790 3772 3789
f 3790 3789 3807
f 3807 3789 3806
f 3807 3806 3824
f 3824 3806 3823
f 3824 3823 3841
f 3841 3823 3840
f 3841 3840 3858
f 3858 3840 3857
f 3858 3857 3875
f 3875 3857 3874
f 3875 3874 3892
f 3892 3874 3891
f 3892 3891 3909
f 3909 3891 3908
f 3909 3908 3926
f 3926 3908 3925
f 3926 3925 3943
f 3943 3925 3942
f 3943 3942 3960
f 3960 3942 3959
f 3960 3959 3977
f 3977 3959 3976
f 3977 3976 3994
f 3994 3976 3993
f 3994 3993 4011
f 4011 3993 4010
f 4011 4010 4028
f 4028 4010 4027
f 4028 4027 4045
f 4045 4027 4044
f 4045 4044 4062
f 4062 4044 4061
f 4062 4061 4079
f 4079 4061 4078
f 4079 4078 4096
f 4096 4078 4095
f 4096 4095 4113
f 4113 4095 4112
f 4113 4112 4130
f 4130 4112 4129
f 4130 4129 4147
f 4147 4129 4146
f 4147 4146 4164
f 4164 4146 4163
f 4164 4163 4181
f 4181 4163 4180
f 4181 4180 4198
f 4198 4180 4197
f 4198 4197 4215
f 4215 4197 4214
f 4215 4214 4232
f 4232 4214 4231
f 4232 4231 4249
f 4249 4231 4248
f 4249 4248 4266
f 4266 4248 4265
f 4266 4265 4283
f 4283 4265 4282
f 4283 4282 4300
f 4300 4282 4299
f 4300 4299 4317
f 4317 4299 4316
f 4317 4316 4334
f 4334 4316 4333
f 4334 4333 4351
f 4351 4333 4350
f 4351 4350 4368
f 4368 4350 4367
f 4368 4367 4385
f 4385 4367 4384
f 4385 4384 4402
f 4402 4384 4401
f 4402 4401 4419
f 4419 4401 4418
f 4419 4418 4436
f 4436 4418 4435
f 4436 4435 4453
f 4453 4435 4452
f 4453 4452 4470
f 4470 4452 4469
f 4470 4469 4487
f 4487 4469 4486
f 4487 4486 4504
f 4504 4486 4503
f 4504 4503 4521
f 4521 4503 4520
f 4521 4520 4538
f 4538 4520 4537
f 4538 4537 4555
f 4555 4537 4554
f 4555 4554 4572
f 4572 4554 4571
f 4572 4571 4589
f 4589 4571 4588
f 4589 4588 4606
f 4606 4588 4605
f 4606 4605 4623
f 4623 4605 4622
f 4623 4622 4640
f 4640 4622 4639
f 4640 4639 4657
f 4657 4639 4656
f 4657 4656 4674
f 4674 4656 4673
f 4674 4673 4691
f 4691 4673 4690
f 4691 4690 4708
f 4708 4690 4707
f 4708 4707 4725
f 4725 4707 4724
f 4725 4724 4742
f 4742 4724 4741
f 4742 4741 4759
f 4759 4741 4758
f 4759 4758 4776
f 4776 4758 4775
f 4776 4775 4793
f 4793 4775 4792
f 4793 4792 4810
f 4810 4792 4809
f 4810 4809 4827
f 4827 4809 4826
f 4827 4826 4844
f 4844 4826 4843
f 4844 4843 4861
f 4861 4843 4860
f 4861 4860 4878
f 4878 4860 4877
f 4878 4877 4895
f 4895 4877 4894
f 4895 4894 4912
f 4912 4894 4911
f 4912 4911 4929
f 4929 4911 4928
f 4929 4928 4946
f 4946 4928 4945
f 4946 4945 4963
f 4963 4945 4962
f 4963 4962 4980
f 4980 4962 4979
f 4980 4979 4997
f 4997 4979 4996
f 4997 4996 5014
f 5014 4996 5013
f 5014 5013 5031
f 5031 5013 5030
f 5031 5030 5048
f 5048 5030 5047
f 5048 5047 5065
f 1701 1702 1724
f 1701 1724 1725
f 1701 1700 1784
f 1701 1784 1785
f 1785 1784 1801
f 1785 1801 1802
f 1802 1801 1818
f 1802 1818 1819
f 1819 1818 1835
f 1819 1835 1836
f 1836 1835 1852
f 1836 1852 1853
f 1853 1852 1869
f 1853 1869 1870
f 1870 1869 1886
f 1870 1886 1887
f 1887 1886 1903
f 1887 1903 1904
f 1904 1903 1920
f 1904 1920 1921
f 1921 1920 1937
f 1921 1937 1938
f 1938 1937 1954
f 1938 1954 1955
f 1955 1954 1971
f 1955 1971 1972
f 1972 1971 1988
f 1972 1988 1989
f 1989 1988 2005
f 1989 2005 2006
f 2006 2005 2022
f 2006 2022 2023
f 2023 2022 2039
f 2023 2039 2040
f 2040 2039 2056
f 2040 2056 2057
f 2057 2056 2073
f 2057 2073 2074
f 2074 2073 2090
f 2074 2090 2091
f 2091 2090 2107
f 2091 2107 2108
f 2108 2107 2124
f 2108 2124 2125
f 2125 2124 2141
f 2125 2141 2142
f 2142 2141 2158
f 2142 2158 2159
f 2159 2158 2175
f 2159 2175 2176
f 2176 2175 2192
f 2176 2192 2193
f 2193 2192 2209
f 2193 2209 2210
f 2210 2209 2226
f 2210 2226 2227
f 2227 2226 2243
f 2227 2243 2244
f 2244 2243 2260
f 2244 2260 2261
f 2261 2260 2277
f 2261 2277 2278
f 2278 2277 2294
f 2278 2294 2295
f 2295 2294 2311
f 2295 2311 2312
f 2312 2311 2328
f 2312 2328 2329
f 2329 2328 2345
f 2329 2345 2346
f 2346 2345 2362
f 2346 2362 2363
f 2363 2362 2379
f 2363 2379 2380
f 2380 2379 2396
f 2380 2396 2397
f 2397 2396 2413
f 2397 2413 2414
f 2414 2413 2430
f 2414 2430 2431
f 2431 2430 2447
f 2431 2447 2448
f 2448 2447 2464
f 2448 2464 2465
f 2465 2464 2481
f 2465 2481 2482
f 2482 2481 2498
f 2482 2498 2499
f 2499 2498 2515
f 2499 2515 2516
f 2516 2515 2532
f 2516 2532 2533
f 2533 2532 2549
f 2533 2549 2550
f 2550 2549 2566
f 2550 2566 2567
f 2567 2566 2583
f 2567 2583 2584
f 2584 2583 2600
f 2584 2600 2601
f 2601 2600 2617
f 2601 2617 2618
f 2618 2617 2634
f 2618 2634 2635
f 2635 2634 2651
f 2635 2651 2652
f 2652 2651 2668
f 2652 2668 2669
f 2669 2668 2685
f 2669 2685 2686
f 2686 2685 2702
f 2686 2702 2703
f 2703 2702 2719
f 2703 2719 2720
f 2720 2719 2736
f 2720 2736 2737
f 2737 2736 2753
f 2737 2753 2754
f 2754 2753 2770
f 2754 2770 2771
f 2771 2770 2787
f 2771 2787 2788
f 2788 2787 2804
f 2788 2804 2805
f 2805 2804 2821
f 2805 2821 2822
f 2822 2821 2838
f 2822 2838 2839
f 2839 2838 2855
f 2839 2855 2856
f 2856 2855 2872
f 2856 2872 2873
f 2873 2872 2889
f 2873 2889 2890
f 2890 2889 2906
f 2890 2906 2907
f 2907 2906 2923
f 2907 2923 2924
f 2924 2923 2940
f 2924 2940 2941
f 2941 2940 2957
f 2941 2957 2958
f 2958 2957 2974
f 2958 2974 2975
f 2975 2974 2991
f 2975 2991 2992
f 2992 2991 3008
f 2992 3008 3009
f 3009 3008 3025
f 3009 3025 3026
f 3026 3025 3042
f 3026 3042 3043
f 3043 3042 3059
f 3043 3059 3060
f 3060 3059 3076
f 3060 3076 3077
f 3077 3076 3093
f 3077 3093 3094
f 3094 3093 3110
f 3094 3110 3111
f 3111 3110 3127
f 3111 3127 3128
f 3128 3127 3144
f 3128 3144 3145
f 3145 3144 3161
f 3145 3161 3162
f 3162 3161 3178
f 3162 3178 3179
f 3179 3178 3195
f 3179 3195 3196
f 3196 3195 3212
f 3196 3212 3213
f 3213 3212 3229
f 3213 3229 3230
f 3230 3229 3246
f 3230 3246 3247
f 3247 3246 3263
f 3247 3263 3264
f 3264 3263 3280
f 3264 3280 3281
f 3281 3280 3297
f 3281 3297 3298
f 3298 3297 3314
f 3298 3314 3315
f 3315 3314 3331
f 3315 3331 3332
f 3332 3331 3348
f 3332 3348 3349
f 3349 3348 3365
f 3349 3365 3366
f 3366 3365 3382
f 3366 3382 3383
f 3383 3382 3399
f 3383 3399 3400
f 3400 3399 3416
f 3400 3416 3417
f 3417 3416 3433
f 3417 3433 3434
f 3434 3433 3450
f 3434 3450 3451
f 3451 3450 3467
f 3451 3467 3468
f 3468 3467 3484
f 3468 3484 3485
f 3485 3484 3501
f 3485 3501 3502
f 3502 3501 3518
f 3502 3518 3519
f 3519 3518 3535
f 3519 3535 3536
f 3536 3535 3552
f 3536 3552 3553
f 3553 3552 3569
f 3553 3569 3570
f 3570 3569 3586
f 3570 3586 3587
f 3587 3586 3603
f 3587 3603 3604
f 3604 3603 3620
f 3604 3620 3621
f 3621 3620 3637
f 3621 3637 3638
f 3638 3637 3654
f 3638 3654 3655
f 3655 3654 3671
f 3655 3671 3672
f 3672 3671 3688
f 3672 3688 3689
f 3689 3688 3705
f 3689 3705 3706
f 3706 3705 3722
f 3706 3722 3723
f 3723 3722 3739
f 3723 3739 3740
f 3740 3739 3756
f 3740 3756 3757
f 3757 3756 3773
f 3757 3773 3774
f 3774 3773 3790
f 3774 3790 3791
f 3791 3790 3807
f 3791 3807 3808
f 3808 3807 3824
f 3808 3824 3825
f 3825 3824 3841
f 3825 3841 3842
f 3842 3841 3858
f 3842 3858 3859
f 3859 3858 3875
f 3859 3875 3876
f 3876 3875 3892
f 3876 3892 3893
f 3893 3892 3909
f 3893 3909 3910
f 3910 3909 3926
f 3910 3926 3927
f 3927 3926 3943
f 3927 3943 3944
f 3944 3943 3960
f 3944 3960 3961
f 3961 3960 3977
f 3961 3977 3978
f 3978 3977 3994
f 3978 3994 3995
f 3995 3994 4011
f 3995 4011 4012
f 4012 4011 4028
f 4012 4028 4029
f 4029 4028 4045
f 4029 4045 4046
f 4046 4045 4062
f 4046 4062 4063
f 4063 4062 4079
f 4063 4079 4080
f 4080 4079 4096
f 4080 4096 4097
f 4097 4096 4113
f 4097 4113 4114
f 4114 4113 4130
f 4114 4130 4131
f 4131 4130 4147
f 4131 4147 4148
f 4148 4147 4164
f 4148 4164 4165
f 4165 4164 4181
f 4165 4181 4182
f 4182 4181 4198
f 4182 4198 4199
f 4199 4198 4215
f 4199 4215 4216
f 4216 4215 4232
f 4216 4232 4233
f 4233 4232 4249
f 4233 4249 4250
f 4250 4249 4266
f 4250 4266 4267
f 4267 4266 4283
f 4267 4283 4284
f 4284 4283 4300
f 4284 4300 4301
f 4301 4300 4317
f 4301 4317 4318
f 4318 4317 4334
f 4318 4334 4335
f 4335 4334 4351
f 4335 4351 4352
f 4352 4351 4368
f 4352 4368 4369
f 4369 4368 4385
f 4369 4385 4386
f 4386 4385 4402
f 4386 4402 4403
f 4403 4402 4419
f 4403 4419 4420
f 4420 4419 4436
f 4420 4436 4437
f 4437 4436 4453
f 4437 4453 4454
f 4454 4453 4470
f 4454 4470 4471
f 4471 4470 4487
f 4471 4487 4488
f 4488 4487 4504
f 4488 4504 4505
f 4505 4504 4521
f 4505 4521 4522
f 4522 4521 4538
f 4522 4538 4539
f 4539 4538 4555
f 4539 4555 4556
f 4556 4555 4572
f 4556 4572 4573
f 4573 4572 4589
f 4573 4589 4590
f 4590 4589 4606
f 4590 4606 4607
f 4607 4606 4623
f 4607 4623 4624
f 4624 4623 4640
f 4624 4640 4641
f 4641 4640 4657
f 4641 4657 4658
f 4658 4657 4674
f 4658 4674 4675
f 4675 4674 4691
f 4675 4691 4692
f 4692 4691 4708
f 4692 4708 4709
f 4709 4708 4725
f 4709 4725 4726
f 4726 4725 4742
f 4726 4742 4743
f 4743 4742 4759
f 4743 4759 4760
f 4760 4759 4776
f 4760 4776 4777
f 4777 4776 4793
f 4777 4793 4794
f 4794 4793 4810
f 4794 4810 4811
f 4811 4810 4827
f 4811 4827 4828
f 4828 4827 4844
f 4828 4844 4845
f 4845 4844 4861
f 4845 4861 4862
f 4862 4861 4878
f 4862 4878 4879
f 4879 4878 4895
f 4879 4895 4896
f 4896 4895 4912
f 4896 4912 4913
f 4913 4912 4929
f 4913 4929 4930
f 4930 4929 4946
f 4930 4946 4947
f 4947 4946 4963
f 4947 4963 4964
f 4964 4963 4980
f 4964 4980 4981
f 4981 4980 4997
f 4981 4997 4998
f 4998 4997 5014
f 4998 5014 5015
f 5015 5014 5031
f 5015 5031 5032
f 5032 5031 5048
f 5032 5048 5049
f 5049 5048 5066
f 5066 5048 5065
f 1702 1701 1785
f 1702 1785 1786
f 1786 1785 1802
f 1786 1802 1803
f 1803 1802 1819
f 1803 1819 1820
f 1820 1819 1836
f 1820 1836 1837
f 1837 1836 1853
f 1837 1853 1854
f 1854 1853 1870
f 1854 1870 1871
f 1871 1870 1887
f 1871 1887 1888
f 1888 1887 1904
f 1888 1904 1905
f 1905 1904 1921
f 1905 1921 1922
f 1922 1921 1938
f 1922 1938 1939
f 1939 1938 1955
f 1939 1955 1956
f 1956 1955 1972
f 1956 1972 1973
f 1973 1972 1989
f 1973 1989 1990
f 1990 1989 2006
f 1990 2006 2007
f 2007 2006 2023
f 2007 2023 2024
f 2024 2023 2040
f 2024 2040 2041
f 2041 2040 2057
f 2041 2057 2058
f 2058 2057 2074
f 2058 2074 2075
f 2075 2074 2091
f 2075 2091 2092
f 2092 2091 2108
f 2092 2108 2109
f 2109 2108 2125
f 2109 2125 2126
f 2126 2125 2142
f 2126 2142 2143
f 2143 2142 2159
f 2143 2159 2160
f 2160 2159 2176
f 2160 2176 2177
f 2177 2176 2193
f 2177 2193 2194
f 2194 2193 2210
f 2194 2210 2211
f 2211 2210 2227
f 2211 2227 2228
f 2228 2227 2244
f 2228 2244 2245
f 2245 2244 2261
f 2245 2261 2262
f 2262 2261 2278
f 2262 2278 2279
f 2279 2278 2295
f 2279 2295 2296
f 2296 2295 2312
f 2296 2312 2313
f 2313 2312 2329
f 2313 2329 2330
f 2330 2329 2346
f 2330 2346 2347
f 2347 2346 2363
f 2347 2363 2364
f 2364 2363 2380
f 2364 2380 2381
f 2381 2380 2397
f 2381 2397 2398
f 2398 2397 2414
f 2398 2414 2415
f 2415 2414 2431
f 2415 2431 2432
f 2432 2431 2448
f 2432 2448 2449
f 2449 2448 2465
f 2449 2465 2466
f 2466 2465 2482
f 2466 2482 2483
f 2483 2482 2499
f 2483 2499 2500
f 2500 2499 2516
f 2500 2516 2517
f 2517 2516 2533
f 2517 2533 2534
f 2534 2533 2550
f 2534 2550 2551
f 2551 2550 2567
f 2551 2567 2568
f 2568 2567 2584
f 2568 2584 2585
f 2585 2584 2601
f 2585 2601 2602
f 2602 2601 2618
f 2602 2618 2619
f 2619 2618 2635
f 2619 2635 2636
f 2636 2635 2652
f 2636 2652 2653
f 2653 2652 2669
f 2653 2669 2670
f 2670 2669 2686
f 2670 2686 2687
f 2687 2686 2703
f 2687 2703 2704
f 2704 2703 2720
f 2704 2720 2721
f 2721 2720 2737
f 2721 2737 2738
f 2738 2737 2754
f 2738 2754 2755
f 2755 2754 2771
f 2755 2771 2772
f 2772 2771 2788
f 2772 2788 2789
f 2789 2788 2805
f 2789 2805 2806
f 2806 2805 2822
f 2806 2822 2823
f 2823 2822 2839
f 2823 2839 2840
f 2840 2839 2856
f 2840 2856 2857
f 2857 2856 2873
f 2857 2873 2874
f 2874 2873 2890
f 2874 2890 2891
f 2891 2890 2907
f 2891 2907 2908
f 2908 2907 2924
f 2908 2924 2925
f 2925 2924 2941
f 2925 2941 2942
f 2942 2941 2958
f 2942 2958 2959
f 2959 2958 2975
f 2959 2975 2976
f 2976 2975 2992
f 2976 2992 2993
f 2993 2992 3009
f 2993 3009 3010
f 3010 3009 3026
f 3010 3026 3027
f 3027 3026 3043
f 3027 3043 3044
f 3044 3043 3060
f 3044 3060 3061
f 3061 3060 3077
f 3061 3077 3078
f 3078 3077 3094
f 3078 3094 3095
f 3095 3094 3111
f 3095 3111 3112
f 3112 3111 3128
f 3112 3128 3129
f 3129 3128 3145
f 3129 3145 3146
f 3146 3145 3162
f 3146 3162 3163
f 3163 3162 3179
f 3163 3179 3180
f 3180 3179 3196
f 3180 3196 3197
f 3197 3196 3213
f 3197 3213 3214
f 3214 3213 3230
f 3214 3230 3231
f 3231 3230 3247
f 3231 3247 3248
f 3248 3247 3264
f 3248 3264 3265
f 3265 3264 3281
f 3265 3281 3282
f 3282 3281 3298
f 3282 3298 3299
f 3299 3298 3315
f 3299 3315 3316
f 3316 3315 3332
f 3316 3332 3333
f 3333 3332 3349
f 3333 3349 3350
f 3350 3349 3366
f 3350 3366 3367
f 3367 3366 3383
f 3367 3383 3384
f 3384 3383 3400
f 3384 3400 3401
f 3401 3400 3417
f 3401 3417 3418
f 3418 3417 3434
f 3418 3434 3435
f 3435 3434 3451
f 3435 3451 3452
f 3452 3451 3468
f 3452 3468 3469
f 3469 3468 3485
f 3469 3485 3486
f 3486 3485 3502
f 3486 3502 3503
f 3503 3502 3519
f 3503 3519 3520
f 3520 3519 3536
f 3520 3536 3537
f 3537 3536 3553
f 3537 3553 3554
f 3554 3553 3570
f 3554 3570 3571
f 3571 3570 3587
f 3571 3587 3588
f 3588 3587 3604
f 3588 3604 3605
f 3605 3604 3621
f 3605 3621 3622
f 3622 3621 3638
f 3622 3638 3639
f 3639 3638 3655
f 3639 3655 3656
f 3656 3655 3672
f 3656 3672 3673
f 3673 3672 3689
f 3673 3689 3690
f 3690 3689 3706
f 3690 3706 3707
f 3707 3706 3723
f 3707 3723 3724
f 3724 3723 3740
f 3724 3740 3741
f 3741 3740 3757
f 3741 3757 3758
f 3758 3757 3774
f 3758 3774 3775
f 3775 3774 3791
f 3775 3791 3792
f 3792 3791 3808
f 3792 3808 3809
f 3809 3808 3825
f 3809 3825 3826
f 3826 3825 3842
f 3826 3842 3843
f 3843 3842 3859
f 3843 3859 3860
f 3860 3859 3876
f 3860 3876 3877
f 3877 3876 3893
f 3877 3893 3894
f 3894 3893 3910
f 3894 3910 3911
f 3911 3910 3927
f 3911 3927 3928
f 3928 3927 3944
f 3928 3944 3945
f 3945 3944 3961
f 3945 3961 3962
f 3962 3961 3978
f 3962 3978 3979
f 3979 3978 3995
f 3979 3995 3996
f 3996 3995 4012
f 3996 4012 4013
f 4013 4012 4029
f 4013 4029 4030
f 4030 4029 4046
f 4030 4046 4047
f 4047 4046 4063
f 4047 4063 4064
f 4064 4063 4080
f 4064 4080 4081
f 4081 4080 4097
f 4081 4097 4098
f 4098 4097 4114
f 4098 4114 4115
f 4115 4114 4131
f 4115 4131 4132
f 4132 4131 4148
f 4132 4148 4149
f 4149 4148 4165
f 4149 4165 4166
f 4166 4165 4182
f 4166 4182 4183
f 4183 4182 4199
f 4183 4199 4200
f 4200 4199 4216
f 4200 4216 4217
f 4217 4216 4233
f 4217 4233 4234
f 4234 4233 4250
f 4234 4250 4251
f 4251 4250 4267
f 4251 4267 4268
f 4268 4267 4284
f 4268 4284 4285
f 4285 4284 4301
f 4285 4301 4302
f 4302 4301 4318
f 4302 4318 4319
f 4319 4318 4335
f 4319 4335 4336
f 4336 4335 4352
f 4336 4352 4353
f 4353 4352 4369
f 4353 4369 4370
f 4370 4369 4386
f 4370 4386 4387
f 4387 4386 4403
f 4387 4403 4404
f 4404 4403 4420
f 4404 4420 4421
f 4421 4420 4437
f 4421 4437 4438
f 4438 4437 4454
f 4438 4454 4455
f 4455 4454 4471
f 4455 4471 4472
f 4472 4471 4488
f 4472 4488 4489
f 4489 4488 4505
f 4489 4505 4506
f 4506 4505 4522
f 4506 4522 4523
f 4523 4522 4539
f 4523 4539 4540
f 4540 4539 4556
f 4540 4556 4557
f 4557 4556 4573
f 4557 4573 4574
f 4574 4573 4590
f 4574 4590 4591
f 4591 4590 4607
f 4591 4607 4608
f 4608 4607 4624
f 4608 4624 4625
f 4625 4624 4641
f 4625 4641 4642
f 4642 4641 4658
f 4642 4658 4659
f 4659 4658 4675
f 4659 4675 4676
f 4676 4675 4692
f 4676 4692 4693
f 4693 4692 4709
f 4693 4709 4710
f 4710 4709 4726
f 4710 4726 4727
f 4727 4726 4743
f 4727 4743 4744
f 4744 4743 4760
f 4744 4760 4761
f 4761 4760 4777
f 4761 4777 4778
f 4778 4777 4794
f 4778 4794 4795
f 4795 4794 4811
f 4795 4811 4812
f 4812 4811 4828
f 4812 4828 4829
f 4829 4828 4845
f 4829 4845 4846
f 4846 4845 4862
f 4846 4862 4863
f 4863 4862 4879
f 4863 4879 4880
f 4880 4879 4896
f 4880 4896 4897
f 4897 4896 4913
f 4897 4913 4914
f 4914 4913 4930
f 4914 4930 4931
f 4931 4930 4947
f 4931 4947 4948
f 4948 4947 4964
f 4948 4964 4965
f 4965 4964 4981
f 4965 4981 4982
f 4982 4981 4998
f 4982 4998 4999
f 4999 4998 5015
f 4999 5015 5016
f 5016 5015 5032
f 5016 5032 5033
f 5033 5032 5049
f 5033 5049 5050
f 5050 5049 5067
f 5067 5049 5066
f 1703 1704 1722
f 1703 1722 1723
f 1704 1705 1721
f 1704 1721 1722
f 1704 1703 1787
f 1704 1787 1788
f 1788 1787 1804
f 1788 1804 1805
f 1805 1804 1821
f 1805 1821 1822
f 1822 1821 1838
f 1822 1838 1839
f 1839 1838 1855
f 1839 1855 1856
f 1856 1855 1872
f 1856 1872 1873
f 1873 1872 1889
f 1873 1889 1890
f 1890 1889 1906
f 1890 1906 1907
f 1907 1906 1923
f 1907 1923 1924
f 1924 1923 1940
f 1924 1940 1941
f 1941 1940 1957
f 1941 1957 1958
f 1958 1957 1974
f 1958 1974 1975
f 1975 1974 1991
f 1975 1991 1992
f 1992 1991 2008
f 1992 2008 2009
f 2009 2008 2025
f 2009 2025 2026
f 2026 2025 2042
f 2026 2042 2043
f 2043 2042 2059
f 2043 2059 2060
f 2060 2059 2076
f 2060 2076 2077
f 2077 2076 2093
f 2077 2093 2094
f 2094 2093 2110
f 2094 2110 2111
f 2111 2110 2127
f 2111 2127 2128
f 2128 2127 2144
f 2128 2144 2145
f 2145 2144 2161
f 2145 2161 2162
f 2162 2161 2178
f 2162 2178 2179
f 2179 2178 2195
f 2179 2195 2196
f 2196 2195 2212
f 2196 2212 2213
f 2213 2212 2229
f 2213 2229 2230
f 2230 2229 2246
f 2230 2246 2247
f 2247 2246 2263
f 2247 2263 2264
f 2264 2263 2280
f 2264 2280 2281
f 2281 2280 2297
f 2281 2297 2298
f 2298 2297 2314
f 2298 2314 2315
f 2315 2314 2331
f 2315 2331 2332
f 2332 2331 2348
f 2332 2348 2349
f 2349 2348 2365
f 2349 2365 2366
f 2366 2365 2382
f 2366 2382 2383
f 2383 2382 2399
f 2383 2399 2400
f 2400 2399 2416
f 2400 2416 2417
f 2417 2416 2433
f 2417 2433 2434
f 2434 2433 2450
f 2434 2450 2451
f 2451 2450 2467
f 2451 2467 2468
f 2468 2467 2484
f 2468 2484 2485
f 2485 2484 2501
f 2485 2501 2502
f 2502 2501 2518
f 2502 2518 2519
f 2519 2518 2535
f 2519 2535 2536
f 2536 2535 2552
f 2536 2552 2553
f 2553 2552 2569
f 2553 2569 2570
f 2570 2569 2586
f 2570 2586 2587
f 2587 2586 2603
f 2587 2603 2604
f 2604 2603 2620
f 2604 2620 2621
f 2621 2620 2637
f 2621 2637 2638
f 2638 2637 2654
f 2638 2654 2655
f 2655 2654 2671
f 2655 2671 2672
f 2672 2671 2688
f 2672 2688 2689
f 2689 2688 2705
f 2689 2705 2706
f 2706 2705 2722
f 2706 2722 2723
f 2723 2722 2739
f 2723 2739 2740
f 2740 2739 2756
f 2740 2756 2757
f 2757 2756 2773
f 2757 2773 2774
f 2774 2773 2790
f 2774 2790 2791
f 2791 2790 2807
f 2791 2807 2808
f 2808 2807 2824
f 2808 2824 2825
f 2825 2824 2841
f 2825 2841 2842
f 2842 2841 2858
f 2842 2858 2859
f 2859 2858 2875
f 2859 2875 2876
f 2876 2875 2892
f 2876 2892 2893
f 2893 2892 2909
f 2893 2909 2910
f 2910 2909 2926
f 2910 2926 2927
f 2927 2926 2943
f 2927 2943 2944
f 2944 2943 2960
f 2944 2960 2961
f 2961 2960 2977
f 2961 2977 2978
f 2978 2977 2994
f 2978 2994 2995
f 2995 2994 3011
f 2995 3011 3012
f 3012 3011 3028
f 3012 3028 3029
f 3029 3028 3045
f 3029 3045 3046
f 3046 3045 3062
f 3046 3062 3063
f 3063 3062 3079
f 3063 3079 3080
f 3080 3079 3096
f 3080 3096 3097
f 3097 3096 3113
f 3097 3113 3114
f 3114 3113 3130
f 3114 3130 3131
f 3131 3130 3147
f 3131 3147 3148
f 3148 3147 3164
f 3148 3164 3165
f 3165 3164 3181
f 3165 3181 3182
f 3182 3181 3198
f 3182 3198 3199
f 3199 3198 3215
f 3199 3215 3216
f 3216 3215 3232
f 3216 3232 3233
f 3233 3232 3249
f 3233 3249 3250
f 3250 3249 3266
f 3250 3266 3267
f 3267 3266 3283
f 3267 3283 3284
f 3284 3283 3300
f 3284 3300 3301
f 3301 3300 3317
f 3301 3317 3318
f 3318 3317 3334
f 3318 3334 3335
f 3335 3334 3351
f 3335 3351 3352
f 3352 3351 3368
f 3352 3368 3369
f 3369 3368 3385
f 3369 3385 3386
f 3386 3385 3402
f 3386 3402 3403
f 3403 3402 3419
f 3403 3419 3420
f 3420 3419 3436
f 3420 3436 3437
f 3437 3436 3453
f 3437 3453 3454
f 3454 3453 3470
f 3454 3470 3471
f 3471 3470 3487
f 3471 3487 3488
f 3488 3487 3504
f 3488 3504 3505
f 3505 3504 3521
f 3505 3521 3522
f 3522 3521 3538
f 3522 3538 3539
f 3539 3538 3555
f 3539 3555 3556
f 3556 3555 3572
f 3556 3572 3573
f 3573 3572 3589
f 3573 3589 3590
f 3590 3589 3606
f 3590 3606 3607
f 3607 3606 3623
f 3607 3623 3624
f 3624 3623 3640
f 3624 3640 3641
f 3641 3640 3657
f 3641 3657 3658
f 3658 3657 3674
f 3658 3674 3675
f 3675 3674 3691
f 3675 3691 3692
f 3692 3691 3708
f 3692 3708 3709
f 3709 3708 3725
f 3709 3725 3726
f 3726 3725 3742
f 3726 3742 3743
f 3743 3742 3759
f 3743 3759 3760
f 3760 3759 3776
f 3760 3776 3777
f 3777 3776 3793
f 3777 3793 3794
f 3794 3793 3810
f 3794 3810 3811
f 3811 3810 3827
f 3811 3827 3828
f 3828 3827 3844
f 3828 3844 3845
f 3845 3844 3861
f 3845 3861 3862
f 3862 3861 3878
f 3862 3878 3879
f 3879 3878 3895
f 3879 3895 3896
f 3896 3895 3912
f 3896 3912 3913
f 3913 3912 3929
f 3913 3929 3930
f 3930 3929 3946
f 3930 3946 3947
f 3947 3946 3963
f 3947 3963 3964
f 3964 3963 3980
f 3964 3980 3981
f 3981 3980 3997
f 3981 3997 3998
f 3998 3997 4014
f 3998 4014 4015
f 4015 4014 4031
f 4015 4031 4032
f 4032 4031 4048
f 4032 4048 4049
f 4049 4048 4065
f 4049 4065 4066
f 4066 4065 4082
f 4066 4082 4083
f 4083 4082 4099
f 4083 4099 4100
f 4100 4099 4116
f 4100 4116 4117
f 4117 4116 4133
f 4117 4133 4134
f 4134 4133 4150
f 4134 4150 4151
f 4151 4150 4167
f 4151 4167 4168
f 4168 4167 4184
f 4168 4184 4185
f 4185 4184 4201
f 4185 4201 4202
f 4202 4201 4218
f 4202 4218 4219
f 4219 4218 4235
f 4219 4235 4236
f 4236 4235 4252
f 4236 4252 4253
f 4253 4252 4269
f 4253 4269 4270
f 4270 4269 4286
f 4270 4286 4287
f 4287 4286 4303
f 4287 4303 4304
f 4304 4303 4320
f 4304 4320 4321
f 4321 4320 4337
f 4321 4337 4338
f 4338 4337 4354
f 4338 4354 4355
f 4355 4354 4371
f 4355 4371 4372
f 4372 4371 4388
f 4372 4388 4389
f 4389 4388 4405
f 4389 4405 4406
f 4406 4405 4422
f 4406 4422 4423
f 4423 4422 4439
f 4423 4439 4440
f 4440 4439 4456
f 4440 4456 4457
f 4457 4456 4473
f 4457 4473 4474
f 4474 4473 4490
f 4474 4490 4491
f 4491 4490 4507
f 4491 4507 4508
f 4508 4507 4524
f 4508 4524 4525
f 4525 4524 4541
f 4525 4541 4542
f 4542 4541 4558
f 4542 4558 4559
f 4559 4558 4575
f 4559 4575 4576
f 4576 4575 4592
f 4576 4592 4593
f 4593 4592 4609
f 4593 4609 4610
f 4610 4609 4626
f 4610 4626 4627
f 4627 4626 4643
f 4627 4643 4644
f 4644 4643 4660
f 4644 4660 4661
f 4661 4660 4677
f 4661 4677 4678
f 4678 4677 4694
f 4678 4694 4695
f 4695 4694 4711
f 4695 4711 4712
f 4712 4711 4728
f 4712 4728 4729
f 4729 4728 4745
f 4729 4745 4746
f 4746 4745 4762
f 4746 4762 4763
f 4763 4762 4779
f 4763 4779 4780
f 4780 4779 4796
f 4780 4796 4797
f 4797 4796 4813
f 4797 4813 4814
f 4814 4813 4830
f 4814 4830 4831
f 4831 4830 4847
f 4831 4847 4848
f 4848 4847 4864
f 4848 4864 4865
f 4865 4864 4881
f 4865 4881 4882
f 4882 4881 4898
f 4882 4898 4899
f 4899 4898 4915
f 4899 4915 4916
f 4916 4915 4932
f 4916 4932 4933
f 4933 4932 4949
f 4933 4949 4950
f 4950 4949 4966
f 4950 4966 4967
f 4967 4966 4983
f 4967 4983 4984
f 4984 4983 5000
f 4984 5000 5001
f 5001 5000 5017
f 5001 5017 5018
f 5018 5017 5034
f 5018 5034 5035
f 5035 5034 5051
f 5035 5051 5052
f 5052 5051 5069
f 1705 1706 1720
f 1705 1720 1721
f 1705 1704 1788
f 1705 1788 1789
f 1789 1788 1805
f 1789 1805 1806
f 1806 1805 1822
f 1806 1822 1823
f 1823 1822 1839
f 1823 1839 1840
f 1840 1839 1856
f 1840 1856 1857
f 1857 1856 1873
f 1857 1873 1874
f 1874 1873 1890
f 1874 1890 1891
f 1891 1890 1907
f 1891 1907 1908
f 1908 1907 1924
f 1908 1924 1925
f 1925 1924 1941
f 1925 1941 1942
f 1942 1941 1958
f 1942 1958 1959
f 1959 1958 1975
f 1959 1975 1976
f 1976 1975 1992
f 1976 1992 1993
f 1993 1992 2009
f 1993 2009 2010
f 2010 2009 2026
f 2010 2026 2027
f 2027 2026 2043
f 2027 2043 2044
f 2044 2043 2060
f 2044 2060 2061
f 2061 2060 2077
f 2061 2077 2078
f 2078 2077 2094
f 2078 2094 2095
f 2095 2094 2111
f 2095 2111 2112
f 2112 2111 2128
f 2112 2128 2129
f 2129 2128 2145
f 2129 2145 2146
f 2146 2145 2162
f 2146 2162 2163
f 2163 2162 2179
f 2163 2179 2180
f 2180 2179 2196
f 2180 2196 2197
f 2197 2196 2213
f 2197 2213 2214
f 2214 2213 2230
f 2214 2230 2231
f 2231 2230 2247
f 2231 2247 2248
f 2248 2247 2264
f 2248 2264 2265
f 2265 2264 2281
f 2265 2281 2282
f 2282 2281 2298
f 2282 2298 2299
f 2299 2298 2315
f 2299 2315 2316
f 2316 2315 2332
f 2316 2332 2333
f 2333 2332 2349
f 2333 2349 2350
f 2350 2349 2366
f 2350 2366 2367
f 2367 2366 2383
f 2367 2383 2384
f 2384 2383 2400
f 2384 2400 2401
f 2401 2400 2417
f 2401 2417 2418
f 2418 2417 2434
f 2418 2434 2435
f 2435 2434 2451
f 2435 2451 2452
f 2452 2451 2468
f 2452 2468 2469
f 2469 2468 2485
f 2469 2485 2486
f 2486 2485 2502
f 2486 2502 2503
f 2503 2502 2519
f 2503 2519 2520
f 2520 2519 2536
f 2520 2536 2537
f 2537 2536 2553
f 2537 2553 2554
f 2554 2553 2570
f 2554 2570 2571
f 2571 2570 2587
f 2571 2587 2588
f 2588 2587 2604
f 2588 2604 2605
f 2605 2604 2621
f 2605 2621 2622
f 2622 2621 2638
f 2622 2638 2639
f 2639 2638 2655
f 2639 2655 2656
f 2656 2655 2672
f 2656 2672 2673
f 2673 2672 2689
f 2673 2689 2690
f 2690 2689 2706
f 2690 2706 2707
f 2707 2706 2723
f 2707 2723 2724
f 2724 2723 2740
f 2724 2740 2741
f 2741 2740 2757
f 2741 2757 2758
f 2758 2757 2774
f 2758 2774 2775
f 2775 2774 2791
f 2775 2791 2792
f 2792 2791 2808
f 2792 2808 2809
f 2809 2808 2825
f 2809 2825 2826
f 2826 2825 2842
f 2826 2842 2843
f 2843 2842 2859
f 2843 2859 2860
f 2860 2859 2876
f 2860 2876 2877
f 2877 2876 2893
f 2877 2893 2894
f 2894 2893 2910
f 2894 2910 2911
f 2911 2910 2927
f 2911 2927 2928
f 2928 2927 2944
f 2928 2944 2945
f 2945 2944 2961
f 2945 2961 2962
f 2962 2961 2978
f 2962 2978 2979
f 2979 2978 2995
f 2979 2995 2996
f 2996 2995 3012
f 2996 3012 3013
f 3013 3012 3029
f 3013 3029 3030
f 3030 3029 3046
f 3030 3046 3047
f 3047 3046 3063
f 3047 3063 3064
f 3064 3063 3080
f 3064 3080 3081
f 3081 3080 3097
f 3081 3097 3098
f 3098 3097 3114
f 3098 3114 3115
f 3115 3114 3131
f 3115 3131 3132
f 3132 3131 3148
f 3132 3148 3149
f 3149 3148 3165
f 3149 3165 3166
f 3166 3165 3182
f 3166 3182 3183
f 3183 3182 3199
f 3183 3199 3200
f 3200 3199 3216
f 3200 3216 3217
f 3217 3216 3233
f 3217 3233 3234
f 3234 3233 3250
f 3234 3250 3251
f 3251 3250 3267
f 3251 3267 3268
f 3268 3267 3284
f 3268 3284 3285
f 3285 3284 3301
f 3285 3301 3302
f 3302 3301 3318
f 3302 3318 3319
f 3319 3318 3335
f 3319 3335 3336
f 3336 3335 3352
f 3336 3352 3353
f 3353 3352 3369
f 3353 3369 3370
f 3370 3369 3386
f 3370 3386 3387
f 3387 3386 3403
f 3387 3403 3404
f 3404 3403 3420
f 3404 3420 3421
f 3421 3420 3437
f 3421 3437 3438
f 3438 3437 3454
f 3438 3454 3455
f 3455 3454 3471
f 3455 3471 3472
f 3472 3471 3488
f 3472 3488 3489
f 3489 3488 3505
f 3489 3505 3506
f 3506 3505 3522
f 3506 3522 3523
f 3523 3522 3539
f 3523 3539 3540
f 3540 3539 3556
f 3540 3556 3557
f 3557 3556 3573
f 3557 3573 3574
f 3574 3573 3590
f 3574 3590 3591
f 3591 3590 3607
f 3591 3607 3608
f 3608 3607 3624
f 3608 3624 3625
f 3625 3624 3641
f 3625 3641 3642
f 3642 3641 3658
f 3642 3658 3659
f 3659 3658 3675
f 3659 3675 3676
f 3676 3675 3692
f 3676 3692 3693
f 3693 3692 3709
f 3693 3709 3710
f 3710 3709 3726
f 3710 3726 3727
f 3727 3726 3743
f 3727 3743 3744
f 3744 3743 3760
f 3744 3760 3761
f 3761 3760 3777
f 3761 3777 3778
f 3778 3777 3794
f 3778 3794 3795
f 3795 3794 3811
f 3795 3811 3812
f 3812 3811 3828
f 3812 3828 3829
f 3829 3828 3845
f 3829 3845 3846
f 3846 3845 3862
f 3846 3862 3863
f 3863 3862 3879
f 3863 3879 3880
f 3880 3879 3896
f 3880 3896 3897
f 3897 3896 3913
f 3897 3913 3914
f 3914 3913 3930
f 3914 3930 3931
f 3931 3930 3947
f 3931 3947 3948
f 3948 3947 3964
f 3948 3964 3965
f 3965 3964 3981
f 3965 3981 3982
f 3982 3981 3998
f 3982 3998 3999
f 3999 3998 4015
f 3999 4015 4016
f 4016 4015 4032
f 4016 4032 4033
f 4033 4032 4049
f 4033 4049 4050
f 4050 4049 4066
f 4050 4066 4067
f 4067 4066 4083
f 4067 4083 4084
f 4084 4083 4100
f 4084 4100 4101
f 4101 4100 4117
f 4101 4117 4118
f 4118 4117 4134
f 4118 4134 4135
f 4135 4134 4151
f 4135 4151 4152
f 4152 4151 4168
f 4152 4168 4169
f 4169 4168 4185
f 4169 4185 4186
f 4186 4185 4202
f 4186 4202 4203
f 4203 4202 4219
f 4203 4219 4220
f 4220 4219 4236
f 4220 4236 4237
f 4237 4236 4253
f 4237 4253 4254
f 4254 4253 4270
f 4254 4270 4271
f 4271 4270 4287
f 4271 4287 4288
f 4288 4287 4304
f 4288 4304 4305
f 4305 4304 4321
f 4305 4321 4322
f 4322 4321 4338
f 4322 4338 4339
f 4339 4338 4355
f 4339 4355 4356
f 4356 4355 4372
f 4356 4372 4373
f 4373 4372 4389
f 4373 4389 4390
f 4390 4389 4406
f 4390 4406 4407
f 4407 4406 4423
f 4407 4423 4424
f 4424 4423 4440
f 4424 4440 4441
f 4441 4440 4457
f 4441 4457 4458
f 4458 4457 4474
f 4458 4474 4475
f 4475 4474 4491
f 4475 4491 4492
f 4492 4491 4508
f 4492 4508 4509
f 4509 4508 4525
f 4509 4525 4526
f 4526 4525 4542
f 4526 4542 4543
f 4543 4542 4559
f 4543 4559 4560
f 4560 4559 4576
f 4560 4576 4577
f 4577 4576 4593
f 4577 4593 4594
f 4594 4593 4610
f 4594 4610 4611
f 4611 4610 4627
f 4611 4627 4628
f 4628 4627 4644
f 4628 4644 4645
f 4645 4644 4661
f 4645 4661 4662
f 4662 4661 4678
f 4662 4678 4679
f 4679 4678 4695
f 4679 4695 4696
f 4696 4695 4712
f 4696 4712 4713
f 4713 4712 4729
f 4713 4729 4730
f 4730 4729 4746
f 4730 4746 4747
f 4747 4746 4763
f 4747 4763 4764
f 4764 4763 4780
f 4764 4780 4781
f 4781 4780 4797
f 4781 4797 4798
f 4798 4797 4814
f 4798 4814 4815
f 4815 4814 4831
f 4815 4831 4832
f 4832 4831 4848
f 4832 4848 4849
f 4849 4848 4865
f 4849 4865 4866
f 4866 4865 4882
f 4866 4882 4883
f 4883 4882 4899
f 4883 4899 4900
f 4900 4899 4916
f 4900 4916 4917
f 4917 4916 4933
f 4917 4933 4934
f 4934 4933 4950
f 4934 4950 4951
f 4951 4950 4967
f 4951 4967 4968
f 4968 4967 4984
f 4968 4984 4985
f 4985 4984 5001
f 4985 5001 5002
f 5002 5001 5018
f 5002 5018 5019
f 5019 5018 5035
f 5019 5035 5036
f 5036 5035 5052
f 5036 5052 5053
f 5053 5052 5070
f 5070 5052 5069
f 1706 1707 1719
f 1706 1719 1720
f 1706 1705 1789
f 1706 1789 1790
f 1790 1789 1806
f 1790 1806 1807
f 1807 1806 1823
f 1807 1823 1824
f 1824 1823 1840
f 1824 1840 1841
f 1841 1840 1857
f 1841 1857 1858
f 1858 1857 1874
f 1858 1874 1875
f 1875 1874 1891
f 1875 1891 1892
f 1892 1891 1908
f 1892 1908 1909
f 1909 1908 1925
f 1909 1925 1926
f 1926 1925 1942
f 1926 1942 1943
f 1943 1942 1959
f 1943 1959 1960
f 1960 1959 1976
f 1960 1976 1977
f 1977 1976 1993
f 1977 1993 1994
f 1994 1993 2010
f 1994 2010 2011
f 2011 2010 2027
f 2011 2027 2028
f 2028 2027 2044
f 2028 2044 2045
f 2045 2044 2061
f 2045 2061 2062
f 2062 2061 2078
f 2062 2078 2079
f 2079 2078 2095
f 2079 2095 2096
f 2096 2095 2112
f 2096 2112 2113
f 2113 2112 2129
f 2113 2129 2130
f 2130 2129 2146
f 2130 2146 2147
f 2147 2146 2163
f 2147 2163 2164
f 2164 2163 2180
f 2164 2180 2181
f 2181 2180 2197
f 2181 2197 2198
f 2198 2197 2214
f 2198 2214 2215
f 2215 2214 2231
f 2215 2231 2232
f 2232 2231 2248
f 2232 2248 2249
f 2249 2248 2265
f 2249 2265 2266
f 2266 2265 2282
f 2266 2282 2283
f 2283 2282 2299
f 2283 2299 2300
f 2300 2299 2316
f 2300 2316 2317
f 2317 2316 2333
f 2317 2333 2334
f 2334 2333 2350
f 2334 2350 2351
f 2351 2350 2367
f 2351 2367 2368
f 2368 2367 2384
f 2368 2384 2385
f 2385 2384 2401
f 2385 2401 2402
f 2402 2401 2418
f 2402 2418 2419
f 2419 2418 2435
f 2419 2435 2436
f 2436 2435 2452
f 2436 2452 2453
f 2453 2452 2469
f 2453 2469 2470
f 2470 2469 2486
f 2470 2486 2487
f 2487 2486 2503
f 2487 2503 2504
f 2504 2503 2520
f 2504 2520 2521
f 2521 2520 2537
f 2521 2537 2538
f 2538 2537 2554
f 2538 2554 2555
f 2555 2554 2571
f 2555 2571 2572
f 2572 2571 2588
f 2572 2588 2589
f 2589 2588 2605
f 2589 2605 2606
f 2606 2605 2622
f 2606 2622 2623
f 2623 2622 2639
f 2623 2639 2640
f 2640 2639 2656
f 2640 2656 2657
f 2657 2656 2673
f 2657 2673 2674
f 2674 2673 2690
f 2674 2690 2691
f 2691 2690 2707
f 2691 2707 2708
f 2708 2707 2724
f 2708 2724 2725
f 2725 2724 2741
f 2725 2741 2742
f 2742 2741 2758
f 2742 2758 2759
f 2759 2758 2775
f 2759 2775 2776
f 2776 2775 2792
f 2776 2792 2793
f 2793 2792 2809
f 2793 2809 2810
f 2810 2809 2826
f 2810 2826 2827
f 2827 2826 2843
f 2827 2843 2844
f 2844 2843 2860
f 2844 2860 2861
f 2861 2860 2877
f 2861 2877 2878
f 2878 2877 2894
f 2878 2894 2895
f 2895 2894 2911
f 2895 2911 2912
f 2912 2911 2928
f 2912 2928 2929
f 2929 2928 2945
f 2929 2945 2946
f 2946 2945 2962
f 2946 2962 2963
f 2963 2962 2979
f 2963 2979 2980
f 2980 2979 2996
f 2980 2996 2997
f 2997 2996 3013
f 2997 3013 3014
f 3014 3013 3030
f 3014 3030 3031
f 3031 3030 3047
f 3031 3047 3048
f 3048 3047 3064
f 3048 3064 3065
f 3065 3064 3081
f 3065 3081 3082
f 3082 3081 3098
f 3082 3098 3099
f 3099 3098 3115
f 3099 3115 3116
f 3116 3115 3132
f 3116 3132 3133
f 3133 3132 3149
f 3133 3149 3150
f 3150 3149 3166
f 3150 3166 3167
f 3167 3166 3183
f 3167 3183 3184
f 3184 3183 3200
f 3184 3200 3201
f 3201 3200 3217
f 3201 3217 3218
f 3218 3217 3234
f 3218 3234 3235
f 3235 3234 3251
f 3235 3251 3252
f 3252 3251 3268
f 3252 3268 3269
f 3269 3268 3285
f 3269 3285 3286
f 3286 3285 3302
f 3286 3302 3303
f 3303 3302 3319
f 3303 3319 3320
f 3320 3319 3336
f 3320 3336 3337
f 3337 3336 3353
f 3337 3353 3354
f 3354 3353 3370
f 3354 3370 3371
f 3371 3370 3387
f 3371 3387 3388
f 3388 3387 3404
f 3388 3404 3405
f 3405 3404 3421
f 3405 3421 3422
f 3422 3421 3438
f 3422 3438 3439
f 3439 3438 3455
f 3439 3455 3456
f 3456 3455 3472
f 3456 3472 3473
f 3473 3472 3489
f 3473 3489 3490
f 3490 3489 3506
f 3490 3506 3507
f 3507 3506 3523
f 3507 3523 3524
f 3524 3523 3540
f 3524 3540 3541
f 3541 3540 3557
f 3541 3557 3558
f 3558 3557 3574
f 3558 3574 3575
f 3575 3574 3591
f 3575 3591 3592
f 3592 3591 3608
f 3592 3608 3609
f 3609 3608 3625
f 3609 3625 3626
f 3626 3625 3642
f 3626 3642 3643
f 3643 3642 3659
f 3643 3659 3660
f 3660 3659 3676
f 3660 3676 3677
f 3677 3676 3693
f 3677 3693 3694
f 3694 3693 3710
f 3694 3710 3711
f 3711 3710 3727
f 3711 3727 3728
f 3728 3727 3744
f 3728 3744 3745
f 3745 3744 3761
f 3745 3761 3762
f 3762 3761 3778
f 3762 3778 3779
f 3779 3778 3795
f 3779 3795 3796
f 3796 3795 3812
f 3796 3812 3813
f 3813 3812 3829
f 3813 3829 3830
f 3830 3829 3846
f 3830 3846 3847
f 3847 3846 3863
f 3847 3863 3864
f 3864 3863 3880
f 3864 3880 3881
f 3881 3880 3897
f 3881 3897 3898
f 3898 3897 3914
f 3898 3914 3915
f 3915 3914 3931
f 3915 3931 3932
f 3932 3931 3948
f 3932 3948 3949
f 3949 3948 3965
f 3949 3965 3966
f 3966 3965 3982
f 3966 3982 3983
f 3983 3982 3999
f 3983 3999 4000
f 4000 3999 4016
f 4000 4016 4017
f 4017 4016 4033
f 4017 4033 4034
f 4034 4033 4050
f 4034 4050 4051
f 4051 4050 4067
f 4051 4067 4068
f 4068 4067 4084
f 4068 4084 4085
f 4085 4084 4101
f 4085 4101 4102
f 4102 4101 4118
f 4102 4118 4119
f 4119 4118 4135
f 4119 4135 4136
f 4136 4135 4152
f 4136 4152 4153
f 4153 4152 4169
f 4153 4169 4170
f 4170 4169 4186
f 4170 4186 4187
f 4187 4186 4203
f 4187 4203 4204
f 4204 4203 4220
f 4204 4220 4221
f 4221 4220 4237
f 4221 4237 4238
f 4238 4237 4254
f 4238 4254 4255
f 4255 4254 4271
f 4255 4271 4272
f 4272 4271 4288
f 4272 4288 4289
f 4289 4288 4305
f 4289 4305 4306
f 4306 4305 4322
f 4306 4322 4323
f 4323 4322 4339
f 4323 4339 4340
f 4340 4339 4356
f 4340 4356 4357
f 4357 4356 4373
f 4357 4373 4374
f 4374 4373 4390
f 4374 4390 4391
f 4391 4390 4407
f 4391 4407 4408
f 4408 4407 4424
f 4408 4424 4425
f 4425 4424 4441
f 4425 4441 4442
f 4442 4441 4458
f 4442 4458 4459
f 4459 4458 4475
f 4459 4475 4476
f 4476 4475 4492
f 4476 4492 4493
f 4493 4492 4509
f 4493 4509 4510
f 4510 4509 4526
f 4510 4526 4527
f 4527 4526 4543
f 4527 4543 4544
f 4544 4543 4560
f 4544 4560 4561
f 4561 4560 4577
f 4561 4577 4578
f 4578 4577 4594
f 4578 4594 4595
f 4595 4594 4611
f 4595 4611 4612
f 4612 4611 4628
f 4612 4628 4629
f 4629 4628 4645
f 4629 4645 4646
f 4646 4645 4662
f 4646 4662 4663
f 4663 4662 4679
f 4663 4679 4680
f 4680 4679 4696
f 4680 4696 4697
f 4697 4696 4713
f 4697 4713 4714
f 4714 4713 4730
f 4714 4730 4731
f 4731 4730 4747
f 4731 4747 4748
f 4748 4747 4764
f 4748 4764 4765
f 4765 4764 4781
f 4765 4781 4782
f 4782 4781 4798
f 4782 4798 4799
f 4799 4798 4815
f 4799 4815 4816
f 4816 4815 4832
f 4816 4832 4833
f 4833 4832 4849
f 4833 4849 4850
f 4850 4849 4866
f 4850 4866 4867
f 4867 4866 4883
f 4867 4883 4884
f 4884 4883 4900
f 4884 4900 4901
f 4901 4900 4917
f 4901 4917 4918
f 4918 4917 4934
f 4918 4934 4935
f 4935 4934 4951
f 4935 4951 4952
f 4952 4951 4968
f 4952 4968 4969
f 4969 4968 4985
f 4969 4985 4986
f 4986 4985 5002
f 4986 5002 5003
f 5003 5002 5019
f 5003 5019 5020
f 5020 5019 5036
f 5020 5036 5037
f 5037 5036 5053
f 5037 5053 5054
f 5054 5053 5070
f 5054 5070 5071
f 1707 1708 1718
f 1707 1718 1719
f 1707 1706 1790
f 1707 1790 1791
f 1791 1790 1807
f 1791 1807 1808
f 1808 1807 1824
f 1808 1824 1825
f 1825 1824 1841
f 1825 1841 1842
f 1842 1841 1858
f 1842 1858 1859
f 1859 1858 1875
f 1859 1875 1876
f 1876 1875 1892
f 1876 1892 1893
f 1893 1892 1909
f 1893 1909 1910
f 1910 1909 1926
f 1910 1926 1927
f 1927 1926 1943
f 1927 1943 1944
f 1944 1943 1960
f 1944 1960 1961
f 1961 1960 1977
f 1961 1977 1978
f 1978 1977 1994
f 1978 1994 1995
f 1995 1994 2011
f 1995 2011 2012
f 2012 2011 2028
f 2012 2028 2029
f 2029 2028 2045
f 2029 2045 2046
f 2046 2045 2062
f 2046 2062 2063
f 2063 2062 2079
f 2063 2079 2080
f 2080 2079 2096
f 2080 2096 2097
f 2097 2096 2113
f 2097 2113 2114
f 2114 2113 2130
f 2114 2130 2131
f 2131 2130 2147
f 2131 2147 2148
f 2148 2147 2164
f 2148 2164 2165
f 2165 2164 2181
f 2165 2181 2182
f 2182 2181 2198
f 2182 2198 2199
f 2199 2198 2215
f 2199 2215 2216
f 2216 2215 2232
f 2216 2232 2233
f 2233 2232 2249
f 2233 2249 2250
f 2250 2249 2266
f 2250 2266 2267
f 2267 2266 2283
f 2267 2283 2284
f 2284 2283 2300
f 2284 2300 2301
f 2301 2300 2317
f 2301 2317 2318
f 2318 2317 2334
f 2318 2334 2335
f 2335 2334 2351
f 2335 2351 2352
f 2352 2351 2368
f 2352 2368 2369
f 2369 2368 2385
f 2369 2385 2386
f 2386 2385 2402
f 2386 2402 2403
f 2403 2402 2419
f 2403 2419 2420
f 2420 2419 2436
f 2420 2436 2437
f 2437 2436 2453
f 2437 2453 2454
f 2454 2453 2470
f 2454 2470 2471
f 2471 2470 2487
f 2471 2487 2488
f 2488 2487 2504
f 2488 2504 2505
f 2505 2504 2521
f 2505 2521 2522
f 2522 2521 2538
f 2522 2538 2539
f 2539 2538 2555
f 2539 2555 2556
f 2556 2555 2572
f 2556 2572 2573
f 2573 2572 2589
f 2573 2589 2590
f 2590 2589 2606
f 2590 2606 2607
f 2607 2606 2623
f 2607 2623 2624
f 2624 2623 2640
f 2624 2640 2641
f 2641 2640 2657
f 2641 2657 2658
f 2658 2657 2674
f 2658 2674 2675
f 2675 2674 2691
f 2675 2691 2692
f 2692 2691 2708
f 2692 2708 2709
f 2709 2708 2725
f 2709 2725 2726
f 2726 2725 2742
f 2726 2742 2743
f 2743 2742 2759
f 2743 2759 2760
f 2760 2759 2776
f 2760 2776 2777
f 2777 2776 2793
f 2777 2793 2794
f 2794 2793 2810
f 2794 2810 2811
f 2811 2810 2827
f 2811 2827 2828
f 2828 2827 2844
f 2828 2844 2845
f 2845 2844 2861
f 2845 2861 2862
f 2862 2861 2878
f 2862 2878 2879
f 2879 2878 2895
f 2879 2895 2896
f 2896 2895 2912
f 2896 2912 2913
f 2913 2912 2929
f 2913 2929 2930
f 2930 2929 2946
f 2930 2946 2947
f 2947 2946 2963
f 2947 2963 2964
f 2964 2963 2980
f 2964 2980 2981
f 2981 2980 2997
f 2981 2997 2998
f 2998 2997 3014
f 2998 3014 3015
f 3015 3014 3031
f 3015 3031 3032
f 3032 3031 3048
f 3032 3048 3049
f 3049 3048 3065
f 3049 3065 3066
f 3066 3065 3082
f 3066 3082 3083
f 3083 3082 3099
f 3083 3099 3100
f 3100 3099 3116
f 3100 3116 3117
f 3117 3116 3133
f 3117 3133 3134
f 3134 3133 3150
f 3134 3150 3151
f 3151 3150 3167
f 3151 3167 3168
f 3168 3167 3184
f 3168 3184 3185
f 3185 3184 3201
f 3185 3201 3202
f 3202 3201 3218
f 3202 3218 3219
f 3219 3218 3235
f 3219 3235 3236
f 3236 3235 3252
f 3236 3252 3253
f 3253 3252 3269
f 3253 3269 3270
f 3270 3269 3286
f 3270 3286 3287
f 3287 3286 3303
f 3287 3303 3304
f 3304 3303 3320
f 3304 3320 3321
f 3321 3320 3337
f 3321 3337 3338
f 3338 3337 3354
f 3338 3354 3355
f 3355 3354 3371
f 3355 3371 3372
f 3372 3371 3388
f 3372 3388 3389
f 3389 3388 3405
f 3389 3405 3406
f 3406 3405 3422
f 3406 3422 3423
f 3423 3422 3439
f 3423 3439 3440
f 3440 3439 3456
f 3440 3456 3457
f 3457 3456 3473
f 3457 3473 3474
f 3474 3473 3490
f 3474 3490 3491
f 3491 3490 3507
f 3491 3507 3508
f 3508 3507 3524
f 3508 3524 3525
f 3525 3524 3541
f 3525 3541 3542
f 3542 3541 3558
f 3542 3558 3559
f 3559 3558 3575
f 3559 3575 3576
f 3576 3575 3592
f 3576 3592 3593
f 3593 3592 3609
f 3593 3609 3610
f 3610 3609 3626
f 3610 3626 3627
f 3627 3626 3643
f 3627 3643 3644
f 3644 3643 3660
f 3644 3660 3661
f 3661 3660 3677
f 3661 3677 3678
f 3678 3677 3694
f 3678 3694 3695
f 3695 3694 3711
f 3695 3711 3712
f 3712 3711 3728
f 3712 3728 3729
f 3729 3728 3745
f 3729 3745 3746
f 3746 3745 3762
f 3746 3762 3763
f 3763 3762 3779
f 3763 3779 3780
f 3780 3779 3796
f 3780 3796 3797
f 3797 3796 3813
f 3797 3813 3814
f 3814 3813 3830
f 3814 3830 3831
f 3831 3830 3847
f 3831 3847 3848
f 3848 3847 3864
f 3848 3864 3865
f 3865 3864 3881
f 3865 3881 3882
f 3882 3881 3898
f 3882 3898 3899
f 3899 3898 3915
f 3899 3915 3916
f 3916 3915 3932
f 3916 3932 3933
f 3933 3932 3949
f 3933 3949 3950
f 3950 3949 3966
f 3950 3966 3967
f 3967 3966 3983
f 3967 3983 3984
f 3984 3983 4000
f 3984 4000 4001
f 4001 4000 4017
f 4001 4017 4018
f 4018 4017 4034
f 4018 4034 4035
f 4035 4034 4051
f 4035 4051 4052
f 4052 4051 4068
f 4052 4068 4069
f 4069 4068 4085
f 4069 4085 4086
f 4086 4085 4102
f 4086 4102 4103
f 4103 4102 4119
f 4103 4119 4120
f 4120 4119 4136
f 4120 4136 4137
f 4137 4136 4153
f 4137 4153 4154
f 4154 4153 4170
f 4154 4170 4171
f 4171 4170 4187
f 4171 4187 4188
f 4188 4187 4204
f 4188 4204 4205
f 4205 4204 4221
f 4205 4221 4222
f 4222 4221 4238
f 4222 4238 4239
f 4239 4238 4255
f 4239 4255 4256
f 4256 4255 4272
f 4256 4272 4273
f 4273 4272 4289
f 4273 4289 4290
f 4290 4289 4306
f 4290 4306 4307
f 4307 4306 4323
f 4307 4323 4324
f 4324 4323 4340
f 4324 4340 4341
f 4341 4340 4357
f 4341 4357 4358
f 4358 4357 4374
f 4358 4374 4375
f 4375 4374 4391
f 4375 4391 4392
f 4392 4391 4408
f 4392 4408 4409
f 4409 4408 4425
f 4409 4425 4426
f 4426 4425 4442
f 4426 4442 4443
f 4443 4442 4459
f 4443 4459 4460
f 4460 4459 4476
f 4460 4476 4477
f 4477 4476 4493
f 4477 4493 4494
f 4494 4493 4510
f 4494 4510 4511
f 4511 4510 4527
f 4511 4527 4528
f 4528 4527 4544
f 4528 4544 4545
f 4545 4544 4561
f 4545 4561 4562
f 4562 4561 4578
f 4562 4578 4579
f 4579 4578 4595
f 4579 4595 4596
f 4596 4595 4612
f 4596 4612 4613
f 4613 4612 4629
f 4613 4629 4630
f 4630 4629 4646
f 4630 4646 4647
f 4647 4646 4663
f 4647 4663 4664
f 4664 4663 4680
f 4664 4680 4681
f 4681 4680 4697
f 4681 4697 4698
f 4698 4697 4714
f 4698 4714 4715
f 4715 4714 4731
f 4715 4731 4732
f 4732 4731 4748
f 4732 4748 4749
f 4749 4748 4765
f 4749 4765 4766
f 4766 4765 4782
f 4766 4782 4783
f 4783 4782 4799
f 4783 4799 4800
f 4800 4799 4816
f 4800 4816 4817
f 4817 4816 4833
f 4817 4833 4834
f 4834 4833 4850
f 4834 4850 4851
f 4851 4850 4867
f 4851 4867 4868
f 4868 4867 4884
f 4868 4884 4885
f 4885 4884 4901
f 4885 4901 4902
f 4902 4901 4918
f 4902 4918 4919
f 4919 4918 4935
f 4919 4935 4936
f 4936 4935 4952
f 4936 4952 4953
f 4953 4952 4969
f 4953 4969 4970
f 4970 4969 4986
f 4970 4986 4987
f 4987 4986 5003
f 4987 5003 5004
f 5004 5003 5020
f 5004 5020 5021
f 5021 5020 5037
f 5021 5037 5038
f 5038 5037 5054
f 5038 5054 5055
f 5055 5054 5071
f 5055 5071 5072
f 1708 1709 1717
f 1708 1717 1718
f 1708 1707 1791
f 1708 1791 1792
f 1792 1791 1808
f 1792 1808 1809
f 1809 1808 1825
f 1809 1825 1826
f 1826 1825 1842
f 1826 1842 1843
f 1843 1842 1859
f 1843 1859 1860
f 1860 1859 1876
f 1860 1876 1877
f 1877 1876 1893
f 1877 1893 1894
f 1894 1893 1910
f 1894 1910 1911
f 1911 1910 1927
f 1911 1927 1928
f 1928 1927 1944
f 1928 1944 1945
f 1945 1944 1961
f 1945 1961 1962
f 1962 1961 1978
f 1962 1978 1979
f 1979 1978 1995
f 1979 1995 1996
f 1996 1995 2012
f 1996 2012 2013
f 2013 2012 2029
f 2013 2029 2030
f 2030 2029 2046
f 2030 2046 2047
f 2047 2046 2063
f 2047 2063 2064
f 2064 2063 2080
f 2064 2080 2081
f 2081 2080 2097
f 2081 2097 2098
f 2098 2097 2114
f 2098 2114 2115
f 2115 2114 2131
f 2115 2131 2132
f 2132 2131 2148
f 2132 2148 2149
f 2149 2148 2165
f 2149 2165 2166
f 2166 2165 2182
f 2166 2182 2183
f 2183 2182 2199
f 2183 2199 2200
f 2200 2199 2216
f 2200 2216 2217
f 2217 2216 2233
f 2217 2233 2234
f 2234 2233 2250
f 2234 2250 2251
f 2251 2250 2267
f 2251 2267 2268
f 2268 2267 2284
f 2268 2284 2285
f 2285 2284 2301
f 2285 2301 2302
f 2302 2301 2318
f 2302 2318 2319
f 2319 2318 2335
f 2319 2335 2336
f 2336 2335 2352
f 2336 2352 2353
f 2353 2352 2369
f 2353 2369 2370
f 2370 2369 2386
f 2370 2386 2387
f 2387 2386 2403
f 2387 2403 2404
f 2404 2403 2420
f 2404 2420 2421
f 2421 2420 2437
f 2421 2437 2438
f 2438 2437 2454
f 2438 2454 2455
f 2455 2454 2471
f 2455 2471 2472
f 2472 2471 2488
f 2472 2488 2489
f 2489 2488 2505
f 2489 2505 2506
f 2506 2505 2522
f 2506 2522 2523
f 2523 2522 2539
f 2523 2539 2540
f 2540 2539 2556
f 2540 2556 2557
f 2557 2556 2573
f 2557 2573 2574
f 2574 2573 2590
f 2574 2590 2591
f 2591 2590 2607
f 2591 2607 2608
f 2608 2607 2624
f 2608 2624 2625
f 2625 2624 2641
f 2625 2641 2642
f 2642 2641 2658
f 2642 2658 2659
f 2659 2658 2675
f 2659 2675 2676
f 2676 2675 2692
f 2676 2692 2693
f 2693 2692 2709
f 2693 2709 2710
f 2710 2709 2726
f 2710 2726 2727
f 2727 2726 2743
f 2727 2743 2744
f 2744 2743 2760
f 2744 2760 2761
f 2761 2760 2777
f 2761 2777 2778
f 2778 2777 2794
f 2778 2794 2795
f 2795 2794 2811
f 2795 2811 2812
f 2812 2811 2828
f 2812 2828 2829
f 2829 2828 2845
f 2829 2845 2846
f 2846 2845 2862
f 2846 2862 2863
f 2863 2862 2879
f 2863 2879 2880
f 2880 2879 2896
f 2880 2896 2897
f 2897 2896 2913
f 2897 2913 2914
f 2914 2913 2930
f 2914 2930 2931
f 2931 2930 2947
f 2931 2947 2948
f 2948 2947 2964
f 2948 2964 2965
f 2965 2964 2981
f 2965 2981 2982
f 2982 2981 2998
f 2982 2998 2999
f 2999 2998 3015
f 2999 3015 3016
f 3016 3015 3032
f 3016 3032 3033
f 3033 3032 3049
f 3033 3049 3050
f 3050 3049 3066
f 3050 3066 3067
f 3067 3066 3083
f 3067 3083 3084
f 3084 3083 3100
f 3084 3100 3101
f 3101 3100 3117
f 3101 3117 3118
f 3118 3117 3134
f 3118 3134 3135
f 3135 3134 3151
f 3135 3151 3152
f 3152 3151 3168
f 3152 3168 3169
f 3169 3168 3185
f 3169 3185 3186
f 3186 3185 3202
f 3186 3202 3203
f 3203 3202 3219
f 3203 3219 3220
f 3220 3219 3236
f 3220 3236 3237
f 3237 3236 3253
f 3237 3253 3254
f 3254 3253 3270
f 3254 3270 3271
f 3271 3270 3287
f 3271 3287 3288
f 3288 3287 3304
f 3288 3304 3305
f 3305 3304 3321
f 3305 3321 3322
f 3322 3321 3338
f 3322 3338 3339
f 3339 3338 3355
f 3339 3355 3356
f 3356 3355 3372
f 3356 3372 3373
f 3373 3372 3389
f 3373 3389 3390
f 3390 3389 3406
f 3390 3406 3407
f 3407 3406 3423
f 3407 3423 3424
f 3424 3423 3440
f 3424 3440 3441
f 3441 3440 3457
f 3441 3457 3458
f 3458 3457 3474
f 3458 3474 3475
f 3475 3474 3491
f 3475 3491 3492
f 3492 3491 3508
f 3492 3508 3509
f 3509 3508 3525
f 3509 3525 3526
f 3526 3525 3542
f 3526 3542 3543
f 3543 3542 3559
f 3543 3559 3560
f 3560 3559 3576
f 3560 3576 3577
f 3577 3576 3593
f 3577 3593 3594
f 3594 3593 3610
f 3594 3610 3611
f 3611 3610 3627
f 3611 3627 3628
f 3628 3627 3644
f 3628 3644 3645
f 3645 3644 3661
f 3645 3661 3662
f 3662 3661 3678
f 3662 3678 3679
f 3679 3678 3695
f 3679 3695 3696
f 3696 3695 3712
f 3696 3712 3713
f 3713 3712 3729
f 3713 3729 3730
f 3730 3729 3746
f 3730 3746 3747
f 3747 3746 3763
f 3747 3763 3764
f 3764 3763 3780
f 3764 3780 3781
f 3781 3780 3797
f 3781 3797 3798
f 3798 3797 3814
f 3798 3814 3815
f 3815 3814 3831
f 3815 3831 3832
f 3832 3831 3848
f 3832 3848 3849
f 3849 3848 3865
f 3849 3865 3866
f 3866 3865 3882
f 3866 3882 3883
f 3883 3882 3899
f 3883 3899 3900
f 3900 3899 3916
f 3900 3916 3917
f 3917 3916 3933
f 3917 3933 3934
f 3934 3933 3950
f 3934 3950 3951
f 3951 3950 3967
f 3951 3967 3968
f 3968 3967 3984
f 3968 3984 3985
f 3985 3984 4001
f 3985 4001 4002
f 4002 4001 4018
f 4002 4018 4019
f 4019 4018 4035
f 4019 4035 4036
f 4036 4035 4052
f 4036 4052 4053
f 4053 4052 4069
f 4053 4069 4070
f 4070 4069 4086
f 4070 4086 4087
f 4087 4086 4103
f 4087 4103 4104
f 4104 4103 4120
f 4104 4120 4121
f 4121 4120 4137
f 4121 4137 4138
f 4138 4137 4154
f 4138 4154 4155
f 4155 4154 4171
f 4155 4171 4172
f 4172 4171 4188
f 4172 4188 4189
f 4189 4188 4205
f 4189 4205 4206
f 4206 4205 4222
f 4206 4222 4223
f 4223 4222 4239
f 4223 4239 4240
f 4240 4239 4256
f 4240 4256 4257
f 4257 4256 4273
f 4257 4273 4274
f 4274 4273 4290
f 4274 4290 4291
f 4291 4290 4307
f 4291 4307 4308
f 4308 4307 4324
f 4308 4324 4325
f 4325 4324 4341
f 4325 4341 4342
f 4342 4341 4358
f 4342 4358 4359
f 4359 4358 4375
f 4359 4375 4376
f 4376 4375 4392
f 4376 4392 4393
f 4393 4392 4409
f 4393 4409 4410
f 4410 4409 4426
f 4410 4426 4427
f 4427 4426 4443
f 4427 4443 4444
f 4444 4443 4460
f 4444 4460 4461
f 4461 4460 4477
f 4461 4477 4478
f 4478 4477 4494
f 4478 4494 4495
f 4495 4494 4511
f 4495 4511 4512
f 4512 4511 4528
f 4512 4528 4529
f 4529 4528 4545
f 4529 4545 4546
f 4546 4545 4562
f 4546 4562 4563
f 4563 4562 4579
f 4563 4579 4580
f 4580 4579 4596
f 4580 4596 4597
f 4597 4596 4613
f 4597 4613 4614
f 4614 4613 4630
f 4614 4630 4631
f 4631 4630 4647
f 4631 4647 4648
f 4648 4647 4664
f 4648 4664 4665
f 4665 4664 4681
f 4665 4681 4682
f 4682 4681 4698
f 4682 4698 4699
f 4699 4698 4715
f 4699 4715 4716
f 4716 4715 4732
f 4716 4732 4733
f 4733 4732 4749
f 4733 4749 4750
f 4750 4749 4766
f 4750 4766 4767
f 4767 4766 4783
f 4767 4783 4784
f 4784 4783 4800
f 4784 4800 4801
f 4801 4800 4817
f 4801 4817 4818
f 4818 4817 4834
f 4818 4834 4835
f 4835 4834 4851
f 4835 4851 4852
f 4852 4851 4868
f 4852 4868 4869
f 4869 4868 4885
f 4869 4885 4886
f 4886 4885 4902
f 4886 4902 4903
f 4903 4902 4919
f 4903 4919 4920
f 4920 4919 4936
f 4920 4936 4937
f 4937 4936 4953
f 4937 4953 4954
f 4954 4953 4970
f 4954 4970 4971
f 4971 4970 4987
f 4971 4987 4988
f 4988 4987 5004
f 4988 5004 5005
f 5005 5004 5021
f 5005 5021 5022
f 5022 5021 5038
f 5022 5038 5039
f 5039 5038 5055
f 5039 5055 5056
f 5056 5055 5072
f 5056 5072 5073
f 1716 1717 1710
f 1710 1717 1709
f 1710 1709 1793
f 1710 1793 1794
f 1794 1793 1810
f 1794 1810 1811
f 1811 1810 1827
f 1811 1827 1828
f 1828 1827 1844
f 1828 1844 1845
f 1845 1844 1861
f 1845 1861 1862
f 1862 1861 1878
f 1862 1878 1879
f 1879 1878 1895
f 1879 1895 1896
f 1896 1895 1912
f 1896 1912 1913
f 1913 1912 1929
f 1913 1929 1930
f 1930 1929 1946
f 1930 1946 1947
f 1947 1946 1963
f 1947 1963 1964
f 1964 1963 1980
f 1964 1980 1981
f 1981 1980 1997
f 1981 1997 1998
f 1998 1997 2014
f 1998 2014 2015
f 2015 2014 2031
f 2015 2031 2032
f 2032 2031 2048
f 2032 2048 2049
f 2049 2048 2065
f 2049 2065 2066
f 2066 2065 2082
f 2066 2082 2083
f 2083 2082 2099
f 2083 2099 2100
f 2100 2099 2116
f 2100 2116 2117
f 2117 2116 2133
f 2117 2133 2134
f 2134 2133 2150
f 2134 2150 2151
f 2151 2150 2167
f 2151 2167 2168
f 2168 2167 2184
f 2168 2184 2185
f 2185 2184 2201
f 2185 2201 2202
f 2202 2201 2218
f 2202 2218 2219
f 2219 2218 2235
f 2219 2235 2236
f 2236 2235 2252
f 2236 2252 2253
f 2253 2252 2269
f 2253 2269 2270
f 2270 2269 2286
f 2270 2286 2287
f 2287 2286 2303
f 2287 2303 2304
f 2304 2303 2320
f 2304 2320 2321
f 2321 2320 2337
f 2321 2337 2338
f 2338 2337 2354
f 2338 2354 2355
f 2355 2354 2371
f 2355 2371 2372
f 2372 2371 2388
f 2372 2388 2389
f 2389 2388 2405
f 2389 2405 2406
f 2406 2405 2422
f 2406 2422 2423
f 2423 2422 2439
f 2423 2439 2440
f 2440 2439 2456
f 2440 2456 2457
f 2457 2456 2473
f 2457 2473 2474
f 2474 2473 2490
f 2474 2490 2491
f 2491 2490 2507
f 2491 2507 2508
f 2508 2507 2524
f 2508 2524 2525
f 2525 2524 2541
f 2525 2541 2542
f 2542 2541 2558
f 2542 2558 2559
f 2559 2558 2575
f 2559 2575 2576
f 2576 2575 2592
f 2576 2592 2593
f 2593 2592 2609
f 2593 2609 2610
f 2610 2609 2626
f 2610 2626 2627
f 2627 2626 2643
f 2627 2643 2644
f 2644 2643 2660
f 2644 2660 2661
f 2661 2660 2677
f 2661 2677 2678
f 2678 2677 2694
f 2678 2694 2695
f 2695 2694 2711
f 2695 2711 2712
f 2712 2711 2728
f 2712 2728 2729
f 2729 2728 2745
f 2729 2745 2746
f 2746 2745 2762
f 2746 2762 2763
f 2763 2762 2779
f 2763 2779 2780
f 2780 2779 2796
f 2780 2796 2797
f 2797 2796 2813
f 2797 2813 2814
f 2814 2813 2830
f 2814 2830 2831
f 2831 2830 2847
f 2831 2847 2848
f 2848 2847 2864
f 2848 2864 2865
f 2865 2864 2881
f 2865 2881 2882
f 2882 2881 2898
f 2882 2898 2899
f 2899 2898 2915
f 2899 2915 2916
f 2916 2915 2932
f 2916 2932 2933
f 2933 2932 2949
f 2933 2949 2950
f 2950 2949 2966
f 2950 2966 2967
f 2967 2966 2983
f 2967 2983 2984
f 2984 2983 3000
f 2984 3000 3001
f 3001 3000 3017
f 3001 3017 3018
f 3018 3017 3034
f 3018 3034 3035
f 3035 3034 3051
f 3035 3051 3052
f 3052 3051 3068
f 3052 3068 3069
f 3069 3068 3085
f 3069 3085 3086
f 3086 3085 3102
f 3086 3102 3103
f 3103 3102 3119
f 3103 3119 3120
f 3120 3119 3136
f 3120 3136 3137
f 3137 3136 3153
f 3137 3153 3154
f 3154 3153 3170
f 3154 3170 3171
f 3171 3170 3187
f 3171 3187 3188
f 3188 3187 3204
f 3188 3204 3205
f 3205 3204 3221
f 3205 3221 3222
f 3222 3221 3238
f 3222 3238 3239
f 3239 3238 3255
f 3239 3255 3256
f 3256 3255 3272
f 3256 3272 3273
f 3273 3272 3289
f 3273 3289 3290
f 3290 3289 3306
f 3290 3306 3307
f 3307 3306 3323
f 3307 3323 3324
f 3324 3323 3340
f 3324 3340 3341
f 3341 3340 3357
f 3341 3357 3358
f 3358 3357 3374
f 3358 3374 3375
f 3375 3374 3391
f 3375 3391 3392
f 3392 3391 3408
f 3392 3408 3409
f 3409 3408 3425
f 3409 3425 3426
f 3426 3425 3442
f 3426 3442 3443
f 3443 3442 3459
f 3443 3459 3460
f 3460 3459 3476
f 3460 3476 3477
f 3477 3476 3493
f 3477 3493 3494
f 3494 3493 3510
f 3494 3510 3511
f 3511 3510 3527
f 3511 3527 3528
f 3528 3527 3544
f 3528 3544 3545
f 3545 3544 3561
f 3545 3561 3562
f 3562 3561 3578
f 3562 3578 3579
f 3579 3578 3595
f 3579 3595 3596
f 3596 3595 3612
f 3596 3612 3613
f 3613 3612 3629
f 3613 3629 3630
f 3630 3629 3646
f 3630 3646 3647
f 3647 3646 3663
f 3647 3663 3664
f 3664 3663 3680
f 3664 3680 3681
f 3681 3680 3697
f 3681 3697 3698
f 3698 3697 3714
f 3698 3714 3715
f 3715 3714 3731
f 3715 3731 3732
f 3732 3731 3748
f 3732 3748 3749
f 3749 3748 3765
f 3749 3765 3766
f 3766 3765 3782
f 3766 3782 3783
f 3783 3782 3799
f 3783 3799 3800
f 3800 3799 3816
f 3800 3816 3817
f 3817 3816 3833
f 3817 3833 3834
f 3834 3833 3850
f 3834 3850 3851
f 3851 3850 3867
f 3851 3867 3868
f 3868 3867 3884
f 3868 3884 3885
f 3885 3884 3901
f 3885 3901 3902
f 3902 3901 3918
f 3902 3918 3919
f 3919 3918 3935
f 3919 3935 3936
f 3936 3935 3952
f 3936 3952 3953
f 3953 3952 3969
f 3953 3969 3970
f 3970 3969 3986
f 3970 3986 3987
f 3987 3986 4003
f 3987 4003 4004
f 4004 4003 4020
f 4004 4020 4021
f 4021 4020 4037
f 4021 4037 4038
f 4038 4037 4054
f 4038 4054 4055
f 4055 4054 4071
f 4055 4071 4072
f 4072 4071 4088
f 4072 4088 4089
f 4089 4088 4105
f 4089 4105 4106
f 4106 4105 4122
f 4106 4122 4123
f 4123 4122 4139
f 4123 4139 4140
f 4140 4139 4156
f 4140 4156 4157
f 4157 4156 4173
f 4157 4173 4174
f 4174 4173 4190
f 4174 4190 4191
f 4191 4190 4207
f 4191 4207 4208
f 4208 4207 4224
f 4208 4224 4225
f 4225 4224 4241
f 4225 4241 4242
f 4242 4241 4258
f 4242 4258 4259
f 4259 4258 4275
f 4259 4275 4276
f 4276 4275 4292
f 4276 4292 4293
f 4293 4292 4309
f 4293 4309 4310
f 4310 4309 4326
f 4310 4326 4327
f 4327 4326 4343
f 4327 4343 4344
f 4344 4343 4360
f 4344 4360 4361
f 4361 4360 4377
f 4361 4377 4378
f 4378 4377 4394
f 4378 4394 4395
f 4395 4394 4411
f 4395 4411 4412
f 4412 4411 4428
f 4412 4428 4429
f 4429 4428 4445
f 4429 4445 4446
f 4446 4445 4462
f 4446 4462 4463
f 4463 4462 4479
f 4463 4479 4480
f 4480 4479 4496
f 4480 4496 4497
f 4497 4496 4513
f 4497 4513 4514
f 4514 4513 4530
f 4514 4530 4531
f 4531 4530 4547
f 4531 4547 4548
f 4548 4547 4564
f 4548 4564 4565
f 4565 4564 4581
f 4565 4581 4582
f 4582 4581 4598
f 4582 4598 4599
f 4599 4598 4615
f 4599 4615 4616
f 4616 4615 4632
f 4616 4632 4633
f 4633 4632 4649
f 4633 4649 4650
f 4650 4649 4666
f 4650 4666 4667
f 4667 4666 4683
f 4667 4683 4684
f 4684 4683 4700
f 4684 4700 4701
f 4701 4700 4717
f 4701 4717 4718
f 4718 4717 4734
f 4718 4734 4735
f 4735 4734 4751
f 4735 4751 4752
f 4752 4751 4768
f 4752 4768 4769
f 4769 4768 4785
f 4769 4785 4786
f 4786 4785 4802
f 4786 4802 4803
f 4803 4802 4819
f 4803 4819 4820
f 4820 4819 4836
f 4820 4836 4837
f 4837 4836 4853
f 4837 4853 4854
f 4854 4853 4870
f 4854 4870 4871
f 4871 4870 4887
f 4871 4887 4888
f 4888 4887 4904
f 4888 4904 4905
f 4905 4904 4921
f 4905 4921 4922
f 4922 4921 4938
f 4922 4938 4939
f 4939 4938 4955
f 4939 4955 4956
f 4956 4955 4972
f 4956 4972 4973
f 4973 4972 4989
f 4973 4989 4990
f 4990 4989 5006
f 4990 5006 5007
f 5007 5006 5023
f 5007 5023 5024
f 5024 5023 5040
f 5024 5040 5041
f 5041 5040 5057
f 5041 5057 5058
f 5058 5057 5074
f 5058 5074 5075
f 1709 1708 1792
f 1709 1792 1793
f 1793 1792 1809
f 1793 1809 1810
f 1810 1809 1826
f 1810 1826 1827
f 1827 1826 1843
f 1827 1843 1844
f 1844 1843 1860
f 1844 1860 1861
f 1861 1860 1877
f 1861 1877 1878
f 1878 1877 1894
f 1878 1894 1895
f 1895 1894 1911
f 1895 1911 1912
f 1912 1911 1928
f 1912 1928 1929
f 1929 1928 1945
f 1929 1945 1946
f 1946 1945 1962
f 1946 1962 1963
f 1963 1962 1979
f 1963 1979 1980
f 1980 1979 1996
f 1980 1996 1997
f 1997 1996 2013
f 1997 2013 2014
f 2014 2013 2030
f 2014 2030 2031
f 2031 2030 2047
f 2031 2047 2048
f 2048 2047 2064
f 2048 2064 2065
f 2065 2064 2081
f 2065 2081 2082
f 2082 2081 2098
f 2082 2098 2099
f 2099 2098 2115
f 2099 2115 2116
f 2116 2115 2132
f 2116 2132 2133
f 2133 2132 2149
f 2133 2149 2150
f 2150 2149 2166
f 2150 2166 2167
f 2167 2166 2183
f 2167 2183 2184
f 2184 2183 2200
f 2184 2200 2201
f 2201 2200 2217
f 2201 2217 2218
f 2218 2217 2234
f 2218 2234 2235
f 2235 2234 2251
f 2235 2251 2252
f 2252 2251 2268
f 2252 2268 2269
f 2269 2268 2285
f 2269 2285 2286
f 2286 2285 2302
f 2286 2302 2303
f 2303 2302 2319
f 2303 2319 2320
f 2320 2319 2336
f 2320 2336 2337
f 2337 2336 2353
f 2337 2353 2354
f 2354 2353 2370
f 2354 2370 2371
f 2371 2370 2387
f 2371 2387 2388
f 2388 2387 2404
f 2388 2404 2405
f 2405 2404 2421
f 2405 2421 2422
f 2422 2421 2438
f 2422 2438 2439
f 2439 2438 2455
f 2439 2455 2456
f 2456 2455 2472
f 2456 2472 2473
f 2473 2472 2489
f 2473 2489 2490
f 2490 2489 2506
f 2490 2506 2507
f 2507 2506 2523
f 2507 2523 2524
f 2524 2523 2540
f 2524 2540 2541
f 2541 2540 2557
f 2541 2557 2558
f 2558 2557 2574
f 2558 2574 2575
f 2575 2574 2591
f 2575 2591 2592
f 2592 2591 2608
f 2592 2608 2609
f 2609 2608 2625
f 2609 2625 2626
f 2626 2625 2642
f 2626 2642 2643
f 2643 2642 2659
f 2643 2659 2660
f 2660 2659 2676
f 2660 2676 2677
f 2677 2676 2693
f 2677 2693 2694
f 2694 2693 2710
f 2694 2710 2711
f 2711 2710 2727
f 2711 2727 2728
f 2728 2727 2744
f 2728 2744 2745
f 2745 2744 2761
f 2745 2761 2762
f 2762 2761 2778
f 2762 2778 2779
f 2779 2778 2795
f 2779 2795 2796
f 2796 2795 2812
f 2796 2812 2813
f 2813 2812 2829
f 2813 2829 2830
f 2830 2829 2846
f 2830 2846 2847
f 2847 2846 2863
f 2847 2863 2864
f 2864 2863 2880
f 2864 2880 2881
f 2881 2880 2897
f 2881 2897 2898
f 2898 2897 2914
f 2898 2914 2915
f 2915 2914 2931
f 2915 2931 2932
f 2932 2931 2948
f 2932 2948 2949
f 2949 2948 2965
f 2949 2965 2966
f 2966 2965 2982
f 2966 2982 2983
f 2983 2982 2999
f 2983 2999 3000
f 3000 2999 3016
f 3000 3016 3017
f 3017 3016 3033
f 3017 3033 3034
f 3034 3033 3050
f 3034 3050 3051
f 3051 3050 3067
f 3051 3067 3068
f 3068 3067 3084
f 3068 3084 3085
f 3085 3084 3101
f 3085 3101 3102
f 3102 3101 3118
f 3102 3118 3119
f 3119 3118 3135
f 3119 3135 3136
f 3136 3135 3152
f 3136 3152 3153
f 3153 3152 3169
f 3153 3169 3170
f 3170 3169 3186
f 3170 3186 3187
f 3187 3186 3203
f 3187 3203 3204
f 3204 3203 3220
f 3204 3220 3221
f 3221 3220 3237
f 3221 3237 3238
f 3238 3237 3254
f 3238 3254 3255
f 3255 3254 3271
f 3255 3271 3272
f 3272 3271 3288
f 3272 3288 3289
f 3289 3288 3305
f 3289 3305 3306
f 3306 3305 3322
f 3306 3322 3323
f 3323 3322 3339
f 3323 3339 3340
f 3340 3339 3356
f 3340 3356 3357
f 3357 3356 3373
f 3357 3373 3374
f 3374 3373 3390
f 3374 3390 3391
f 3391 3390 3407
f 3391 3407 3408
f 3408 3407 3424
f 3408 3424 3425
f 3425 3424 3441
f 3425 3441 3442
f 3442 3441 3458
f 3442 3458 3459
f 3459 3458 3475
f 3459 3475 3476
f 3476 3475 3492
f 3476 3492 3493
f 3493 3492 3509
f 3493 3509 3510
f 3510 3509 3526
f 3510 3526 3527
f 3527 3526 3543
f 3527 3543 3544
f 3544 3543 3560
f 3544 3560 3561
f 3561 3560 3577
f 3561 3577 3578
f 3578 3577 3594
f 3578 3594 3595
f 3595 3594 3611
f 3595 3611 3612
f 3612 3611 3628
f 3612 3628 3629
f 3629 3628 3645
f 3629 3645 3646
f 3646 3645 3662
f 3646 3662 3663
f 3663 3662 3679
f 3663 3679 3680
f 3680 3679 3696
f 3680 3696 3697
f 3697 3696 3713
f 3697 3713 3714
f 3714 3713 3730
f 3714 3730 3731
f 3731 3730 3747
f 3731 3747 3748
f 3748 3747 3764
f 3748 3764 3765
f 3765 3764 3781
f 3765 3781 3782
f 3782 3781 3798
f 3782 3798 3799
f 3799 3798 3815
f 3799 3815 3816
f 3816 3815 3832
f 3816 3832 3833
f 3833 3832 3849
f 3833 3849 3850
f 3850 3849 3866
f 3850 3866 3867
f 3867 3866 3883
f 3867 3883 3884
f 3884 3883 3900
f 3884 3900 3901
f 3901 3900 3917
f 3901 3917 3918
f 3918 3917 3934
f 3918 3934 3935
f 3935 3934 3951
f 3935 3951 3952
f 3952 3951 3968
f 3952 3968 3969
f 3969 3968 3985
f 3969 3985 3986
f 3986 3985 4002
f 3986 4002 4003
f 4003 4002 4019
f 4003 4019 4020
f 4020 4019 4036
f 4020 4036 4037
f 4037 4036 4053
f 4037 4053 4054
f 4054 4053 4070
f 4054 4070 4071
f 4071 4070 4087
f 4071 4087 4088
f 4088 4087 4104
f 4088 4104 4105
f 4105 4104 4121
f 4105 4121 4122
f 4122 4121 4138
f 4122 4138 4139
f 4139 4138 4155
f 4139 4155 4156
f 4156 4155 4172
f 4156 4172 4173
f 4173 4172 4189
f 4173 4189 4190
f 4190 4189 4206
f 4190 4206 4207
f 4207 4206 4223
f 4207 4223 4224
f 4224 4223 4240
f 4224 4240 4241
f 4241 4240 4257
f 4241 4257 4258
f 4258 4257 4274
f 4258 4274 4275
f 4275 4274 4291
f 4275 4291 4292
f 4292 4291 4308
f 4292 4308 4309
f 4309 4308 4325
f 4309 4325 4326
f 4326 4325 4342
f 4326 4342 4343
f 4343 4342 4359
f 4343 4359 4360
f 4360 4359 4376
f 4360 4376 4377
f 4377 4376 4393
f 4377 4393 4394
f 4394 4393 4410
f 4394 4410 4411
f 4411 4410 4427
f 4411 4427 4428
f 4428 4427 4444
f 4428 4444 4445
f 4445 4444 4461
f 4445 4461 4462
f 4462 4461 4478
f 4462 4478 4479
f 4479 4478 4495
f 4479 4495 4496
f 4496 4495 4512
f 4496 4512 4513
f 4513 4512 4529
f 4513 4529 4530
f 4530 4529 4546
f 4530 4546 4547
f 4547 4546 4563
f 4547 4563 4564
f 4564 4563 4580
f 4564 4580 4581
f 4581 4580 4597
f 4581 4597 4598
f 4598 4597 4614
f 4598 4614 4615
f 4615 4614 4631
f 4615 4631 4632
f 4632 4631 4648
f 4632 4648 4649
f 4649 4648 4665
f 4649 4665 4666
f 4666 4665 4682
f 4666 4682 4683
f 4683 4682 4699
f 4683 4699 4700
f 4700 4699 4716
f 4700 4716 4717
f 4717 4716 4733
f 4717 4733 4734
f 4734 4733 4750
f 4734 4750 4751
f 4751 4750 4767
f 4751 4767 4768
f 4768 4767 4784
f 4768 4784 4785
f 4785 4784 4801
f 4785 4801 4802
f 4802 4801 4818
f 4802 4818 4819
f 4819 4818 4835
f 4819 4835 4836
f 4836 4835 4852
f 4836 4852 4853
f 4853 4852 4869
f 4853 4869 4870
f 4870 4869 4886
f 4870 4886 4887
f 4887 4886 4903
f 4887 4903 4904
f 4904 4903 4920
f 4904 4920 4921
f 4921 4920 4937
f 4921 4937 4938
f 4938 4937 4954
f 4938 4954 4955
f 4955 4954 4971
f 4955 4971 4972
f 4972 4971 4988
f 4972 4988 4989
f 4989 4988 5005
f 4989 5005 5006
f 5006 5005 5022
f 5006 5022 5023
f 5023 5022 5039
f 5023 5039 5040
f 5040 5039 5056
f 5040 5056 5057
f 5057 5056 5073
f 5057 5073 5074
f 1712 1711 1796
f 1796 1711 1795
f 1796 1795 1812
f 1796 1812 1813
f 1813 1812 1829
f 1813 1829 1830
f 1830 1829 1846
f 1830 1846 1847
f 1847 1846 1863
f 1847 1863 1864
f 1864 1863 1880
f 1864 1880 1881
f 1881 1880 1897
f 1881 1897 1898
f 1898 1897 1914
f 1898 1914 1915
f 1915 1914 1931
f 1915 1931 1932
f 1932 1931 1948
f 1932 1948 1949
f 1949 1948 1965
f 1949 1965 1966
f 1966 1965 1982
f 1966 1982 1983
f 1983 1982 1999
f 1983 1999 2000
f 2000 1999 2016
f 2000 2016 2017
f 2017 2016 2033
f 2017 2033 2034
f 2034 2033 2050
f 2034 2050 2051
f 2051 2050 2067
f 2051 2067 2068
f 2068 2067 2084
f 2068 2084 2085
f 2085 2084 2101
f 2085 2101 2102
f 2102 2101 2118
f 2102 2118 2119
f 2119 2118 2135
f 2119 2135 2136
f 2136 2135 2152
f 2136 2152 2153
f 2153 2152 2169
f 2153 2169 2170
f 2170 2169 2186
f 2170 2186 2187
f 2187 2186 2203
f 2187 2203 2204
f 2204 2203 2220
f 2204 2220 2221
f 2221 2220 2237
f 2221 2237 2238
f 2238 2237 2254
f 2238 2254 2255
f 2255 2254 2271
f 2255 2271 2272
f 2272 2271 2288
f 2272 2288 2289
f 2289 2288 2305
f 2289 2305 2306
f 2306 2305 2322
f 2306 2322 2323
f 2323 2322 2339
f 2323 2339 2340
f 2340 2339 2356
f 2340 2356 2357
f 2357 2356 2373
f 2357 2373 2374
f 2374 2373 2390
f 2374 2390 2391
f 2391 2390 2407
f 2391 2407 2408
f 2408 2407 2424
f 2408 2424 2425
f 2425 2424 2441
f 2425 2441 2442
f 2442 2441 2458
f 2442 2458 2459
f 2459 2458 2475
f 2459 2475 2476
f 2476 2475 2492
f 2476 2492 2493
f 2493 2492 2509
f 2493 2509 2510
f 2510 2509 2526
f 2510 2526 2527
f 2527 2526 2543
f 2527 2543 2544
f 2544 2543 2560
f 2544 2560 2561
f 2561 2560 2577
f 2561 2577 2578
f 2578 2577 2594
f 2578 2594 2595
f 2595 2594 2611
f 2595 2611 2612
f 2612 2611 2628
f 2612 2628 2629
f 2629 2628 2645
f 2629 2645 2646
f 2646 2645 2662
f 2646 2662 2663
f 2663 2662 2679
f 2663 2679 2680
f 2680 2679 2696
f 2680 2696 2697
f 2697 2696 2713
f 2697 2713 2714
f 2714 2713 2730
f 2714 2730 2731
f 2731 2730 2747
f 2731 2747 2748
f 2748 2747 2764
f 2748 2764 2765
f 2765 2764 2781
f 2765 2781 2782
f 2782 2781 2798
f 2782 2798 2799
f 2799 2798 2815
f 2799 2815 2816
f 2816 2815 2832
f 2816 2832 2833
f 2833 2832 2849
f 2833 2849 2850
f 2850 2849 2866
f 2850 2866 2867
f 2867 2866 2883
f 2867 2883 2884
f 2884 2883 2900
f 2884 2900 2901
f 2901 2900 2917
f 2901 2917 2918
f 2918 2917 2934
f 2918 2934 2935
f 2935 2934 2951
f 2935 2951 2952
f 2952 2951 2968
f 2952 2968 2969
f 2969 2968 2985
f 2969 2985 2986
f 2986 2985 3002
f 2986 3002 3003
f 3003 3002 3019
f 3003 3019 3020
f 3020 3019 3036
f 3020 3036 3037
f 3037 3036 3053
f 3037 3053 3054
f 3054 3053 3070
f 3054 3070 3071
f 3071 3070 3087
f 3071 3087 3088
f 3088 3087 3104
f 3088 3104 3105
f 3105 3104 3121
f 3105 3121 3122
f 3122 3121 3138
f 3122 3138 3139
f 3139 3138 3155
f 3139 3155 3156
f 3156 3155 3172
f 3156 3172 3173
f 3173 3172 3189
f 3173 3189 3190
f 3190 3189 3206
f 3190 3206 3207
f 3207 3206 3223
f 3207 3223 3224
f 3224 3223 3240
f 3224 3240 3241
f 3241 3240 3257
f 3241 3257 3258
f 3258 3257 3274
f 3258 3274 3275
f 3275 3274 3291
f 3275 3291 3292
f 3292 3291 3308
f 3292 3308 3309
f 3309 3308 3325
f 3309 3325 3326
f 3326 3325 3342
f 3326 3342 3343
f 3343 3342 3359
f 3343 3359 3360
f 3360 3359 3376
f 3360 3376 3377
f 3377 3376 3393
f 3377 3393 3394
f 3394 3393 3410
f 3394 3410 3411
f 3411 3410 3427
f 3411 3427 3428
f 3428 3427 3444
f 3428 3444 3445
f 3445 3444 3461
f 3445 3461 3462
f 3462 3461 3478
f 3462 3478 3479
f 3479 3478 3495
f 3479 3495 3496
f 3496 3495 3512
f 3496 3512 3513
f 3513 3512 3529
f 3513 3529 3530
f 3530 3529 3546
f 3530 3546 3547
f 3547 3546 3563
f 3547 3563 3564
f 3564 3563 3580
f 3564 3580 3581
f 3581 3580 3597
f 3581 3597 3598
f 3598 3597 3614
f 3598 3614 3615
f 3615 3614 3631
f 3615 3631 3632
f 3632 3631 3648
f 3632 3648 3649
f 3649 3648 3665
f 3649 3665 3666
f 3666 3665 3682
f 3666 3682 3683
f 3683 3682 3699
f 3683 3699 3700
f 3700 3699 3716
f 3700 3716 3717
f 3717 3716 3733
f 3717 3733 3734
f 3734 3733 3750
f 3734 3750 3751
f 3751 3750 3767
f 3751 3767 3768
f 3768 3767 3784
f 3768 3784 3785
f 3785 3784 3801
f 3785 3801 3802
f 3802 3801 3818
f 3802 3818 3819
f 3819 3818 3835
f 3819 3835 3836
f 3836 3835 3852
f 3836 3852 3853
f 3853 3852 3869
f 3853 3869 3870
f 3870 3869 3886
f 3870 3886 3887
f 3887 3886 3903
f 3887 3903 3904
f 3904 3903 3920
f 3904 3920 3921
f 3921 3920 3937
f 3921 3937 3938
f 3938 3937 3954
f 3938 3954 3955
f 3955 3954 3971
f 3955 3971 3972
f 3972 3971 3988
f 3972 3988 3989
f 3989 3988 4005
f 3989 4005 4006
f 4006 4005 4022
f 4006 4022 4023
f 4023 4022 4039
f 4023 4039 4040
f 4040 4039 4056
f 4040 4056 4057
f 4057 4056 4073
f 4057 4073 4074
f 4074 4073 4090
f 4074 4090 4091
f 4091 4090 4107
f 4091 4107 4108
f 4108 4107 4124
f 4108 4124 4125
f 4125 4124 4141
f 4125 4141 4142
f 4142 4141 4158
f 4142 4158 4159
f 4159 4158 4175
f 4159 4175 4176
f 4176 4175 4192
f 4176 4192 4193
f 4193 4192 4209
f 4193 4209 4210
f 4210 4209 4226
f 4210 4226 4227
f 4227 4226 4243
f 4227 4243 4244
f 4244 4243 4260
f 4244 4260 4261
f 4261 4260 4277
f 4261 4277 4278
f 4278 4277 4294
f 4278 4294 4295
f 4295 4294 4311
f 4295 4311 4312
f 4312 4311 4328
f 4312 4328 4329
f 4329 4328 4345
f 4329 4345 4346
f 4346 4345 4362
f 4346 4362 4363
f 4363 4362 4379
f 4363 4379 4380
f 4380 4379 4396
f 4380 4396 4397
f 4397 4396 4413
f 4397 4413 4414
f 4414 4413 4430
f 4414 4430 4431
f 4431 4430 4447
f 4431 4447 4448
f 4448 4447 4464
f 4448 4464 4465
f 4465 4464 4481
f 4465 4481 4482
f 4482 4481 4498
f 4482 4498 4499
f 4499 4498 4515
f 4499 4515 4516
f 4516 4515 4532
f 4516 4532 4533
f 4533 4532 4549
f 4533 4549 4550
f 4550 4549 4566
f 4550 4566 4567
f 4567 4566 4583
f 4567 4583 4584
f 4584 4583 4600
f 4584 4600 4601
f 4601 4600 4617
f 4601 4617 4618
f 4618 4617 4634
f 4618 4634 4635
f 4635 4634 4651
f 4635 4651 4652
f 4652 4651 4668
f 4652 4668 4669
f 4669 4668 4685
f 4669 4685 4686
f 4686 4685 4702
f 4686 4702 4703
f 4703 4702 4719
f 4703 4719 4720
f 4720 4719 4736
f 4720 4736 4737
f 4737 4736 4753
f 4737 4753 4754
f 4754 4753 4770
f 4754 4770 4771
f 4771 4770 4787
f 4771 4787 4788
f 4788 4787 4804
f 4788 4804 4805
f 4805 4804 4821
f 4805 4821 4822
f 4822 4821 4838
f 4822 4838 4839
f 4839 4838 4855
f 4839 4855 4856
f 4856 4855 4872
f 4856 4872 4873
f 4873 4872 4889
f 4873 4889 4890
f 4890 4889 4906
f 4890 4906 4907
f 4907 4906 4923
f 4907 4923 4924
f 4924 4923 4940
f 4924 4940 4941
f 4941 4940 4957
f 4941 4957 4958
f 4958 4957 4974
f 4958 4974 4975
f 4975 4974 4991
f 4975 4991 4992
f 4992 4991 5008
f 4992 5008 5009
f 5009 5008 5025
f 5009 5025 5026
f 5026 5025 5042
f 5026 5042 5043
f 5043 5042 5059
f 5043 5059 5060
f 5060 5059 5076
f 5060 5076 5077
f 5077 5076 5089
f 5077 5089 5090
f 5090 5089 5102
f 5090 5102 5103
f 5103 5102 5112
f 5103 5112 5113
f 5113 5112 5121
f 5113 5121 5122
f 5122 5121 5130
f 5122 5130 5131
f 5131 5130 5139
f 5131 5139 5140
f 5140 5139 5147
f 5140 5147 5148
f 5148 5147 5155
f 5148 5155 5156
f 5156 5155 5162
f 5156 5162 5163
f 1798 1714 1713
f 1798 1713 1797
f 1797 1713 1712
f 1731 1730 1740
f 1731 1740 1741
f 1732 1731 1741
f 1732 1741 1742
f 1733 1732 1742
f 1733 1742 1743
f 1734 1733 1743
f 1734 1743 1744
f 1735 1734 1744
f 1735 1744 1745
f 1736 1735 1745
f 1736 1745 1746
f 1737 1736 1746
f 1737 1746 1747
f 1730 1729 1740
f 1758 1748 1747
f 1747 1748 1737
f 1751 1750 1760
f 1760 1750 1759
f 1760 1759 1769
f 1752 1751 1760
f 1752 1760 1761
f 1761 1760 1769
f 1761 1769 1770
f 1770 1769 1780
f 1780 1769 1779
f 1753 1752 1761
f 1753 1761 1762
f 1762 1761 1771
f 1771 1761 1770
f 1754 1753 1762
f 1754 1762 1763
f 1763 1762 1772
f 1772 1762 1771
f 1755 1754 1763
f 1755 1763 1764
f 1764 1763 1773
f 1773 1763 1772
f 1756 1755 1764
f 1756 1764 1765
f 1765 1764 1774
f 1774 1764 1773
f 1776 1767 1766
f 1766 1767 1757
f 1776 1766 1775
f 1778 1776 1775
f 1712 1796 1797
f 1797 1796 1813
f 1797 1813 1814
f 1814 1813 1830
f 1814 1830 1831
f 1831 1830 1847
f 1831 1847 1848
f 1848 1847 1864
f 1848 1864 1865
f 1865 1864 1881
f 1865 1881 1882
f 1882 1881 1898
f 1882 1898 1899
f 1899 1898 1915
f 1899 1915 1916
f 1916 1915 1932
f 1916 1932 1933
f 1933 1932 1949
f 1933 1949 1950
f 1950 1949 1966
f 1950 1966 1967
f 1967 1966 1983
f 1967 1983 1984
f 1984 1983 2000
f 1984 2000 2001
f 2001 2000 2017
f 2001 2017 2018
f 2018 2017 2034
f 2018 2034 2035
f 2035 2034 2051
f 2035 2051 2052
f 2052 2051 2068
f 2052 2068 2069
f 2069 2068 2085
f 2069 2085 2086
f 2086 2085 2102
f 2086 2102 2103
f 2103 2102 2119
f 2103 2119 2120
f 2120 2119 2136
f 2120 2136 2137
f 2137 2136 2153
f 2137 2153 2154
f 2154 2153 2170
f 2154 2170 2171
f 2171 2170 2187
f 2171 2187 2188
f 2188 2187 2204
f 2188 2204 2205
f 2205 2204 2221
f 2205 2221 2222
f 2222 2221 2238
f 2222 2238 2239
f 2239 2238 2255
f 2239 2255 2256
f 2256 2255 2272
f 2256 2272 2273
f 2273 2272 2289
f 2273 2289 2290
f 2290 2289 2306
f 2290 2306 2307
f 2307 2306 2323
f 2307 2323 2324
f 2324 2323 2340
f 2324 2340 2341
f 2341 2340 2357
f 2341 2357 2358
f 2358 2357 2374
f 2358 2374 2375
f 2375 2374 2391
f 2375 2391 2392
f 2392 2391 2408
f 2392 2408 2409
f 2409 2408 2425
f 2409 2425 2426
f 2426 2425 2442
f 2426 2442 2443
f 2443 2442 2459
f 2443 2459 2460
f 2460 2459 2476
f 2460 2476 2477
f 2477 2476 2493
f 2477 2493 2494
f 2494 2493 2510
f 2494 2510 2511
f 2511 2510 2527
f 2511 2527 2528
f 2528 2527 2544
f 2528 2544 2545
f 2545 2544 2561
f 2545 2561 2562
f 2562 2561 2578
f 2562 2578 2579
f 2579 2578 2595
f 2579 2595 2596
f 2596 2595 2612
f 2596 2612 2613
f 2613 2612 2629
f 2613 2629 2630
f 2630 2629 2646
f 2630 2646 2647
f 2647 2646 2663
f 2647 2663 2664
f 2664 2663 2680
f 2664 2680 2681
f 2681 2680 2697
f 2681 2697 2698
f 2698 2697 2714
f 2698 2714 2715
f 2715 2714 2731
f 2715 2731 2732
f 2732 2731 2748
f 2732 2748 2749
f 2749 2748 2765
f 2749 2765 2766
f 2766 2765 2782
f 2766 2782 2783
f 2783 2782 2799
f 2783 2799 2800
f 2800 2799 2816
f 2800 2816 2817
f 2817 2816 2833
f 2817 2833 2834
f 2834 2833 2850
f 2834 2850 2851
f 2851 2850 2867
f 2851 2867 2868
f 2868 2867 2884
f 2868 2884 2885
f 2885 2884 2901
f 2885 2901 2902
f 2902 2901 2918
f 2902 2918 2919
f 2919 2918 2935
f 2919 2935 2936
f 2936 2935 2952
f 2936 2952 2953
f 2953 2952 2969
f 2953 2969 2970
f 2970 2969 2986
f 2970 2986 2987
f 2987 2986 3003
f 2987 3003 3004
f 3004 3003 3020
f 3004 3020 3021
f 3021 3020 3037
f 3021 3037 3038
f 3038 3037 3054
f 3038 3054 3055
f 3055 3054 3071
f 3055 3071 3072
f 3072 3071 3088
f 3072 3088 3089
f 3089 3088 3105
f 3089 3105 3106
f 3106 3105 3122
f 3106 3122 3123
f 3123 3122 3139
f 3123 3139 3140
f 3140 3139 3156
f 3140 3156 3157
f 3157 3156 3173
f 3157 3173 3174
f 3174 3173 3190
f 3174 3190 3191
f 3191 3190 3207
f 3191 3207 3208
f 3208 3207 3224
f 3208 3224 3225
f 3225 3224 3241
f 3225 3241 3242
f 3242 3241 3258
f 3242 3258 3259
f 3259 3258 3275
f 3259 3275 3276
f 3276 3275 3292
f 3276 3292 3293
f 3293 3292 3309
f 3293 3309 3310
f 3310 3309 3326
f 3310 3326 3327
f 3327 3326 3343
f 3327 3343 3344
f 3344 3343 3360
f 3344 3360 3361
f 3361 3360 3377
f 3361 3377 3378
f 3378 3377 3394
f 3378 3394 3395
f 3395 3394 3411
f 3395 3411 3412
f 3412 3411 3428
f 3412 3428 3429
f 3429 3428 3445
f 3429 3445 3446
f 3446 3445 3462
f 3446 3462 3463
f 3463 3462 3479
f 3463 3479 3480
f 3480 3479 3496
f 3480 3496 3497
f 3497 3496 3513
f 3497 3513 3514
f 3514 3513 3530
f 3514 3530 3531
f 3531 3530 3547
f 3531 3547 3548
f 3548 3547 3564
f 3548 3564 3565
f 3565 3564 3581
f 3565 3581 3582
f 3582 3581 3598
f 3582 3598 3599
f 3599 3598 3615
f 3599 3615 3616
f 3616 3615 3632
f 3616 3632 3633
f 3633 3632 3649
f 3633 3649 3650
f 3650 3649 3666
f 3650 3666 3667
f 3667 3666 3683
f 3667 3683 3684
f 3684 3683 3700
f 3684 3700 3701
f 3701 3700 3717
f 3701 3717 3718
f 3718 3717 3734
f 3718 3734 3735
f 3735 3734 3751
f 3735 3751 3752
f 3752 3751 3768
f 3752 3768 3769
f 3769 3768 3785
f 3769 3785 3786
f 3786 3785 3802
f 3786 3802 3803
f 3803 3802 3819
f 3803 3819 3820
f 3820 3819 3836
f 3820 3836 3837
f 3837 3836 3853
f 3837 3853 3854
f 3854 3853 3870
f 3854 3870 3871
f 3871 3870 3887
f 3871 3887 3888
f 3888 3887 3904
f 3888 3904 3905
f 3905 3904 3921
f 3905 3921 3922
f 3922 3921 3938
f 3922 3938 3939
f 3939 3938 3955
f 3939 3955 3956
f 3956 3955 3972
f 3956 3972 3973
f 3973 3972 3989
f 3973 3989 3990
f 3990 3989 4006
f 3990 4006 4007
f 4007 4006 4023
f 4007 4023 4024
f 4024 4023 4040
f 4024 4040 4041
f 4041 4040 4057
f 4041 4057 4058
f 4058 4057 4074
f 4058 4074 4075
f 4075 4074 4091
f 4075 4091 4092
f 4092 4091 4108
f 4092 4108 4109
f 4109 4108 4125
f 4109 4125 4126
f 4126 4125 4142
f 4126 4142 4143
f 4143 4142 4159
f 4143 4159 4160
f 4160 4159 4176
f 4160 4176 4177
f 4177 4176 4193
f 4177 4193 4194
f 4194 4193 4210
f 4194 4210 4211
f 4211 4210 4227
f 4211 4227 4228
f 4228 4227 4244
f 4228 4244 4245
f 4245 4244 4261
f 4245 4261 4262
f 4262 4261 4278
f 4262 4278 4279
f 4279 4278 4295
f 4279 4295 4296
f 4296 4295 4312
f 4296 4312 4313
f 4313 4312 4329
f 4313 4329 4330
f 4330 4329 4346
f 4330 4346 4347
f 4347 4346 4363
f 4347 4363 4364
f 4364 4363 4380
f 4364 4380 4381
f 4381 4380 4397
f 4381 4397 4398
f 4398 4397 4414
f 4398 4414 4415
f 4415 4414 4431
f 4415 4431 4432
f 4432 4431 4448
f 4432 4448 4449
f 4449 4448 4465
f 4449 4465 4466
f 4466 4465 4482
f 4466 4482 4483
f 4483 4482 4499
f 4483 4499 4500
f 4500 4499 4516
f 4500 4516 4517
f 4517 4516 4533
f 4517 4533 4534
f 4534 4533 4550
f 4534 4550 4551
f 4551 4550 4567
f 4551 4567 4568
f 4568 4567 4584
f 4568 4584 4585
f 4585 4584 4601
f 4585 4601 4602
f 4602 4601 4618
f 4602 4618 4619
f 4619 4618 4635
f 4619 4635 4636
f 4636 4635 4652
f 4636 4652 4653
f 4653 4652 4669
f 4653 4669 4670
f 4670 4669 4686
f 4670 4686 4687
f 4687 4686 4703
f 4687 4703 4704
f 4704 4703 4720
f 4704 4720 4721
f 4721 4720 4737
f 4721 4737 4738
f 4738 4737 4754
f 4738 4754 4755
f 4755 4754 4771
f 4755 4771 4772
f 4772 4771 4788
f 4772 4788 4789
f 4789 4788 4805
f 4789 4805 4806
f 4806 4805 4822
f 4806 4822 4823
f 4823 4822 4839
f 4823 4839 4840
f 4840 4839 4856
f 4840 4856 4857
f 4857 4856 4873
f 4857 4873 4874
f 4874 4873 4890
f 4874 4890 4891
f 4891 4890 4907
f 4891 4907 4908
f 4908 4907 4924
f 4908 4924 4925
f 4925 4924 4941
f 4925 4941 4942
f 4942 4941 4958
f 4942 4958 4959
f 4959 4958 4975
f 4959 4975 4976
f 4976 4975 4992
f 4976 4992 4993
f 4993 4992 5009
f 4993 5009 5010
f 5010 5009 5026
f 5010 5026 5027
f 5027 5026 5043
f 5027 5043 5044
f 5044 5043 5060
f 5044 5060 5061
f 5061 5060 5077
f 5061 5077 5078
f 5078 5077 5090
f 5078 5090 5091
f 5091 5090 5103
f 5091 5103 5104
f 5104 5103 5113
f 5104 5113 5114
f 5114 5113 5122
f 5114 5122 5123
f 5123 5122 5131
f 5123 5131 5132
f 5132 5131 5140
f 5132 5140 5141
f 5141 5140 5148
f 5141 5148 5149
f 5149 5148 5156
f 5149 5156 5157
f 5157 5156 5163
f 5157 5163 5164
f 1798 1797 1814
f 1798 1814 1815
f 1815 1814 1831
f 1815 1831 1832
f 1832 1831 1848
f 1832 1848 1849
f 1849 1848 1865
f 1849 1865 1866
f 1866 1865 1882
f 1866 1882 1883
f 1883 1882 1899
f 1883 1899 1900
f 1900 1899 1916
f 1900 1916 1917
f 1917 1916 1933
f 1917 1933 1934
f 1934 1933 1950
f 1934 1950 1951
f 1951 1950 1967
f 1951 1967 1968
f 1968 1967 1984
f 1968 1984 1985
f 1985 1984 2001
f 1985 2001 2002
f 2002 2001 2018
f 2002 2018 2019
f 2019 2018 2035
f 2019 2035 2036
f 2036 2035 2052
f 2036 2052 2053
f 2053 2052 2069
f 2053 2069 2070
f 2070 2069 2086
f 2070 2086 2087
f 2087 2086 2103
f 2087 2103 2104
f 2104 2103 2120
f 2104 2120 2121
f 2121 2120 2137
f 2121 2137 2138
f 2138 2137 2154
f 2138 2154 2155
f 2155 2154 2171
f 2155 2171 2172
f 2172 2171 2188
f 2172 2188 2189
f 2189 2188 2205
f 2189 2205 2206
f 2206 2205 2222
f 2206 2222 2223
f 2223 2222 2239
f 2223 2239 2240
f 2240 2239 2256
f 2240 2256 2257
f 2257 2256 2273
f 2257 2273 2274
f 2274 2273 2290
f 2274 2290 2291
f 2291 2290 2307
f 2291 2307 2308
f 2308 2307 2324
f 2308 2324 2325
f 2325 2324 2341
f 2325 2341 2342
f 2342 2341 2358
f 2342 2358 2359
f 2359 2358 2375
f 2359 2375 2376
f 2376 2375 2392
f 2376 2392 2393
f 2393 2392 2409
f 2393 2409 2410
f 2410 2409 2426
f 2410 2426 2427
f 2427 2426 2443
f 2427 2443 2444
f 2444 2443 2460
f 2444 2460 2461
f 2461 2460 2477
f 2461 2477 2478
f 2478 2477 2494
f 2478 2494 2495
f 2495 2494 2511
f 2495 2511 2512
f 2512 2511 2528
f 2512 2528 2529
f 2529 2528 2545
f 2529 2545 2546
f 2546 2545 2562
f 2546 2562 2563
f 2563 2562 2579
f 2563 2579 2580
f 2580 2579 2596
f 2580 2596 2597
f 2597 2596 2613
f 2597 2613 2614
f 2614 2613 2630
f 2614 2630 2631
f 2631 2630 2647
f 2631 2647 2648
f 2648 2647 2664
f 2648 2664 2665
f 2665 2664 2681
f 2665 2681 2682
f 2682 2681 2698
f 2682 2698 2699
f 2699 2698 2715
f 2699 2715 2716
f 2716 2715 2732
f 2716 2732 2733
f 2733 2732 2749
f 2733 2749 2750
f 2750 2749 2766
f 2750 2766 2767
f 2767 2766 2783
f 2767 2783 2784
f 2784 2783 2800
f 2784 2800 2801
f 2801 2800 2817
f 2801 2817 2818
f 2818 2817 2834
f 2818 2834 2835
f 2835 2834 2851
f 2835 2851 2852
f 2852 2851 2868
f 2852 2868 2869
f 2869 2868 2885
f 2869 2885 2886
f 2886 2885 2902
f 2886 2902 2903
f 2903 2902 2919
f 2903 2919 2920
f 2920 2919 2936
f 2920 2936 2937
f 2937 2936 2953
f 2937 2953 2954
f 2954 2953 2970
f 2954 2970 2971
f 2971 2970 2987
f 2971 2987 2988
f 2988 2987 3004
f 2988 3004 3005
f 3005 3004 3021
f 3005 3021 3022
f 3022 3021 3038
f 3022 3038 3039
f 3039 3038 3055
f 3039 3055 3056
f 3056 3055 3072
f 3056 3072 3073
f 3073 3072 3089
f 3073 3089 3090
f 3090 3089 3106
f 3090 3106 3107
f 3107 3106 3123
f 3107 3123 3124
f 3124 3123 3140
f 3124 3140 3141
f 3141 3140 3157
f 3141 3157 3158
f 3158 3157 3174
f 3158 3174 3175
f 3175 3174 3191
f 3175 3191 3192
f 3192 3191 3208
f 3192 3208 3209
f 3209 3208 3225
f 3209 3225 3226
f 3226 3225 3242
f 3226 3242 3243
f 3243 3242 3259
f 3243 3259 3260
f 3260 3259 3276
f 3260 3276 3277
f 3277 3276 3293
f 3277 3293 3294
f 3294 3293 3310
f 3294 3310 3311
f 3311 3310 3327
f 3311 3327 3328
f 3328 3327 3344
f 3328 3344 3345
f 3345 3344 3361
f 3345 3361 3362
f 3362 3361 3378
f 3362 3378 3379
f 3379 3378 3395
f 3379 3395 3396
f 3396 3395 3412
f 3396 3412 3413
f 3413 3412 3429
f 3413 3429 3430
f 3430 3429 3446
f 3430 3446 3447
f 3447 3446 3463
f 3447 3463 3464
f 3464 3463 3480
f 3464 3480 3481
f 3481 3480 3497
f 3481 3497 3498
f 3498 3497 3514
f 3498 3514 3515
f 3515 3514 3531
f 3515 3531 3532
f 3532 3531 3548
f 3532 3548 3549
f 3549 3548 3565
f 3549 3565 3566
f 3566 3565 3582
f 3566 3582 3583
f 3583 3582 3599
f 3583 3599 3600
f 3600 3599 3616
f 3600 3616 3617
f 3617 3616 3633
f 3617 3633 3634
f 3634 3633 3650
f 3634 3650 3651
f 3651 3650 3667
f 3651 3667 3668
f 3668 3667 3684
f 3668 3684 3685
f 3685 3684 3701
f 3685 3701 3702
f 3702 3701 3718
f 3702 3718 3719
f 3719 3718 3735
f 3719 3735 3736
f 3736 3735 3752
f 3736 3752 3753
f 3753 3752 3769
f 3753 3769 3770
f 3770 3769 3786
f 3770 3786 3787
f 3787 3786 3803
f 3787 3803 3804
f 3804 3803 3820
f 3804 3820 3821
f 3821 3820 3837
f 3821 3837 3838
f 3838 3837 3854
f 3838 3854 3855
f 3855 3854 3871
f 3855 3871 3872
f 3872 3871 3888
f 3872 3888 3889
f 3889 3888 3905
f 3889 3905 3906
f 3906 3905 3922
f 3906 3922 3923
f 3923 3922 3939
f 3923 3939 3940
f 3940 3939 3956
f 3940 3956 3957
f 3957 3956 3973
f 3957 3973 3974
f 3974 3973 3990
f 3974 3990 3991
f 3991 3990 4007
f 3991 4007 4008
f 4008 4007 4024
f 4008 4024 4025
f 4025 4024 4041
f 4025 4041 4042
f 4042 4041 4058
f 4042 4058 4059
f 4059 4058 4075
f 4059 4075 4076
f 4076 4075 4092
f 4076 4092 4093
f 4093 4092 4109
f 4093 4109 4110
f 4110 4109 4126
f 4110 4126 4127
f 4127 4126 4143
f 4127 4143 4144
f 4144 4143 4160
f 4144 4160 4161
f 4161 4160 4177
f 4161 4177 4178
f 4178 4177 4194
f 4178 4194 4195
f 4195 4194 4211
f 4195 4211 4212
f 4212 4211 4228
f 4212 4228 4229
f 4229 4228 4245
f 4229 4245 4246
f 4246 4245 4262
f 4246 4262 4263
f 4263 4262 4279
f 4263 4279 4280
f 4280 4279 4296
f 4280 4296 4297
f 4297 4296 4313
f 4297 4313 4314
f 4314 4313 4330
f 4314 4330 4331
f 4331 4330 4347
f 4331 4347 4348
f 4348 4347 4364
f 4348 4364 4365
f 4365 4364 4381
f 4365 4381 4382
f 4382 4381 4398
f 4382 4398 4399
f 4399 4398 4415
f 4399 4415 4416
f 4416 4415 4432
f 4416 4432 4433
f 4433 4432 4449
f 4433 4449 4450
f 4450 4449 4466
f 4450 4466 4467
f 4467 4466 4483
f 4467 4483 4484
f 4484 4483 4500
f 4484 4500 4501
f 4501 4500 4517
f 4501 4517 4518
f 4518 4517 4534
f 4518 4534 4535
f 4535 4534 4551
f 4535 4551 4552
f 4552 4551 4568
f 4552 4568 4569
f 4569 4568 4585
f 4569 4585 4586
f 4586 4585 4602
f 4586 4602 4603
f 4603 4602 4619
f 4603 4619 4620
f 4620 4619 4636
f 4620 4636 4637
f 4637 4636 4653
f 4637 4653 4654
f 4654 4653 4670
f 4654 4670 4671
f 4671 4670 4687
f 4671 4687 4688
f 4688 4687 4704
f 4688 4704 4705
f 4705 4704 4721
f 4705 4721 4722
f 4722 4721 4738
f 4722 4738 4739
f 4739 4738 4755
f 4739 4755 4756
f 4756 4755 4772
f 4756 4772 4773
f 4773 4772 4789
f 4773 4789 4790
f 4790 4789 4806
f 4790 4806 4807
f 4807 4806 4823
f 4807 4823 4824
f 4824 4823 4840
f 4824 4840 4841
f 4841 4840 4857
f 4841 4857 4858
f 4858 4857 4874
f 4858 4874 4875
f 4875 4874 4891
f 4875 4891 4892
f 4892 4891 4908
f 4892 4908 4909
f 4909 4908 4925
f 4909 4925 4926
f 4926 4925 4942
f 4926 4942 4943
f 4943 4942 4959
f 4943 4959 4960
f 4960 4959 4976
f 4960 4976 4977
f 4977 4976 4993
f 4977 4993 4994
f 4994 4993 5010
f 4994 5010 5011
f 5011 5010 5027
f 5011 5027 5028
f 5028 5027 5044
f 5028 5044 5045
f 5045 5044 5061
f 5045 5061 5062
f 5062 5061 5078
f 5062 5078 5079
f 5079 5078 5091
f 5079 5091 5092
f 5092 5091 5104
f 5092 5104 5105
f 5105 5104 5114
f 5105 5114 5115
f 5115 5114 5123
f 5115 5123 5124
f 5124 5123 5132
f 5124 5132 5133
f 5133 5132 5141
f 5133 5141 5142
f 5142 5141 5149
f 5142 5149 5150
f 5150 5149 5157
f 5150 5157 5158
f 5158 5157 5165
f 5165 5157 5164
f 5094 5082 5081
f 5081 5082 5064
f 5085 5084 5097
f 5085 5097 5098
f 5098 5097 5108
f 5108 5097 5107
f 5086 5085 5098
f 5086 5098 5099
f 5099 5098 5108
f 5099 5108 5109
f 5109 5108 5118
f 5087 5086 5099
f 5087 5099 5100
f 5100 5099 5109
f 5100 5109 5110
f 5110 5109 5118
f 5110 5118 5119
f 5088 5087 5100
f 5088 5100 5101
f 5101 5100 5110
f 5101 5110 5111
f 5111 5110 5119
f 5111 5119 5120
f 5097 5084 5083
f 5135 5136 5126
f 5138 5137 5145
f 5138 5145 5146
f 5137 5136 5145
f 5154 5153 5161
f 5170 5171 5166
f 5173 5169 5168
f 5173 5168 5172
f 5172 5168 5167
f 5175 5251 5174
f 5174 5251 5212
f 5174 5212 5213
f 5251 5175 5250
f 5250 5175 5176
f 5250 5176 5249
f 5249 5176 5177
f 5249 5177 5248
f 5248 5177 5178
f 5248 5178 5247
f 5247 5178 5246
f 5246 5178 5179
f 5246 5179 5245
f 5245 5179 5180
f 5245 5180 5244
f 5244 5180 5243
f 5243 5180 5242
f 5242 5180 5181
f 5242 5181 5241
f 5241 5181 5240
f 5240 5181 5239
f 5239 5181 5238
f 5238 5181 5182
f 5238 5182 5237
f 5237 5182 5236
f 5236 5182 5235
f 5235 5182 5183
f 5235 5183 5234
f 5234 5183 5184
f 5234 5184 5185
f 5234 5185 5233
f 5233 5185 5186
f 5233 5186 5187
f 5233 5187 5232
f 5232 5187 5188
f 5232 5188 5189
f 5232 5189 5231
f 5231 5189 5190
f 5231 5190 5230
f 5230 5190 5191
f 5230 5191 5229
f 5229 5191 5192
f 5229 5192 5228
f 5228 5192 5193
f 5228 5193 5227
f 5227 5193 5226
f 5226 5193 5225
f 5225 5193 5224
f 5224 5193 5223
f 5223 5193 5222
f 5222 5193 5221
f 5221 5193 5220
f 5220 5193 5219
f 5219 5193 5218
f 5218 5193 5194
f 5218 5194 5195
f 5195 5196 5218
f 5218 5196 5197
f 5218 5197 5198
f 5198 5199 5218
f 5218 5199 5200
f 5218 5200 5201
f 5201 5202 5218
f 5218 5202 5203
f 5218 5203 5204
f 5204 5205 5218
f 5218 5205 5206
f 5218 5206 5207
f 5218 5207 5217
f 5217 5207 5208
f 5217 5208 5216
f 5216 5208 5209
f 5216 5209 5215
f 5215 5209 5210
f 5215 5210 5214
f 5214 5210 5211
f 5214 5211 5213
f 5213 5211 5174
f 5252 5253 5288
f 5288 5253 5297
f 5288 5297 5321
f 5321 5297 5296
f 5321 5296 5322
f 5322 5296 5295
f 5322 5295 5323
f 5323 5295 5294
f 5323 5294 5324
f 5324 5294 5293
f 5293 5294 5302
f 5293 5302 5292
f 5292 5302 5307
f 5292 5307 5270
f 5270 5307 5306
f 5270 5306 5310
f 5310 5306 5305
f 5310 5305 5309
f 5309 5305 5304
f 5309 5304 5308
f 5308 5304 5256
f 5308 5256 5257
f 5297 5253 5298
f 5298 5253 5254
f 5298 5254 5299
f 5299 5254 5255
f 5299 5255 5303
f 5303 5255 5256
f 5303 5256 5304
f 5257 5258 5308
f 5308 5258 5312
f 5308 5312 5309
f 5309 5312 5313
f 5309 5313 5310
f 5310 5313 5290
f 5310 5290 5311
f 5311 5290 5270
f 5311 5270 5310
f 5312 5258 5314
f 5314 5258 5259
f 5314 5259 5291
f 5291 5259 5315
f 5291 5315 5260
f 5260 5315 5259
f 5260 5261 5291
f 5291 5261 5270
f 5291 5270 5290
f 5261 5262 5270
f 5270 5262 5263
f 5270 5263 5264
f 5264 5265 5270
f 5270 5265 5269
f 5269 5265 5268
f 5268 5265 5266
f 5268 5266 5267
f 5270 5271 5292
f 5292 5271 5289
f 5292 5289 5293
f 5293 5289 5325
f 5293 5325 5324
f 5324 5325 5318
f 5324 5318 5319
f 5319 5318 5331
f 5319 5331 5284
f 5284 5331 5283
f 5283 5331 5332
f 5283 5332 5333
f 5333 5332 5317
f 5333 5317 5316
f 5316 5317 5271
f 5316 5271 5327
f 5327 5271 5280
f 5327 5280 5329
f 5329 5280 5330
f 5329 5330 5282
f 5282 5330 5281
f 5281 5330 5280
f 5272 5273 5271
f 5271 5273 5275
f 5271 5275 5276
f 5273 5274 5275
f 5276 5277 5271
f 5271 5277 5278
f 5271 5278 5279
f 5279 5280 5271
f 5329 5282 5328
f 5328 5282 5283
f 5328 5283 5333
f 5319 5284 5320
f 5320 5284 5285
f 5320 5285 5322
f 5322 5285 5321
f 5285 5286 5321
f 5321 5286 5288
f 5286 5287 5288
f 5289 5271 5326
f 5326 5271 5325
f 5326 5325 5289
f 5294 5295 5300
f 5294 5300 5301
f 5301 5300 5305
f 5305 5300 5304
f 5295 5296 5300
f 5300 5296 5299
f 5300 5299 5304
f 5304 5299 5303
f 5298 5299 5297
f 5297 5299 5296
f 5294 5301 5302
f 5302 5301 5306
f 5302 5306 5307
f 5306 5301 5305
f 5291 5290 5313
f 5291 5313 5314
f 5314 5313 5312
f 5325 5271 5317
f 5325 5317 5318
f 5318 5317 5332
f 5318 5332 5331
f 5323 5324 5319
f 5322 5323 5320
f 5320 5323 5319
f 5327 5329 5328
f 5316 5327 5333
f 5333 5327 5328
f 5334 5335 5356
f 5356 5335 5336
f 5356 5336 5359
f 5359 5336 5337
f 5359 5337 5361
f 5361 5337 5360
f 5361 5360 5364
f 5364 5360 5363
f 5364 5363 5367
f 5367 5363 5339
f 5367 5339 5357
f 5357 5339 5341
f 5357 5341 5342
f 5337 5338 5360
f 5360 5338 5363
f 5338 5339 5363
f 5339 5340 5341
f 5357 5342 5358
f 5358 5342 5343
f 5358 5343 5375
f 5375 5343 5345
f 5375 5345 5376
f 5376 5345 5346
f 5376 5346 5377
f 5377 5346 5347
f 5377 5347 5378
f 5378 5347 5348
f 5378 5348 5379
f 5379 5348 5349
f 5379 5349 5350
f 5343 5344 5345
f 5350 5351 5379
f 5379 5351 5374
f 5379 5374 5378
f 5378 5374 5373
f 5378 5373 5377
f 5377 5373 5372
f 5377 5372 5376
f 5376 5372 5371
f 5376 5371 5375
f 5375 5371 5358
f 5351 5352 5374
f 5374 5352 5370
f 5374 5370 5373
f 5373 5370 5369
f 5373 5369 5368
f 5373 5368 5372
f 5372 5368 5367
f 5372 5367 5371
f 5371 5367 5358
f 5358 5367 5357
f 5352 5353 5370
f 5370 5353 5366
f 5370 5366 5369
f 5369 5366 5365
f 5369 5365 5364
f 5369 5364 5368
f 5368 5364 5367
f 5353 5354 5366
f 5366 5354 5362
f 5366 5362 5365
f 5365 5362 5361
f 5365 5361 5364
f 5354 5355 5362
f 5362 5355 5359
f 5362 5359 5361
f 5355 5356 5359
f 5381 5384 5380
f 5380 5384 5401
f 5380 5401 5397
f 5397 5401 5396
f 5396 5401 5395
f 5395 5401 5400
f 5395 5400 5394
f 5394 5400 5399
f 5394 5399 5393
f 5393 5399 5398
f 5393 5398 5392
f 5392 5398 5390
f 5392 5390 5391
f 5381 5382 5384
f 5384 5382 5383
f 5384 5385 5401
f 5401 5385 5400
f 5385 5386 5400
f 5400 5386 5399
f 5386 5387 5399
f 5399 5387 5398
f 5387 5388 5398
f 5398 5388 5389
f 5398 5389 5390
f 5402 5403 5419
f 5419 5403 5420
f 5419 5420 5418
f 5418 5420 5421
f 5418 5421 5417
f 5417 5421 5422
f 5417 5422 5416
f 5416 5422 5423
f 5416 5423 5415
f 5415 5423 5414
f 5414 5423 5413
f 5413 5423 5409
f 5413 5409 5412
f 5412 5409 5411
f 5411 5409 5410
f 5403 5404 5420
f 5420 5404 5406
f 5420 5406 5407
f 5404 5405 5406
f 5420 5407 5421
f 5421 5407 5408
f 5421 5408 5422
f 5422 5408 5409
f 5422 5409 5423
f 5425 5453 5424
f 5424 5453 5452
f 5424 5452 5446
f 5446 5452 5445
f 5445 5452 5468
f 5445 5468 5444
f 5444 5468 5473
f 5444 5473 5443
f 5443 5473 5442
f 5442 5473 5472
f 5442 5472 5441
f 5441 5472 5471
f 5441 5471 5440
f 5440 5471 5470
f 5440 5470 5439
f 5439 5470 5469
f 5439 5469 5438
f 5438 5469 5437
f 5437 5469 5464
f 5437 5464 5436
f 5436 5464 5448
f 5436 5448 5435
f 5435 5448 5457
f 5435 5457 5434
f 5434 5457 5461
f 5434 5461 5433
f 5433 5461 5462
f 5433 5462 5432
f 5432 5462 5447
f 5432 5447 5431
f 5431 5447 5429
f 5431 5429 5430
f 5425 5426 5453
f 5453 5426 5454
f 5453 5454 5452
f 5452 5454 5451
f 5452 5451 5468
f 5468 5451 5467
f 5468 5467 5473
f 5473 5467 5472
f 5454 5426 5458
f 5458 5426 5427
f 5458 5427 5459
f 5459 5427 5463
f 5459 5463 5460
f 5460 5463 5462
f 5460 5462 5461
f 5427 5428 5463
f 5463 5428 5447
f 5463 5447 5462
f 5428 5429 5447
f 5448 5449 5457
f 5457 5449 5456
f 5457 5456 5461
f 5461 5456 5460
f 5449 5450 5455
f 5449 5455 5456
f 5456 5455 5460
f 5460 5455 5459
f 5449 5448 5465
f 5465 5448 5464
f 5465 5464 5470
f 5470 5464 5469
f 5450 5451 5454
f 5450 5454 5455
f 5455 5454 5459
f 5459 5454 5458
f 5450 5449 5465
f 5450 5465 5466
f 5466 5465 5471
f 5471 5465 5470
f 5451 5450 5466
f 5451 5466 5467
f 5467 5466 5472
f 5472 5466 5471
f 5474 5475 5518
f 5518 5475 5521
f 5518 5521 5517
f 5517 5521 5522
f 5517 5522 5516
f 5516 5522 5523
f 5516 5523 5515
f 5515 5523 5513
f 5515 5513 5514
f 5521 5475 5524
f 5524 5475 5476
f 5524 5476 5527
f 5527 5476 5477
f 5527 5477 5530
f 5530 5477 5478
f 5530 5478 5533
f 5533 5478 5479
f 5533 5479 5536
f 5536 5479 5520
f 5536 5520 5543
f 5543 5520 5540
f 5543 5540 5541
f 5541 5540 5546
f 5541 5546 5505
f 5505 5546 5504
f 5504 5546 5549
f 5504 5549 5503
f 5503 5549 5552
f 5503 5552 5502
f 5502 5552 5554
f 5502 5554 5501
f 5501 5554 5558
f 5501 5558 5500
f 5500 5558 5557
f 5500 5557 5499
f 5499 5557 5563
f 5499 5563 5498
f 5498 5563 5566
f 5498 5566 5497
f 5497 5566 5569
f 5497 5569 5496
f 5496 5569 5572
f 5496 5572 5494
f 5494 5572 5493
f 5493 5572 5571
f 5493 5571 5492
f 5492 5571 5570
f 5492 5570 5491
f 5491 5570 5489
f 5491 5489 5490
f 5479 5480 5520
f 5520 5480 5539
f 5520 5539 5540
f 5540 5539 5545
f 5540 5545 5546
f 5546 5545 5549
f 5480 5481 5539
f 5539 5481 5544
f 5539 5544 5545
f 5545 5544 5548
f 5545 5548 5549
f 5549 5548 5552
f 5481 5482 5544
f 5544 5482 5547
f 5544 5547 5548
f 5548 5547 5551
f 5548 5551 5552
f 5552 5551 5554
f 5482 5483 5547
f 5547 5483 5550
f 5547 5550 5551
f 5551 5550 5553
f 5551 5553 5554
f 5554 5553 5558
f 5483 5484 5550
f 5550 5484 5519
f 5550 5519 5553
f 5553 5519 5559
f 5553 5559 5558
f 5558 5559 5557
f 5484 5485 5519
f 5519 5485 5560
f 5519 5560 5559
f 5559 5560 5556
f 5559 5556 5557
f 5557 5556 5563
f 5560 5485 5555
f 5555 5485 5486
f 5555 5486 5561
f 5561 5486 5487
f 5561 5487 5564
f 5564 5487 5488
f 5564 5488 5567
f 5567 5488 5489
f 5567 5489 5570
f 5494 5495 5496
f 5505 5506 5541
f 5541 5506 5542
f 5541 5542 5543
f 5543 5542 5537
f 5543 5537 5536
f 5536 5537 5533
f 5506 5507 5542
f 5542 5507 5538
f 5542 5538 5537
f 5537 5538 5534
f 5537 5534 5533
f 5533 5534 5530
f 5507 5508 5538
f 5538 5508 5535
f 5538 5535 5534
f 5534 5535 5531
f 5534 5531 5530
f 5530 5531 5527
f 5508 5509 5535
f 5535 5509 5532
f 5535 5532 5531
f 5531 5532 5528
f 5531 5528 5527
f 5527 5528 5524
f 5509 5510 5532
f 5532 5510 5529
f 5532 5529 5528
f 5528 5529 5525
f 5528 5525 5524
f 5524 5525 5521
f 5510 5511 5529
f 5529 5511 5526
f 5529 5526 5525
f 5525 5526 5522
f 5525 5522 5521
f 5511 5512 5526
f 5526 5512 5523
f 5526 5523 5522
f 5512 5513 5523
f 5560 5555 5556
f 5556 5555 5562
f 5556 5562 5563
f 5563 5562 5566
f 5555 5561 5562
f 5562 5561 5565
f 5562 5565 5566
f 5566 5565 5569
f 5561 5564 5565
f 5565 5564 5568
f 5565 5568 5569
f 5569 5568 5572
f 5564 5567 5568
f 5568 5567 5571
f 5568 5571 5572
f 5570 5571 5567
f 5574 5619 5573
f 5573 5619 5620
f 5573 5620 5598
f 5598 5620 5597
f 5597 5620 5621
f 5597 5621 5622
f 5619 5574 5618
f 5618 5574 5575
f 5618 5575 5617
f 5617 5575 5576
f 5617 5576 5616
f 5616 5576 5577
f 5616 5577 5615
f 5615 5577 5625
f 5615 5625 5614
f 5626 5578 5579
f 5626 5579 5613
f 5613 5579 5580
f 5613 5580 5612
f 5612 5580 5581
f 5612 5581 5611
f 5611 5581 5582
f 5611 5582 5610
f 5610 5582 5583
f 5610 5583 5609
f 5609 5583 5584
f 5609 5584 5608
f 5608 5584 5585
f 5608 5585 5607
f 5607 5585 5586
f 5607 5586 5606
f 5606 5586 5587
f 5606 5587 5605
f 5605 5587 5588
f 5605 5588 5604
f 5604 5588 5589
f 5604 5589 5603
f 5603 5589 5590
f 5603 5590 5602
f 5602 5590 5591
f 5602 5591 5601
f 5601 5591 5600
f 5600 5591 5592
f 5600 5592 5599
f 5599 5592 5593
f 5599 5593 5594
f 5595 5623 5594
f 5594 5623 5624
f 5594 5624 5599
f 5595 5596 5623
f 5623 5596 5622
f 5622 5596 5597
f 5627 5628 5633
f 5633 5628 5629
f 5633 5629 5630
f 5631 5632 5630
f 5630 5632 5633
f 5634 5635 5649
f 5649 5635 5648
f 5648 5635 5636
f 5648 5636 5647
f 5647 5636 5646
f 5646 5636 5637
f 5646 5637 5645
f 5645 5637 5638
f 5645 5638 5639
f 5640 5643 5639
f 5639 5643 5644
f 5639 5644 5645
f 5641 5642 5640
f 5640 5642 5643
f 5650 5651 5673
f 5673 5651 5652
f 5673 5652 5653
f 5673 5653 5676
f 5676 5653 5654
f 5676 5654 5678
f 5678 5654 5677
f 5678 5677 5681
f 5681 5677 5680
f 5681 5680 5684
f 5684 5680 5656
f 5684 5656 5674
f 5674 5656 5658
f 5674 5658 5659
f 5654 5655 5677
f 5677 5655 5680
f 5655 5656 5680
f 5656 5657 5658
f 5674 5659 5675
f 5675 5659 5660
f 5675 5660 5692
f 5692 5660 5662
f 5692 5662 5693
f 5693 5662 5663
f 5693 5663 5694
f 5694 5663 5664
f 5694 5664 5695
f 5695 5664 5665
f 5695 5665 5696
f 5696 5665 5666
f 5696 5666 5667
f 5660 5661 5662
f 5667 5668 5696
f 5696 5668 5691
f 5696 5691 5695
f 5695 5691 5690
f 5695 5690 5694
f 5694 5690 5689
f 5694 5689 5693
f 5693 5689 5688
f 5693 5688 5692
f 5692 5688 5675
f 5668 5669 5691
f 5691 5669 5687
f 5691 5687 5690
f 5690 5687 5686
f 5690 5686 5685
f 5690 5685 5689
f 5689 5685 5684
f 5689 5684 5688
f 5688 5684 5675
f 5675 5684 5674
f 5669 5670 5687
f 5687 5670 5683
f 5687 5683 5686
f 5686 5683 5682
f 5686 5682 5681
f 5686 5681 5685
f 5685 5681 5684
f 5670 5671 5683
f 5683 5671 5679
f 5683 5679 5682
f 5682 5679 5678
f 5682 5678 5681
f 5671 5672 5679
f 5679 5672 5676
f 5679 5676 5678
f 5672 5673 5676
f 5698 5701 5697
f 5697 5701 5718
f 5697 5718 5714
f 5714 5718 5713
f 5713 5718 5712
f 5712 5718 5717
f 5712 5717 5711
f 5711 5717 5716
f 5711 5716 5710
f 5710 5716 5715
f 5710 5715 5709
f 5709 5715 5707
f 5709 5707 5708
f 5698 5699 5701
f 5701 5699 5700
f 5701 5702 5718
f 5718 5702 5717
f 5702 5703 5717
f 5717 5703 5716
f 5703 5704 5716
f 5716 5704 5715
f 5704 5705 5715
f 5715 5705 5706
f 5715 5706 5707
f 5719 5720 5736
f 5736 5720 5737
f 5736 5737 5735
f 5735 5737 5738
f 5735 5738 5734
f 5734 5738 5739
f 5734 5739 5733
f 5733 5739 5740
f 5733 5740 5732
f 5732 5740 5731
f 5731 5740 5730
f 5730 5740 5726
f 5730 5726 5729
f 5729 5726 5728
f 5728 5726 5727
f 5720 5721 5737
f 5737 5721 5723
f 5737 5723 5724
f 5721 5722 5723
f 5737 5724 5738
f 5738 5724 5725
f 5738 5725 5739
f 5739 5725 5726
f 5739 5726 5740
f 5742 5770 5741
f 5741 5770 5769
f 5741 5769 5763
f 5763 5769 5762
f 5762 5769 5785
f 5762 5785 5761
f 5761 5785 5790
f 5761 5790 5760
f 5760 5790 5759
f 5759 5790 5789
f 5759 5789 5758
f 5758 5789 5788
f 5758 5788 5757
f 5757 5788 5787
f 5757 5787 5756
f 5756 5787 5786
f 5756 5786 5755
f 5755 5786 5754
f 5754 5786 5781
f 5754 5781 5753
f 5753 5781 5765
f 5753 5765 5752
f 5752 5765 5774
f 5752 5774 5751
f 5751 5774 5778
f 5751 5778 5750
f 5750 5778 5779
f 5750 5779 5749
f 5749 5779 5764
f 5749 5764 5748
f 5748 5764 5746
f 5748 5746 5747
f 5742 5743 5770
f 5770 5743 5771
f 5770 5771 5769
f 5769 5771 5768
f 5769 5768 5785
f 5785 5768 5784
f 5785 5784 5790
f 5790 5784 5789
f 5771 5743 5775
f 5775 5743 5744
f 5775 5744 5776
f 5776 5744 5780
f 5776 5780 5777
f 5777 5780 5779
f 5777 5779 5778
f 5744 5745 5780
f 5780 5745 5764
f 5780 5764 5779
f 5745 5746 5764
f 5765 5766 5774
f 5774 5766 5773
f 5774 5773 5778
f 5778 5773 5777
f 5766 5767 5772
f 5766 5772 5773
f 5773 5772 5777
f 5777 5772 5776
f 5766 5765 5782
f 5782 5765 5781
f 5782 5781 5787
f 5787 5781 5786
f 5767 5768 5771
f 5767 5771 5772
f 5772 5771 5776
f 5776 5771 5775
f 5767 5766 5782
f 5767 5782 5783
f 5783 5782 5788
f 5788 5782 5787
f 5768 5767 5783
f 5768 5783 5784
f 5784 5783 5789
f 5789 5783 5788
f 5791 5792 5835
f 5835 5792 5838
f 5835 5838 5834
f 5834 5838 5839
f 5834 5839 5833
f 5833 5839 5840
f 5833 5840 5832
f 5832 5840 5830
f 5832 5830 5831
f 5838 5792 5841
f 5841 5792 5793
f 5841 5793 5844
f 5844 5793 5794
f 5844 5794 5847
f 5847 5794 5795
f 5847 5795 5850
f 5850 5795 5796
f 5850 5796 5853
f 5853 5796 5837
f 5853 5837 5860
f 5860 5837 5857
f 5860 5857 5858
f 5858 5857 5863
f 5858 5863 5822
f 5822 5863 5821
f 5821 5863 5866
f 5821 5866 5820
f 5820 5866 5869
f 5820 5869 5819
f 5819 5869 5871
f 5819 5871 5818
f 5818 5871 5875
f 5818 5875 5817
f 5817 5875 5874
f 5817 5874 5816
f 5816 5874 5880
f 5816 5880 5815
f 5815 5880 5883
f 5815 5883 5814
f 5814 5883 5886
f 5814 5886 5813
f 5813 5886 5889
f 5813 5889 5811
f 5811 5889 5810
f 5810 5889 5888
f 5810 5888 5809
f 5809 5888 5887
f 5809 5887 5808
f 5808 5887 5806
f 5808 5806 5807
f 5796 5797 5837
f 5837 5797 5856
f 5837 5856 5857
f 5857 5856 5862
f 5857 5862 5863
f 5863 5862 5866
f 5797 5798 5856
f 5856 5798 5861
f 5856 5861 5862
f 5862 5861 5865
f 5862 5865 5866
f 5866 5865 5869
f 5798 5799 5861
f 5861 5799 5864
f 5861 5864 5865
f 5865 5864 5868
f 5865 5868 5869
f 5869 5868 5871
f 5799 5800 5864
f 5864 5800 5867
f 5864 5867 5868
f 5868 5867 5870
f 5868 5870 5871
f 5871 5870 5875
f 5800 5801 5867
f 5867 5801 5836
f 5867 5836 5870
f 5870 5836 5876
f 5870 5876 5875
f 5875 5876 5874
f 5801 5802 5836
f 5836 5802 5877
f 5836 5877 5876
f 5876 5877 5873
f 5876 5873 5874
f 5874 5873 5880
f 5877 5802 5872
f 5872 5802 5803
f 5872 5803 5878
f 5878 5803 5804
f 5878 5804 5881
f 5881 5804 5805
f 5881 5805 5884
f 5884 5805 5806
f 5884 5806 5887
f 5811 5812 5813
f 5822 5823 5858
f 5858 5823 5859
f 5858 5859 5860
f 5860 5859 5854
f 5860 5854 5853
f 5853 5854 5850
f 5823 5824 5859
f 5859 5824 5855
f 5859 5855 5854
f 5854 5855 5851
f 5854 5851 5850
f 5850 5851 5847
f 5824 5825 5855
f 5855 5825 5852
f 5855 5852 5851
f 5851 5852 5848
f 5851 5848 5847
f 5847 5848 5844
f 5825 5826 5852
f 5852 5826 5849
f 5852 5849 5848
f 5848 5849 5845
f 5848 5845 5844
f 5844 5845 5841
f 5826 5827 5849
f 5849 5827 5846
f 5849 5846 5845
f 5845 5846 5842
f 5845 5842 5841
f 5841 5842 5838
f 5827 5828 5846
f 5846 5828 5843
f 5846 5843 5842
f 5842 5843 5839
f 5842 5839 5838
f 5828 5829 5843
f 5843 5829 5840
f 5843 5840 5839
f 5829 5830 5840
f 5877 5872 5873
f 5873 5872 5879
f 5873 5879 5880
f 5880 5879 5883
f 5872 5878 5879
f 5879 5878 5882
f 5879 5882 5883
f 5883 5882 5886
f 5878 5881 5882
f 5882 5881 5885
f 5882 5885 5886
f 5886 5885 5889
f 5881 5884 5885
f 5885 5884 5888
f 5885 5888 5889
f 5887 5888 5884
f 5890 5891 5896
f 5896 5891 5892
f 5896 5892 5893
f 5894 5895 5893
f 5893 5895 5896
f 5898 5905 5897
f 5897 5905 5906
f 5897 5906 5907
f 5905 5898 5904
f 5904 5898 5899
f 5904 5899 5900
f 5904 5900 5903
f 5903 5900 5901
f 5903 5901 5902
f 5908 5911 5907
f 5907 5911 5912
f 5907 5912 5897
f 5909 5910 5908
f 5908 5910 5911
f 5931 5913 5930
f 5930 5913 5914
f 5930 5914 5915
f 5930 5915 5929
f 5929 5915 5916
f 5929 5916 5928
f 5928 5916 5927
f 5927 5916 5917
f 5927 5917 5926
f 5926 5917 5918
f 5926 5918 5919
f 5926 5919 5925
f 5925 5919 5920
f 5925 5920 5924
f 5924 5920 5921
f 5924 5921 5922
f 5922 5923 5924
f 5933 5936 5932
f 5932 5936 5937
f 5932 5937 5938
f 5933 5934 5936
f 5936 5934 5935
f 5957 5939 5956
f 5956 5939 5940
f 5956 5940 5941
f 5956 5941 5955
f 5955 5941 5942
f 5955 5942 5954
f 5954 5942 5953
f 5953 5942 5943
f 5953 5943 5952
f 5952 5943 5944
f 5952 5944 5945
f 5952 5945 5951
f 5951 5945 5946
f 5951 5946 5950
f 5950 5946 5947
f 5950 5947 5948
f 5948 5949 5950
f 5959 5962 5958
f 5958 5962 5963
f 5958 5963 5964
f 5959 5960 5962
f 5962 5960 5961
f 6004 5965 6003
f 6003 5965 5966
f 6003 5966 6002
f 6002 5966 5967
f 6002 5967 6001
f 6001 5967 5968
f 6001 5968 6000
f 6000 5968 5969
f 6000 5969 5999
f 5999 5969 5970
f 5999 5970 5998
f 5998 5970 5971
f 5998 5971 5997
f 5997 5971 5972
f 5997 5972 5996
f 5996 5972 5973
f 5996 5973 5995
f 5995 5973 5974
f 5995 5974 5994
f 5994 5974 5975
f 5994 5975 5993
f 5993 5975 5976
f 5993 5976 5992
f 5992 5976 5977
f 5992 5977 5991
f 5991 5977 5978
f 5991 5978 5990
f 5990 5978 5979
f 5990 5979 5989
f 5989 5979 5980
f 5989 5980 5988
f 5988 5980 5981
f 5988 5981 5987
f 5987 5981 5982
f 5987 5982 5986
f 5986 5982 5983
f 5986 5983 5985
f 5985 5983 5984
