mtllib Corpo1__1_.mtl
v -0.0038132798671722413 0.005348219871520996 0.09300000190734864
v -0.004548520147800446 0.004817129969596863 0.09300000190734864
v -0.0052043598890304564 0.004190199971199036 0.09300000190734864
v -0.005768880248069763 0.003480300009250641 0.09300000190734864
v -0.006232969760894776 0.0027004000544548034 0.09300000190734864
v -0.006588169932365418 0.0018672099709510803 0.09300000190734864
v -0.006829879879951477 0.0009952600300312043 0.09300000190734864
v -0.006962810158729554 -0.0008095899969339371 0.09300000190734864
v -0.0066284602880477906 -0.002587980031967163 0.09300000190734864
v -0.005856069922447205 -0.004223499894142151 0.09300000190734864
v -0.004698370099067688 -0.005617560148239136 0.09300000190734864
v -0.0032343998551368713 -0.006683509945869446 0.09300000190734864
v -0.0015135100483894348 -0.0072691100835800175 0.09305858612060547
v 0.00029810000211000443 -0.007419009804725647 0.09311718940734863
v 0.00209184005856514 -0.007124239802360535 0.09317578315734863
v 0.0037602001428604127 -0.006402459740638733 0.09323437690734863
v 0.0052031797170639035 -0.005296930074691773 0.09329297065734864
v 0.00633430004119873 -0.0038739201426506043 0.09335156440734864
v 0.007085760235786438 -0.002218720018863678 0.09341015815734864
v 0.0074125099182128906 -0.0004305199906229973 0.09346875190734863
v 0.0072949701547622686 0.0013834699988365174 0.09352733612060547
v 0.00674019992351532 0.0031145399808883666 0.09358593940734863
v 0.005781430006027222 0.004658940136432648 0.09364453315734864
v 0.0044761401414871215 0.005924090147018433 0.09370312690734864
v 0.0029025599360466003 0.006834160089492798 0.09376172065734864
v 0.0011550000309944154 0.007334619760513306 0.09382031440734863
v -0.0006617800146341324 0.007395449876785278 0.09387890815734863
v -0.002438890039920807 0.007013019919395447 0.09393750190734863
v -0.004069829881191254 0.00621025025844574 0.09399608612060548
v -0.005456820130348206 0.005035250186920166 0.09405468940734864
v -0.006516749858856201 0.0035584500432014467 0.09411328315734864
v -0.007186089754104614 0.0018683600425720215 0.09417187690734863
v -0.007424700260162354 6.628999952226877e-05 0.09423047065734863
v -0.007218300104141235 -0.0017397500574588777 0.09428906440734863
v -0.00657925009727478 -0.0034415200352668762 0.09434765815734864
v -0.005545859932899475 -0.004937010109424591 0.09440625190734864
v -0.0041800600290298464 -0.006136590242385865 0.09446483612060547
v -0.0025637200474739074 -0.006968349814414979 0.09452343940734864
v -0.0007937200367450714 -0.007382450103759766 0.09458203315734863
v 0.001023859977722168 -0.0073540699481964115 0.09464062690734863
v 0.0027800700068473815 -0.0068848997354507445 0.09469922065734863
v 0.004369649887084961 -0.006003069877624512 0.09475781440734864
v 0.005697320103645325 -0.0047614300251007085 0.09481640815734864
v 0.006683509945869446 -0.0032343998551368713 0.09487500190734864
v 0.0072691100835800175 -0.0015135100483894348 0.09493358612060547
v 0.007419009804725647 0.00029810000211000443 0.09499218940734863
v 0.007124239802360535 0.00209184005856514 0.09505078315734863
v 0.006402459740638733 0.0037602001428604127 0.09510937690734864
v 0.005296930074691773 0.0052031797170639035 0.09516797065734864
v 0.0038739201426506043 0.00633430004119873 0.09522656440734864
v 0.002218720018863678 0.007085760235786438 0.09528515815734863
v 0.0004305199906229973 0.0074125099182128906 0.09534375190734863
v -0.0013834699988365174 0.0072949701547622686 0.09540233612060547
v -0.0031145399808883666 0.00674019992351532 0.09546093940734864
v -0.004658940136432648 0.005781430006027222 0.09551953315734864
v -0.005924090147018433 0.0044761401414871215 0.09557812690734864
v -0.006834160089492798 0.0029025599360466003 0.09563672065734863
v -0.007334619760513306 0.0011550000309944154 0.09569531440734863
v -0.007395449876785278 -0.0006617800146341324 0.09575390815734863
v -0.007013019919395447 -0.002438890039920807 0.09581250190734864
v -0.00621025025844574 -0.004069829881191254 0.09587108612060546
v -0.005035250186920166 -0.005456820130348206 0.09592968940734864
v -0.0035584500432014467 -0.006516749858856201 0.09598828315734864
v -0.0018683600425720215 -0.007186089754104614 0.09604687690734863
v -6.628999952226877e-05 -0.007424700260162354 0.09610547065734863
v 0.0017397500574588777 -0.007218300104141235 0.09616406440734863
v 0.0034415200352668762 -0.00657925009727478 0.09622265815734864
v 0.004937010109424591 -0.005545859932899475 0.09628125190734864
v 0.006136590242385865 -0.0041800600290298464 0.09633983612060547
v 0.006968349814414979 -0.0025637200474739074 0.09639843940734863
v 0.007382450103759766 -0.0007937200367450714 0.09645703315734863
v 0.0073540699481964115 0.001023859977722168 0.09651562690734863
v 0.0068848997354507445 0.0027800700068473815 0.09657422065734864
v 0.006003069877624512 0.004369649887084961 0.09663281440734864
v 0.0047614300251007085 0.005697320103645325 0.09669140815734864
v 0.0032343998551368713 0.006683509945869446 0.09675000190734863
v 0.0015135100483894348 0.0072691100835800175 0.09680858612060547
v -0.00029810000211000443 0.007419009804725647 0.09686718940734863
v -0.00209184005856514 0.007124239802360535 0.09692578315734864
v -0.0037602001428604127 0.006402459740638733 0.09698437690734864
v -0.0052031797170639035 0.005296930074691773 0.09704297065734864
v -0.00633430004119873 0.0038739201426506043 0.09710156440734863
v -0.007085760235786438 0.002218720018863678 0.09716015815734863
v -0.0074125099182128906 0.0004305199906229973 0.09721875190734863
v -0.0072949701547622686 -0.0013834699988365174 0.09727733612060548
v -0.00674019992351532 -0.0031145399808883666 0.09733593940734864
v -0.005781430006027222 -0.004658940136432648 0.09739453315734864
v -0.0044761401414871215 -0.005924090147018433 0.09745312690734864
v -0.0029025599360466003 -0.006834160089492798 0.09751172065734863
v -0.0011550000309944154 -0.007334619760513306 0.09757031440734863
v 0.0006617800146341324 -0.007395449876785278 0.09762890815734863
v 0.002438890039920807 -0.007013019919395447 0.09768750190734864
v 0.004069829881191254 -0.00621025025844574 0.09774608612060547
v 0.005456820130348206 -0.005035250186920166 0.09780468940734864
v 0.006516749858856201 -0.0035584500432014467 0.09786328315734863
v 0.007186089754104614 -0.0018683600425720215 0.09792187690734863
v 0.007424700260162354 -6.628999952226877e-05 0.09798047065734863
v 0.007218300104141235 0.0017397500574588777 0.09803906440734864
v 0.00657925009727478 0.0034415200352668762 0.09809765815734864
v 0.005545859932899475 0.004937010109424591 0.09815625190734864
v 0.0041800600290298464 0.006136590242385865 0.09821483612060547
v 0.0025637200474739074 0.006968349814414979 0.09827343940734863
v 0.0007937200367450714 0.007382450103759766 0.09833203315734863
v -0.001023859977722168 0.0073540699481964115 0.09839062690734864
v -0.0027800700068473815 0.0068848997354507445 0.09844922065734864
v -0.004369649887084961 0.006003069877624512 0.09850781440734864
v -0.005697320103645325 0.0047614300251007085 0.09856640815734863
v -0.006683509945869446 0.0032343998551368713 0.09862500190734863
v -0.0072691100835800175 0.0015135100483894348 0.09868358612060547
v -0.007419009804725647 -0.00029810000211000443 0.09874218940734864
v -0.007124239802360535 -0.00209184005856514 0.09880078315734864
v -0.006402459740638733 -0.0037602001428604127 0.09885937690734864
v -0.005296930074691773 -0.0052031797170639035 0.09891797065734864
v -0.0038739201426506043 -0.00633430004119873 0.09897656440734863
v -0.002218720018863678 -0.007085760235786438 0.09903515815734863
v -0.0004305199906229973 -0.0074125099182128906 0.09909375190734863
v 0.0013834699988365174 -0.0072949701547622686 0.09915233612060548
v 0.0031145399808883666 -0.00674019992351532 0.09921093940734864
v 0.004658940136432648 -0.005781430006027222 0.09926953315734864
v 0.005924090147018433 -0.0044761401414871215 0.09932812690734863
v 0.006834160089492798 -0.0029025599360466003 0.09938672065734863
v 0.007334619760513306 -0.0011550000309944154 0.09944531440734863
v 0.007395449876785278 0.0006617800146341324 0.09950390815734864
v 0.007013019919395447 0.002438890039920807 0.09956250190734864
v 0.00621025025844574 0.004069829881191254 0.09962108612060547
v 0.005035250186920166 0.005456820130348206 0.09967968940734863
v 0.0035584500432014467 0.006516749858856201 0.09973828315734863
v 0.0018683600425720215 0.007186089754104614 0.09979687690734863
v 6.628999952226877e-05 0.007424700260162354 0.09985547065734864
v -0.0017397500574588777 0.007218300104141235 0.09991406440734864
v -0.0034415200352668762 0.00657925009727478 0.09997265815734864
v -0.004937010109424591 0.005545859932899475 0.10003125190734863
v -0.006136590242385865 0.0041800600290298464 0.10008983612060547
v -0.006968349814414979 0.0025637200474739074 0.10014843940734863
v -0.007382450103759766 0.0007937200367450714 0.10020703315734864
v -0.0073540699481964115 -0.001023859977722168 0.10026562690734864
v -0.0068848997354507445 -0.0027800700068473815 0.10032422065734864
v -0.006003069877624512 -0.004369649887084961 0.10038281440734864
v -0.0047614300251007085 -0.005697320103645325 0.10044140815734863
v -0.0032343998551368713 -0.006683509945869446 0.10050000190734863
v -0.0015135100483894348 -0.0072691100835800175 0.10055858612060548
v 0.00029810000211000443 -0.007419009804725647 0.10061718940734864
v 0.00209184005856514 -0.007124239802360535 0.10067578315734864
v 0.0037602001428604127 -0.006402459740638733 0.10073437690734864
v 0.0052031797170639035 -0.005296930074691773 0.10079297065734863
v 0.00633430004119873 -0.0038739201426506043 0.10085156440734863
v 0.007085760235786438 -0.002218720018863678 0.10091015815734863
v 0.0074125099182128906 -0.0004305199906229973 0.10096875190734864
v 0.0072949701547622686 0.0013834699988365174 0.10102733612060547
v 0.00674019992351532 0.0031145399808883666 0.10108593940734864
v 0.005781430006027222 0.004658940136432648 0.10114453315734863
v 0.0044761401414871215 0.005924090147018433 0.10120312690734863
v 0.0029025599360466003 0.006834160089492798 0.10126172065734863
v 0.0011550000309944154 0.007334619760513306 0.10132031440734864
v -0.0006617800146341324 0.007395449876785278 0.10137890815734864
v -0.002438890039920807 0.007013019919395447 0.10143750190734864
v -0.004069829881191254 0.00621025025844574 0.10149608612060547
v -0.005456820130348206 0.005035250186920166 0.10155468940734863
v -0.006516749858856201 0.0035584500432014467 0.10161328315734863
v -0.007186089754104614 0.0018683600425720215 0.10167187690734864
v -0.007424700260162354 6.628999952226877e-05 0.10173047065734864
v -0.007218300104141235 -0.0017397500574588777 0.10178906440734864
v -0.00657925009727478 -0.0034415200352668762 0.10184765815734864
v -0.005545859932899475 -0.004937010109424591 0.10190625190734863
v -0.0041800600290298464 -0.006136590242385865 0.10196483612060547
v -0.0025637200474739074 -0.006968349814414979 0.10202343940734863
v -0.0007937200367450714 -0.007382450103759766 0.10208203315734864
v 0.001023859977722168 -0.0073540699481964115 0.10214062690734864
v 0.0027800700068473815 -0.0068848997354507445 0.10219922065734864
v 0.004369649887084961 -0.006003069877624512 0.10225781440734863
v 0.005697320103645325 -0.0047614300251007085 0.10231640815734863
v 0.006683509945869446 -0.0032343998551368713 0.10237500190734863
v 0.0072691100835800175 -0.0015135100483894348 0.10243358612060548
v 0.007419009804725647 0.00029810000211000443 0.10249218940734864
v 0.007124239802360535 0.00209184005856514 0.10255078315734864
v 0.006402459740638733 0.0037602001428604127 0.10260937690734863
v 0.005296930074691773 0.0052031797170639035 0.10266797065734863
v 0.0038739201426506043 0.00633430004119873 0.10272656440734863
v 0.002218720018863678 0.007085760235786438 0.10278515815734864
v 0.0004305199906229973 0.0074125099182128906 0.10284375190734864
v -0.0013834699988365174 0.0072949701547622686 0.10290233612060547
v -0.0031145399808883666 0.00674019992351532 0.10296093940734863
v -0.004658940136432648 0.005781430006027222 0.10301953315734863
v -0.005924090147018433 0.0044761401414871215 0.10307812690734863
v -0.006834160089492798 0.0029025599360466003 0.10313672065734864
v -0.007334619760513306 0.0011550000309944154 0.10319531440734864
v -0.007395449876785278 -0.0006617800146341324 0.10325390815734864
v -0.007013019919395447 -0.002438890039920807 0.10331250190734864
v -0.00621025025844574 -0.004069829881191254 0.10337108612060547
v -0.005035250186920166 -0.005456820130348206 0.10342968940734863
v -0.0035584500432014467 -0.006516749858856201 0.10348828315734863
v -0.0018683600425720215 -0.007186089754104614 0.10354687690734864
v -6.628999952226877e-05 -0.007424700260162354 0.10360547065734864
v 0.0017397500574588777 -0.007218300104141235 0.10366406440734864
v 0.0034415200352668762 -0.00657925009727478 0.10372265815734863
v 0.004937010109424591 -0.005545859932899475 0.10378125190734863
v 0.006136590242385865 -0.0041800600290298464 0.10383983612060547
v 0.006968349814414979 -0.0025637200474739074 0.10389843940734864
v 0.007382450103759766 -0.0007937200367450714 0.10395703315734864
v 0.0073540699481964115 0.001023859977722168 0.10401562690734864
v 0.0068848997354507445 0.0027800700068473815 0.10407422065734863
v 0.006003069877624512 0.004369649887084961 0.10413281440734863
v 0.0047614300251007085 0.005697320103645325 0.10419140815734863
v 0.0032343998551368713 0.006683509945869446 0.10425000190734864
v 0.0015135100483894348 0.0072691100835800175 0.10430858612060546
v -0.00029810000211000443 0.007419009804725647 0.10436718940734864
v -0.00209184005856514 0.007124239802360535 0.10442578315734863
v -0.0037602001428604127 0.006402459740638733 0.10448437690734863
v -0.0052031797170639035 0.005296930074691773 0.10454297065734863
v -0.00633430004119873 0.0038739201426506043 0.10460156440734864
v -0.007085760235786438 0.002218720018863678 0.10466015815734864
v -0.0074125099182128906 0.0004305199906229973 0.10471875190734864
v -0.0072949701547622686 -0.0013834699988365174 0.10477733612060547
v -0.00674019992351532 -0.0031145399808883666 0.10483593940734863
v -0.005781430006027222 -0.004658940136432648 0.10489453315734863
v -0.0044761401414871215 -0.005924090147018433 0.10495312690734863
v -0.0029025599360466003 -0.006834160089492798 0.10501172065734864
v -0.0011550000309944154 -0.007334619760513306 0.10507031440734864
v 0.0006617800146341324 -0.007395449876785278 0.10512890815734864
v 0.002438890039920807 -0.007013019919395447 0.10518750190734863
v 0.004069829881191254 -0.00621025025844574 0.10524608612060547
v 0.005456820130348206 -0.005035250186920166 0.10530468940734863
v 0.006516749858856201 -0.0035584500432014467 0.10536328315734864
v 0.007186089754104614 -0.0018683600425720215 0.10542187690734864
v 0.007424700260162354 -6.628999952226877e-05 0.10548047065734864
v 0.007218300104141235 0.0017397500574588777 0.10553906440734863
v 0.00657925009727478 0.0034415200352668762 0.10559765815734863
v 0.005545859932899475 0.004937010109424591 0.10565625190734863
v 0.0041800600290298464 0.006136590242385865 0.10571483612060548
v 0.0025637200474739074 0.006968349814414979 0.10577343940734864
v 0.0007937200367450714 0.007382450103759766 0.10583203315734864
v -0.001023859977722168 0.0073540699481964115 0.10589062690734863
v -0.0027800700068473815 0.0068848997354507445 0.10594922065734863
v -0.004369649887084961 0.006003069877624512 0.10600781440734863
v -0.005697320103645325 0.0047614300251007085 0.10606640815734864
v -0.006683509945869446 0.0032343998551368713 0.10612500190734864
v -0.0072691100835800175 0.0015135100483894348 0.10618358612060547
v -0.007419009804725647 -0.00029810000211000443 0.10624218940734864
v -0.007124239802360535 -0.00209184005856514 0.10630078315734863
v -0.006402459740638733 -0.0037602001428604127 0.10635937690734863
v -0.005296930074691773 -0.0052031797170639035 0.10641797065734863
v -0.0038739201426506043 -0.00633430004119873 0.10647656440734864
v -0.002218720018863678 -0.007085760235786438 0.10653515815734864
v -0.0004305199906229973 -0.0074125099182128906 0.10659375190734864
v 0.0013834699988365174 -0.0072949701547622686 0.10665233612060547
v 0.0031145399808883666 -0.00674019992351532 0.10671093940734863
v 0.004658940136432648 -0.005781430006027222 0.10676953315734863
v 0.005924090147018433 -0.0044761401414871215 0.10682812690734864
v 0.006834160089492798 -0.0029025599360466003 0.10688672065734864
v 0.007334619760513306 -0.0011550000309944154 0.10694531440734864
v 0.007395449876785278 0.0006617800146341324 0.10700390815734863
v 0.007013019919395447 0.002438890039920807 0.10706250190734863
v 0.00621025025844574 0.004069829881191254 0.10712108612060547
v 0.005035250186920166 0.005456820130348206 0.10717968940734864
v 0.0035584500432014467 0.006516749858856201 0.10723828315734864
v 0.0018683600425720215 0.007186089754104614 0.10729687690734864
v 6.628999952226877e-05 0.007424700260162354 0.10735547065734863
v -0.0017397500574588777 0.007218300104141235 0.10741406440734863
v -0.0034415200352668762 0.00657925009727478 0.10747265815734863
v -0.004937010109424591 0.005545859932899475 0.10753125190734864
v -0.006136590242385865 0.0041800600290298464 0.10758983612060546
v -0.006968349814414979 0.0025637200474739074 0.10764843940734864
v -0.007382450103759766 0.0007937200367450714 0.10770703315734864
v -0.0073540699481964115 -0.001023859977722168 0.10776562690734863
v -0.0068848997354507445 -0.0027800700068473815 0.10782422065734863
v -0.006003069877624512 -0.004369649887084961 0.10788281440734863
v -0.0047614300251007085 -0.005697320103645325 0.10794140815734864
v -0.0032343998551368713 -0.006683509945869446 0.10800000190734864
v -0.0015135100483894348 -0.0072691100835800175 0.10805858612060547
v 0.00029810000211000443 -0.007419009804725647 0.10811718940734863
v 0.00209184005856514 -0.007124239802360535 0.10817578315734863
v 0.0037602001428604127 -0.006402459740638733 0.10823437690734863
v 0.0052031797170639035 -0.005296930074691773 0.10829297065734864
v 0.00633430004119873 -0.0038739201426506043 0.10835156440734864
v 0.007085760235786438 -0.002218720018863678 0.10841015815734864
v 0.0074125099182128906 -0.0004305199906229973 0.10846875190734863
v 0.0072949701547622686 0.0013834699988365174 0.10852733612060547
v 0.00674019992351532 0.0031145399808883666 0.10858593940734863
v 0.005781430006027222 0.004658940136432648 0.10864453315734864
v 0.0044761401414871215 0.005924090147018433 0.10870312690734864
v 0.0029025599360466003 0.006834160089492798 0.10876172065734864
v 0.0011550000309944154 0.007334619760513306 0.10882031440734863
v -0.0006617800146341324 0.007395449876785278 0.10887890815734863
v -0.002438890039920807 0.007013019919395447 0.10893750190734863
v -0.004069829881191254 0.00621025025844574 0.10899608612060548
v -0.005456820130348206 0.005035250186920166 0.10905468940734864
v -0.006516749858856201 0.0035584500432014467 0.10911328315734864
v -0.007186089754104614 0.0018683600425720215 0.10917187690734864
v -0.007424700260162354 6.628999952226877e-05 0.10923047065734863
v -0.007218300104141235 -0.0017397500574588777 0.10928906440734863
v -0.00657925009727478 -0.0034415200352668762 0.10934765815734863
v -0.005545859932899475 -0.004937010109424591 0.10940625190734864
v -0.0041800600290298464 -0.006136590242385865 0.10946483612060547
v -0.0025637200474739074 -0.006968349814414979 0.10952343940734864
v -0.0007937200367450714 -0.007382450103759766 0.10958203315734863
v 0.001023859977722168 -0.0073540699481964115 0.10964062690734863
v 0.0027800700068473815 -0.0068848997354507445 0.10969922065734863
v 0.004369649887084961 -0.006003069877624512 0.10975781440734864
v 0.005697320103645325 -0.0047614300251007085 0.10981640815734864
v 0.006683509945869446 -0.0032343998551368713 0.10987500190734864
v 0.0072691100835800175 -0.0015135100483894348 0.10993358612060547
v 0.007419009804725647 0.00029810000211000443 0.10999218940734863
v 0.007124239802360535 0.00209184005856514 0.11005078315734863
v 0.006402459740638733 0.0037602001428604127 0.11010937690734864
v 0.005296930074691773 0.0052031797170639035 0.11016797065734864
v 0.0038739201426506043 0.00633430004119873 0.11022656440734864
v 0.002218720018863678 0.007085760235786438 0.11028515815734863
v 0.0004305199906229973 0.0074125099182128906 0.11034375190734863
v -0.0013834699988365174 0.0072949701547622686 0.11040233612060547
v -0.0031145399808883666 0.00674019992351532 0.11046093940734864
v -0.004658940136432648 0.005781430006027222 0.11051953315734864
v -0.005924090147018433 0.0044761401414871215 0.11057812690734864
v -0.006834160089492798 0.0029025599360466003 0.11063672065734864
v -0.007334619760513306 0.0011550000309944154 0.11069531440734863
v -0.007395449876785278 -0.0006617800146341324 0.11075390815734863
v -0.007013019919395447 -0.002438890039920807 0.11081250190734863
v -0.00621025025844574 -0.004069829881191254 0.11087108612060548
v -0.005035250186920166 -0.005456820130348206 0.11092968940734864
v -0.0035584500432014467 -0.006516749858856201 0.11098828315734864
v -0.0018683600425720215 -0.007186089754104614 0.11104687690734863
v -6.628999952226877e-05 -0.007424700260162354 0.11110547065734863
v 0.0017397500574588777 -0.007218300104141235 0.11116406440734863
v 0.0034415200352668762 -0.00657925009727478 0.11122265815734864
v 0.004937010109424591 -0.005545859932899475 0.11128125190734864
v 0.006136590242385865 -0.0041800600290298464 0.11133983612060547
v 0.006968349814414979 -0.0025637200474739074 0.11139843940734863
v 0.007382450103759766 -0.0007937200367450714 0.11145703315734863
v 0.0073540699481964115 0.001023859977722168 0.11151562690734863
v 0.0068848997354507445 0.0027800700068473815 0.11157422065734864
v 0.006003069877624512 0.004369649887084961 0.11163281440734864
v 0.0047614300251007085 0.005697320103645325 0.11169140815734864
v 0.0032343998551368713 0.006683509945869446 0.11175000190734863
v 0.0015135100483894348 0.0072691100835800175 0.11180858612060547
v -0.00029810000211000443 0.007419009804725647 0.11186718940734863
v -0.00209184005856514 0.007124239802360535 0.11192578315734864
v -0.0037602001428604127 0.006402459740638733 0.11198437690734864
v -0.0052031797170639035 0.005296930074691773 0.11204297065734864
v -0.00633430004119873 0.0038739201426506043 0.11210156440734864
v -0.007085760235786438 0.002218720018863678 0.11216015815734863
v -0.0074125099182128906 0.0004305199906229973 0.11221875190734863
v -0.0072949701547622686 -0.0013834699988365174 0.11227733612060548
v -0.00674019992351532 -0.0031145399808883666 0.11233593940734864
v -0.005781430006027222 -0.004658940136432648 0.11239453315734864
v -0.0044761401414871215 -0.005924090147018433 0.11245312690734864
v -0.0029025599360466003 -0.006834160089492798 0.11251172065734863
v -0.0011550000309944154 -0.007334619760513306 0.11257031440734863
v 0.0006617800146341324 -0.007395449876785278 0.11262890815734863
v 0.002438890039920807 -0.007013019919395447 0.11268750190734864
v 0.004069829881191254 -0.00621025025844574 0.11274608612060547
v 0.005456820130348206 -0.005035250186920166 0.11280468940734864
v 0.006516749858856201 -0.0035584500432014467 0.11286328315734863
v 0.007186089754104614 -0.0018683600425720215 0.11292187690734863
v 0.007424700260162354 -6.628999952226877e-05 0.11298047065734863
v 0.007218300104141235 0.0017397500574588777 0.11303906440734864
v 0.00657925009727478 0.0034415200352668762 0.11309765815734864
v 0.005545859932899475 0.004937010109424591 0.11315625190734864
v 0.0041800600290298464 0.006136590242385865 0.11321483612060547
v 0.0025637200474739074 0.006968349814414979 0.11327343940734863
v 0.0007937200367450714 0.007382450103759766 0.11333203315734863
v -0.001023859977722168 0.0073540699481964115 0.11339062690734864
v -0.0027800700068473815 0.0068848997354507445 0.11344922065734864
v -0.004369649887084961 0.006003069877624512 0.11350781440734864
v -0.005697320103645325 0.0047614300251007085 0.11356640815734864
v -0.006683509945869446 0.0032343998551368713 0.11362500190734863
v -0.0072691100835800175 0.0015135100483894348 0.11368358612060547
v -0.007419009804725647 -0.00029810000211000443 0.11374218940734863
v -0.007124239802360535 -0.00209184005856514 0.11380078315734864
v -0.006402459740638733 -0.0037602001428604127 0.11385937690734864
v -0.005296930074691773 -0.0052031797170639035 0.11391797065734864
v -0.0038739201426506043 -0.00633430004119873 0.11397656440734863
v -0.002218720018863678 -0.007085760235786438 0.11403515815734863
v -0.0004305199906229973 -0.0074125099182128906 0.11409375190734863
v 0.0013834699988365174 -0.0072949701547622686 0.11415233612060548
v 0.0031145399808883666 -0.00674019992351532 0.11421093940734864
v 0.004658940136432648 -0.005781430006027222 0.11426953315734864
v 0.005924090147018433 -0.0044761401414871215 0.11432812690734863
v 0.006834160089492798 -0.0029025599360466003 0.11438672065734863
v 0.007334619760513306 -0.0011550000309944154 0.11444531440734863
v 0.007395449876785278 0.0006617800146341324 0.11450390815734864
v 0.007013019919395447 0.002438890039920807 0.11456250190734864
v 0.00621025025844574 0.004069829881191254 0.11462108612060547
v 0.005035250186920166 0.005456820130348206 0.11467968940734863
v 0.0035584500432014467 0.006516749858856201 0.11473828315734863
v 0.0018683600425720215 0.007186089754104614 0.11479687690734863
v 6.628999952226877e-05 0.007424700260162354 0.11485547065734864
v -0.0017397500574588777 0.007218300104141235 0.11491406440734864
v -0.0034415200352668762 0.00657925009727478 0.11497265815734864
v -0.004937010109424591 0.005545859932899475 0.11503125190734864
v -0.006136590242385865 0.0041800600290298464 0.11508983612060547
v -0.006968349814414979 0.0025637200474739074 0.11514843940734863
v -0.007382450103759766 0.0007937200367450714 0.11520703315734863
v -0.0073540699481964115 -0.001023859977722168 0.11526562690734864
v -0.0068848997354507445 -0.0027800700068473815 0.11532422065734864
v -0.006003069877624512 -0.004369649887084961 0.11538281440734864
v -0.0047614300251007085 -0.005697320103645325 0.11544140815734863
v -0.0032343998551368713 -0.006683509945869446 0.11550000190734863
v -0.0015135100483894348 -0.0072691100835800175 0.11555858612060547
v 0.00029810000211000443 -0.007419009804725647 0.11561718940734864
v 0.00209184005856514 -0.007124239802360535 0.11567578315734864
v 0.0037602001428604127 -0.006402459740638733 0.11573437690734864
v 0.0052031797170639035 -0.005296930074691773 0.11579297065734863
v 0.00633430004119873 -0.0038739201426506043 0.11585156440734863
v 0.007085760235786438 -0.002218720018863678 0.11591015815734863
v 0.0074125099182128906 -0.0004305199906229973 0.11596875190734864
v 0.0072949701547622686 0.0013834699988365174 0.11602733612060546
v 0.00674019992351532 0.0031145399808883666 0.11608593940734864
v 0.005781430006027222 0.004658940136432648 0.11614453315734863
v 0.0044761401414871215 0.005924090147018433 0.11620312690734863
v 0.0029025599360466003 0.006834160089492798 0.11626172065734863
v 0.0011550000309944154 0.007334619760513306 0.11632031440734864
v -0.0006617800146341324 0.007395449876785278 0.11637890815734864
v -0.002438890039920807 0.007013019919395447 0.11643750190734864
v -0.004069829881191254 0.00621025025844574 0.11649608612060547
v -0.005456820130348206 0.005035250186920166 0.11655468940734863
v -0.006516749858856201 0.0035584500432014467 0.11661328315734863
v -0.007186089754104614 0.0018683600425720215 0.11667187690734863
v -0.007424700260162354 6.628999952226877e-05 0.11673047065734864
v -0.007218300104141235 -0.0017397500574588777 0.11678906440734864
v -0.00657925009727478 -0.0034415200352668762 0.11684765815734864
v -0.005545859932899475 -0.004937010109424591 0.11690625190734863
v -0.0041800600290298464 -0.006136590242385865 0.11696483612060547
v -0.0025637200474739074 -0.006968349814414979 0.11702343940734863
v -0.0007937200367450714 -0.007382450103759766 0.11708203315734864
v 0.001023859977722168 -0.0073540699481964115 0.11714062690734864
v 0.0027800700068473815 -0.0068848997354507445 0.11719922065734864
v 0.004369649887084961 -0.006003069877624512 0.11725781440734863
v 0.005697320103645325 -0.0047614300251007085 0.11731640815734863
v 0.006683509945869446 -0.0032343998551368713 0.11737500190734863
v 0.0072691100835800175 -0.0015135100483894348 0.11743358612060548
v 0.007419009804725647 0.00029810000211000443 0.11749218940734864
v 0.007124239802360535 0.00209184005856514 0.11755078315734864
v 0.006402459740638733 0.0037602001428604127 0.11760937690734863
v 0.005296930074691773 0.0052031797170639035 0.11766797065734863
v 0.0038739201426506043 0.00633430004119873 0.11772656440734863
v 0.002218720018863678 0.007085760235786438 0.11778515815734864
v 0.0004305199906229973 0.0074125099182128906 0.11784375190734864
v -0.0013834699988365174 0.0072949701547622686 0.11790233612060547
v -0.0031145399808883666 0.00674019992351532 0.11796093940734864
v -0.004658940136432648 0.005781430006027222 0.11801953315734863
v -0.005924090147018433 0.0044761401414871215 0.11807812690734863
v -0.006834160089492798 0.0029025599360466003 0.11813672065734863
v -0.007334619760513306 0.0011550000309944154 0.11819531440734864
v -0.007395449876785278 -0.0006617800146341324 0.11825390815734864
v -0.007013019919395447 -0.002438890039920807 0.11831250190734864
v -0.00621025025844574 -0.004069829881191254 0.11837108612060547
v -0.005035250186920166 -0.005456820130348206 0.11842968940734863
v -0.0035584500432014467 -0.006516749858856201 0.11848828315734863
v -0.0018683600425720215 -0.007186089754104614 0.11854686737060548
v -6.628999952226877e-05 -0.007424700260162354 0.11860547065734864
v 0.0017397500574588777 -0.007218300104141235 0.11866406440734864
v 0.0034415200352668762 -0.00657925009727478 0.11872265815734863
v 0.004937010109424591 -0.005545859932899475 0.11878125190734863
v 0.006136590242385865 -0.0041800600290298464 0.11883983612060547
v 0.006968349814414979 -0.0025637200474739074 0.11889843940734864
v 0.007382450103759766 -0.0007937200367450714 0.11895703315734864
v 0.0073540699481964115 0.001023859977722168 0.11901562690734864
v 0.0068848997354507445 0.0027800700068473815 0.11907422065734863
v 0.006003069877624512 0.004369649887084961 0.11913281440734863
v 0.0047614300251007085 0.005697320103645325 0.11919140815734863
v 0.0032343998551368713 0.006683509945869446 0.11925000190734864
v 0.0015135100483894348 0.0072691100835800175 0.11930858612060546
v -0.00029810000211000443 0.007419009804725647 0.11936718940734864
v -0.00209184005856514 0.007124239802360535 0.11942578315734864
v -0.0037602001428604127 0.006402459740638733 0.11948437690734863
v -0.0052031797170639035 0.005296930074691773 0.11954297065734863
v -0.00633430004119873 0.0038739201426506043 0.11960156440734863
v -0.007085760235786438 0.002218720018863678 0.11966015815734864
v -0.0074125099182128906 0.0004305199906229973 0.11971875190734864
v -0.0072949701547622686 -0.0013834699988365174 0.11977733612060547
v -0.00674019992351532 -0.0031145399808883666 0.11983593940734863
v -0.005781430006027222 -0.004658940136432648 0.11989453315734863
v -0.0044761401414871215 -0.005924090147018433 0.11995311737060547
v -0.0029025599360466003 -0.006834160089492798 0.12001172065734864
v -0.0011550000309944154 -0.007334619760513306 0.12007031440734864
v 0.0006617800146341324 -0.007395449876785278 0.12012890815734864
v 0.002438890039920807 -0.007013019919395447 0.12018750190734863
v 0.004069829881191254 -0.00621025025844574 0.12024608612060547
v 0.005456820130348206 -0.005035250186920166 0.12030468940734863
v 0.006516749858856201 -0.0035584500432014467 0.12036328315734864
v 0.007186089754104614 -0.0018683600425720215 0.12042187690734864
v 0.007424700260162354 -6.628999952226877e-05 0.12048047065734864
v 0.007218300104141235 0.0017397500574588777 0.12053906440734864
v 0.00657925009727478 0.0034415200352668762 0.12059765815734863
v 0.005545859932899475 0.004937010109424591 0.12065625190734863
v 0.0041800600290298464 0.006136590242385865 0.12071483612060548
v 0.0025637200474739074 0.006968349814414979 0.12077343940734864
v 0.0007937200367450714 0.007382450103759766 0.12083203315734864
v -0.001023859977722168 0.0073540699481964115 0.12089062690734864
v -0.0027800700068473815 0.0068848997354507445 0.12094922065734863
v -0.004369649887084961 0.006003069877624512 0.12100781440734863
v -0.005697320103645325 0.0047614300251007085 0.12106640815734863
v -0.006683509945869446 0.0032343998551368713 0.12112500190734864
v -0.0072691100835800175 0.0015135100483894348 0.12118358612060547
v -0.007419009804725647 -0.00029810000211000443 0.12124218940734864
v -0.007124239802360535 -0.00209184005856514 0.12130078315734863
v -0.006402459740638733 -0.0037602001428604127 0.12135936737060547
v -0.005296930074691773 -0.0052031797170639035 0.12141797065734863
v -0.0038739201426506043 -0.00633430004119873 0.12147656440734864
v -0.002218720018863678 -0.007085760235786438 0.12153515815734864
v -0.0004305199906229973 -0.0074125099182128906 0.12159375190734864
v 0.0013834699988365174 -0.0072949701547622686 0.12165233612060547
v 0.0031145399808883666 -0.00674019992351532 0.12171093940734863
v 0.004658940136432648 -0.005781430006027222 0.12176953315734863
v 0.005924090147018433 -0.0044761401414871215 0.12182812690734864
v 0.006834160089492798 -0.0029025599360466003 0.12188672065734864
v 0.007334619760513306 -0.0011550000309944154 0.12194531440734864
v 0.007395449876785278 0.0006617800146341324 0.12200390815734864
v 0.007013019919395447 0.002438890039920807 0.12206250190734863
v 0.00621025025844574 0.004069829881191254 0.12212108612060547
v 0.005035250186920166 0.005456820130348206 0.12217968940734864
v 0.0035584500432014467 0.006516749858856201 0.12223828315734864
v 0.0018683600425720215 0.007186089754104614 0.12229687690734864
v 6.628999952226877e-05 0.007424700260162354 0.12235547065734864
v -0.0017397500574588777 0.007218300104141235 0.12241406440734863
v -0.0034415200352668762 0.00657925009727478 0.12247265815734863
v -0.004937010109424591 0.005545859932899475 0.12253125190734863
v -0.006136590242385865 0.0041800600290298464 0.12258983612060548
v -0.006968349814414979 0.0025637200474739074 0.12264843940734864
v -0.007382450103759766 0.0007937200367450714 0.12270703315734864
v -0.0073540699481964115 -0.001023859977722168 0.12276562690734863
v -0.0068848997354507445 -0.0027800700068473815 0.12282422065734863
v -0.006003069877624512 -0.004369649887084961 0.12288281440734863
v -0.0047614300251007085 -0.005697320103645325 0.12294140815734864
v -0.0032343998551368713 -0.006683509945869446 0.12300000190734864
v -0.0015135100483894348 -0.0072691100835800175 0.12305858612060547
v 0.00029810000211000443 -0.007419009804725647 0.12311718940734863
v 0.00209184005856514 -0.007124239802360535 0.12317578315734863
v 0.0037602001428604127 -0.006402459740638733 0.12323436737060547
v 0.0052031797170639035 -0.005296930074691773 0.12329297065734864
v 0.00633430004119873 -0.0038739201426506043 0.12335156440734864
v 0.007085760235786438 -0.002218720018863678 0.12341015815734864
v 0.0074125099182128906 -0.0004305199906229973 0.12346875190734864
v 0.0072949701547622686 0.0013834699988365174 0.12352733612060547
v 0.00674019992351532 0.0031145399808883666 0.12358593940734863
v 0.005781430006027222 0.004658940136432648 0.12364453315734864
v 0.0044761401414871215 0.005924090147018433 0.12370312690734864
v 0.0029025599360466003 0.006834160089492798 0.12376172065734864
v 0.0011550000309944154 0.007334619760513306 0.12382031440734864
v -0.0006617800146341324 0.007395449876785278 0.12387890815734863
v -0.002438890039920807 0.007013019919395447 0.12393750190734863
v -0.004069829881191254 0.00621025025844574 0.12399608612060548
v -0.005456820130348206 0.005035250186920166 0.12405468940734864
v -0.006516749858856201 0.0035584500432014467 0.12411328315734864
v -0.007186089754104614 0.0018683600425720215 0.12417186737060547
v -0.007424700260162354 6.628999952226877e-05 0.12423047065734863
v -0.007218300104141235 -0.0017397500574588777 0.12428906440734863
v -0.00657925009727478 -0.0034415200352668762 0.12434765815734863
v -0.005545859932899475 -0.004937010109424591 0.12440625190734864
v -0.0041800600290298464 -0.006136590242385865 0.12446483612060547
v -0.0025637200474739074 -0.006968349814414979 0.12452343940734864
v -0.0007937200367450714 -0.007382450103759766 0.12458203315734863
v 0.001023859977722168 -0.0073540699481964115 0.12464061737060547
v 0.0027800700068473815 -0.0068848997354507445 0.12469922065734863
v 0.004369649887084961 -0.006003069877624512 0.12475781440734864
v 0.005697320103645325 -0.0047614300251007085 0.12481640815734864
v 0.006683509945869446 -0.0032343998551368713 0.12487500190734864
v 0.0072691100835800175 -0.0015135100483894348 0.12493358612060547
v 0.007419009804725647 0.00029810000211000443 0.12499218940734863
v 0.007124239802360535 0.00209184005856514 0.12505078315734863
v 0.006402459740638733 0.0037602001428604127 0.12510936737060546
v 0.005296930074691773 0.0052031797170639035 0.12516797065734864
v 0.0038739201426506043 0.00633430004119873 0.12522656440734864
v 0.002218720018863678 0.007085760235786438 0.12528515815734864
v 0.0004305199906229973 0.0074125099182128906 0.12534375190734864
v -0.0013834699988365174 0.0072949701547622686 0.12540233612060547
v -0.0031145399808883666 0.00674019992351532 0.12546093940734865
v -0.004658940136432648 0.005781430006027222 0.12551953315734862
v -0.005924090147018433 0.0044761401414871215 0.12557811737060548
v -0.006834160089492798 0.0029025599360466003 0.12563672065734863
v -0.007334619760513306 0.0011550000309944154 0.12569531440734863
v -0.007395449876785278 -0.0006617800146341324 0.12575390815734863
v -0.007013019919395447 -0.002438890039920807 0.12581250190734863
v -0.00621025025844574 -0.004069829881191254 0.12587108612060546
v -0.005035250186920166 -0.005456820130348206 0.12592968940734864
v -0.0035584500432014467 -0.006516749858856201 0.12598828315734864
v -0.0018683600425720215 -0.007186089754104614 0.12604686737060547
v -6.628999952226877e-05 -0.007424700260162354 0.12610547065734865
v 0.0017397500574588777 -0.007218300104141235 0.12616406440734865
v 0.0034415200352668762 -0.00657925009727478 0.12622265815734862
v 0.004937010109424591 -0.005545859932899475 0.12628125190734862
v 0.006136590242385865 -0.0041800600290298464 0.12633983612060548
v 0.006968349814414979 -0.0025637200474739074 0.12639843940734863
v 0.007382450103759766 -0.0007937200367450714 0.12645703315734863
v 0.0073540699481964115 0.001023859977722168 0.12651561737060546
v 0.0068848997354507445 0.0027800700068473815 0.12657422065734864
v 0.006003069877624512 0.004369649887084961 0.12663281440734864
v 0.0047614300251007085 0.005697320103645325 0.12669140815734864
v 0.0032343998551368713 0.006683509945869446 0.12675000190734864
v 0.0015135100483894348 0.0072691100835800175 0.12680858612060547
v -0.00029810000211000443 0.007419009804725647 0.12686718940734865
v -0.00209184005856514 0.007124239802360535 0.12692578315734865
v -0.0037602001428604127 0.006402459740638733 0.12698436737060548
v -0.0052031797170639035 0.005296930074691773 0.12704297065734863
v -0.00633430004119873 0.0038739201426506043 0.12710156440734863
v -0.007085760235786438 0.002218720018863678 0.12716015815734863
v -0.0074125099182128906 0.0004305199906229973 0.12721875190734863
v -0.0072949701547622686 -0.0013834699988365174 0.12727733612060546
v -0.00674019992351532 -0.0031145399808883666 0.12733593940734864
v -0.005781430006027222 -0.004658940136432648 0.12739453315734864
v -0.0044761401414871215 -0.005924090147018433 0.12745311737060547
v -0.0029025599360466003 -0.006834160089492798 0.12751172065734864
v -0.0011550000309944154 -0.007334619760513306 0.12757031440734865
v 0.0006617800146341324 -0.007395449876785278 0.12762890815734865
v 0.002438890039920807 -0.007013019919395447 0.12768750190734862
v 0.004069829881191254 -0.00621025025844574 0.12774608612060548
v 0.005456820130348206 -0.005035250186920166 0.12780468940734863
v 0.006516749858856201 -0.0035584500432014467 0.12786328315734863
v 0.007186089754104614 -0.0018683600425720215 0.12792186737060546
v 0.007424700260162354 -6.628999952226877e-05 0.12798047065734863
v 0.007218300104141235 0.0017397500574588777 0.12803906440734864
v 0.00657925009727478 0.0034415200352668762 0.12809765815734864
v 0.005545859932899475 0.004937010109424591 0.12815625190734864
v 0.0041800600290298464 0.006136590242385865 0.12821483612060547
v 0.0025637200474739074 0.006968349814414979 0.12827343940734864
v 0.0007937200367450714 0.007382450103759766 0.12833203315734865
v -0.001023859977722168 0.0073540699481964115 0.12839061737060548
v -0.0027800700068473815 0.0068848997354507445 0.12844922065734862
v -0.004369649887084961 0.006003069877624512 0.12850781440734863
v -0.005697320103645325 0.0047614300251007085 0.12856640815734863
v -0.006683509945869446 0.0032343998551368713 0.12862500190734863
v -0.0072691100835800175 0.0015135100483894348 0.12868358612060546
v -0.007419009804725647 -0.00029810000211000443 0.12874218940734863
v -0.007124239802360535 -0.00209184005856514 0.12880078315734864
v -0.006402459740638733 -0.0037602001428604127 0.12885936737060547
v -0.005296930074691773 -0.0052031797170639035 0.12891797065734864
v -0.0038739201426506043 -0.00633430004119873 0.12897656440734864
v -0.002218720018863678 -0.007085760235786438 0.12903515815734865
v -0.0004305199906229973 -0.0074125099182128906 0.12909375190734865
v 0.0013834699988365174 -0.0072949701547622686 0.12915233612060548
v 0.0031145399808883666 -0.00674019992351532 0.12921093940734862
v 0.004658940136432648 -0.005781430006027222 0.12926953315734863
v 0.005924090147018433 -0.0044761401414871215 0.12932811737060548
v 0.006834160089492798 -0.0029025599360466003 0.12938672065734863
v 0.007334619760513306 -0.0011550000309944154 0.12944531440734863
v 0.007395449876785278 0.0006617800146341324 0.12950390815734864
v 0.007013019919395447 0.002438890039920807 0.12956250190734864
v 0.00621025025844574 0.004069829881191254 0.12962108612060547
v 0.005035250186920166 0.005456820130348206 0.12967968940734864
v 0.0035584500432014467 0.006516749858856201 0.12973828315734864
v 0.0018683600425720215 0.007186089754104614 0.12979686737060547
v 6.628999952226877e-05 0.007424700260162354 0.12985547065734865
v -0.0017397500574588777 0.007218300104141235 0.12991406440734862
v -0.0034415200352668762 0.00657925009727478 0.12997265815734863
v -0.004937010109424591 0.005545859932899475 0.13003125190734863
v -0.006136590242385865 0.0041800600290298464 0.13008983612060548
v -0.006968349814414979 0.0025637200474739074 0.13014843940734863
v -0.007382450103759766 0.0007937200367450714 0.13020703315734863
v -0.0073540699481964115 -0.001023859977722168 0.13026561737060546
v -0.0068848997354507445 -0.0027800700068473815 0.13032422065734864
v -0.006003069877624512 -0.004369649887084961 0.13038281440734864
v -0.0047614300251007085 -0.005697320103645325 0.13044140815734864
v -0.0032343998551368713 -0.006683509945869446 0.13050000190734865
v -0.0015135100483894348 -0.0072691100835800175 0.13055858612060547
v 0.00029810000211000443 -0.007419009804725647 0.13061718940734862
v 0.00209184005856514 -0.007124239802360535 0.13067578315734862
v 0.0037602001428604127 -0.006402459740638733 0.13073436737060548
v 0.0052031797170639035 -0.005296930074691773 0.13079297065734863
v 0.00633430004119873 -0.0038739201426506043 0.13085156440734863
v 0.007085760235786438 -0.002218720018863678 0.13091015815734863
v 0.0074125099182128906 -0.0004305199906229973 0.13096875190734864
v 0.0072949701547622686 0.0013834699988365174 0.13102733612060546
v 0.00674019992351532 0.0031145399808883666 0.13108593940734864
v 0.005781430006027222 0.004658940136432648 0.13114453315734864
v 0.0044761401414871215 0.005924090147018433 0.13120311737060547
v 0.0029025599360466003 0.006834160089492798 0.13126172065734865
v 0.0011550000309944154 0.007334619760513306 0.13132031440734865
v -0.0006617800146341324 0.007395449876785278 0.13137890815734862
v -0.002438890039920807 0.007013019919395447 0.13143750190734863
v -0.004069829881191254 0.00621025025844574 0.13149608612060548
v -0.005456820130348206 0.005035250186920166 0.13155468940734863
v -0.006516749858856201 0.0035584500432014467 0.13161328315734863
v -0.007186089754104614 0.0018683600425720215 0.13167186737060546
v -0.007424700260162354 6.628999952226877e-05 0.13173047065734864
v -0.007218300104141235 -0.0017397500574588777 0.13178906440734864
v -0.00657925009727478 -0.0034415200352668762 0.13184765815734864
v -0.005545859932899475 -0.004937010109424591 0.13190625190734864
v -0.0041800600290298464 -0.006136590242385865 0.13196483612060547
v -0.0025637200474739074 -0.006968349814414979 0.13202343940734865
v -0.0007937200367450714 -0.007382450103759766 0.13208203315734862
v 0.001023859977722168 -0.0073540699481964115 0.13214061737060548
v 0.0027800700068473815 -0.0068848997354507445 0.13219922065734863
v 0.004369649887084961 -0.006003069877624512 0.13225781440734863
v 0.005697320103645325 -0.0047614300251007085 0.13231640815734863
v 0.006683509945869446 -0.0032343998551368713 0.13237500190734863
v 0.0072691100835800175 -0.0015135100483894348 0.13243358612060546
v 0.007419009804725647 0.00029810000211000443 0.13249218940734864
v 0.007124239802360535 0.00209184005856514 0.13255078315734864
v 0.006402459740638733 0.0037602001428604127 0.13260936737060547
v 0.005296930074691773 0.0052031797170639035 0.13266797065734864
v 0.0038739201426506043 0.00633430004119873 0.13272656440734865
v 0.002218720018863678 0.007085760235786438 0.13278515815734865
v 0.0004305199906229973 0.0074125099182128906 0.13284375190734862
v -0.0013834699988365174 0.0072949701547622686 0.13290233612060548
v -0.0031145399808883666 0.00674019992351532 0.13296093940734863
v -0.004658940136432648 0.005781430006027222 0.13301953315734863
v -0.005924090147018433 0.0044761401414871215 0.13307811737060546
v -0.006834160089492798 0.0029025599360466003 0.13313672065734863
v -0.007334619760513306 0.0011550000309944154 0.13319531440734864
v -0.007395449876785278 -0.0006617800146341324 0.13325390815734864
v -0.007013019919395447 -0.002438890039920807 0.13331250190734864
v -0.00621025025844574 -0.004069829881191254 0.13337108612060547
v -0.005035250186920166 -0.005456820130348206 0.13342968940734865
v -0.0035584500432014467 -0.006516749858856201 0.13348828315734865
v -0.0018683600425720215 -0.007186089754104614 0.13354686737060548
v -6.628999952226877e-05 -0.007424700260162354 0.13360547065734862
v 0.0017397500574588777 -0.007218300104141235 0.13366406440734863
v 0.0034415200352668762 -0.00657925009727478 0.13372265815734863
v 0.004937010109424591 -0.005545859932899475 0.13378125190734863
v 0.006136590242385865 -0.0041800600290298464 0.13383983612060546
v 0.006968349814414979 -0.0025637200474739074 0.13389843940734864
v 0.007382450103759766 -0.0007937200367450714 0.13395703315734864
v 0.0073540699481964115 0.001023859977722168 0.13401561737060547
v 0.0068848997354507445 0.0027800700068473815 0.13407422065734864
v 0.006003069877624512 0.004369649887084961 0.13413281440734864
v 0.0047614300251007085 0.005697320103645325 0.13419140815734865
v 0.0032343998551368713 0.006683509945869446 0.13425000190734865
v 0.0015135100483894348 0.0072691100835800175 0.13430858612060548
v -0.00029810000211000443 0.007419009804725647 0.13436718940734863
v -0.00209184005856514 0.007124239802360535 0.13442578315734863
v -0.0037602001428604127 0.006402459740638733 0.13448436737060548
v -0.0052031797170639035 0.005296930074691773 0.13454297065734863
v -0.00633430004119873 0.0038739201426506043 0.13460156440734863
v -0.007085760235786438 0.002218720018863678 0.13466015815734864
v -0.0074125099182128906 0.0004305199906229973 0.13471875190734864
v -0.0072949701547622686 -0.0013834699988365174 0.13477733612060547
v -0.00674019992351532 -0.0031145399808883666 0.13483593940734864
v -0.005781430006027222 -0.004658940136432648 0.13489453315734865
v -0.0044761401414871215 -0.005924090147018433 0.13495311737060547
v -0.0029025599360466003 -0.006834160089492798 0.13501172065734865
v -0.0011550000309944154 -0.007334619760513306 0.13507031440734862
v 0.0006617800146341324 -0.007395449876785278 0.13512890815734863
v 0.002438890039920807 -0.007013019919395447 0.13518750190734863
v 0.004069829881191254 -0.00621025025844574 0.13524608612060549
v 0.005456820130348206 -0.005035250186920166 0.13530468940734863
v 0.006516749858856201 -0.0035584500432014467 0.13536328315734864
v 0.007186089754104614 -0.0018683600425720215 0.13542186737060546
v 0.007424700260162354 -6.628999952226877e-05 0.13548047065734864
v 0.007218300104141235 0.0017397500574588777 0.13553906440734864
v 0.00657925009727478 0.0034415200352668762 0.13559765815734864
v 0.005545859932899475 0.004937010109424591 0.13565625190734865
v 0.0041800600290298464 0.006136590242385865 0.13571483612060548
v 0.0025637200474739074 0.006968349814414979 0.13577343940734862
v 0.0007937200367450714 0.007382450103759766 0.13583203315734863
v -0.001023859977722168 0.0073540699481964115 0.13589061737060548
v -0.0027800700068473815 0.0068848997354507445 0.13594922065734863
v -0.004369649887084961 0.006003069877624512 0.13600781440734863
v -0.005697320103645325 0.0047614300251007085 0.13606640815734863
v -0.006683509945869446 0.0032343998551368713 0.13612500190734864
v -0.0072691100835800175 0.0015135100483894348 0.13618358612060547
v -0.007419009804725647 -0.00029810000211000443 0.13624218940734864
v -0.007124239802360535 -0.00209184005856514 0.13630078315734864
v -0.006402459740638733 -0.0037602001428604127 0.13635936737060547
v -0.005296930074691773 -0.0052031797170639035 0.13641797065734865
v -0.0038739201426506043 -0.00633430004119873 0.13647656440734865
v -0.002218720018863678 -0.007085760235786438 0.13653515815734862
v -0.0004305199906229973 -0.0074125099182128906 0.13659375190734863
v 0.0013834699988365174 -0.0072949701547622686 0.13665233612060548
v 0.0031145399808883666 -0.00674019992351532 0.13671093940734863
v 0.004658940136432648 -0.005781430006027222 0.13676953315734863
v 0.005924090147018433 -0.0044761401414871215 0.13682811737060546
v 0.006834160089492798 -0.0029025599360466003 0.13688672065734864
v 0.007334619760513306 -0.0011550000309944154 0.13694531440734864
v 0.007395449876785278 0.0006617800146341324 0.13700390815734864
v 0.007013019919395447 0.002438890039920807 0.13706250190734864
v 0.00621025025844574 0.004069829881191254 0.13712108612060547
v 0.005035250186920166 0.005456820130348206 0.13717968940734865
v 0.0035584500432014467 0.006516749858856201 0.13723828315734862
v 0.0018683600425720215 0.007186089754104614 0.13729686737060548
v 6.628999952226877e-05 0.007424700260162354 0.13735547065734863
v -0.0017397500574588777 0.007218300104141235 0.13741406440734863
v -0.0034415200352668762 0.00657925009727478 0.13747265815734863
v -0.004937010109424591 0.005545859932899475 0.13753125190734863
v -0.006136590242385865 0.0041800600290298464 0.13758983612060546
v -0.006968349814414979 0.0025637200474739074 0.13764843940734864
v -0.007382450103759766 0.0007937200367450714 0.13770703315734864
v -0.0073540699481964115 -0.001023859977722168 0.13776561737060547
v -0.0068848997354507445 -0.0027800700068473815 0.13782422065734865
v -0.006003069877624512 -0.004369649887084961 0.13788281440734865
v -0.0047614300251007085 -0.005697320103645325 0.13794140815734865
v -0.0032343998551368713 -0.006683509945869446 0.13800000190734862
v -0.0015135100483894348 -0.0072691100835800175 0.13805858612060548
v 0.00029810000211000443 -0.007419009804725647 0.13811718940734863
v 0.00209184005856514 -0.007124239802360535 0.13817578315734863
v 0.0037602001428604127 -0.006402459740638733 0.13823436737060546
v 0.0052031797170639035 -0.005296930074691773 0.13829297065734864
v 0.00633430004119873 -0.0038739201426506043 0.13835156440734864
v 0.007085760235786438 -0.002218720018863678 0.13841015815734864
v 0.0074125099182128906 -0.0004305199906229973 0.13846875190734864
v 0.0072949701547622686 0.0013834699988365174 0.13852733612060547
v 0.00674019992351532 0.0031145399808883666 0.13858593940734865
v 0.005781430006027222 0.004658940136432648 0.13864453315734865
v 0.0044761401414871215 0.005924090147018433 0.13870311737060548
v 0.0029025599360466003 0.006834160089492798 0.13876172065734863
v 0.0011550000309944154 0.007334619760513306 0.13882031440734863
v -0.0006617800146341324 0.007395449876785278 0.13887890815734863
v -0.002438890039920807 0.007013019919395447 0.13893750190734863
v -0.004069829881191254 0.00621025025844574 0.13899608612060546
v -0.005456820130348206 0.005035250186920166 0.13905468940734864
v -0.006516749858856201 0.0035584500432014467 0.13911328315734864
v -0.007186089754104614 0.0018683600425720215 0.13917186737060547
v -0.007424700260162354 6.628999952226877e-05 0.13923047065734864
v -0.007218300104141235 -0.0017397500574588777 0.13928906440734865
v -0.00657925009727478 -0.0034415200352668762 0.13934765815734865
v -0.005545859932899475 -0.004937010109424591 0.13940625190734865
v -0.0041800600290298464 -0.006136590242385865 0.13946483612060548
v -0.0025637200474739074 -0.006968349814414979 0.13952343940734863
v -0.0007937200367450714 -0.007382450103759766 0.13958203315734863
v 0.001023859977722168 -0.0073540699481964115 0.13964061737060549
v 0.0027800700068473815 -0.0068848997354507445 0.13969922065734863
v 0.004369649887084961 -0.006003069877624512 0.13975781440734864
v 0.005697320103645325 -0.0047614300251007085 0.13981640815734864
v 0.006683509945869446 -0.0032343998551368713 0.13987500190734864
v 0.0072691100835800175 -0.0015135100483894348 0.13993358612060547
v 0.007419009804725647 0.00029810000211000443 0.13999218940734864
v 0.007124239802360535 0.00209184005856514 0.14005078315734865
v 0.006402459740638733 0.0037602001428604127 0.14010936737060548
v 0.005296930074691773 0.0052031797170639035 0.14016797065734862
v 0.0038739201426506043 0.00633430004119873 0.14022656440734863
v 0.002218720018863678 0.007085760235786438 0.14028515815734863
v 0.0004305199906229973 0.0074125099182128906 0.14034375190734863
v -0.0013834699988365174 0.0072949701547622686 0.14040233612060546
v -0.0031145399808883666 0.00674019992351532 0.14046093940734863
v -0.004658940136432648 0.005781430006027222 0.14051953315734864
v -0.005924090147018433 0.0044761401414871215 0.14057811737060547
v -0.006834160089492798 0.0029025599360466003 0.14063672065734864
v -0.007334619760513306 0.0011550000309944154 0.14069531440734864
v -0.007395449876785278 -0.0006617800146341324 0.14075390815734865
v -0.007013019919395447 -0.002438890039920807 0.14081250190734865
v -0.00621025025844574 -0.004069829881191254 0.14087108612060548
v -0.005035250186920166 -0.005456820130348206 0.14092968940734862
v -0.0035584500432014467 -0.006516749858856201 0.14098828315734863
v -0.0018683600425720215 -0.007186089754104614 0.14104686737060548
v -6.628999952226877e-05 -0.007424700260162354 0.14110547065734863
v 0.0017397500574588777 -0.007218300104141235 0.14116406440734863
v 0.0034415200352668762 -0.00657925009727478 0.14122265815734864
v 0.004937010109424591 -0.005545859932899475 0.14128125190734864
v 0.006136590242385865 -0.0041800600290298464 0.14133983612060547
v 0.006968349814414979 -0.0025637200474739074 0.14139843940734864
v 0.007382450103759766 -0.0007937200367450714 0.14145703315734864
v 0.0073540699481964115 0.001023859977722168 0.14151561737060547
v 0.0068848997354507445 0.0027800700068473815 0.14157422065734865
v 0.006003069877624512 0.004369649887084961 0.14163281440734862
v 0.0047614300251007085 0.005697320103645325 0.14169140815734863
v 0.0032343998551368713 0.006683509945869446 0.14175000190734863
v 0.0015135100483894348 0.0072691100835800175 0.14180858612060548
v -0.00029810000211000443 0.007419009804725647 0.14186718940734863
v -0.00209184005856514 0.007124239802360535 0.14192578315734863
v -0.0037602001428604127 0.006402459740638733 0.14198436737060546
v -0.0052031797170639035 0.005296930074691773 0.14204297065734864
v -0.00633430004119873 0.0038739201426506043 0.14210156440734864
v -0.007085760235786438 0.002218720018863678 0.14216015815734864
v -0.0074125099182128906 0.0004305199906229973 0.14221875190734865
v -0.0072949701547622686 -0.0013834699988365174 0.14227733612060547
v -0.00674019992351532 -0.0031145399808883666 0.14233593940734865
v -0.005781430006027222 -0.004658940136432648 0.14239453315734862
v -0.0044761401414871215 -0.005924090147018433 0.14245311737060548
v -0.0029025599360466003 -0.006834160089492798 0.14251172065734863
v -0.0011550000309944154 -0.007334619760513306 0.14257031440734863
v 0.0006617800146341324 -0.007395449876785278 0.14262890815734863
v 0.002438890039920807 -0.007013019919395447 0.14268750190734864
v 0.004069829881191254 -0.00621025025844574 0.14274608612060546
v 0.005456820130348206 -0.005035250186920166 0.14280468940734864
v 0.006516749858856201 -0.0035584500432014467 0.14286328315734864
v 0.007186089754104614 -0.0018683600425720215 0.14292186737060547
v 0.007424700260162354 -6.628999952226877e-05 0.14298047065734865
v 0.007218300104141235 0.0017397500574588777 0.14303906440734865
v 0.00657925009727478 0.0034415200352668762 0.14309765815734862
v 0.005545859932899475 0.004937010109424591 0.14315625190734863
v 0.0041800600290298464 0.006136590242385865 0.14321483612060548
v 0.0025637200474739074 0.006968349814414979 0.14327343940734863
v 0.0007937200367450714 0.007382450103759766 0.14333203315734863
v -0.001023859977722168 0.0073540699481964115 0.14339061737060546
v -0.0027800700068473815 0.0068848997354507445 0.14344922065734864
v -0.004369649887084961 0.006003069877624512 0.14350781440734864
v -0.005697320103645325 0.0047614300251007085 0.14356640815734864
v -0.006683509945869446 0.0032343998551368713 0.14362500190734864
v -0.0072691100835800175 0.0015135100483894348 0.14368358612060547
v -0.007419009804725647 -0.00029810000211000443 0.14374218940734865
v -0.007124239802360535 -0.00209184005856514 0.14380078315734865
v -0.006402459740638733 -0.0037602001428604127 0.14385936737060548
v -0.005296930074691773 -0.0052031797170639035 0.14391797065734863
v -0.0038739201426506043 -0.00633430004119873 0.14397656440734863
v -0.002218720018863678 -0.007085760235786438 0.14403515815734863
v -0.0004305199906229973 -0.0074125099182128906 0.14409375190734863
v 0.0013834699988365174 -0.0072949701547622686 0.14415233612060546
v 0.0031145399808883666 -0.00674019992351532 0.14421093940734864
v 0.004658940136432648 -0.005781430006027222 0.14426953315734864
v 0.005924090147018433 -0.0044761401414871215 0.14432811737060547
v 0.006834160089492798 -0.0029025599360466003 0.14438672065734864
v 0.007334619760513306 -0.0011550000309944154 0.14444531440734865
v 0.007395449876785278 0.0006617800146341324 0.14450390815734865
v 0.007013019919395447 0.002438890039920807 0.14456250190734862
v 0.00621025025844574 0.004069829881191254 0.14462108612060548
v 0.005035250186920166 0.005456820130348206 0.14467968940734863
v 0.0035584500432014467 0.006516749858856201 0.14473828315734863
v 0.0018683600425720215 0.007186089754104614 0.14479686737060546
v 6.628999952226877e-05 0.007424700260162354 0.14485547065734863
v -0.0017397500574588777 0.007218300104141235 0.14491406440734864
v -0.0034415200352668762 0.00657925009727478 0.14497265815734864
v -0.004937010109424591 0.005545859932899475 0.14503125190734864
v -0.006136590242385865 0.0041800600290298464 0.14508983612060547
v -0.006968349814414979 0.0025637200474739074 0.14514843940734865
v -0.007382450103759766 0.0007937200367450714 0.14520703315734865
v -0.0073540699481964115 -0.001023859977722168 0.14526561737060548
v -0.0068848997354507445 -0.0027800700068473815 0.14532422065734862
v -0.006003069877624512 -0.004369649887084961 0.14538281440734863
v -0.0047614300251007085 -0.005697320103645325 0.14544140815734863
v -0.0032343998551368713 -0.006683509945869446 0.14550000190734863
v -0.0015135100483894348 -0.0072691100835800175 0.14555858612060546
v 0.00029810000211000443 -0.007419009804725647 0.14561718940734864
v 0.00209184005856514 -0.007124239802360535 0.14567578315734864
v 0.0037602001428604127 -0.006402459740638733 0.14573436737060547
v 0.0052031797170639035 -0.005296930074691773 0.14579297065734864
v 0.00633430004119873 -0.0038739201426506043 0.14585156440734864
v 0.007085760235786438 -0.002218720018863678 0.14591015815734865
v 0.0074125099182128906 -0.0004305199906229973 0.14596875190734865
v 0.0072949701547622686 0.0013834699988365174 0.14602733612060548
v 0.00674019992351532 0.0031145399808883666 0.14608593940734863
v 0.005781430006027222 0.004658940136432648 0.14614453315734863
v 0.0044761401414871215 0.005924090147018433 0.14620311737060548
v 0.0029025599360466003 0.006834160089492798 0.14626172065734863
v 0.0011550000309944154 0.007334619760513306 0.14632031440734863
v -0.0006617800146341324 0.007395449876785278 0.14637890815734864
v -0.002438890039920807 0.007013019919395447 0.14643750190734864
v -0.004069829881191254 0.00621025025844574 0.14649608612060547
v -0.005456820130348206 0.005035250186920166 0.14655468940734864
v -0.006516749858856201 0.0035584500432014467 0.14661328315734865
v -0.007186089754104614 0.0018683600425720215 0.14667186737060547
v -0.007424700260162354 6.628999952226877e-05 0.14673047065734865
v -0.007218300104141235 -0.0017397500574588777 0.14678906440734862
v -0.00657925009727478 -0.0034415200352668762 0.14684765815734863
v -0.005545859932899475 -0.004937010109424591 0.14690625190734863
v -0.0041800600290298464 -0.006136590242385865 0.14696483612060549
v -0.0025637200474739074 -0.006968349814414979 0.14702343940734863
v -0.0007937200367450714 -0.007382450103759766 0.14708203315734864
v 0.001023859977722168 -0.0073540699481964115 0.14714061737060546
v 0.0027800700068473815 -0.0068848997354507445 0.14719922065734864
v 0.004369649887084961 -0.006003069877624512 0.14725781440734864
v 0.005697320103645325 -0.0047614300251007085 0.14731640815734864
v 0.006683509945869446 -0.0032343998551368713 0.14737500190734865
v 0.0072691100835800175 -0.0015135100483894348 0.14743358612060548
v 0.007419009804725647 0.00029810000211000443 0.14749218940734862
v 0.007124239802360535 0.00209184005856514 0.14755078315734863
v 0.006402459740638733 0.0037602001428604127 0.14760936737060548
v 0.005296930074691773 0.0052031797170639035 0.14766797065734863
v 0.0038739201426506043 0.00633430004119873 0.14772656440734863
v 0.002218720018863678 0.007085760235786438 0.14778515815734863
v 0.0004305199906229973 0.0074125099182128906 0.14784375190734864
v -0.0013834699988365174 0.0072949701547622686 0.14790233612060547
v -0.0031145399808883666 0.00674019992351532 0.14796093940734864
v -0.004658940136432648 0.005781430006027222 0.14801953315734864
v -0.005924090147018433 0.0044761401414871215 0.14807811737060547
v -0.006834160089492798 0.0029025599360466003 0.14813672065734865
v -0.007334619760513306 0.0011550000309944154 0.14819531440734865
v -0.007395449876785278 -0.0006617800146341324 0.14825390815734862
v -0.007013019919395447 -0.002438890039920807 0.14831250190734863
v -0.00621025025844574 -0.004069829881191254 0.14837108612060548
v -0.005035250186920166 -0.005456820130348206 0.14842968940734863
v -0.0035584500432014467 -0.006516749858856201 0.14848828315734863
v -0.0018683600425720215 -0.007186089754104614 0.14854686737060546
v -6.628999952226877e-05 -0.007424700260162354 0.14860547065734864
v 0.0017397500574588777 -0.007218300104141235 0.14866406440734864
v 0.0034415200352668762 -0.00657925009727478 0.14872265815734864
v 0.004937010109424591 -0.005545859932899475 0.14878125190734864
v 0.006136590242385865 -0.0041800600290298464 0.14883983612060547
v 0.006968349814414979 -0.0025637200474739074 0.14889843940734865
v 0.007382450103759766 -0.0007937200367450714 0.14895703315734862
v 0.0073540699481964115 0.001023859977722168 0.14901561737060548
v 0.0068848997354507445 0.0027800700068473815 0.14907422065734863
v 0.006003069877624512 0.004369649887084961 0.14913281440734863
v 0.0047614300251007085 0.005697320103645325 0.14919140815734863
v 0.0032343998551368713 0.006683509945869446 0.14925000190734863
v 0.0015135100483894348 0.0072691100835800175 0.14930858612060546
v -0.00029810000211000443 0.007419009804725647 0.14936718940734864
v -0.00209184005856514 0.007124239802360535 0.14942578315734864
v -0.0037602001428604127 0.006402459740638733 0.14948436737060547
v -0.0052031797170639035 0.005296930074691773 0.14954297065734865
v -0.00633430004119873 0.0038739201426506043 0.14960156440734865
v -0.007085760235786438 0.002218720018863678 0.14966015815734865
v -0.0074125099182128906 0.0004305199906229973 0.14971875190734862
v -0.0072949701547622686 -0.0013834699988365174 0.14977733612060548
v -0.00674019992351532 -0.0031145399808883666 0.14983593940734863
v -0.005781430006027222 -0.004658940136432648 0.14989453315734863
v -0.0044761401414871215 -0.005924090147018433 0.14995311737060546
v -0.0029025599360466003 -0.006834160089492798 0.15001172065734864
v -0.0011550000309944154 -0.007334619760513306 0.15007031440734864
v 0.0006617800146341324 -0.007395449876785278 0.15012890815734864
v 0.002438890039920807 -0.007013019919395447 0.15018750190734864
v 0.004069829881191254 -0.00621025025844574 0.15024608612060547
v 0.005456820130348206 -0.005035250186920166 0.15030468940734865
v 0.006516749858856201 -0.0035584500432014467 0.15036328315734865
v 0.007186089754104614 -0.0018683600425720215 0.15042186737060548
v 0.007424700260162354 -6.628999952226877e-05 0.15048047065734863
v 0.007218300104141235 0.0017397500574588777 0.15053906440734863
v 0.00657925009727478 0.0034415200352668762 0.15059765815734863
v 0.005545859932899475 0.004937010109424591 0.15065625190734863
v 0.0041800600290298464 0.006136590242385865 0.15071483612060546
v 0.0025637200474739074 0.006968349814414979 0.15077343940734864
v 0.0007937200367450714 0.007382450103759766 0.15083203315734864
v -0.001023859977722168 0.0073540699481964115 0.15089061737060547
v -0.0027800700068473815 0.0068848997354507445 0.15094922065734864
v -0.004369649887084961 0.006003069877624512 0.15100781440734865
v -0.005697320103645325 0.0047614300251007085 0.15106640815734865
v -0.006683509945869446 0.0032343998551368713 0.15112500190734865
v -0.0072691100835800175 0.0015135100483894348 0.15118358612060548
v -0.007419009804725647 -0.00029810000211000443 0.15124218940734863
v -0.007124239802360535 -0.00209184005856514 0.15130078315734863
v -0.006402459740638733 -0.0037602001428604127 0.15135936737060549
v -0.005296930074691773 -0.0052031797170639035 0.15141797065734863
v -0.0038739201426506043 -0.00633430004119873 0.15147656440734864
v -0.002218720018863678 -0.007085760235786438 0.15153515815734864
v -0.0004305199906229973 -0.0074125099182128906 0.15159375190734864
v 0.0013834699988365174 -0.0072949701547622686 0.15165233612060547
v 0.0031145399808883666 -0.00674019992351532 0.15171093940734864
v 0.004658940136432648 -0.005781430006027222 0.15176953315734865
v 0.005924090147018433 -0.0044761401414871215 0.15182811737060548
v 0.006834160089492798 -0.0029025599360466003 0.15188672065734862
v 0.007334619760513306 -0.0011550000309944154 0.15194531440734863
v 0.007395449876785278 0.0006617800146341324 0.15200390815734863
v 0.007013019919395447 0.002438890039920807 0.15206250190734863
v 0.00621025025844574 0.004069829881191254 0.15212108612060546
v 0.005035250186920166 0.005456820130348206 0.15217968940734863
v 0.0035584500432014467 0.006516749858856201 0.15223828315734864
v 0.0018683600425720215 0.007186089754104614 0.15229686737060547
v 6.628999952226877e-05 0.007424700260162354 0.15235547065734864
v -0.0017397500574588777 0.007218300104141235 0.15241406440734864
v -0.0034415200352668762 0.00657925009727478 0.15247265815734865
v -0.004937010109424591 0.005545859932899475 0.15253125190734865
v -0.006136590242385865 0.0041800600290298464 0.15258983612060548
v -0.006968349814414979 0.0025637200474739074 0.15264843940734862
v -0.007382450103759766 0.0007937200367450714 0.15270703315734863
v -0.0073540699481964115 -0.001023859977722168 0.15276561737060548
v -0.0068848997354507445 -0.0027800700068473815 0.15282422065734863
v -0.006003069877624512 -0.004369649887084961 0.15288281440734863
v -0.0047614300251007085 -0.005697320103645325 0.15294140815734864
v -0.0032343998551368713 -0.006683509945869446 0.15300000190734864
v -0.004698370099067688 -0.005617560148239136 0.15300000190734864
v -0.005856069922447205 -0.004223499894142151 0.15300000190734864
v -0.0066284602880477906 -0.002587980031967163 0.15300000190734864
v -0.006962810158729554 -0.0008095899969339371 0.15300000190734864
v -0.006829879879951477 0.0009952600300312043 0.15300000190734864
v -0.006588169932365418 0.0018672099709510803 0.15300000190734864
v -0.006232969760894776 0.0027004000544548034 0.15300000190734864
v -0.005768880248069763 0.003480300009250641 0.15300000190734864
v -0.0052043598890304564 0.004190199971199036 0.15300000190734864
v -0.004548520147800446 0.004817129969596863 0.15300000190734864
v -0.0038132798671722413 0.005348219871520996 0.15300000190734864
v -0.0023994900286197665 0.006114490032196045 0.15294140815734864
v -0.0008418799936771393 0.006514269709587097 0.15288281440734863
v 0.0007661899924278259 0.0065236097574234014 0.15282422065734863
v 0.002328329980373383 0.006141939759254456 0.15276561737060548
v 0.00375093013048172 0.005392130017280579 0.15270703315734863
v 0.004948700070381165 0.0043191400170326235 0.15264843940734862
v 0.005849850177764892 0.0029872599244117736 0.15258983612060548
v 0.006400390267372131 0.0014763399958610535 0.15253125190734865
v 0.006567299962043763 -0.000123070003464818 0.15247265815734865
v 0.0063405799865722656 -0.001715109944343567 0.15241406440734864
v 0.005733820199966431 -0.0032043400406837463 0.15235547065734864
v 0.004783399999141693 -0.004501520097255707 0.15229686737060547
v 0.0035462599992752077 -0.005528879761695862 0.15223828315734864
v 0.002096579968929291 -0.006224859952926636 0.15217968940734863
v 0.0005212299898266793 -0.00654774010181427 0.15212108612060546
v -0.0010853599756956102 -0.00647816002368927 0.15206250190734863
v -0.00262690007686615 -0.00602029025554657 0.15200390815734863
v -0.004010989964008331 -0.005201590061187744 0.15194531440734863
v -0.005154669880867004 -0.004071109890937805 0.15188672065734862
v -0.005989390015602112 -0.00269663006067276 0.15182811737060548
v -0.0064651197195053104 -0.0011605100333690643 0.15176953315734865
v -0.00655335009098053 0.00044516999274492265 0.15171093940734864
v -0.00624879002571106 0.0020241600275039675 0.15165233612060547
v -0.005569689869880676 0.003481830060482025 0.15159375190734864
v -0.004556759893894195 0.004730809926986695 0.15153515815734864
v -0.0032706999778747557 0.005696229934692383 0.15147656440734864
v -0.0017886100709438323 0.0063202399015426635 0.15141797065734863
v -0.0001993199996650219 0.006565430164337158 0.15135936737060549
v 0.0014019200205802917 0.006417099833488465 0.15130078315734863
v 0.002919139862060547 0.005884150266647339 0.15124218940734863
v 0.004261380136013031 0.004998509883880615 0.15118358612060548
v 0.005348219871520996 0.0038132798671722413 0.15112500190734865
v 0.006114490032196045 0.0023994900286197665 0.15106640815734865
v 0.006514269709587097 0.0008418799936771393 0.15100781440734865
v 0.0065236097574234014 -0.0007661899924278259 0.15094922065734864
v 0.006141939759254456 -0.002328329980373383 0.15089061737060547
v 0.005392130017280579 -0.00375093013048172 0.15083203315734864
v 0.0043191400170326235 -0.004948700070381165 0.15077343940734864
v 0.0029872599244117736 -0.005849850177764892 0.15071483612060546
v 0.0014763399958610535 -0.006400390267372131 0.15065625190734863
v -0.000123070003464818 -0.006567299962043763 0.15059765815734863
v -0.001715109944343567 -0.0063405799865722656 0.15053906440734863
v -0.0032043400406837463 -0.005733820199966431 0.15048047065734863
v -0.004501520097255707 -0.004783399999141693 0.15042186737060548
v -0.005528879761695862 -0.0035462599992752077 0.15036328315734865
v -0.006224859952926636 -0.002096579968929291 0.15030468940734865
v -0.00654774010181427 -0.0005212299898266793 0.15024608612060547
v -0.00647816002368927 0.0010853599756956102 0.15018750190734864
v -0.00602029025554657 0.00262690007686615 0.15012890815734864
v -0.005201590061187744 0.004010989964008331 0.15007031440734864
v -0.004071109890937805 0.005154669880867004 0.15001172065734864
v -0.00269663006067276 0.005989390015602112 0.14995311737060546
v -0.0011605100333690643 0.0064651197195053104 0.14989453315734863
v 0.00044516999274492265 0.00655335009098053 0.14983593940734863
v 0.0020241600275039675 0.00624879002571106 0.14977733612060548
v 0.003481830060482025 0.005569689869880676 0.14971875190734862
v 0.004730809926986695 0.004556759893894195 0.14966015815734865
v 0.005696229934692383 0.0032706999778747557 0.14960156440734865
v 0.0063202399015426635 0.0017886100709438323 0.14954297065734865
v 0.006565430164337158 0.0001993199996650219 0.14948436737060547
v 0.006417099833488465 -0.0014019200205802917 0.14942578315734864
v 0.005884150266647339 -0.002919139862060547 0.14936718940734864
v 0.004998509883880615 -0.004261380136013031 0.14930858612060546
v 0.0038132798671722413 -0.005348219871520996 0.14925000190734863
v 0.0023994900286197665 -0.006114490032196045 0.14919140815734863
v 0.0008418799936771393 -0.006514269709587097 0.14913281440734863
v -0.0007661899924278259 -0.0065236097574234014 0.14907422065734863
v -0.002328329980373383 -0.006141939759254456 0.14901561737060548
v -0.00375093013048172 -0.005392130017280579 0.14895703315734862
v -0.004948700070381165 -0.0043191400170326235 0.14889843940734865
v -0.005849850177764892 -0.0029872599244117736 0.14883983612060547
v -0.006400390267372131 -0.0014763399958610535 0.14878125190734864
v -0.006567299962043763 0.000123070003464818 0.14872265815734864
v -0.0063405799865722656 0.001715109944343567 0.14866406440734864
v -0.005733820199966431 0.0032043400406837463 0.14860547065734864
v -0.004783399999141693 0.004501520097255707 0.14854686737060546
v -0.0035462599992752077 0.005528879761695862 0.14848828315734863
v -0.002096579968929291 0.006224859952926636 0.14842968940734863
v -0.0005212299898266793 0.00654774010181427 0.14837108612060548
v 0.0010853599756956102 0.00647816002368927 0.14831250190734863
v 0.00262690007686615 0.00602029025554657 0.14825390815734862
v 0.004010989964008331 0.005201590061187744 0.14819531440734865
v 0.005154669880867004 0.004071109890937805 0.14813672065734865
v 0.005989390015602112 0.00269663006067276 0.14807811737060547
v 0.0064651197195053104 0.0011605100333690643 0.14801953315734864
v 0.00655335009098053 -0.00044516999274492265 0.14796093940734864
v 0.00624879002571106 -0.0020241600275039675 0.14790233612060547
v 0.005569689869880676 -0.003481830060482025 0.14784375190734864
v 0.004556759893894195 -0.004730809926986695 0.14778515815734863
v 0.0032706999778747557 -0.005696229934692383 0.14772656440734863
v 0.0017886100709438323 -0.0063202399015426635 0.14766797065734863
v 0.0001993199996650219 -0.006565430164337158 0.14760936737060548
v -0.0014019200205802917 -0.006417099833488465 0.14755078315734863
v -0.002919139862060547 -0.005884150266647339 0.14749218940734862
v -0.004261380136013031 -0.004998509883880615 0.14743358612060548
v -0.005348219871520996 -0.0038132798671722413 0.14737500190734865
v -0.006114490032196045 -0.0023994900286197665 0.14731640815734864
v -0.006514269709587097 -0.0008418799936771393 0.14725781440734864
v -0.0065236097574234014 0.0007661899924278259 0.14719922065734864
v -0.006141939759254456 0.002328329980373383 0.14714061737060546
v -0.005392130017280579 0.00375093013048172 0.14708203315734864
v -0.0043191400170326235 0.004948700070381165 0.14702343940734863
v -0.0029872599244117736 0.005849850177764892 0.14696483612060549
v -0.0014763399958610535 0.006400390267372131 0.14690625190734863
v 0.000123070003464818 0.006567299962043763 0.14684765815734863
v 0.001715109944343567 0.0063405799865722656 0.14678906440734862
v 0.0032043400406837463 0.005733820199966431 0.14673047065734865
v 0.004501520097255707 0.004783399999141693 0.14667186737060547
v 0.005528879761695862 0.0035462599992752077 0.14661328315734865
v 0.006224859952926636 0.002096579968929291 0.14655468940734864
v 0.00654774010181427 0.0005212299898266793 0.14649608612060547
v 0.00647816002368927 -0.0010853599756956102 0.14643750190734864
v 0.00602029025554657 -0.00262690007686615 0.14637890815734864
v 0.005201590061187744 -0.004010989964008331 0.14632031440734863
v 0.004071109890937805 -0.005154669880867004 0.14626172065734863
v 0.00269663006067276 -0.005989390015602112 0.14620311737060548
v 0.0011605100333690643 -0.0064651197195053104 0.14614453315734863
v -0.00044516999274492265 -0.00655335009098053 0.14608593940734863
v -0.0020241600275039675 -0.00624879002571106 0.14602733612060548
v -0.003481830060482025 -0.005569689869880676 0.14596875190734865
v -0.004730809926986695 -0.004556759893894195 0.14591015815734865
v -0.005696229934692383 -0.0032706999778747557 0.14585156440734864
v -0.0063202399015426635 -0.0017886100709438323 0.14579297065734864
v -0.006565430164337158 -0.0001993199996650219 0.14573436737060547
v -0.006417099833488465 0.0014019200205802917 0.14567578315734864
v -0.005884150266647339 0.002919139862060547 0.14561718940734864
v -0.004998509883880615 0.004261380136013031 0.14555858612060546
v -0.0038132798671722413 0.005348219871520996 0.14550000190734863
v -0.0023994900286197665 0.006114490032196045 0.14544140815734863
v -0.0008418799936771393 0.006514269709587097 0.14538281440734863
v 0.0007661899924278259 0.0065236097574234014 0.14532422065734862
v 0.002328329980373383 0.006141939759254456 0.14526561737060548
v 0.00375093013048172 0.005392130017280579 0.14520703315734865
v 0.004948700070381165 0.0043191400170326235 0.14514843940734865
v 0.005849850177764892 0.0029872599244117736 0.14508983612060547
v 0.006400390267372131 0.0014763399958610535 0.14503125190734864
v 0.006567299962043763 -0.000123070003464818 0.14497265815734864
v 0.0063405799865722656 -0.001715109944343567 0.14491406440734864
v 0.005733820199966431 -0.0032043400406837463 0.14485547065734863
v 0.004783399999141693 -0.004501520097255707 0.14479686737060546
v 0.0035462599992752077 -0.005528879761695862 0.14473828315734863
v 0.002096579968929291 -0.006224859952926636 0.14467968940734863
v 0.0005212299898266793 -0.00654774010181427 0.14462108612060548
v -0.0010853599756956102 -0.00647816002368927 0.14456250190734862
v -0.00262690007686615 -0.00602029025554657 0.14450390815734865
v -0.004010989964008331 -0.005201590061187744 0.14444531440734865
v -0.005154669880867004 -0.004071109890937805 0.14438672065734864
v -0.005989390015602112 -0.00269663006067276 0.14432811737060547
v -0.0064651197195053104 -0.0011605100333690643 0.14426953315734864
v -0.00655335009098053 0.00044516999274492265 0.14421093940734864
v -0.00624879002571106 0.0020241600275039675 0.14415233612060546
v -0.005569689869880676 0.003481830060482025 0.14409375190734863
v -0.004556759893894195 0.004730809926986695 0.14403515815734863
v -0.0032706999778747557 0.005696229934692383 0.14397656440734863
v -0.0017886100709438323 0.0063202399015426635 0.14391797065734863
v -0.0001993199996650219 0.006565430164337158 0.14385936737060548
v 0.0014019200205802917 0.006417099833488465 0.14380078315734865
v 0.002919139862060547 0.005884150266647339 0.14374218940734865
v 0.004261380136013031 0.004998509883880615 0.14368358612060547
v 0.005348219871520996 0.0038132798671722413 0.14362500190734864
v 0.006114490032196045 0.0023994900286197665 0.14356640815734864
v 0.006514269709587097 0.0008418799936771393 0.14350781440734864
v 0.0065236097574234014 -0.0007661899924278259 0.14344922065734864
v 0.006141939759254456 -0.002328329980373383 0.14339061737060546
v 0.005392130017280579 -0.00375093013048172 0.14333203315734863
v 0.0043191400170326235 -0.004948700070381165 0.14327343940734863
v 0.0029872599244117736 -0.005849850177764892 0.14321483612060548
v 0.0014763399958610535 -0.006400390267372131 0.14315625190734863
v -0.000123070003464818 -0.006567299962043763 0.14309765815734862
v -0.001715109944343567 -0.0063405799865722656 0.14303906440734865
v -0.0032043400406837463 -0.005733820199966431 0.14298047065734865
v -0.004501520097255707 -0.004783399999141693 0.14292186737060547
v -0.005528879761695862 -0.0035462599992752077 0.14286328315734864
v -0.006224859952926636 -0.002096579968929291 0.14280468940734864
v -0.00654774010181427 -0.0005212299898266793 0.14274608612060546
v -0.00647816002368927 0.0010853599756956102 0.14268750190734864
v -0.00602029025554657 0.00262690007686615 0.14262890815734863
v -0.005201590061187744 0.004010989964008331 0.14257031440734863
v -0.004071109890937805 0.005154669880867004 0.14251172065734863
v -0.00269663006067276 0.005989390015602112 0.14245311737060548
v -0.0011605100333690643 0.0064651197195053104 0.14239453315734862
v 0.00044516999274492265 0.00655335009098053 0.14233593940734865
v 0.0020241600275039675 0.00624879002571106 0.14227733612060547
v 0.003481830060482025 0.005569689869880676 0.14221875190734865
v 0.004730809926986695 0.004556759893894195 0.14216015815734864
v 0.005696229934692383 0.0032706999778747557 0.14210156440734864
v 0.0063202399015426635 0.0017886100709438323 0.14204297065734864
v 0.006565430164337158 0.0001993199996650219 0.14198436737060546
v 0.006417099833488465 -0.0014019200205802917 0.14192578315734863
v 0.005884150266647339 -0.002919139862060547 0.14186718940734863
v 0.004998509883880615 -0.004261380136013031 0.14180858612060548
v 0.0038132798671722413 -0.005348219871520996 0.14175000190734863
v 0.0023994900286197665 -0.006114490032196045 0.14169140815734863
v 0.0008418799936771393 -0.006514269709587097 0.14163281440734862
v -0.0007661899924278259 -0.0065236097574234014 0.14157422065734865
v -0.002328329980373383 -0.006141939759254456 0.14151561737060547
v -0.00375093013048172 -0.005392130017280579 0.14145703315734864
v -0.004948700070381165 -0.0043191400170326235 0.14139843940734864
v -0.005849850177764892 -0.0029872599244117736 0.14133983612060547
v -0.006400390267372131 -0.0014763399958610535 0.14128125190734864
v -0.006567299962043763 0.000123070003464818 0.14122265815734864
v -0.0063405799865722656 0.001715109944343567 0.14116406440734863
v -0.005733820199966431 0.0032043400406837463 0.14110547065734863
v -0.004783399999141693 0.004501520097255707 0.14104686737060548
v -0.0035462599992752077 0.005528879761695862 0.14098828315734863
v -0.002096579968929291 0.006224859952926636 0.14092968940734862
v -0.0005212299898266793 0.00654774010181427 0.14087108612060548
v 0.0010853599756956102 0.00647816002368927 0.14081250190734865
v 0.00262690007686615 0.00602029025554657 0.14075390815734865
v 0.004010989964008331 0.005201590061187744 0.14069531440734864
v 0.005154669880867004 0.004071109890937805 0.14063672065734864
v 0.005989390015602112 0.00269663006067276 0.14057811737060547
v 0.0064651197195053104 0.0011605100333690643 0.14051953315734864
v 0.00655335009098053 -0.00044516999274492265 0.14046093940734863
v 0.00624879002571106 -0.0020241600275039675 0.14040233612060546
v 0.005569689869880676 -0.003481830060482025 0.14034375190734863
v 0.004556759893894195 -0.004730809926986695 0.14028515815734863
v 0.0032706999778747557 -0.005696229934692383 0.14022656440734863
v 0.0017886100709438323 -0.0063202399015426635 0.14016797065734862
v 0.0001993199996650219 -0.006565430164337158 0.14010936737060548
v -0.0014019200205802917 -0.006417099833488465 0.14005078315734865
v -0.002919139862060547 -0.005884150266647339 0.13999218940734864
v -0.004261380136013031 -0.004998509883880615 0.13993358612060547
v -0.005348219871520996 -0.0038132798671722413 0.13987500190734864
v -0.006114490032196045 -0.0023994900286197665 0.13981640815734864
v -0.006514269709587097 -0.0008418799936771393 0.13975781440734864
v -0.0065236097574234014 0.0007661899924278259 0.13969922065734863
v -0.006141939759254456 0.002328329980373383 0.13964061737060549
v -0.005392130017280579 0.00375093013048172 0.13958203315734863
v -0.0043191400170326235 0.004948700070381165 0.13952343940734863
v -0.0029872599244117736 0.005849850177764892 0.13946483612060548
v -0.0014763399958610535 0.006400390267372131 0.13940625190734865
v 0.000123070003464818 0.006567299962043763 0.13934765815734865
v 0.001715109944343567 0.0063405799865722656 0.13928906440734865
v 0.0032043400406837463 0.005733820199966431 0.13923047065734864
v 0.004501520097255707 0.004783399999141693 0.13917186737060547
v 0.005528879761695862 0.0035462599992752077 0.13911328315734864
v 0.006224859952926636 0.002096579968929291 0.13905468940734864
v 0.00654774010181427 0.0005212299898266793 0.13899608612060546
v 0.00647816002368927 -0.0010853599756956102 0.13893750190734863
v 0.00602029025554657 -0.00262690007686615 0.13887890815734863
v 0.005201590061187744 -0.004010989964008331 0.13882031440734863
v 0.004071109890937805 -0.005154669880867004 0.13876172065734863
v 0.00269663006067276 -0.005989390015602112 0.13870311737060548
v 0.0011605100333690643 -0.0064651197195053104 0.13864453315734865
v -0.00044516999274492265 -0.00655335009098053 0.13858593940734865
v -0.0020241600275039675 -0.00624879002571106 0.13852733612060547
v -0.003481830060482025 -0.005569689869880676 0.13846875190734864
v -0.004730809926986695 -0.004556759893894195 0.13841015815734864
v -0.005696229934692383 -0.0032706999778747557 0.13835156440734864
v -0.0063202399015426635 -0.0017886100709438323 0.13829297065734864
v -0.006565430164337158 -0.0001993199996650219 0.13823436737060546
v -0.006417099833488465 0.0014019200205802917 0.13817578315734863
v -0.005884150266647339 0.002919139862060547 0.13811718940734863
v -0.004998509883880615 0.004261380136013031 0.13805858612060548
v -0.0038132798671722413 0.005348219871520996 0.13800000190734862
v -0.0023994900286197665 0.006114490032196045 0.13794140815734865
v -0.0008418799936771393 0.006514269709587097 0.13788281440734865
v 0.0007661899924278259 0.0065236097574234014 0.13782422065734865
v 0.002328329980373383 0.006141939759254456 0.13776561737060547
v 0.00375093013048172 0.005392130017280579 0.13770703315734864
v 0.004948700070381165 0.0043191400170326235 0.13764843940734864
v 0.005849850177764892 0.0029872599244117736 0.13758983612060546
v 0.006400390267372131 0.0014763399958610535 0.13753125190734863
v 0.006567299962043763 -0.000123070003464818 0.13747265815734863
v 0.0063405799865722656 -0.001715109944343567 0.13741406440734863
v 0.005733820199966431 -0.0032043400406837463 0.13735547065734863
v 0.004783399999141693 -0.004501520097255707 0.13729686737060548
v 0.0035462599992752077 -0.005528879761695862 0.13723828315734862
v 0.002096579968929291 -0.006224859952926636 0.13717968940734865
v 0.0005212299898266793 -0.00654774010181427 0.13712108612060547
v -0.0010853599756956102 -0.00647816002368927 0.13706250190734864
v -0.00262690007686615 -0.00602029025554657 0.13700390815734864
v -0.004010989964008331 -0.005201590061187744 0.13694531440734864
v -0.005154669880867004 -0.004071109890937805 0.13688672065734864
v -0.005989390015602112 -0.00269663006067276 0.13682811737060546
v -0.0064651197195053104 -0.0011605100333690643 0.13676953315734863
v -0.00655335009098053 0.00044516999274492265 0.13671093940734863
v -0.00624879002571106 0.0020241600275039675 0.13665233612060548
v -0.005569689869880676 0.003481830060482025 0.13659375190734863
v -0.004556759893894195 0.004730809926986695 0.13653515815734862
v -0.0032706999778747557 0.005696229934692383 0.13647656440734865
v -0.0017886100709438323 0.0063202399015426635 0.13641797065734865
v -0.0001993199996650219 0.006565430164337158 0.13635936737060547
v 0.0014019200205802917 0.006417099833488465 0.13630078315734864
v 0.002919139862060547 0.005884150266647339 0.13624218940734864
v 0.004261380136013031 0.004998509883880615 0.13618358612060547
v 0.005348219871520996 0.0038132798671722413 0.13612500190734864
v 0.006114490032196045 0.0023994900286197665 0.13606640815734863
v 0.006514269709587097 0.0008418799936771393 0.13600781440734863
v 0.0065236097574234014 -0.0007661899924278259 0.13594922065734863
v 0.006141939759254456 -0.002328329980373383 0.13589061737060548
v 0.005392130017280579 -0.00375093013048172 0.13583203315734863
v 0.0043191400170326235 -0.004948700070381165 0.13577343940734862
v 0.0029872599244117736 -0.005849850177764892 0.13571483612060548
v 0.0014763399958610535 -0.006400390267372131 0.13565625190734865
v -0.000123070003464818 -0.006567299962043763 0.13559765815734864
v -0.001715109944343567 -0.0063405799865722656 0.13553906440734864
v -0.0032043400406837463 -0.005733820199966431 0.13548047065734864
v -0.004501520097255707 -0.004783399999141693 0.13542186737060546
v -0.005528879761695862 -0.0035462599992752077 0.13536328315734864
v -0.006224859952926636 -0.002096579968929291 0.13530468940734863
v -0.00654774010181427 -0.0005212299898266793 0.13524608612060549
v -0.00647816002368927 0.0010853599756956102 0.13518750190734863
v -0.00602029025554657 0.00262690007686615 0.13512890815734863
v -0.005201590061187744 0.004010989964008331 0.13507031440734862
v -0.004071109890937805 0.005154669880867004 0.13501172065734865
v -0.00269663006067276 0.005989390015602112 0.13495311737060547
v -0.0011605100333690643 0.0064651197195053104 0.13489453315734865
v 0.00044516999274492265 0.00655335009098053 0.13483593940734864
v 0.0020241600275039675 0.00624879002571106 0.13477733612060547
v 0.003481830060482025 0.005569689869880676 0.13471875190734864
v 0.004730809926986695 0.004556759893894195 0.13466015815734864
v 0.005696229934692383 0.0032706999778747557 0.13460156440734863
v 0.0063202399015426635 0.0017886100709438323 0.13454297065734863
v 0.006565430164337158 0.0001993199996650219 0.13448436737060548
v 0.006417099833488465 -0.0014019200205802917 0.13442578315734863
v 0.005884150266647339 -0.002919139862060547 0.13436718940734863
v 0.004998509883880615 -0.004261380136013031 0.13430858612060548
v 0.0038132798671722413 -0.005348219871520996 0.13425000190734865
v 0.0023994900286197665 -0.006114490032196045 0.13419140815734865
v 0.0008418799936771393 -0.006514269709587097 0.13413281440734864
v -0.0007661899924278259 -0.0065236097574234014 0.13407422065734864
v -0.002328329980373383 -0.006141939759254456 0.13401561737060547
v -0.00375093013048172 -0.005392130017280579 0.13395703315734864
v -0.004948700070381165 -0.0043191400170326235 0.13389843940734864
v -0.005849850177764892 -0.0029872599244117736 0.13383983612060546
v -0.006400390267372131 -0.0014763399958610535 0.13378125190734863
v -0.006567299962043763 0.000123070003464818 0.13372265815734863
v -0.0063405799865722656 0.001715109944343567 0.13366406440734863
v -0.005733820199966431 0.0032043400406837463 0.13360547065734862
v -0.004783399999141693 0.004501520097255707 0.13354686737060548
v -0.0035462599992752077 0.005528879761695862 0.13348828315734865
v -0.002096579968929291 0.006224859952926636 0.13342968940734865
v -0.0005212299898266793 0.00654774010181427 0.13337108612060547
v 0.0010853599756956102 0.00647816002368927 0.13331250190734864
v 0.00262690007686615 0.00602029025554657 0.13325390815734864
v 0.004010989964008331 0.005201590061187744 0.13319531440734864
v 0.005154669880867004 0.004071109890937805 0.13313672065734863
v 0.005989390015602112 0.00269663006067276 0.13307811737060546
v 0.0064651197195053104 0.0011605100333690643 0.13301953315734863
v 0.00655335009098053 -0.00044516999274492265 0.13296093940734863
v 0.00624879002571106 -0.0020241600275039675 0.13290233612060548
v 0.005569689869880676 -0.003481830060482025 0.13284375190734862
v 0.004556759893894195 -0.004730809926986695 0.13278515815734865
v 0.0032706999778747557 -0.005696229934692383 0.13272656440734865
v 0.0017886100709438323 -0.0063202399015426635 0.13266797065734864
v 0.0001993199996650219 -0.006565430164337158 0.13260936737060547
v -0.0014019200205802917 -0.006417099833488465 0.13255078315734864
v -0.002919139862060547 -0.005884150266647339 0.13249218940734864
v -0.004261380136013031 -0.004998509883880615 0.13243358612060546
v -0.005348219871520996 -0.0038132798671722413 0.13237500190734863
v -0.006114490032196045 -0.0023994900286197665 0.13231640815734863
v -0.006514269709587097 -0.0008418799936771393 0.13225781440734863
v -0.0065236097574234014 0.0007661899924278259 0.13219922065734863
v -0.006141939759254456 0.002328329980373383 0.13214061737060548
v -0.005392130017280579 0.00375093013048172 0.13208203315734862
v -0.0043191400170326235 0.004948700070381165 0.13202343940734865
v -0.0029872599244117736 0.005849850177764892 0.13196483612060547
v -0.0014763399958610535 0.006400390267372131 0.13190625190734864
v 0.000123070003464818 0.006567299962043763 0.13184765815734864
v 0.001715109944343567 0.0063405799865722656 0.13178906440734864
v 0.0032043400406837463 0.005733820199966431 0.13173047065734864
v 0.004501520097255707 0.004783399999141693 0.13167186737060546
v 0.005528879761695862 0.0035462599992752077 0.13161328315734863
v 0.006224859952926636 0.002096579968929291 0.13155468940734863
v 0.00654774010181427 0.0005212299898266793 0.13149608612060548
v 0.00647816002368927 -0.0010853599756956102 0.13143750190734863
v 0.00602029025554657 -0.00262690007686615 0.13137890815734862
v 0.005201590061187744 -0.004010989964008331 0.13132031440734865
v 0.004071109890937805 -0.005154669880867004 0.13126172065734865
v 0.00269663006067276 -0.005989390015602112 0.13120311737060547
v 0.0011605100333690643 -0.0064651197195053104 0.13114453315734864
v -0.00044516999274492265 -0.00655335009098053 0.13108593940734864
v -0.0020241600275039675 -0.00624879002571106 0.13102733612060546
v -0.003481830060482025 -0.005569689869880676 0.13096875190734864
v -0.004730809926986695 -0.004556759893894195 0.13091015815734863
v -0.005696229934692383 -0.0032706999778747557 0.13085156440734863
v -0.0063202399015426635 -0.0017886100709438323 0.13079297065734863
v -0.006565430164337158 -0.0001993199996650219 0.13073436737060548
v -0.006417099833488465 0.0014019200205802917 0.13067578315734862
v -0.005884150266647339 0.002919139862060547 0.13061718940734862
v -0.004998509883880615 0.004261380136013031 0.13055858612060547
v -0.0038132798671722413 0.005348219871520996 0.13050000190734865
v -0.0023994900286197665 0.006114490032196045 0.13044140815734864
v -0.0008418799936771393 0.006514269709587097 0.13038281440734864
v 0.0007661899924278259 0.0065236097574234014 0.13032422065734864
v 0.002328329980373383 0.006141939759254456 0.13026561737060546
v 0.00375093013048172 0.005392130017280579 0.13020703315734863
v 0.004948700070381165 0.0043191400170326235 0.13014843940734863
v 0.005849850177764892 0.0029872599244117736 0.13008983612060548
v 0.006400390267372131 0.0014763399958610535 0.13003125190734863
v 0.006567299962043763 -0.000123070003464818 0.12997265815734863
v 0.0063405799865722656 -0.001715109944343567 0.12991406440734862
v 0.005733820199966431 -0.0032043400406837463 0.12985547065734865
v 0.004783399999141693 -0.004501520097255707 0.12979686737060547
v 0.0035462599992752077 -0.005528879761695862 0.12973828315734864
v 0.002096579968929291 -0.006224859952926636 0.12967968940734864
v 0.0005212299898266793 -0.00654774010181427 0.12962108612060547
v -0.0010853599756956102 -0.00647816002368927 0.12956250190734864
v -0.00262690007686615 -0.00602029025554657 0.12950390815734864
v -0.004010989964008331 -0.005201590061187744 0.12944531440734863
v -0.005154669880867004 -0.004071109890937805 0.12938672065734863
v -0.005989390015602112 -0.00269663006067276 0.12932811737060548
v -0.0064651197195053104 -0.0011605100333690643 0.12926953315734863
v -0.00655335009098053 0.00044516999274492265 0.12921093940734862
v -0.00624879002571106 0.0020241600275039675 0.12915233612060548
v -0.005569689869880676 0.003481830060482025 0.12909375190734865
v -0.004556759893894195 0.004730809926986695 0.12903515815734865
v -0.0032706999778747557 0.005696229934692383 0.12897656440734864
v -0.0017886100709438323 0.0063202399015426635 0.12891797065734864
v -0.0001993199996650219 0.006565430164337158 0.12885936737060547
v 0.0014019200205802917 0.006417099833488465 0.12880078315734864
v 0.002919139862060547 0.005884150266647339 0.12874218940734863
v 0.004261380136013031 0.004998509883880615 0.12868358612060546
v 0.005348219871520996 0.0038132798671722413 0.12862500190734863
v 0.006114490032196045 0.0023994900286197665 0.12856640815734863
v 0.006514269709587097 0.0008418799936771393 0.12850781440734863
v 0.0065236097574234014 -0.0007661899924278259 0.12844922065734862
v 0.006141939759254456 -0.002328329980373383 0.12839061737060548
v 0.005392130017280579 -0.00375093013048172 0.12833203315734865
v 0.0043191400170326235 -0.004948700070381165 0.12827343940734864
v 0.0029872599244117736 -0.005849850177764892 0.12821483612060547
v 0.0014763399958610535 -0.006400390267372131 0.12815625190734864
v -0.000123070003464818 -0.006567299962043763 0.12809765815734864
v -0.001715109944343567 -0.0063405799865722656 0.12803906440734864
v -0.0032043400406837463 -0.005733820199966431 0.12798047065734863
v -0.004501520097255707 -0.004783399999141693 0.12792186737060546
v -0.005528879761695862 -0.0035462599992752077 0.12786328315734863
v -0.006224859952926636 -0.002096579968929291 0.12780468940734863
v -0.00654774010181427 -0.0005212299898266793 0.12774608612060548
v -0.00647816002368927 0.0010853599756956102 0.12768750190734862
v -0.00602029025554657 0.00262690007686615 0.12762890815734865
v -0.005201590061187744 0.004010989964008331 0.12757031440734865
v -0.004071109890937805 0.005154669880867004 0.12751172065734864
v -0.00269663006067276 0.005989390015602112 0.12745311737060547
v -0.0011605100333690643 0.0064651197195053104 0.12739453315734864
v 0.00044516999274492265 0.00655335009098053 0.12733593940734864
v 0.0020241600275039675 0.00624879002571106 0.12727733612060546
v 0.003481830060482025 0.005569689869880676 0.12721875190734863
v 0.004730809926986695 0.004556759893894195 0.12716015815734863
v 0.005696229934692383 0.0032706999778747557 0.12710156440734863
v 0.0063202399015426635 0.0017886100709438323 0.12704297065734863
v 0.006565430164337158 0.0001993199996650219 0.12698436737060548
v 0.006417099833488465 -0.0014019200205802917 0.12692578315734865
v 0.005884150266647339 -0.002919139862060547 0.12686718940734865
v 0.004998509883880615 -0.004261380136013031 0.12680858612060547
v 0.0038132798671722413 -0.005348219871520996 0.12675000190734864
v 0.0023994900286197665 -0.006114490032196045 0.12669140815734864
v 0.0008418799936771393 -0.006514269709587097 0.12663281440734864
v -0.0007661899924278259 -0.0065236097574234014 0.12657422065734864
v -0.002328329980373383 -0.006141939759254456 0.12651561737060546
v -0.00375093013048172 -0.005392130017280579 0.12645703315734863
v -0.004948700070381165 -0.0043191400170326235 0.12639843940734863
v -0.005849850177764892 -0.0029872599244117736 0.12633983612060548
v -0.006400390267372131 -0.0014763399958610535 0.12628125190734862
v -0.006567299962043763 0.000123070003464818 0.12622265815734862
v -0.0063405799865722656 0.001715109944343567 0.12616406440734865
v -0.005733820199966431 0.0032043400406837463 0.12610547065734865
v -0.004783399999141693 0.004501520097255707 0.12604686737060547
v -0.0035462599992752077 0.005528879761695862 0.12598828315734864
v -0.002096579968929291 0.006224859952926636 0.12592968940734864
v -0.0005212299898266793 0.00654774010181427 0.12587108612060546
v 0.0010853599756956102 0.00647816002368927 0.12581250190734863
v 0.00262690007686615 0.00602029025554657 0.12575390815734863
v 0.004010989964008331 0.005201590061187744 0.12569531440734863
v 0.005154669880867004 0.004071109890937805 0.12563672065734863
v 0.005989390015602112 0.00269663006067276 0.12557811737060548
v 0.0064651197195053104 0.0011605100333690643 0.12551953315734862
v 0.00655335009098053 -0.00044516999274492265 0.12546093940734865
v 0.00624879002571106 -0.0020241600275039675 0.12540233612060547
v 0.005569689869880676 -0.003481830060482025 0.12534375190734864
v 0.004556759893894195 -0.004730809926986695 0.12528515815734864
v 0.0032706999778747557 -0.005696229934692383 0.12522656440734864
v 0.0017886100709438323 -0.0063202399015426635 0.12516797065734864
v 0.0001993199996650219 -0.006565430164337158 0.12510936737060546
v -0.0014019200205802917 -0.006417099833488465 0.12505078315734863
v -0.002919139862060547 -0.005884150266647339 0.12499218940734863
v -0.004261380136013031 -0.004998509883880615 0.12493358612060547
v -0.005348219871520996 -0.0038132798671722413 0.12487500190734864
v -0.006114490032196045 -0.0023994900286197665 0.12481640815734864
v -0.006514269709587097 -0.0008418799936771393 0.12475781440734864
v -0.0065236097574234014 0.0007661899924278259 0.12469922065734863
v -0.006141939759254456 0.002328329980373383 0.12464061737060547
v -0.005392130017280579 0.00375093013048172 0.12458203315734863
v -0.0043191400170326235 0.004948700070381165 0.12452343940734864
v -0.0029872599244117736 0.005849850177764892 0.12446483612060547
v -0.0014763399958610535 0.006400390267372131 0.12440625190734864
v 0.000123070003464818 0.006567299962043763 0.12434765815734863
v 0.001715109944343567 0.0063405799865722656 0.12428906440734863
v 0.0032043400406837463 0.005733820199966431 0.12423047065734863
v 0.004501520097255707 0.004783399999141693 0.12417186737060547
v 0.005528879761695862 0.0035462599992752077 0.12411328315734864
v 0.006224859952926636 0.002096579968929291 0.12405468940734864
v 0.00654774010181427 0.0005212299898266793 0.12399608612060548
v 0.00647816002368927 -0.0010853599756956102 0.12393750190734863
v 0.00602029025554657 -0.00262690007686615 0.12387890815734863
v 0.005201590061187744 -0.004010989964008331 0.12382031440734864
v 0.004071109890937805 -0.005154669880867004 0.12376172065734864
v 0.00269663006067276 -0.005989390015602112 0.12370311737060548
v 0.0011605100333690643 -0.0064651197195053104 0.12364453315734864
v -0.00044516999274492265 -0.00655335009098053 0.12358593940734863
v -0.0020241600275039675 -0.00624879002571106 0.12352733612060547
v -0.003481830060482025 -0.005569689869880676 0.12346875190734864
v -0.004730809926986695 -0.004556759893894195 0.12341015815734864
v -0.005696229934692383 -0.0032706999778747557 0.12335156440734864
v -0.0063202399015426635 -0.0017886100709438323 0.12329297065734864
v -0.006565430164337158 -0.0001993199996650219 0.12323436737060547
v -0.006417099833488465 0.0014019200205802917 0.12317578315734863
v -0.005884150266647339 0.002919139862060547 0.12311718940734863
v -0.004998509883880615 0.004261380136013031 0.12305858612060547
v -0.0038132798671722413 0.005348219871520996 0.12300000190734864
v -0.0023994900286197665 0.006114490032196045 0.12294140815734864
v -0.0008418799936771393 0.006514269709587097 0.12288281440734863
v 0.0007661899924278259 0.0065236097574234014 0.12282422065734863
v 0.002328329980373383 0.006141939759254456 0.12276561737060547
v 0.00375093013048172 0.005392130017280579 0.12270703315734864
v 0.004948700070381165 0.0043191400170326235 0.12264843940734864
v 0.005849850177764892 0.0029872599244117736 0.12258983612060548
v 0.006400390267372131 0.0014763399958610535 0.12253125190734863
v 0.006567299962043763 -0.000123070003464818 0.12247265815734863
v 0.0063405799865722656 -0.001715109944343567 0.12241406440734863
v 0.005733820199966431 -0.0032043400406837463 0.12235547065734864
v 0.004783399999141693 -0.004501520097255707 0.12229686737060547
v 0.0035462599992752077 -0.005528879761695862 0.12223828315734864
v 0.002096579968929291 -0.006224859952926636 0.12217968940734864
v 0.0005212299898266793 -0.00654774010181427 0.12212108612060547
v -0.0010853599756956102 -0.00647816002368927 0.12206250190734863
v -0.00262690007686615 -0.00602029025554657 0.12200390815734864
v -0.004010989964008331 -0.005201590061187744 0.12194531440734864
v -0.005154669880867004 -0.004071109890937805 0.12188672065734864
v -0.005989390015602112 -0.00269663006067276 0.12182811737060548
v -0.0064651197195053104 -0.0011605100333690643 0.12176953315734863
v -0.00655335009098053 0.00044516999274492265 0.12171093940734863
v -0.00624879002571106 0.0020241600275039675 0.12165233612060547
v -0.005569689869880676 0.003481830060482025 0.12159375190734864
v -0.004556759893894195 0.004730809926986695 0.12153515815734864
v -0.0032706999778747557 0.005696229934692383 0.12147656440734864
v -0.0017886100709438323 0.0063202399015426635 0.12141797065734863
v -0.0001993199996650219 0.006565430164337158 0.12135936737060547
v 0.0014019200205802917 0.006417099833488465 0.12130078315734863
v 0.002919139862060547 0.005884150266647339 0.12124218940734864
v 0.004261380136013031 0.004998509883880615 0.12118358612060547
v 0.005348219871520996 0.0038132798671722413 0.12112500190734864
v 0.006114490032196045 0.0023994900286197665 0.12106640815734863
v 0.006514269709587097 0.0008418799936771393 0.12100781440734863
v 0.0065236097574234014 -0.0007661899924278259 0.12094922065734863
v 0.006141939759254456 -0.002328329980373383 0.12089061737060547
v 0.005392130017280579 -0.00375093013048172 0.12083203315734864
v 0.0043191400170326235 -0.004948700070381165 0.12077343940734864
v 0.0029872599244117736 -0.005849850177764892 0.12071483612060548
v 0.0014763399958610535 -0.006400390267372131 0.12065625190734863
v -0.000123070003464818 -0.006567299962043763 0.12059765815734863
v -0.001715109944343567 -0.0063405799865722656 0.12053906440734864
v -0.0032043400406837463 -0.005733820199966431 0.12048047065734864
v -0.004501520097255707 -0.004783399999141693 0.12042186737060546
v -0.005528879761695862 -0.0035462599992752077 0.12036328315734864
v -0.006224859952926636 -0.002096579968929291 0.12030468940734863
v -0.00654774010181427 -0.0005212299898266793 0.12024608612060547
v -0.00647816002368927 0.0010853599756956102 0.12018750190734863
v -0.00602029025554657 0.00262690007686615 0.12012890815734864
v -0.005201590061187744 0.004010989964008331 0.12007031440734864
v -0.004071109890937805 0.005154669880867004 0.12001172065734864
v -0.00269663006067276 0.005989390015602112 0.11995311737060547
v -0.0011605100333690643 0.0064651197195053104 0.11989453315734863
v 0.00044516999274492265 0.00655335009098053 0.11983593940734863
v 0.0020241600275039675 0.00624879002571106 0.11977733612060547
v 0.003481830060482025 0.005569689869880676 0.11971875190734864
v 0.004730809926986695 0.004556759893894195 0.11966015815734864
v 0.005696229934692383 0.0032706999778747557 0.11960156440734863
v 0.0063202399015426635 0.0017886100709438323 0.11954297065734863
v 0.006565430164337158 0.0001993199996650219 0.11948436737060547
v 0.006417099833488465 -0.0014019200205802917 0.11942578315734864
v 0.005884150266647339 -0.002919139862060547 0.11936718940734864
v 0.004998509883880615 -0.004261380136013031 0.11930858612060546
v 0.0038132798671722413 -0.005348219871520996 0.11925000190734864
v 0.0023994900286197665 -0.006114490032196045 0.11919140815734863
v 0.0008418799936771393 -0.006514269709587097 0.11913281440734863
v -0.0007661899924278259 -0.0065236097574234014 0.11907422065734863
v -0.002328329980373383 -0.006141939759254456 0.11901561737060547
v -0.00375093013048172 -0.005392130017280579 0.11895703315734864
v -0.004948700070381165 -0.0043191400170326235 0.11889843940734864
v -0.005849850177764892 -0.0029872599244117736 0.11883983612060547
v -0.006400390267372131 -0.0014763399958610535 0.11878125190734863
v -0.006567299962043763 0.000123070003464818 0.11872265815734863
v -0.0063405799865722656 0.001715109944343567 0.11866406440734864
v -0.005733820199966431 0.0032043400406837463 0.11860547065734864
v -0.004783399999141693 0.004501520097255707 0.11854686737060548
v -0.0035462599992752077 0.005528879761695862 0.11848828315734863
v -0.002096579968929291 0.006224859952926636 0.11842968940734863
v -0.0005212299898266793 0.00654774010181427 0.11837108612060547
v 0.0010853599756956102 0.00647816002368927 0.11831250190734864
v 0.00262690007686615 0.00602029025554657 0.11825390815734864
v 0.004010989964008331 0.005201590061187744 0.11819531440734864
v 0.005154669880867004 0.004071109890937805 0.11813672065734863
v 0.005989390015602112 0.00269663006067276 0.11807811737060547
v 0.0064651197195053104 0.0011605100333690643 0.11801953315734863
v 0.00655335009098053 -0.00044516999274492265 0.11796093940734864
v 0.00624879002571106 -0.0020241600275039675 0.11790233612060547
v 0.005569689869880676 -0.003481830060482025 0.11784375190734864
v 0.004556759893894195 -0.004730809926986695 0.11778515815734864
v 0.0032706999778747557 -0.005696229934692383 0.11772656440734863
v 0.0017886100709438323 -0.0063202399015426635 0.11766797065734863
v 0.0001993199996650219 -0.006565430164337158 0.11760936737060547
v -0.0014019200205802917 -0.006417099833488465 0.11755078315734864
v -0.002919139862060547 -0.005884150266647339 0.11749218940734864
v -0.004261380136013031 -0.004998509883880615 0.11743358612060548
v -0.005348219871520996 -0.0038132798671722413 0.11737500190734863
v -0.006114490032196045 -0.0023994900286197665 0.11731640815734863
v -0.006514269709587097 -0.0008418799936771393 0.11725781440734863
v -0.0065236097574234014 0.0007661899924278259 0.11719922065734864
v -0.006141939759254456 0.002328329980373383 0.11714062690734864
v -0.005392130017280579 0.00375093013048172 0.11708203315734864
v -0.0043191400170326235 0.004948700070381165 0.11702343940734863
v -0.0029872599244117736 0.005849850177764892 0.11696483612060547
v -0.0014763399958610535 0.006400390267372131 0.11690625190734863
v 0.000123070003464818 0.006567299962043763 0.11684765815734864
v 0.001715109944343567 0.0063405799865722656 0.11678906440734864
v 0.0032043400406837463 0.005733820199966431 0.11673047065734864
v 0.004501520097255707 0.004783399999141693 0.11667186737060548
v 0.005528879761695862 0.0035462599992752077 0.11661328315734863
v 0.006224859952926636 0.002096579968929291 0.11655468940734863
v 0.00654774010181427 0.0005212299898266793 0.11649608612060547
v 0.00647816002368927 -0.0010853599756956102 0.11643750190734864
v 0.00602029025554657 -0.00262690007686615 0.11637890815734864
v 0.005201590061187744 -0.004010989964008331 0.11632031440734864
v 0.004071109890937805 -0.005154669880867004 0.11626172065734863
v 0.00269663006067276 -0.005989390015602112 0.11620311737060547
v 0.0011605100333690643 -0.0064651197195053104 0.11614453315734863
v -0.00044516999274492265 -0.00655335009098053 0.11608593940734864
v -0.0020241600275039675 -0.00624879002571106 0.11602733612060546
v -0.003481830060482025 -0.005569689869880676 0.11596875190734864
v -0.004730809926986695 -0.004556759893894195 0.11591015815734863
v -0.005696229934692383 -0.0032706999778747557 0.11585156440734863
v -0.0063202399015426635 -0.0017886100709438323 0.11579297065734863
v -0.006565430164337158 -0.0001993199996650219 0.11573437690734864
v -0.006417099833488465 0.0014019200205802917 0.11567578315734864
v -0.005884150266647339 0.002919139862060547 0.11561718940734864
v -0.004998509883880615 0.004261380136013031 0.11555858612060547
v -0.0038132798671722413 0.005348219871520996 0.11550000190734863
v -0.0023994900286197665 0.006114490032196045 0.11544140815734863
v -0.0008418799936771393 0.006514269709587097 0.11538281440734864
v 0.0007661899924278259 0.0065236097574234014 0.11532422065734864
v 0.002328329980373383 0.006141939759254456 0.11526561737060548
v 0.00375093013048172 0.005392130017280579 0.11520703315734863
v 0.004948700070381165 0.0043191400170326235 0.11514843940734863
v 0.005849850177764892 0.0029872599244117736 0.11508983612060547
v 0.006400390267372131 0.0014763399958610535 0.11503125190734864
v 0.006567299962043763 -0.000123070003464818 0.11497265815734864
v 0.0063405799865722656 -0.001715109944343567 0.11491406440734864
v 0.005733820199966431 -0.0032043400406837463 0.11485547065734864
v 0.004783399999141693 -0.004501520097255707 0.11479686737060547
v 0.0035462599992752077 -0.005528879761695862 0.11473828315734863
v 0.002096579968929291 -0.006224859952926636 0.11467968940734863
v 0.0005212299898266793 -0.00654774010181427 0.11462108612060547
v -0.0010853599756956102 -0.00647816002368927 0.11456250190734864
v -0.00262690007686615 -0.00602029025554657 0.11450390815734864
v -0.004010989964008331 -0.005201590061187744 0.11444531440734863
v -0.005154669880867004 -0.004071109890937805 0.11438672065734863
v -0.005989390015602112 -0.00269663006067276 0.11432812690734863
v -0.0064651197195053104 -0.0011605100333690643 0.11426953315734864
v -0.00655335009098053 0.00044516999274492265 0.11421093940734864
v -0.00624879002571106 0.0020241600275039675 0.11415233612060548
v -0.005569689869880676 0.003481830060482025 0.11409375190734863
v -0.004556759893894195 0.004730809926986695 0.11403515815734863
v -0.0032706999778747557 0.005696229934692383 0.11397656440734863
v -0.0017886100709438323 0.0063202399015426635 0.11391797065734864
v -0.0001993199996650219 0.006565430164337158 0.11385936737060547
v 0.0014019200205802917 0.006417099833488465 0.11380078315734864
v 0.002919139862060547 0.005884150266647339 0.11374218940734863
v 0.004261380136013031 0.004998509883880615 0.11368358612060547
v 0.005348219871520996 0.0038132798671722413 0.11362500190734863
v 0.006114490032196045 0.0023994900286197665 0.11356640815734864
v 0.006514269709587097 0.0008418799936771393 0.11350781440734864
v 0.0065236097574234014 -0.0007661899924278259 0.11344922065734864
v 0.006141939759254456 -0.002328329980373383 0.11339062690734864
v 0.005392130017280579 -0.00375093013048172 0.11333203315734863
v 0.0043191400170326235 -0.004948700070381165 0.11327343940734863
v 0.0029872599244117736 -0.005849850177764892 0.11321483612060547
v 0.0014763399958610535 -0.006400390267372131 0.11315625190734864
v -0.000123070003464818 -0.006567299962043763 0.11309765815734864
v -0.001715109944343567 -0.0063405799865722656 0.11303906440734864
v -0.0032043400406837463 -0.005733820199966431 0.11298047065734863
v -0.004501520097255707 -0.004783399999141693 0.11292187690734863
v -0.005528879761695862 -0.0035462599992752077 0.11286328315734863
v -0.006224859952926636 -0.002096579968929291 0.11280468940734864
v -0.00654774010181427 -0.0005212299898266793 0.11274608612060547
v -0.00647816002368927 0.0010853599756956102 0.11268750190734864
v -0.00602029025554657 0.00262690007686615 0.11262890815734863
v -0.005201590061187744 0.004010989964008331 0.11257031440734863
v -0.004071109890937805 0.005154669880867004 0.11251172065734863
v -0.00269663006067276 0.005989390015602112 0.11245311737060547
v -0.0011605100333690643 0.0064651197195053104 0.11239453315734864
v 0.00044516999274492265 0.00655335009098053 0.11233593940734864
v 0.0020241600275039675 0.00624879002571106 0.11227733612060548
v 0.003481830060482025 0.005569689869880676 0.11221875190734863
v 0.004730809926986695 0.004556759893894195 0.11216015815734863
v 0.005696229934692383 0.0032706999778747557 0.11210156440734864
v 0.0063202399015426635 0.0017886100709438323 0.11204297065734864
v 0.006565430164337158 0.0001993199996650219 0.11198437690734864
v 0.006417099833488465 -0.0014019200205802917 0.11192578315734864
v 0.005884150266647339 -0.002919139862060547 0.11186718940734863
v 0.004998509883880615 -0.004261380136013031 0.11180858612060547
v 0.0038132798671722413 -0.005348219871520996 0.11175000190734863
v 0.0023994900286197665 -0.006114490032196045 0.11169140815734864
v 0.0008418799936771393 -0.006514269709587097 0.11163281440734864
v -0.0007661899924278259 -0.0065236097574234014 0.11157422065734864
v -0.002328329980373383 -0.006141939759254456 0.11151562690734863
v -0.00375093013048172 -0.005392130017280579 0.11145703315734863
v -0.004948700070381165 -0.0043191400170326235 0.11139843940734863
v -0.005849850177764892 -0.0029872599244117736 0.11133983612060547
v -0.006400390267372131 -0.0014763399958610535 0.11128125190734864
v -0.006567299962043763 0.000123070003464818 0.11122265815734864
v -0.0063405799865722656 0.001715109944343567 0.11116406440734863
v -0.005733820199966431 0.0032043400406837463 0.11110547065734863
v -0.004783399999141693 0.004501520097255707 0.11104686737060547
v -0.0035462599992752077 0.005528879761695862 0.11098828315734864
v -0.002096579968929291 0.006224859952926636 0.11092968940734864
v -0.0005212299898266793 0.00654774010181427 0.11087108612060548
v 0.0010853599756956102 0.00647816002368927 0.11081250190734863
v 0.00262690007686615 0.00602029025554657 0.11075390815734863
v 0.004010989964008331 0.005201590061187744 0.11069531440734863
v 0.005154669880867004 0.004071109890937805 0.11063672065734864
v 0.005989390015602112 0.00269663006067276 0.11057812690734864
v 0.0064651197195053104 0.0011605100333690643 0.11051953315734864
v 0.00655335009098053 -0.00044516999274492265 0.11046093940734864
v 0.00624879002571106 -0.0020241600275039675 0.11040233612060547
v 0.005569689869880676 -0.003481830060482025 0.11034375190734863
v 0.004556759893894195 -0.004730809926986695 0.11028515815734863
v 0.0032706999778747557 -0.005696229934692383 0.11022656440734864
v 0.0017886100709438323 -0.0063202399015426635 0.11016797065734864
v 0.0001993199996650219 -0.006565430164337158 0.11010937690734864
v -0.0014019200205802917 -0.006417099833488465 0.11005078315734863
v -0.002919139862060547 -0.005884150266647339 0.10999218940734863
v -0.004261380136013031 -0.004998509883880615 0.10993358612060547
v -0.005348219871520996 -0.0038132798671722413 0.10987500190734864
v -0.006114490032196045 -0.0023994900286197665 0.10981640815734864
v -0.006514269709587097 -0.0008418799936771393 0.10975781440734864
v -0.0065236097574234014 0.0007661899924278259 0.10969922065734863
v -0.006141939759254456 0.002328329980373383 0.10964061737060547
v -0.005392130017280579 0.00375093013048172 0.10958203315734863
v -0.0043191400170326235 0.004948700070381165 0.10952343940734864
v -0.0029872599244117736 0.005849850177764892 0.10946483612060547
v -0.0014763399958610535 0.006400390267372131 0.10940625190734864
v 0.000123070003464818 0.006567299962043763 0.10934765815734863
v 0.001715109944343567 0.0063405799865722656 0.10928906440734863
v 0.0032043400406837463 0.005733820199966431 0.10923047065734863
v 0.004501520097255707 0.004783399999141693 0.10917187690734864
v 0.005528879761695862 0.0035462599992752077 0.10911328315734864
v 0.006224859952926636 0.002096579968929291 0.10905468940734864
v 0.00654774010181427 0.0005212299898266793 0.10899608612060548
v 0.00647816002368927 -0.0010853599756956102 0.10893750190734863
v 0.00602029025554657 -0.00262690007686615 0.10887890815734863
v 0.005201590061187744 -0.004010989964008331 0.10882031440734863
v 0.004071109890937805 -0.005154669880867004 0.10876172065734864
v 0.00269663006067276 -0.005989390015602112 0.10870312690734864
v 0.0011605100333690643 -0.0064651197195053104 0.10864453315734864
v -0.00044516999274492265 -0.00655335009098053 0.10858593940734863
v -0.0020241600275039675 -0.00624879002571106 0.10852733612060547
v -0.003481830060482025 -0.005569689869880676 0.10846875190734863
v -0.004730809926986695 -0.004556759893894195 0.10841015815734864
v -0.005696229934692383 -0.0032706999778747557 0.10835156440734864
v -0.0063202399015426635 -0.0017886100709438323 0.10829297065734864
v -0.006565430164337158 -0.0001993199996650219 0.10823437690734863
v -0.006417099833488465 0.0014019200205802917 0.10817578315734863
v -0.005884150266647339 0.002919139862060547 0.10811718940734863
v -0.004998509883880615 0.004261380136013031 0.10805858612060547
v -0.0038132798671722413 0.005348219871520996 0.10800000190734864
v -0.0023994900286197665 0.006114490032196045 0.10794140815734864
v -0.0008418799936771393 0.006514269709587097 0.10788281440734863
v 0.0007661899924278259 0.0065236097574234014 0.10782422065734863
v 0.002328329980373383 0.006141939759254456 0.10776562690734863
v 0.00375093013048172 0.005392130017280579 0.10770703315734864
v 0.004948700070381165 0.0043191400170326235 0.10764843940734864
v 0.005849850177764892 0.0029872599244117736 0.10758983612060546
v 0.006400390267372131 0.0014763399958610535 0.10753125190734864
v 0.006567299962043763 -0.000123070003464818 0.10747265815734863
v 0.0063405799865722656 -0.001715109944343567 0.10741406440734863
v 0.005733820199966431 -0.0032043400406837463 0.10735547065734863
v 0.004783399999141693 -0.004501520097255707 0.10729686737060547
v 0.0035462599992752077 -0.005528879761695862 0.10723828315734864
v 0.002096579968929291 -0.006224859952926636 0.10717968940734864
v 0.0005212299898266793 -0.00654774010181427 0.10712108612060547
v -0.0010853599756956102 -0.00647816002368927 0.10706250190734863
v -0.00262690007686615 -0.00602029025554657 0.10700390815734863
v -0.004010989964008331 -0.005201590061187744 0.10694531440734864
v -0.005154669880867004 -0.004071109890937805 0.10688672065734864
v -0.005989390015602112 -0.00269663006067276 0.10682812690734864
v -0.0064651197195053104 -0.0011605100333690643 0.10676953315734863
v -0.00655335009098053 0.00044516999274492265 0.10671093940734863
v -0.00624879002571106 0.0020241600275039675 0.10665233612060547
v -0.005569689869880676 0.003481830060482025 0.10659375190734864
v -0.004556759893894195 0.004730809926986695 0.10653515815734864
v -0.0032706999778747557 0.005696229934692383 0.10647656440734864
v -0.0017886100709438323 0.0063202399015426635 0.10641797065734863
v -0.0001993199996650219 0.006565430164337158 0.10635937690734863
v 0.0014019200205802917 0.006417099833488465 0.10630078315734863
v 0.002919139862060547 0.005884150266647339 0.10624218940734864
v 0.004261380136013031 0.004998509883880615 0.10618358612060547
v 0.005348219871520996 0.0038132798671722413 0.10612500190734864
v 0.006114490032196045 0.0023994900286197665 0.10606640815734864
v 0.006514269709587097 0.0008418799936771393 0.10600781440734863
v 0.0065236097574234014 -0.0007661899924278259 0.10594922065734863
v 0.006141939759254456 -0.002328329980373383 0.10589061737060547
v 0.005392130017280579 -0.00375093013048172 0.10583203315734864
v 0.0043191400170326235 -0.004948700070381165 0.10577343940734864
v 0.0029872599244117736 -0.005849850177764892 0.10571483612060548
v 0.0014763399958610535 -0.006400390267372131 0.10565625190734863
v -0.000123070003464818 -0.006567299962043763 0.10559765815734863
v -0.001715109944343567 -0.0063405799865722656 0.10553906440734863
v -0.0032043400406837463 -0.005733820199966431 0.10548047065734864
v -0.004501520097255707 -0.004783399999141693 0.10542187690734864
v -0.005528879761695862 -0.0035462599992752077 0.10536328315734864
v -0.006224859952926636 -0.002096579968929291 0.10530468940734863
v -0.00654774010181427 -0.0005212299898266793 0.10524608612060547
v -0.00647816002368927 0.0010853599756956102 0.10518750190734863
v -0.00602029025554657 0.00262690007686615 0.10512890815734864
v -0.005201590061187744 0.004010989964008331 0.10507031440734864
v -0.004071109890937805 0.005154669880867004 0.10501172065734864
v -0.00269663006067276 0.005989390015602112 0.10495312690734863
v -0.0011605100333690643 0.0064651197195053104 0.10489453315734863
v 0.00044516999274492265 0.00655335009098053 0.10483593940734863
v 0.0020241600275039675 0.00624879002571106 0.10477733612060547
v 0.003481830060482025 0.005569689869880676 0.10471875190734864
v 0.004730809926986695 0.004556759893894195 0.10466015815734864
v 0.005696229934692383 0.0032706999778747557 0.10460156440734864
v 0.0063202399015426635 0.0017886100709438323 0.10454297065734863
v 0.006565430164337158 0.0001993199996650219 0.10448436737060547
v 0.006417099833488465 -0.0014019200205802917 0.10442578315734863
v 0.005884150266647339 -0.002919139862060547 0.10436718940734864
v 0.004998509883880615 -0.004261380136013031 0.10430858612060546
v 0.0038132798671722413 -0.005348219871520996 0.10425000190734864
v 0.0023994900286197665 -0.006114490032196045 0.10419140815734863
v 0.0008418799936771393 -0.006514269709587097 0.10413281440734863
v -0.0007661899924278259 -0.0065236097574234014 0.10407422065734863
v -0.002328329980373383 -0.006141939759254456 0.10401562690734864
v -0.00375093013048172 -0.005392130017280579 0.10395703315734864
v -0.004948700070381165 -0.0043191400170326235 0.10389843940734864
v -0.005849850177764892 -0.0029872599244117736 0.10383983612060547
v -0.006400390267372131 -0.0014763399958610535 0.10378125190734863
v -0.006567299962043763 0.000123070003464818 0.10372265815734863
v -0.0063405799865722656 0.001715109944343567 0.10366406440734864
v -0.005733820199966431 0.0032043400406837463 0.10360547065734864
v -0.004783399999141693 0.004501520097255707 0.10354687690734864
v -0.0035462599992752077 0.005528879761695862 0.10348828315734863
v -0.002096579968929291 0.006224859952926636 0.10342968940734863
v -0.0005212299898266793 0.00654774010181427 0.10337108612060547
v 0.0010853599756956102 0.00647816002368927 0.10331250190734864
v 0.00262690007686615 0.00602029025554657 0.10325390815734864
v 0.004010989964008331 0.005201590061187744 0.10319531440734864
v 0.005154669880867004 0.004071109890937805 0.10313672065734864
v 0.005989390015602112 0.00269663006067276 0.10307811737060547
v 0.0064651197195053104 0.0011605100333690643 0.10301953315734863
v 0.00655335009098053 -0.00044516999274492265 0.10296093940734863
v 0.00624879002571106 -0.0020241600275039675 0.10290233612060547
v 0.005569689869880676 -0.003481830060482025 0.10284375190734864
v 0.004556759893894195 -0.004730809926986695 0.10278515815734864
v 0.0032706999778747557 -0.005696229934692383 0.10272656440734863
v 0.0017886100709438323 -0.0063202399015426635 0.10266797065734863
v 0.0001993199996650219 -0.006565430164337158 0.10260937690734863
v -0.0014019200205802917 -0.006417099833488465 0.10255078315734864
v -0.002919139862060547 -0.005884150266647339 0.10249218940734864
v -0.004261380136013031 -0.004998509883880615 0.10243358612060548
v -0.005348219871520996 -0.0038132798671722413 0.10237500190734863
v -0.006114490032196045 -0.0023994900286197665 0.10231640815734863
v -0.006514269709587097 -0.0008418799936771393 0.10225781440734863
v -0.0065236097574234014 0.0007661899924278259 0.10219922065734864
v -0.006141939759254456 0.002328329980373383 0.10214062690734864
v -0.005392130017280579 0.00375093013048172 0.10208203315734864
v -0.0043191400170326235 0.004948700070381165 0.10202343940734863
v -0.0029872599244117736 0.005849850177764892 0.10196483612060547
v -0.0014763399958610535 0.006400390267372131 0.10190625190734863
v 0.000123070003464818 0.006567299962043763 0.10184765815734864
v 0.001715109944343567 0.0063405799865722656 0.10178906440734864
v 0.0032043400406837463 0.005733820199966431 0.10173047065734864
v 0.004501520097255707 0.004783399999141693 0.10167187690734864
v 0.005528879761695862 0.0035462599992752077 0.10161328315734863
v 0.006224859952926636 0.002096579968929291 0.10155468940734863
v 0.00654774010181427 0.0005212299898266793 0.10149608612060547
v 0.00647816002368927 -0.0010853599756956102 0.10143750190734864
v 0.00602029025554657 -0.00262690007686615 0.10137890815734864
v 0.005201590061187744 -0.004010989964008331 0.10132031440734864
v 0.004071109890937805 -0.005154669880867004 0.10126172065734863
v 0.00269663006067276 -0.005989390015602112 0.10120312690734863
v 0.0011605100333690643 -0.0064651197195053104 0.10114453315734863
v -0.00044516999274492265 -0.00655335009098053 0.10108593940734864
v -0.0020241600275039675 -0.00624879002571106 0.10102733612060547
v -0.003481830060482025 -0.005569689869880676 0.10096875190734864
v -0.004730809926986695 -0.004556759893894195 0.10091015815734863
v -0.005696229934692383 -0.0032706999778747557 0.10085156440734863
v -0.0063202399015426635 -0.0017886100709438323 0.10079297065734863
v -0.006565430164337158 -0.0001993199996650219 0.10073437690734864
v -0.006417099833488465 0.0014019200205802917 0.10067578315734864
v -0.005884150266647339 0.002919139862060547 0.10061718940734864
v -0.004998509883880615 0.004261380136013031 0.10055858612060548
v -0.0038132798671722413 0.005348219871520996 0.10050000190734863
v -0.0023994900286197665 0.006114490032196045 0.10044140815734863
v -0.0008418799936771393 0.006514269709587097 0.10038281440734864
v 0.0007661899924278259 0.0065236097574234014 0.10032422065734864
v 0.002328329980373383 0.006141939759254456 0.10026562690734864
v 0.00375093013048172 0.005392130017280579 0.10020703315734864
v 0.004948700070381165 0.0043191400170326235 0.10014843940734863
v 0.005849850177764892 0.0029872599244117736 0.10008983612060547
v 0.006400390267372131 0.0014763399958610535 0.10003125190734863
v 0.006567299962043763 -0.000123070003464818 0.09997265815734864
v 0.0063405799865722656 -0.001715109944343567 0.09991406440734864
v 0.005733820199966431 -0.0032043400406837463 0.09985547065734864
v 0.004783399999141693 -0.004501520097255707 0.09979687690734863
v 0.0035462599992752077 -0.005528879761695862 0.09973828315734863
v 0.002096579968929291 -0.006224859952926636 0.09967968940734863
v 0.0005212299898266793 -0.00654774010181427 0.09962108612060547
v -0.0010853599756956102 -0.00647816002368927 0.09956250190734864
v -0.00262690007686615 -0.00602029025554657 0.09950390815734864
v -0.004010989964008331 -0.005201590061187744 0.09944531440734863
v -0.005154669880867004 -0.004071109890937805 0.09938672065734863
v -0.005989390015602112 -0.00269663006067276 0.09932812690734863
v -0.0064651197195053104 -0.0011605100333690643 0.09926953315734864
v -0.00655335009098053 0.00044516999274492265 0.09921093940734864
v -0.00624879002571106 0.0020241600275039675 0.09915233612060548
v -0.005569689869880676 0.003481830060482025 0.09909375190734863
v -0.004556759893894195 0.004730809926986695 0.09903515815734863
v -0.0032706999778747557 0.005696229934692383 0.09897656440734863
v -0.0017886100709438323 0.0063202399015426635 0.09891797065734864
v -0.0001993199996650219 0.006565430164337158 0.09885937690734864
v 0.0014019200205802917 0.006417099833488465 0.09880078315734864
v 0.002919139862060547 0.005884150266647339 0.09874218940734864
v 0.004261380136013031 0.004998509883880615 0.09868358612060547
v 0.005348219871520996 0.0038132798671722413 0.09862500190734863
v 0.006114490032196045 0.0023994900286197665 0.09856640815734863
v 0.006514269709587097 0.0008418799936771393 0.09850781440734864
v 0.0065236097574234014 -0.0007661899924278259 0.09844922065734864
v 0.006141939759254456 -0.002328329980373383 0.09839062690734864
v 0.005392130017280579 -0.00375093013048172 0.09833203315734863
v 0.0043191400170326235 -0.004948700070381165 0.09827343940734863
v 0.0029872599244117736 -0.005849850177764892 0.09821483612060547
v 0.0014763399958610535 -0.006400390267372131 0.09815625190734864
v -0.000123070003464818 -0.006567299962043763 0.09809765815734864
v -0.001715109944343567 -0.0063405799865722656 0.09803906440734864
v -0.0032043400406837463 -0.005733820199966431 0.09798047065734863
v -0.004501520097255707 -0.004783399999141693 0.09792187690734863
v -0.005528879761695862 -0.0035462599992752077 0.09786328315734863
v -0.006224859952926636 -0.002096579968929291 0.09780468940734864
v -0.00654774010181427 -0.0005212299898266793 0.09774608612060547
v -0.00647816002368927 0.0010853599756956102 0.09768750190734864
v -0.00602029025554657 0.00262690007686615 0.09762890815734863
v -0.005201590061187744 0.004010989964008331 0.09757031440734863
v -0.004071109890937805 0.005154669880867004 0.09751172065734863
v -0.00269663006067276 0.005989390015602112 0.09745312690734864
v -0.0011605100333690643 0.0064651197195053104 0.09739453315734864
v 0.00044516999274492265 0.00655335009098053 0.09733593940734864
v 0.0020241600275039675 0.00624879002571106 0.09727733612060548
v 0.003481830060482025 0.005569689869880676 0.09721875190734863
v 0.004730809926986695 0.004556759893894195 0.09716015815734863
v 0.005696229934692383 0.0032706999778747557 0.09710156440734863
v 0.0063202399015426635 0.0017886100709438323 0.09704297065734864
v 0.006565430164337158 0.0001993199996650219 0.09698437690734864
v 0.006417099833488465 -0.0014019200205802917 0.09692578315734864
v 0.005884150266647339 -0.002919139862060547 0.09686718940734863
v 0.004998509883880615 -0.004261380136013031 0.09680858612060547
v 0.0038132798671722413 -0.005348219871520996 0.09675000190734863
v 0.0023994900286197665 -0.006114490032196045 0.09669140815734864
v 0.0008418799936771393 -0.006514269709587097 0.09663281440734864
v -0.0007661899924278259 -0.0065236097574234014 0.09657422065734864
v -0.002328329980373383 -0.006141939759254456 0.09651562690734863
v -0.00375093013048172 -0.005392130017280579 0.09645703315734863
v -0.004948700070381165 -0.0043191400170326235 0.09639843940734863
v -0.005849850177764892 -0.0029872599244117736 0.09633983612060547
v -0.006400390267372131 -0.0014763399958610535 0.09628125190734864
v -0.006567299962043763 0.000123070003464818 0.09622265815734864
v -0.0063405799865722656 0.001715109944343567 0.09616406440734863
v -0.005733820199966431 0.0032043400406837463 0.09610547065734863
v -0.004783399999141693 0.004501520097255707 0.09604687690734863
v -0.0035462599992752077 0.005528879761695862 0.09598828315734864
v -0.002096579968929291 0.006224859952926636 0.09592968940734864
v -0.0005212299898266793 0.00654774010181427 0.09587108612060546
v 0.0010853599756956102 0.00647816002368927 0.09581250190734864
v 0.00262690007686615 0.00602029025554657 0.09575390815734863
v 0.004010989964008331 0.005201590061187744 0.09569531440734863
v 0.005154669880867004 0.004071109890937805 0.09563672065734863
v 0.005989390015602112 0.00269663006067276 0.09557812690734864
v 0.0064651197195053104 0.0011605100333690643 0.09551953315734864
v 0.00655335009098053 -0.00044516999274492265 0.09546093940734864
v 0.00624879002571106 -0.0020241600275039675 0.09540233612060547
v 0.005569689869880676 -0.003481830060482025 0.09534375190734863
v 0.004556759893894195 -0.004730809926986695 0.09528515815734863
v 0.0032706999778747557 -0.005696229934692383 0.09522656440734864
v 0.0017886100709438323 -0.0063202399015426635 0.09516797065734864
v 0.0001993199996650219 -0.006565430164337158 0.09510937690734864
v -0.0014019200205802917 -0.006417099833488465 0.09505078315734863
v -0.002919139862060547 -0.005884150266647339 0.09499218940734863
v -0.004261380136013031 -0.004998509883880615 0.09493358612060547
v -0.005348219871520996 -0.0038132798671722413 0.09487500190734864
v -0.006114490032196045 -0.0023994900286197665 0.09481640815734864
v -0.006514269709587097 -0.0008418799936771393 0.09475781440734864
v -0.0065236097574234014 0.0007661899924278259 0.09469922065734863
v -0.006141939759254456 0.002328329980373383 0.09464062690734863
v -0.005392130017280579 0.00375093013048172 0.09458203315734863
v -0.0043191400170326235 0.004948700070381165 0.09452343940734864
v -0.0029872599244117736 0.005849850177764892 0.09446483612060547
v -0.0014763399958610535 0.006400390267372131 0.09440625190734864
v 0.000123070003464818 0.006567299962043763 0.09434765815734864
v 0.001715109944343567 0.0063405799865722656 0.09428906440734863
v 0.0032043400406837463 0.005733820199966431 0.09423047065734863
v 0.004501520097255707 0.004783399999141693 0.09417187690734863
v 0.005528879761695862 0.0035462599992752077 0.09411328315734864
v 0.006224859952926636 0.002096579968929291 0.09405468940734864
v 0.00654774010181427 0.0005212299898266793 0.09399608612060548
v 0.00647816002368927 -0.0010853599756956102 0.09393750190734863
v 0.00602029025554657 -0.00262690007686615 0.09387890815734863
v 0.005201590061187744 -0.004010989964008331 0.09382031440734863
v 0.004071109890937805 -0.005154669880867004 0.09376172065734864
v 0.00269663006067276 -0.005989390015602112 0.09370312690734864
v 0.0011605100333690643 -0.0064651197195053104 0.09364453315734864
v -0.00044516999274492265 -0.00655335009098053 0.09358593940734863
v -0.0020241600275039675 -0.00624879002571106 0.09352733612060547
v -0.003481830060482025 -0.005569689869880676 0.09346875190734863
v -0.004730809926986695 -0.004556759893894195 0.09341015815734864
v -0.005696229934692383 -0.0032706999778747557 0.09335156440734864
v -0.0063202399015426635 -0.0017886100709438323 0.09329297065734864
v -0.006565430164337158 -0.0001993199996650219 0.09323437690734863
v -0.006417099833488465 0.0014019200205802917 0.09317578315734863
v -0.005884150266647339 0.002919139862060547 0.09311718940734863
v -0.004998509883880615 0.004261380136013031 0.09305858612060547
v 0.0038132798671722413 0.005348219871520996 0.09300000190734864
v 0.002385289967060089 0.006120039820671081 0.09300000190734864
v 0.000811619982123375 0.006518110036849976 0.09300000190734864
v -0.000811619982123375 0.006518110036849976 0.09300000190734864
v -0.002385289967060089 0.006120039820671081 0.09300000190734864
v -0.002385289967060089 0.006120039820671081 0.15300000190734864
v -0.000811619982123375 0.006518110036849976 0.15300000190734864
v 0.000811619982123375 0.006518110036849976 0.15300000190734864
v 0.002385289967060089 0.006120039820671081 0.15300000190734864
v 0.0038132798671722413 0.005348219871520996 0.15300000190734864
v 0.004998509883880615 0.004261380136013031 0.15294140815734864
v 0.005884150266647339 0.002919139862060547 0.15288281440734863
v 0.006417099833488465 0.0014019200205802917 0.15282422065734863
v 0.006565430164337158 -0.0001993199996650219 0.15276561737060548
v 0.0063202399015426635 -0.0017886100709438323 0.15270703315734863
v 0.005696229934692383 -0.0032706999778747557 0.15264843940734862
v 0.004730809926986695 -0.004556759893894195 0.15258983612060548
v 0.003481830060482025 -0.005569689869880676 0.15253125190734865
v 0.0020241600275039675 -0.00624879002571106 0.15247265815734865
v 0.00044516999274492265 -0.00655335009098053 0.15241406440734864
v -0.0011605100333690643 -0.0064651197195053104 0.15235547065734864
v -0.00269663006067276 -0.005989390015602112 0.15229686737060547
v -0.004071109890937805 -0.005154669880867004 0.15223828315734864
v -0.005201590061187744 -0.004010989964008331 0.15217968940734863
v -0.00602029025554657 -0.00262690007686615 0.15212108612060546
v -0.00647816002368927 -0.0010853599756956102 0.15206250190734863
v -0.00654774010181427 0.0005212299898266793 0.15200390815734863
v -0.006224859952926636 0.002096579968929291 0.15194531440734863
v -0.005528879761695862 0.0035462599992752077 0.15188672065734862
v -0.004501520097255707 0.004783399999141693 0.15182811737060548
v -0.0032043400406837463 0.005733820199966431 0.15176953315734865
v -0.001715109944343567 0.0063405799865722656 0.15171093940734864
v -0.000123070003464818 0.006567299962043763 0.15165233612060547
v 0.0014763399958610535 0.006400390267372131 0.15159375190734864
v 0.0029872599244117736 0.005849850177764892 0.15153515815734864
v 0.0043191400170326235 0.004948700070381165 0.15147656440734864
v 0.005392130017280579 0.00375093013048172 0.15141797065734863
v 0.006141939759254456 0.002328329980373383 0.15135936737060549
v 0.0065236097574234014 0.0007661899924278259 0.15130078315734863
v 0.006514269709587097 -0.0008418799936771393 0.15124218940734863
v 0.006114490032196045 -0.0023994900286197665 0.15118358612060548
v 0.005348219871520996 -0.0038132798671722413 0.15112500190734865
v 0.004261380136013031 -0.004998509883880615 0.15106640815734865
v 0.002919139862060547 -0.005884150266647339 0.15100781440734865
v 0.0014019200205802917 -0.006417099833488465 0.15094922065734864
v -0.0001993199996650219 -0.006565430164337158 0.15089061737060547
v -0.0017886100709438323 -0.0063202399015426635 0.15083203315734864
v -0.0032706999778747557 -0.005696229934692383 0.15077343940734864
v -0.004556759893894195 -0.004730809926986695 0.15071483612060546
v -0.005569689869880676 -0.003481830060482025 0.15065625190734863
v -0.00624879002571106 -0.0020241600275039675 0.15059765815734863
v -0.00655335009098053 -0.00044516999274492265 0.15053906440734863
v -0.0064651197195053104 0.0011605100333690643 0.15048047065734863
v -0.005989390015602112 0.00269663006067276 0.15042186737060548
v -0.005154669880867004 0.004071109890937805 0.15036328315734865
v -0.004010989964008331 0.005201590061187744 0.15030468940734865
v -0.00262690007686615 0.00602029025554657 0.15024608612060547
v -0.0010853599756956102 0.00647816002368927 0.15018750190734864
v 0.0005212299898266793 0.00654774010181427 0.15012890815734864
v 0.002096579968929291 0.006224859952926636 0.15007031440734864
v 0.0035462599992752077 0.005528879761695862 0.15001172065734864
v 0.004783399999141693 0.004501520097255707 0.14995311737060546
v 0.005733820199966431 0.0032043400406837463 0.14989453315734863
v 0.0063405799865722656 0.001715109944343567 0.14983593940734863
v 0.006567299962043763 0.000123070003464818 0.14977733612060548
v 0.006400390267372131 -0.0014763399958610535 0.14971875190734862
v 0.005849850177764892 -0.0029872599244117736 0.14966015815734865
v 0.004948700070381165 -0.0043191400170326235 0.14960156440734865
v 0.00375093013048172 -0.005392130017280579 0.14954297065734865
v 0.002328329980373383 -0.006141939759254456 0.14948436737060547
v 0.0007661899924278259 -0.0065236097574234014 0.14942578315734864
v -0.0008418799936771393 -0.006514269709587097 0.14936718940734864
v -0.0023994900286197665 -0.006114490032196045 0.14930858612060546
v -0.0038132798671722413 -0.005348219871520996 0.14925000190734863
v -0.004998509883880615 -0.004261380136013031 0.14919140815734863
v -0.005884150266647339 -0.002919139862060547 0.14913281440734863
v -0.006417099833488465 -0.0014019200205802917 0.14907422065734863
v -0.006565430164337158 0.0001993199996650219 0.14901561737060548
v -0.0063202399015426635 0.0017886100709438323 0.14895703315734862
v -0.005696229934692383 0.0032706999778747557 0.14889843940734865
v -0.004730809926986695 0.004556759893894195 0.14883983612060547
v -0.003481830060482025 0.005569689869880676 0.14878125190734864
v -0.0020241600275039675 0.00624879002571106 0.14872265815734864
v -0.00044516999274492265 0.00655335009098053 0.14866406440734864
v 0.0011605100333690643 0.0064651197195053104 0.14860547065734864
v 0.00269663006067276 0.005989390015602112 0.14854686737060546
v 0.004071109890937805 0.005154669880867004 0.14848828315734863
v 0.005201590061187744 0.004010989964008331 0.14842968940734863
v 0.00602029025554657 0.00262690007686615 0.14837108612060548
v 0.00647816002368927 0.0010853599756956102 0.14831250190734863
v 0.00654774010181427 -0.0005212299898266793 0.14825390815734862
v 0.006224859952926636 -0.002096579968929291 0.14819531440734865
v 0.005528879761695862 -0.0035462599992752077 0.14813672065734865
v 0.004501520097255707 -0.004783399999141693 0.14807811737060547
v 0.0032043400406837463 -0.005733820199966431 0.14801953315734864
v 0.001715109944343567 -0.0063405799865722656 0.14796093940734864
v 0.000123070003464818 -0.006567299962043763 0.14790233612060547
v -0.0014763399958610535 -0.006400390267372131 0.14784375190734864
v -0.0029872599244117736 -0.005849850177764892 0.14778515815734863
v -0.0043191400170326235 -0.004948700070381165 0.14772656440734863
v -0.005392130017280579 -0.00375093013048172 0.14766797065734863
v -0.006141939759254456 -0.002328329980373383 0.14760936737060548
v -0.0065236097574234014 -0.0007661899924278259 0.14755078315734863
v -0.006514269709587097 0.0008418799936771393 0.14749218940734862
v -0.006114490032196045 0.0023994900286197665 0.14743358612060548
v -0.005348219871520996 0.0038132798671722413 0.14737500190734865
v -0.004261380136013031 0.004998509883880615 0.14731640815734864
v -0.002919139862060547 0.005884150266647339 0.14725781440734864
v -0.0014019200205802917 0.006417099833488465 0.14719922065734864
v 0.0001993199996650219 0.006565430164337158 0.14714061737060546
v 0.0017886100709438323 0.0063202399015426635 0.14708203315734864
v 0.0032706999778747557 0.005696229934692383 0.14702343940734863
v 0.004556759893894195 0.004730809926986695 0.14696483612060549
v 0.005569689869880676 0.003481830060482025 0.14690625190734863
v 0.00624879002571106 0.0020241600275039675 0.14684765815734863
v 0.00655335009098053 0.00044516999274492265 0.14678906440734862
v 0.0064651197195053104 -0.0011605100333690643 0.14673047065734865
v 0.005989390015602112 -0.00269663006067276 0.14667186737060547
v 0.005154669880867004 -0.004071109890937805 0.14661328315734865
v 0.004010989964008331 -0.005201590061187744 0.14655468940734864
v 0.00262690007686615 -0.00602029025554657 0.14649608612060547
v 0.0010853599756956102 -0.00647816002368927 0.14643750190734864
v -0.0005212299898266793 -0.00654774010181427 0.14637890815734864
v -0.002096579968929291 -0.006224859952926636 0.14632031440734863
v -0.0035462599992752077 -0.005528879761695862 0.14626172065734863
v -0.004783399999141693 -0.004501520097255707 0.14620311737060548
v -0.005733820199966431 -0.0032043400406837463 0.14614453315734863
v -0.0063405799865722656 -0.001715109944343567 0.14608593940734863
v -0.006567299962043763 -0.000123070003464818 0.14602733612060548
v -0.006400390267372131 0.0014763399958610535 0.14596875190734865
v -0.005849850177764892 0.0029872599244117736 0.14591015815734865
v -0.004948700070381165 0.0043191400170326235 0.14585156440734864
v -0.00375093013048172 0.005392130017280579 0.14579297065734864
v -0.002328329980373383 0.006141939759254456 0.14573436737060547
v -0.0007661899924278259 0.0065236097574234014 0.14567578315734864
v 0.0008418799936771393 0.006514269709587097 0.14561718940734864
v 0.0023994900286197665 0.006114490032196045 0.14555858612060546
v 0.0038132798671722413 0.005348219871520996 0.14550000190734863
v 0.004998509883880615 0.004261380136013031 0.14544140815734863
v 0.005884150266647339 0.002919139862060547 0.14538281440734863
v 0.006417099833488465 0.0014019200205802917 0.14532422065734862
v 0.006565430164337158 -0.0001993199996650219 0.14526561737060548
v 0.0063202399015426635 -0.0017886100709438323 0.14520703315734865
v 0.005696229934692383 -0.0032706999778747557 0.14514843940734865
v 0.004730809926986695 -0.004556759893894195 0.14508983612060547
v 0.003481830060482025 -0.005569689869880676 0.14503125190734864
v 0.0020241600275039675 -0.00624879002571106 0.14497265815734864
v 0.00044516999274492265 -0.00655335009098053 0.14491406440734864
v -0.0011605100333690643 -0.0064651197195053104 0.14485547065734863
v -0.00269663006067276 -0.005989390015602112 0.14479686737060546
v -0.004071109890937805 -0.005154669880867004 0.14473828315734863
v -0.005201590061187744 -0.004010989964008331 0.14467968940734863
v -0.00602029025554657 -0.00262690007686615 0.14462108612060548
v -0.00647816002368927 -0.0010853599756956102 0.14456250190734862
v -0.00654774010181427 0.0005212299898266793 0.14450390815734865
v -0.006224859952926636 0.002096579968929291 0.14444531440734865
v -0.005528879761695862 0.0035462599992752077 0.14438672065734864
v -0.004501520097255707 0.004783399999141693 0.14432811737060547
v -0.0032043400406837463 0.005733820199966431 0.14426953315734864
v -0.001715109944343567 0.0063405799865722656 0.14421093940734864
v -0.000123070003464818 0.006567299962043763 0.14415233612060546
v 0.0014763399958610535 0.006400390267372131 0.14409375190734863
v 0.0029872599244117736 0.005849850177764892 0.14403515815734863
v 0.0043191400170326235 0.004948700070381165 0.14397656440734863
v 0.005392130017280579 0.00375093013048172 0.14391797065734863
v 0.006141939759254456 0.002328329980373383 0.14385936737060548
v 0.0065236097574234014 0.0007661899924278259 0.14380078315734865
v 0.006514269709587097 -0.0008418799936771393 0.14374218940734865
v 0.006114490032196045 -0.0023994900286197665 0.14368358612060547
v 0.005348219871520996 -0.0038132798671722413 0.14362500190734864
v 0.004261380136013031 -0.004998509883880615 0.14356640815734864
v 0.002919139862060547 -0.005884150266647339 0.14350781440734864
v 0.0014019200205802917 -0.006417099833488465 0.14344922065734864
v -0.0001993199996650219 -0.006565430164337158 0.14339061737060546
v -0.0017886100709438323 -0.0063202399015426635 0.14333203315734863
v -0.0032706999778747557 -0.005696229934692383 0.14327343940734863
v -0.004556759893894195 -0.004730809926986695 0.14321483612060548
v -0.005569689869880676 -0.003481830060482025 0.14315625190734863
v -0.00624879002571106 -0.0020241600275039675 0.14309765815734862
v -0.00655335009098053 -0.00044516999274492265 0.14303906440734865
v -0.0064651197195053104 0.0011605100333690643 0.14298047065734865
v -0.005989390015602112 0.00269663006067276 0.14292186737060547
v -0.005154669880867004 0.004071109890937805 0.14286328315734864
v -0.004010989964008331 0.005201590061187744 0.14280468940734864
v -0.00262690007686615 0.00602029025554657 0.14274608612060546
v -0.0010853599756956102 0.00647816002368927 0.14268750190734864
v 0.0005212299898266793 0.00654774010181427 0.14262890815734863
v 0.002096579968929291 0.006224859952926636 0.14257031440734863
v 0.0035462599992752077 0.005528879761695862 0.14251172065734863
v 0.004783399999141693 0.004501520097255707 0.14245311737060548
v 0.005733820199966431 0.0032043400406837463 0.14239453315734862
v 0.0063405799865722656 0.001715109944343567 0.14233593940734865
v 0.006567299962043763 0.000123070003464818 0.14227733612060547
v 0.006400390267372131 -0.0014763399958610535 0.14221875190734865
v 0.005849850177764892 -0.0029872599244117736 0.14216015815734864
v 0.004948700070381165 -0.0043191400170326235 0.14210156440734864
v 0.00375093013048172 -0.005392130017280579 0.14204297065734864
v 0.002328329980373383 -0.006141939759254456 0.14198436737060546
v 0.0007661899924278259 -0.0065236097574234014 0.14192578315734863
v -0.0008418799936771393 -0.006514269709587097 0.14186718940734863
v -0.0023994900286197665 -0.006114490032196045 0.14180858612060548
v -0.0038132798671722413 -0.005348219871520996 0.14175000190734863
v -0.004998509883880615 -0.004261380136013031 0.14169140815734863
v -0.005884150266647339 -0.002919139862060547 0.14163281440734862
v -0.006417099833488465 -0.0014019200205802917 0.14157422065734865
v -0.006565430164337158 0.0001993199996650219 0.14151561737060547
v -0.0063202399015426635 0.0017886100709438323 0.14145703315734864
v -0.005696229934692383 0.0032706999778747557 0.14139843940734864
v -0.004730809926986695 0.004556759893894195 0.14133983612060547
v -0.003481830060482025 0.005569689869880676 0.14128125190734864
v -0.0020241600275039675 0.00624879002571106 0.14122265815734864
v -0.00044516999274492265 0.00655335009098053 0.14116406440734863
v 0.0011605100333690643 0.0064651197195053104 0.14110547065734863
v 0.00269663006067276 0.005989390015602112 0.14104686737060548
v 0.004071109890937805 0.005154669880867004 0.14098828315734863
v 0.005201590061187744 0.004010989964008331 0.14092968940734862
v 0.00602029025554657 0.00262690007686615 0.14087108612060548
v 0.00647816002368927 0.0010853599756956102 0.14081250190734865
v 0.00654774010181427 -0.0005212299898266793 0.14075390815734865
v 0.006224859952926636 -0.002096579968929291 0.14069531440734864
v 0.005528879761695862 -0.0035462599992752077 0.14063672065734864
v 0.004501520097255707 -0.004783399999141693 0.14057811737060547
v 0.0032043400406837463 -0.005733820199966431 0.14051953315734864
v 0.001715109944343567 -0.0063405799865722656 0.14046093940734863
v 0.000123070003464818 -0.006567299962043763 0.14040233612060546
v -0.0014763399958610535 -0.006400390267372131 0.14034375190734863
v -0.0029872599244117736 -0.005849850177764892 0.14028515815734863
v -0.0043191400170326235 -0.004948700070381165 0.14022656440734863
v -0.005392130017280579 -0.00375093013048172 0.14016797065734862
v -0.006141939759254456 -0.002328329980373383 0.14010936737060548
v -0.0065236097574234014 -0.0007661899924278259 0.14005078315734865
v -0.006514269709587097 0.0008418799936771393 0.13999218940734864
v -0.006114490032196045 0.0023994900286197665 0.13993358612060547
v -0.005348219871520996 0.0038132798671722413 0.13987500190734864
v -0.004261380136013031 0.004998509883880615 0.13981640815734864
v -0.002919139862060547 0.005884150266647339 0.13975781440734864
v -0.0014019200205802917 0.006417099833488465 0.13969922065734863
v 0.0001993199996650219 0.006565430164337158 0.13964061737060549
v 0.0017886100709438323 0.0063202399015426635 0.13958203315734863
v 0.0032706999778747557 0.005696229934692383 0.13952343940734863
v 0.004556759893894195 0.004730809926986695 0.13946483612060548
v 0.005569689869880676 0.003481830060482025 0.13940625190734865
v 0.00624879002571106 0.0020241600275039675 0.13934765815734865
v 0.00655335009098053 0.00044516999274492265 0.13928906440734865
v 0.0064651197195053104 -0.0011605100333690643 0.13923047065734864
v 0.005989390015602112 -0.00269663006067276 0.13917186737060547
v 0.005154669880867004 -0.004071109890937805 0.13911328315734864
v 0.004010989964008331 -0.005201590061187744 0.13905468940734864
v 0.00262690007686615 -0.00602029025554657 0.13899608612060546
v 0.0010853599756956102 -0.00647816002368927 0.13893750190734863
v -0.0005212299898266793 -0.00654774010181427 0.13887890815734863
v -0.002096579968929291 -0.006224859952926636 0.13882031440734863
v -0.0035462599992752077 -0.005528879761695862 0.13876172065734863
v -0.004783399999141693 -0.004501520097255707 0.13870311737060548
v -0.005733820199966431 -0.0032043400406837463 0.13864453315734865
v -0.0063405799865722656 -0.001715109944343567 0.13858593940734865
v -0.006567299962043763 -0.000123070003464818 0.13852733612060547
v -0.006400390267372131 0.0014763399958610535 0.13846875190734864
v -0.005849850177764892 0.0029872599244117736 0.13841015815734864
v -0.004948700070381165 0.0043191400170326235 0.13835156440734864
v -0.00375093013048172 0.005392130017280579 0.13829297065734864
v -0.002328329980373383 0.006141939759254456 0.13823436737060546
v -0.0007661899924278259 0.0065236097574234014 0.13817578315734863
v 0.0008418799936771393 0.006514269709587097 0.13811718940734863
v 0.0023994900286197665 0.006114490032196045 0.13805858612060548
v 0.0038132798671722413 0.005348219871520996 0.13800000190734862
v 0.004998509883880615 0.004261380136013031 0.13794140815734865
v 0.005884150266647339 0.002919139862060547 0.13788281440734865
v 0.006417099833488465 0.0014019200205802917 0.13782422065734865
v 0.006565430164337158 -0.0001993199996650219 0.13776561737060547
v 0.0063202399015426635 -0.0017886100709438323 0.13770703315734864
v 0.005696229934692383 -0.0032706999778747557 0.13764843940734864
v 0.004730809926986695 -0.004556759893894195 0.13758983612060546
v 0.003481830060482025 -0.005569689869880676 0.13753125190734863
v 0.0020241600275039675 -0.00624879002571106 0.13747265815734863
v 0.00044516999274492265 -0.00655335009098053 0.13741406440734863
v -0.0011605100333690643 -0.0064651197195053104 0.13735547065734863
v -0.00269663006067276 -0.005989390015602112 0.13729686737060548
v -0.004071109890937805 -0.005154669880867004 0.13723828315734862
v -0.005201590061187744 -0.004010989964008331 0.13717968940734865
v -0.00602029025554657 -0.00262690007686615 0.13712108612060547
v -0.00647816002368927 -0.0010853599756956102 0.13706250190734864
v -0.00654774010181427 0.0005212299898266793 0.13700390815734864
v -0.006224859952926636 0.002096579968929291 0.13694531440734864
v -0.005528879761695862 0.0035462599992752077 0.13688672065734864
v -0.004501520097255707 0.004783399999141693 0.13682811737060546
v -0.0032043400406837463 0.005733820199966431 0.13676953315734863
v -0.001715109944343567 0.0063405799865722656 0.13671093940734863
v -0.000123070003464818 0.006567299962043763 0.13665233612060548
v 0.0014763399958610535 0.006400390267372131 0.13659375190734863
v 0.0029872599244117736 0.005849850177764892 0.13653515815734862
v 0.0043191400170326235 0.004948700070381165 0.13647656440734865
v 0.005392130017280579 0.00375093013048172 0.13641797065734865
v 0.006141939759254456 0.002328329980373383 0.13635936737060547
v 0.0065236097574234014 0.0007661899924278259 0.13630078315734864
v 0.006514269709587097 -0.0008418799936771393 0.13624218940734864
v 0.006114490032196045 -0.0023994900286197665 0.13618358612060547
v 0.005348219871520996 -0.0038132798671722413 0.13612500190734864
v 0.004261380136013031 -0.004998509883880615 0.13606640815734863
v 0.002919139862060547 -0.005884150266647339 0.13600781440734863
v 0.0014019200205802917 -0.006417099833488465 0.13594922065734863
v -0.0001993199996650219 -0.006565430164337158 0.13589061737060548
v -0.0017886100709438323 -0.0063202399015426635 0.13583203315734863
v -0.0032706999778747557 -0.005696229934692383 0.13577343940734862
v -0.004556759893894195 -0.004730809926986695 0.13571483612060548
v -0.005569689869880676 -0.003481830060482025 0.13565625190734865
v -0.00624879002571106 -0.0020241600275039675 0.13559765815734864
v -0.00655335009098053 -0.00044516999274492265 0.13553906440734864
v -0.0064651197195053104 0.0011605100333690643 0.13548047065734864
v -0.005989390015602112 0.00269663006067276 0.13542186737060546
v -0.005154669880867004 0.004071109890937805 0.13536328315734864
v -0.004010989964008331 0.005201590061187744 0.13530468940734863
v -0.00262690007686615 0.00602029025554657 0.13524608612060549
v -0.0010853599756956102 0.00647816002368927 0.13518750190734863
v 0.0005212299898266793 0.00654774010181427 0.13512890815734863
v 0.002096579968929291 0.006224859952926636 0.13507031440734862
v 0.0035462599992752077 0.005528879761695862 0.13501172065734865
v 0.004783399999141693 0.004501520097255707 0.13495311737060547
v 0.005733820199966431 0.0032043400406837463 0.13489453315734865
v 0.0063405799865722656 0.001715109944343567 0.13483593940734864
v 0.006567299962043763 0.000123070003464818 0.13477733612060547
v 0.006400390267372131 -0.0014763399958610535 0.13471875190734864
v 0.005849850177764892 -0.0029872599244117736 0.13466015815734864
v 0.004948700070381165 -0.0043191400170326235 0.13460156440734863
v 0.00375093013048172 -0.005392130017280579 0.13454297065734863
v 0.002328329980373383 -0.006141939759254456 0.13448436737060548
v 0.0007661899924278259 -0.0065236097574234014 0.13442578315734863
v -0.0008418799936771393 -0.006514269709587097 0.13436718940734863
v -0.0023994900286197665 -0.006114490032196045 0.13430858612060548
v -0.0038132798671722413 -0.005348219871520996 0.13425000190734865
v -0.004998509883880615 -0.004261380136013031 0.13419140815734865
v -0.005884150266647339 -0.002919139862060547 0.13413281440734864
v -0.006417099833488465 -0.0014019200205802917 0.13407422065734864
v -0.006565430164337158 0.0001993199996650219 0.13401561737060547
v -0.0063202399015426635 0.0017886100709438323 0.13395703315734864
v -0.005696229934692383 0.0032706999778747557 0.13389843940734864
v -0.004730809926986695 0.004556759893894195 0.13383983612060546
v -0.003481830060482025 0.005569689869880676 0.13378125190734863
v -0.0020241600275039675 0.00624879002571106 0.13372265815734863
v -0.00044516999274492265 0.00655335009098053 0.13366406440734863
v 0.0011605100333690643 0.0064651197195053104 0.13360547065734862
v 0.00269663006067276 0.005989390015602112 0.13354686737060548
v 0.004071109890937805 0.005154669880867004 0.13348828315734865
v 0.005201590061187744 0.004010989964008331 0.13342968940734865
v 0.00602029025554657 0.00262690007686615 0.13337108612060547
v 0.00647816002368927 0.0010853599756956102 0.13331250190734864
v 0.00654774010181427 -0.0005212299898266793 0.13325390815734864
v 0.006224859952926636 -0.002096579968929291 0.13319531440734864
v 0.005528879761695862 -0.0035462599992752077 0.13313672065734863
v 0.004501520097255707 -0.004783399999141693 0.13307811737060546
v 0.0032043400406837463 -0.005733820199966431 0.13301953315734863
v 0.001715109944343567 -0.0063405799865722656 0.13296093940734863
v 0.000123070003464818 -0.006567299962043763 0.13290233612060548
v -0.0014763399958610535 -0.006400390267372131 0.13284375190734862
v -0.0029872599244117736 -0.005849850177764892 0.13278515815734865
v -0.0043191400170326235 -0.004948700070381165 0.13272656440734865
v -0.005392130017280579 -0.00375093013048172 0.13266797065734864
v -0.006141939759254456 -0.002328329980373383 0.13260936737060547
v -0.0065236097574234014 -0.0007661899924278259 0.13255078315734864
v -0.006514269709587097 0.0008418799936771393 0.13249218940734864
v -0.006114490032196045 0.0023994900286197665 0.13243358612060546
v -0.005348219871520996 0.0038132798671722413 0.13237500190734863
v -0.004261380136013031 0.004998509883880615 0.13231640815734863
v -0.002919139862060547 0.005884150266647339 0.13225781440734863
v -0.0014019200205802917 0.006417099833488465 0.13219922065734863
v 0.0001993199996650219 0.006565430164337158 0.13214061737060548
v 0.0017886100709438323 0.0063202399015426635 0.13208203315734862
v 0.0032706999778747557 0.005696229934692383 0.13202343940734865
v 0.004556759893894195 0.004730809926986695 0.13196483612060547
v 0.005569689869880676 0.003481830060482025 0.13190625190734864
v 0.00624879002571106 0.0020241600275039675 0.13184765815734864
v 0.00655335009098053 0.00044516999274492265 0.13178906440734864
v 0.0064651197195053104 -0.0011605100333690643 0.13173047065734864
v 0.005989390015602112 -0.00269663006067276 0.13167186737060546
v 0.005154669880867004 -0.004071109890937805 0.13161328315734863
v 0.004010989964008331 -0.005201590061187744 0.13155468940734863
v 0.00262690007686615 -0.00602029025554657 0.13149608612060548
v 0.0010853599756956102 -0.00647816002368927 0.13143750190734863
v -0.0005212299898266793 -0.00654774010181427 0.13137890815734862
v -0.002096579968929291 -0.006224859952926636 0.13132031440734865
v -0.0035462599992752077 -0.005528879761695862 0.13126172065734865
v -0.004783399999141693 -0.004501520097255707 0.13120311737060547
v -0.005733820199966431 -0.0032043400406837463 0.13114453315734864
v -0.0063405799865722656 -0.001715109944343567 0.13108593940734864
v -0.006567299962043763 -0.000123070003464818 0.13102733612060546
v -0.006400390267372131 0.0014763399958610535 0.13096875190734864
v -0.005849850177764892 0.0029872599244117736 0.13091015815734863
v -0.004948700070381165 0.0043191400170326235 0.13085156440734863
v -0.00375093013048172 0.005392130017280579 0.13079297065734863
v -0.002328329980373383 0.006141939759254456 0.13073436737060548
v -0.0007661899924278259 0.0065236097574234014 0.13067578315734862
v 0.0008418799936771393 0.006514269709587097 0.13061718940734862
v 0.0023994900286197665 0.006114490032196045 0.13055858612060547
v 0.0038132798671722413 0.005348219871520996 0.13050000190734865
v 0.004998509883880615 0.004261380136013031 0.13044140815734864
v 0.005884150266647339 0.002919139862060547 0.13038281440734864
v 0.006417099833488465 0.0014019200205802917 0.13032422065734864
v 0.006565430164337158 -0.0001993199996650219 0.13026561737060546
v 0.0063202399015426635 -0.0017886100709438323 0.13020703315734863
v 0.005696229934692383 -0.0032706999778747557 0.13014843940734863
v 0.004730809926986695 -0.004556759893894195 0.13008983612060548
v 0.003481830060482025 -0.005569689869880676 0.13003125190734863
v 0.0020241600275039675 -0.00624879002571106 0.12997265815734863
v 0.00044516999274492265 -0.00655335009098053 0.12991406440734862
v -0.0011605100333690643 -0.0064651197195053104 0.12985547065734865
v -0.00269663006067276 -0.005989390015602112 0.12979686737060547
v -0.004071109890937805 -0.005154669880867004 0.12973828315734864
v -0.005201590061187744 -0.004010989964008331 0.12967968940734864
v -0.00602029025554657 -0.00262690007686615 0.12962108612060547
v -0.00647816002368927 -0.0010853599756956102 0.12956250190734864
v -0.00654774010181427 0.0005212299898266793 0.12950390815734864
v -0.006224859952926636 0.002096579968929291 0.12944531440734863
v -0.005528879761695862 0.0035462599992752077 0.12938672065734863
v -0.004501520097255707 0.004783399999141693 0.12932811737060548
v -0.0032043400406837463 0.005733820199966431 0.12926953315734863
v -0.001715109944343567 0.0063405799865722656 0.12921093940734862
v -0.000123070003464818 0.006567299962043763 0.12915233612060548
v 0.0014763399958610535 0.006400390267372131 0.12909375190734865
v 0.0029872599244117736 0.005849850177764892 0.12903515815734865
v 0.0043191400170326235 0.004948700070381165 0.12897656440734864
v 0.005392130017280579 0.00375093013048172 0.12891797065734864
v 0.006141939759254456 0.002328329980373383 0.12885936737060547
v 0.0065236097574234014 0.0007661899924278259 0.12880078315734864
v 0.006514269709587097 -0.0008418799936771393 0.12874218940734863
v 0.006114490032196045 -0.0023994900286197665 0.12868358612060546
v 0.005348219871520996 -0.0038132798671722413 0.12862500190734863
v 0.004261380136013031 -0.004998509883880615 0.12856640815734863
v 0.002919139862060547 -0.005884150266647339 0.12850781440734863
v 0.0014019200205802917 -0.006417099833488465 0.12844922065734862
v -0.0001993199996650219 -0.006565430164337158 0.12839061737060548
v -0.0017886100709438323 -0.0063202399015426635 0.12833203315734865
v -0.0032706999778747557 -0.005696229934692383 0.12827343940734864
v -0.004556759893894195 -0.004730809926986695 0.12821483612060547
v -0.005569689869880676 -0.003481830060482025 0.12815625190734864
v -0.00624879002571106 -0.0020241600275039675 0.12809765815734864
v -0.00655335009098053 -0.00044516999274492265 0.12803906440734864
v -0.0064651197195053104 0.0011605100333690643 0.12798047065734863
v -0.005989390015602112 0.00269663006067276 0.12792186737060546
v -0.005154669880867004 0.004071109890937805 0.12786328315734863
v -0.004010989964008331 0.005201590061187744 0.12780468940734863
v -0.00262690007686615 0.00602029025554657 0.12774608612060548
v -0.0010853599756956102 0.00647816002368927 0.12768750190734862
v 0.0005212299898266793 0.00654774010181427 0.12762890815734865
v 0.002096579968929291 0.006224859952926636 0.12757031440734865
v 0.0035462599992752077 0.005528879761695862 0.12751172065734864
v 0.004783399999141693 0.004501520097255707 0.12745311737060547
v 0.005733820199966431 0.0032043400406837463 0.12739453315734864
v 0.0063405799865722656 0.001715109944343567 0.12733593940734864
v 0.006567299962043763 0.000123070003464818 0.12727733612060546
v 0.006400390267372131 -0.0014763399958610535 0.12721875190734863
v 0.005849850177764892 -0.0029872599244117736 0.12716015815734863
v 0.004948700070381165 -0.0043191400170326235 0.12710156440734863
v 0.00375093013048172 -0.005392130017280579 0.12704297065734863
v 0.002328329980373383 -0.006141939759254456 0.12698436737060548
v 0.0007661899924278259 -0.0065236097574234014 0.12692578315734865
v -0.0008418799936771393 -0.006514269709587097 0.12686718940734865
v -0.0023994900286197665 -0.006114490032196045 0.12680858612060547
v -0.0038132798671722413 -0.005348219871520996 0.12675000190734864
v -0.004998509883880615 -0.004261380136013031 0.12669140815734864
v -0.005884150266647339 -0.002919139862060547 0.12663281440734864
v -0.006417099833488465 -0.0014019200205802917 0.12657422065734864
v -0.006565430164337158 0.0001993199996650219 0.12651561737060546
v -0.0063202399015426635 0.0017886100709438323 0.12645703315734863
v -0.005696229934692383 0.0032706999778747557 0.12639843940734863
v -0.004730809926986695 0.004556759893894195 0.12633983612060548
v -0.003481830060482025 0.005569689869880676 0.12628125190734862
v -0.0020241600275039675 0.00624879002571106 0.12622265815734862
v -0.00044516999274492265 0.00655335009098053 0.12616406440734865
v 0.0011605100333690643 0.0064651197195053104 0.12610547065734865
v 0.00269663006067276 0.005989390015602112 0.12604686737060547
v 0.004071109890937805 0.005154669880867004 0.12598828315734864
v 0.005201590061187744 0.004010989964008331 0.12592968940734864
v 0.00602029025554657 0.00262690007686615 0.12587108612060546
v 0.00647816002368927 0.0010853599756956102 0.12581250190734863
v 0.00654774010181427 -0.0005212299898266793 0.12575390815734863
v 0.006224859952926636 -0.002096579968929291 0.12569531440734863
v 0.005528879761695862 -0.0035462599992752077 0.12563672065734863
v 0.004501520097255707 -0.004783399999141693 0.12557811737060548
v 0.0032043400406837463 -0.005733820199966431 0.12551953315734862
v 0.001715109944343567 -0.0063405799865722656 0.12546093940734865
v 0.000123070003464818 -0.006567299962043763 0.12540233612060547
v -0.0014763399958610535 -0.006400390267372131 0.12534375190734864
v -0.0029872599244117736 -0.005849850177764892 0.12528515815734864
v -0.0043191400170326235 -0.004948700070381165 0.12522656440734864
v -0.005392130017280579 -0.00375093013048172 0.12516797065734864
v -0.006141939759254456 -0.002328329980373383 0.12510936737060546
v -0.0065236097574234014 -0.0007661899924278259 0.12505078315734863
v -0.006514269709587097 0.0008418799936771393 0.12499218940734863
v -0.006114490032196045 0.0023994900286197665 0.12493358612060547
v -0.005348219871520996 0.0038132798671722413 0.12487500190734864
v -0.004261380136013031 0.004998509883880615 0.12481640815734864
v -0.002919139862060547 0.005884150266647339 0.12475781440734864
v -0.0014019200205802917 0.006417099833488465 0.12469922065734863
v 0.0001993199996650219 0.006565430164337158 0.12464061737060547
v 0.0017886100709438323 0.0063202399015426635 0.12458203315734863
v 0.0032706999778747557 0.005696229934692383 0.12452343940734864
v 0.004556759893894195 0.004730809926986695 0.12446483612060547
v 0.005569689869880676 0.003481830060482025 0.12440625190734864
v 0.00624879002571106 0.0020241600275039675 0.12434765815734863
v 0.00655335009098053 0.00044516999274492265 0.12428906440734863
v 0.0064651197195053104 -0.0011605100333690643 0.12423047065734863
v 0.005989390015602112 -0.00269663006067276 0.12417186737060547
v 0.005154669880867004 -0.004071109890937805 0.12411328315734864
v 0.004010989964008331 -0.005201590061187744 0.12405468940734864
v 0.00262690007686615 -0.00602029025554657 0.12399608612060548
v 0.0010853599756956102 -0.00647816002368927 0.12393750190734863
v -0.0005212299898266793 -0.00654774010181427 0.12387890815734863
v -0.002096579968929291 -0.006224859952926636 0.12382031440734864
v -0.0035462599992752077 -0.005528879761695862 0.12376172065734864
v -0.004783399999141693 -0.004501520097255707 0.12370311737060548
v -0.005733820199966431 -0.0032043400406837463 0.12364453315734864
v -0.0063405799865722656 -0.001715109944343567 0.12358593940734863
v -0.006567299962043763 -0.000123070003464818 0.12352733612060547
v -0.006400390267372131 0.0014763399958610535 0.12346875190734864
v -0.005849850177764892 0.0029872599244117736 0.12341015815734864
v -0.004948700070381165 0.0043191400170326235 0.12335156440734864
v -0.00375093013048172 0.005392130017280579 0.12329297065734864
v -0.002328329980373383 0.006141939759254456 0.12323436737060547
v -0.0007661899924278259 0.0065236097574234014 0.12317578315734863
v 0.0008418799936771393 0.006514269709587097 0.12311718940734863
v 0.0023994900286197665 0.006114490032196045 0.12305858612060547
v 0.0038132798671722413 0.005348219871520996 0.12300000190734864
v 0.004998509883880615 0.004261380136013031 0.12294140815734864
v 0.005884150266647339 0.002919139862060547 0.12288281440734863
v 0.006417099833488465 0.0014019200205802917 0.12282422065734863
v 0.006565430164337158 -0.0001993199996650219 0.12276561737060547
v 0.0063202399015426635 -0.0017886100709438323 0.12270703315734864
v 0.005696229934692383 -0.0032706999778747557 0.12264843940734864
v 0.004730809926986695 -0.004556759893894195 0.12258983612060548
v 0.003481830060482025 -0.005569689869880676 0.12253125190734863
v 0.0020241600275039675 -0.00624879002571106 0.12247265815734863
v 0.00044516999274492265 -0.00655335009098053 0.12241406440734863
v -0.0011605100333690643 -0.0064651197195053104 0.12235547065734864
v -0.00269663006067276 -0.005989390015602112 0.12229686737060547
v -0.004071109890937805 -0.005154669880867004 0.12223828315734864
v -0.005201590061187744 -0.004010989964008331 0.12217968940734864
v -0.00602029025554657 -0.00262690007686615 0.12212108612060547
v -0.00647816002368927 -0.0010853599756956102 0.12206250190734863
v -0.00654774010181427 0.0005212299898266793 0.12200390815734864
v -0.006224859952926636 0.002096579968929291 0.12194531440734864
v -0.005528879761695862 0.0035462599992752077 0.12188672065734864
v -0.004501520097255707 0.004783399999141693 0.12182811737060548
v -0.0032043400406837463 0.005733820199966431 0.12176953315734863
v -0.001715109944343567 0.0063405799865722656 0.12171093940734863
v -0.000123070003464818 0.006567299962043763 0.12165233612060547
v 0.0014763399958610535 0.006400390267372131 0.12159375190734864
v 0.0029872599244117736 0.005849850177764892 0.12153515815734864
v 0.0043191400170326235 0.004948700070381165 0.12147656440734864
v 0.005392130017280579 0.00375093013048172 0.12141797065734863
v 0.006141939759254456 0.002328329980373383 0.12135936737060547
v 0.0065236097574234014 0.0007661899924278259 0.12130078315734863
v 0.006514269709587097 -0.0008418799936771393 0.12124218940734864
v 0.006114490032196045 -0.0023994900286197665 0.12118358612060547
v 0.005348219871520996 -0.0038132798671722413 0.12112500190734864
v 0.004261380136013031 -0.004998509883880615 0.12106640815734863
v 0.002919139862060547 -0.005884150266647339 0.12100781440734863
v 0.0014019200205802917 -0.006417099833488465 0.12094922065734863
v -0.0001993199996650219 -0.006565430164337158 0.12089061737060547
v -0.0017886100709438323 -0.0063202399015426635 0.12083203315734864
v -0.0032706999778747557 -0.005696229934692383 0.12077343940734864
v -0.004556759893894195 -0.004730809926986695 0.12071483612060548
v -0.005569689869880676 -0.003481830060482025 0.12065625190734863
v -0.00624879002571106 -0.0020241600275039675 0.12059765815734863
v -0.00655335009098053 -0.00044516999274492265 0.12053906440734864
v -0.0064651197195053104 0.0011605100333690643 0.12048047065734864
v -0.005989390015602112 0.00269663006067276 0.12042186737060546
v -0.005154669880867004 0.004071109890937805 0.12036328315734864
v -0.004010989964008331 0.005201590061187744 0.12030468940734863
v -0.00262690007686615 0.00602029025554657 0.12024608612060547
v -0.0010853599756956102 0.00647816002368927 0.12018750190734863
v 0.0005212299898266793 0.00654774010181427 0.12012890815734864
v 0.002096579968929291 0.006224859952926636 0.12007031440734864
v 0.0035462599992752077 0.005528879761695862 0.12001172065734864
v 0.004783399999141693 0.004501520097255707 0.11995311737060547
v 0.005733820199966431 0.0032043400406837463 0.11989453315734863
v 0.0063405799865722656 0.001715109944343567 0.11983593940734863
v 0.006567299962043763 0.000123070003464818 0.11977733612060547
v 0.006400390267372131 -0.0014763399958610535 0.11971875190734864
v 0.005849850177764892 -0.0029872599244117736 0.11966015815734864
v 0.004948700070381165 -0.0043191400170326235 0.11960156440734863
v 0.00375093013048172 -0.005392130017280579 0.11954297065734863
v 0.002328329980373383 -0.006141939759254456 0.11948436737060547
v 0.0007661899924278259 -0.0065236097574234014 0.11942578315734864
v -0.0008418799936771393 -0.006514269709587097 0.11936718940734864
v -0.0023994900286197665 -0.006114490032196045 0.11930858612060546
v -0.0038132798671722413 -0.005348219871520996 0.11925000190734864
v -0.004998509883880615 -0.004261380136013031 0.11919140815734863
v -0.005884150266647339 -0.002919139862060547 0.11913281440734863
v -0.006417099833488465 -0.0014019200205802917 0.11907422065734863
v -0.006565430164337158 0.0001993199996650219 0.11901561737060547
v -0.0063202399015426635 0.0017886100709438323 0.11895703315734864
v -0.005696229934692383 0.0032706999778747557 0.11889843940734864
v -0.004730809926986695 0.004556759893894195 0.11883983612060547
v -0.003481830060482025 0.005569689869880676 0.11878125190734863
v -0.0020241600275039675 0.00624879002571106 0.11872265815734863
v -0.00044516999274492265 0.00655335009098053 0.11866406440734864
v 0.0011605100333690643 0.0064651197195053104 0.11860547065734864
v 0.00269663006067276 0.005989390015602112 0.11854686737060548
v 0.004071109890937805 0.005154669880867004 0.11848828315734863
v 0.005201590061187744 0.004010989964008331 0.11842968940734863
v 0.00602029025554657 0.00262690007686615 0.11837108612060547
v 0.00647816002368927 0.0010853599756956102 0.11831250190734864
v 0.00654774010181427 -0.0005212299898266793 0.11825390815734864
v 0.006224859952926636 -0.002096579968929291 0.11819531440734864
v 0.005528879761695862 -0.0035462599992752077 0.11813672065734863
v 0.004501520097255707 -0.004783399999141693 0.11807811737060547
v 0.0032043400406837463 -0.005733820199966431 0.11801953315734863
v 0.001715109944343567 -0.0063405799865722656 0.11796093940734864
v 0.000123070003464818 -0.006567299962043763 0.11790233612060547
v -0.0014763399958610535 -0.006400390267372131 0.11784375190734864
v -0.0029872599244117736 -0.005849850177764892 0.11778515815734864
v -0.0043191400170326235 -0.004948700070381165 0.11772656440734863
v -0.005392130017280579 -0.00375093013048172 0.11766797065734863
v -0.006141939759254456 -0.002328329980373383 0.11760936737060547
v -0.0065236097574234014 -0.0007661899924278259 0.11755078315734864
v -0.006514269709587097 0.0008418799936771393 0.11749218940734864
v -0.006114490032196045 0.0023994900286197665 0.11743358612060548
v -0.005348219871520996 0.0038132798671722413 0.11737500190734863
v -0.004261380136013031 0.004998509883880615 0.11731640815734863
v -0.002919139862060547 0.005884150266647339 0.11725781440734863
v -0.0014019200205802917 0.006417099833488465 0.11719922065734864
v 0.0001993199996650219 0.006565430164337158 0.11714062690734864
v 0.0017886100709438323 0.0063202399015426635 0.11708203315734864
v 0.0032706999778747557 0.005696229934692383 0.11702343940734863
v 0.004556759893894195 0.004730809926986695 0.11696483612060547
v 0.005569689869880676 0.003481830060482025 0.11690625190734863
v 0.00624879002571106 0.0020241600275039675 0.11684765815734864
v 0.00655335009098053 0.00044516999274492265 0.11678906440734864
v 0.0064651197195053104 -0.0011605100333690643 0.11673047065734864
v 0.005989390015602112 -0.00269663006067276 0.11667186737060548
v 0.005154669880867004 -0.004071109890937805 0.11661328315734863
v 0.004010989964008331 -0.005201590061187744 0.11655468940734863
v 0.00262690007686615 -0.00602029025554657 0.11649608612060547
v 0.0010853599756956102 -0.00647816002368927 0.11643750190734864
v -0.0005212299898266793 -0.00654774010181427 0.11637890815734864
v -0.002096579968929291 -0.006224859952926636 0.11632031440734864
v -0.0035462599992752077 -0.005528879761695862 0.11626172065734863
v -0.004783399999141693 -0.004501520097255707 0.11620311737060547
v -0.005733820199966431 -0.0032043400406837463 0.11614453315734863
v -0.0063405799865722656 -0.001715109944343567 0.11608593940734864
v -0.006567299962043763 -0.000123070003464818 0.11602733612060546
v -0.006400390267372131 0.0014763399958610535 0.11596875190734864
v -0.005849850177764892 0.0029872599244117736 0.11591015815734863
v -0.004948700070381165 0.0043191400170326235 0.11585156440734863
v -0.00375093013048172 0.005392130017280579 0.11579297065734863
v -0.002328329980373383 0.006141939759254456 0.11573437690734864
v -0.0007661899924278259 0.0065236097574234014 0.11567578315734864
v 0.0008418799936771393 0.006514269709587097 0.11561718940734864
v 0.0023994900286197665 0.006114490032196045 0.11555858612060547
v 0.0038132798671722413 0.005348219871520996 0.11550000190734863
v 0.004998509883880615 0.004261380136013031 0.11544140815734863
v 0.005884150266647339 0.002919139862060547 0.11538281440734864
v 0.006417099833488465 0.0014019200205802917 0.11532422065734864
v 0.006565430164337158 -0.0001993199996650219 0.11526561737060548
v 0.0063202399015426635 -0.0017886100709438323 0.11520703315734863
v 0.005696229934692383 -0.0032706999778747557 0.11514843940734863
v 0.004730809926986695 -0.004556759893894195 0.11508983612060547
v 0.003481830060482025 -0.005569689869880676 0.11503125190734864
v 0.0020241600275039675 -0.00624879002571106 0.11497265815734864
v 0.00044516999274492265 -0.00655335009098053 0.11491406440734864
v -0.0011605100333690643 -0.0064651197195053104 0.11485547065734864
v -0.00269663006067276 -0.005989390015602112 0.11479687690734863
v -0.004071109890937805 -0.005154669880867004 0.11473828315734863
v -0.005201590061187744 -0.004010989964008331 0.11467968940734863
v -0.00602029025554657 -0.00262690007686615 0.11462108612060547
v -0.00647816002368927 -0.0010853599756956102 0.11456250190734864
v -0.00654774010181427 0.0005212299898266793 0.11450390815734864
v -0.006224859952926636 0.002096579968929291 0.11444531440734863
v -0.005528879761695862 0.0035462599992752077 0.11438672065734863
v -0.004501520097255707 0.004783399999141693 0.11432812690734863
v -0.0032043400406837463 0.005733820199966431 0.11426953315734864
v -0.001715109944343567 0.0063405799865722656 0.11421093940734864
v -0.000123070003464818 0.006567299962043763 0.11415233612060548
v 0.0014763399958610535 0.006400390267372131 0.11409375190734863
v 0.0029872599244117736 0.005849850177764892 0.11403515815734863
v 0.0043191400170326235 0.004948700070381165 0.11397656440734863
v 0.005392130017280579 0.00375093013048172 0.11391797065734864
v 0.006141939759254456 0.002328329980373383 0.11385936737060547
v 0.0065236097574234014 0.0007661899924278259 0.11380078315734864
v 0.006514269709587097 -0.0008418799936771393 0.11374218940734863
v 0.006114490032196045 -0.0023994900286197665 0.11368358612060547
v 0.005348219871520996 -0.0038132798671722413 0.11362500190734863
v 0.004261380136013031 -0.004998509883880615 0.11356640815734864
v 0.002919139862060547 -0.005884150266647339 0.11350781440734864
v 0.0014019200205802917 -0.006417099833488465 0.11344922065734864
v -0.0001993199996650219 -0.006565430164337158 0.11339062690734864
v -0.0017886100709438323 -0.0063202399015426635 0.11333203315734863
v -0.0032706999778747557 -0.005696229934692383 0.11327343940734863
v -0.004556759893894195 -0.004730809926986695 0.11321483612060547
v -0.005569689869880676 -0.003481830060482025 0.11315625190734864
v -0.00624879002571106 -0.0020241600275039675 0.11309765815734864
v -0.00655335009098053 -0.00044516999274492265 0.11303906440734864
v -0.0064651197195053104 0.0011605100333690643 0.11298047065734863
v -0.005989390015602112 0.00269663006067276 0.11292187690734863
v -0.005154669880867004 0.004071109890937805 0.11286328315734863
v -0.004010989964008331 0.005201590061187744 0.11280468940734864
v -0.00262690007686615 0.00602029025554657 0.11274608612060547
v -0.0010853599756956102 0.00647816002368927 0.11268750190734864
v 0.0005212299898266793 0.00654774010181427 0.11262890815734863
v 0.002096579968929291 0.006224859952926636 0.11257031440734863
v 0.0035462599992752077 0.005528879761695862 0.11251172065734863
v 0.004783399999141693 0.004501520097255707 0.11245311737060547
v 0.005733820199966431 0.0032043400406837463 0.11239453315734864
v 0.0063405799865722656 0.001715109944343567 0.11233593940734864
v 0.006567299962043763 0.000123070003464818 0.11227733612060548
v 0.006400390267372131 -0.0014763399958610535 0.11221875190734863
v 0.005849850177764892 -0.0029872599244117736 0.11216015815734863
v 0.004948700070381165 -0.0043191400170326235 0.11210156440734864
v 0.00375093013048172 -0.005392130017280579 0.11204297065734864
v 0.002328329980373383 -0.006141939759254456 0.11198437690734864
v 0.0007661899924278259 -0.0065236097574234014 0.11192578315734864
v -0.0008418799936771393 -0.006514269709587097 0.11186718940734863
v -0.0023994900286197665 -0.006114490032196045 0.11180858612060547
v -0.0038132798671722413 -0.005348219871520996 0.11175000190734863
v -0.004998509883880615 -0.004261380136013031 0.11169140815734864
v -0.005884150266647339 -0.002919139862060547 0.11163281440734864
v -0.006417099833488465 -0.0014019200205802917 0.11157422065734864
v -0.006565430164337158 0.0001993199996650219 0.11151562690734863
v -0.0063202399015426635 0.0017886100709438323 0.11145703315734863
v -0.005696229934692383 0.0032706999778747557 0.11139843940734863
v -0.004730809926986695 0.004556759893894195 0.11133983612060547
v -0.003481830060482025 0.005569689869880676 0.11128125190734864
v -0.0020241600275039675 0.00624879002571106 0.11122265815734864
v -0.00044516999274492265 0.00655335009098053 0.11116406440734863
v 0.0011605100333690643 0.0064651197195053104 0.11110547065734863
v 0.00269663006067276 0.005989390015602112 0.11104686737060547
v 0.004071109890937805 0.005154669880867004 0.11098828315734864
v 0.005201590061187744 0.004010989964008331 0.11092968940734864
v 0.00602029025554657 0.00262690007686615 0.11087108612060548
v 0.00647816002368927 0.0010853599756956102 0.11081250190734863
v 0.00654774010181427 -0.0005212299898266793 0.11075390815734863
v 0.006224859952926636 -0.002096579968929291 0.11069531440734863
v 0.005528879761695862 -0.0035462599992752077 0.11063672065734864
v 0.004501520097255707 -0.004783399999141693 0.11057812690734864
v 0.0032043400406837463 -0.005733820199966431 0.11051953315734864
v 0.001715109944343567 -0.0063405799865722656 0.11046093940734864
v 0.000123070003464818 -0.006567299962043763 0.11040233612060547
v -0.0014763399958610535 -0.006400390267372131 0.11034375190734863
v -0.0029872599244117736 -0.005849850177764892 0.11028515815734863
v -0.0043191400170326235 -0.004948700070381165 0.11022656440734864
v -0.005392130017280579 -0.00375093013048172 0.11016797065734864
v -0.006141939759254456 -0.002328329980373383 0.11010937690734864
v -0.0065236097574234014 -0.0007661899924278259 0.11005078315734863
v -0.006514269709587097 0.0008418799936771393 0.10999218940734863
v -0.006114490032196045 0.0023994900286197665 0.10993358612060547
v -0.005348219871520996 0.0038132798671722413 0.10987500190734864
v -0.004261380136013031 0.004998509883880615 0.10981640815734864
v -0.002919139862060547 0.005884150266647339 0.10975781440734864
v -0.0014019200205802917 0.006417099833488465 0.10969922065734863
v 0.0001993199996650219 0.006565430164337158 0.10964061737060547
v 0.0017886100709438323 0.0063202399015426635 0.10958203315734863
v 0.0032706999778747557 0.005696229934692383 0.10952343940734864
v 0.004556759893894195 0.004730809926986695 0.10946483612060547
v 0.005569689869880676 0.003481830060482025 0.10940625190734864
v 0.00624879002571106 0.0020241600275039675 0.10934765815734863
v 0.00655335009098053 0.00044516999274492265 0.10928906440734863
v 0.0064651197195053104 -0.0011605100333690643 0.10923047065734863
v 0.005989390015602112 -0.00269663006067276 0.10917187690734864
v 0.005154669880867004 -0.004071109890937805 0.10911328315734864
v 0.004010989964008331 -0.005201590061187744 0.10905468940734864
v 0.00262690007686615 -0.00602029025554657 0.10899608612060548
v 0.0010853599756956102 -0.00647816002368927 0.10893750190734863
v -0.0005212299898266793 -0.00654774010181427 0.10887890815734863
v -0.002096579968929291 -0.006224859952926636 0.10882031440734863
v -0.0035462599992752077 -0.005528879761695862 0.10876172065734864
v -0.004783399999141693 -0.004501520097255707 0.10870312690734864
v -0.005733820199966431 -0.0032043400406837463 0.10864453315734864
v -0.0063405799865722656 -0.001715109944343567 0.10858593940734863
v -0.006567299962043763 -0.000123070003464818 0.10852733612060547
v -0.006400390267372131 0.0014763399958610535 0.10846875190734863
v -0.005849850177764892 0.0029872599244117736 0.10841015815734864
v -0.004948700070381165 0.0043191400170326235 0.10835156440734864
v -0.00375093013048172 0.005392130017280579 0.10829297065734864
v -0.002328329980373383 0.006141939759254456 0.10823437690734863
v -0.0007661899924278259 0.0065236097574234014 0.10817578315734863
v 0.0008418799936771393 0.006514269709587097 0.10811718940734863
v 0.0023994900286197665 0.006114490032196045 0.10805858612060547
v 0.0038132798671722413 0.005348219871520996 0.10800000190734864
v 0.004998509883880615 0.004261380136013031 0.10794140815734864
v 0.005884150266647339 0.002919139862060547 0.10788281440734863
v 0.006417099833488465 0.0014019200205802917 0.10782422065734863
v 0.006565430164337158 -0.0001993199996650219 0.10776562690734863
v 0.0063202399015426635 -0.0017886100709438323 0.10770703315734864
v 0.005696229934692383 -0.0032706999778747557 0.10764843940734864
v 0.004730809926986695 -0.004556759893894195 0.10758983612060546
v 0.003481830060482025 -0.005569689869880676 0.10753125190734864
v 0.0020241600275039675 -0.00624879002571106 0.10747265815734863
v 0.00044516999274492265 -0.00655335009098053 0.10741406440734863
v -0.0011605100333690643 -0.0064651197195053104 0.10735547065734863
v -0.00269663006067276 -0.005989390015602112 0.10729686737060547
v -0.004071109890937805 -0.005154669880867004 0.10723828315734864
v -0.005201590061187744 -0.004010989964008331 0.10717968940734864
v -0.00602029025554657 -0.00262690007686615 0.10712108612060547
v -0.00647816002368927 -0.0010853599756956102 0.10706250190734863
v -0.00654774010181427 0.0005212299898266793 0.10700390815734863
v -0.006224859952926636 0.002096579968929291 0.10694531440734864
v -0.005528879761695862 0.0035462599992752077 0.10688672065734864
v -0.004501520097255707 0.004783399999141693 0.10682812690734864
v -0.0032043400406837463 0.005733820199966431 0.10676953315734863
v -0.001715109944343567 0.0063405799865722656 0.10671093940734863
v -0.000123070003464818 0.006567299962043763 0.10665233612060547
v 0.0014763399958610535 0.006400390267372131 0.10659375190734864
v 0.0029872599244117736 0.005849850177764892 0.10653515815734864
v 0.0043191400170326235 0.004948700070381165 0.10647656440734864
v 0.005392130017280579 0.00375093013048172 0.10641797065734863
v 0.006141939759254456 0.002328329980373383 0.10635937690734863
v 0.0065236097574234014 0.0007661899924278259 0.10630078315734863
v 0.006514269709587097 -0.0008418799936771393 0.10624218940734864
v 0.006114490032196045 -0.0023994900286197665 0.10618358612060547
v 0.005348219871520996 -0.0038132798671722413 0.10612500190734864
v 0.004261380136013031 -0.004998509883880615 0.10606640815734864
v 0.002919139862060547 -0.005884150266647339 0.10600781440734863
v 0.0014019200205802917 -0.006417099833488465 0.10594922065734863
v -0.0001993199996650219 -0.006565430164337158 0.10589061737060547
v -0.0017886100709438323 -0.0063202399015426635 0.10583203315734864
v -0.0032706999778747557 -0.005696229934692383 0.10577343940734864
v -0.004556759893894195 -0.004730809926986695 0.10571483612060548
v -0.005569689869880676 -0.003481830060482025 0.10565625190734863
v -0.00624879002571106 -0.0020241600275039675 0.10559765815734863
v -0.00655335009098053 -0.00044516999274492265 0.10553906440734863
v -0.0064651197195053104 0.0011605100333690643 0.10548047065734864
v -0.005989390015602112 0.00269663006067276 0.10542187690734864
v -0.005154669880867004 0.004071109890937805 0.10536328315734864
v -0.004010989964008331 0.005201590061187744 0.10530468940734863
v -0.00262690007686615 0.00602029025554657 0.10524608612060547
v -0.0010853599756956102 0.00647816002368927 0.10518750190734863
v 0.0005212299898266793 0.00654774010181427 0.10512890815734864
v 0.002096579968929291 0.006224859952926636 0.10507031440734864
v 0.0035462599992752077 0.005528879761695862 0.10501172065734864
v 0.004783399999141693 0.004501520097255707 0.10495312690734863
v 0.005733820199966431 0.0032043400406837463 0.10489453315734863
v 0.0063405799865722656 0.001715109944343567 0.10483593940734863
v 0.006567299962043763 0.000123070003464818 0.10477733612060547
v 0.006400390267372131 -0.0014763399958610535 0.10471875190734864
v 0.005849850177764892 -0.0029872599244117736 0.10466015815734864
v 0.004948700070381165 -0.0043191400170326235 0.10460156440734864
v 0.00375093013048172 -0.005392130017280579 0.10454297065734863
v 0.002328329980373383 -0.006141939759254456 0.10448436737060547
v 0.0007661899924278259 -0.0065236097574234014 0.10442578315734863
v -0.0008418799936771393 -0.006514269709587097 0.10436718940734864
v -0.0023994900286197665 -0.006114490032196045 0.10430858612060546
v -0.0038132798671722413 -0.005348219871520996 0.10425000190734864
v -0.004998509883880615 -0.004261380136013031 0.10419140815734863
v -0.005884150266647339 -0.002919139862060547 0.10413281440734863
v -0.006417099833488465 -0.0014019200205802917 0.10407422065734863
v -0.006565430164337158 0.0001993199996650219 0.10401562690734864
v -0.0063202399015426635 0.0017886100709438323 0.10395703315734864
v -0.005696229934692383 0.0032706999778747557 0.10389843940734864
v -0.004730809926986695 0.004556759893894195 0.10383983612060547
v -0.003481830060482025 0.005569689869880676 0.10378125190734863
v -0.0020241600275039675 0.00624879002571106 0.10372265815734863
v -0.00044516999274492265 0.00655335009098053 0.10366406440734864
v 0.0011605100333690643 0.0064651197195053104 0.10360547065734864
v 0.00269663006067276 0.005989390015602112 0.10354687690734864
v 0.004071109890937805 0.005154669880867004 0.10348828315734863
v 0.005201590061187744 0.004010989964008331 0.10342968940734863
v 0.00602029025554657 0.00262690007686615 0.10337108612060547
v 0.00647816002368927 0.0010853599756956102 0.10331250190734864
v 0.00654774010181427 -0.0005212299898266793 0.10325390815734864
v 0.006224859952926636 -0.002096579968929291 0.10319531440734864
v 0.005528879761695862 -0.0035462599992752077 0.10313672065734864
v 0.004501520097255707 -0.004783399999141693 0.10307812690734863
v 0.0032043400406837463 -0.005733820199966431 0.10301953315734863
v 0.001715109944343567 -0.0063405799865722656 0.10296093940734863
v 0.000123070003464818 -0.006567299962043763 0.10290233612060547
v -0.0014763399958610535 -0.006400390267372131 0.10284375190734864
v -0.0029872599244117736 -0.005849850177764892 0.10278515815734864
v -0.0043191400170326235 -0.004948700070381165 0.10272656440734863
v -0.005392130017280579 -0.00375093013048172 0.10266797065734863
v -0.006141939759254456 -0.002328329980373383 0.10260937690734863
v -0.0065236097574234014 -0.0007661899924278259 0.10255078315734864
v -0.006514269709587097 0.0008418799936771393 0.10249218940734864
v -0.006114490032196045 0.0023994900286197665 0.10243358612060548
v -0.005348219871520996 0.0038132798671722413 0.10237500190734863
v -0.004261380136013031 0.004998509883880615 0.10231640815734863
v -0.002919139862060547 0.005884150266647339 0.10225781440734863
v -0.0014019200205802917 0.006417099833488465 0.10219922065734864
v 0.0001993199996650219 0.006565430164337158 0.10214062690734864
v 0.0017886100709438323 0.0063202399015426635 0.10208203315734864
v 0.0032706999778747557 0.005696229934692383 0.10202343940734863
v 0.004556759893894195 0.004730809926986695 0.10196483612060547
v 0.005569689869880676 0.003481830060482025 0.10190625190734863
v 0.00624879002571106 0.0020241600275039675 0.10184765815734864
v 0.00655335009098053 0.00044516999274492265 0.10178906440734864
v 0.0064651197195053104 -0.0011605100333690643 0.10173047065734864
v 0.005989390015602112 -0.00269663006067276 0.10167187690734864
v 0.005154669880867004 -0.004071109890937805 0.10161328315734863
v 0.004010989964008331 -0.005201590061187744 0.10155468940734863
v 0.00262690007686615 -0.00602029025554657 0.10149608612060547
v 0.0010853599756956102 -0.00647816002368927 0.10143750190734864
v -0.0005212299898266793 -0.00654774010181427 0.10137890815734864
v -0.002096579968929291 -0.006224859952926636 0.10132031440734864
v -0.0035462599992752077 -0.005528879761695862 0.10126172065734863
v -0.004783399999141693 -0.004501520097255707 0.10120312690734863
v -0.005733820199966431 -0.0032043400406837463 0.10114453315734863
v -0.0063405799865722656 -0.001715109944343567 0.10108593940734864
v -0.006567299962043763 -0.000123070003464818 0.10102733612060547
v -0.006400390267372131 0.0014763399958610535 0.10096875190734864
v -0.005849850177764892 0.0029872599244117736 0.10091015815734863
v -0.004948700070381165 0.0043191400170326235 0.10085156440734863
v -0.00375093013048172 0.005392130017280579 0.10079297065734863
v -0.002328329980373383 0.006141939759254456 0.10073437690734864
v -0.0007661899924278259 0.0065236097574234014 0.10067578315734864
v 0.0008418799936771393 0.006514269709587097 0.10061718940734864
v 0.0023994900286197665 0.006114490032196045 0.10055858612060548
v 0.0038132798671722413 0.005348219871520996 0.10050000190734863
v 0.004998509883880615 0.004261380136013031 0.10044140815734863
v 0.005884150266647339 0.002919139862060547 0.10038281440734864
v 0.006417099833488465 0.0014019200205802917 0.10032422065734864
v 0.006565430164337158 -0.0001993199996650219 0.10026562690734864
v 0.0063202399015426635 -0.0017886100709438323 0.10020703315734864
v 0.005696229934692383 -0.0032706999778747557 0.10014843940734863
v 0.004730809926986695 -0.004556759893894195 0.10008983612060547
v 0.003481830060482025 -0.005569689869880676 0.10003125190734863
v 0.0020241600275039675 -0.00624879002571106 0.09997265815734864
v 0.00044516999274492265 -0.00655335009098053 0.09991406440734864
v -0.0011605100333690643 -0.0064651197195053104 0.09985547065734864
v -0.00269663006067276 -0.005989390015602112 0.09979687690734863
v -0.004071109890937805 -0.005154669880867004 0.09973828315734863
v -0.005201590061187744 -0.004010989964008331 0.09967968940734863
v -0.00602029025554657 -0.00262690007686615 0.09962108612060547
v -0.00647816002368927 -0.0010853599756956102 0.09956250190734864
v -0.00654774010181427 0.0005212299898266793 0.09950390815734864
v -0.006224859952926636 0.002096579968929291 0.09944531440734863
v -0.005528879761695862 0.0035462599992752077 0.09938672065734863
v -0.004501520097255707 0.004783399999141693 0.09932812690734863
v -0.0032043400406837463 0.005733820199966431 0.09926953315734864
v -0.001715109944343567 0.0063405799865722656 0.09921093940734864
v -0.000123070003464818 0.006567299962043763 0.09915233612060548
v 0.0014763399958610535 0.006400390267372131 0.09909375190734863
v 0.0029872599244117736 0.005849850177764892 0.09903515815734863
v 0.0043191400170326235 0.004948700070381165 0.09897656440734863
v 0.005392130017280579 0.00375093013048172 0.09891797065734864
v 0.006141939759254456 0.002328329980373383 0.09885937690734864
v 0.0065236097574234014 0.0007661899924278259 0.09880078315734864
v 0.006514269709587097 -0.0008418799936771393 0.09874218940734864
v 0.006114490032196045 -0.0023994900286197665 0.09868358612060547
v 0.005348219871520996 -0.0038132798671722413 0.09862500190734863
v 0.004261380136013031 -0.004998509883880615 0.09856640815734863
v 0.002919139862060547 -0.005884150266647339 0.09850781440734864
v 0.0014019200205802917 -0.006417099833488465 0.09844922065734864
v -0.0001993199996650219 -0.006565430164337158 0.09839062690734864
v -0.0017886100709438323 -0.0063202399015426635 0.09833203315734863
v -0.0032706999778747557 -0.005696229934692383 0.09827343940734863
v -0.004556759893894195 -0.004730809926986695 0.09821483612060547
v -0.005569689869880676 -0.003481830060482025 0.09815625190734864
v -0.00624879002571106 -0.0020241600275039675 0.09809765815734864
v -0.00655335009098053 -0.00044516999274492265 0.09803906440734864
v -0.0064651197195053104 0.0011605100333690643 0.09798047065734863
v -0.005989390015602112 0.00269663006067276 0.09792187690734863
v -0.005154669880867004 0.004071109890937805 0.09786328315734863
v -0.004010989964008331 0.005201590061187744 0.09780468940734864
v -0.00262690007686615 0.00602029025554657 0.09774608612060547
v -0.0010853599756956102 0.00647816002368927 0.09768750190734864
v 0.0005212299898266793 0.00654774010181427 0.09762890815734863
v 0.002096579968929291 0.006224859952926636 0.09757031440734863
v 0.0035462599992752077 0.005528879761695862 0.09751172065734863
v 0.004783399999141693 0.004501520097255707 0.09745312690734864
v 0.005733820199966431 0.0032043400406837463 0.09739453315734864
v 0.0063405799865722656 0.001715109944343567 0.09733593940734864
v 0.006567299962043763 0.000123070003464818 0.09727733612060548
v 0.006400390267372131 -0.0014763399958610535 0.09721875190734863
v 0.005849850177764892 -0.0029872599244117736 0.09716015815734863
v 0.004948700070381165 -0.0043191400170326235 0.09710156440734863
v 0.00375093013048172 -0.005392130017280579 0.09704297065734864
v 0.002328329980373383 -0.006141939759254456 0.09698437690734864
v 0.0007661899924278259 -0.0065236097574234014 0.09692578315734864
v -0.0008418799936771393 -0.006514269709587097 0.09686718940734863
v -0.0023994900286197665 -0.006114490032196045 0.09680858612060547
v -0.0038132798671722413 -0.005348219871520996 0.09675000190734863
v -0.004998509883880615 -0.004261380136013031 0.09669140815734864
v -0.005884150266647339 -0.002919139862060547 0.09663281440734864
v -0.006417099833488465 -0.0014019200205802917 0.09657422065734864
v -0.006565430164337158 0.0001993199996650219 0.09651562690734863
v -0.0063202399015426635 0.0017886100709438323 0.09645703315734863
v -0.005696229934692383 0.0032706999778747557 0.09639843940734863
v -0.004730809926986695 0.004556759893894195 0.09633983612060547
v -0.003481830060482025 0.005569689869880676 0.09628125190734864
v -0.0020241600275039675 0.00624879002571106 0.09622265815734864
v -0.00044516999274492265 0.00655335009098053 0.09616406440734863
v 0.0011605100333690643 0.0064651197195053104 0.09610547065734863
v 0.00269663006067276 0.005989390015602112 0.09604687690734863
v 0.004071109890937805 0.005154669880867004 0.09598828315734864
v 0.005201590061187744 0.004010989964008331 0.09592968940734864
v 0.00602029025554657 0.00262690007686615 0.09587108612060546
v 0.00647816002368927 0.0010853599756956102 0.09581250190734864
v 0.00654774010181427 -0.0005212299898266793 0.09575390815734863
v 0.006224859952926636 -0.002096579968929291 0.09569531440734863
v 0.005528879761695862 -0.0035462599992752077 0.09563672065734863
v 0.004501520097255707 -0.004783399999141693 0.09557812690734864
v 0.0032043400406837463 -0.005733820199966431 0.09551953315734864
v 0.001715109944343567 -0.0063405799865722656 0.09546093940734864
v 0.000123070003464818 -0.006567299962043763 0.09540233612060547
v -0.0014763399958610535 -0.006400390267372131 0.09534375190734863
v -0.0029872599244117736 -0.005849850177764892 0.09528515815734863
v -0.0043191400170326235 -0.004948700070381165 0.09522656440734864
v -0.005392130017280579 -0.00375093013048172 0.09516797065734864
v -0.006141939759254456 -0.002328329980373383 0.09510937690734864
v -0.0065236097574234014 -0.0007661899924278259 0.09505078315734863
v -0.006514269709587097 0.0008418799936771393 0.09499218940734863
v -0.006114490032196045 0.0023994900286197665 0.09493358612060547
v -0.005348219871520996 0.0038132798671722413 0.09487500190734864
v -0.004261380136013031 0.004998509883880615 0.09481640815734864
v -0.002919139862060547 0.005884150266647339 0.09475781440734864
v -0.0014019200205802917 0.006417099833488465 0.09469922065734863
v 0.0001993199996650219 0.006565430164337158 0.09464062690734863
v 0.0017886100709438323 0.0063202399015426635 0.09458203315734863
v 0.0032706999778747557 0.005696229934692383 0.09452343940734864
v 0.004556759893894195 0.004730809926986695 0.09446483612060547
v 0.005569689869880676 0.003481830060482025 0.09440625190734864
v 0.00624879002571106 0.0020241600275039675 0.09434765815734864
v 0.00655335009098053 0.00044516999274492265 0.09428906440734863
v 0.0064651197195053104 -0.0011605100333690643 0.09423047065734863
v 0.005989390015602112 -0.00269663006067276 0.09417187690734863
v 0.005154669880867004 -0.004071109890937805 0.09411328315734864
v 0.004010989964008331 -0.005201590061187744 0.09405468940734864
v 0.00262690007686615 -0.00602029025554657 0.09399608612060548
v 0.0010853599756956102 -0.00647816002368927 0.09393750190734863
v -0.0005212299898266793 -0.00654774010181427 0.09387890815734863
v -0.002096579968929291 -0.006224859952926636 0.09382031440734863
v -0.0035462599992752077 -0.005528879761695862 0.09376172065734864
v -0.004783399999141693 -0.004501520097255707 0.09370312690734864
v -0.005733820199966431 -0.0032043400406837463 0.09364453315734864
v -0.0063405799865722656 -0.001715109944343567 0.09358593940734863
v -0.006567299962043763 -0.000123070003464818 0.09352733612060547
v -0.006400390267372131 0.0014763399958610535 0.09346875190734863
v -0.005849850177764892 0.0029872599244117736 0.09341015815734864
v -0.004948700070381165 0.0043191400170326235 0.09335156440734864
v -0.00375093013048172 0.005392130017280579 0.09329297065734864
v -0.002328329980373383 0.006141939759254456 0.09323437690734863
v -0.0007661899924278259 0.0065236097574234014 0.09317578315734863
v 0.0008418799936771393 0.006514269709587097 0.09311718940734863
v 0.0023994900286197665 0.006114490032196045 0.09305858612060547
v 0.0032343998551368713 -0.006683509945869446 0.09300000190734864
v 0.004700709879398346 -0.005615350008010864 0.09300000190734864
v 0.005858730077743531 -0.004219329953193665 0.09300000190734864
v 0.006630489826202393 -0.002581770122051239 0.09300000190734864
v 0.006963229775428772 -0.0008020099997520447 0.09300000190734864
v 0.006828830242156983 0.001000339984893799 0.09300000190734864
v 0.006585609912872314 0.0018745000660419465 0.09300000190734864
v 0.0062299597263336184 0.0027063599228858946 0.09300000190734864
v 0.005766130089759827 0.003484280109405518 0.09300000190734864
v 0.0052013397216796875 0.004193510115146637 0.09300000190734864
v 0.004547519981861115 0.004817970097064972 0.09300000190734864
v 0.004547519981861115 0.004817970097064972 0.15300000190734864
v 0.0052013397216796875 0.004193510115146637 0.15300000190734864
v 0.005766130089759827 0.003484280109405518 0.15300000190734864
v 0.0062299597263336184 0.0027063599228858946 0.15300000190734864
v 0.006585609912872314 0.0018745000660419465 0.15300000190734864
v 0.006828830242156983 0.001000339984893799 0.15300000190734864
v 0.006963229775428772 -0.0008020099997520447 0.15300000190734864
v 0.006630489826202393 -0.002581770122051239 0.15300000190734864
v 0.005858730077743531 -0.004219329953193665 0.15300000190734864
v 0.004700709879398346 -0.005615350008010864 0.15300000190734864
v 0.0032343998551368713 -0.006683509945869446 0.15300000190734864
v 0.0015135100483894348 -0.0072691100835800175 0.15294140815734864
v -0.00029810000211000443 -0.007419009804725647 0.15288281440734863
v -0.00209184005856514 -0.007124239802360535 0.15282422065734863
v -0.0037602001428604127 -0.006402459740638733 0.15276561737060548
v -0.0052031797170639035 -0.005296930074691773 0.15270703315734863
v -0.00633430004119873 -0.0038739201426506043 0.15264843940734862
v -0.007085760235786438 -0.002218720018863678 0.15258983612060548
v -0.0074125099182128906 -0.0004305199906229973 0.15253125190734865
v -0.0072949701547622686 0.0013834699988365174 0.15247265815734865
v -0.00674019992351532 0.0031145399808883666 0.15241406440734864
v -0.005781430006027222 0.004658940136432648 0.15235547065734864
v -0.0044761401414871215 0.005924090147018433 0.15229686737060547
v -0.0029025599360466003 0.006834160089492798 0.15223828315734864
v -0.0011550000309944154 0.007334619760513306 0.15217968940734863
v 0.0006617800146341324 0.007395449876785278 0.15212108612060546
v 0.002438890039920807 0.007013019919395447 0.15206250190734863
v 0.004069829881191254 0.00621025025844574 0.15200390815734863
v 0.005456820130348206 0.005035250186920166 0.15194531440734863
v 0.006516749858856201 0.0035584500432014467 0.15188672065734862
v 0.007186089754104614 0.0018683600425720215 0.15182811737060548
v 0.007424700260162354 6.628999952226877e-05 0.15176953315734865
v 0.007218300104141235 -0.0017397500574588777 0.15171093940734864
v 0.00657925009727478 -0.0034415200352668762 0.15165233612060547
v 0.005545859932899475 -0.004937010109424591 0.15159375190734864
v 0.0041800600290298464 -0.006136590242385865 0.15153515815734864
v 0.0025637200474739074 -0.006968349814414979 0.15147656440734864
v 0.0007937200367450714 -0.007382450103759766 0.15141797065734863
v -0.001023859977722168 -0.0073540699481964115 0.15135936737060549
v -0.0027800700068473815 -0.0068848997354507445 0.15130078315734863
v -0.004369649887084961 -0.006003069877624512 0.15124218940734863
v -0.005697320103645325 -0.0047614300251007085 0.15118358612060548
v -0.006683509945869446 -0.0032343998551368713 0.15112500190734865
v -0.0072691100835800175 -0.0015135100483894348 0.15106640815734865
v -0.007419009804725647 0.00029810000211000443 0.15100781440734865
v -0.007124239802360535 0.00209184005856514 0.15094922065734864
v -0.006402459740638733 0.0037602001428604127 0.15089061737060547
v -0.005296930074691773 0.0052031797170639035 0.15083203315734864
v -0.0038739201426506043 0.00633430004119873 0.15077343940734864
v -0.002218720018863678 0.007085760235786438 0.15071483612060546
v -0.0004305199906229973 0.0074125099182128906 0.15065625190734863
v 0.0013834699988365174 0.0072949701547622686 0.15059765815734863
v 0.0031145399808883666 0.00674019992351532 0.15053906440734863
v 0.004658940136432648 0.005781430006027222 0.15048047065734863
v 0.005924090147018433 0.0044761401414871215 0.15042186737060548
v 0.006834160089492798 0.0029025599360466003 0.15036328315734865
v 0.007334619760513306 0.0011550000309944154 0.15030468940734865
v 0.007395449876785278 -0.0006617800146341324 0.15024608612060547
v 0.007013019919395447 -0.002438890039920807 0.15018750190734864
v 0.00621025025844574 -0.004069829881191254 0.15012890815734864
v 0.005035250186920166 -0.005456820130348206 0.15007031440734864
v 0.0035584500432014467 -0.006516749858856201 0.15001172065734864
v 0.0018683600425720215 -0.007186089754104614 0.14995311737060546
v 6.628999952226877e-05 -0.007424700260162354 0.14989453315734863
v -0.0017397500574588777 -0.007218300104141235 0.14983593940734863
v -0.0034415200352668762 -0.00657925009727478 0.14977733612060548
v -0.004937010109424591 -0.005545859932899475 0.14971875190734862
v -0.006136590242385865 -0.0041800600290298464 0.14966015815734865
v -0.006968349814414979 -0.0025637200474739074 0.14960156440734865
v -0.007382450103759766 -0.0007937200367450714 0.14954297065734865
v -0.0073540699481964115 0.001023859977722168 0.14948436737060547
v -0.0068848997354507445 0.0027800700068473815 0.14942578315734864
v -0.006003069877624512 0.004369649887084961 0.14936718940734864
v -0.0047614300251007085 0.005697320103645325 0.14930858612060546
v -0.0032343998551368713 0.006683509945869446 0.14925000190734863
v -0.0015135100483894348 0.0072691100835800175 0.14919140815734863
v 0.00029810000211000443 0.007419009804725647 0.14913281440734863
v 0.00209184005856514 0.007124239802360535 0.14907422065734863
v 0.0037602001428604127 0.006402459740638733 0.14901561737060548
v 0.0052031797170639035 0.005296930074691773 0.14895703315734862
v 0.00633430004119873 0.0038739201426506043 0.14889843940734865
v 0.007085760235786438 0.002218720018863678 0.14883983612060547
v 0.0074125099182128906 0.0004305199906229973 0.14878125190734864
v 0.0072949701547622686 -0.0013834699988365174 0.14872265815734864
v 0.00674019992351532 -0.0031145399808883666 0.14866406440734864
v 0.005781430006027222 -0.004658940136432648 0.14860547065734864
v 0.0044761401414871215 -0.005924090147018433 0.14854686737060546
v 0.0029025599360466003 -0.006834160089492798 0.14848828315734863
v 0.0011550000309944154 -0.007334619760513306 0.14842968940734863
v -0.0006617800146341324 -0.007395449876785278 0.14837108612060548
v -0.002438890039920807 -0.007013019919395447 0.14831250190734863
v -0.004069829881191254 -0.00621025025844574 0.14825390815734862
v -0.005456820130348206 -0.005035250186920166 0.14819531440734865
v -0.006516749858856201 -0.0035584500432014467 0.14813672065734865
v -0.007186089754104614 -0.0018683600425720215 0.14807811737060547
v -0.007424700260162354 -6.628999952226877e-05 0.14801953315734864
v -0.007218300104141235 0.0017397500574588777 0.14796093940734864
v -0.00657925009727478 0.0034415200352668762 0.14790233612060547
v -0.005545859932899475 0.004937010109424591 0.14784375190734864
v -0.0041800600290298464 0.006136590242385865 0.14778515815734863
v -0.0025637200474739074 0.006968349814414979 0.14772656440734863
v -0.0007937200367450714 0.007382450103759766 0.14766797065734863
v 0.001023859977722168 0.0073540699481964115 0.14760936737060548
v 0.0027800700068473815 0.0068848997354507445 0.14755078315734863
v 0.004369649887084961 0.006003069877624512 0.14749218940734862
v 0.005697320103645325 0.0047614300251007085 0.14743358612060548
v 0.006683509945869446 0.0032343998551368713 0.14737500190734865
v 0.0072691100835800175 0.0015135100483894348 0.14731640815734864
v 0.007419009804725647 -0.00029810000211000443 0.14725781440734864
v 0.007124239802360535 -0.00209184005856514 0.14719922065734864
v 0.006402459740638733 -0.0037602001428604127 0.14714061737060546
v 0.005296930074691773 -0.0052031797170639035 0.14708203315734864
v 0.0038739201426506043 -0.00633430004119873 0.14702343940734863
v 0.002218720018863678 -0.007085760235786438 0.14696483612060549
v 0.0004305199906229973 -0.0074125099182128906 0.14690625190734863
v -0.0013834699988365174 -0.0072949701547622686 0.14684765815734863
v -0.0031145399808883666 -0.00674019992351532 0.14678906440734862
v -0.004658940136432648 -0.005781430006027222 0.14673047065734865
v -0.005924090147018433 -0.0044761401414871215 0.14667186737060547
v -0.006834160089492798 -0.0029025599360466003 0.14661328315734865
v -0.007334619760513306 -0.0011550000309944154 0.14655468940734864
v -0.007395449876785278 0.0006617800146341324 0.14649608612060547
v -0.007013019919395447 0.002438890039920807 0.14643750190734864
v -0.00621025025844574 0.004069829881191254 0.14637890815734864
v -0.005035250186920166 0.005456820130348206 0.14632031440734863
v -0.0035584500432014467 0.006516749858856201 0.14626172065734863
v -0.0018683600425720215 0.007186089754104614 0.14620311737060548
v -6.628999952226877e-05 0.007424700260162354 0.14614453315734863
v 0.0017397500574588777 0.007218300104141235 0.14608593940734863
v 0.0034415200352668762 0.00657925009727478 0.14602733612060548
v 0.004937010109424591 0.005545859932899475 0.14596875190734865
v 0.006136590242385865 0.0041800600290298464 0.14591015815734865
v 0.006968349814414979 0.0025637200474739074 0.14585156440734864
v 0.007382450103759766 0.0007937200367450714 0.14579297065734864
v 0.0073540699481964115 -0.001023859977722168 0.14573436737060547
v 0.0068848997354507445 -0.0027800700068473815 0.14567578315734864
v 0.006003069877624512 -0.004369649887084961 0.14561718940734864
v 0.0047614300251007085 -0.005697320103645325 0.14555858612060546
v 0.0032343998551368713 -0.006683509945869446 0.14550000190734863
v 0.0015135100483894348 -0.0072691100835800175 0.14544140815734863
v -0.00029810000211000443 -0.007419009804725647 0.14538281440734863
v -0.00209184005856514 -0.007124239802360535 0.14532422065734862
v -0.0037602001428604127 -0.006402459740638733 0.14526561737060548
v -0.0052031797170639035 -0.005296930074691773 0.14520703315734865
v -0.00633430004119873 -0.0038739201426506043 0.14514843940734865
v -0.007085760235786438 -0.002218720018863678 0.14508983612060547
v -0.0074125099182128906 -0.0004305199906229973 0.14503125190734864
v -0.0072949701547622686 0.0013834699988365174 0.14497265815734864
v -0.00674019992351532 0.0031145399808883666 0.14491406440734864
v -0.005781430006027222 0.004658940136432648 0.14485547065734863
v -0.0044761401414871215 0.005924090147018433 0.14479686737060546
v -0.0029025599360466003 0.006834160089492798 0.14473828315734863
v -0.0011550000309944154 0.007334619760513306 0.14467968940734863
v 0.0006617800146341324 0.007395449876785278 0.14462108612060548
v 0.002438890039920807 0.007013019919395447 0.14456250190734862
v 0.004069829881191254 0.00621025025844574 0.14450390815734865
v 0.005456820130348206 0.005035250186920166 0.14444531440734865
v 0.006516749858856201 0.0035584500432014467 0.14438672065734864
v 0.007186089754104614 0.0018683600425720215 0.14432811737060547
v 0.007424700260162354 6.628999952226877e-05 0.14426953315734864
v 0.007218300104141235 -0.0017397500574588777 0.14421093940734864
v 0.00657925009727478 -0.0034415200352668762 0.14415233612060546
v 0.005545859932899475 -0.004937010109424591 0.14409375190734863
v 0.0041800600290298464 -0.006136590242385865 0.14403515815734863
v 0.0025637200474739074 -0.006968349814414979 0.14397656440734863
v 0.0007937200367450714 -0.007382450103759766 0.14391797065734863
v -0.001023859977722168 -0.0073540699481964115 0.14385936737060548
v -0.0027800700068473815 -0.0068848997354507445 0.14380078315734865
v -0.004369649887084961 -0.006003069877624512 0.14374218940734865
v -0.005697320103645325 -0.0047614300251007085 0.14368358612060547
v -0.006683509945869446 -0.0032343998551368713 0.14362500190734864
v -0.0072691100835800175 -0.0015135100483894348 0.14356640815734864
v -0.007419009804725647 0.00029810000211000443 0.14350781440734864
v -0.007124239802360535 0.00209184005856514 0.14344922065734864
v -0.006402459740638733 0.0037602001428604127 0.14339061737060546
v -0.005296930074691773 0.0052031797170639035 0.14333203315734863
v -0.0038739201426506043 0.00633430004119873 0.14327343940734863
v -0.002218720018863678 0.007085760235786438 0.14321483612060548
v -0.0004305199906229973 0.0074125099182128906 0.14315625190734863
v 0.0013834699988365174 0.0072949701547622686 0.14309765815734862
v 0.0031145399808883666 0.00674019992351532 0.14303906440734865
v 0.004658940136432648 0.005781430006027222 0.14298047065734865
v 0.005924090147018433 0.0044761401414871215 0.14292186737060547
v 0.006834160089492798 0.0029025599360466003 0.14286328315734864
v 0.007334619760513306 0.0011550000309944154 0.14280468940734864
v 0.007395449876785278 -0.0006617800146341324 0.14274608612060546
v 0.007013019919395447 -0.002438890039920807 0.14268750190734864
v 0.00621025025844574 -0.004069829881191254 0.14262890815734863
v 0.005035250186920166 -0.005456820130348206 0.14257031440734863
v 0.0035584500432014467 -0.006516749858856201 0.14251172065734863
v 0.0018683600425720215 -0.007186089754104614 0.14245311737060548
v 6.628999952226877e-05 -0.007424700260162354 0.14239453315734862
v -0.0017397500574588777 -0.007218300104141235 0.14233593940734865
v -0.0034415200352668762 -0.00657925009727478 0.14227733612060547
v -0.004937010109424591 -0.005545859932899475 0.14221875190734865
v -0.006136590242385865 -0.0041800600290298464 0.14216015815734864
v -0.006968349814414979 -0.0025637200474739074 0.14210156440734864
v -0.007382450103759766 -0.0007937200367450714 0.14204297065734864
v -0.0073540699481964115 0.001023859977722168 0.14198436737060546
v -0.0068848997354507445 0.0027800700068473815 0.14192578315734863
v -0.006003069877624512 0.004369649887084961 0.14186718940734863
v -0.0047614300251007085 0.005697320103645325 0.14180858612060548
v -0.0032343998551368713 0.006683509945869446 0.14175000190734863
v -0.0015135100483894348 0.0072691100835800175 0.14169140815734863
v 0.00029810000211000443 0.007419009804725647 0.14163281440734862
v 0.00209184005856514 0.007124239802360535 0.14157422065734865
v 0.0037602001428604127 0.006402459740638733 0.14151561737060547
v 0.0052031797170639035 0.005296930074691773 0.14145703315734864
v 0.00633430004119873 0.0038739201426506043 0.14139843940734864
v 0.007085760235786438 0.002218720018863678 0.14133983612060547
v 0.0074125099182128906 0.0004305199906229973 0.14128125190734864
v 0.0072949701547622686 -0.0013834699988365174 0.14122265815734864
v 0.00674019992351532 -0.0031145399808883666 0.14116406440734863
v 0.005781430006027222 -0.004658940136432648 0.14110547065734863
v 0.0044761401414871215 -0.005924090147018433 0.14104686737060548
v 0.0029025599360466003 -0.006834160089492798 0.14098828315734863
v 0.0011550000309944154 -0.007334619760513306 0.14092968940734862
v -0.0006617800146341324 -0.007395449876785278 0.14087108612060548
v -0.002438890039920807 -0.007013019919395447 0.14081250190734865
v -0.004069829881191254 -0.00621025025844574 0.14075390815734865
v -0.005456820130348206 -0.005035250186920166 0.14069531440734864
v -0.006516749858856201 -0.0035584500432014467 0.14063672065734864
v -0.007186089754104614 -0.0018683600425720215 0.14057811737060547
v -0.007424700260162354 -6.628999952226877e-05 0.14051953315734864
v -0.007218300104141235 0.0017397500574588777 0.14046093940734863
v -0.00657925009727478 0.0034415200352668762 0.14040233612060546
v -0.005545859932899475 0.004937010109424591 0.14034375190734863
v -0.0041800600290298464 0.006136590242385865 0.14028515815734863
v -0.0025637200474739074 0.006968349814414979 0.14022656440734863
v -0.0007937200367450714 0.007382450103759766 0.14016797065734862
v 0.001023859977722168 0.0073540699481964115 0.14010936737060548
v 0.0027800700068473815 0.0068848997354507445 0.14005078315734865
v 0.004369649887084961 0.006003069877624512 0.13999218940734864
v 0.005697320103645325 0.0047614300251007085 0.13993358612060547
v 0.006683509945869446 0.0032343998551368713 0.13987500190734864
v 0.0072691100835800175 0.0015135100483894348 0.13981640815734864
v 0.007419009804725647 -0.00029810000211000443 0.13975781440734864
v 0.007124239802360535 -0.00209184005856514 0.13969922065734863
v 0.006402459740638733 -0.0037602001428604127 0.13964061737060549
v 0.005296930074691773 -0.0052031797170639035 0.13958203315734863
v 0.0038739201426506043 -0.00633430004119873 0.13952343940734863
v 0.002218720018863678 -0.007085760235786438 0.13946483612060548
v 0.0004305199906229973 -0.0074125099182128906 0.13940625190734865
v -0.0013834699988365174 -0.0072949701547622686 0.13934765815734865
v -0.0031145399808883666 -0.00674019992351532 0.13928906440734865
v -0.004658940136432648 -0.005781430006027222 0.13923047065734864
v -0.005924090147018433 -0.0044761401414871215 0.13917186737060547
v -0.006834160089492798 -0.0029025599360466003 0.13911328315734864
v -0.007334619760513306 -0.0011550000309944154 0.13905468940734864
v -0.007395449876785278 0.0006617800146341324 0.13899608612060546
v -0.007013019919395447 0.002438890039920807 0.13893750190734863
v -0.00621025025844574 0.004069829881191254 0.13887890815734863
v -0.005035250186920166 0.005456820130348206 0.13882031440734863
v -0.0035584500432014467 0.006516749858856201 0.13876172065734863
v -0.0018683600425720215 0.007186089754104614 0.13870311737060548
v -6.628999952226877e-05 0.007424700260162354 0.13864453315734865
v 0.0017397500574588777 0.007218300104141235 0.13858593940734865
v 0.0034415200352668762 0.00657925009727478 0.13852733612060547
v 0.004937010109424591 0.005545859932899475 0.13846875190734864
v 0.006136590242385865 0.0041800600290298464 0.13841015815734864
v 0.006968349814414979 0.0025637200474739074 0.13835156440734864
v 0.007382450103759766 0.0007937200367450714 0.13829297065734864
v 0.0073540699481964115 -0.001023859977722168 0.13823436737060546
v 0.0068848997354507445 -0.0027800700068473815 0.13817578315734863
v 0.006003069877624512 -0.004369649887084961 0.13811718940734863
v 0.0047614300251007085 -0.005697320103645325 0.13805858612060548
v 0.0032343998551368713 -0.006683509945869446 0.13800000190734862
v 0.0015135100483894348 -0.0072691100835800175 0.13794140815734865
v -0.00029810000211000443 -0.007419009804725647 0.13788281440734865
v -0.00209184005856514 -0.007124239802360535 0.13782422065734865
v -0.0037602001428604127 -0.006402459740638733 0.13776561737060547
v -0.0052031797170639035 -0.005296930074691773 0.13770703315734864
v -0.00633430004119873 -0.0038739201426506043 0.13764843940734864
v -0.007085760235786438 -0.002218720018863678 0.13758983612060546
v -0.0074125099182128906 -0.0004305199906229973 0.13753125190734863
v -0.0072949701547622686 0.0013834699988365174 0.13747265815734863
v -0.00674019992351532 0.0031145399808883666 0.13741406440734863
v -0.005781430006027222 0.004658940136432648 0.13735547065734863
v -0.0044761401414871215 0.005924090147018433 0.13729686737060548
v -0.0029025599360466003 0.006834160089492798 0.13723828315734862
v -0.0011550000309944154 0.007334619760513306 0.13717968940734865
v 0.0006617800146341324 0.007395449876785278 0.13712108612060547
v 0.002438890039920807 0.007013019919395447 0.13706250190734864
v 0.004069829881191254 0.00621025025844574 0.13700390815734864
v 0.005456820130348206 0.005035250186920166 0.13694531440734864
v 0.006516749858856201 0.0035584500432014467 0.13688672065734864
v 0.007186089754104614 0.0018683600425720215 0.13682811737060546
v 0.007424700260162354 6.628999952226877e-05 0.13676953315734863
v 0.007218300104141235 -0.0017397500574588777 0.13671093940734863
v 0.00657925009727478 -0.0034415200352668762 0.13665233612060548
v 0.005545859932899475 -0.004937010109424591 0.13659375190734863
v 0.0041800600290298464 -0.006136590242385865 0.13653515815734862
v 0.0025637200474739074 -0.006968349814414979 0.13647656440734865
v 0.0007937200367450714 -0.007382450103759766 0.13641797065734865
v -0.001023859977722168 -0.0073540699481964115 0.13635936737060547
v -0.0027800700068473815 -0.0068848997354507445 0.13630078315734864
v -0.004369649887084961 -0.006003069877624512 0.13624218940734864
v -0.005697320103645325 -0.0047614300251007085 0.13618358612060547
v -0.006683509945869446 -0.0032343998551368713 0.13612500190734864
v -0.0072691100835800175 -0.0015135100483894348 0.13606640815734863
v -0.007419009804725647 0.00029810000211000443 0.13600781440734863
v -0.007124239802360535 0.00209184005856514 0.13594922065734863
v -0.006402459740638733 0.0037602001428604127 0.13589061737060548
v -0.005296930074691773 0.0052031797170639035 0.13583203315734863
v -0.0038739201426506043 0.00633430004119873 0.13577343940734862
v -0.002218720018863678 0.007085760235786438 0.13571483612060548
v -0.0004305199906229973 0.0074125099182128906 0.13565625190734865
v 0.0013834699988365174 0.0072949701547622686 0.13559765815734864
v 0.0031145399808883666 0.00674019992351532 0.13553906440734864
v 0.004658940136432648 0.005781430006027222 0.13548047065734864
v 0.005924090147018433 0.0044761401414871215 0.13542186737060546
v 0.006834160089492798 0.0029025599360466003 0.13536328315734864
v 0.007334619760513306 0.0011550000309944154 0.13530468940734863
v 0.007395449876785278 -0.0006617800146341324 0.13524608612060549
v 0.007013019919395447 -0.002438890039920807 0.13518750190734863
v 0.00621025025844574 -0.004069829881191254 0.13512890815734863
v 0.005035250186920166 -0.005456820130348206 0.13507031440734862
v 0.0035584500432014467 -0.006516749858856201 0.13501172065734865
v 0.0018683600425720215 -0.007186089754104614 0.13495311737060547
v 6.628999952226877e-05 -0.007424700260162354 0.13489453315734865
v -0.0017397500574588777 -0.007218300104141235 0.13483593940734864
v -0.0034415200352668762 -0.00657925009727478 0.13477733612060547
v -0.004937010109424591 -0.005545859932899475 0.13471875190734864
v -0.006136590242385865 -0.0041800600290298464 0.13466015815734864
v -0.006968349814414979 -0.0025637200474739074 0.13460156440734863
v -0.007382450103759766 -0.0007937200367450714 0.13454297065734863
v -0.0073540699481964115 0.001023859977722168 0.13448436737060548
v -0.0068848997354507445 0.0027800700068473815 0.13442578315734863
v -0.006003069877624512 0.004369649887084961 0.13436718940734863
v -0.0047614300251007085 0.005697320103645325 0.13430858612060548
v -0.0032343998551368713 0.006683509945869446 0.13425000190734865
v -0.0015135100483894348 0.0072691100835800175 0.13419140815734865
v 0.00029810000211000443 0.007419009804725647 0.13413281440734864
v 0.00209184005856514 0.007124239802360535 0.13407422065734864
v 0.0037602001428604127 0.006402459740638733 0.13401561737060547
v 0.0052031797170639035 0.005296930074691773 0.13395703315734864
v 0.00633430004119873 0.0038739201426506043 0.13389843940734864
v 0.007085760235786438 0.002218720018863678 0.13383983612060546
v 0.0074125099182128906 0.0004305199906229973 0.13378125190734863
v 0.0072949701547622686 -0.0013834699988365174 0.13372265815734863
v 0.00674019992351532 -0.0031145399808883666 0.13366406440734863
v 0.005781430006027222 -0.004658940136432648 0.13360547065734862
v 0.0044761401414871215 -0.005924090147018433 0.13354686737060548
v 0.0029025599360466003 -0.006834160089492798 0.13348828315734865
v 0.0011550000309944154 -0.007334619760513306 0.13342968940734865
v -0.0006617800146341324 -0.007395449876785278 0.13337108612060547
v -0.002438890039920807 -0.007013019919395447 0.13331250190734864
v -0.004069829881191254 -0.00621025025844574 0.13325390815734864
v -0.005456820130348206 -0.005035250186920166 0.13319531440734864
v -0.006516749858856201 -0.0035584500432014467 0.13313672065734863
v -0.007186089754104614 -0.0018683600425720215 0.13307811737060546
v -0.007424700260162354 -6.628999952226877e-05 0.13301953315734863
v -0.007218300104141235 0.0017397500574588777 0.13296093940734863
v -0.00657925009727478 0.0034415200352668762 0.13290233612060548
v -0.005545859932899475 0.004937010109424591 0.13284375190734862
v -0.0041800600290298464 0.006136590242385865 0.13278515815734865
v -0.0025637200474739074 0.006968349814414979 0.13272656440734865
v -0.0007937200367450714 0.007382450103759766 0.13266797065734864
v 0.001023859977722168 0.0073540699481964115 0.13260936737060547
v 0.0027800700068473815 0.0068848997354507445 0.13255078315734864
v 0.004369649887084961 0.006003069877624512 0.13249218940734864
v 0.005697320103645325 0.0047614300251007085 0.13243358612060546
v 0.006683509945869446 0.0032343998551368713 0.13237500190734863
v 0.0072691100835800175 0.0015135100483894348 0.13231640815734863
v 0.007419009804725647 -0.00029810000211000443 0.13225781440734863
v 0.007124239802360535 -0.00209184005856514 0.13219922065734863
v 0.006402459740638733 -0.0037602001428604127 0.13214061737060548
v 0.005296930074691773 -0.0052031797170639035 0.13208203315734862
v 0.0038739201426506043 -0.00633430004119873 0.13202343940734865
v 0.002218720018863678 -0.007085760235786438 0.13196483612060547
v 0.0004305199906229973 -0.0074125099182128906 0.13190625190734864
v -0.0013834699988365174 -0.0072949701547622686 0.13184765815734864
v -0.0031145399808883666 -0.00674019992351532 0.13178906440734864
v -0.004658940136432648 -0.005781430006027222 0.13173047065734864
v -0.005924090147018433 -0.0044761401414871215 0.13167186737060546
v -0.006834160089492798 -0.0029025599360466003 0.13161328315734863
v -0.007334619760513306 -0.0011550000309944154 0.13155468940734863
v -0.007395449876785278 0.0006617800146341324 0.13149608612060548
v -0.007013019919395447 0.002438890039920807 0.13143750190734863
v -0.00621025025844574 0.004069829881191254 0.13137890815734862
v -0.005035250186920166 0.005456820130348206 0.13132031440734865
v -0.0035584500432014467 0.006516749858856201 0.13126172065734865
v -0.0018683600425720215 0.007186089754104614 0.13120311737060547
v -6.628999952226877e-05 0.007424700260162354 0.13114453315734864
v 0.0017397500574588777 0.007218300104141235 0.13108593940734864
v 0.0034415200352668762 0.00657925009727478 0.13102733612060546
v 0.004937010109424591 0.005545859932899475 0.13096875190734864
v 0.006136590242385865 0.0041800600290298464 0.13091015815734863
v 0.006968349814414979 0.0025637200474739074 0.13085156440734863
v 0.007382450103759766 0.0007937200367450714 0.13079297065734863
v 0.0073540699481964115 -0.001023859977722168 0.13073436737060548
v 0.0068848997354507445 -0.0027800700068473815 0.13067578315734862
v 0.006003069877624512 -0.004369649887084961 0.13061718940734862
v 0.0047614300251007085 -0.005697320103645325 0.13055858612060547
v 0.0032343998551368713 -0.006683509945869446 0.13050000190734865
v 0.0015135100483894348 -0.0072691100835800175 0.13044140815734864
v -0.00029810000211000443 -0.007419009804725647 0.13038281440734864
v -0.00209184005856514 -0.007124239802360535 0.13032422065734864
v -0.0037602001428604127 -0.006402459740638733 0.13026561737060546
v -0.0052031797170639035 -0.005296930074691773 0.13020703315734863
v -0.00633430004119873 -0.0038739201426506043 0.13014843940734863
v -0.007085760235786438 -0.002218720018863678 0.13008983612060548
v -0.0074125099182128906 -0.0004305199906229973 0.13003125190734863
v -0.0072949701547622686 0.0013834699988365174 0.12997265815734863
v -0.00674019992351532 0.0031145399808883666 0.12991406440734862
v -0.005781430006027222 0.004658940136432648 0.12985547065734865
v -0.0044761401414871215 0.005924090147018433 0.12979686737060547
v -0.0029025599360466003 0.006834160089492798 0.12973828315734864
v -0.0011550000309944154 0.007334619760513306 0.12967968940734864
v 0.0006617800146341324 0.007395449876785278 0.12962108612060547
v 0.002438890039920807 0.007013019919395447 0.12956250190734864
v 0.004069829881191254 0.00621025025844574 0.12950390815734864
v 0.005456820130348206 0.005035250186920166 0.12944531440734863
v 0.006516749858856201 0.0035584500432014467 0.12938672065734863
v 0.007186089754104614 0.0018683600425720215 0.12932811737060548
v 0.007424700260162354 6.628999952226877e-05 0.12926953315734863
v 0.007218300104141235 -0.0017397500574588777 0.12921093940734862
v 0.00657925009727478 -0.0034415200352668762 0.12915233612060548
v 0.005545859932899475 -0.004937010109424591 0.12909375190734865
v 0.0041800600290298464 -0.006136590242385865 0.12903515815734865
v 0.0025637200474739074 -0.006968349814414979 0.12897656440734864
v 0.0007937200367450714 -0.007382450103759766 0.12891797065734864
v -0.001023859977722168 -0.0073540699481964115 0.12885936737060547
v -0.0027800700068473815 -0.0068848997354507445 0.12880078315734864
v -0.004369649887084961 -0.006003069877624512 0.12874218940734863
v -0.005697320103645325 -0.0047614300251007085 0.12868358612060546
v -0.006683509945869446 -0.0032343998551368713 0.12862500190734863
v -0.0072691100835800175 -0.0015135100483894348 0.12856640815734863
v -0.007419009804725647 0.00029810000211000443 0.12850781440734863
v -0.007124239802360535 0.00209184005856514 0.12844922065734862
v -0.006402459740638733 0.0037602001428604127 0.12839061737060548
v -0.005296930074691773 0.0052031797170639035 0.12833203315734865
v -0.0038739201426506043 0.00633430004119873 0.12827343940734864
v -0.002218720018863678 0.007085760235786438 0.12821483612060547
v -0.0004305199906229973 0.0074125099182128906 0.12815625190734864
v 0.0013834699988365174 0.0072949701547622686 0.12809765815734864
v 0.0031145399808883666 0.00674019992351532 0.12803906440734864
v 0.004658940136432648 0.005781430006027222 0.12798047065734863
v 0.005924090147018433 0.0044761401414871215 0.12792186737060546
v 0.006834160089492798 0.0029025599360466003 0.12786328315734863
v 0.007334619760513306 0.0011550000309944154 0.12780468940734863
v 0.007395449876785278 -0.0006617800146341324 0.12774608612060548
v 0.007013019919395447 -0.002438890039920807 0.12768750190734862
v 0.00621025025844574 -0.004069829881191254 0.12762890815734865
v 0.005035250186920166 -0.005456820130348206 0.12757031440734865
v 0.0035584500432014467 -0.006516749858856201 0.12751172065734864
v 0.0018683600425720215 -0.007186089754104614 0.12745311737060547
v 6.628999952226877e-05 -0.007424700260162354 0.12739453315734864
v -0.0017397500574588777 -0.007218300104141235 0.12733593940734864
v -0.0034415200352668762 -0.00657925009727478 0.12727733612060546
v -0.004937010109424591 -0.005545859932899475 0.12721875190734863
v -0.006136590242385865 -0.0041800600290298464 0.12716015815734863
v -0.006968349814414979 -0.0025637200474739074 0.12710156440734863
v -0.007382450103759766 -0.0007937200367450714 0.12704297065734863
v -0.0073540699481964115 0.001023859977722168 0.12698436737060548
v -0.0068848997354507445 0.0027800700068473815 0.12692578315734865
v -0.006003069877624512 0.004369649887084961 0.12686718940734865
v -0.0047614300251007085 0.005697320103645325 0.12680858612060547
v -0.0032343998551368713 0.006683509945869446 0.12675000190734864
v -0.0015135100483894348 0.0072691100835800175 0.12669140815734864
v 0.00029810000211000443 0.007419009804725647 0.12663281440734864
v 0.00209184005856514 0.007124239802360535 0.12657422065734864
v 0.0037602001428604127 0.006402459740638733 0.12651561737060546
v 0.0052031797170639035 0.005296930074691773 0.12645703315734863
v 0.00633430004119873 0.0038739201426506043 0.12639843940734863
v 0.007085760235786438 0.002218720018863678 0.12633983612060548
v 0.0074125099182128906 0.0004305199906229973 0.12628125190734862
v 0.0072949701547622686 -0.0013834699988365174 0.12622265815734862
v 0.00674019992351532 -0.0031145399808883666 0.12616406440734865
v 0.005781430006027222 -0.004658940136432648 0.12610547065734865
v 0.0044761401414871215 -0.005924090147018433 0.12604686737060547
v 0.0029025599360466003 -0.006834160089492798 0.12598828315734864
v 0.0011550000309944154 -0.007334619760513306 0.12592968940734864
v -0.0006617800146341324 -0.007395449876785278 0.12587108612060546
v -0.002438890039920807 -0.007013019919395447 0.12581250190734863
v -0.004069829881191254 -0.00621025025844574 0.12575390815734863
v -0.005456820130348206 -0.005035250186920166 0.12569531440734863
v -0.006516749858856201 -0.0035584500432014467 0.12563672065734863
v -0.007186089754104614 -0.0018683600425720215 0.12557811737060548
v -0.007424700260162354 -6.628999952226877e-05 0.12551953315734862
v -0.007218300104141235 0.0017397500574588777 0.12546093940734865
v -0.00657925009727478 0.0034415200352668762 0.12540233612060547
v -0.005545859932899475 0.004937010109424591 0.12534375190734864
v -0.0041800600290298464 0.006136590242385865 0.12528515815734864
v -0.0025637200474739074 0.006968349814414979 0.12522656440734864
v -0.0007937200367450714 0.007382450103759766 0.12516797065734864
v 0.001023859977722168 0.0073540699481964115 0.12510936737060546
v 0.0027800700068473815 0.0068848997354507445 0.12505078315734863
v 0.004369649887084961 0.006003069877624512 0.12499218940734863
v 0.005697320103645325 0.0047614300251007085 0.12493358612060547
v 0.006683509945869446 0.0032343998551368713 0.12487500190734864
v 0.0072691100835800175 0.0015135100483894348 0.12481640815734864
v 0.007419009804725647 -0.00029810000211000443 0.12475781440734864
v 0.007124239802360535 -0.00209184005856514 0.12469922065734863
v 0.006402459740638733 -0.0037602001428604127 0.12464061737060547
v 0.005296930074691773 -0.0052031797170639035 0.12458203315734863
v 0.0038739201426506043 -0.00633430004119873 0.12452343940734864
v 0.002218720018863678 -0.007085760235786438 0.12446483612060547
v 0.0004305199906229973 -0.0074125099182128906 0.12440625190734864
v -0.0013834699988365174 -0.0072949701547622686 0.12434765815734863
v -0.0031145399808883666 -0.00674019992351532 0.12428906440734863
v -0.004658940136432648 -0.005781430006027222 0.12423047065734863
v -0.005924090147018433 -0.0044761401414871215 0.12417186737060547
v -0.006834160089492798 -0.0029025599360466003 0.12411328315734864
v -0.007334619760513306 -0.0011550000309944154 0.12405468940734864
v -0.007395449876785278 0.0006617800146341324 0.12399608612060548
v -0.007013019919395447 0.002438890039920807 0.12393750190734863
v -0.00621025025844574 0.004069829881191254 0.12387890815734863
v -0.005035250186920166 0.005456820130348206 0.12382031440734864
v -0.0035584500432014467 0.006516749858856201 0.12376172065734864
v -0.0018683600425720215 0.007186089754104614 0.12370311737060548
v -6.628999952226877e-05 0.007424700260162354 0.12364453315734864
v 0.0017397500574588777 0.007218300104141235 0.12358593940734863
v 0.0034415200352668762 0.00657925009727478 0.12352733612060547
v 0.004937010109424591 0.005545859932899475 0.12346875190734864
v 0.006136590242385865 0.0041800600290298464 0.12341015815734864
v 0.006968349814414979 0.0025637200474739074 0.12335156440734864
v 0.007382450103759766 0.0007937200367450714 0.12329297065734864
v 0.0073540699481964115 -0.001023859977722168 0.12323436737060547
v 0.0068848997354507445 -0.0027800700068473815 0.12317578315734863
v 0.006003069877624512 -0.004369649887084961 0.12311718940734863
v 0.0047614300251007085 -0.005697320103645325 0.12305858612060547
v 0.0032343998551368713 -0.006683509945869446 0.12300000190734864
v 0.0015135100483894348 -0.0072691100835800175 0.12294140815734864
v -0.00029810000211000443 -0.007419009804725647 0.12288281440734863
v -0.00209184005856514 -0.007124239802360535 0.12282422065734863
v -0.0037602001428604127 -0.006402459740638733 0.12276562690734863
v -0.0052031797170639035 -0.005296930074691773 0.12270703315734864
v -0.00633430004119873 -0.0038739201426506043 0.12264843940734864
v -0.007085760235786438 -0.002218720018863678 0.12258983612060548
v -0.0074125099182128906 -0.0004305199906229973 0.12253125190734863
v -0.0072949701547622686 0.0013834699988365174 0.12247265815734863
v -0.00674019992351532 0.0031145399808883666 0.12241406440734863
v -0.005781430006027222 0.004658940136432648 0.12235547065734864
v -0.0044761401414871215 0.005924090147018433 0.12229686737060547
v -0.0029025599360466003 0.006834160089492798 0.12223828315734864
v -0.0011550000309944154 0.007334619760513306 0.12217968940734864
v 0.0006617800146341324 0.007395449876785278 0.12212108612060547
v 0.002438890039920807 0.007013019919395447 0.12206250190734863
v 0.004069829881191254 0.00621025025844574 0.12200390815734864
v 0.005456820130348206 0.005035250186920166 0.12194531440734864
v 0.006516749858856201 0.0035584500432014467 0.12188672065734864
v 0.007186089754104614 0.0018683600425720215 0.12182811737060548
v 0.007424700260162354 6.628999952226877e-05 0.12176953315734863
v 0.007218300104141235 -0.0017397500574588777 0.12171093940734863
v 0.00657925009727478 -0.0034415200352668762 0.12165233612060547
v 0.005545859932899475 -0.004937010109424591 0.12159375190734864
v 0.0041800600290298464 -0.006136590242385865 0.12153515815734864
v 0.0025637200474739074 -0.006968349814414979 0.12147656440734864
v 0.0007937200367450714 -0.007382450103759766 0.12141797065734863
v -0.001023859977722168 -0.0073540699481964115 0.12135937690734863
v -0.0027800700068473815 -0.0068848997354507445 0.12130078315734863
v -0.004369649887084961 -0.006003069877624512 0.12124218940734864
v -0.005697320103645325 -0.0047614300251007085 0.12118358612060547
v -0.006683509945869446 -0.0032343998551368713 0.12112500190734864
v -0.0072691100835800175 -0.0015135100483894348 0.12106640815734863
v -0.007419009804725647 0.00029810000211000443 0.12100781440734863
v -0.007124239802360535 0.00209184005856514 0.12094922065734863
v -0.006402459740638733 0.0037602001428604127 0.12089061737060547
v -0.005296930074691773 0.0052031797170639035 0.12083203315734864
v -0.0038739201426506043 0.00633430004119873 0.12077343940734864
v -0.002218720018863678 0.007085760235786438 0.12071483612060548
v -0.0004305199906229973 0.0074125099182128906 0.12065625190734863
v 0.0013834699988365174 0.0072949701547622686 0.12059765815734863
v 0.0031145399808883666 0.00674019992351532 0.12053906440734864
v 0.004658940136432648 0.005781430006027222 0.12048047065734864
v 0.005924090147018433 0.0044761401414871215 0.12042186737060546
v 0.006834160089492798 0.0029025599360466003 0.12036328315734864
v 0.007334619760513306 0.0011550000309944154 0.12030468940734863
v 0.007395449876785278 -0.0006617800146341324 0.12024608612060547
v 0.007013019919395447 -0.002438890039920807 0.12018750190734863
v 0.00621025025844574 -0.004069829881191254 0.12012890815734864
v 0.005035250186920166 -0.005456820130348206 0.12007031440734864
v 0.0035584500432014467 -0.006516749858856201 0.12001172065734864
v 0.0018683600425720215 -0.007186089754104614 0.11995312690734863
v 6.628999952226877e-05 -0.007424700260162354 0.11989453315734863
v -0.0017397500574588777 -0.007218300104141235 0.11983593940734863
v -0.0034415200352668762 -0.00657925009727478 0.11977733612060547
v -0.004937010109424591 -0.005545859932899475 0.11971875190734864
v -0.006136590242385865 -0.0041800600290298464 0.11966015815734864
v -0.006968349814414979 -0.0025637200474739074 0.11960156440734863
v -0.007382450103759766 -0.0007937200367450714 0.11954297065734863
v -0.0073540699481964115 0.001023859977722168 0.11948436737060547
v -0.0068848997354507445 0.0027800700068473815 0.11942578315734864
v -0.006003069877624512 0.004369649887084961 0.11936718940734864
v -0.0047614300251007085 0.005697320103645325 0.11930858612060546
v -0.0032343998551368713 0.006683509945869446 0.11925000190734864
v -0.0015135100483894348 0.0072691100835800175 0.11919140815734863
v 0.00029810000211000443 0.007419009804725647 0.11913281440734863
v 0.00209184005856514 0.007124239802360535 0.11907422065734863
v 0.0037602001428604127 0.006402459740638733 0.11901562690734864
v 0.0052031797170639035 0.005296930074691773 0.11895703315734864
v 0.00633430004119873 0.0038739201426506043 0.11889843940734864
v 0.007085760235786438 0.002218720018863678 0.11883983612060547
v 0.0074125099182128906 0.0004305199906229973 0.11878125190734863
v 0.0072949701547622686 -0.0013834699988365174 0.11872265815734863
v 0.00674019992351532 -0.0031145399808883666 0.11866406440734864
v 0.005781430006027222 -0.004658940136432648 0.11860547065734864
v 0.0044761401414871215 -0.005924090147018433 0.11854687690734864
v 0.0029025599360466003 -0.006834160089492798 0.11848828315734863
v 0.0011550000309944154 -0.007334619760513306 0.11842968940734863
v -0.0006617800146341324 -0.007395449876785278 0.11837108612060547
v -0.002438890039920807 -0.007013019919395447 0.11831250190734864
v -0.004069829881191254 -0.00621025025844574 0.11825390815734864
v -0.005456820130348206 -0.005035250186920166 0.11819531440734864
v -0.006516749858856201 -0.0035584500432014467 0.11813672065734863
v -0.007186089754104614 -0.0018683600425720215 0.11807811737060547
v -0.007424700260162354 -6.628999952226877e-05 0.11801953315734863
v -0.007218300104141235 0.0017397500574588777 0.11796093940734864
v -0.00657925009727478 0.0034415200352668762 0.11790233612060547
v -0.005545859932899475 0.004937010109424591 0.11784375190734864
v -0.0041800600290298464 0.006136590242385865 0.11778515815734864
v -0.0025637200474739074 0.006968349814414979 0.11772656440734863
v -0.0007937200367450714 0.007382450103759766 0.11766797065734863
v 0.001023859977722168 0.0073540699481964115 0.11760937690734863
v 0.0027800700068473815 0.0068848997354507445 0.11755078315734864
v 0.004369649887084961 0.006003069877624512 0.11749218940734864
v 0.005697320103645325 0.0047614300251007085 0.11743358612060548
v 0.006683509945869446 0.0032343998551368713 0.11737500190734863
v 0.0072691100835800175 0.0015135100483894348 0.11731640815734863
v 0.007419009804725647 -0.00029810000211000443 0.11725781440734863
v 0.007124239802360535 -0.00209184005856514 0.11719922065734864
v 0.006402459740638733 -0.0037602001428604127 0.11714062690734864
v 0.005296930074691773 -0.0052031797170639035 0.11708203315734864
v 0.0038739201426506043 -0.00633430004119873 0.11702343940734863
v 0.002218720018863678 -0.007085760235786438 0.11696483612060547
v 0.0004305199906229973 -0.0074125099182128906 0.11690625190734863
v -0.0013834699988365174 -0.0072949701547622686 0.11684765815734864
v -0.0031145399808883666 -0.00674019992351532 0.11678906440734864
v -0.004658940136432648 -0.005781430006027222 0.11673047065734864
v -0.005924090147018433 -0.0044761401414871215 0.11667186737060548
v -0.006834160089492798 -0.0029025599360466003 0.11661328315734863
v -0.007334619760513306 -0.0011550000309944154 0.11655468940734863
v -0.007395449876785278 0.0006617800146341324 0.11649608612060547
v -0.007013019919395447 0.002438890039920807 0.11643750190734864
v -0.00621025025844574 0.004069829881191254 0.11637890815734864
v -0.005035250186920166 0.005456820130348206 0.11632031440734864
v -0.0035584500432014467 0.006516749858856201 0.11626172065734863
v -0.0018683600425720215 0.007186089754104614 0.11620312690734863
v -6.628999952226877e-05 0.007424700260162354 0.11614453315734863
v 0.0017397500574588777 0.007218300104141235 0.11608593940734864
v 0.0034415200352668762 0.00657925009727478 0.11602733612060546
v 0.004937010109424591 0.005545859932899475 0.11596875190734864
v 0.006136590242385865 0.0041800600290298464 0.11591015815734863
v 0.006968349814414979 0.0025637200474739074 0.11585156440734863
v 0.007382450103759766 0.0007937200367450714 0.11579297065734863
v 0.0073540699481964115 -0.001023859977722168 0.11573437690734864
v 0.0068848997354507445 -0.0027800700068473815 0.11567578315734864
v 0.006003069877624512 -0.004369649887084961 0.11561718940734864
v 0.0047614300251007085 -0.005697320103645325 0.11555858612060547
v 0.0032343998551368713 -0.006683509945869446 0.11550000190734863
v 0.0015135100483894348 -0.0072691100835800175 0.11544140815734863
v -0.00029810000211000443 -0.007419009804725647 0.11538281440734864
v -0.00209184005856514 -0.007124239802360535 0.11532422065734864
v -0.0037602001428604127 -0.006402459740638733 0.11526561737060548
v -0.0052031797170639035 -0.005296930074691773 0.11520703315734863
v -0.00633430004119873 -0.0038739201426506043 0.11514843940734863
v -0.007085760235786438 -0.002218720018863678 0.11508983612060547
v -0.0074125099182128906 -0.0004305199906229973 0.11503125190734864
v -0.0072949701547622686 0.0013834699988365174 0.11497265815734864
v -0.00674019992351532 0.0031145399808883666 0.11491406440734864
v -0.005781430006027222 0.004658940136432648 0.11485547065734864
v -0.0044761401414871215 0.005924090147018433 0.11479687690734863
v -0.0029025599360466003 0.006834160089492798 0.11473828315734863
v -0.0011550000309944154 0.007334619760513306 0.11467968940734863
v 0.0006617800146341324 0.007395449876785278 0.11462108612060547
v 0.002438890039920807 0.007013019919395447 0.11456250190734864
v 0.004069829881191254 0.00621025025844574 0.11450390815734864
v 0.005456820130348206 0.005035250186920166 0.11444531440734863
v 0.006516749858856201 0.0035584500432014467 0.11438672065734863
v 0.007186089754104614 0.0018683600425720215 0.11432812690734863
v 0.007424700260162354 6.628999952226877e-05 0.11426953315734864
v 0.007218300104141235 -0.0017397500574588777 0.11421093940734864
v 0.00657925009727478 -0.0034415200352668762 0.11415233612060548
v 0.005545859932899475 -0.004937010109424591 0.11409375190734863
v 0.0041800600290298464 -0.006136590242385865 0.11403515815734863
v 0.0025637200474739074 -0.006968349814414979 0.11397656440734863
v 0.0007937200367450714 -0.007382450103759766 0.11391797065734864
v -0.001023859977722168 -0.0073540699481964115 0.11385936737060547
v -0.0027800700068473815 -0.0068848997354507445 0.11380078315734864
v -0.004369649887084961 -0.006003069877624512 0.11374218940734863
v -0.005697320103645325 -0.0047614300251007085 0.11368358612060547
v -0.006683509945869446 -0.0032343998551368713 0.11362500190734863
v -0.0072691100835800175 -0.0015135100483894348 0.11356640815734864
v -0.007419009804725647 0.00029810000211000443 0.11350781440734864
v -0.007124239802360535 0.00209184005856514 0.11344922065734864
v -0.006402459740638733 0.0037602001428604127 0.11339062690734864
v -0.005296930074691773 0.0052031797170639035 0.11333203315734863
v -0.0038739201426506043 0.00633430004119873 0.11327343940734863
v -0.002218720018863678 0.007085760235786438 0.11321483612060547
v -0.0004305199906229973 0.0074125099182128906 0.11315625190734864
v 0.0013834699988365174 0.0072949701547622686 0.11309765815734864
v 0.0031145399808883666 0.00674019992351532 0.11303906440734864
v 0.004658940136432648 0.005781430006027222 0.11298047065734863
v 0.005924090147018433 0.0044761401414871215 0.11292187690734863
v 0.006834160089492798 0.0029025599360466003 0.11286328315734863
v 0.007334619760513306 0.0011550000309944154 0.11280468940734864
v 0.007395449876785278 -0.0006617800146341324 0.11274608612060547
v 0.007013019919395447 -0.002438890039920807 0.11268750190734864
v 0.00621025025844574 -0.004069829881191254 0.11262890815734863
v 0.005035250186920166 -0.005456820130348206 0.11257031440734863
v 0.0035584500432014467 -0.006516749858856201 0.11251172065734863
v 0.0018683600425720215 -0.007186089754104614 0.11245312690734864
v 6.628999952226877e-05 -0.007424700260162354 0.11239453315734864
v -0.0017397500574588777 -0.007218300104141235 0.11233593940734864
v -0.0034415200352668762 -0.00657925009727478 0.11227733612060548
v -0.004937010109424591 -0.005545859932899475 0.11221875190734863
v -0.006136590242385865 -0.0041800600290298464 0.11216015815734863
v -0.006968349814414979 -0.0025637200474739074 0.11210156440734864
v -0.007382450103759766 -0.0007937200367450714 0.11204297065734864
v -0.0073540699481964115 0.001023859977722168 0.11198437690734864
v -0.0068848997354507445 0.0027800700068473815 0.11192578315734864
v -0.006003069877624512 0.004369649887084961 0.11186718940734863
v -0.0047614300251007085 0.005697320103645325 0.11180858612060547
v -0.0032343998551368713 0.006683509945869446 0.11175000190734863
v -0.0015135100483894348 0.0072691100835800175 0.11169140815734864
v 0.00029810000211000443 0.007419009804725647 0.11163281440734864
v 0.00209184005856514 0.007124239802360535 0.11157422065734864
v 0.0037602001428604127 0.006402459740638733 0.11151562690734863
v 0.0052031797170639035 0.005296930074691773 0.11145703315734863
v 0.00633430004119873 0.0038739201426506043 0.11139843940734863
v 0.007085760235786438 0.002218720018863678 0.11133983612060547
v 0.0074125099182128906 0.0004305199906229973 0.11128125190734864
v 0.0072949701547622686 -0.0013834699988365174 0.11122265815734864
v 0.00674019992351532 -0.0031145399808883666 0.11116406440734863
v 0.005781430006027222 -0.004658940136432648 0.11110547065734863
v 0.0044761401414871215 -0.005924090147018433 0.11104687690734863
v 0.0029025599360466003 -0.006834160089492798 0.11098828315734864
v 0.0011550000309944154 -0.007334619760513306 0.11092968940734864
v -0.0006617800146341324 -0.007395449876785278 0.11087108612060548
v -0.002438890039920807 -0.007013019919395447 0.11081250190734863
v -0.004069829881191254 -0.00621025025844574 0.11075390815734863
v -0.005456820130348206 -0.005035250186920166 0.11069531440734863
v -0.006516749858856201 -0.0035584500432014467 0.11063672065734864
v -0.007186089754104614 -0.0018683600425720215 0.11057812690734864
v -0.007424700260162354 -6.628999952226877e-05 0.11051953315734864
v -0.007218300104141235 0.0017397500574588777 0.11046093940734864
v -0.00657925009727478 0.0034415200352668762 0.11040233612060547
v -0.005545859932899475 0.004937010109424591 0.11034375190734863
v -0.0041800600290298464 0.006136590242385865 0.11028515815734863
v -0.0025637200474739074 0.006968349814414979 0.11022656440734864
v -0.0007937200367450714 0.007382450103759766 0.11016797065734864
v 0.001023859977722168 0.0073540699481964115 0.11010937690734864
v 0.0027800700068473815 0.0068848997354507445 0.11005078315734863
v 0.004369649887084961 0.006003069877624512 0.10999218940734863
v 0.005697320103645325 0.0047614300251007085 0.10993358612060547
v 0.006683509945869446 0.0032343998551368713 0.10987500190734864
v 0.0072691100835800175 0.0015135100483894348 0.10981640815734864
v 0.007419009804725647 -0.00029810000211000443 0.10975781440734864
v 0.007124239802360535 -0.00209184005856514 0.10969922065734863
v 0.006402459740638733 -0.0037602001428604127 0.10964062690734863
v 0.005296930074691773 -0.0052031797170639035 0.10958203315734863
v 0.0038739201426506043 -0.00633430004119873 0.10952343940734864
v 0.002218720018863678 -0.007085760235786438 0.10946483612060547
v 0.0004305199906229973 -0.0074125099182128906 0.10940625190734864
v -0.0013834699988365174 -0.0072949701547622686 0.10934765815734863
v -0.0031145399808883666 -0.00674019992351532 0.10928906440734863
v -0.004658940136432648 -0.005781430006027222 0.10923047065734863
v -0.005924090147018433 -0.0044761401414871215 0.10917187690734864
v -0.006834160089492798 -0.0029025599360466003 0.10911328315734864
v -0.007334619760513306 -0.0011550000309944154 0.10905468940734864
v -0.007395449876785278 0.0006617800146341324 0.10899608612060548
v -0.007013019919395447 0.002438890039920807 0.10893750190734863
v -0.00621025025844574 0.004069829881191254 0.10887890815734863
v -0.005035250186920166 0.005456820130348206 0.10882031440734863
v -0.0035584500432014467 0.006516749858856201 0.10876172065734864
v -0.0018683600425720215 0.007186089754104614 0.10870312690734864
v -6.628999952226877e-05 0.007424700260162354 0.10864453315734864
v 0.0017397500574588777 0.007218300104141235 0.10858593940734863
v 0.0034415200352668762 0.00657925009727478 0.10852733612060547
v 0.004937010109424591 0.005545859932899475 0.10846875190734863
v 0.006136590242385865 0.0041800600290298464 0.10841015815734864
v 0.006968349814414979 0.0025637200474739074 0.10835156440734864
v 0.007382450103759766 0.0007937200367450714 0.10829297065734864
v 0.0073540699481964115 -0.001023859977722168 0.10823437690734863
v 0.0068848997354507445 -0.0027800700068473815 0.10817578315734863
v 0.006003069877624512 -0.004369649887084961 0.10811718940734863
v 0.0047614300251007085 -0.005697320103645325 0.10805858612060547
v 0.0032343998551368713 -0.006683509945869446 0.10800000190734864
v 0.0015135100483894348 -0.0072691100835800175 0.10794140815734864
v -0.00029810000211000443 -0.007419009804725647 0.10788281440734863
v -0.00209184005856514 -0.007124239802360535 0.10782422065734863
v -0.0037602001428604127 -0.006402459740638733 0.10776562690734863
v -0.0052031797170639035 -0.005296930074691773 0.10770703315734864
v -0.00633430004119873 -0.0038739201426506043 0.10764843940734864
v -0.007085760235786438 -0.002218720018863678 0.10758983612060546
v -0.0074125099182128906 -0.0004305199906229973 0.10753125190734864
v -0.0072949701547622686 0.0013834699988365174 0.10747265815734863
v -0.00674019992351532 0.0031145399808883666 0.10741406440734863
v -0.005781430006027222 0.004658940136432648 0.10735547065734863
v -0.0044761401414871215 0.005924090147018433 0.10729687690734864
v -0.0029025599360466003 0.006834160089492798 0.10723828315734864
v -0.0011550000309944154 0.007334619760513306 0.10717968940734864
v 0.0006617800146341324 0.007395449876785278 0.10712108612060547
v 0.002438890039920807 0.007013019919395447 0.10706250190734863
v 0.004069829881191254 0.00621025025844574 0.10700390815734863
v 0.005456820130348206 0.005035250186920166 0.10694531440734864
v 0.006516749858856201 0.0035584500432014467 0.10688672065734864
v 0.007186089754104614 0.0018683600425720215 0.10682812690734864
v 0.007424700260162354 6.628999952226877e-05 0.10676953315734863
v 0.007218300104141235 -0.0017397500574588777 0.10671093940734863
v 0.00657925009727478 -0.0034415200352668762 0.10665233612060547
v 0.005545859932899475 -0.004937010109424591 0.10659375190734864
v 0.0041800600290298464 -0.006136590242385865 0.10653515815734864
v 0.0025637200474739074 -0.006968349814414979 0.10647656440734864
v 0.0007937200367450714 -0.007382450103759766 0.10641797065734863
v -0.001023859977722168 -0.0073540699481964115 0.10635937690734863
v -0.0027800700068473815 -0.0068848997354507445 0.10630078315734863
v -0.004369649887084961 -0.006003069877624512 0.10624218940734864
v -0.005697320103645325 -0.0047614300251007085 0.10618358612060547
v -0.006683509945869446 -0.0032343998551368713 0.10612500190734864
v -0.0072691100835800175 -0.0015135100483894348 0.10606640815734864
v -0.007419009804725647 0.00029810000211000443 0.10600781440734863
v -0.007124239802360535 0.00209184005856514 0.10594922065734863
v -0.006402459740638733 0.0037602001428604127 0.10589062690734863
v -0.005296930074691773 0.0052031797170639035 0.10583203315734864
v -0.0038739201426506043 0.00633430004119873 0.10577343940734864
v -0.002218720018863678 0.007085760235786438 0.10571483612060548
v -0.0004305199906229973 0.0074125099182128906 0.10565625190734863
v 0.0013834699988365174 0.0072949701547622686 0.10559765815734863
v 0.0031145399808883666 0.00674019992351532 0.10553906440734863
v 0.004658940136432648 0.005781430006027222 0.10548047065734864
v 0.005924090147018433 0.0044761401414871215 0.10542187690734864
v 0.006834160089492798 0.0029025599360466003 0.10536328315734864
v 0.007334619760513306 0.0011550000309944154 0.10530468940734863
v 0.007395449876785278 -0.0006617800146341324 0.10524608612060547
v 0.007013019919395447 -0.002438890039920807 0.10518750190734863
v 0.00621025025844574 -0.004069829881191254 0.10512890815734864
v 0.005035250186920166 -0.005456820130348206 0.10507031440734864
v 0.0035584500432014467 -0.006516749858856201 0.10501172065734864
v 0.0018683600425720215 -0.007186089754104614 0.10495312690734863
v 6.628999952226877e-05 -0.007424700260162354 0.10489453315734863
v -0.0017397500574588777 -0.007218300104141235 0.10483593940734863
v -0.0034415200352668762 -0.00657925009727478 0.10477733612060547
v -0.004937010109424591 -0.005545859932899475 0.10471875190734864
v -0.006136590242385865 -0.0041800600290298464 0.10466015815734864
v -0.006968349814414979 -0.0025637200474739074 0.10460156440734864
v -0.007382450103759766 -0.0007937200367450714 0.10454297065734863
v -0.0073540699481964115 0.001023859977722168 0.10448437690734863
v -0.0068848997354507445 0.0027800700068473815 0.10442578315734863
v -0.006003069877624512 0.004369649887084961 0.10436718940734864
v -0.0047614300251007085 0.005697320103645325 0.10430858612060546
v -0.0032343998551368713 0.006683509945869446 0.10425000190734864
v -0.0015135100483894348 0.0072691100835800175 0.10419140815734863
v 0.00029810000211000443 0.007419009804725647 0.10413281440734863
v 0.00209184005856514 0.007124239802360535 0.10407422065734863
v 0.0037602001428604127 0.006402459740638733 0.10401562690734864
v 0.0052031797170639035 0.005296930074691773 0.10395703315734864
v 0.00633430004119873 0.0038739201426506043 0.10389843940734864
v 0.007085760235786438 0.002218720018863678 0.10383983612060547
v 0.0074125099182128906 0.0004305199906229973 0.10378125190734863
v 0.0072949701547622686 -0.0013834699988365174 0.10372265815734863
v 0.00674019992351532 -0.0031145399808883666 0.10366406440734864
v 0.005781430006027222 -0.004658940136432648 0.10360547065734864
v 0.0044761401414871215 -0.005924090147018433 0.10354687690734864
v 0.0029025599360466003 -0.006834160089492798 0.10348828315734863
v 0.0011550000309944154 -0.007334619760513306 0.10342968940734863
v -0.0006617800146341324 -0.007395449876785278 0.10337108612060547
v -0.002438890039920807 -0.007013019919395447 0.10331250190734864
v -0.004069829881191254 -0.00621025025844574 0.10325390815734864
v -0.005456820130348206 -0.005035250186920166 0.10319531440734864
v -0.006516749858856201 -0.0035584500432014467 0.10313672065734864
v -0.007186089754104614 -0.0018683600425720215 0.10307812690734863
v -0.007424700260162354 -6.628999952226877e-05 0.10301953315734863
v -0.007218300104141235 0.0017397500574588777 0.10296093940734863
v -0.00657925009727478 0.0034415200352668762 0.10290233612060547
v -0.005545859932899475 0.004937010109424591 0.10284375190734864
v -0.0041800600290298464 0.006136590242385865 0.10278515815734864
v -0.0025637200474739074 0.006968349814414979 0.10272656440734863
v -0.0007937200367450714 0.007382450103759766 0.10266797065734863
v 0.001023859977722168 0.0073540699481964115 0.10260937690734863
v 0.0027800700068473815 0.0068848997354507445 0.10255078315734864
v 0.004369649887084961 0.006003069877624512 0.10249218940734864
v 0.005697320103645325 0.0047614300251007085 0.10243358612060548
v 0.006683509945869446 0.0032343998551368713 0.10237500190734863
v 0.0072691100835800175 0.0015135100483894348 0.10231640815734863
v 0.007419009804725647 -0.00029810000211000443 0.10225781440734863
v 0.007124239802360535 -0.00209184005856514 0.10219922065734864
v 0.006402459740638733 -0.0037602001428604127 0.10214062690734864
v 0.005296930074691773 -0.0052031797170639035 0.10208203315734864
v 0.0038739201426506043 -0.00633430004119873 0.10202343940734863
v 0.002218720018863678 -0.007085760235786438 0.10196483612060547
v 0.0004305199906229973 -0.0074125099182128906 0.10190625190734863
v -0.0013834699988365174 -0.0072949701547622686 0.10184765815734864
v -0.0031145399808883666 -0.00674019992351532 0.10178906440734864
v -0.004658940136432648 -0.005781430006027222 0.10173047065734864
v -0.005924090147018433 -0.0044761401414871215 0.10167187690734864
v -0.006834160089492798 -0.0029025599360466003 0.10161328315734863
v -0.007334619760513306 -0.0011550000309944154 0.10155468940734863
v -0.007395449876785278 0.0006617800146341324 0.10149608612060547
v -0.007013019919395447 0.002438890039920807 0.10143750190734864
v -0.00621025025844574 0.004069829881191254 0.10137890815734864
v -0.005035250186920166 0.005456820130348206 0.10132031440734864
v -0.0035584500432014467 0.006516749858856201 0.10126172065734863
v -0.0018683600425720215 0.007186089754104614 0.10120312690734863
v -6.628999952226877e-05 0.007424700260162354 0.10114453315734863
v 0.0017397500574588777 0.007218300104141235 0.10108593940734864
v 0.0034415200352668762 0.00657925009727478 0.10102733612060547
v 0.004937010109424591 0.005545859932899475 0.10096875190734864
v 0.006136590242385865 0.0041800600290298464 0.10091015815734863
v 0.006968349814414979 0.0025637200474739074 0.10085156440734863
v 0.007382450103759766 0.0007937200367450714 0.10079297065734863
v 0.0073540699481964115 -0.001023859977722168 0.10073437690734864
v 0.0068848997354507445 -0.0027800700068473815 0.10067578315734864
v 0.006003069877624512 -0.004369649887084961 0.10061718940734864
v 0.0047614300251007085 -0.005697320103645325 0.10055858612060548
v 0.0032343998551368713 -0.006683509945869446 0.10050000190734863
v 0.0015135100483894348 -0.0072691100835800175 0.10044140815734863
v -0.00029810000211000443 -0.007419009804725647 0.10038281440734864
v -0.00209184005856514 -0.007124239802360535 0.10032422065734864
v -0.0037602001428604127 -0.006402459740638733 0.10026562690734864
v -0.0052031797170639035 -0.005296930074691773 0.10020703315734864
v -0.00633430004119873 -0.0038739201426506043 0.10014843940734863
v -0.007085760235786438 -0.002218720018863678 0.10008983612060547
v -0.0074125099182128906 -0.0004305199906229973 0.10003125190734863
v -0.0072949701547622686 0.0013834699988365174 0.09997265815734864
v -0.00674019992351532 0.0031145399808883666 0.09991406440734864
v -0.005781430006027222 0.004658940136432648 0.09985547065734864
v -0.0044761401414871215 0.005924090147018433 0.09979687690734863
v -0.0029025599360466003 0.006834160089492798 0.09973828315734863
v -0.0011550000309944154 0.007334619760513306 0.09967968940734863
v 0.0006617800146341324 0.007395449876785278 0.09962108612060547
v 0.002438890039920807 0.007013019919395447 0.09956250190734864
v 0.004069829881191254 0.00621025025844574 0.09950390815734864
v 0.005456820130348206 0.005035250186920166 0.09944531440734863
v 0.006516749858856201 0.0035584500432014467 0.09938672065734863
v 0.007186089754104614 0.0018683600425720215 0.09932812690734863
v 0.007424700260162354 6.628999952226877e-05 0.09926953315734864
v 0.007218300104141235 -0.0017397500574588777 0.09921093940734864
v 0.00657925009727478 -0.0034415200352668762 0.09915233612060548
v 0.005545859932899475 -0.004937010109424591 0.09909375190734863
v 0.0041800600290298464 -0.006136590242385865 0.09903515815734863
v 0.0025637200474739074 -0.006968349814414979 0.09897656440734863
v 0.0007937200367450714 -0.007382450103759766 0.09891797065734864
v -0.001023859977722168 -0.0073540699481964115 0.09885937690734864
v -0.0027800700068473815 -0.0068848997354507445 0.09880078315734864
v -0.004369649887084961 -0.006003069877624512 0.09874218940734864
v -0.005697320103645325 -0.0047614300251007085 0.09868358612060547
v -0.006683509945869446 -0.0032343998551368713 0.09862500190734863
v -0.0072691100835800175 -0.0015135100483894348 0.09856640815734863
v -0.007419009804725647 0.00029810000211000443 0.09850781440734864
v -0.007124239802360535 0.00209184005856514 0.09844922065734864
v -0.006402459740638733 0.0037602001428604127 0.09839062690734864
v -0.005296930074691773 0.0052031797170639035 0.09833203315734863
v -0.0038739201426506043 0.00633430004119873 0.09827343940734863
v -0.002218720018863678 0.007085760235786438 0.09821483612060547
v -0.0004305199906229973 0.0074125099182128906 0.09815625190734864
v 0.0013834699988365174 0.0072949701547622686 0.09809765815734864
v 0.0031145399808883666 0.00674019992351532 0.09803906440734864
v 0.004658940136432648 0.005781430006027222 0.09798047065734863
v 0.005924090147018433 0.0044761401414871215 0.09792187690734863
v 0.006834160089492798 0.0029025599360466003 0.09786328315734863
v 0.007334619760513306 0.0011550000309944154 0.09780468940734864
v 0.007395449876785278 -0.0006617800146341324 0.09774608612060547
v 0.007013019919395447 -0.002438890039920807 0.09768750190734864
v 0.00621025025844574 -0.004069829881191254 0.09762890815734863
v 0.005035250186920166 -0.005456820130348206 0.09757031440734863
v 0.0035584500432014467 -0.006516749858856201 0.09751172065734863
v 0.0018683600425720215 -0.007186089754104614 0.09745312690734864
v 6.628999952226877e-05 -0.007424700260162354 0.09739453315734864
v -0.0017397500574588777 -0.007218300104141235 0.09733593940734864
v -0.0034415200352668762 -0.00657925009727478 0.09727733612060548
v -0.004937010109424591 -0.005545859932899475 0.09721875190734863
v -0.006136590242385865 -0.0041800600290298464 0.09716015815734863
v -0.006968349814414979 -0.0025637200474739074 0.09710156440734863
v -0.007382450103759766 -0.0007937200367450714 0.09704297065734864
v -0.0073540699481964115 0.001023859977722168 0.09698437690734864
v -0.0068848997354507445 0.0027800700068473815 0.09692578315734864
v -0.006003069877624512 0.004369649887084961 0.09686718940734863
v -0.0047614300251007085 0.005697320103645325 0.09680858612060547
v -0.0032343998551368713 0.006683509945869446 0.09675000190734863
v -0.0015135100483894348 0.0072691100835800175 0.09669140815734864
v 0.00029810000211000443 0.007419009804725647 0.09663281440734864
v 0.00209184005856514 0.007124239802360535 0.09657422065734864
v 0.0037602001428604127 0.006402459740638733 0.09651562690734863
v 0.0052031797170639035 0.005296930074691773 0.09645703315734863
v 0.00633430004119873 0.0038739201426506043 0.09639843940734863
v 0.007085760235786438 0.002218720018863678 0.09633983612060547
v 0.0074125099182128906 0.0004305199906229973 0.09628125190734864
v 0.0072949701547622686 -0.0013834699988365174 0.09622265815734864
v 0.00674019992351532 -0.0031145399808883666 0.09616406440734863
v 0.005781430006027222 -0.004658940136432648 0.09610547065734863
v 0.0044761401414871215 -0.005924090147018433 0.09604687690734863
v 0.0029025599360466003 -0.006834160089492798 0.09598828315734864
v 0.0011550000309944154 -0.007334619760513306 0.09592968940734864
v -0.0006617800146341324 -0.007395449876785278 0.09587108612060546
v -0.002438890039920807 -0.007013019919395447 0.09581250190734864
v -0.004069829881191254 -0.00621025025844574 0.09575390815734863
v -0.005456820130348206 -0.005035250186920166 0.09569531440734863
v -0.006516749858856201 -0.0035584500432014467 0.09563672065734863
v -0.007186089754104614 -0.0018683600425720215 0.09557812690734864
v -0.007424700260162354 -6.628999952226877e-05 0.09551953315734864
v -0.007218300104141235 0.0017397500574588777 0.09546093940734864
v -0.00657925009727478 0.0034415200352668762 0.09540233612060547
v -0.005545859932899475 0.004937010109424591 0.09534375190734863
v -0.0041800600290298464 0.006136590242385865 0.09528515815734863
v -0.0025637200474739074 0.006968349814414979 0.09522656440734864
v -0.0007937200367450714 0.007382450103759766 0.09516797065734864
v 0.001023859977722168 0.0073540699481964115 0.09510937690734864
v 0.0027800700068473815 0.0068848997354507445 0.09505078315734863
v 0.004369649887084961 0.006003069877624512 0.09499218940734863
v 0.005697320103645325 0.0047614300251007085 0.09493358612060547
v 0.006683509945869446 0.0032343998551368713 0.09487500190734864
v 0.0072691100835800175 0.0015135100483894348 0.09481640815734864
v 0.007419009804725647 -0.00029810000211000443 0.09475781440734864
v 0.007124239802360535 -0.00209184005856514 0.09469922065734863
v 0.006402459740638733 -0.0037602001428604127 0.09464062690734863
v 0.005296930074691773 -0.0052031797170639035 0.09458203315734863
v 0.0038739201426506043 -0.00633430004119873 0.09452343940734864
v 0.002218720018863678 -0.007085760235786438 0.09446483612060547
v 0.0004305199906229973 -0.0074125099182128906 0.09440625190734864
v -0.0013834699988365174 -0.0072949701547622686 0.09434765815734864
v -0.0031145399808883666 -0.00674019992351532 0.09428906440734863
v -0.004658940136432648 -0.005781430006027222 0.09423047065734863
v -0.005924090147018433 -0.0044761401414871215 0.09417187690734863
v -0.006834160089492798 -0.0029025599360466003 0.09411328315734864
v -0.007334619760513306 -0.0011550000309944154 0.09405468940734864
v -0.007395449876785278 0.0006617800146341324 0.09399608612060548
v -0.007013019919395447 0.002438890039920807 0.09393750190734863
v -0.00621025025844574 0.004069829881191254 0.09387890815734863
v -0.005035250186920166 0.005456820130348206 0.09382031440734863
v -0.0035584500432014467 0.006516749858856201 0.09376172065734864
v -0.0018683600425720215 0.007186089754104614 0.09370312690734864
v -6.628999952226877e-05 0.007424700260162354 0.09364453315734864
v 0.0017397500574588777 0.007218300104141235 0.09358593940734863
v 0.0034415200352668762 0.00657925009727478 0.09352733612060547
v 0.004937010109424591 0.005545859932899475 0.09346875190734863
v 0.006136590242385865 0.0041800600290298464 0.09341015815734864
v 0.006968349814414979 0.0025637200474739074 0.09335156440734864
v 0.007382450103759766 0.0007937200367450714 0.09329297065734864
v 0.0073540699481964115 -0.001023859977722168 0.09323437690734863
v 0.0068848997354507445 -0.0027800700068473815 0.09317578315734863
v 0.006003069877624512 -0.004369649887084961 0.09311718940734863
v 0.0047614300251007085 -0.005697320103645325 0.09305858612060547
v 0.0016591499745845794 -0.0072372502088546755 0.15300000190734864
v 0.0 -0.007425000071525574 0.15300000190734864
v -0.0016591499745845794 -0.0072372502088546755 0.15300000190734864
v -0.0016591499745845794 -0.0072372502088546755 0.09300000190734864
v 0.0 -0.007425000071525574 0.09300000190734864
v 0.0016591499745845794 -0.0072372502088546755 0.09300000190734864
v -0.014725860357284546 0.0 0.17100000381469727
v -0.014224090576171876 -0.0038113299012184146 0.17100000381469727
v -0.012752970457077026 -0.007362930178642273 0.17100000381469727
v -0.010412759780883789 -0.010412750244140625 0.17100000381469727
v -0.007362930178642273 -0.012752970457077026 0.17100000381469727
v -0.0038113299012184146 -0.014224090576171876 0.17100000381469727
v 0.0 -0.014725860357284546 0.17100000381469727
v 0.0038113299012184146 -0.014224090576171876 0.17100000381469727
v 0.007362930178642273 -0.012752970457077026 0.17100000381469727
v 0.010412750244140625 -0.010412759780883789 0.17100000381469727
v 0.012752970457077026 -0.007362930178642273 0.17100000381469727
v 0.014224090576171876 -0.0038113299012184146 0.17100000381469727
v 0.014725860357284546 0.0 0.17100000381469727
v 0.014224090576171876 0.0038113299012184146 0.17100000381469727
v 0.012752970457077026 0.007362930178642273 0.17100000381469727
v 0.010412759780883789 0.010412750244140625 0.17100000381469727
v 0.007362930178642273 0.012752970457077026 0.17100000381469727
v 0.0038113299012184146 0.014224090576171876 0.17100000381469727
v 0.0 0.014725860357284546 0.17100000381469727
v -0.0038113299012184146 0.014224090576171876 0.17100000381469727
v -0.007362930178642273 0.012752970457077026 0.17100000381469727
v -0.010412750244140625 0.010412759780883789 0.17100000381469727
v -0.012752970457077026 0.007362930178642273 0.17100000381469727
v -0.014224090576171876 0.0038113299012184146 0.17100000381469727
v -0.00789430022239685 0.004312669932842255 0.17100000381469727
v -0.006509100198745728 0.006208919882774353 0.17100000381469727
v -0.004680320024490357 0.007682030200958252 0.17100000381469727
v -0.00253259003162384 0.008631629943847656 0.17100000381469727
v -0.00021226000040769577 0.008992999792098999 0.17100000381469727
v 0.002122530043125153 0.008741509914398194 0.17100000381469727
v 0.004312669932842255 0.00789430022239685 0.17100000381469727
v 0.006208919882774353 0.006509100198745728 0.17100000381469727
v 0.007682030200958252 0.004680320024490357 0.17100000381469727
v 0.008631629943847656 0.00253259003162384 0.17100000381469727
v 0.008992999792098999 0.00021226000040769577 0.17100000381469727
v 0.008741509914398194 -0.002122530043125153 0.17100000381469727
v 0.00789430022239685 -0.004312669932842255 0.17100000381469727
v 0.006509100198745728 -0.006208919882774353 0.17100000381469727
v 0.004680320024490357 -0.007682030200958252 0.17100000381469727
v 0.00253259003162384 -0.008631629943847656 0.17100000381469727
v 0.00021226000040769577 -0.008992999792098999 0.17100000381469727
v -0.002122530043125153 -0.008741509914398194 0.17100000381469727
v -0.004312669932842255 -0.00789430022239685 0.17100000381469727
v -0.006208919882774353 -0.006509100198745728 0.17100000381469727
v -0.007682030200958252 -0.004680320024490357 0.17100000381469727
v -0.008631629943847656 -0.00253259003162384 0.17100000381469727
v -0.008992999792098999 -0.00021226000040769577 0.17100000381469727
v -0.008741509914398194 0.002122530043125153 0.17100000381469727
v 0.021220030784606932 -0.04452462196350098 0.15988691329956056
v 0.02154984951019287 -0.04464157104492188 0.16091779708862305
v 0.021661550998687745 -0.04468118190765381 0.16200000762939454
v 0.02154984951019287 -0.04464157104492188 0.1630821990966797
v 0.021220030784606932 -0.04452462196350098 0.1641130828857422
v 0.018748669624328612 -0.04946582794189453 0.1641130828857422
v 0.015148370265960694 -0.053656420707702636 0.1641130828857422
v 0.010635919570922851 -0.0568440580368042 0.1641130828857422
v 0.0054830402135849 -0.05883679866790772 0.1641130828857422
v 0.0 -0.05951465129852295 0.1641130828857422
v -0.0054830402135849 -0.05883679866790772 0.1641130828857422
v -0.010635919570922851 -0.0568440580368042 0.1641130828857422
v -0.015148370265960694 -0.053656420707702636 0.1641130828857422
v -0.018748669624328612 -0.04946582794189453 0.1641130828857422
v -0.021220030784606932 -0.04452462196350098 0.1641130828857422
v -0.02154984951019287 -0.04464157104492188 0.1630821990966797
v -0.021661550998687745 -0.04468118190765381 0.16200000762939454
v -0.02154984951019287 -0.04464157104492188 0.16091779708862305
v -0.021220030784606932 -0.04452462196350098 0.15988691329956056
v -0.018748669624328612 -0.04946582794189453 0.15988691329956056
v -0.015148370265960694 -0.053656420707702636 0.15988691329956056
v -0.010635919570922851 -0.0568440580368042 0.15988691329956056
v -0.0054830402135849 -0.05883679866790772 0.15988691329956056
v 0.0 -0.05951465129852295 0.15988691329956056
v 0.0054830402135849 -0.05883679866790772 0.15988691329956056
v 0.010635919570922851 -0.0568440580368042 0.15988691329956056
v 0.015148370265960694 -0.053656420707702636 0.15988691329956056
v 0.018748669624328612 -0.04946582794189453 0.15988691329956056
v 0.019040069580078124 -0.049659590721130374 0.1630821990966797
v 0.01913877010345459 -0.049725208282470706 0.16200000762939454
v 0.019040069580078124 -0.049659590721130374 0.16091779708862305
v 0.015383820533752441 -0.05391530990600586 0.1630821990966797
v 0.01546355962753296 -0.05400299072265625 0.16200000762939454
v 0.015383820533752441 -0.05391530990600586 0.16091779708862305
v 0.01080122947692871 -0.05715249061584473 0.1630821990966797
v 0.010857219696044923 -0.057256951332092285 0.16200000762939454
v 0.01080122947692871 -0.05715249061584473 0.16091779708862305
v 0.005568259954452515 -0.05917620182037354 0.1630821990966797
v 0.005597119927406311 -0.05929114818572998 0.16200000762939454
v 0.005568259954452515 -0.05917620182037354 0.16091779708862305
v 0.0 -0.059864587783813476 0.1630821990966797
v 0.0 -0.059983110427856444 0.16200000762939454
v 0.0 -0.059864587783813476 0.16091779708862305
v -0.005568259954452515 -0.05917620182037354 0.1630821990966797
v -0.005597119927406311 -0.05929114818572998 0.16200000762939454
v -0.005568259954452515 -0.05917620182037354 0.16091779708862305
v -0.01080122947692871 -0.05715249061584473 0.1630821990966797
v -0.010857219696044923 -0.057256951332092285 0.16200000762939454
v -0.01080122947692871 -0.05715249061584473 0.16091779708862305
v -0.015383820533752441 -0.05391530990600586 0.1630821990966797
v -0.01546355962753296 -0.05400299072265625 0.16200000762939454
v -0.015383820533752441 -0.05391530990600586 0.16091779708862305
v -0.019040069580078124 -0.049659590721130374 0.1630821990966797
v -0.01913877010345459 -0.049725208282470706 0.16200000762939454
v -0.019040069580078124 -0.049659590721130374 0.16091779708862305
v 0.027949440479278564 -0.04063939094543457 0.15988691329956056
v 0.027885808944702148 -0.04098350048065186 0.16091779708862305
v 0.027864270210266114 -0.041100049018859865 0.16200000762939454
v 0.027885808944702148 -0.04098350048065186 0.1630821990966797
v 0.027949440479278564 -0.04063939094543457 0.1641130828857422
v 0.026546258926391602 -0.04054791927337647 0.1641130828857422
v 0.025160460472106932 -0.04078635215759278 0.1641130828857422
v 0.023868539333343507 -0.041341519355773924 0.1641130828857422
v 0.022741789817810058 -0.04218277931213379 0.1641130828857422
v 0.021842401027679443 -0.043263697624206544 0.1641130828857422
v 0.021842401027679443 -0.043263697624206544 0.15988691329956056
v 0.022741789817810058 -0.04218277931213379 0.15988691329956056
v 0.023868539333343507 -0.041341519355773924 0.15988691329956056
v 0.025160460472106932 -0.04078635215759278 0.15988691329956056
v 0.026546258926391602 -0.04054791927337647 0.15988691329956056
v 0.026564669609069825 -0.04089737892150879 0.1630821990966797
v 0.026570909023284912 -0.04101573944091797 0.16200000762939454
v 0.026564669609069825 -0.04089737892150879 0.16091779708862305
v 0.025259900093078613 -0.04112186908721924 0.1630821990966797
v 0.0252935791015625 -0.04123549938201904 0.16200000762939454
v 0.025259900093078613 -0.04112186908721924 0.16091779708862305
v 0.024043509960174562 -0.0416445779800415 0.1630821990966797
v 0.024102768898010253 -0.04174722194671631 0.16200000762939454
v 0.024043509960174562 -0.0416445779800415 0.16091779708862305
v 0.022982630729675293 -0.042436652183532715 0.1630821990966797
v 0.023064210414886474 -0.04252263069152832 0.16200000762939454
v 0.022982630729675293 -0.042436652183532715 0.16091779708862305
v 0.02213582992553711 -0.043454370498657226 0.1630821990966797
v 0.02223521947860718 -0.04351894855499268 0.16200000762939454
v 0.02213582992553711 -0.043454370498657226 0.16091779708862305
v 0.019579770565032958 -0.04394298076629639 0.1678452491760254
v 0.017299439907073975 -0.0485022497177124 0.1678452491760254
v 0.013977440595626832 -0.05236892223358154 0.1678452491760254
v 0.00981378972530365 -0.05531015872955322 0.1678452491760254
v 0.005059210062026978 -0.05714887142181396 0.1678452491760254
v 0.0 -0.057774319648742675 0.1678452491760254
v -0.005059210062026978 -0.05714887142181396 0.1678452491760254
v -0.00981378972530365 -0.05531015872955322 0.1678452491760254
v -0.013977440595626832 -0.05236892223358154 0.1678452491760254
v -0.017299439907073975 -0.0485022497177124 0.1678452491760254
v -0.019579770565032958 -0.04394298076629639 0.1678452491760254
v -0.021842401027679443 -0.043263697624206544 0.1641130828857422
v -0.022741789817810058 -0.04218277931213379 0.1641130828857422
v -0.023868539333343507 -0.041341519355773924 0.1641130828857422
v -0.025160460472106932 -0.04078635215759278 0.1641130828857422
v -0.026546258926391602 -0.04054791927337647 0.1641130828857422
v -0.027949440479278564 -0.04063939094543457 0.1641130828857422
v -0.027885808944702148 -0.04098350048065186 0.1630821990966797
v -0.027864270210266114 -0.041100049018859865 0.16200000762939454
v -0.027885808944702148 -0.04098350048065186 0.16091779708862305
v -0.027949440479278564 -0.04063939094543457 0.15988691329956056
v -0.026546258926391602 -0.04054791927337647 0.15988691329956056
v -0.025160460472106932 -0.04078635215759278 0.15988691329956056
v -0.023868539333343507 -0.041341519355773924 0.15988691329956056
v -0.022741789817810058 -0.04218277931213379 0.15988691329956056
v -0.021842401027679443 -0.043263697624206544 0.15988691329956056
v -0.02213582992553711 -0.043454370498657226 0.1630821990966797
v -0.02223521947860718 -0.04351894855499268 0.16200000762939454
v -0.02213582992553711 -0.043454370498657226 0.16091779708862305
v -0.022982630729675293 -0.042436652183532715 0.1630821990966797
v -0.023064210414886474 -0.04252263069152832 0.16200000762939454
v -0.022982630729675293 -0.042436652183532715 0.16091779708862305
v -0.024043509960174562 -0.0416445779800415 0.1630821990966797
v -0.024102768898010253 -0.04174722194671631 0.16200000762939454
v -0.024043509960174562 -0.0416445779800415 0.16091779708862305
v -0.025259900093078613 -0.04112186908721924 0.1630821990966797
v -0.0252935791015625 -0.04123549938201904 0.16200000762939454
v -0.025259900093078613 -0.04112186908721924 0.16091779708862305
v -0.026564669609069825 -0.04089737892150879 0.1630821990966797
v -0.026570909023284912 -0.04101573944091797 0.16200000762939454
v -0.026564669609069825 -0.04089737892150879 0.16091779708862305
v 0.019579770565032958 -0.04394298076629639 0.1561547565460205
v -0.019579770565032958 -0.04394298076629639 0.1561547565460205
v -0.017299439907073975 -0.0485022497177124 0.1561547565460205
v -0.013977440595626832 -0.05236892223358154 0.1561547565460205
v -0.00981378972530365 -0.05531015872955322 0.1561547565460205
v -0.005059210062026978 -0.05714887142181396 0.1561547565460205
v 0.0 -0.057774319648742675 0.1561547565460205
v 0.005059210062026978 -0.05714887142181396 0.1561547565460205
v 0.00981378972530365 -0.05531015872955322 0.1561547565460205
v 0.013977440595626832 -0.05236892223358154 0.1561547565460205
v 0.017299439907073975 -0.0485022497177124 0.1561547565460205
v 0.04916946887969971 -0.0038852301239967347 0.15988691329956056
v 0.04943565845489502 -0.003658069968223572 0.16091779708862305
v 0.049525818824768066 -0.0035811400413513182 0.16200000762939454
v 0.04943565845489502 -0.003658069968223572 0.1630821990966797
v 0.04916946887969971 -0.0038852301239967347 0.1641130828857422
v 0.052213001251220706 -0.008496090173721313 0.1641130828857422
v 0.05404201030731201 -0.01370934009552002 0.1641130828857422
v 0.05454636096954346 -0.019211050271987915 0.1641130828857422
v 0.0536956787109375 -0.024669950008392335 0.1641130828857422
v 0.051541199684143064 -0.029757320880889893 0.1641130828857422
v 0.04821263790130615 -0.03416685104370117 0.1641130828857422
v 0.0439104413986206 -0.03763300895690918 0.1641130828857422
v 0.03889364004135132 -0.03994708061218262 0.1641130828857422
v 0.0334643292427063 -0.040969738960266115 0.1641130828857422
v 0.0334643292427063 -0.040969738960266115 0.15988691329956056
v 0.03889364004135132 -0.03994708061218262 0.15988691329956056
v 0.0439104413986206 -0.03763300895690918 0.15988691329956056
v 0.04821263790130615 -0.03416685104370117 0.15988691329956056
v 0.051541199684143064 -0.029757320880889893 0.15988691329956056
v 0.0536956787109375 -0.024669950008392335 0.15988691329956056
v 0.05454636096954346 -0.019211050271987915 0.15988691329956056
v 0.05404201030731201 -0.01370934009552002 0.15988691329956056
v 0.052213001251220706 -0.008496090173721313 0.15988691329956056
v 0.05252649784088135 -0.008340610265731812 0.1630821990966797
v 0.05263267993927002 -0.00828794002532959 0.16200000762939454
v 0.05252649784088135 -0.008340610265731812 0.16091779708862305
v 0.05438394069671631 -0.013634879589080811 0.1630821990966797
v 0.05449974060058594 -0.013609659671783448 0.16200000762939454
v 0.05438394069671631 -0.013634879589080811 0.16091779708862305
v 0.054896121025085454 -0.019222099781036377 0.1630821990966797
v 0.05501459121704102 -0.019225850105285644 0.16200000762939454
v 0.054896121025085454 -0.019222099781036377 0.16091779708862305
v 0.05403223037719727 -0.024765849113464355 0.1630821990966797
v 0.05414620876312256 -0.02479832887649536 0.16200000762939454
v 0.05403223037719727 -0.024765849113464355 0.16091779708862305
v 0.05184425830841065 -0.02993230104446411 0.1630821990966797
v 0.05194690227508545 -0.029991559982299805 0.16200000762939454
v 0.05184425830841065 -0.02993230104446411 0.16091779708862305
v 0.048463959693908695 -0.034410359859466555 0.1630821990966797
v 0.04854907989501953 -0.034492828845977784 0.16200000762939454
v 0.048463959693908695 -0.034410359859466555 0.16091779708862305
v 0.04409489154815674 -0.03793039083480835 0.1630821990966797
v 0.04415736198425293 -0.03803111076354981 0.16200000762939454
v 0.04409489154815674 -0.03793039083480835 0.16091779708862305
v 0.03900012016296387 -0.04028042793273926 0.1630821990966797
v 0.03903618097305298 -0.04039332866668701 0.16200000762939454
v 0.03900012016296387 -0.04028042793273926 0.16091779708862305
v 0.03348643064498901 -0.04131897926330567 0.1630821990966797
v 0.03349390983581543 -0.04143725872039795 0.16200000762939454
v 0.03348643064498901 -0.04131897926330567 0.16091779708862305
v 0.028265860080718994 -0.038928070068359376 0.1678452491760254
v 0.0264546799659729 -0.038810009956359866 0.1678452491760254
v 0.024665939807891845 -0.03911776065826416 0.1678452491760254
v 0.02299837112426758 -0.039834349155426024 0.1678452491760254
v 0.02154400110244751 -0.04092021942138672 0.1678452491760254
v 0.02038311004638672 -0.042315430641174316 0.1678452491760254
v 0.028265860080718994 -0.038928070068359376 0.1561547565460205
v 0.02038311004638672 -0.042315430641174316 0.1561547565460205
v 0.02154400110244751 -0.04092021942138672 0.1561547565460205
v 0.02299837112426758 -0.039834349155426024 0.1561547565460205
v 0.024665939807891845 -0.03911776065826416 0.1561547565460205
v 0.0264546799659729 -0.038810009956359866 0.1561547565460205
v -0.02038311004638672 -0.042315430641174316 0.1678452491760254
v -0.02154400110244751 -0.04092021942138672 0.1678452491760254
v -0.02299837112426758 -0.039834349155426024 0.1678452491760254
v -0.024665939807891845 -0.03911776065826416 0.1678452491760254
v -0.0264546799659729 -0.038810009956359866 0.1678452491760254
v -0.028265860080718994 -0.038928070068359376 0.1678452491760254
v -0.017871379852294922 -0.04333718776702881 0.16899999618530273
v -0.01829540967941284 -0.043487548828125 0.16894874572753907
v -0.018697710037231446 -0.043630208969116215 0.16879758834838868
v -0.019057650566101075 -0.04375783920288086 0.16855428695678712
v -0.01935678005218506 -0.04386391162872315 0.16823131561279298
v 0.01935678005218506 -0.04386391162872315 0.16823131561279298
v 0.019057650566101075 -0.04375783920288086 0.16855428695678712
v 0.018697710037231446 -0.043630208969116215 0.16879758834838868
v 0.01829540967941284 -0.043487548828125 0.16894874572753907
v 0.017871379852294922 -0.04333718776702881 0.16899999618530273
v 0.015790020227432252 -0.047498650550842285 0.16899999618530273
v 0.012757869958877564 -0.05102794170379639 0.16899999618530273
v 0.008957509994506837 -0.05371254920959473 0.16899999618530273
v 0.004617780148983001 -0.055390820503234864 0.16899999618530273
v 0.0 -0.055961709022521976 0.16899999618530273
v -0.004617780148983001 -0.055390820503234864 0.16899999618530273
v -0.008957509994506837 -0.05371254920959473 0.16899999618530273
v -0.012757869958877564 -0.05102794170379639 0.16899999618530273
v -0.015790020227432252 -0.047498650550842285 0.16899999618530273
v -0.017102420330047607 -0.048371257781982424 0.16823131561279298
v -0.01683812975883484 -0.04819552898406983 0.16855428695678712
v -0.01652011036872864 -0.04798408031463623 0.16879758834838868
v -0.016164660453796387 -0.0477477502822876 0.16894874572753907
v -0.013818249702453614 -0.052193889617919924 0.16823131561279298
v -0.013604710102081299 -0.05195909023284912 0.16855428695678712
v -0.013347760438919068 -0.05167655944824219 0.16879758834838868
v -0.013060569763183594 -0.05136077880859375 0.16894874572753907
v -0.009702020287513734 -0.055101628303527835 0.16823131561279298
v -0.009552090167999268 -0.05482190132141113 0.16855428695678712
v -0.009371680021286011 -0.05448530197143555 0.16879758834838868
v -0.009170039892196655 -0.05410909175872803 0.16894874572753907
v -0.005001599788665771 -0.05691938877105713 0.16823131561279298
v -0.004924300014972687 -0.05661157131195069 0.16855428695678712
v -0.00483130007982254 -0.05624116897583008 0.16879758834838868
v -0.004727349877357483 -0.055827178955078126 0.16894874572753907
v 0.0 -0.05753773212432861 0.16823131561279298
v 0.0 -0.057220349311828615 0.16855428695678712
v 0.0 -0.05683845043182373 0.16879758834838868
v 0.0 -0.056411609649658204 0.16894874572753907
v 0.005001599788665771 -0.05691938877105713 0.16823131561279298
v 0.004924300014972687 -0.05661157131195069 0.16855428695678712
v 0.00483130007982254 -0.05624116897583008 0.16879758834838868
v 0.004727349877357483 -0.055827178955078126 0.16894874572753907
v 0.009702020287513734 -0.055101628303527835 0.16823131561279298
v 0.009552090167999268 -0.05482190132141113 0.16855428695678712
v 0.009371680021286011 -0.05448530197143555 0.16879758834838868
v 0.009170039892196655 -0.05410909175872803 0.16894874572753907
v 0.013818249702453614 -0.052193889617919924 0.16823131561279298
v 0.013604710102081299 -0.05195909023284912 0.16855428695678712
v 0.013347760438919068 -0.05167655944824219 0.16879758834838868
v 0.013060569763183594 -0.05136077880859375 0.16894874572753907
v 0.017102420330047607 -0.048371257781982424 0.16823131561279298
v 0.01683812975883484 -0.04819552898406983 0.16855428695678712
v 0.01652011036872864 -0.04798408031463623 0.16879758834838868
v 0.016164660453796387 -0.0477477502822876 0.16894874572753907
v -0.0334643292427063 -0.040969738960266115 0.1641130828857422
v -0.03889364004135132 -0.03994708061218262 0.1641130828857422
v -0.0439104413986206 -0.03763300895690918 0.1641130828857422
v -0.04821263790130615 -0.03416685104370117 0.1641130828857422
v -0.051541199684143064 -0.029757320880889893 0.1641130828857422
v -0.0536956787109375 -0.024669950008392335 0.1641130828857422
v -0.05454636096954346 -0.019211050271987915 0.1641130828857422
v -0.05404201030731201 -0.01370934009552002 0.1641130828857422
v -0.052213001251220706 -0.008496090173721313 0.1641130828857422
v -0.04916946887969971 -0.0038852301239967347 0.1641130828857422
v -0.04943565845489502 -0.003658069968223572 0.1630821990966797
v -0.049525818824768066 -0.0035811400413513182 0.16200000762939454
v -0.04943565845489502 -0.003658069968223572 0.16091779708862305
v -0.04916946887969971 -0.0038852301239967347 0.15988691329956056
v -0.052213001251220706 -0.008496090173721313 0.15988691329956056
v -0.05404201030731201 -0.01370934009552002 0.15988691329956056
v -0.05454636096954346 -0.019211050271987915 0.15988691329956056
v -0.0536956787109375 -0.024669950008392335 0.15988691329956056
v -0.051541199684143064 -0.029757320880889893 0.15988691329956056
v -0.04821263790130615 -0.03416685104370117 0.15988691329956056
v -0.0439104413986206 -0.03763300895690918 0.15988691329956056
v -0.03889364004135132 -0.03994708061218262 0.15988691329956056
v -0.0334643292427063 -0.040969738960266115 0.15988691329956056
v -0.03348643064498901 -0.04131897926330567 0.1630821990966797
v -0.03349390983581543 -0.04143725872039795 0.16200000762939454
v -0.03348643064498901 -0.04131897926330567 0.16091779708862305
v -0.03900012016296387 -0.04028042793273926 0.1630821990966797
v -0.03903618097305298 -0.04039332866668701 0.16200000762939454
v -0.03900012016296387 -0.04028042793273926 0.16091779708862305
v -0.04409489154815674 -0.03793039083480835 0.1630821990966797
v -0.04415736198425293 -0.03803111076354981 0.16200000762939454
v -0.04409489154815674 -0.03793039083480835 0.16091779708862305
v -0.048463959693908695 -0.034410359859466555 0.1630821990966797
v -0.04854907989501953 -0.034492828845977784 0.16200000762939454
v -0.048463959693908695 -0.034410359859466555 0.16091779708862305
v -0.05184425830841065 -0.02993230104446411 0.1630821990966797
v -0.05194690227508545 -0.029991559982299805 0.16200000762939454
v -0.05184425830841065 -0.02993230104446411 0.16091779708862305
v -0.05403223037719727 -0.024765849113464355 0.1630821990966797
v -0.05414620876312256 -0.02479832887649536 0.16200000762939454
v -0.05403223037719727 -0.024765849113464355 0.16091779708862305
v -0.054896121025085454 -0.019222099781036377 0.1630821990966797
v -0.05501459121704102 -0.019225850105285644 0.16200000762939454
v -0.054896121025085454 -0.019222099781036377 0.16091779708862305
v -0.05438394069671631 -0.013634879589080811 0.1630821990966797
v -0.05449974060058594 -0.013609659671783448 0.16200000762939454
v -0.05438394069671631 -0.013634879589080811 0.16091779708862305
v -0.05252649784088135 -0.008340610265731812 0.1630821990966797
v -0.05263267993927002 -0.00828794002532959 0.16200000762939454
v -0.05252649784088135 -0.008340610265731812 0.16091779708862305
v -0.028265860080718994 -0.038928070068359376 0.1561547565460205
v -0.0264546799659729 -0.038810009956359866 0.1561547565460205
v -0.024665939807891845 -0.03911776065826416 0.1561547565460205
v -0.02299837112426758 -0.039834349155426024 0.1561547565460205
v -0.02154400110244751 -0.04092021942138672 0.1561547565460205
v -0.02038311004638672 -0.042315430641174316 0.1561547565460205
v -0.01935678005218506 -0.04386391162872315 0.15576868057250978
v -0.019057650566101075 -0.04375783920288086 0.15544570922851564
v -0.018697710037231446 -0.043630208969116215 0.15520240783691405
v -0.01829540967941284 -0.043487548828125 0.15505125999450683
v -0.017871379852294922 -0.04333718776702881 0.155
v -0.015790020227432252 -0.047498650550842285 0.155
v -0.012757869958877564 -0.05102794170379639 0.155
v -0.008957509994506837 -0.05371254920959473 0.155
v -0.004617780148983001 -0.055390820503234864 0.155
v 0.0 -0.055961709022521976 0.155
v 0.004617780148983001 -0.055390820503234864 0.155
v 0.008957509994506837 -0.05371254920959473 0.155
v 0.012757869958877564 -0.05102794170379639 0.155
v 0.015790020227432252 -0.047498650550842285 0.155
v 0.017871379852294922 -0.04333718776702881 0.155
v 0.01829540967941284 -0.043487548828125 0.15505125999450683
v 0.018697710037231446 -0.043630208969116215 0.15520240783691405
v 0.019057650566101075 -0.04375783920288086 0.15544570922851564
v 0.01935678005218506 -0.04386391162872315 0.15576868057250978
v -0.016164660453796387 -0.0477477502822876 0.15505125999450683
v -0.01652011036872864 -0.04798408031463623 0.15520240783691405
v -0.01683812975883484 -0.04819552898406983 0.15544570922851564
v -0.017102420330047607 -0.048371257781982424 0.15576868057250978
v -0.013060569763183594 -0.05136077880859375 0.15505125999450683
v -0.013347760438919068 -0.05167655944824219 0.15520240783691405
v -0.013604710102081299 -0.05195909023284912 0.15544570922851564
v -0.013818249702453614 -0.052193889617919924 0.15576868057250978
v -0.009170039892196655 -0.05410909175872803 0.15505125999450683
v -0.009371680021286011 -0.05448530197143555 0.15520240783691405
v -0.009552090167999268 -0.05482190132141113 0.15544570922851564
v -0.009702020287513734 -0.055101628303527835 0.15576868057250978
v -0.004727349877357483 -0.055827178955078126 0.15505125999450683
v -0.00483130007982254 -0.05624116897583008 0.15520240783691405
v -0.004924300014972687 -0.05661157131195069 0.15544570922851564
v -0.005001599788665771 -0.05691938877105713 0.15576868057250978
v 0.0 -0.056411609649658204 0.15505125999450683
v 0.0 -0.05683845043182373 0.15520240783691405
v 0.0 -0.057220349311828615 0.15544570922851564
v 0.0 -0.05753773212432861 0.15576868057250978
v 0.004727349877357483 -0.055827178955078126 0.15505125999450683
v 0.00483130007982254 -0.05624116897583008 0.15520240783691405
v 0.004924300014972687 -0.05661157131195069 0.15544570922851564
v 0.005001590251922607 -0.05691938877105713 0.15576868057250978
v 0.009170039892196655 -0.05410909175872803 0.15505125999450683
v 0.009371680021286011 -0.05448530197143555 0.15520240783691405
v 0.009552090167999268 -0.05482190132141113 0.15544570922851564
v 0.009702020287513734 -0.055101628303527835 0.15576868057250978
v 0.013060569763183594 -0.05136077880859375 0.15505125999450683
v 0.013347760438919068 -0.05167655944824219 0.15520240783691405
v 0.013604710102081299 -0.05195909023284912 0.15544570922851564
v 0.013818249702453614 -0.052193889617919924 0.15576868057250978
v 0.016164660453796387 -0.0477477502822876 0.15505125999450683
v 0.01652011036872864 -0.04798408031463623 0.15520240783691405
v 0.01683812975883484 -0.04819552898406983 0.15544570922851564
v 0.017102420330047607 -0.048371257781982424 0.15576868057250978
v 0.04916946887969971 0.0038852301239967347 0.15988691329956056
v 0.04943565845489502 0.003658069968223572 0.16091779708862305
v 0.049525818824768066 0.0035811400413513182 0.16200000762939454
v 0.04943565845489502 0.003658069968223572 0.1630821990966797
v 0.04916946887969971 0.0038852301239967347 0.1641130828857422
v 0.04838866233825684 0.0027157700061798094 0.1641130828857422
v 0.047902250289916994 0.0013964200019836426 0.1641130828857422
v 0.04773706912994385 0.0 0.1641130828857422
v 0.047902250289916994 -0.0013964200019836426 0.1641130828857422
v 0.04838866233825684 -0.0027157700061798094 0.1641130828857422
v 0.04838866233825684 -0.0027157700061798094 0.15988691329956056
v 0.047902250289916994 -0.0013964200019836426 0.15988691329956056
v 0.04773706912994385 0.0 0.15988691329956056
v 0.047902250289916994 0.0013964200019836426 0.15988691329956056
v 0.04838866233825684 0.0027157700061798094 0.15988691329956056
v 0.048700509071350095 0.0025569900870323183 0.1630821990966797
v 0.04880611896514893 0.002503210008144379 0.16200000762939454
v 0.048700509071350095 0.0025569900870323183 0.16091779708862305
v 0.048242530822753905 0.0013147799670696258 0.1630821990966797
v 0.0483577823638916 0.00128712996840477 0.16200000762939454
v 0.048242530822753905 0.0013147799670696258 0.16091779708862305
v 0.04808701038360596 0.0 0.1630821990966797
v 0.04820552825927735 0.0 0.16200000762939454
v 0.04808701038360596 0.0 0.16091779708862305
v 0.048242530822753905 -0.0013147799670696258 0.1630821990966797
v 0.0483577823638916 -0.00128712996840477 0.16200000762939454
v 0.048242530822753905 -0.0013147799670696258 0.16091779708862305
v 0.048700509071350095 -0.0025569900870323183 0.1630821990966797
v 0.04880611896514893 -0.002503210008144379 0.16200000762939454
v 0.048700509071350095 -0.0025569900870323183 0.16091779708862305
v 0.04784563064575195 -0.005014910101890564 0.1678452491760254
v 0.050653901100158695 -0.009269369840621948 0.1678452491760254
v 0.05234152793884277 -0.014079649448394776 0.1678452491760254
v 0.0528069019317627 -0.019156090021133422 0.1678452491760254
v 0.05202198028564453 -0.024193029403686523 0.1678452491760254
v 0.05003403186798096 -0.028887159824371338 0.1678452491760254
v 0.04696276187896729 -0.03295583963394165 0.1678452491760254
v 0.042993111610412596 -0.036154069900512696 0.1678452491760254
v 0.038364100456237796 -0.038289270401000976 0.1678452491760254
v 0.033354458808898924 -0.03923288106918335 0.1678452491760254
v 0.04784563064575195 -0.005014910101890564 0.1561547565460205
v 0.033354458808898924 -0.03923288106918335 0.1561547565460205
v 0.038364100456237796 -0.038289270401000976 0.1561547565460205
v 0.042993111610412596 -0.036154069900512696 0.1561547565460205
v 0.04696276187896729 -0.03295583963394165 0.1561547565460205
v 0.05003403186798096 -0.028887159824371338 0.1561547565460205
v 0.05202198028564453 -0.024193029403686523 0.1561547565460205
v 0.0528069019317627 -0.019156090021133422 0.1561547565460205
v 0.05234152793884277 -0.014079649448394776 0.1561547565460205
v 0.050653901100158695 -0.009269369840621948 0.1561547565460205
v 0.028308870792388918 -0.03869541883468628 0.16823131561279298
v 0.02836658000946045 -0.038383328914642335 0.16855428695678712
v 0.028436009883880616 -0.03800780057907104 0.16879758834838868
v 0.028513619899749758 -0.03758806943893433 0.16894874572753907
v 0.028595418930053712 -0.03714566946029663 0.16899999618530273
v 0.02635930061340332 -0.03699990034103394 0.16899999618530273
v 0.024150888919830322 -0.03737986087799072 0.16899999618530273
v 0.022092061042785646 -0.03826457977294922 0.16899999618530273
v 0.020296471118927004 -0.0396052098274231 0.16899999618530273
v 0.01886320948600769 -0.041327781677246093 0.16899999618530273
v 0.02018471956253052 -0.042186517715454105 0.16823131561279298
v 0.019918600320816042 -0.04201357841491699 0.16855428695678712
v 0.019598369598388673 -0.04180549144744873 0.16879758834838868
v 0.019240460395812987 -0.041572918891906736 0.16894874572753907
v 0.021381170749664308 -0.04074857234954834 0.16823131561279298
v 0.021162729263305664 -0.0405183219909668 0.16855428695678712
v 0.02089988946914673 -0.040241270065307616 0.16879758834838868
v 0.020606119632720948 -0.03993160009384155 0.16894874572753907
v 0.022880079746246337 -0.03962944984436035 0.16823131561279298
v 0.022721381187438966 -0.03935458898544312 0.16855428695678712
v 0.022530438899993895 -0.03902385950088501 0.16879758834838868
v 0.022317020893096923 -0.0386542010307312 0.16894874572753907
v 0.024598720073699953 -0.03889091968536377 0.16823131561279298
v 0.02450853109359741 -0.038586618900299074 0.16855428695678712
v 0.024400010108947753 -0.038220469951629636 0.16879758834838868
v 0.02427872896194458 -0.037811219692230225 0.16894874572753907
v 0.026442229747772217 -0.038573739528656004 0.16823131561279298
v 0.026425530910491945 -0.03825680017471313 0.16855428695678712
v 0.026405439376831055 -0.03787543058395386 0.16879758834838868
v 0.026382970809936523 -0.0374491810798645 0.16894874572753907
v 0.01886320948600769 -0.041327781677246093 0.155
v 0.020296471118927004 -0.0396052098274231 0.155
v 0.022092061042785646 -0.03826457977294922 0.155
v 0.024150888919830322 -0.03737987041473389 0.155
v 0.02635930061340332 -0.03699990034103394 0.155
v 0.028595418930053712 -0.03714566946029663 0.155
v 0.028513619899749758 -0.03758806943893433 0.15505125999450683
v 0.028436009883880616 -0.03800780057907104 0.15520240783691405
v 0.02836658000946045 -0.038383328914642335 0.15544570922851564
v 0.028308870792388918 -0.03869541883468628 0.15576868057250978
v 0.019240460395812987 -0.041572918891906736 0.15505125999450683
v 0.019598369598388673 -0.04180549144744873 0.15520240783691405
v 0.019918600320816042 -0.04201357841491699 0.15544570922851564
v 0.02018471956253052 -0.042186517715454105 0.15576868057250978
v 0.020606119632720948 -0.039931609630584716 0.15505125999450683
v 0.02089988946914673 -0.040241270065307616 0.15520240783691405
v 0.021162729263305664 -0.0405183219909668 0.15544570922851564
v 0.021381170749664308 -0.04074857234954834 0.15576868057250978
v 0.022317020893096923 -0.03865421056747437 0.15505125999450683
v 0.022530438899993895 -0.03902385950088501 0.15520240783691405
v 0.022721381187438966 -0.03935458898544312 0.15544570922851564
v 0.022880079746246337 -0.03962944984436035 0.15576868057250978
v 0.02427872896194458 -0.037811219692230225 0.15505125999450683
v 0.024400010108947753 -0.038220469951629636 0.15520240783691405
v 0.02450853109359741 -0.038586618900299074 0.15544570922851564
v 0.024598720073699953 -0.03889091968536377 0.15576868057250978
v 0.026382970809936523 -0.0374491810798645 0.15505125999450683
v 0.026405429840087893 -0.03787543058395386 0.15520240783691405
v 0.026425530910491945 -0.03825680017471313 0.15544570922851564
v 0.026442229747772217 -0.038573739528656004 0.15576868057250978
v -0.033354458808898924 -0.03923288106918335 0.1678452491760254
v -0.038364100456237796 -0.038289270401000976 0.1678452491760254
v -0.042993111610412596 -0.036154069900512696 0.1678452491760254
v -0.04696276187896729 -0.03295583963394165 0.1678452491760254
v -0.05003403186798096 -0.028887159824371338 0.1678452491760254
v -0.05202198028564453 -0.024193029403686523 0.1678452491760254
v -0.0528069019317627 -0.019156090021133422 0.1678452491760254
v -0.05234152793884277 -0.014079649448394776 0.1678452491760254
v -0.050653901100158695 -0.009269369840621948 0.1678452491760254
v -0.04784563064575195 -0.005014910101890564 0.1678452491760254
v -0.028595418930053712 -0.03714566946029663 0.16899999618530273
v -0.028513619899749758 -0.03758806943893433 0.16894874572753907
v -0.028436009883880616 -0.03800780057907104 0.16879758834838868
v -0.02836658000946045 -0.038383328914642335 0.16855428695678712
v -0.028308870792388918 -0.03869541883468628 0.16823131561279298
v -0.01886320948600769 -0.041327781677246093 0.16899999618530273
v -0.020296471118927004 -0.0396052098274231 0.16899999618530273
v -0.022092061042785646 -0.03826457977294922 0.16899999618530273
v -0.024150888919830322 -0.03737986087799072 0.16899999618530273
v -0.02635930061340332 -0.03699990034103394 0.16899999618530273
v -0.026442229747772217 -0.038573739528656004 0.16823131561279298
v -0.026425530910491945 -0.03825680017471313 0.16855428695678712
v -0.026405439376831055 -0.03787543058395386 0.16879758834838868
v -0.026382970809936523 -0.0374491810798645 0.16894874572753907
v -0.024598720073699953 -0.03889091968536377 0.16823131561279298
v -0.02450853109359741 -0.038586618900299074 0.16855428695678712
v -0.024400010108947753 -0.038220469951629636 0.16879758834838868
v -0.02427872896194458 -0.037811219692230225 0.16894874572753907
v -0.022880079746246337 -0.03962944984436035 0.16823131561279298
v -0.022721381187438966 -0.03935458898544312 0.16855428695678712
v -0.022530438899993895 -0.03902385950088501 0.16879758834838868
v -0.022317020893096923 -0.0386542010307312 0.16894874572753907
v -0.021381170749664308 -0.04074857234954834 0.16823131561279298
v -0.021162729263305664 -0.0405183219909668 0.16855428695678712
v -0.02089988946914673 -0.040241270065307616 0.16879758834838868
v -0.020606119632720948 -0.03993160009384155 0.16894874572753907
v -0.02018471956253052 -0.042186517715454105 0.16823131561279298
v -0.019918600320816042 -0.04201357841491699 0.16855428695678712
v -0.019598369598388673 -0.04180549144744873 0.16879758834838868
v -0.019240460395812987 -0.041572918891906736 0.16894874572753907
v -0.04838866233825684 -0.0027157700061798094 0.1641130828857422
v -0.047902250289916994 -0.0013964200019836426 0.1641130828857422
v -0.04773706912994385 0.0 0.1641130828857422
v -0.047902250289916994 0.0013964200019836426 0.1641130828857422
v -0.04838866233825684 0.0027157700061798094 0.1641130828857422
v -0.04916946887969971 0.0038852301239967347 0.1641130828857422
v -0.04943565845489502 0.003658069968223572 0.1630821990966797
v -0.049525818824768066 0.0035811400413513182 0.16200000762939454
v -0.04943565845489502 0.003658069968223572 0.16091779708862305
v -0.04916946887969971 0.0038852301239967347 0.15988691329956056
v -0.04838866233825684 0.0027157700061798094 0.15988691329956056
v -0.047902250289916994 0.0013964200019836426 0.15988691329956056
v -0.04773706912994385 0.0 0.15988691329956056
v -0.047902250289916994 -0.0013964200019836426 0.15988691329956056
v -0.04838866233825684 -0.0027157700061798094 0.15988691329956056
v -0.048700509071350095 -0.0025569900870323183 0.1630821990966797
v -0.04880611896514893 -0.002503210008144379 0.16200000762939454
v -0.048700509071350095 -0.0025569900870323183 0.16091779708862305
v -0.048242530822753905 -0.0013147799670696258 0.1630821990966797
v -0.0483577823638916 -0.00128712996840477 0.16200000762939454
v -0.048242530822753905 -0.0013147799670696258 0.16091779708862305
v -0.04808701038360596 0.0 0.1630821990966797
v -0.04820552825927735 0.0 0.16200000762939454
v -0.04808701038360596 0.0 0.16091779708862305
v -0.048242530822753905 0.0013147799670696258 0.1630821990966797
v -0.0483577823638916 0.00128712996840477 0.16200000762939454
v -0.048242530822753905 0.0013147799670696258 0.16091779708862305
v -0.048700509071350095 0.0025569900870323183 0.1630821990966797
v -0.04880611896514893 0.002503210008144379 0.16200000762939454
v -0.048700509071350095 0.0025569900870323183 0.16091779708862305
v -0.04784563064575195 -0.005014910101890564 0.1561547565460205
v -0.050653901100158695 -0.009269369840621948 0.1561547565460205
v -0.05234152793884277 -0.014079649448394776 0.1561547565460205
v -0.0528069019317627 -0.019156090021133422 0.1561547565460205
v -0.05202198028564453 -0.024193029403686523 0.1561547565460205
v -0.05003403186798096 -0.028887159824371338 0.1561547565460205
v -0.04696276187896729 -0.03295583963394165 0.1561547565460205
v -0.042993111610412596 -0.036154069900512696 0.1561547565460205
v -0.038364100456237796 -0.038289270401000976 0.1561547565460205
v -0.033354458808898924 -0.03923288106918335 0.1561547565460205
v -0.028308870792388918 -0.03869541883468628 0.15576868057250978
v -0.02836658000946045 -0.038383328914642335 0.15544570922851564
v -0.028436009883880616 -0.03800780057907104 0.15520240783691405
v -0.028513619899749758 -0.03758806943893433 0.15505125999450683
v -0.028595418930053712 -0.03714566946029663 0.155
v -0.02635930061340332 -0.03699990034103394 0.155
v -0.024150888919830322 -0.03737986087799072 0.155
v -0.022092061042785646 -0.03826457977294922 0.155
v -0.020296471118927004 -0.0396052098274231 0.155
v -0.01886320948600769 -0.041327781677246093 0.155
v -0.026382970809936523 -0.0374491810798645 0.15505125999450683
v -0.026405439376831055 -0.03787543058395386 0.15520240783691405
v -0.026425530910491945 -0.03825680017471313 0.15544570922851564
v -0.026442229747772217 -0.038573739528656004 0.15576868057250978
v -0.02427872896194458 -0.037811219692230225 0.15505125999450683
v -0.024400010108947753 -0.038220469951629636 0.15520240783691405
v -0.02450853109359741 -0.038586618900299074 0.15544570922851564
v -0.024598720073699953 -0.03889091968536377 0.15576868057250978
v -0.022317020893096923 -0.0386542010307312 0.15505125999450683
v -0.022530438899993895 -0.03902385950088501 0.15520240783691405
v -0.02272139072418213 -0.03935458898544312 0.15544570922851564
v -0.022880079746246337 -0.03962944984436035 0.15576868057250978
v -0.020606119632720948 -0.03993160009384155 0.15505125999450683
v -0.02089988946914673 -0.040241270065307616 0.15520240783691405
v -0.021162729263305664 -0.0405183219909668 0.15544570922851564
v -0.021381170749664308 -0.04074857234954834 0.15576868057250978
v -0.019240460395812987 -0.041572918891906736 0.15505125999450683
v -0.019598369598388673 -0.04180549144744873 0.15520240783691405
v -0.019918600320816042 -0.04201357841491699 0.15544570922851564
v -0.02018471956253052 -0.042186517715454105 0.15576868057250978
v 0.027949440479278564 0.04063939094543457 0.15988691329956056
v 0.027885808944702148 0.04098350048065186 0.16091779708862305
v 0.027864270210266114 0.041100049018859865 0.16200000762939454
v 0.027885808944702148 0.04098350048065186 0.1630821990966797
v 0.027949440479278564 0.04063939094543457 0.1641130828857422
v 0.0334643292427063 0.040969738960266115 0.1641130828857422
v 0.03889364004135132 0.03994708061218262 0.1641130828857422
v 0.0439104413986206 0.03763300895690918 0.1641130828857422
v 0.04821263790130615 0.03416685104370117 0.1641130828857422
v 0.051541199684143064 0.029757320880889893 0.1641130828857422
v 0.0536956787109375 0.024669950008392335 0.1641130828857422
v 0.05454636096954346 0.019211050271987915 0.1641130828857422
v 0.05404201030731201 0.01370934009552002 0.1641130828857422
v 0.052213001251220706 0.008496090173721313 0.1641130828857422
v 0.052213001251220706 0.008496090173721313 0.15988691329956056
v 0.05404201030731201 0.01370934009552002 0.15988691329956056
v 0.05454636096954346 0.019211050271987915 0.15988691329956056
v 0.0536956787109375 0.024669950008392335 0.15988691329956056
v 0.051541199684143064 0.029757320880889893 0.15988691329956056
v 0.04821263790130615 0.03416685104370117 0.15988691329956056
v 0.0439104413986206 0.03763300895690918 0.15988691329956056
v 0.03889364004135132 0.03994708061218262 0.15988691329956056
v 0.0334643292427063 0.040969738960266115 0.15988691329956056
v 0.03348643064498901 0.04131897926330567 0.1630821990966797
v 0.03349390983581543 0.04143725872039795 0.16200000762939454
v 0.03348643064498901 0.04131897926330567 0.16091779708862305
v 0.03900012016296387 0.04028042793273926 0.1630821990966797
v 0.03903618097305298 0.04039332866668701 0.16200000762939454
v 0.03900012016296387 0.04028042793273926 0.16091779708862305
v 0.04409489154815674 0.03793039083480835 0.1630821990966797
v 0.04415736198425293 0.03803111076354981 0.16200000762939454
v 0.04409489154815674 0.03793039083480835 0.16091779708862305
v 0.048463959693908695 0.034410359859466555 0.1630821990966797
v 0.04854907989501953 0.034492828845977784 0.16200000762939454
v 0.048463959693908695 0.034410359859466555 0.16091779708862305
v 0.05184425830841065 0.02993230104446411 0.1630821990966797
v 0.05194690227508545 0.029991559982299805 0.16200000762939454
v 0.05184425830841065 0.02993230104446411 0.16091779708862305
v 0.05403223037719727 0.024765849113464355 0.1630821990966797
v 0.05414620876312256 0.02479832887649536 0.16200000762939454
v 0.05403223037719727 0.024765849113464355 0.16091779708862305
v 0.054896121025085454 0.019222099781036377 0.1630821990966797
v 0.05501459121704102 0.019225850105285644 0.16200000762939454
v 0.054896121025085454 0.019222099781036377 0.16091779708862305
v 0.05438394069671631 0.013634879589080811 0.1630821990966797
v 0.05449974060058594 0.013609659671783448 0.16200000762939454
v 0.05438394069671631 0.013634879589080811 0.16091779708862305
v 0.05252649784088135 0.008340610265731812 0.1630821990966797
v 0.05263267993927002 0.00828794002532959 0.16200000762939454
v 0.05252649784088135 0.008340610265731812 0.16091779708862305
v 0.04784563064575195 0.005014910101890564 0.1678452491760254
v 0.04683778762817383 0.0035054200887680055 0.1678452491760254
v 0.04620995044708252 0.0018024499714374542 0.1678452491760254
v 0.04599674224853516 0.0 0.1678452491760254
v 0.04620995044708252 -0.0018024499714374542 0.1678452491760254
v 0.04683778762817383 -0.0035054200887680055 0.1678452491760254
v 0.04784563064575195 0.005014910101890564 0.1561547565460205
v 0.04683778762817383 -0.0035054200887680055 0.1561547565460205
v 0.04620995044708252 -0.0018024499714374542 0.1561547565460205
v 0.04599674224853516 0.0 0.1561547565460205
v 0.04620995044708252 0.0018024499714374542 0.1561547565460205
v 0.04683778762817383 0.0035054200887680055 0.1561547565460205
v 0.047665648460388184 -0.005168489813804626 0.16823131561279298
v 0.04742423057556153 -0.005374510288238526 0.16855428695678712
v 0.04713372230529785 -0.005622410178184509 0.16879758834838868
v 0.0468090295791626 -0.005899479985237122 0.16894874572753907
v 0.046466798782348634 -0.006191520094871521 0.16899999618530273
v 0.04903005123138428 -0.010074770450592041 0.16899999618530273
v 0.05057043075561524 -0.014465329647064208 0.16899999618530273
v 0.050995187759399416 -0.01909883975982666 0.16899999618530273
v 0.050278749465942386 -0.0236962890625 0.16899999618530273
v 0.04846426010131836 -0.027980849742889405 0.16899999618530273
v 0.045660967826843264 -0.03169452905654907 0.16899999618530273
v 0.04203767776489258 -0.03461370944976807 0.16899999618530273
v 0.037812559604644774 -0.03656260967254639 0.16899999618530273
v 0.03324002981185913 -0.037423880100250245 0.16899999618530273
v 0.033339529037475585 -0.038996760845184324 0.16823131561279298
v 0.0333194899559021 -0.038680009841918946 0.16855428695678712
v 0.03329538106918335 -0.03829886913299561 0.16879758834838868
v 0.03326843023300171 -0.037872889041900636 0.16894874572753907
v 0.038292109966278076 -0.038063900470733644 0.16823131561279298
v 0.03819554090499878 -0.037761569023132324 0.16855428695678712
v 0.0380793309211731 -0.037397780418396 0.16879758834838868
v 0.037949459552764894 -0.0369911789894104 0.16894874572753907
v 0.042868399620056154 -0.03595300912857056 0.16823131561279298
v 0.04270111083984375 -0.03568330049514771 0.16855428695678712
v 0.04249980926513672 -0.03535876035690308 0.16879758834838868
v 0.04227481842041016 -0.03499603033065796 0.16894874572753907
v 0.0467928409576416 -0.03279120922088623 0.16823131561279298
v 0.04656490802764893 -0.03257035970687866 0.16855428695678712
v 0.04629063129425049 -0.0323046088218689 0.16879758834838868
v 0.045984082221984864 -0.03200758934020996 0.16894874572753907
v 0.0498291301727295 -0.028768858909606933 0.16823131561279298
v 0.049554271697998045 -0.028610169887542725 0.16855428695678712
v 0.04922354221343994 -0.028419220447540285 0.16879758834838868
v 0.048853888511657714 -0.02820580005645752 0.16894874572753907
v 0.05179443836212158 -0.024128189086914064 0.16823131561279298
v 0.05148921012878418 -0.02404120922088623 0.16855428695678712
v 0.05112193107604981 -0.023936560153961183 0.16879758834838868
v 0.0507114315032959 -0.023819589614868165 0.16894874572753907
v 0.05257041931152344 -0.01914862036705017 0.16823131561279298
v 0.05225319862365723 -0.01913859009742737 0.16855428695678712
v 0.05187149047851563 -0.019126529693603515 0.16879758834838868
v 0.05144485950469971 -0.019113049507141114 0.16894874572753907
v 0.05211036205291748 -0.014129990339279174 0.16823131561279298
v 0.05180024147033691 -0.014197520017623902 0.16855428695678712
v 0.051427087783813476 -0.014278780221939086 0.16879758834838868
v 0.05101003170013428 -0.01436959981918335 0.16894874572753907
v 0.050441951751708985 -0.009374499917030335 0.16823131561279298
v 0.05015761852264405 -0.009515519738197326 0.16855428695678712
v 0.049815487861633305 -0.00968520998954773 0.16879758834838868
v 0.04943309783935547 -0.00987487018108368 0.16894874572753907
v 0.03324002981185913 -0.037423880100250245 0.155
v 0.037812559604644774 -0.03656260967254639 0.155
v 0.04203767776489258 -0.03461370944976807 0.155
v 0.045660967826843264 -0.03169452905654907 0.155
v 0.04846426010131836 -0.027980849742889405 0.155
v 0.050278749465942386 -0.0236962890625 0.155
v 0.050995187759399416 -0.01909883975982666 0.155
v 0.05057043075561524 -0.014465329647064208 0.155
v 0.04903005123138428 -0.010074770450592041 0.155
v 0.046466798782348634 -0.006191520094871521 0.155
v 0.0468090295791626 -0.005899479985237122 0.15505125999450683
v 0.04713372230529785 -0.005622410178184509 0.15520240783691405
v 0.04742423057556153 -0.005374510288238526 0.15544570922851564
v 0.047665648460388184 -0.005168489813804626 0.15576868057250978
v 0.03326843023300171 -0.037872889041900636 0.15505125999450683
v 0.03329538106918335 -0.03829886913299561 0.15520240783691405
v 0.0333194899559021 -0.038680009841918946 0.15544570922851564
v 0.033339529037475585 -0.038996760845184324 0.15576868057250978
v 0.037949459552764894 -0.0369911789894104 0.15505125999450683
v 0.0380793309211731 -0.037397780418396 0.15520240783691405
v 0.03819554090499878 -0.037761569023132324 0.15544570922851564
v 0.038292109966278076 -0.038063900470733644 0.15576868057250978
v 0.04227481842041016 -0.03499603033065796 0.15505125999450683
v 0.04249980926513672 -0.03535876035690308 0.15520240783691405
v 0.04270111083984375 -0.03568330049514771 0.15544570922851564
v 0.042868399620056154 -0.03595300912857056 0.15576868057250978
v 0.045984082221984864 -0.03200758934020996 0.15505125999450683
v 0.04629063129425049 -0.0323046088218689 0.15520240783691405
v 0.04656490802764893 -0.03257035970687866 0.15544570922851564
v 0.0467928409576416 -0.03279120922088623 0.15576868057250978
v 0.048853888511657714 -0.02820580005645752 0.15505125999450683
v 0.04922354221343994 -0.028419220447540285 0.15520240783691405
v 0.049554271697998045 -0.028610169887542725 0.15544570922851564
v 0.0498291301727295 -0.028768858909606933 0.15576868057250978
v 0.0507114315032959 -0.023819589614868165 0.15505125999450683
v 0.05112193107604981 -0.023936560153961183 0.15520240783691405
v 0.05148921012878418 -0.02404120922088623 0.15544570922851564
v 0.05179443836212158 -0.024128189086914064 0.15576868057250978
v 0.05144485950469971 -0.019113049507141114 0.15505125999450683
v 0.05187149047851563 -0.019126529693603515 0.15520240783691405
v 0.05225319862365723 -0.01913859009742737 0.15544570922851564
v 0.05257041931152344 -0.01914862036705017 0.15576868057250978
v 0.05101003170013428 -0.01436959981918335 0.15505125999450683
v 0.051427087783813476 -0.014278780221939086 0.15520240783691405
v 0.05180024147033691 -0.014197520017623902 0.15544570922851564
v 0.05211036205291748 -0.014129990339279174 0.15576868057250978
v 0.04943309783935547 -0.00987487018108368 0.15505125999450683
v 0.049815487861633305 -0.00968520998954773 0.15520240783691405
v 0.05015761852264405 -0.009515519738197326 0.15544570922851564
v 0.050441951751708985 -0.009374499917030335 0.15576868057250978
v -0.04683778762817383 -0.0035054200887680055 0.1678452491760254
v -0.04620995044708252 -0.0018024499714374542 0.1678452491760254
v -0.04599674224853516 0.0 0.1678452491760254
v -0.04620995044708252 0.0018024499714374542 0.1678452491760254
v -0.04683778762817383 0.0035054200887680055 0.1678452491760254
v -0.04784563064575195 0.005014910101890564 0.1678452491760254
v -0.046466798782348634 -0.006191520094871521 0.16899999618530273
v -0.0468090295791626 -0.005899479985237122 0.16894874572753907
v -0.04713372230529785 -0.005622410178184509 0.16879758834838868
v -0.04742423057556153 -0.005374510288238526 0.16855428695678712
v -0.047665648460388184 -0.005168489813804626 0.16823131561279298
v -0.03324002981185913 -0.037423880100250245 0.16899999618530273
v -0.037812559604644774 -0.03656260967254639 0.16899999618530273
v -0.04203767776489258 -0.03461370944976807 0.16899999618530273
v -0.045660967826843264 -0.03169452905654907 0.16899999618530273
v -0.04846426010131836 -0.027980849742889405 0.16899999618530273
v -0.050278749465942386 -0.0236962890625 0.16899999618530273
v -0.050995187759399416 -0.01909883975982666 0.16899999618530273
v -0.05057043075561524 -0.014465329647064208 0.16899999618530273
v -0.04903005123138428 -0.010074770450592041 0.16899999618530273
v -0.050441951751708985 -0.009374499917030335 0.16823131561279298
v -0.05015761852264405 -0.009515519738197326 0.16855428695678712
v -0.049815487861633305 -0.00968520998954773 0.16879758834838868
v -0.04943309783935547 -0.00987487018108368 0.16894874572753907
v -0.05211036205291748 -0.014129990339279174 0.16823131561279298
v -0.05180024147033691 -0.014197520017623902 0.16855428695678712
v -0.051427087783813476 -0.014278780221939086 0.16879758834838868
v -0.05101003170013428 -0.01436959981918335 0.16894874572753907
v -0.05257041931152344 -0.01914862036705017 0.16823131561279298
v -0.05225319862365723 -0.01913859009742737 0.16855428695678712
v -0.05187149047851563 -0.019126529693603515 0.16879758834838868
v -0.05144485950469971 -0.019113049507141114 0.16894874572753907
v -0.05179443836212158 -0.024128189086914064 0.16823131561279298
v -0.05148921012878418 -0.02404120922088623 0.16855428695678712
v -0.05112193107604981 -0.023936560153961183 0.16879758834838868
v -0.0507114315032959 -0.023819589614868165 0.16894874572753907
v -0.0498291301727295 -0.028768858909606933 0.16823131561279298
v -0.049554271697998045 -0.028610169887542725 0.16855428695678712
v -0.04922354221343994 -0.028419220447540285 0.16879758834838868
v -0.048853888511657714 -0.02820580005645752 0.16894874572753907
v -0.0467928409576416 -0.03279120922088623 0.16823131561279298
v -0.04656490802764893 -0.03257035970687866 0.16855428695678712
v -0.04629063129425049 -0.0323046088218689 0.16879758834838868
v -0.045984082221984864 -0.03200758934020996 0.16894874572753907
v -0.042868399620056154 -0.03595300912857056 0.16823131561279298
v -0.04270111083984375 -0.03568330049514771 0.16855428695678712
v -0.04249980926513672 -0.03535876035690308 0.16879758834838868
v -0.04227481842041016 -0.03499603033065796 0.16894874572753907
v -0.038292109966278076 -0.038063900470733644 0.16823131561279298
v -0.03819554090499878 -0.037761569023132324 0.16855428695678712
v -0.0380793309211731 -0.037397780418396 0.16879758834838868
v -0.037949459552764894 -0.0369911789894104 0.16894874572753907
v -0.033339529037475585 -0.038996760845184324 0.16823131561279298
v -0.0333194899559021 -0.038680009841918946 0.16855428695678712
v -0.03329538106918335 -0.03829886913299561 0.16879758834838868
v -0.03326843023300171 -0.037872889041900636 0.16894874572753907
v 0.047665648460388184 0.005168489813804626 0.16823131561279298
v 0.04742423057556153 0.005374510288238526 0.16855428695678712
v 0.04713372230529785 0.005622410178184509 0.16879758834838868
v 0.0468090295791626 0.005899479985237122 0.16894874572753907
v 0.046466798782348634 0.006191520094871521 0.16899999618530273
v 0.045222511291503904 0.004327870011329651 0.16899999618530273
v 0.04444736003875732 0.0022253499925136565 0.16899999618530273
v 0.04418413162231445 0.0 0.16899999618530273
v 0.04444736003875732 -0.0022253499925136565 0.16899999618530273
v 0.045222511291503904 -0.004327870011329651 0.16899999618530273
v 0.0466269588470459 -0.003612770140171051 0.16823131561279298
v 0.0463441276550293 -0.003756780028343201 0.16855428695678712
v 0.046003799438476566 -0.003930059969425201 0.16879758834838868
v 0.045623431205749514 -0.004123730063438416 0.16894874572753907
v 0.045979881286621095 -0.0018576499819755554 0.16823131561279298
v 0.04567125797271729 -0.001931699961423874 0.16855428695678712
v 0.04529990196228027 -0.0020207999646663665 0.16879758834838868
v 0.044884839057922364 -0.0021203799545764924 0.16894874572753907
v 0.045760149955749514 0.0 0.16823131561279298
v 0.0454427719116211 0.0 0.16855428695678712
v 0.04506086826324463 0.0 0.16879758834838868
v 0.044634032249450686 0.0 0.16894874572753907
v 0.045979881286621095 0.0018576499819755554 0.16823131561279298
v 0.04567125797271729 0.001931699961423874 0.16855428695678712
v 0.04529990196228027 0.0020207999646663665 0.16879758834838868
v 0.044884839057922364 0.0021203799545764924 0.16894874572753907
v 0.0466269588470459 0.003612770140171051 0.16823131561279298
v 0.0463441276550293 0.003756780028343201 0.16855428695678712
v 0.046003799438476566 0.003930059969425201 0.16879758834838868
v 0.045623431205749514 0.004123730063438416 0.16894874572753907
v 0.050653901100158695 0.009269369840621948 0.1678452491760254
v 0.05234152793884277 0.014079649448394776 0.1678452491760254
v 0.0528069019317627 0.019156090021133422 0.1678452491760254
v 0.05202198028564453 0.024193029403686523 0.1678452491760254
v 0.05003403186798096 0.028887159824371338 0.1678452491760254
v 0.04696276187896729 0.03295583963394165 0.1678452491760254
v 0.042993111610412596 0.036154069900512696 0.1678452491760254
v 0.038364100456237796 0.038289270401000976 0.1678452491760254
v 0.033354458808898924 0.03923288106918335 0.1678452491760254
v 0.028265860080718994 0.038928070068359376 0.1678452491760254
v 0.028308870792388918 0.03869541883468628 0.16823131561279298
v 0.02836658000946045 0.038383328914642335 0.16855428695678712
v 0.028436009883880616 0.03800780057907104 0.16879758834838868
v 0.028513619899749758 0.03758806943893433 0.16894874572753907
v 0.028595418930053712 0.03714566946029663 0.16899999618530273
v 0.03324002981185913 0.037423880100250245 0.16899999618530273
v 0.037812559604644774 0.03656260967254639 0.16899999618530273
v 0.04203767776489258 0.03461370944976807 0.16899999618530273
v 0.045660967826843264 0.03169452905654907 0.16899999618530273
v 0.04846426010131836 0.027980849742889405 0.16899999618530273
v 0.050278749465942386 0.0236962890625 0.16899999618530273
v 0.050995187759399416 0.01909883975982666 0.16899999618530273
v 0.05057043075561524 0.014465329647064208 0.16899999618530273
v 0.04903005123138428 0.010074770450592041 0.16899999618530273
v 0.050441951751708985 0.009374499917030335 0.16823131561279298
v 0.05015761852264405 0.009515519738197326 0.16855428695678712
v 0.049815487861633305 0.00968520998954773 0.16879758834838868
v 0.04943309783935547 0.00987487018108368 0.16894874572753907
v 0.05211036205291748 0.014129990339279174 0.16823131561279298
v 0.05180024147033691 0.014197520017623902 0.16855428695678712
v 0.051427087783813476 0.014278780221939086 0.16879758834838868
v 0.05101003170013428 0.01436959981918335 0.16894874572753907
v 0.05257041931152344 0.01914862036705017 0.16823131561279298
v 0.05225319862365723 0.01913859009742737 0.16855428695678712
v 0.05187149047851563 0.019126529693603515 0.16879758834838868
v 0.05144485950469971 0.019113049507141114 0.16894874572753907
v 0.05179443836212158 0.024128189086914064 0.16823131561279298
v 0.05148921012878418 0.02404120922088623 0.16855428695678712
v 0.05112193107604981 0.023936560153961183 0.16879758834838868
v 0.0507114315032959 0.023819589614868165 0.16894874572753907
v 0.0498291301727295 0.028768858909606933 0.16823131561279298
v 0.049554271697998045 0.028610169887542725 0.16855428695678712
v 0.04922354221343994 0.028419220447540285 0.16879758834838868
v 0.048853888511657714 0.02820580005645752 0.16894874572753907
v 0.0467928409576416 0.03279120922088623 0.16823131561279298
v 0.04656490802764893 0.03257035970687866 0.16855428695678712
v 0.04629063129425049 0.0323046088218689 0.16879758834838868
v 0.045984082221984864 0.03200758934020996 0.16894874572753907
v 0.042868399620056154 0.03595300912857056 0.16823131561279298
v 0.04270111083984375 0.03568330049514771 0.16855428695678712
v 0.04249980926513672 0.03535876035690308 0.16879758834838868
v 0.04227481842041016 0.03499603033065796 0.16894874572753907
v 0.038292109966278076 0.038063900470733644 0.16823131561279298
v 0.03819554090499878 0.037761569023132324 0.16855428695678712
v 0.0380793309211731 0.037397780418396 0.16879758834838868
v 0.037949459552764894 0.0369911789894104 0.16894874572753907
v 0.033339529037475585 0.038996760845184324 0.16823131561279298
v 0.0333194899559021 0.038680009841918946 0.16855428695678712
v 0.03329538106918335 0.03829886913299561 0.16879758834838868
v 0.03326843023300171 0.037872889041900636 0.16894874572753907
v 0.0264546799659729 0.038810009956359866 0.1678452491760254
v 0.024665939807891845 0.03911776065826416 0.1678452491760254
v 0.02299837112426758 0.039834349155426024 0.1678452491760254
v 0.02154400110244751 0.04092021942138672 0.1678452491760254
v 0.02038311004638672 0.042315430641174316 0.1678452491760254
v 0.019579770565032958 0.04394298076629639 0.1678452491760254
v 0.01935678005218506 0.04386391162872315 0.16823131561279298
v 0.019057650566101075 0.04375783920288086 0.16855428695678712
v 0.018697710037231446 0.043630208969116215 0.16879758834838868
v 0.01829540967941284 0.043487548828125 0.16894874572753907
v 0.017871379852294922 0.04333718776702881 0.16899999618530273
v 0.01886320948600769 0.041327781677246093 0.16899999618530273
v 0.020296471118927004 0.0396052098274231 0.16899999618530273
v 0.022092061042785646 0.03826457977294922 0.16899999618530273
v 0.024150888919830322 0.03737986087799072 0.16899999618530273
v 0.02635930061340332 0.03699990034103394 0.16899999618530273
v 0.026442229747772217 0.038573739528656004 0.16823131561279298
v 0.026425530910491945 0.03825680017471313 0.16855428695678712
v 0.026405439376831055 0.03787543058395386 0.16879758834838868
v 0.026382970809936523 0.0374491810798645 0.16894874572753907
v 0.024598720073699953 0.03889091968536377 0.16823131561279298
v 0.02450853109359741 0.038586618900299074 0.16855428695678712
v 0.024400010108947753 0.038220469951629636 0.16879758834838868
v 0.02427872896194458 0.037811219692230225 0.16894874572753907
v 0.022880079746246337 0.03962944984436035 0.16823131561279298
v 0.022721381187438966 0.03935458898544312 0.16855428695678712
v 0.022530438899993895 0.03902385950088501 0.16879758834838868
v 0.022317020893096923 0.0386542010307312 0.16894874572753907
v 0.021381170749664308 0.04074857234954834 0.16823131561279298
v 0.021162729263305664 0.0405183219909668 0.16855428695678712
v 0.02089988946914673 0.040241270065307616 0.16879758834838868
v 0.020606119632720948 0.03993160009384155 0.16894874572753907
v 0.02018471956253052 0.042186517715454105 0.16823131561279298
v 0.019918600320816042 0.04201357841491699 0.16855428695678712
v 0.019598369598388673 0.04180549144744873 0.16879758834838868
v 0.019240460395812987 0.041572918891906736 0.16894874572753907
v 0.017299439907073975 0.0485022497177124 0.1678452491760254
v 0.013977440595626832 0.05236892223358154 0.1678452491760254
v 0.00981378972530365 0.05531015872955322 0.1678452491760254
v 0.005059210062026978 0.05714887142181396 0.1678452491760254
v 0.0 0.057774319648742675 0.1678452491760254
v -0.005059210062026978 0.05714887142181396 0.1678452491760254
v -0.00981378972530365 0.05531015872955322 0.1678452491760254
v -0.013977440595626832 0.05236892223358154 0.1678452491760254
v -0.017299439907073975 0.0485022497177124 0.1678452491760254
v -0.019579770565032958 0.04394298076629639 0.1678452491760254
v -0.01935678005218506 0.04386391162872315 0.16823131561279298
v -0.019057650566101075 0.04375783920288086 0.16855428695678712
v -0.018697710037231446 0.043630208969116215 0.16879758834838868
v -0.01829540967941284 0.043487548828125 0.16894874572753907
v -0.017871379852294922 0.04333718776702881 0.16899999618530273
v -0.015790020227432252 0.047498650550842285 0.16899999618530273
v -0.012757869958877564 0.05102794170379639 0.16899999618530273
v -0.008957509994506837 0.05371254920959473 0.16899999618530273
v -0.004617780148983001 0.055390820503234864 0.16899999618530273
v 0.0 0.055961709022521976 0.16899999618530273
v 0.004617780148983001 0.055390820503234864 0.16899999618530273
v 0.008957509994506837 0.05371254920959473 0.16899999618530273
v 0.012757869958877564 0.05102794170379639 0.16899999618530273
v 0.015790020227432252 0.047498650550842285 0.16899999618530273
v 0.017102420330047607 0.048371257781982424 0.16823131561279298
v 0.01683812975883484 0.04819552898406983 0.16855428695678712
v 0.01652011036872864 0.04798408031463623 0.16879758834838868
v 0.016164660453796387 0.0477477502822876 0.16894874572753907
v 0.013818249702453614 0.052193889617919924 0.16823131561279298
v 0.013604710102081299 0.05195909023284912 0.16855428695678712
v 0.013347760438919068 0.05167655944824219 0.16879758834838868
v 0.013060569763183594 0.05136077880859375 0.16894874572753907
v 0.009702020287513734 0.055101628303527835 0.16823131561279298
v 0.009552090167999268 0.05482190132141113 0.16855428695678712
v 0.009371680021286011 0.05448530197143555 0.16879758834838868
v 0.009170039892196655 0.05410909175872803 0.16894874572753907
v 0.005001599788665771 0.05691938877105713 0.16823131561279298
v 0.004924300014972687 0.05661157131195069 0.16855428695678712
v 0.00483130007982254 0.05624116897583008 0.16879758834838868
v 0.004727349877357483 0.055827178955078126 0.16894874572753907
v 0.0 0.05753773212432861 0.16823131561279298
v 0.0 0.057220349311828615 0.16855428695678712
v 0.0 0.05683845043182373 0.16879758834838868
v 0.0 0.056411609649658204 0.16894874572753907
v -0.005001599788665771 0.05691938877105713 0.16823131561279298
v -0.004924300014972687 0.05661157131195069 0.16855428695678712
v -0.00483130007982254 0.05624116897583008 0.16879758834838868
v -0.004727349877357483 0.055827178955078126 0.16894874572753907
v -0.009702020287513734 0.055101628303527835 0.16823131561279298
v -0.009552090167999268 0.05482190132141113 0.16855428695678712
v -0.009371680021286011 0.05448530197143555 0.16879758834838868
v -0.009170039892196655 0.05410909175872803 0.16894874572753907
v -0.013818249702453614 0.052193889617919924 0.16823131561279298
v -0.013604710102081299 0.05195909023284912 0.16855428695678712
v -0.013347760438919068 0.05167655944824219 0.16879758834838868
v -0.013060569763183594 0.05136077880859375 0.16894874572753907
v -0.017102420330047607 0.048371257781982424 0.16823131561279298
v -0.01683812975883484 0.04819552898406983 0.16855428695678712
v -0.01652011036872864 0.04798408031463623 0.16879758834838868
v -0.016164660453796387 0.0477477502822876 0.16894874572753907
v -0.02038311004638672 0.042315430641174316 0.1678452491760254
v -0.02154400110244751 0.04092021942138672 0.1678452491760254
v -0.02299837112426758 0.039834349155426024 0.1678452491760254
v -0.024665939807891845 0.03911776065826416 0.1678452491760254
v -0.0264546799659729 0.038810009956359866 0.1678452491760254
v -0.028265860080718994 0.038928070068359376 0.1678452491760254
v -0.028308870792388918 0.03869541883468628 0.16823131561279298
v -0.02836658000946045 0.038383328914642335 0.16855428695678712
v -0.028436009883880616 0.03800780057907104 0.16879758834838868
v -0.028513619899749758 0.03758806943893433 0.16894874572753907
v -0.028595418930053712 0.03714566946029663 0.16899999618530273
v -0.02635930061340332 0.03699990034103394 0.16899999618530273
v -0.024150888919830322 0.03737986087799072 0.16899999618530273
v -0.022092061042785646 0.03826457977294922 0.16899999618530273
v -0.020296471118927004 0.0396052098274231 0.16899999618530273
v -0.01886320948600769 0.041327781677246093 0.16899999618530273
v -0.02018471956253052 0.042186517715454105 0.16823131561279298
v -0.019918600320816042 0.04201357841491699 0.16855428695678712
v -0.019598369598388673 0.04180549144744873 0.16879758834838868
v -0.019240460395812987 0.041572918891906736 0.16894874572753907
v -0.021381170749664308 0.04074857234954834 0.16823131561279298
v -0.021162729263305664 0.0405183219909668 0.16855428695678712
v -0.02089988946914673 0.040241270065307616 0.16879758834838868
v -0.020606119632720948 0.03993160009384155 0.16894874572753907
v -0.022880079746246337 0.03962944984436035 0.16823131561279298
v -0.022721381187438966 0.03935458898544312 0.16855428695678712
v -0.022530438899993895 0.03902385950088501 0.16879758834838868
v -0.022317020893096923 0.0386542010307312 0.16894874572753907
v -0.024598720073699953 0.03889091968536377 0.16823131561279298
v -0.02450853109359741 0.038586618900299074 0.16855428695678712
v -0.024400010108947753 0.038220469951629636 0.16879758834838868
v -0.02427872896194458 0.037811219692230225 0.16894874572753907
v -0.026442229747772217 0.038573739528656004 0.16823131561279298
v -0.026425530910491945 0.03825680017471313 0.16855428695678712
v -0.026405439376831055 0.03787543058395386 0.16879758834838868
v -0.026382970809936523 0.0374491810798645 0.16894874572753907
v -0.033354458808898924 0.03923288106918335 0.1678452491760254
v -0.038364100456237796 0.038289270401000976 0.1678452491760254
v -0.042993111610412596 0.036154069900512696 0.1678452491760254
v -0.04696276187896729 0.03295583963394165 0.1678452491760254
v -0.05003403186798096 0.028887159824371338 0.1678452491760254
v -0.05202198028564453 0.024193029403686523 0.1678452491760254
v -0.0528069019317627 0.019156090021133422 0.1678452491760254
v -0.05234152793884277 0.014079649448394776 0.1678452491760254
v -0.050653901100158695 0.009269369840621948 0.1678452491760254
v -0.047665648460388184 0.005168489813804626 0.16823131561279298
v -0.04742423057556153 0.005374510288238526 0.16855428695678712
v -0.04713372230529785 0.005622410178184509 0.16879758834838868
v -0.0468090295791626 0.005899479985237122 0.16894874572753907
v -0.046466798782348634 0.006191520094871521 0.16899999618530273
v -0.04903005123138428 0.010074770450592041 0.16899999618530273
v -0.05057043075561524 0.014465329647064208 0.16899999618530273
v -0.050995187759399416 0.01909883975982666 0.16899999618530273
v -0.050278749465942386 0.0236962890625 0.16899999618530273
v -0.04846426010131836 0.027980849742889405 0.16899999618530273
v -0.045660967826843264 0.03169452905654907 0.16899999618530273
v -0.04203767776489258 0.03461370944976807 0.16899999618530273
v -0.037812559604644774 0.03656260967254639 0.16899999618530273
v -0.03324002981185913 0.037423880100250245 0.16899999618530273
v -0.033339529037475585 0.038996760845184324 0.16823131561279298
v -0.0333194899559021 0.038680009841918946 0.16855428695678712
v -0.03329538106918335 0.03829886913299561 0.16879758834838868
v -0.03326843023300171 0.037872889041900636 0.16894874572753907
v -0.038292109966278076 0.038063900470733644 0.16823131561279298
v -0.03819554090499878 0.037761569023132324 0.16855428695678712
v -0.0380793309211731 0.037397780418396 0.16879758834838868
v -0.037949459552764894 0.0369911789894104 0.16894874572753907
v -0.042868399620056154 0.03595300912857056 0.16823131561279298
v -0.04270111083984375 0.03568330049514771 0.16855428695678712
v -0.04249980926513672 0.03535876035690308 0.16879758834838868
v -0.04227481842041016 0.03499603033065796 0.16894874572753907
v -0.0467928409576416 0.03279120922088623 0.16823131561279298
v -0.04656490802764893 0.03257035970687866 0.16855428695678712
v -0.04629063129425049 0.0323046088218689 0.16879758834838868
v -0.045984082221984864 0.03200758934020996 0.16894874572753907
v -0.0498291301727295 0.028768858909606933 0.16823131561279298
v -0.049554271697998045 0.028610169887542725 0.16855428695678712
v -0.04922354221343994 0.028419220447540285 0.16879758834838868
v -0.048853888511657714 0.02820580005645752 0.16894874572753907
v -0.05179443836212158 0.024128189086914064 0.16823131561279298
v -0.05148921012878418 0.02404120922088623 0.16855428695678712
v -0.05112193107604981 0.023936560153961183 0.16879758834838868
v -0.0507114315032959 0.023819589614868165 0.16894874572753907
v -0.05257041931152344 0.01914862036705017 0.16823131561279298
v -0.05225319862365723 0.01913859009742737 0.16855428695678712
v -0.05187149047851563 0.019126529693603515 0.16879758834838868
v -0.05144485950469971 0.019113049507141114 0.16894874572753907
v -0.05211036205291748 0.014129990339279174 0.16823131561279298
v -0.05180024147033691 0.014197520017623902 0.16855428695678712
v -0.051427087783813476 0.014278780221939086 0.16879758834838868
v -0.05101003170013428 0.01436959981918335 0.16894874572753907
v -0.050441951751708985 0.009374499917030335 0.16823131561279298
v -0.05015761852264405 0.009515519738197326 0.16855428695678712
v -0.049815487861633305 0.00968520998954773 0.16879758834838868
v -0.04943309783935547 0.00987487018108368 0.16894874572753907
v -0.045222511291503904 -0.004327870011329651 0.16899999618530273
v -0.04444736003875732 -0.0022253499925136565 0.16899999618530273
v -0.04418413162231445 0.0 0.16899999618530273
v -0.04444736003875732 0.0022253499925136565 0.16899999618530273
v -0.045222511291503904 0.004327870011329651 0.16899999618530273
v -0.0466269588470459 0.003612770140171051 0.16823131561279298
v -0.0463441276550293 0.003756780028343201 0.16855428695678712
v -0.046003799438476566 0.003930059969425201 0.16879758834838868
v -0.045623431205749514 0.004123730063438416 0.16894874572753907
v -0.045979881286621095 0.0018576499819755554 0.16823131561279298
v -0.04567125797271729 0.001931699961423874 0.16855428695678712
v -0.04529990196228027 0.0020207999646663665 0.16879758834838868
v -0.044884839057922364 0.0021203799545764924 0.16894874572753907
v -0.045760149955749514 0.0 0.16823131561279298
v -0.0454427719116211 0.0 0.16855428695678712
v -0.04506086826324463 0.0 0.16879758834838868
v -0.044634032249450686 0.0 0.16894874572753907
v -0.045979881286621095 -0.0018576499819755554 0.16823131561279298
v -0.04567125797271729 -0.001931699961423874 0.16855428695678712
v -0.04529990196228027 -0.0020207999646663665 0.16879758834838868
v -0.044884839057922364 -0.0021203799545764924 0.16894874572753907
v -0.0466269588470459 -0.003612770140171051 0.16823131561279298
v -0.0463441276550293 -0.003756780028343201 0.16855428695678712
v -0.046003799438476566 -0.003930059969425201 0.16879758834838868
v -0.045623431205749514 -0.004123730063438416 0.16894874572753907
v -0.024248709678649904 0.00046170998364686967 0.16899999618530273
v -0.024248709678649904 0.0009116099774837494 0.16894874572753907
v -0.024248709678649904 0.001338450014591217 0.16879758834838868
v -0.024248709678649904 0.0017203499376773834 0.16855428695678712
v -0.024248709678649904 0.0020377300679683685 0.16823131561279298
v -0.024248709678649904 0.002274319976568222 0.1678452491760254
v -0.032042939662933353 0.002274319976568222 0.1678452491760254
v -0.032042939662933353 0.0020377300679683685 0.16823131561279298
v -0.032042939662933353 0.0017203499376773834 0.16855428695678712
v -0.032042939662933353 0.001338450014591217 0.16879758834838868
v -0.032042939662933353 0.0009116099774837494 0.16894874572753907
v -0.032042939662933353 0.00046170998364686967 0.16899999618530273
v -0.036242449283599855 0.0028271999955177306 0.1678452491760254
v -0.04015577793121338 0.004448150098323822 0.1678452491760254
v -0.04351623058319092 0.007026709914207459 0.1678452491760254
v -0.04609478950500488 0.010387159585952759 0.1678452491760254
v -0.047715740203857424 0.01430048942565918 0.1678452491760254
v -0.0482686185836792 0.01850000023841858 0.1678452491760254
v -0.047715740203857424 0.02269951105117798 0.1678452491760254
v -0.04609478950500488 0.026612839698791503 0.1678452491760254
v -0.04351623058319092 0.02997328996658325 0.1678452491760254
v -0.04015577793121338 0.03255184888839722 0.1678452491760254
v -0.036242449283599855 0.03417279958724976 0.1678452491760254
v -0.032042939662933353 0.034725680351257324 0.1678452491760254
v -0.027843430042266845 0.03417279958724976 0.1678452491760254
v -0.02393009901046753 0.03255184888839722 0.1678452491760254
v -0.02056965112686157 0.02997328996658325 0.1678452491760254
v -0.017991089820861818 0.026612839698791503 0.1678452491760254
v -0.017786190509796143 0.026731140613555908 0.16823131561279298
v -0.017511329650878905 0.026889829635620116 0.16855428695678712
v -0.0171806001663208 0.02708077907562256 0.16879758834838868
v -0.01681095004081726 0.027294199466705322 0.16894874572753907
v -0.01642132043838501 0.02751914978027344 0.16899999618530273
v -0.01928794026374817 0.03125499963760376 0.16899999618530273
v -0.023023788928985597 0.03412162065505982 0.16899999618530273
v -0.02737428903579712 0.03592365026473999 0.16899999618530273
v -0.032042939662933353 0.03653829097747803 0.16899999618530273
v -0.03671159029006958 0.03592365026473999 0.16899999618530273
v -0.041062088012695314 0.03412162065505982 0.16899999618530273
v -0.044797940254211424 0.03125499963760376 0.16899999618530273
v -0.04766456127166748 0.02751914978027344 0.16899999618530273
v -0.04946659088134766 0.023168649673461914 0.16899999618530273
v -0.0500812292098999 0.01850000023841858 0.16899999618530273
v -0.04946659088134766 0.013831349611282349 0.16899999618530273
v -0.04766456127166748 0.009480850100517272 0.16899999618530273
v -0.044797940254211424 0.005745000243186951 0.16899999618530273
v -0.041062088012695314 0.0028783801198005677 0.16899999618530273
v -0.03671159029006958 0.00107634998857975 0.16899999618530273
v -0.03630368947982788 0.0025986701250076297 0.16823131561279298
v -0.036385829448699954 0.0022921000421047212 0.16855428695678712
v -0.03648468017578125 0.0019232100248336792 0.16879758834838868
v -0.036595149040222166 0.0015109199285507201 0.16894874572753907
v -0.04027408123016357 0.0042432498931884765 0.16823131561279298
v -0.040432767868041994 0.003968389928340912 0.16855428695678712
v -0.04062372207641601 0.0036376601457595824 0.16879758834838868
v -0.04083714008331299 0.0032680100202560425 0.16894874572753907
v -0.04368351936340332 0.006859419941902161 0.16823131561279298
v -0.04390795230865479 0.006634989976882935 0.16855428695678712
v -0.0441779899597168 0.006364949941635132 0.16879758834838868
v -0.044479808807373046 0.0060631299018859865 0.16894874572753907
v -0.04629969120025635 0.01026885986328125 0.16823131561279298
v -0.046574549674987795 0.010110169649124146 0.16855428695678712
v -0.0469052791595459 0.009919220209121704 0.16879758834838868
v -0.047274928092956546 0.009705799818038941 0.16894874572753907
v -0.04794426918029785 0.014239250421524048 0.16823131561279298
v -0.04825084209442139 0.014157110452651977 0.16855428695678712
v -0.04861972808837891 0.014058259725570678 0.16879758834838868
v -0.04903202056884766 0.013947789669036866 0.16894874572753907
v -0.048505210876464845 0.01850000023841858 0.16823131561279298
v -0.04882258892059326 0.01850000023841858 0.16855428695678712
v -0.04920448780059815 0.01850000023841858 0.16879758834838868
v -0.04963132858276367 0.01850000023841858 0.16894874572753907
v -0.04794426918029785 0.022760748863220215 0.16823131561279298
v -0.04825084209442139 0.022842888832092286 0.16855428695678712
v -0.04861972808837891 0.022941739559173585 0.16879758834838868
v -0.04903202056884766 0.023052210807800292 0.16894874572753907
v -0.04629969120025635 0.026731140613555908 0.16823131561279298
v -0.046574549674987795 0.026889829635620116 0.16855428695678712
v -0.0469052791595459 0.02708077907562256 0.16879758834838868
v -0.047274928092956546 0.027294199466705322 0.16894874572753907
v -0.04368351936340332 0.030140581130981448 0.16823131561279298
v -0.04390795230865479 0.03036500930786133 0.16855428695678712
v -0.0441779899597168 0.030635049343109132 0.16879758834838868
v -0.044479808807373046 0.030936870574951172 0.16894874572753907
v -0.04027408123016357 0.03275675058364868 0.16823131561279298
v -0.040432767868041994 0.03303160905838013 0.16855428695678712
v -0.04062372207641601 0.03336234092712403 0.16879758834838868
v -0.04083714008331299 0.03373198986053467 0.16894874572753907
v -0.03630368947982788 0.03440133094787598 0.16823131561279298
v -0.036385829448699954 0.03470789909362793 0.16855428695678712
v -0.03648468017578125 0.03507678985595703 0.16879758834838868
v -0.036595149040222166 0.03548907995223999 0.16894874572753907
v -0.032042939662933353 0.03496227025985718 0.16823131561279298
v -0.032042939662933353 0.03527965068817139 0.16855428695678712
v -0.032042939662933353 0.03566154956817627 0.16879758834838868
v -0.032042939662933353 0.036088390350341795 0.16894874572753907
v -0.027782189846038818 0.03440133094787598 0.16823131561279298
v -0.02770004987716675 0.03470789909362793 0.16855428695678712
v -0.02760119915008545 0.03507678985595703 0.16879758834838868
v -0.02749073028564453 0.03548907995223999 0.16894874572753907
v -0.023811800479888918 0.03275675058364868 0.16823131561279298
v -0.023653109073638916 0.03303160905838013 0.16855428695678712
v -0.023462159633636476 0.03336234092712403 0.16879758834838868
v -0.02324873924255371 0.03373198986053467 0.16894874572753907
v -0.020402359962463378 0.030140581130981448 0.16823131561279298
v -0.020177929401397704 0.03036500930786133 0.16855428695678712
v -0.019907890558242797 0.030635049343109132 0.16879758834838868
v -0.019606070518493654 0.030936870574951172 0.16894874572753907
v -0.014093979597091674 0.019862840175628664 0.1678452491760254
v -0.013889080286026001 0.019981139898300172 0.16823131561279298
v -0.013614219427108765 0.020139830112457277 0.16855428695678712
v -0.01328348994255066 0.020330779552459717 0.16879758834838868
v -0.012913830280303955 0.02054419994354248 0.16894874572753907
v -0.01252419948577881 0.020769150257110597 0.16899999618530273
v -0.011724510192871095 0.021230850219726562 0.16899999618530273
v -0.011334880590438842 0.02145580053329468 0.16894874572753907
v -0.010965230464935303 0.021669220924377442 0.16879758834838868
v -0.010634490251541139 0.021860170364379882 0.16855428695678712
v -0.010359630584716797 0.022018859386444094 0.16823131561279298
v -0.010154739618301392 0.022137160301208495 0.1678452491760254
v -0.014051849842071534 0.028887159824371338 0.1678452491760254
v -0.014256750345230104 0.028768858909606933 0.16823131561279298
v -0.014531610012054443 0.028610169887542725 0.16855428695678712
v -0.014862339496612548 0.028419220447540285 0.16879758834838868
v -0.01523198962211609 0.02820580005645752 0.16894874572753907
v -0.015621620416641236 0.027980849742889405 0.16899999618530273
v -0.015672800540924074 0.03280049085617066 0.1678452491760254
v -0.016225680112838745 0.03700000047683716 0.1678452491760254
v -0.015672800540924074 0.04119950771331787 0.1678452491760254
v -0.014051849842071534 0.045112838745117186 0.1678452491760254
v -0.011473289728164674 0.04847329139709473 0.1678452491760254
v -0.008112840056419372 0.051051850318908694 0.1678452491760254
v -0.004199509918689728 0.05267280101776123 0.1678452491760254
v 0.0 0.053225679397583006 0.1678452491760254
v 0.004199509918689728 0.05267280101776123 0.1678452491760254
v 0.008112840056419372 0.051051850318908694 0.1678452491760254
v 0.011473289728164674 0.04847329139709473 0.1678452491760254
v 0.014051849842071534 0.045112838745117186 0.1678452491760254
v 0.015672800540924074 0.04119950771331787 0.1678452491760254
v 0.016225680112838745 0.03700000047683716 0.1678452491760254
v 0.015672800540924074 0.03280049085617066 0.1678452491760254
v 0.014051849842071534 0.028887159824371338 0.1678452491760254
v 0.014256750345230104 0.028768858909606933 0.16823131561279298
v 0.014531610012054443 0.028610169887542725 0.16855428695678712
v 0.014862339496612548 0.028419220447540285 0.16879758834838868
v 0.01523198962211609 0.02820580005645752 0.16894874572753907
v 0.015621620416641236 0.027980849742889405 0.16899999618530273
v 0.017423650026321413 0.03233134984970093 0.16899999618530273
v 0.018038289546966554 0.03700000047683716 0.16899999618530273
v 0.017423650026321413 0.0416686487197876 0.16899999618530273
v 0.015621620416641236 0.046019148826599125 0.16899999618530273
v 0.012755000591278076 0.049755001068115236 0.16899999618530273
v 0.009019150137901307 0.05262162208557129 0.16899999618530273
v 0.0046686500310897825 0.054423651695251464 0.16899999618530273
v 0.0 0.05503829002380371 0.16899999618530273
v -0.0046686500310897825 0.054423651695251464 0.16899999618530273
v -0.009019150137901307 0.05262162208557129 0.16899999618530273
v -0.012755000591278076 0.049755001068115236 0.16899999618530273
v -0.015621620416641236 0.046019148826599125 0.16899999618530273
v -0.017423650026321413 0.0416686487197876 0.16899999618530273
v -0.018038289546966554 0.03700000047683716 0.16899999618530273
v -0.017423650026321413 0.03233134984970093 0.16899999618530273
v -0.0159013295173645 0.032739250659942626 0.16823131561279298
v -0.016207900047302246 0.03265711069107056 0.16855428695678712
v -0.016576789617538452 0.032558259963989256 0.16879758834838868
v -0.016989079713821412 0.03244779109954834 0.16894874572753907
v -0.0164622700214386 0.03700000047683716 0.16823131561279298
v -0.016779650449752808 0.03700000047683716 0.16855428695678712
v -0.017161550521850585 0.03700000047683716 0.16879758834838868
v -0.01758839011192322 0.03700000047683716 0.16894874572753907
v -0.0159013295173645 0.0412607479095459 0.16823131561279298
v -0.016207900047302246 0.04134288787841797 0.16855428695678712
v -0.016576789617538452 0.04144174098968506 0.16879758834838868
v -0.016989079713821412 0.04155220985412598 0.16894874572753907
v -0.014256750345230104 0.045231142044067384 0.16823131561279298
v -0.014531610012054443 0.0453898286819458 0.16855428695678712
v -0.014862339496612548 0.045580778121948246 0.16879758834838868
v -0.01523198962211609 0.0457942008972168 0.16894874572753907
v -0.01164057970046997 0.04864058017730713 0.16823131561279298
v -0.011865010261535644 0.048865008354187014 0.16855428695678712
v -0.012135050296783448 0.049135050773620605 0.16879758834838868
v -0.012436870336532593 0.04943686962127686 0.16894874572753907
v -0.008231139779090882 0.051256752014160155 0.16823131561279298
v -0.008389829993247985 0.0515316104888916 0.16855428695678712
v -0.008580780029296875 0.05186233997344971 0.16879758834838868
v -0.008794199824333191 0.05223198890686035 0.16894874572753907
v -0.004260750114917756 0.05290132999420166 0.16823131561279298
v -0.004342890083789825 0.053207898139953615 0.16855428695678712
v -0.004441739916801453 0.053576788902282714 0.16879758834838868
v -0.004552209973335266 0.053989081382751464 0.16894874572753907
v 0.0 0.05346227169036866 0.16823131561279298
v 0.0 0.05377964973449707 0.16855428695678712
v 0.0 0.05416154861450195 0.16879758834838868
v 0.0 0.054588389396667485 0.16894874572753907
v 0.004260750114917756 0.05290132999420166 0.16823131561279298
v 0.004342890083789825 0.053207898139953615 0.16855428695678712
v 0.004441739916801453 0.053576788902282714 0.16879758834838868
v 0.004552209973335266 0.053989081382751464 0.16894874572753907
v 0.008231139779090882 0.051256752014160155 0.16823131561279298
v 0.008389829993247985 0.0515316104888916 0.16855428695678712
v 0.008580780029296875 0.05186233997344971 0.16879758834838868
v 0.008794199824333191 0.05223198890686035 0.16894874572753907
v 0.01164057970046997 0.04864058017730713 0.16823131561279298
v 0.011865010261535644 0.048865008354187014 0.16855428695678712
v 0.012135050296783448 0.049135050773620605 0.16879758834838868
v 0.012436870336532593 0.04943686962127686 0.16894874572753907
v 0.014256750345230104 0.045231142044067384 0.16823131561279298
v 0.014531610012054443 0.0453898286819458 0.16855428695678712
v 0.014862339496612548 0.045580778121948246 0.16879758834838868
v 0.01523198962211609 0.0457942008972168 0.16894874572753907
v 0.0159013295173645 0.0412607479095459 0.16823131561279298
v 0.016207900047302246 0.04134288787841797 0.16855428695678712
v 0.016576789617538452 0.04144174098968506 0.16879758834838868
v 0.016989079713821412 0.04155220985412598 0.16894874572753907
v 0.0164622700214386 0.03700000047683716 0.16823131561279298
v 0.016779650449752808 0.03700000047683716 0.16855428695678712
v 0.017161550521850585 0.03700000047683716 0.16879758834838868
v 0.01758839011192322 0.03700000047683716 0.16894874572753907
v 0.0159013295173645 0.032739250659942626 0.16823131561279298
v 0.016207900047302246 0.03265711069107056 0.16855428695678712
v 0.016576789617538452 0.032558259963989256 0.16879758834838868
v 0.016989079713821412 0.03244779109954834 0.16894874572753907
v 0.010154739618301392 0.022137160301208495 0.1678452491760254
v 0.010359630584716797 0.022018859386444094 0.16823131561279298
v 0.010634490251541139 0.021860170364379882 0.16855428695678712
v 0.010965230464935303 0.021669220924377442 0.16879758834838868
v 0.011334880590438842 0.02145580053329468 0.16894874572753907
v 0.011724510192871095 0.021230850219726562 0.16899999618530273
v 0.01252419948577881 0.020769150257110597 0.16899999618530273
v 0.012913830280303955 0.02054419994354248 0.16894874572753907
v 0.01328348994255066 0.020330779552459717 0.16879758834838868
v 0.013614219427108765 0.020139830112457277 0.16855428695678712
v 0.013889080286026001 0.019981139898300172 0.16823131561279298
v 0.014093979597091674 0.019862840175628664 0.1678452491760254
v 0.017991089820861818 0.026612839698791503 0.1678452491760254
v 0.017786190509796143 0.026731140613555908 0.16823131561279298
v 0.017511329650878905 0.026889829635620116 0.16855428695678712
v 0.0171806001663208 0.02708077907562256 0.16879758834838868
v 0.01681095004081726 0.027294199466705322 0.16894874572753907
v 0.01642132043838501 0.02751914978027344 0.16899999618530273
v 0.02056965112686157 0.02997328996658325 0.1678452491760254
v 0.02393009901046753 0.03255184888839722 0.1678452491760254
v 0.027843430042266845 0.03417279958724976 0.1678452491760254
v 0.032042939662933353 0.034725680351257324 0.1678452491760254
v 0.036242449283599855 0.03417279958724976 0.1678452491760254
v 0.04015577793121338 0.03255184888839722 0.1678452491760254
v 0.04351623058319092 0.02997328996658325 0.1678452491760254
v 0.04609478950500488 0.026612839698791503 0.1678452491760254
v 0.047715740203857424 0.02269951105117798 0.1678452491760254
v 0.0482686185836792 0.01850000023841858 0.1678452491760254
v 0.047715740203857424 0.01430048942565918 0.1678452491760254
v 0.04609478950500488 0.010387159585952759 0.1678452491760254
v 0.04351623058319092 0.007026709914207459 0.1678452491760254
v 0.04015577793121338 0.004448150098323822 0.1678452491760254
v 0.036242449283599855 0.0028271999955177306 0.1678452491760254
v 0.032042939662933353 0.002274319976568222 0.1678452491760254
v 0.032042939662933353 0.0020377300679683685 0.16823131561279298
v 0.032042939662933353 0.0017203499376773834 0.16855428695678712
v 0.032042939662933353 0.001338450014591217 0.16879758834838868
v 0.032042939662933353 0.0009116099774837494 0.16894874572753907
v 0.032042939662933353 0.00046170998364686967 0.16899999618530273
v 0.03671159029006958 0.00107634998857975 0.16899999618530273
v 0.041062088012695314 0.0028783801198005677 0.16899999618530273
v 0.044797940254211424 0.005745000243186951 0.16899999618530273
v 0.04766456127166748 0.009480850100517272 0.16899999618530273
v 0.04946659088134766 0.013831349611282349 0.16899999618530273
v 0.0500812292098999 0.01850000023841858 0.16899999618530273
v 0.04946659088134766 0.023168649673461914 0.16899999618530273
v 0.04766456127166748 0.02751914978027344 0.16899999618530273
v 0.044797940254211424 0.03125499963760376 0.16899999618530273
v 0.041062088012695314 0.03412162065505982 0.16899999618530273
v 0.03671159029006958 0.03592365026473999 0.16899999618530273
v 0.032042939662933353 0.03653829097747803 0.16899999618530273
v 0.02737428903579712 0.03592365026473999 0.16899999618530273
v 0.023023788928985597 0.03412162065505982 0.16899999618530273
v 0.01928794026374817 0.03125499963760376 0.16899999618530273
v 0.020402359962463378 0.030140581130981448 0.16823131561279298
v 0.020177929401397704 0.03036500930786133 0.16855428695678712
v 0.019907890558242797 0.030635049343109132 0.16879758834838868
v 0.019606070518493654 0.030936870574951172 0.16894874572753907
v 0.023811800479888918 0.03275675058364868 0.16823131561279298
v 0.023653109073638916 0.03303160905838013 0.16855428695678712
v 0.023462159633636476 0.03336234092712403 0.16879758834838868
v 0.02324873924255371 0.03373198986053467 0.16894874572753907
v 0.027782189846038818 0.03440133094787598 0.16823131561279298
v 0.02770004987716675 0.03470789909362793 0.16855428695678712
v 0.02760119915008545 0.03507678985595703 0.16879758834838868
v 0.02749073028564453 0.03548907995223999 0.16894874572753907
v 0.032042939662933353 0.03496227025985718 0.16823131561279298
v 0.032042939662933353 0.03527965068817139 0.16855428695678712
v 0.032042939662933353 0.03566154956817627 0.16879758834838868
v 0.032042939662933353 0.036088390350341795 0.16894874572753907
v 0.03630368947982788 0.03440133094787598 0.16823131561279298
v 0.036385829448699954 0.03470789909362793 0.16855428695678712
v 0.03648468017578125 0.03507678985595703 0.16879758834838868
v 0.036595149040222166 0.03548907995223999 0.16894874572753907
v 0.04027408123016357 0.03275675058364868 0.16823131561279298
v 0.040432767868041994 0.03303160905838013 0.16855428695678712
v 0.04062372207641601 0.03336234092712403 0.16879758834838868
v 0.04083714008331299 0.03373198986053467 0.16894874572753907
v 0.04368351936340332 0.030140581130981448 0.16823131561279298
v 0.04390795230865479 0.03036500930786133 0.16855428695678712
v 0.0441779899597168 0.030635049343109132 0.16879758834838868
v 0.044479808807373046 0.030936870574951172 0.16894874572753907
v 0.04629969120025635 0.026731140613555908 0.16823131561279298
v 0.046574549674987795 0.026889829635620116 0.16855428695678712
v 0.0469052791595459 0.02708077907562256 0.16879758834838868
v 0.047274928092956546 0.027294199466705322 0.16894874572753907
v 0.04794426918029785 0.022760748863220215 0.16823131561279298
v 0.04825084209442139 0.022842888832092286 0.16855428695678712
v 0.04861972808837891 0.022941739559173585 0.16879758834838868
v 0.04903202056884766 0.023052210807800292 0.16894874572753907
v 0.048505210876464845 0.01850000023841858 0.16823131561279298
v 0.04882258892059326 0.01850000023841858 0.16855428695678712
v 0.04920448780059815 0.01850000023841858 0.16879758834838868
v 0.04963132858276367 0.01850000023841858 0.16894874572753907
v 0.04794426918029785 0.014239250421524048 0.16823131561279298
v 0.04825084209442139 0.014157110452651977 0.16855428695678712
v 0.04861972808837891 0.014058259725570678 0.16879758834838868
v 0.04903202056884766 0.013947789669036866 0.16894874572753907
v 0.04629969120025635 0.01026885986328125 0.16823131561279298
v 0.046574549674987795 0.010110169649124146 0.16855428695678712
v 0.0469052791595459 0.009919220209121704 0.16879758834838868
v 0.047274928092956546 0.009705799818038941 0.16894874572753907
v 0.04368351936340332 0.006859419941902161 0.16823131561279298
v 0.04390795230865479 0.006634989976882935 0.16855428695678712
v 0.0441779899597168 0.006364949941635132 0.16879758834838868
v 0.044479808807373046 0.0060631299018859865 0.16894874572753907
v 0.04027408123016357 0.0042432498931884765 0.16823131561279298
v 0.040432767868041994 0.003968389928340912 0.16855428695678712
v 0.04062372207641601 0.0036376601457595824 0.16879758834838868
v 0.04083714008331299 0.0032680100202560425 0.16894874572753907
v 0.03630368947982788 0.0025986701250076297 0.16823131561279298
v 0.036385829448699954 0.0022921000421047212 0.16855428695678712
v 0.03648468017578125 0.0019232100248336792 0.16879758834838868
v 0.036595149040222166 0.0015109199285507201 0.16894874572753907
v 0.024248709678649904 0.002274319976568222 0.1678452491760254
v 0.024248709678649904 0.0020377300679683685 0.16823131561279298
v 0.024248709678649904 0.0017203499376773834 0.16855428695678712
v 0.024248709678649904 0.001338450014591217 0.16879758834838868
v 0.024248709678649904 0.0009116099774837494 0.16894874572753907
v 0.024248709678649904 0.00046170998364686967 0.16899999618530273
v 0.024248709678649904 -0.00046170998364686967 0.16899999618530273
v 0.024248709678649904 -0.0009116099774837494 0.16894874572753907
v 0.024248709678649904 -0.001338450014591217 0.16879758834838868
v 0.024248709678649904 -0.0017203499376773834 0.16855428695678712
v 0.024248709678649904 -0.0020377300679683685 0.16823131561279298
v 0.024248709678649904 -0.002274319976568222 0.1678452491760254
v 0.032042939662933353 -0.002274319976568222 0.1678452491760254
v 0.032042939662933353 -0.0020377300679683685 0.16823131561279298
v 0.032042939662933353 -0.0017203499376773834 0.16855428695678712
v 0.032042939662933353 -0.001338450014591217 0.16879758834838868
v 0.032042939662933353 -0.0009116099774837494 0.16894874572753907
v 0.032042939662933353 -0.00046170998364686967 0.16899999618530273
v 0.036242449283599855 -0.0028271999955177306 0.1678452491760254
v 0.04015577793121338 -0.004448150098323822 0.1678452491760254
v 0.04351623058319092 -0.007026709914207459 0.1678452491760254
v 0.04609478950500488 -0.010387159585952759 0.1678452491760254
v 0.047715740203857424 -0.01430048942565918 0.1678452491760254
v 0.0482686185836792 -0.01850000023841858 0.1678452491760254
v 0.047715740203857424 -0.02269951105117798 0.1678452491760254
v 0.04609478950500488 -0.026612839698791503 0.1678452491760254
v 0.04351623058319092 -0.02997328996658325 0.1678452491760254
v 0.04015577793121338 -0.03255184888839722 0.1678452491760254
v 0.036242449283599855 -0.03417279958724976 0.1678452491760254
v 0.032042939662933353 -0.034725680351257324 0.1678452491760254
v 0.027843430042266845 -0.03417279958724976 0.1678452491760254
v 0.02393009901046753 -0.03255184888839722 0.1678452491760254
v 0.02056965112686157 -0.02997328996658325 0.1678452491760254
v 0.017991089820861818 -0.026612839698791503 0.1678452491760254
v 0.017786190509796143 -0.026731140613555908 0.16823131561279298
v 0.017511329650878905 -0.026889829635620116 0.16855428695678712
v 0.0171806001663208 -0.02708077907562256 0.16879758834838868
v 0.01681095004081726 -0.027294199466705322 0.16894874572753907
v 0.01642132043838501 -0.02751914978027344 0.16899999618530273
v 0.01928794026374817 -0.03125499963760376 0.16899999618530273
v 0.023023788928985597 -0.03412162065505982 0.16899999618530273
v 0.02737428903579712 -0.03592365026473999 0.16899999618530273
v 0.032042939662933353 -0.03653829097747803 0.16899999618530273
v 0.03671159029006958 -0.03592365026473999 0.16899999618530273
v 0.041062088012695314 -0.03412162065505982 0.16899999618530273
v 0.044797940254211424 -0.03125499963760376 0.16899999618530273
v 0.04766456127166748 -0.02751914978027344 0.16899999618530273
v 0.04946659088134766 -0.023168649673461914 0.16899999618530273
v 0.0500812292098999 -0.01850000023841858 0.16899999618530273
v 0.04946659088134766 -0.013831349611282349 0.16899999618530273
v 0.04766456127166748 -0.009480850100517272 0.16899999618530273
v 0.044797940254211424 -0.005745000243186951 0.16899999618530273
v 0.041062088012695314 -0.0028783801198005677 0.16899999618530273
v 0.03671159029006958 -0.00107634998857975 0.16899999618530273
v 0.03630368947982788 -0.0025986701250076297 0.16823131561279298
v 0.036385829448699954 -0.0022921000421047212 0.16855428695678712
v 0.03648468017578125 -0.0019232100248336792 0.16879758834838868
v 0.036595149040222166 -0.0015109199285507201 0.16894874572753907
v 0.04027408123016357 -0.0042432498931884765 0.16823131561279298
v 0.040432767868041994 -0.003968389928340912 0.16855428695678712
v 0.04062372207641601 -0.0036376601457595824 0.16879758834838868
v 0.04083714008331299 -0.0032680100202560425 0.16894874572753907
v 0.04368351936340332 -0.006859419941902161 0.16823131561279298
v 0.04390795230865479 -0.006634989976882935 0.16855428695678712
v 0.0441779899597168 -0.006364949941635132 0.16879758834838868
v 0.044479808807373046 -0.0060631299018859865 0.16894874572753907
v 0.04629969120025635 -0.01026885986328125 0.16823131561279298
v 0.046574549674987795 -0.010110169649124146 0.16855428695678712
v 0.0469052791595459 -0.009919220209121704 0.16879758834838868
v 0.047274928092956546 -0.009705799818038941 0.16894874572753907
v 0.04794426918029785 -0.014239250421524048 0.16823131561279298
v 0.04825084209442139 -0.014157110452651977 0.16855428695678712
v 0.04861972808837891 -0.014058259725570678 0.16879758834838868
v 0.04903202056884766 -0.013947789669036866 0.16894874572753907
v 0.048505210876464845 -0.01850000023841858 0.16823131561279298
v 0.04882258892059326 -0.01850000023841858 0.16855428695678712
v 0.04920448780059815 -0.01850000023841858 0.16879758834838868
v 0.04963132858276367 -0.01850000023841858 0.16894874572753907
v 0.04794426918029785 -0.022760748863220215 0.16823131561279298
v 0.04825084209442139 -0.022842888832092286 0.16855428695678712
v 0.04861972808837891 -0.022941739559173585 0.16879758834838868
v 0.04903202056884766 -0.023052210807800292 0.16894874572753907
v 0.04629969120025635 -0.026731140613555908 0.16823131561279298
v 0.046574549674987795 -0.026889829635620116 0.16855428695678712
v 0.0469052791595459 -0.02708077907562256 0.16879758834838868
v 0.047274928092956546 -0.027294199466705322 0.16894874572753907
v 0.04368351936340332 -0.030140581130981448 0.16823131561279298
v 0.04390795230865479 -0.03036500930786133 0.16855428695678712
v 0.0441779899597168 -0.030635049343109132 0.16879758834838868
v 0.044479808807373046 -0.030936870574951172 0.16894874572753907
v 0.04027408123016357 -0.03275675058364868 0.16823131561279298
v 0.040432767868041994 -0.03303160905838013 0.16855428695678712
v 0.04062372207641601 -0.03336234092712403 0.16879758834838868
v 0.04083714008331299 -0.03373198986053467 0.16894874572753907
v 0.03630368947982788 -0.03440133094787598 0.16823131561279298
v 0.036385829448699954 -0.03470789909362793 0.16855428695678712
v 0.03648468017578125 -0.03507678985595703 0.16879758834838868
v 0.036595149040222166 -0.03548907995223999 0.16894874572753907
v 0.032042939662933353 -0.03496227025985718 0.16823131561279298
v 0.032042939662933353 -0.03527965068817139 0.16855428695678712
v 0.032042939662933353 -0.03566154956817627 0.16879758834838868
v 0.032042939662933353 -0.036088390350341795 0.16894874572753907
v 0.027782189846038818 -0.03440133094787598 0.16823131561279298
v 0.02770004987716675 -0.03470789909362793 0.16855428695678712
v 0.02760119915008545 -0.03507678985595703 0.16879758834838868
v 0.02749073028564453 -0.03548907995223999 0.16894874572753907
v 0.023811800479888918 -0.03275675058364868 0.16823131561279298
v 0.023653109073638916 -0.03303160905838013 0.16855428695678712
v 0.023462159633636476 -0.03336234092712403 0.16879758834838868
v 0.02324873924255371 -0.03373198986053467 0.16894874572753907
v 0.020402359962463378 -0.030140581130981448 0.16823131561279298
v 0.020177929401397704 -0.03036500930786133 0.16855428695678712
v 0.019907890558242797 -0.030635049343109132 0.16879758834838868
v 0.019606070518493654 -0.030936870574951172 0.16894874572753907
v 0.014093979597091674 -0.019862840175628664 0.1678452491760254
v 0.013889080286026001 -0.019981139898300172 0.16823131561279298
v 0.013614219427108765 -0.020139830112457277 0.16855428695678712
v 0.01328348994255066 -0.020330779552459717 0.16879758834838868
v 0.012913830280303955 -0.02054419994354248 0.16894874572753907
v 0.01252419948577881 -0.020769150257110597 0.16899999618530273
v 0.011724510192871095 -0.021230850219726562 0.16899999618530273
v 0.011334880590438842 -0.02145580053329468 0.16894874572753907
v 0.010965230464935303 -0.021669220924377442 0.16879758834838868
v 0.010634490251541139 -0.021860170364379882 0.16855428695678712
v 0.010359630584716797 -0.022018859386444094 0.16823131561279298
v 0.010154739618301392 -0.022137160301208495 0.1678452491760254
v 0.014051849842071534 -0.028887159824371338 0.1678452491760254
v 0.014256750345230104 -0.028768858909606933 0.16823131561279298
v 0.014531610012054443 -0.028610169887542725 0.16855428695678712
v 0.014862339496612548 -0.028419220447540285 0.16879758834838868
v 0.01523198962211609 -0.02820580005645752 0.16894874572753907
v 0.015621620416641236 -0.027980849742889405 0.16899999618530273
v 0.015672800540924074 -0.03280049085617066 0.1678452491760254
v 0.016225680112838745 -0.03700000047683716 0.1678452491760254
v 0.015672800540924074 -0.04119950771331787 0.1678452491760254
v 0.014051849842071534 -0.045112838745117186 0.1678452491760254
v 0.011473289728164674 -0.04847329139709473 0.1678452491760254
v 0.008112840056419372 -0.051051850318908694 0.1678452491760254
v 0.004199509918689728 -0.05267280101776123 0.1678452491760254
v 0.0 -0.053225679397583006 0.1678452491760254
v -0.004199509918689728 -0.05267280101776123 0.1678452491760254
v -0.008112840056419372 -0.051051850318908694 0.1678452491760254
v -0.011473289728164674 -0.04847329139709473 0.1678452491760254
v -0.014051849842071534 -0.045112838745117186 0.1678452491760254
v -0.015672800540924074 -0.04119950771331787 0.1678452491760254
v -0.016225680112838745 -0.03700000047683716 0.1678452491760254
v -0.015672800540924074 -0.03280049085617066 0.1678452491760254
v -0.014051849842071534 -0.028887159824371338 0.1678452491760254
v -0.014256750345230104 -0.028768858909606933 0.16823131561279298
v -0.014531610012054443 -0.028610169887542725 0.16855428695678712
v -0.014862339496612548 -0.028419220447540285 0.16879758834838868
v -0.01523198962211609 -0.02820580005645752 0.16894874572753907
v -0.015621620416641236 -0.027980849742889405 0.16899999618530273
v -0.017423650026321413 -0.03233134984970093 0.16899999618530273
v -0.018038289546966554 -0.03700000047683716 0.16899999618530273
v -0.017423650026321413 -0.0416686487197876 0.16899999618530273
v -0.015621620416641236 -0.046019148826599125 0.16899999618530273
v -0.012755000591278076 -0.049755001068115236 0.16899999618530273
v -0.009019150137901307 -0.05262162208557129 0.16899999618530273
v -0.0046686500310897825 -0.054423651695251464 0.16899999618530273
v 0.0 -0.05503829002380371 0.16899999618530273
v 0.0046686500310897825 -0.054423651695251464 0.16899999618530273
v 0.009019150137901307 -0.05262162208557129 0.16899999618530273
v 0.012755000591278076 -0.049755001068115236 0.16899999618530273
v 0.015621620416641236 -0.046019148826599125 0.16899999618530273
v 0.017423650026321413 -0.0416686487197876 0.16899999618530273
v 0.018038289546966554 -0.03700000047683716 0.16899999618530273
v 0.017423650026321413 -0.03233134984970093 0.16899999618530273
v 0.0159013295173645 -0.032739250659942626 0.16823131561279298
v 0.016207900047302246 -0.03265711069107056 0.16855428695678712
v 0.016576789617538452 -0.032558259963989256 0.16879758834838868
v 0.016989079713821412 -0.03244779109954834 0.16894874572753907
v 0.0164622700214386 -0.03700000047683716 0.16823131561279298
v 0.016779650449752808 -0.03700000047683716 0.16855428695678712
v 0.017161550521850585 -0.03700000047683716 0.16879758834838868
v 0.01758839011192322 -0.03700000047683716 0.16894874572753907
v 0.0159013295173645 -0.0412607479095459 0.16823131561279298
v 0.016207900047302246 -0.04134288787841797 0.16855428695678712
v 0.016576789617538452 -0.04144174098968506 0.16879758834838868
v 0.016989079713821412 -0.04155220985412598 0.16894874572753907
v 0.014256750345230104 -0.045231142044067384 0.16823131561279298
v 0.014531610012054443 -0.0453898286819458 0.16855428695678712
v 0.014862339496612548 -0.045580778121948246 0.16879758834838868
v 0.01523198962211609 -0.0457942008972168 0.16894874572753907
v 0.01164057970046997 -0.04864058017730713 0.16823131561279298
v 0.011865010261535644 -0.048865008354187014 0.16855428695678712
v 0.012135050296783448 -0.049135050773620605 0.16879758834838868
v 0.012436870336532593 -0.04943686962127686 0.16894874572753907
v 0.008231139779090882 -0.051256752014160155 0.16823131561279298
v 0.008389829993247985 -0.0515316104888916 0.16855428695678712
v 0.008580780029296875 -0.05186233997344971 0.16879758834838868
v 0.008794199824333191 -0.05223198890686035 0.16894874572753907
v 0.004260750114917756 -0.05290132999420166 0.16823131561279298
v 0.004342890083789825 -0.053207898139953615 0.16855428695678712
v 0.004441739916801453 -0.053576788902282714 0.16879758834838868
v 0.004552209973335266 -0.053989081382751464 0.16894874572753907
v 0.0 -0.05346227169036866 0.16823131561279298
v 0.0 -0.05377964973449707 0.16855428695678712
v 0.0 -0.05416154861450195 0.16879758834838868
v 0.0 -0.054588389396667485 0.16894874572753907
v -0.004260750114917756 -0.05290132999420166 0.16823131561279298
v -0.004342890083789825 -0.053207898139953615 0.16855428695678712
v -0.004441739916801453 -0.053576788902282714 0.16879758834838868
v -0.004552209973335266 -0.053989081382751464 0.16894874572753907
v -0.008231139779090882 -0.051256752014160155 0.16823131561279298
v -0.008389829993247985 -0.0515316104888916 0.16855428695678712
v -0.008580780029296875 -0.05186233997344971 0.16879758834838868
v -0.008794199824333191 -0.05223198890686035 0.16894874572753907
v -0.01164057970046997 -0.04864058017730713 0.16823131561279298
v -0.011865010261535644 -0.048865008354187014 0.16855428695678712
v -0.012135050296783448 -0.049135050773620605 0.16879758834838868
v -0.012436870336532593 -0.04943686962127686 0.16894874572753907
v -0.014256750345230104 -0.045231142044067384 0.16823131561279298
v -0.014531610012054443 -0.0453898286819458 0.16855428695678712
v -0.014862339496612548 -0.045580778121948246 0.16879758834838868
v -0.01523198962211609 -0.0457942008972168 0.16894874572753907
v -0.0159013295173645 -0.0412607479095459 0.16823131561279298
v -0.016207900047302246 -0.04134288787841797 0.16855428695678712
v -0.016576789617538452 -0.04144174098968506 0.16879758834838868
v -0.016989079713821412 -0.04155220985412598 0.16894874572753907
v -0.0164622700214386 -0.03700000047683716 0.16823131561279298
v -0.016779650449752808 -0.03700000047683716 0.16855428695678712
v -0.017161550521850585 -0.03700000047683716 0.16879758834838868
v -0.01758839011192322 -0.03700000047683716 0.16894874572753907
v -0.0159013295173645 -0.032739250659942626 0.16823131561279298
v -0.016207900047302246 -0.03265711069107056 0.16855428695678712
v -0.016576789617538452 -0.032558259963989256 0.16879758834838868
v -0.016989079713821412 -0.03244779109954834 0.16894874572753907
v -0.010154739618301392 -0.022137160301208495 0.1678452491760254
v -0.010359630584716797 -0.022018859386444094 0.16823131561279298
v -0.010634490251541139 -0.021860170364379882 0.16855428695678712
v -0.010965230464935303 -0.021669220924377442 0.16879758834838868
v -0.011334880590438842 -0.02145580053329468 0.16894874572753907
v -0.011724510192871095 -0.021230850219726562 0.16899999618530273
v -0.01252419948577881 -0.020769150257110597 0.16899999618530273
v -0.012913830280303955 -0.02054419994354248 0.16894874572753907
v -0.01328348994255066 -0.020330779552459717 0.16879758834838868
v -0.013614219427108765 -0.020139830112457277 0.16855428695678712
v -0.013889080286026001 -0.019981139898300172 0.16823131561279298
v -0.014093979597091674 -0.019862840175628664 0.1678452491760254
v -0.017991089820861818 -0.026612839698791503 0.1678452491760254
v -0.017786190509796143 -0.026731140613555908 0.16823131561279298
v -0.017511329650878905 -0.026889829635620116 0.16855428695678712
v -0.0171806001663208 -0.02708077907562256 0.16879758834838868
v -0.01681095004081726 -0.027294199466705322 0.16894874572753907
v -0.01642132043838501 -0.02751914978027344 0.16899999618530273
v -0.02056965112686157 -0.02997328996658325 0.1678452491760254
v -0.02393009901046753 -0.03255184888839722 0.1678452491760254
v -0.027843430042266845 -0.03417279958724976 0.1678452491760254
v -0.032042939662933353 -0.034725680351257324 0.1678452491760254
v -0.036242449283599855 -0.03417279958724976 0.1678452491760254
v -0.04015577793121338 -0.03255184888839722 0.1678452491760254
v -0.04351623058319092 -0.02997328996658325 0.1678452491760254
v -0.04609478950500488 -0.026612839698791503 0.1678452491760254
v -0.047715740203857424 -0.02269951105117798 0.1678452491760254
v -0.0482686185836792 -0.01850000023841858 0.1678452491760254
v -0.047715740203857424 -0.01430048942565918 0.1678452491760254
v -0.04609478950500488 -0.010387159585952759 0.1678452491760254
v -0.04351623058319092 -0.007026709914207459 0.1678452491760254
v -0.04015577793121338 -0.004448150098323822 0.1678452491760254
v -0.036242449283599855 -0.0028271999955177306 0.1678452491760254
v -0.032042939662933353 -0.002274319976568222 0.1678452491760254
v -0.032042939662933353 -0.0020377300679683685 0.16823131561279298
v -0.032042939662933353 -0.0017203499376773834 0.16855428695678712
v -0.032042939662933353 -0.001338450014591217 0.16879758834838868
v -0.032042939662933353 -0.0009116099774837494 0.16894874572753907
v -0.032042939662933353 -0.00046170998364686967 0.16899999618530273
v -0.03671159029006958 -0.00107634998857975 0.16899999618530273
v -0.041062088012695314 -0.0028783801198005677 0.16899999618530273
v -0.044797940254211424 -0.005745000243186951 0.16899999618530273
v -0.04766456127166748 -0.009480850100517272 0.16899999618530273
v -0.04946659088134766 -0.013831349611282349 0.16899999618530273
v -0.0500812292098999 -0.01850000023841858 0.16899999618530273
v -0.04946659088134766 -0.023168649673461914 0.16899999618530273
v -0.04766456127166748 -0.02751914978027344 0.16899999618530273
v -0.044797940254211424 -0.03125499963760376 0.16899999618530273
v -0.041062088012695314 -0.03412162065505982 0.16899999618530273
v -0.03671159029006958 -0.03592365026473999 0.16899999618530273
v -0.032042939662933353 -0.03653829097747803 0.16899999618530273
v -0.02737428903579712 -0.03592365026473999 0.16899999618530273
v -0.023023788928985597 -0.03412162065505982 0.16899999618530273
v -0.01928794026374817 -0.03125499963760376 0.16899999618530273
v -0.020402359962463378 -0.030140581130981448 0.16823131561279298
v -0.020177929401397704 -0.03036500930786133 0.16855428695678712
v -0.019907890558242797 -0.030635049343109132 0.16879758834838868
v -0.019606070518493654 -0.030936870574951172 0.16894874572753907
v -0.023811800479888918 -0.03275675058364868 0.16823131561279298
v -0.023653109073638916 -0.03303160905838013 0.16855428695678712
v -0.023462159633636476 -0.03336234092712403 0.16879758834838868
v -0.02324873924255371 -0.03373198986053467 0.16894874572753907
v -0.027782189846038818 -0.03440133094787598 0.16823131561279298
v -0.02770004987716675 -0.03470789909362793 0.16855428695678712
v -0.02760119915008545 -0.03507678985595703 0.16879758834838868
v -0.02749073028564453 -0.03548907995223999 0.16894874572753907
v -0.032042939662933353 -0.03496227025985718 0.16823131561279298
v -0.032042939662933353 -0.03527965068817139 0.16855428695678712
v -0.032042939662933353 -0.03566154956817627 0.16879758834838868
v -0.032042939662933353 -0.036088390350341795 0.16894874572753907
v -0.03630368947982788 -0.03440133094787598 0.16823131561279298
v -0.036385829448699954 -0.03470789909362793 0.16855428695678712
v -0.03648468017578125 -0.03507678985595703 0.16879758834838868
v -0.036595149040222166 -0.03548907995223999 0.16894874572753907
v -0.04027408123016357 -0.03275675058364868 0.16823131561279298
v -0.040432767868041994 -0.03303160905838013 0.16855428695678712
v -0.04062372207641601 -0.03336234092712403 0.16879758834838868
v -0.04083714008331299 -0.03373198986053467 0.16894874572753907
v -0.04368351936340332 -0.030140581130981448 0.16823131561279298
v -0.04390795230865479 -0.03036500930786133 0.16855428695678712
v -0.0441779899597168 -0.030635049343109132 0.16879758834838868
v -0.044479808807373046 -0.030936870574951172 0.16894874572753907
v -0.04629969120025635 -0.026731140613555908 0.16823131561279298
v -0.046574549674987795 -0.026889829635620116 0.16855428695678712
v -0.0469052791595459 -0.02708077907562256 0.16879758834838868
v -0.047274928092956546 -0.027294199466705322 0.16894874572753907
v -0.04794426918029785 -0.022760748863220215 0.16823131561279298
v -0.04825084209442139 -0.022842888832092286 0.16855428695678712
v -0.04861972808837891 -0.022941739559173585 0.16879758834838868
v -0.04903202056884766 -0.023052210807800292 0.16894874572753907
v -0.048505210876464845 -0.01850000023841858 0.16823131561279298
v -0.04882258892059326 -0.01850000023841858 0.16855428695678712
v -0.04920448780059815 -0.01850000023841858 0.16879758834838868
v -0.04963132858276367 -0.01850000023841858 0.16894874572753907
v -0.04794426918029785 -0.014239250421524048 0.16823131561279298
v -0.04825084209442139 -0.014157110452651977 0.16855428695678712
v -0.04861972808837891 -0.014058259725570678 0.16879758834838868
v -0.04903202056884766 -0.013947789669036866 0.16894874572753907
v -0.04629969120025635 -0.01026885986328125 0.16823131561279298
v -0.046574549674987795 -0.010110169649124146 0.16855428695678712
v -0.0469052791595459 -0.009919220209121704 0.16879758834838868
v -0.047274928092956546 -0.009705799818038941 0.16894874572753907
v -0.04368351936340332 -0.006859419941902161 0.16823131561279298
v -0.04390795230865479 -0.006634989976882935 0.16855428695678712
v -0.0441779899597168 -0.006364949941635132 0.16879758834838868
v -0.044479808807373046 -0.0060631299018859865 0.16894874572753907
v -0.04027408123016357 -0.0042432498931884765 0.16823131561279298
v -0.040432767868041994 -0.003968389928340912 0.16855428695678712
v -0.04062372207641601 -0.0036376601457595824 0.16879758834838868
v -0.04083714008331299 -0.0032680100202560425 0.16894874572753907
v -0.03630368947982788 -0.0025986701250076297 0.16823131561279298
v -0.036385829448699954 -0.0022921000421047212 0.16855428695678712
v -0.03648468017578125 -0.0019232100248336792 0.16879758834838868
v -0.036595149040222166 -0.0015109199285507201 0.16894874572753907
v -0.024248709678649904 -0.002274319976568222 0.1678452491760254
v -0.024248709678649904 -0.0020377300679683685 0.16823131561279298
v -0.024248709678649904 -0.0017203499376773834 0.16855428695678712
v -0.024248709678649904 -0.001338450014591217 0.16879758834838868
v -0.024248709678649904 -0.0009116099774837494 0.16894874572753907
v -0.024248709678649904 -0.00046170998364686967 0.16899999618530273
v -0.052213001251220706 0.008496090173721313 0.1641130828857422
v -0.05404201030731201 0.01370934009552002 0.1641130828857422
v -0.05454636096954346 0.019211050271987915 0.1641130828857422
v -0.0536956787109375 0.024669950008392335 0.1641130828857422
v -0.051541199684143064 0.029757320880889893 0.1641130828857422
v -0.04821263790130615 0.03416685104370117 0.1641130828857422
v -0.0439104413986206 0.03763300895690918 0.1641130828857422
v -0.03889364004135132 0.03994708061218262 0.1641130828857422
v -0.0334643292427063 0.040969738960266115 0.1641130828857422
v -0.027949440479278564 0.04063939094543457 0.1641130828857422
v -0.027885808944702148 0.04098350048065186 0.1630821990966797
v -0.027864270210266114 0.041100049018859865 0.16200000762939454
v -0.027885808944702148 0.04098350048065186 0.16091779708862305
v -0.027949440479278564 0.04063939094543457 0.15988691329956056
v -0.0334643292427063 0.040969738960266115 0.15988691329956056
v -0.03889364004135132 0.03994708061218262 0.15988691329956056
v -0.0439104413986206 0.03763300895690918 0.15988691329956056
v -0.04821263790130615 0.03416685104370117 0.15988691329956056
v -0.051541199684143064 0.029757320880889893 0.15988691329956056
v -0.0536956787109375 0.024669950008392335 0.15988691329956056
v -0.05454636096954346 0.019211050271987915 0.15988691329956056
v -0.05404201030731201 0.01370934009552002 0.15988691329956056
v -0.052213001251220706 0.008496090173721313 0.15988691329956056
v -0.05252649784088135 0.008340610265731812 0.1630821990966797
v -0.05263267993927002 0.00828794002532959 0.16200000762939454
v -0.05252649784088135 0.008340610265731812 0.16091779708862305
v -0.05438394069671631 0.013634879589080811 0.1630821990966797
v -0.05449974060058594 0.013609659671783448 0.16200000762939454
v -0.05438394069671631 0.013634879589080811 0.16091779708862305
v -0.054896121025085454 0.019222099781036377 0.1630821990966797
v -0.05501459121704102 0.019225850105285644 0.16200000762939454
v -0.054896121025085454 0.019222099781036377 0.16091779708862305
v -0.05403223037719727 0.024765849113464355 0.1630821990966797
v -0.05414620876312256 0.02479832887649536 0.16200000762939454
v -0.05403223037719727 0.024765849113464355 0.16091779708862305
v -0.05184425830841065 0.02993230104446411 0.1630821990966797
v -0.05194690227508545 0.029991559982299805 0.16200000762939454
v -0.05184425830841065 0.02993230104446411 0.16091779708862305
v -0.048463959693908695 0.034410359859466555 0.1630821990966797
v -0.04854907989501953 0.034492828845977784 0.16200000762939454
v -0.048463959693908695 0.034410359859466555 0.16091779708862305
v -0.04409489154815674 0.03793039083480835 0.1630821990966797
v -0.04415736198425293 0.03803111076354981 0.16200000762939454
v -0.04409489154815674 0.03793039083480835 0.16091779708862305
v -0.03900012016296387 0.04028042793273926 0.1630821990966797
v -0.03903618097305298 0.04039332866668701 0.16200000762939454
v -0.03900012016296387 0.04028042793273926 0.16091779708862305
v -0.03348643064498901 0.04131897926330567 0.1630821990966797
v -0.03349390983581543 0.04143725872039795 0.16200000762939454
v -0.03348643064498901 0.04131897926330567 0.16091779708862305
v -0.04784563064575195 0.005014910101890564 0.1561547565460205
v -0.04683778762817383 0.0035054200887680055 0.1561547565460205
v -0.04620995044708252 0.0018024499714374542 0.1561547565460205
v -0.04599674224853516 0.0 0.1561547565460205
v -0.04620995044708252 -0.0018024499714374542 0.1561547565460205
v -0.04683778762817383 -0.0035054200887680055 0.1561547565460205
v -0.047665648460388184 -0.005168489813804626 0.15576868057250978
v -0.04742423057556153 -0.005374510288238526 0.15544570922851564
v -0.04713372230529785 -0.005622410178184509 0.15520240783691405
v -0.0468090295791626 -0.005899479985237122 0.15505125999450683
v -0.046466798782348634 -0.006191520094871521 0.155
v -0.04903005123138428 -0.010074770450592041 0.155
v -0.05057043075561524 -0.014465329647064208 0.155
v -0.050995187759399416 -0.01909883975982666 0.155
v -0.050278749465942386 -0.0236962890625 0.155
v -0.04846426010131836 -0.027980849742889405 0.155
v -0.045660967826843264 -0.03169452905654907 0.155
v -0.04203767776489258 -0.03461370944976807 0.155
v -0.037812559604644774 -0.03656260967254639 0.155
v -0.03324002981185913 -0.037423880100250245 0.155
v -0.04943309783935547 -0.00987487018108368 0.15505125999450683
v -0.049815487861633305 -0.00968520998954773 0.15520240783691405
v -0.05015761852264405 -0.009515519738197326 0.15544570922851564
v -0.050441951751708985 -0.009374499917030335 0.15576868057250978
v -0.05101003170013428 -0.01436959981918335 0.15505125999450683
v -0.051427087783813476 -0.014278780221939086 0.15520240783691405
v -0.05180024147033691 -0.014197520017623902 0.15544570922851564
v -0.05211036205291748 -0.014129990339279174 0.15576868057250978
v -0.05144485950469971 -0.019113049507141114 0.15505125999450683
v -0.05187149047851563 -0.019126529693603515 0.15520240783691405
v -0.05225319862365723 -0.01913859009742737 0.15544570922851564
v -0.05257041931152344 -0.01914862036705017 0.15576868057250978
v -0.0507114315032959 -0.023819589614868165 0.15505125999450683
v -0.05112193107604981 -0.023936560153961183 0.15520240783691405
v -0.05148921012878418 -0.02404120922088623 0.15544570922851564
v -0.05179443836212158 -0.024128189086914064 0.15576868057250978
v -0.048853888511657714 -0.02820580005645752 0.15505125999450683
v -0.04922354221343994 -0.028419220447540285 0.15520240783691405
v -0.049554271697998045 -0.028610169887542725 0.15544570922851564
v -0.0498291301727295 -0.028768858909606933 0.15576868057250978
v -0.045984082221984864 -0.03200758934020996 0.15505125999450683
v -0.04629063129425049 -0.0323046088218689 0.15520240783691405
v -0.04656490802764893 -0.03257035970687866 0.15544570922851564
v -0.0467928409576416 -0.03279120922088623 0.15576868057250978
v -0.04227481842041016 -0.03499603033065796 0.15505125999450683
v -0.04249980926513672 -0.03535876035690308 0.15520240783691405
v -0.04270111083984375 -0.03568330049514771 0.15544570922851564
v -0.042868399620056154 -0.03595300912857056 0.15576868057250978
v -0.037949459552764894 -0.0369911789894104 0.15505125999450683
v -0.0380793309211731 -0.037397780418396 0.15520240783691405
v -0.03819554090499878 -0.037761569023132324 0.15544570922851564
v -0.038292109966278076 -0.038063900470733644 0.15576868057250978
v -0.03326843023300171 -0.037872889041900636 0.15505125999450683
v -0.03329538106918335 -0.03829886913299561 0.15520240783691405
v -0.0333194899559021 -0.038680009841918946 0.15544570922851564
v -0.033339529037475585 -0.038996760845184324 0.15576868057250978
v 0.045222511291503904 -0.004327870011329651 0.155
v 0.04444736003875732 -0.0022253499925136565 0.155
v 0.04418413162231445 0.0 0.155
v 0.04444736003875732 0.0022253499925136565 0.155
v 0.045222511291503904 0.004327870011329651 0.155
v 0.046466798782348634 0.006191520094871521 0.155
v 0.0468090295791626 0.005899479985237122 0.15505125999450683
v 0.04713372230529785 0.005622410178184509 0.15520240783691405
v 0.04742423057556153 0.005374510288238526 0.15544570922851564
v 0.047665648460388184 0.005168489813804626 0.15576868057250978
v 0.045623431205749514 -0.004123730063438416 0.15505125999450683
v 0.046003799438476566 -0.003930059969425201 0.15520240783691405
v 0.0463441276550293 -0.003756780028343201 0.15544570922851564
v 0.0466269588470459 -0.003612770140171051 0.15576868057250978
v 0.044884839057922364 -0.0021203799545764924 0.15505125999450683
v 0.04529990196228027 -0.0020207999646663665 0.15520240783691405
v 0.04567125797271729 -0.001931699961423874 0.15544570922851564
v 0.045979881286621095 -0.0018576499819755554 0.15576868057250978
v 0.044634032249450686 0.0 0.15505125999450683
v 0.04506086826324463 0.0 0.15520240783691405
v 0.0454427719116211 0.0 0.15544570922851564
v 0.045760149955749514 0.0 0.15576868057250978
v 0.044884839057922364 0.0021203799545764924 0.15505125999450683
v 0.04529990196228027 0.0020207999646663665 0.15520240783691405
v 0.04567125797271729 0.001931699961423874 0.15544570922851564
v 0.045979881286621095 0.0018576499819755554 0.15576868057250978
v 0.045623431205749514 0.004123730063438416 0.15505125999450683
v 0.046003799438476566 0.003930059969425201 0.15520240783691405
v 0.0463441276550293 0.003756780028343201 0.15544570922851564
v 0.0466269588470459 0.003612770140171051 0.15576868057250978
v 0.04903005123138428 0.010074770450592041 0.155
v 0.05057043075561524 0.014465329647064208 0.155
v 0.050995187759399416 0.01909883975982666 0.155
v 0.050278749465942386 0.0236962890625 0.155
v 0.04846426010131836 0.027980849742889405 0.155
v 0.045660967826843264 0.03169452905654907 0.155
v 0.04203767776489258 0.03461370944976807 0.155
v 0.037812559604644774 0.03656260967254639 0.155
v 0.03324002981185913 0.037423880100250245 0.155
v 0.028595418930053712 0.03714566946029663 0.155
v 0.028513619899749758 0.03758806943893433 0.15505125999450683
v 0.028436009883880616 0.03800780057907104 0.15520240783691405
v 0.02836658000946045 0.038383328914642335 0.15544570922851564
v 0.028308870792388918 0.03869541883468628 0.15576868057250978
v 0.028265860080718994 0.038928070068359376 0.1561547565460205
v 0.033354458808898924 0.03923288106918335 0.1561547565460205
v 0.038364100456237796 0.038289270401000976 0.1561547565460205
v 0.042993111610412596 0.036154069900512696 0.1561547565460205
v 0.04696276187896729 0.03295583963394165 0.1561547565460205
v 0.05003403186798096 0.028887159824371338 0.1561547565460205
v 0.05202198028564453 0.024193029403686523 0.1561547565460205
v 0.0528069019317627 0.019156090021133422 0.1561547565460205
v 0.05234152793884277 0.014079649448394776 0.1561547565460205
v 0.050653901100158695 0.009269369840621948 0.1561547565460205
v 0.04943309783935547 0.009874860048294068 0.15505125999450683
v 0.049815487861633305 0.00968520998954773 0.15520240783691405
v 0.05015761852264405 0.009515519738197326 0.15544570922851564
v 0.050441951751708985 0.009374499917030335 0.15576868057250978
v 0.05101003170013428 0.01436959981918335 0.15505125999450683
v 0.051427087783813476 0.014278780221939086 0.15520240783691405
v 0.05180024147033691 0.014197520017623902 0.15544570922851564
v 0.05211036205291748 0.014129990339279174 0.15576868057250978
v 0.05144485950469971 0.019113049507141114 0.15505125999450683
v 0.05187149047851563 0.019126529693603515 0.15520240783691405
v 0.05225319862365723 0.01913859009742737 0.15544570922851564
v 0.05257041931152344 0.01914862036705017 0.15576868057250978
v 0.0507114315032959 0.023819589614868165 0.15505125999450683
v 0.05112193107604981 0.023936560153961183 0.15520240783691405
v 0.05148921012878418 0.02404120922088623 0.15544570922851564
v 0.05179443836212158 0.024128189086914064 0.15576868057250978
v 0.048853888511657714 0.02820580005645752 0.15505125999450683
v 0.04922354221343994 0.028419220447540285 0.15520240783691405
v 0.049554271697998045 0.028610169887542725 0.15544570922851564
v 0.0498291301727295 0.028768858909606933 0.15576868057250978
v 0.045984082221984864 0.03200758934020996 0.15505125999450683
v 0.04629063129425049 0.0323046088218689 0.15520240783691405
v 0.04656490802764893 0.03257035970687866 0.15544570922851564
v 0.0467928409576416 0.03279120922088623 0.15576868057250978
v 0.04227481842041016 0.03499603033065796 0.15505125999450683
v 0.04249980926513672 0.03535876035690308 0.15520240783691405
v 0.04270111083984375 0.03568330049514771 0.15544570922851564
v 0.042868399620056154 0.03595300912857056 0.15576868057250978
v 0.037949459552764894 0.0369911789894104 0.15505125999450683
v 0.0380793309211731 0.037397780418396 0.15520240783691405
v 0.03819554090499878 0.037761569023132324 0.15544570922851564
v 0.038292109966278076 0.038063900470733644 0.15576868057250978
v 0.03326843023300171 0.037872889041900636 0.15505125999450683
v 0.03329538106918335 0.03829886913299561 0.15520240783691405
v 0.0333194899559021 0.038680009841918946 0.15544570922851564
v 0.033339529037475585 0.038996760845184324 0.15576868057250978
v 0.02635930061340332 0.03699990034103394 0.155
v 0.024150888919830322 0.03737986087799072 0.155
v 0.022092061042785646 0.03826457977294922 0.155
v 0.020296471118927004 0.0396052098274231 0.155
v 0.01886320948600769 0.041327781677246093 0.155
v 0.017871379852294922 0.04333718776702881 0.155
v 0.01829540967941284 0.043487548828125 0.15505125999450683
v 0.018697710037231446 0.043630208969116215 0.15520240783691405
v 0.019057650566101075 0.04375783920288086 0.15544570922851564
v 0.01935678005218506 0.04386391162872315 0.15576868057250978
v 0.019579770565032958 0.04394298076629639 0.1561547565460205
v 0.02038311004638672 0.042315430641174316 0.1561547565460205
v 0.02154400110244751 0.04092021942138672 0.1561547565460205
v 0.02299837112426758 0.039834349155426024 0.1561547565460205
v 0.024665939807891845 0.03911776065826416 0.1561547565460205
v 0.0264546799659729 0.038810009956359866 0.1561547565460205
v 0.026382970809936523 0.0374491810798645 0.15505125999450683
v 0.026405439376831055 0.03787543058395386 0.15520240783691405
v 0.026425530910491945 0.03825680017471313 0.15544570922851564
v 0.026442229747772217 0.038573739528656004 0.15576868057250978
v 0.02427872896194458 0.037811219692230225 0.15505125999450683
v 0.024400010108947753 0.038220469951629636 0.15520240783691405
v 0.02450853109359741 0.038586618900299074 0.15544570922851564
v 0.024598720073699953 0.03889091968536377 0.15576868057250978
v 0.022317020893096923 0.0386542010307312 0.15505125999450683
v 0.022530438899993895 0.03902385950088501 0.15520240783691405
v 0.02272139072418213 0.03935458898544312 0.15544570922851564
v 0.022880079746246337 0.03962944984436035 0.15576868057250978
v 0.020606119632720948 0.03993160009384155 0.15505125999450683
v 0.02089988946914673 0.040241270065307616 0.15520240783691405
v 0.021162729263305664 0.0405183219909668 0.15544570922851564
v 0.021381170749664308 0.04074857234954834 0.15576868057250978
v 0.019240460395812987 0.041572918891906736 0.15505125999450683
v 0.019598369598388673 0.04180549144744873 0.15520240783691405
v 0.019918600320816042 0.04201357841491699 0.15544570922851564
v 0.02018471956253052 0.042186517715454105 0.15576868057250978
v 0.015790020227432252 0.047498650550842285 0.155
v 0.012757869958877564 0.05102794170379639 0.155
v 0.008957509994506837 0.05371254920959473 0.155
v 0.004617780148983001 0.055390820503234864 0.155
v 0.0 0.055961709022521976 0.155
v -0.004617780148983001 0.055390820503234864 0.155
v -0.008957509994506837 0.05371254920959473 0.155
v -0.012757869958877564 0.05102794170379639 0.155
v -0.015790020227432252 0.047498650550842285 0.155
v -0.017871379852294922 0.04333718776702881 0.155
v -0.01829540967941284 0.043487548828125 0.15505125999450683
v -0.018697710037231446 0.043630208969116215 0.15520240783691405
v -0.019057650566101075 0.04375783920288086 0.15544570922851564
v -0.01935678005218506 0.04386391162872315 0.15576868057250978
v -0.019579770565032958 0.04394298076629639 0.1561547565460205
v -0.017299439907073975 0.0485022497177124 0.1561547565460205
v -0.013977440595626832 0.05236892223358154 0.1561547565460205
v -0.00981378972530365 0.05531015872955322 0.1561547565460205
v -0.005059210062026978 0.05714887142181396 0.1561547565460205
v 0.0 0.057774319648742675 0.1561547565460205
v 0.005059210062026978 0.05714887142181396 0.1561547565460205
v 0.00981378972530365 0.05531015872955322 0.1561547565460205
v 0.013977440595626832 0.05236892223358154 0.1561547565460205
v 0.017299439907073975 0.0485022497177124 0.1561547565460205
v 0.016164660453796387 0.0477477502822876 0.15505125999450683
v 0.01652011036872864 0.04798408031463623 0.15520240783691405
v 0.01683812975883484 0.04819552898406983 0.15544570922851564
v 0.017102420330047607 0.048371257781982424 0.15576868057250978
v 0.013060569763183594 0.05136077880859375 0.15505125999450683
v 0.013347760438919068 0.05167655944824219 0.15520240783691405
v 0.013604710102081299 0.05195909023284912 0.15544570922851564
v 0.013818249702453614 0.052193889617919924 0.15576868057250978
v 0.009170039892196655 0.05410909175872803 0.15505125999450683
v 0.009371680021286011 0.05448530197143555 0.15520240783691405
v 0.009552090167999268 0.05482190132141113 0.15544570922851564
v 0.009702020287513734 0.055101628303527835 0.15576868057250978
v 0.004727349877357483 0.055827178955078126 0.15505125999450683
v 0.00483130007982254 0.05624116897583008 0.15520240783691405
v 0.004924300014972687 0.05661157131195069 0.15544570922851564
v 0.005001599788665771 0.05691938877105713 0.15576868057250978
v 0.0 0.056411609649658204 0.15505125999450683
v 0.0 0.05683845043182373 0.15520240783691405
v 0.0 0.057220349311828615 0.15544570922851564
v 0.0 0.05753773212432861 0.15576868057250978
v -0.004727349877357483 0.055827178955078126 0.15505125999450683
v -0.00483130007982254 0.05624116897583008 0.15520240783691405
v -0.004924300014972687 0.05661157131195069 0.15544570922851564
v -0.005001590251922607 0.05691938877105713 0.15576868057250978
v -0.009170039892196655 0.05410909175872803 0.15505125999450683
v -0.009371680021286011 0.05448530197143555 0.15520240783691405
v -0.009552090167999268 0.05482190132141113 0.15544570922851564
v -0.009702020287513734 0.055101628303527835 0.15576868057250978
v -0.013060569763183594 0.05136077880859375 0.15505125999450683
v -0.013347760438919068 0.05167655944824219 0.15520240783691405
v -0.013604710102081299 0.05195909023284912 0.15544570922851564
v -0.013818249702453614 0.052193889617919924 0.15576868057250978
v -0.016164660453796387 0.0477477502822876 0.15505125999450683
v -0.01652011036872864 0.04798408031463623 0.15520240783691405
v -0.01683812975883484 0.04819552898406983 0.15544570922851564
v -0.017102420330047607 0.048371257781982424 0.15576868057250978
v -0.01886320948600769 0.041327781677246093 0.155
v -0.020296471118927004 0.0396052098274231 0.155
v -0.022092061042785646 0.03826457977294922 0.155
v -0.024150888919830322 0.03737987041473389 0.155
v -0.02635930061340332 0.03699990034103394 0.155
v -0.028595418930053712 0.03714566946029663 0.155
v -0.028513619899749758 0.03758806943893433 0.15505125999450683
v -0.028436009883880616 0.03800780057907104 0.15520240783691405
v -0.02836658000946045 0.038383328914642335 0.15544570922851564
v -0.028308870792388918 0.03869541883468628 0.15576868057250978
v -0.028265860080718994 0.038928070068359376 0.1561547565460205
v -0.0264546799659729 0.038810009956359866 0.1561547565460205
v -0.024665939807891845 0.03911776065826416 0.1561547565460205
v -0.02299837112426758 0.039834349155426024 0.1561547565460205
v -0.02154400110244751 0.04092021942138672 0.1561547565460205
v -0.02038311004638672 0.042315430641174316 0.1561547565460205
v -0.019240460395812987 0.041572918891906736 0.15505125999450683
v -0.019598369598388673 0.04180549144744873 0.15520240783691405
v -0.019918600320816042 0.04201357841491699 0.15544570922851564
v -0.02018471956253052 0.042186517715454105 0.15576868057250978
v -0.020606119632720948 0.039931609630584716 0.15505125999450683
v -0.02089988946914673 0.040241270065307616 0.15520240783691405
v -0.021162729263305664 0.0405183219909668 0.15544570922851564
v -0.021381170749664308 0.04074857234954834 0.15576868057250978
v -0.022317020893096923 0.03865421056747437 0.15505125999450683
v -0.022530438899993895 0.03902385950088501 0.15520240783691405
v -0.022721381187438966 0.03935458898544312 0.15544570922851564
v -0.022880079746246337 0.03962944984436035 0.15576868057250978
v -0.02427872896194458 0.037811219692230225 0.15505125999450683
v -0.024400010108947753 0.038220469951629636 0.15520240783691405
v -0.02450853109359741 0.038586618900299074 0.15544570922851564
v -0.024598720073699953 0.03889091968536377 0.15576868057250978
v -0.026382970809936523 0.0374491810798645 0.15505125999450683
v -0.026405429840087893 0.03787543058395386 0.15520240783691405
v -0.026425530910491945 0.03825680017471313 0.15544570922851564
v -0.026442229747772217 0.038573739528656004 0.15576868057250978
v -0.03324002981185913 0.037423880100250245 0.155
v -0.037812559604644774 0.03656260967254639 0.155
v -0.04203767776489258 0.03461370944976807 0.155
v -0.045660967826843264 0.03169452905654907 0.155
v -0.04846426010131836 0.027980849742889405 0.155
v -0.050278749465942386 0.0236962890625 0.155
v -0.050995187759399416 0.01909883975982666 0.155
v -0.05057043075561524 0.014465329647064208 0.155
v -0.04903005123138428 0.010074770450592041 0.155
v -0.046466798782348634 0.006191520094871521 0.155
v -0.0468090295791626 0.005899479985237122 0.15505125999450683
v -0.04713372230529785 0.005622410178184509 0.15520240783691405
v -0.04742423057556153 0.005374510288238526 0.15544570922851564
v -0.047665648460388184 0.005168489813804626 0.15576868057250978
v -0.050653901100158695 0.009269369840621948 0.1561547565460205
v -0.05234152793884277 0.014079649448394776 0.1561547565460205
v -0.0528069019317627 0.019156090021133422 0.1561547565460205
v -0.05202198028564453 0.024193029403686523 0.1561547565460205
v -0.05003403186798096 0.028887159824371338 0.1561547565460205
v -0.04696276187896729 0.03295583963394165 0.1561547565460205
v -0.042993111610412596 0.036154069900512696 0.1561547565460205
v -0.038364100456237796 0.038289270401000976 0.1561547565460205
v -0.033354458808898924 0.03923288106918335 0.1561547565460205
v -0.03326843023300171 0.037872889041900636 0.15505125999450683
v -0.03329538106918335 0.03829886913299561 0.15520240783691405
v -0.0333194899559021 0.038680009841918946 0.15544570922851564
v -0.033339529037475585 0.038996760845184324 0.15576868057250978
v -0.037949459552764894 0.0369911789894104 0.15505125999450683
v -0.0380793309211731 0.037397780418396 0.15520240783691405
v -0.03819554090499878 0.037761569023132324 0.15544570922851564
v -0.038292109966278076 0.038063900470733644 0.15576868057250978
v -0.04227481842041016 0.03499603033065796 0.15505125999450683
v -0.04249980926513672 0.03535876035690308 0.15520240783691405
v -0.04270111083984375 0.03568330049514771 0.15544570922851564
v -0.042868399620056154 0.03595300912857056 0.15576868057250978
v -0.045984082221984864 0.03200758934020996 0.15505125999450683
v -0.04629063129425049 0.0323046088218689 0.15520240783691405
v -0.04656490802764893 0.03257035970687866 0.15544570922851564
v -0.0467928409576416 0.03279120922088623 0.15576868057250978
v -0.048853888511657714 0.02820580005645752 0.15505125999450683
v -0.04922354221343994 0.028419220447540285 0.15520240783691405
v -0.049554271697998045 0.028610169887542725 0.15544570922851564
v -0.0498291301727295 0.028768858909606933 0.15576868057250978
v -0.0507114315032959 0.023819589614868165 0.15505125999450683
v -0.05112193107604981 0.023936560153961183 0.15520240783691405
v -0.05148921012878418 0.02404120922088623 0.15544570922851564
v -0.05179443836212158 0.024128189086914064 0.15576868057250978
v -0.05144485950469971 0.019113049507141114 0.15505125999450683
v -0.05187149047851563 0.019126529693603515 0.15520240783691405
v -0.05225319862365723 0.01913859009742737 0.15544570922851564
v -0.05257041931152344 0.01914862036705017 0.15576868057250978
v -0.05101003170013428 0.01436959981918335 0.15505125999450683
v -0.051427087783813476 0.014278780221939086 0.15520240783691405
v -0.05180024147033691 0.014197520017623902 0.15544570922851564
v -0.05211036205291748 0.014129990339279174 0.15576868057250978
v -0.04943309783935547 0.00987487018108368 0.15505125999450683
v -0.049815487861633305 0.00968520998954773 0.15520240783691405
v -0.05015761852264405 0.009515519738197326 0.15544570922851564
v -0.050441951751708985 0.009374499917030335 0.15576868057250978
v -0.045222511291503904 0.004327870011329651 0.155
v -0.04444736003875732 0.0022253499925136565 0.155
v -0.04418413162231445 0.0 0.155
v -0.04444736003875732 -0.0022253499925136565 0.155
v -0.045222511291503904 -0.004327870011329651 0.155
v -0.045623431205749514 0.004123730063438416 0.15505125999450683
v -0.046003799438476566 0.003930059969425201 0.15520240783691405
v -0.0463441276550293 0.003756780028343201 0.15544570922851564
v -0.0466269588470459 0.003612770140171051 0.15576868057250978
v -0.044884839057922364 0.0021203799545764924 0.15505125999450683
v -0.04529990196228027 0.0020207999646663665 0.15520240783691405
v -0.04567125797271729 0.001931699961423874 0.15544570922851564
v -0.045979881286621095 0.0018576499819755554 0.15576868057250978
v -0.044634032249450686 0.0 0.15505125999450683
v -0.04506086826324463 0.0 0.15520240783691405
v -0.0454427719116211 0.0 0.15544570922851564
v -0.045760149955749514 0.0 0.15576868057250978
v -0.044884839057922364 -0.0021203799545764924 0.15505125999450683
v -0.04529990196228027 -0.0020207999646663665 0.15520240783691405
v -0.04567125797271729 -0.001931699961423874 0.15544570922851564
v -0.045979881286621095 -0.0018576499819755554 0.15576868057250978
v -0.045623431205749514 -0.004123730063438416 0.15505125999450683
v -0.046003799438476566 -0.003930059969425201 0.15520240783691405
v -0.0463441276550293 -0.003756780028343201 0.15544570922851564
v -0.0466269588470459 -0.003612770140171051 0.15576868057250978
v -0.010154739618301392 0.022137160301208495 0.1561547565460205
v -0.010359630584716797 0.022018859386444094 0.15576868057250978
v -0.010634490251541139 0.021860170364379882 0.15544570922851564
v -0.010965230464935303 0.021669220924377442 0.15520240783691405
v -0.011334880590438842 0.02145580053329468 0.15505125999450683
v -0.011724510192871095 0.021230850219726562 0.155
v -0.015621620416641236 0.027980849742889405 0.155
v -0.01523198962211609 0.02820580005645752 0.15505125999450683
v -0.014862339496612548 0.028419220447540285 0.15520240783691405
v -0.014531610012054443 0.028610169887542725 0.15544570922851564
v -0.014256750345230104 0.028768858909606933 0.15576868057250978
v -0.014051849842071534 0.028887159824371338 0.1561547565460205
v -0.017423650026321413 0.03233134984970093 0.155
v -0.018038289546966554 0.03700000047683716 0.155
v -0.017423650026321413 0.0416686487197876 0.155
v -0.015621620416641236 0.046019148826599125 0.155
v -0.012755000591278076 0.049755001068115236 0.155
v -0.009019150137901307 0.05262162208557129 0.155
v -0.0046686500310897825 0.054423651695251464 0.155
v 0.0 0.05503829002380371 0.155
v 0.0046686500310897825 0.054423651695251464 0.155
v 0.009019150137901307 0.05262162208557129 0.155
v 0.012755000591278076 0.049755001068115236 0.155
v 0.015621620416641236 0.046019148826599125 0.155
v 0.017423650026321413 0.0416686487197876 0.155
v 0.018038289546966554 0.03700000047683716 0.155
v 0.017423650026321413 0.03233134984970093 0.155
v 0.015621620416641236 0.027980849742889405 0.155
v 0.01523198962211609 0.02820580005645752 0.15505125999450683
v 0.014862339496612548 0.028419220447540285 0.15520240783691405
v 0.014531610012054443 0.028610169887542725 0.15544570922851564
v 0.014256750345230104 0.028768858909606933 0.15576868057250978
v 0.014051849842071534 0.028887159824371338 0.1561547565460205
v 0.015672800540924074 0.03280049085617066 0.1561547565460205
v 0.016225680112838745 0.03700000047683716 0.1561547565460205
v 0.015672800540924074 0.04119950771331787 0.1561547565460205
v 0.014051849842071534 0.045112838745117186 0.1561547565460205
v 0.011473289728164674 0.04847329139709473 0.1561547565460205
v 0.008112840056419372 0.051051850318908694 0.1561547565460205
v 0.004199509918689728 0.05267280101776123 0.1561547565460205
v 0.0 0.053225679397583006 0.1561547565460205
v -0.004199509918689728 0.05267280101776123 0.1561547565460205
v -0.008112840056419372 0.051051850318908694 0.1561547565460205
v -0.011473289728164674 0.04847329139709473 0.1561547565460205
v -0.014051849842071534 0.045112838745117186 0.1561547565460205
v -0.015672800540924074 0.04119950771331787 0.1561547565460205
v -0.016225680112838745 0.03700000047683716 0.1561547565460205
v -0.015672800540924074 0.03280049085617066 0.1561547565460205
v -0.016989079713821412 0.03244779109954834 0.15505125999450683
v -0.016576789617538452 0.032558259963989256 0.15520240783691405
v -0.016207900047302246 0.03265711069107056 0.15544570922851564
v -0.0159013295173645 0.032739250659942626 0.15576868057250978
v -0.01758839011192322 0.03700000047683716 0.15505125999450683
v -0.017161550521850585 0.03700000047683716 0.15520240783691405
v -0.016779650449752808 0.03700000047683716 0.15544570922851564
v -0.0164622700214386 0.03700000047683716 0.15576868057250978
v -0.016989079713821412 0.04155220985412598 0.15505125999450683
v -0.016576789617538452 0.04144174098968506 0.15520240783691405
v -0.016207900047302246 0.04134288787841797 0.15544570922851564
v -0.0159013295173645 0.0412607479095459 0.15576868057250978
v -0.01523198962211609 0.0457942008972168 0.15505125999450683
v -0.014862339496612548 0.045580778121948246 0.15520240783691405
v -0.014531610012054443 0.0453898286819458 0.15544570922851564
v -0.014256750345230104 0.045231142044067384 0.15576868057250978
v -0.012436870336532593 0.04943686962127686 0.15505125999450683
v -0.012135050296783448 0.049135050773620605 0.15520240783691405
v -0.011865010261535644 0.048865008354187014 0.15544570922851564
v -0.01164057970046997 0.04864058017730713 0.15576868057250978
v -0.008794199824333191 0.05223198890686035 0.15505125999450683
v -0.008580780029296875 0.05186233997344971 0.15520240783691405
v -0.008389829993247985 0.0515316104888916 0.15544570922851564
v -0.008231139779090882 0.051256752014160155 0.15576868057250978
v -0.004552209973335266 0.053989081382751464 0.15505125999450683
v -0.004441739916801453 0.053576788902282714 0.15520240783691405
v -0.004342890083789825 0.053207898139953615 0.15544570922851564
v -0.004260750114917756 0.05290132999420166 0.15576868057250978
v 0.0 0.054588389396667485 0.15505125999450683
v 0.0 0.05416154861450195 0.15520240783691405
v 0.0 0.05377964973449707 0.15544570922851564
v 0.0 0.05346227169036866 0.15576868057250978
v 0.004552209973335266 0.053989081382751464 0.15505125999450683
v 0.004441739916801453 0.053576788902282714 0.15520240783691405
v 0.004342890083789825 0.053207898139953615 0.15544570922851564
v 0.004260750114917756 0.05290132999420166 0.15576868057250978
v 0.008794199824333191 0.05223198890686035 0.15505125999450683
v 0.008580780029296875 0.05186233997344971 0.15520240783691405
v 0.008389829993247985 0.0515316104888916 0.15544570922851564
v 0.008231139779090882 0.051256752014160155 0.15576868057250978
v 0.012436870336532593 0.04943686962127686 0.15505125999450683
v 0.012135050296783448 0.049135050773620605 0.15520240783691405
v 0.011865010261535644 0.048865008354187014 0.15544570922851564
v 0.01164057970046997 0.04864058017730713 0.15576868057250978
v 0.01523198962211609 0.0457942008972168 0.15505125999450683
v 0.014862339496612548 0.045580778121948246 0.15520240783691405
v 0.014531610012054443 0.0453898286819458 0.15544570922851564
v 0.014256750345230104 0.045231142044067384 0.15576868057250978
v 0.016989079713821412 0.04155220985412598 0.15505125999450683
v 0.016576789617538452 0.04144174098968506 0.15520240783691405
v 0.016207900047302246 0.04134288787841797 0.15544570922851564
v 0.0159013295173645 0.0412607479095459 0.15576868057250978
v 0.01758839011192322 0.03700000047683716 0.15505125999450683
v 0.017161550521850585 0.03700000047683716 0.15520240783691405
v 0.016779650449752808 0.03700000047683716 0.15544570922851564
v 0.0164622700214386 0.03700000047683716 0.15576868057250978
v 0.016989079713821412 0.03244779109954834 0.15505125999450683
v 0.016576789617538452 0.032558259963989256 0.15520240783691405
v 0.016207900047302246 0.03265711069107056 0.15544570922851564
v 0.0159013295173645 0.032739250659942626 0.15576868057250978
v 0.011724510192871095 0.021230850219726562 0.155
v 0.011334880590438842 0.02145580053329468 0.15505125999450683
v 0.010965230464935303 0.021669220924377442 0.15520240783691405
v 0.010634490251541139 0.021860170364379882 0.15544570922851564
v 0.010359630584716797 0.022018859386444094 0.15576868057250978
v 0.010154739618301392 0.022137160301208495 0.1561547565460205
v 0.014093979597091674 0.019862840175628664 0.1561547565460205
v 0.013889080286026001 0.019981139898300172 0.15576868057250978
v 0.013614219427108765 0.020139830112457277 0.15544570922851564
v 0.01328348994255066 0.020330779552459717 0.15520240783691405
v 0.012913830280303955 0.02054419994354248 0.15505125999450683
v 0.01252419948577881 0.020769150257110597 0.155
v 0.01642132043838501 0.02751914978027344 0.155
v 0.01681095004081726 0.027294199466705322 0.15505125999450683
v 0.0171806001663208 0.02708077907562256 0.15520240783691405
v 0.017511329650878905 0.026889829635620116 0.15544570922851564
v 0.017786190509796143 0.026731140613555908 0.15576868057250978
v 0.017991089820861818 0.026612839698791503 0.1561547565460205
v 0.01928794026374817 0.03125499963760376 0.155
v 0.023023788928985597 0.03412162065505982 0.155
v 0.02737428903579712 0.03592365026473999 0.155
v 0.032042939662933353 0.03653829097747803 0.155
v 0.03671159029006958 0.03592365026473999 0.155
v 0.041062088012695314 0.03412162065505982 0.155
v 0.044797940254211424 0.03125499963760376 0.155
v 0.04766456127166748 0.02751914978027344 0.155
v 0.04946659088134766 0.023168649673461914 0.155
v 0.0500812292098999 0.01850000023841858 0.155
v 0.04946659088134766 0.013831349611282349 0.155
v 0.04766456127166748 0.009480850100517272 0.155
v 0.044797940254211424 0.005745000243186951 0.155
v 0.041062088012695314 0.0028783801198005677 0.155
v 0.03671159029006958 0.00107634998857975 0.155
v 0.032042939662933353 0.00046170998364686967 0.155
v 0.032042939662933353 0.0009116099774837494 0.15505125999450683
v 0.032042939662933353 0.001338450014591217 0.15520240783691405
v 0.032042939662933353 0.0017203499376773834 0.15544570922851564
v 0.032042939662933353 0.0020377300679683685 0.15576868057250978
v 0.032042939662933353 0.002274319976568222 0.1561547565460205
v 0.036242449283599855 0.0028271999955177306 0.1561547565460205
v 0.04015577793121338 0.004448150098323822 0.1561547565460205
v 0.04351623058319092 0.007026709914207459 0.1561547565460205
v 0.04609478950500488 0.010387159585952759 0.1561547565460205
v 0.047715740203857424 0.01430048942565918 0.1561547565460205
v 0.0482686185836792 0.01850000023841858 0.1561547565460205
v 0.047715740203857424 0.02269951105117798 0.1561547565460205
v 0.04609478950500488 0.026612839698791503 0.1561547565460205
v 0.04351623058319092 0.02997328996658325 0.1561547565460205
v 0.04015577793121338 0.03255184888839722 0.1561547565460205
v 0.036242449283599855 0.03417279958724976 0.1561547565460205
v 0.032042939662933353 0.034725680351257324 0.1561547565460205
v 0.027843430042266845 0.03417279958724976 0.1561547565460205
v 0.02393009901046753 0.03255184888839722 0.1561547565460205
v 0.02056965112686157 0.02997328996658325 0.1561547565460205
v 0.019606070518493654 0.030936870574951172 0.15505125999450683
v 0.019907890558242797 0.030635049343109132 0.15520240783691405
v 0.020177929401397704 0.03036500930786133 0.15544570922851564
v 0.020402359962463378 0.030140581130981448 0.15576868057250978
v 0.02324873924255371 0.03373198986053467 0.15505125999450683
v 0.023462159633636476 0.03336234092712403 0.15520240783691405
v 0.023653109073638916 0.03303160905838013 0.15544570922851564
v 0.023811800479888918 0.03275675058364868 0.15576868057250978
v 0.02749073028564453 0.03548907995223999 0.15505125999450683
v 0.02760119915008545 0.03507678985595703 0.15520240783691405
v 0.02770004987716675 0.03470789909362793 0.15544570922851564
v 0.027782189846038818 0.03440133094787598 0.15576868057250978
v 0.032042939662933353 0.036088390350341795 0.15505125999450683
v 0.032042939662933353 0.03566154956817627 0.15520240783691405
v 0.032042939662933353 0.03527965068817139 0.15544570922851564
v 0.032042939662933353 0.03496227025985718 0.15576868057250978
v 0.036595149040222166 0.03548907995223999 0.15505125999450683
v 0.03648468017578125 0.03507678985595703 0.15520240783691405
v 0.036385829448699954 0.03470789909362793 0.15544570922851564
v 0.03630368947982788 0.03440133094787598 0.15576868057250978
v 0.04083714008331299 0.03373198986053467 0.15505125999450683
v 0.04062372207641601 0.03336234092712403 0.15520240783691405
v 0.040432767868041994 0.03303160905838013 0.15544570922851564
v 0.04027408123016357 0.03275675058364868 0.15576868057250978
v 0.044479808807373046 0.030936870574951172 0.15505125999450683
v 0.0441779899597168 0.030635049343109132 0.15520240783691405
v 0.04390795230865479 0.03036500930786133 0.15544570922851564
v 0.04368351936340332 0.030140581130981448 0.15576868057250978
v 0.047274928092956546 0.027294199466705322 0.15505125999450683
v 0.0469052791595459 0.02708077907562256 0.15520240783691405
v 0.046574549674987795 0.026889829635620116 0.15544570922851564
v 0.04629969120025635 0.026731140613555908 0.15576868057250978
v 0.04903202056884766 0.023052210807800292 0.15505125999450683
v 0.04861972808837891 0.022941739559173585 0.15520240783691405
v 0.04825084209442139 0.022842888832092286 0.15544570922851564
v 0.04794426918029785 0.022760748863220215 0.15576868057250978
v 0.04963132858276367 0.01850000023841858 0.15505125999450683
v 0.04920448780059815 0.01850000023841858 0.15520240783691405
v 0.04882258892059326 0.01850000023841858 0.15544570922851564
v 0.048505210876464845 0.01850000023841858 0.15576868057250978
v 0.04903202056884766 0.013947789669036866 0.15505125999450683
v 0.04861972808837891 0.014058259725570678 0.15520240783691405
v 0.04825084209442139 0.014157110452651977 0.15544570922851564
v 0.04794426918029785 0.014239250421524048 0.15576868057250978
v 0.047274928092956546 0.009705799818038941 0.15505125999450683
v 0.0469052791595459 0.009919220209121704 0.15520240783691405
v 0.046574549674987795 0.010110169649124146 0.15544570922851564
v 0.04629969120025635 0.01026885986328125 0.15576868057250978
v 0.044479808807373046 0.0060631299018859865 0.15505125999450683
v 0.0441779899597168 0.006364949941635132 0.15520240783691405
v 0.04390795230865479 0.006634989976882935 0.15544570922851564
v 0.04368351936340332 0.006859419941902161 0.15576868057250978
v 0.04083714008331299 0.0032680100202560425 0.15505125999450683
v 0.04062372207641601 0.0036376601457595824 0.15520240783691405
v 0.040432767868041994 0.003968389928340912 0.15544570922851564
v 0.04027408123016357 0.0042432498931884765 0.15576868057250978
v 0.036595149040222166 0.0015109199285507201 0.15505125999450683
v 0.03648468017578125 0.0019232100248336792 0.15520240783691405
v 0.036385829448699954 0.0022921000421047212 0.15544570922851564
v 0.03630368947982788 0.0025986701250076297 0.15576868057250978
v 0.024248709678649904 0.00046170998364686967 0.155
v 0.024248709678649904 0.0009116099774837494 0.15505125999450683
v 0.024248709678649904 0.001338450014591217 0.15520240783691405
v 0.024248709678649904 0.0017203499376773834 0.15544570922851564
v 0.024248709678649904 0.0020377300679683685 0.15576868057250978
v 0.024248709678649904 0.002274319976568222 0.1561547565460205
v 0.024248709678649904 -0.002274319976568222 0.1561547565460205
v 0.024248709678649904 -0.0020377300679683685 0.15576868057250978
v 0.024248709678649904 -0.0017203499376773834 0.15544570922851564
v 0.024248709678649904 -0.001338450014591217 0.15520240783691405
v 0.024248709678649904 -0.0009116099774837494 0.15505125999450683
v 0.024248709678649904 -0.00046170998364686967 0.155
v 0.032042939662933353 -0.00046170998364686967 0.155
v 0.032042939662933353 -0.0009116099774837494 0.15505125999450683
v 0.032042939662933353 -0.001338450014591217 0.15520240783691405
v 0.032042939662933353 -0.0017203499376773834 0.15544570922851564
v 0.032042939662933353 -0.0020377300679683685 0.15576868057250978
v 0.032042939662933353 -0.002274319976568222 0.1561547565460205
v 0.03671159029006958 -0.00107634998857975 0.155
v 0.041062088012695314 -0.0028783801198005677 0.155
v 0.044797940254211424 -0.005745000243186951 0.155
v 0.04766456127166748 -0.009480850100517272 0.155
v 0.04946659088134766 -0.013831349611282349 0.155
v 0.0500812292098999 -0.01850000023841858 0.155
v 0.04946659088134766 -0.023168649673461914 0.155
v 0.04766456127166748 -0.02751914978027344 0.155
v 0.044797940254211424 -0.03125499963760376 0.155
v 0.041062088012695314 -0.03412162065505982 0.155
v 0.03671159029006958 -0.03592365026473999 0.155
v 0.032042939662933353 -0.03653829097747803 0.155
v 0.02737428903579712 -0.03592365026473999 0.155
v 0.023023788928985597 -0.03412162065505982 0.155
v 0.01928794026374817 -0.03125499963760376 0.155
v 0.01642132043838501 -0.02751914978027344 0.155
v 0.01681095004081726 -0.027294199466705322 0.15505125999450683
v 0.0171806001663208 -0.02708077907562256 0.15520240783691405
v 0.017511329650878905 -0.026889829635620116 0.15544570922851564
v 0.017786190509796143 -0.026731140613555908 0.15576868057250978
v 0.017991089820861818 -0.026612839698791503 0.1561547565460205
v 0.02056965112686157 -0.02997328996658325 0.1561547565460205
v 0.02393009901046753 -0.03255184888839722 0.1561547565460205
v 0.027843430042266845 -0.03417279958724976 0.1561547565460205
v 0.032042939662933353 -0.034725680351257324 0.1561547565460205
v 0.036242449283599855 -0.03417279958724976 0.1561547565460205
v 0.04015577793121338 -0.03255184888839722 0.1561547565460205
v 0.04351623058319092 -0.02997328996658325 0.1561547565460205
v 0.04609478950500488 -0.026612839698791503 0.1561547565460205
v 0.047715740203857424 -0.02269951105117798 0.1561547565460205
v 0.0482686185836792 -0.01850000023841858 0.1561547565460205
v 0.047715740203857424 -0.01430048942565918 0.1561547565460205
v 0.04609478950500488 -0.010387159585952759 0.1561547565460205
v 0.04351623058319092 -0.007026709914207459 0.1561547565460205
v 0.04015577793121338 -0.004448150098323822 0.1561547565460205
v 0.036242449283599855 -0.0028271999955177306 0.1561547565460205
v 0.036595149040222166 -0.0015109199285507201 0.15505125999450683
v 0.03648468017578125 -0.0019232100248336792 0.15520240783691405
v 0.036385829448699954 -0.0022921000421047212 0.15544570922851564
v 0.03630368947982788 -0.0025986701250076297 0.15576868057250978
v 0.04083714008331299 -0.0032680100202560425 0.15505125999450683
v 0.04062372207641601 -0.0036376601457595824 0.15520240783691405
v 0.040432767868041994 -0.003968389928340912 0.15544570922851564
v 0.04027408123016357 -0.0042432498931884765 0.15576868057250978
v 0.044479808807373046 -0.0060631299018859865 0.15505125999450683
v 0.0441779899597168 -0.006364949941635132 0.15520240783691405
v 0.04390795230865479 -0.006634989976882935 0.15544570922851564
v 0.04368351936340332 -0.006859419941902161 0.15576868057250978
v 0.047274928092956546 -0.009705799818038941 0.15505125999450683
v 0.0469052791595459 -0.009919220209121704 0.15520240783691405
v 0.046574549674987795 -0.010110169649124146 0.15544570922851564
v 0.04629969120025635 -0.01026885986328125 0.15576868057250978
v 0.04903202056884766 -0.013947789669036866 0.15505125999450683
v 0.04861972808837891 -0.014058259725570678 0.15520240783691405
v 0.04825084209442139 -0.014157110452651977 0.15544570922851564
v 0.04794426918029785 -0.014239250421524048 0.15576868057250978
v 0.04963132858276367 -0.01850000023841858 0.15505125999450683
v 0.04920448780059815 -0.01850000023841858 0.15520240783691405
v 0.04882258892059326 -0.01850000023841858 0.15544570922851564
v 0.048505210876464845 -0.01850000023841858 0.15576868057250978
v 0.04903202056884766 -0.023052210807800292 0.15505125999450683
v 0.04861972808837891 -0.022941739559173585 0.15520240783691405
v 0.04825084209442139 -0.022842888832092286 0.15544570922851564
v 0.04794426918029785 -0.022760748863220215 0.15576868057250978
v 0.047274928092956546 -0.027294199466705322 0.15505125999450683
v 0.0469052791595459 -0.02708077907562256 0.15520240783691405
v 0.046574549674987795 -0.026889829635620116 0.15544570922851564
v 0.04629969120025635 -0.026731140613555908 0.15576868057250978
v 0.044479808807373046 -0.030936870574951172 0.15505125999450683
v 0.0441779899597168 -0.030635049343109132 0.15520240783691405
v 0.04390795230865479 -0.03036500930786133 0.15544570922851564
v 0.04368351936340332 -0.030140581130981448 0.15576868057250978
v 0.04083714008331299 -0.03373198986053467 0.15505125999450683
v 0.04062372207641601 -0.03336234092712403 0.15520240783691405
v 0.040432767868041994 -0.03303160905838013 0.15544570922851564
v 0.04027408123016357 -0.03275675058364868 0.15576868057250978
v 0.036595149040222166 -0.03548907995223999 0.15505125999450683
v 0.03648468017578125 -0.03507678985595703 0.15520240783691405
v 0.036385829448699954 -0.03470789909362793 0.15544570922851564
v 0.03630368947982788 -0.03440133094787598 0.15576868057250978
v 0.032042939662933353 -0.036088390350341795 0.15505125999450683
v 0.032042939662933353 -0.03566154956817627 0.15520240783691405
v 0.032042939662933353 -0.03527965068817139 0.15544570922851564
v 0.032042939662933353 -0.03496227025985718 0.15576868057250978
v 0.02749073028564453 -0.03548907995223999 0.15505125999450683
v 0.02760119915008545 -0.03507678985595703 0.15520240783691405
v 0.02770004987716675 -0.03470789909362793 0.15544570922851564
v 0.027782189846038818 -0.03440133094787598 0.15576868057250978
v 0.02324873924255371 -0.03373198986053467 0.15505125999450683
v 0.023462159633636476 -0.03336234092712403 0.15520240783691405
v 0.023653109073638916 -0.03303160905838013 0.15544570922851564
v 0.023811800479888918 -0.03275675058364868 0.15576868057250978
v 0.019606070518493654 -0.030936870574951172 0.15505125999450683
v 0.019907890558242797 -0.030635049343109132 0.15520240783691405
v 0.020177929401397704 -0.03036500930786133 0.15544570922851564
v 0.020402359962463378 -0.030140581130981448 0.15576868057250978
v 0.01252419948577881 -0.020769150257110597 0.155
v 0.012913830280303955 -0.02054419994354248 0.15505125999450683
v 0.01328348994255066 -0.020330779552459717 0.15520240783691405
v 0.013614219427108765 -0.020139830112457277 0.15544570922851564
v 0.013889080286026001 -0.019981139898300172 0.15576868057250978
v 0.014093979597091674 -0.019862840175628664 0.1561547565460205
v 0.010154739618301392 -0.022137160301208495 0.1561547565460205
v 0.010359630584716797 -0.022018859386444094 0.15576868057250978
v 0.010634490251541139 -0.021860170364379882 0.15544570922851564
v 0.010965230464935303 -0.021669220924377442 0.15520240783691405
v 0.011334880590438842 -0.02145580053329468 0.15505125999450683
v 0.011724510192871095 -0.021230850219726562 0.155
v 0.015621620416641236 -0.027980849742889405 0.155
v 0.01523198962211609 -0.02820580005645752 0.15505125999450683
v 0.014862339496612548 -0.028419220447540285 0.15520240783691405
v 0.014531610012054443 -0.028610169887542725 0.15544570922851564
v 0.014256750345230104 -0.028768858909606933 0.15576868057250978
v 0.014051849842071534 -0.028887159824371338 0.1561547565460205
v 0.017423650026321413 -0.03233134984970093 0.155
v 0.018038289546966554 -0.03700000047683716 0.155
v 0.017423650026321413 -0.0416686487197876 0.155
v 0.015621620416641236 -0.046019148826599125 0.155
v 0.012755000591278076 -0.049755001068115236 0.155
v 0.009019150137901307 -0.05262162208557129 0.155
v 0.0046686500310897825 -0.054423651695251464 0.155
v 0.0 -0.05503829002380371 0.155
v -0.0046686500310897825 -0.054423651695251464 0.155
v -0.009019150137901307 -0.05262162208557129 0.155
v -0.012755000591278076 -0.049755001068115236 0.155
v -0.015621620416641236 -0.046019148826599125 0.155
v -0.017423650026321413 -0.0416686487197876 0.155
v -0.018038289546966554 -0.03700000047683716 0.155
v -0.017423650026321413 -0.03233134984970093 0.155
v -0.015621620416641236 -0.027980849742889405 0.155
v -0.01523198962211609 -0.02820580005645752 0.15505125999450683
v -0.014862339496612548 -0.028419220447540285 0.15520240783691405
v -0.014531610012054443 -0.028610169887542725 0.15544570922851564
v -0.014256750345230104 -0.028768858909606933 0.15576868057250978
v -0.014051849842071534 -0.028887159824371338 0.1561547565460205
v -0.015672800540924074 -0.03280049085617066 0.1561547565460205
v -0.016225680112838745 -0.03700000047683716 0.1561547565460205
v -0.015672800540924074 -0.04119950771331787 0.1561547565460205
v -0.014051849842071534 -0.045112838745117186 0.1561547565460205
v -0.011473289728164674 -0.04847329139709473 0.1561547565460205
v -0.008112840056419372 -0.051051850318908694 0.1561547565460205
v -0.004199509918689728 -0.05267280101776123 0.1561547565460205
v 0.0 -0.053225679397583006 0.1561547565460205
v 0.004199509918689728 -0.05267280101776123 0.1561547565460205
v 0.008112840056419372 -0.051051850318908694 0.1561547565460205
v 0.011473289728164674 -0.04847329139709473 0.1561547565460205
v 0.014051849842071534 -0.045112838745117186 0.1561547565460205
v 0.015672800540924074 -0.04119950771331787 0.1561547565460205
v 0.016225680112838745 -0.03700000047683716 0.1561547565460205
v 0.015672800540924074 -0.03280049085617066 0.1561547565460205
v 0.016989079713821412 -0.03244779109954834 0.15505125999450683
v 0.016576789617538452 -0.032558259963989256 0.15520240783691405
v 0.016207900047302246 -0.03265711069107056 0.15544570922851564
v 0.0159013295173645 -0.032739250659942626 0.15576868057250978
v 0.01758839011192322 -0.03700000047683716 0.15505125999450683
v 0.017161550521850585 -0.03700000047683716 0.15520240783691405
v 0.016779650449752808 -0.03700000047683716 0.15544570922851564
v 0.0164622700214386 -0.03700000047683716 0.15576868057250978
v 0.016989079713821412 -0.04155220985412598 0.15505125999450683
v 0.016576789617538452 -0.04144174098968506 0.15520240783691405
v 0.016207900047302246 -0.04134288787841797 0.15544570922851564
v 0.0159013295173645 -0.0412607479095459 0.15576868057250978
v 0.01523198962211609 -0.0457942008972168 0.15505125999450683
v 0.014862339496612548 -0.045580778121948246 0.15520240783691405
v 0.014531610012054443 -0.0453898286819458 0.15544570922851564
v 0.014256750345230104 -0.045231142044067384 0.15576868057250978
v 0.012436870336532593 -0.04943686962127686 0.15505125999450683
v 0.012135050296783448 -0.049135050773620605 0.15520240783691405
v 0.011865010261535644 -0.048865008354187014 0.15544570922851564
v 0.01164057970046997 -0.04864058017730713 0.15576868057250978
v 0.008794199824333191 -0.05223198890686035 0.15505125999450683
v 0.008580780029296875 -0.05186233997344971 0.15520240783691405
v 0.008389829993247985 -0.0515316104888916 0.15544570922851564
v 0.008231139779090882 -0.051256752014160155 0.15576868057250978
v 0.004552209973335266 -0.053989081382751464 0.15505125999450683
v 0.004441739916801453 -0.053576788902282714 0.15520240783691405
v 0.004342890083789825 -0.053207898139953615 0.15544570922851564
v 0.004260750114917756 -0.05290132999420166 0.15576868057250978
v 0.0 -0.054588389396667485 0.15505125999450683
v 0.0 -0.05416154861450195 0.15520240783691405
v 0.0 -0.05377964973449707 0.15544570922851564
v 0.0 -0.05346227169036866 0.15576868057250978
v -0.004552209973335266 -0.053989081382751464 0.15505125999450683
v -0.004441739916801453 -0.053576788902282714 0.15520240783691405
v -0.004342890083789825 -0.053207898139953615 0.15544570922851564
v -0.004260750114917756 -0.05290132999420166 0.15576868057250978
v -0.008794199824333191 -0.05223198890686035 0.15505125999450683
v -0.008580780029296875 -0.05186233997344971 0.15520240783691405
v -0.008389829993247985 -0.0515316104888916 0.15544570922851564
v -0.008231139779090882 -0.051256752014160155 0.15576868057250978
v -0.012436870336532593 -0.04943686962127686 0.15505125999450683
v -0.012135050296783448 -0.049135050773620605 0.15520240783691405
v -0.011865010261535644 -0.048865008354187014 0.15544570922851564
v -0.01164057970046997 -0.04864058017730713 0.15576868057250978
v -0.01523198962211609 -0.0457942008972168 0.15505125999450683
v -0.014862339496612548 -0.045580778121948246 0.15520240783691405
v -0.014531610012054443 -0.0453898286819458 0.15544570922851564
v -0.014256750345230104 -0.045231142044067384 0.15576868057250978
v -0.016989079713821412 -0.04155220985412598 0.15505125999450683
v -0.016576789617538452 -0.04144174098968506 0.15520240783691405
v -0.016207900047302246 -0.04134288787841797 0.15544570922851564
v -0.0159013295173645 -0.0412607479095459 0.15576868057250978
v -0.01758839011192322 -0.03700000047683716 0.15505125999450683
v -0.017161550521850585 -0.03700000047683716 0.15520240783691405
v -0.016779650449752808 -0.03700000047683716 0.15544570922851564
v -0.0164622700214386 -0.03700000047683716 0.15576868057250978
v -0.016989079713821412 -0.03244779109954834 0.15505125999450683
v -0.016576789617538452 -0.032558259963989256 0.15520240783691405
v -0.016207900047302246 -0.03265711069107056 0.15544570922851564
v -0.0159013295173645 -0.032739250659942626 0.15576868057250978
v -0.011724510192871095 -0.021230850219726562 0.155
v -0.011334880590438842 -0.02145580053329468 0.15505125999450683
v -0.010965230464935303 -0.021669220924377442 0.15520240783691405
v -0.010634490251541139 -0.021860170364379882 0.15544570922851564
v -0.010359630584716797 -0.022018859386444094 0.15576868057250978
v -0.010154739618301392 -0.022137160301208495 0.1561547565460205
v -0.014093979597091674 -0.019862840175628664 0.1561547565460205
v -0.013889080286026001 -0.019981139898300172 0.15576868057250978
v -0.013614219427108765 -0.020139830112457277 0.15544570922851564
v -0.01328348994255066 -0.020330779552459717 0.15520240783691405
v -0.012913830280303955 -0.02054419994354248 0.15505125999450683
v -0.01252419948577881 -0.020769150257110597 0.155
v -0.01642132043838501 -0.02751914978027344 0.155
v -0.01681095004081726 -0.027294199466705322 0.15505125999450683
v -0.0171806001663208 -0.02708077907562256 0.15520240783691405
v -0.017511329650878905 -0.026889829635620116 0.15544570922851564
v -0.017786190509796143 -0.026731140613555908 0.15576868057250978
v -0.017991089820861818 -0.026612839698791503 0.1561547565460205
v -0.01928794026374817 -0.03125499963760376 0.155
v -0.023023788928985597 -0.03412162065505982 0.155
v -0.02737428903579712 -0.03592365026473999 0.155
v -0.032042939662933353 -0.03653829097747803 0.155
v -0.03671159029006958 -0.03592365026473999 0.155
v -0.041062088012695314 -0.03412162065505982 0.155
v -0.044797940254211424 -0.03125499963760376 0.155
v -0.04766456127166748 -0.02751914978027344 0.155
v -0.04946659088134766 -0.023168649673461914 0.155
v -0.0500812292098999 -0.01850000023841858 0.155
v -0.04946659088134766 -0.013831349611282349 0.155
v -0.04766456127166748 -0.009480850100517272 0.155
v -0.044797940254211424 -0.005745000243186951 0.155
v -0.041062088012695314 -0.0028783801198005677 0.155
v -0.03671159029006958 -0.00107634998857975 0.155
v -0.032042939662933353 -0.00046170998364686967 0.155
v -0.032042939662933353 -0.0009116099774837494 0.15505125999450683
v -0.032042939662933353 -0.001338450014591217 0.15520240783691405
v -0.032042939662933353 -0.0017203499376773834 0.15544570922851564
v -0.032042939662933353 -0.0020377300679683685 0.15576868057250978
v -0.032042939662933353 -0.002274319976568222 0.1561547565460205
v -0.036242449283599855 -0.0028271999955177306 0.1561547565460205
v -0.04015577793121338 -0.004448150098323822 0.1561547565460205
v -0.04351623058319092 -0.007026709914207459 0.1561547565460205
v -0.04609478950500488 -0.010387159585952759 0.1561547565460205
v -0.047715740203857424 -0.01430048942565918 0.1561547565460205
v -0.0482686185836792 -0.01850000023841858 0.1561547565460205
v -0.047715740203857424 -0.02269951105117798 0.1561547565460205
v -0.04609478950500488 -0.026612839698791503 0.1561547565460205
v -0.04351623058319092 -0.02997328996658325 0.1561547565460205
v -0.04015577793121338 -0.03255184888839722 0.1561547565460205
v -0.036242449283599855 -0.03417279958724976 0.1561547565460205
v -0.032042939662933353 -0.034725680351257324 0.1561547565460205
v -0.027843430042266845 -0.03417279958724976 0.1561547565460205
v -0.02393009901046753 -0.03255184888839722 0.1561547565460205
v -0.02056965112686157 -0.02997328996658325 0.1561547565460205
v -0.019606070518493654 -0.030936870574951172 0.15505125999450683
v -0.019907890558242797 -0.030635049343109132 0.15520240783691405
v -0.020177929401397704 -0.03036500930786133 0.15544570922851564
v -0.020402359962463378 -0.030140581130981448 0.15576868057250978
v -0.02324873924255371 -0.03373198986053467 0.15505125999450683
v -0.023462159633636476 -0.03336234092712403 0.15520240783691405
v -0.023653109073638916 -0.03303160905838013 0.15544570922851564
v -0.023811800479888918 -0.03275675058364868 0.15576868057250978
v -0.02749073028564453 -0.03548907995223999 0.15505125999450683
v -0.02760119915008545 -0.03507678985595703 0.15520240783691405
v -0.02770004987716675 -0.03470789909362793 0.15544570922851564
v -0.027782189846038818 -0.03440133094787598 0.15576868057250978
v -0.032042939662933353 -0.036088390350341795 0.15505125999450683
v -0.032042939662933353 -0.03566154956817627 0.15520240783691405
v -0.032042939662933353 -0.03527965068817139 0.15544570922851564
v -0.032042939662933353 -0.03496227025985718 0.15576868057250978
v -0.036595149040222166 -0.03548907995223999 0.15505125999450683
v -0.03648468017578125 -0.03507678985595703 0.15520240783691405
v -0.036385829448699954 -0.03470789909362793 0.15544570922851564
v -0.03630368947982788 -0.03440133094787598 0.15576868057250978
v -0.04083714008331299 -0.03373198986053467 0.15505125999450683
v -0.04062372207641601 -0.03336234092712403 0.15520240783691405
v -0.040432767868041994 -0.03303160905838013 0.15544570922851564
v -0.04027408123016357 -0.03275675058364868 0.15576868057250978
v -0.044479808807373046 -0.030936870574951172 0.15505125999450683
v -0.0441779899597168 -0.030635049343109132 0.15520240783691405
v -0.04390795230865479 -0.03036500930786133 0.15544570922851564
v -0.04368351936340332 -0.030140581130981448 0.15576868057250978
v -0.047274928092956546 -0.027294199466705322 0.15505125999450683
v -0.0469052791595459 -0.02708077907562256 0.15520240783691405
v -0.046574549674987795 -0.026889829635620116 0.15544570922851564
v -0.04629969120025635 -0.026731140613555908 0.15576868057250978
v -0.04903202056884766 -0.023052210807800292 0.15505125999450683
v -0.04861972808837891 -0.022941739559173585 0.15520240783691405
v -0.04825084209442139 -0.022842888832092286 0.15544570922851564
v -0.04794426918029785 -0.022760748863220215 0.15576868057250978
v -0.04963132858276367 -0.01850000023841858 0.15505125999450683
v -0.04920448780059815 -0.01850000023841858 0.15520240783691405
v -0.04882258892059326 -0.01850000023841858 0.15544570922851564
v -0.048505210876464845 -0.01850000023841858 0.15576868057250978
v -0.04903202056884766 -0.013947789669036866 0.15505125999450683
v -0.04861972808837891 -0.014058259725570678 0.15520240783691405
v -0.04825084209442139 -0.014157110452651977 0.15544570922851564
v -0.04794426918029785 -0.014239250421524048 0.15576868057250978
v -0.047274928092956546 -0.009705799818038941 0.15505125999450683
v -0.0469052791595459 -0.009919220209121704 0.15520240783691405
v -0.046574549674987795 -0.010110169649124146 0.15544570922851564
v -0.04629969120025635 -0.01026885986328125 0.15576868057250978
v -0.044479808807373046 -0.0060631299018859865 0.15505125999450683
v -0.0441779899597168 -0.006364949941635132 0.15520240783691405
v -0.04390795230865479 -0.006634989976882935 0.15544570922851564
v -0.04368351936340332 -0.006859419941902161 0.15576868057250978
v -0.04083714008331299 -0.0032680100202560425 0.15505125999450683
v -0.04062372207641601 -0.0036376601457595824 0.15520240783691405
v -0.040432767868041994 -0.003968389928340912 0.15544570922851564
v -0.04027408123016357 -0.0042432498931884765 0.15576868057250978
v -0.036595149040222166 -0.0015109199285507201 0.15505125999450683
v -0.03648468017578125 -0.0019232100248336792 0.15520240783691405
v -0.036385829448699954 -0.0022921000421047212 0.15544570922851564
v -0.03630368947982788 -0.0025986701250076297 0.15576868057250978
v -0.024248709678649904 -0.00046170998364686967 0.155
v -0.024248709678649904 -0.0009116099774837494 0.15505125999450683
v -0.024248709678649904 -0.001338450014591217 0.15520240783691405
v -0.024248709678649904 -0.0017203499376773834 0.15544570922851564
v -0.024248709678649904 -0.0020377300679683685 0.15576868057250978
v -0.024248709678649904 -0.002274319976568222 0.1561547565460205
v -0.024248709678649904 0.002274319976568222 0.1561547565460205
v -0.024248709678649904 0.0020377300679683685 0.15576868057250978
v -0.024248709678649904 0.0017203499376773834 0.15544570922851564
v -0.024248709678649904 0.001338450014591217 0.15520240783691405
v -0.024248709678649904 0.0009116099774837494 0.15505125999450683
v -0.024248709678649904 0.00046170998364686967 0.155
v -0.032042939662933353 0.00046170998364686967 0.155
v -0.032042939662933353 0.0009116099774837494 0.15505125999450683
v -0.032042939662933353 0.001338450014591217 0.15520240783691405
v -0.032042939662933353 0.0017203499376773834 0.15544570922851564
v -0.032042939662933353 0.0020377300679683685 0.15576868057250978
v -0.032042939662933353 0.002274319976568222 0.1561547565460205
v -0.03671159029006958 0.00107634998857975 0.155
v -0.041062088012695314 0.0028783801198005677 0.155
v -0.044797940254211424 0.005745000243186951 0.155
v -0.04766456127166748 0.009480850100517272 0.155
v -0.04946659088134766 0.013831349611282349 0.155
v -0.0500812292098999 0.01850000023841858 0.155
v -0.04946659088134766 0.023168649673461914 0.155
v -0.04766456127166748 0.02751914978027344 0.155
v -0.044797940254211424 0.03125499963760376 0.155
v -0.041062088012695314 0.03412162065505982 0.155
v -0.03671159029006958 0.03592365026473999 0.155
v -0.032042939662933353 0.03653829097747803 0.155
v -0.02737428903579712 0.03592365026473999 0.155
v -0.023023788928985597 0.03412162065505982 0.155
v -0.01928794026374817 0.03125499963760376 0.155
v -0.01642132043838501 0.02751914978027344 0.155
v -0.01681095004081726 0.027294199466705322 0.15505125999450683
v -0.0171806001663208 0.02708077907562256 0.15520240783691405
v -0.017511329650878905 0.026889829635620116 0.15544570922851564
v -0.017786190509796143 0.026731140613555908 0.15576868057250978
v -0.017991089820861818 0.026612839698791503 0.1561547565460205
v -0.02056965112686157 0.02997328996658325 0.1561547565460205
v -0.02393009901046753 0.03255184888839722 0.1561547565460205
v -0.027843430042266845 0.03417279958724976 0.1561547565460205
v -0.032042939662933353 0.034725680351257324 0.1561547565460205
v -0.036242449283599855 0.03417279958724976 0.1561547565460205
v -0.04015577793121338 0.03255184888839722 0.1561547565460205
v -0.04351623058319092 0.02997328996658325 0.1561547565460205
v -0.04609478950500488 0.026612839698791503 0.1561547565460205
v -0.047715740203857424 0.02269951105117798 0.1561547565460205
v -0.0482686185836792 0.01850000023841858 0.1561547565460205
v -0.047715740203857424 0.01430048942565918 0.1561547565460205
v -0.04609478950500488 0.010387159585952759 0.1561547565460205
v -0.04351623058319092 0.007026709914207459 0.1561547565460205
v -0.04015577793121338 0.004448150098323822 0.1561547565460205
v -0.036242449283599855 0.0028271999955177306 0.1561547565460205
v -0.036595149040222166 0.0015109199285507201 0.15505125999450683
v -0.03648468017578125 0.0019232100248336792 0.15520240783691405
v -0.036385829448699954 0.0022921000421047212 0.15544570922851564
v -0.03630368947982788 0.0025986701250076297 0.15576868057250978
v -0.04083714008331299 0.0032680100202560425 0.15505125999450683
v -0.04062372207641601 0.0036376601457595824 0.15520240783691405
v -0.040432767868041994 0.003968389928340912 0.15544570922851564
v -0.04027408123016357 0.0042432498931884765 0.15576868057250978
v -0.044479808807373046 0.0060631299018859865 0.15505125999450683
v -0.0441779899597168 0.006364949941635132 0.15520240783691405
v -0.04390795230865479 0.006634989976882935 0.15544570922851564
v -0.04368351936340332 0.006859419941902161 0.15576868057250978
v -0.047274928092956546 0.009705799818038941 0.15505125999450683
v -0.0469052791595459 0.009919220209121704 0.15520240783691405
v -0.046574549674987795 0.010110169649124146 0.15544570922851564
v -0.04629969120025635 0.01026885986328125 0.15576868057250978
v -0.04903202056884766 0.013947789669036866 0.15505125999450683
v -0.04861972808837891 0.014058259725570678 0.15520240783691405
v -0.04825084209442139 0.014157110452651977 0.15544570922851564
v -0.04794426918029785 0.014239250421524048 0.15576868057250978
v -0.04963132858276367 0.01850000023841858 0.15505125999450683
v -0.04920448780059815 0.01850000023841858 0.15520240783691405
v -0.04882258892059326 0.01850000023841858 0.15544570922851564
v -0.048505210876464845 0.01850000023841858 0.15576868057250978
v -0.04903202056884766 0.023052210807800292 0.15505125999450683
v -0.04861972808837891 0.022941739559173585 0.15520240783691405
v -0.04825084209442139 0.022842888832092286 0.15544570922851564
v -0.04794426918029785 0.022760748863220215 0.15576868057250978
v -0.047274928092956546 0.027294199466705322 0.15505125999450683
v -0.0469052791595459 0.02708077907562256 0.15520240783691405
v -0.046574549674987795 0.026889829635620116 0.15544570922851564
v -0.04629969120025635 0.026731140613555908 0.15576868057250978
v -0.044479808807373046 0.030936870574951172 0.15505125999450683
v -0.0441779899597168 0.030635049343109132 0.15520240783691405
v -0.04390795230865479 0.03036500930786133 0.15544570922851564
v -0.04368351936340332 0.030140581130981448 0.15576868057250978
v -0.04083714008331299 0.03373198986053467 0.15505125999450683
v -0.04062372207641601 0.03336234092712403 0.15520240783691405
v -0.040432767868041994 0.03303160905838013 0.15544570922851564
v -0.04027408123016357 0.03275675058364868 0.15576868057250978
v -0.036595149040222166 0.03548907995223999 0.15505125999450683
v -0.03648468017578125 0.03507678985595703 0.15520240783691405
v -0.036385829448699954 0.03470789909362793 0.15544570922851564
v -0.03630368947982788 0.03440133094787598 0.15576868057250978
v -0.032042939662933353 0.036088390350341795 0.15505125999450683
v -0.032042939662933353 0.03566154956817627 0.15520240783691405
v -0.032042939662933353 0.03527965068817139 0.15544570922851564
v -0.032042939662933353 0.03496227025985718 0.15576868057250978
v -0.02749073028564453 0.03548907995223999 0.15505125999450683
v -0.02760119915008545 0.03507678985595703 0.15520240783691405
v -0.02770004987716675 0.03470789909362793 0.15544570922851564
v -0.027782189846038818 0.03440133094787598 0.15576868057250978
v -0.02324873924255371 0.03373198986053467 0.15505125999450683
v -0.023462159633636476 0.03336234092712403 0.15520240783691405
v -0.023653109073638916 0.03303160905838013 0.15544570922851564
v -0.023811800479888918 0.03275675058364868 0.15576868057250978
v -0.019606070518493654 0.030936870574951172 0.15505125999450683
v -0.019907890558242797 0.030635049343109132 0.15520240783691405
v -0.020177929401397704 0.03036500930786133 0.15544570922851564
v -0.020402359962463378 0.030140581130981448 0.15576868057250978
v -0.01252419948577881 0.020769150257110597 0.155
v -0.012913830280303955 0.02054419994354248 0.15505125999450683
v -0.01328348994255066 0.020330779552459717 0.15520240783691405
v -0.013614219427108765 0.020139830112457277 0.15544570922851564
v -0.013889080286026001 0.019981139898300172 0.15576868057250978
v -0.014093979597091674 0.019862840175628664 0.1561547565460205
v 0.021220030784606932 0.04452462196350098 0.15988691329956056
v 0.02154984951019287 0.04464157104492188 0.16091779708862305
v 0.021661550998687745 0.04468118190765381 0.16200000762939454
v 0.02154984951019287 0.04464157104492188 0.1630821990966797
v 0.021220030784606932 0.04452462196350098 0.1641130828857422
v 0.021842401027679443 0.043263697624206544 0.1641130828857422
v 0.022741789817810058 0.04218277931213379 0.1641130828857422
v 0.023868539333343507 0.041341519355773924 0.1641130828857422
v 0.025160460472106932 0.04078635215759278 0.1641130828857422
v 0.026546258926391602 0.04054791927337647 0.1641130828857422
v 0.026546258926391602 0.04054791927337647 0.15988691329956056
v 0.025160460472106932 0.04078635215759278 0.15988691329956056
v 0.023868539333343507 0.041341519355773924 0.15988691329956056
v 0.022741789817810058 0.04218277931213379 0.15988691329956056
v 0.021842401027679443 0.043263697624206544 0.15988691329956056
v 0.02213582992553711 0.043454370498657226 0.1630821990966797
v 0.02223521947860718 0.04351894855499268 0.16200000762939454
v 0.02213582992553711 0.043454370498657226 0.16091779708862305
v 0.022982630729675293 0.042436652183532715 0.1630821990966797
v 0.023064210414886474 0.04252263069152832 0.16200000762939454
v 0.022982630729675293 0.042436652183532715 0.16091779708862305
v 0.024043509960174562 0.0416445779800415 0.1630821990966797
v 0.024102768898010253 0.04174722194671631 0.16200000762939454
v 0.024043509960174562 0.0416445779800415 0.16091779708862305
v 0.025259900093078613 0.04112186908721924 0.1630821990966797
v 0.0252935791015625 0.04123549938201904 0.16200000762939454
v 0.025259900093078613 0.04112186908721924 0.16091779708862305
v 0.026564669609069825 0.04089737892150879 0.1630821990966797
v 0.026570909023284912 0.04101573944091797 0.16200000762939454
v 0.026564669609069825 0.04089737892150879 0.16091779708862305
v 0.018748669624328612 0.04946582794189453 0.1641130828857422
v 0.015148370265960694 0.053656420707702636 0.1641130828857422
v 0.010635919570922851 0.0568440580368042 0.1641130828857422
v 0.0054830402135849 0.05883679866790772 0.1641130828857422
v 0.0 0.05951465129852295 0.1641130828857422
v -0.0054830402135849 0.05883679866790772 0.1641130828857422
v -0.010635919570922851 0.0568440580368042 0.1641130828857422
v -0.015148370265960694 0.053656420707702636 0.1641130828857422
v -0.018748669624328612 0.04946582794189453 0.1641130828857422
v -0.021220030784606932 0.04452462196350098 0.1641130828857422
v -0.021842401027679443 0.043263697624206544 0.1641130828857422
v -0.022741789817810058 0.04218277931213379 0.1641130828857422
v -0.023868539333343507 0.041341519355773924 0.1641130828857422
v -0.025160460472106932 0.04078635215759278 0.1641130828857422
v -0.026546258926391602 0.04054791927337647 0.1641130828857422
v -0.024248709678649904 0.004014649987220764 0.1641130828857422
v -0.032042939662933353 0.004014649987220764 0.1641130828857422
v -0.03579201936721802 0.0045082300901412966 0.1641130828857422
v -0.03928561925888062 0.005955320000648499 0.1641130828857422
v -0.04228562831878662 0.008257309794425965 0.1641130828857422
v -0.044587621688842775 0.011257319450378419 0.1641130828857422
v -0.04603470802307129 0.014750920534133911 0.1641130828857422
v -0.04652829170227051 0.01850000023841858 0.1641130828857422
v -0.04603470802307129 0.022249081134796143 0.1641130828857422
v -0.044587621688842775 0.02574268102645874 0.1641130828857422
v -0.04228562831878662 0.028742690086364747 0.1641130828857422
v -0.03928561925888062 0.031044681072235108 0.1641130828857422
v -0.03579201936721802 0.03249176979064942 0.1641130828857422
v -0.032042939662933353 0.03298535108566284 0.1641130828857422
v -0.028293859958648682 0.03249176979064942 0.1641130828857422
v -0.024800260066986084 0.031044681072235108 0.1641130828857422
v -0.02180025100708008 0.028742690086364747 0.1641130828857422
v -0.019498260021209718 0.02574268102645874 0.1641130828857422
v -0.015601140260696412 0.018992680311203002 0.1641130828857422
v -0.008647570013999939 0.02300731897354126 0.1641130828857422
v -0.012544679641723634 0.029757320880889893 0.1641130828857422
v -0.013991769552230835 0.03325092077255249 0.1641130828857422
v -0.014485349655151367 0.03700000047683716 0.1641130828857422
v -0.013991769552230835 0.04074907779693603 0.1641130828857422
v -0.012544679641723634 0.04424267768859863 0.1641130828857422
v -0.010242689847946167 0.04724268913269043 0.1641130828857422
v -0.007242680191993714 0.049544677734375 0.1641130828857422
v -0.003749080002307892 0.0509917688369751 0.1641130828857422
v 0.0 0.05148534774780274 0.1641130828857422
v 0.003749080002307892 0.0509917688369751 0.1641130828857422
v 0.007242680191993714 0.049544677734375 0.1641130828857422
v 0.010242689847946167 0.04724268913269043 0.1641130828857422
v 0.012544679641723634 0.04424267768859863 0.1641130828857422
v 0.013991769552230835 0.04074907779693603 0.1641130828857422
v 0.014485349655151367 0.03700000047683716 0.1641130828857422
v 0.013991769552230835 0.03325092077255249 0.1641130828857422
v 0.012544679641723634 0.029757320880889893 0.1641130828857422
v 0.008647570013999939 0.02300731897354126 0.1641130828857422
v 0.015601140260696412 0.018992680311203002 0.1641130828857422
v 0.019498260021209718 0.02574268102645874 0.1641130828857422
v 0.02180025100708008 0.028742690086364747 0.1641130828857422
v 0.024800260066986084 0.031044681072235108 0.1641130828857422
v 0.028293859958648682 0.03249176979064942 0.1641130828857422
v 0.032042939662933353 0.03298535108566284 0.1641130828857422
v 0.03579201936721802 0.03249176979064942 0.1641130828857422
v 0.03928561925888062 0.031044681072235108 0.1641130828857422
v 0.04228562831878662 0.028742690086364747 0.1641130828857422
v 0.044587621688842775 0.02574268102645874 0.1641130828857422
v 0.04603470802307129 0.022249081134796143 0.1641130828857422
v 0.04652829170227051 0.01850000023841858 0.1641130828857422
v 0.04603470802307129 0.014750920534133911 0.1641130828857422
v 0.044587621688842775 0.011257319450378419 0.1641130828857422
v 0.04228562831878662 0.008257309794425965 0.1641130828857422
v 0.03928561925888062 0.005955320000648499 0.1641130828857422
v 0.03579201936721802 0.0045082300901412966 0.1641130828857422
v 0.032042939662933353 0.004014649987220764 0.1641130828857422
v 0.024248709678649904 0.004014649987220764 0.1641130828857422
v 0.024248709678649904 -0.004014649987220764 0.1641130828857422
v 0.032042939662933353 -0.004014649987220764 0.1641130828857422
v 0.03579201936721802 -0.0045082300901412966 0.1641130828857422
v 0.03928561925888062 -0.005955320000648499 0.1641130828857422
v 0.04228562831878662 -0.008257309794425965 0.1641130828857422
v 0.044587621688842775 -0.011257319450378419 0.1641130828857422
v 0.04603470802307129 -0.014750920534133911 0.1641130828857422
v 0.04652829170227051 -0.01850000023841858 0.1641130828857422
v 0.04603470802307129 -0.022249081134796143 0.1641130828857422
v 0.044587621688842775 -0.02574268102645874 0.1641130828857422
v 0.04228562831878662 -0.028742690086364747 0.1641130828857422
v 0.03928561925888062 -0.031044681072235108 0.1641130828857422
v 0.03579201936721802 -0.03249176979064942 0.1641130828857422
v 0.032042939662933353 -0.03298535108566284 0.1641130828857422
v 0.028293859958648682 -0.03249176979064942 0.1641130828857422
v 0.024800260066986084 -0.031044681072235108 0.1641130828857422
v 0.02180025100708008 -0.028742690086364747 0.1641130828857422
v 0.019498260021209718 -0.02574268102645874 0.1641130828857422
v 0.015601140260696412 -0.018992680311203002 0.1641130828857422
v 0.008647570013999939 -0.02300731897354126 0.1641130828857422
v 0.012544679641723634 -0.029757320880889893 0.1641130828857422
v 0.013991769552230835 -0.03325092077255249 0.1641130828857422
v 0.014485349655151367 -0.03700000047683716 0.1641130828857422
v 0.013991769552230835 -0.04074907779693603 0.1641130828857422
v 0.012544679641723634 -0.04424267768859863 0.1641130828857422
v 0.010242689847946167 -0.04724268913269043 0.1641130828857422
v 0.007242680191993714 -0.049544677734375 0.1641130828857422
v 0.003749080002307892 -0.0509917688369751 0.1641130828857422
v 0.0 -0.05148534774780274 0.1641130828857422
v -0.003749080002307892 -0.0509917688369751 0.1641130828857422
v -0.007242680191993714 -0.049544677734375 0.1641130828857422
v -0.010242689847946167 -0.04724268913269043 0.1641130828857422
v -0.012544679641723634 -0.04424267768859863 0.1641130828857422
v -0.013991769552230835 -0.04074907779693603 0.1641130828857422
v -0.014485349655151367 -0.03700000047683716 0.1641130828857422
v -0.013991769552230835 -0.03325092077255249 0.1641130828857422
v -0.012544679641723634 -0.029757320880889893 0.1641130828857422
v -0.008647570013999939 -0.02300731897354126 0.1641130828857422
v -0.015601140260696412 -0.018992680311203002 0.1641130828857422
v -0.019498260021209718 -0.02574268102645874 0.1641130828857422
v -0.02180025100708008 -0.028742690086364747 0.1641130828857422
v -0.024800260066986084 -0.031044681072235108 0.1641130828857422
v -0.028293859958648682 -0.03249176979064942 0.1641130828857422
v -0.032042939662933353 -0.03298535108566284 0.1641130828857422
v -0.03579201936721802 -0.03249176979064942 0.1641130828857422
v -0.03928561925888062 -0.031044681072235108 0.1641130828857422
v -0.04228562831878662 -0.028742690086364747 0.1641130828857422
v -0.044587621688842775 -0.02574268102645874 0.1641130828857422
v -0.04603470802307129 -0.022249081134796143 0.1641130828857422
v -0.04652829170227051 -0.01850000023841858 0.1641130828857422
v -0.04603470802307129 -0.014750920534133911 0.1641130828857422
v -0.044587621688842775 -0.011257319450378419 0.1641130828857422
v -0.04228562831878662 -0.008257309794425965 0.1641130828857422
v -0.03928561925888062 -0.005955320000648499 0.1641130828857422
v -0.03579201936721802 -0.0045082300901412966 0.1641130828857422
v -0.032042939662933353 -0.004014649987220764 0.1641130828857422
v -0.024248709678649904 -0.004014649987220764 0.1641130828857422
v -0.02154984951019287 0.04464157104492188 0.1630821990966797
v -0.021661550998687745 0.04468118190765381 0.16200000762939454
v -0.02154984951019287 0.04464157104492188 0.16091779708862305
v -0.021220030784606932 0.04452462196350098 0.15988691329956056
v -0.021842401027679443 0.043263697624206544 0.15988691329956056
v -0.022741789817810058 0.04218277931213379 0.15988691329956056
v -0.023868539333343507 0.041341519355773924 0.15988691329956056
v -0.025160460472106932 0.04078635215759278 0.15988691329956056
v -0.026546258926391602 0.04054791927337647 0.15988691329956056
v -0.026564669609069825 0.04089737892150879 0.1630821990966797
v -0.026570909023284912 0.04101573944091797 0.16200000762939454
v -0.026564669609069825 0.04089737892150879 0.16091779708862305
v -0.025259900093078613 0.04112186908721924 0.1630821990966797
v -0.0252935791015625 0.04123549938201904 0.16200000762939454
v -0.025259900093078613 0.04112186908721924 0.16091779708862305
v -0.024043509960174562 0.0416445779800415 0.1630821990966797
v -0.024102768898010253 0.04174722194671631 0.16200000762939454
v -0.024043509960174562 0.0416445779800415 0.16091779708862305
v -0.022982630729675293 0.042436652183532715 0.1630821990966797
v -0.023064210414886474 0.04252263069152832 0.16200000762939454
v -0.022982630729675293 0.042436652183532715 0.16091779708862305
v -0.02213582992553711 0.043454370498657226 0.1630821990966797
v -0.02223521947860718 0.04351894855499268 0.16200000762939454
v -0.02213582992553711 0.043454370498657226 0.16091779708862305
v -0.018748669624328612 0.04946582794189453 0.15988691329956056
v -0.015148370265960694 0.053656420707702636 0.15988691329956056
v -0.010635919570922851 0.0568440580368042 0.15988691329956056
v -0.0054830402135849 0.05883679866790772 0.15988691329956056
v 0.0 0.05951465129852295 0.15988691329956056
v 0.0054830402135849 0.05883679866790772 0.15988691329956056
v 0.010635919570922851 0.0568440580368042 0.15988691329956056
v 0.015148370265960694 0.053656420707702636 0.15988691329956056
v 0.018748669624328612 0.04946582794189453 0.15988691329956056
v -0.012544679641723634 0.029757320880889893 0.15988691329956056
v -0.008647570013999939 0.02300731897354126 0.15988691329956056
v 0.012544679641723634 0.029757320880889893 0.15988691329956056
v 0.013991769552230835 0.03325092077255249 0.15988691329956056
v 0.014485349655151367 0.03700000047683716 0.15988691329956056
v 0.013991769552230835 0.04074907779693603 0.15988691329956056
v 0.012544679641723634 0.04424267768859863 0.15988691329956056
v 0.010242689847946167 0.04724268913269043 0.15988691329956056
v 0.007242680191993714 0.049544677734375 0.15988691329956056
v 0.003749080002307892 0.0509917688369751 0.15988691329956056
v 0.0 0.05148534774780274 0.15988691329956056
v -0.003749080002307892 0.0509917688369751 0.15988691329956056
v -0.007242680191993714 0.049544677734375 0.15988691329956056
v -0.010242689847946167 0.04724268913269043 0.15988691329956056
v -0.012544679641723634 0.04424267768859863 0.15988691329956056
v -0.013991769552230835 0.04074907779693603 0.15988691329956056
v -0.014485349655151367 0.03700000047683716 0.15988691329956056
v -0.013991769552230835 0.03325092077255249 0.15988691329956056
v 0.008647570013999939 0.02300731897354126 0.15988691329956056
v 0.019498260021209718 0.02574268102645874 0.15988691329956056
v 0.015601140260696412 0.018992680311203002 0.15988691329956056
v 0.032042939662933353 0.004014649987220764 0.15988691329956056
v 0.03579201936721802 0.0045082300901412966 0.15988691329956056
v 0.03928561925888062 0.005955320000648499 0.15988691329956056
v 0.04228562831878662 0.008257309794425965 0.15988691329956056
v 0.044587621688842775 0.011257319450378419 0.15988691329956056
v 0.04603470802307129 0.014750920534133911 0.15988691329956056
v 0.04652829170227051 0.01850000023841858 0.15988691329956056
v 0.04603470802307129 0.022249081134796143 0.15988691329956056
v 0.044587621688842775 0.02574268102645874 0.15988691329956056
v 0.04228562831878662 0.028742690086364747 0.15988691329956056
v 0.03928561925888062 0.031044681072235108 0.15988691329956056
v 0.03579201936721802 0.03249176979064942 0.15988691329956056
v 0.032042939662933353 0.03298535108566284 0.15988691329956056
v 0.028293859958648682 0.03249176979064942 0.15988691329956056
v 0.024800260066986084 0.031044681072235108 0.15988691329956056
v 0.02180025100708008 0.028742690086364747 0.15988691329956056
v 0.024248709678649904 0.004014649987220764 0.15988691329956056
v 0.032042939662933353 -0.004014649987220764 0.15988691329956056
v 0.024248709678649904 -0.004014649987220764 0.15988691329956056
v 0.019498260021209718 -0.02574268102645874 0.15988691329956056
v 0.02180025100708008 -0.028742690086364747 0.15988691329956056
v 0.024800260066986084 -0.031044681072235108 0.15988691329956056
v 0.028293859958648682 -0.03249176979064942 0.15988691329956056
v 0.032042939662933353 -0.03298535108566284 0.15988691329956056
v 0.03579201936721802 -0.03249176979064942 0.15988691329956056
v 0.03928561925888062 -0.031044681072235108 0.15988691329956056
v 0.04228562831878662 -0.028742690086364747 0.15988691329956056
v 0.044587621688842775 -0.02574268102645874 0.15988691329956056
v 0.04603470802307129 -0.022249081134796143 0.15988691329956056
v 0.04652829170227051 -0.01850000023841858 0.15988691329956056
v 0.04603470802307129 -0.014750920534133911 0.15988691329956056
v 0.044587621688842775 -0.011257319450378419 0.15988691329956056
v 0.04228562831878662 -0.008257309794425965 0.15988691329956056
v 0.03928561925888062 -0.005955320000648499 0.15988691329956056
v 0.03579201936721802 -0.0045082300901412966 0.15988691329956056
v 0.015601140260696412 -0.018992680311203002 0.15988691329956056
v 0.012544679641723634 -0.029757320880889893 0.15988691329956056
v 0.008647570013999939 -0.02300731897354126 0.15988691329956056
v -0.012544679641723634 -0.029757320880889893 0.15988691329956056
v -0.013991769552230835 -0.03325092077255249 0.15988691329956056
v -0.014485349655151367 -0.03700000047683716 0.15988691329956056
v -0.013991769552230835 -0.04074907779693603 0.15988691329956056
v -0.012544679641723634 -0.04424267768859863 0.15988691329956056
v -0.010242689847946167 -0.04724268913269043 0.15988691329956056
v -0.007242680191993714 -0.049544677734375 0.15988691329956056
v -0.003749080002307892 -0.0509917688369751 0.15988691329956056
v 0.0 -0.05148534774780274 0.15988691329956056
v 0.003749080002307892 -0.0509917688369751 0.15988691329956056
v 0.007242680191993714 -0.049544677734375 0.15988691329956056
v 0.010242689847946167 -0.04724268913269043 0.15988691329956056
v 0.012544679641723634 -0.04424267768859863 0.15988691329956056
v 0.013991769552230835 -0.04074907779693603 0.15988691329956056
v 0.014485349655151367 -0.03700000047683716 0.15988691329956056
v 0.013991769552230835 -0.03325092077255249 0.15988691329956056
v -0.008647570013999939 -0.02300731897354126 0.15988691329956056
v -0.019498260021209718 -0.02574268102645874 0.15988691329956056
v -0.015601140260696412 -0.018992680311203002 0.15988691329956056
v -0.032042939662933353 -0.004014649987220764 0.15988691329956056
v -0.03579201936721802 -0.0045082300901412966 0.15988691329956056
v -0.03928561925888062 -0.005955320000648499 0.15988691329956056
v -0.04228562831878662 -0.008257309794425965 0.15988691329956056
v -0.044587621688842775 -0.011257319450378419 0.15988691329956056
v -0.04603470802307129 -0.014750920534133911 0.15988691329956056
v -0.04652829170227051 -0.01850000023841858 0.15988691329956056
v -0.04603470802307129 -0.022249081134796143 0.15988691329956056
v -0.044587621688842775 -0.02574268102645874 0.15988691329956056
v -0.04228562831878662 -0.028742690086364747 0.15988691329956056
v -0.03928561925888062 -0.031044681072235108 0.15988691329956056
v -0.03579201936721802 -0.03249176979064942 0.15988691329956056
v -0.032042939662933353 -0.03298535108566284 0.15988691329956056
v -0.028293859958648682 -0.03249176979064942 0.15988691329956056
v -0.024800260066986084 -0.031044681072235108 0.15988691329956056
v -0.02180025100708008 -0.028742690086364747 0.15988691329956056
v -0.024248709678649904 -0.004014649987220764 0.15988691329956056
v -0.032042939662933353 0.004014649987220764 0.15988691329956056
v -0.024248709678649904 0.004014649987220764 0.15988691329956056
v -0.019498260021209718 0.02574268102645874 0.15988691329956056
v -0.02180025100708008 0.028742690086364747 0.15988691329956056
v -0.024800260066986084 0.031044681072235108 0.15988691329956056
v -0.028293859958648682 0.03249176979064942 0.15988691329956056
v -0.032042939662933353 0.03298535108566284 0.15988691329956056
v -0.03579201936721802 0.03249176979064942 0.15988691329956056
v -0.03928561925888062 0.031044681072235108 0.15988691329956056
v -0.04228562831878662 0.028742690086364747 0.15988691329956056
v -0.044587621688842775 0.02574268102645874 0.15988691329956056
v -0.04603470802307129 0.022249081134796143 0.15988691329956056
v -0.04652829170227051 0.01850000023841858 0.15988691329956056
v -0.04603470802307129 0.014750920534133911 0.15988691329956056
v -0.044587621688842775 0.011257319450378419 0.15988691329956056
v -0.04228562831878662 0.008257309794425965 0.15988691329956056
v -0.03928561925888062 0.005955320000648499 0.15988691329956056
v -0.03579201936721802 0.0045082300901412966 0.15988691329956056
v -0.015601140260696412 0.018992680311203002 0.15988691329956056
v -0.019040069580078124 0.049659590721130374 0.1630821990966797
v -0.01913877010345459 0.049725208282470706 0.16200000762939454
v -0.019040069580078124 0.049659590721130374 0.16091779708862305
v -0.015383820533752441 0.05391530990600586 0.1630821990966797
v -0.01546355962753296 0.05400299072265625 0.16200000762939454
v -0.015383820533752441 0.05391530990600586 0.16091779708862305
v -0.01080122947692871 0.05715249061584473 0.1630821990966797
v -0.010857219696044923 0.057256951332092285 0.16200000762939454
v -0.01080122947692871 0.05715249061584473 0.16091779708862305
v -0.005568259954452515 0.05917620182037354 0.1630821990966797
v -0.005597119927406311 0.05929114818572998 0.16200000762939454
v -0.005568259954452515 0.05917620182037354 0.16091779708862305
v 0.0 0.059864587783813476 0.1630821990966797
v 0.0 0.059983110427856444 0.16200000762939454
v 0.0 0.059864587783813476 0.16091779708862305
v 0.005568259954452515 0.05917620182037354 0.1630821990966797
v 0.005597119927406311 0.05929114818572998 0.16200000762939454
v 0.005568259954452515 0.05917620182037354 0.16091779708862305
v 0.01080122947692871 0.05715249061584473 0.1630821990966797
v 0.010857219696044923 0.057256951332092285 0.16200000762939454
v 0.01080122947692871 0.05715249061584473 0.16091779708862305
v 0.015383820533752441 0.05391530990600586 0.1630821990966797
v 0.01546355962753296 0.05400299072265625 0.16200000762939454
v 0.015383820533752441 0.05391530990600586 0.16091779708862305
v 0.019040069580078124 0.049659590721130374 0.1630821990966797
v 0.01913877010345459 0.049725208282470706 0.16200000762939454
v 0.019040069580078124 0.049659590721130374 0.16091779708862305
v -0.032042939662933353 0.004364590048789978 0.16091779708862305
v -0.032042939662933353 0.004483110010623932 0.16200000762939454
v -0.032042939662933353 0.004364590048789978 0.1630821990966797
v -0.024248709678649904 0.004364590048789978 0.1630821990966797
v -0.024248709678649904 0.004483110010623932 0.16200000762939454
v -0.024248709678649904 0.004364590048789978 0.16091779708862305
v -0.01980131983757019 0.025567700862884523 0.16091779708862305
v -0.019903960227966307 0.02550843954086304 0.16200000762939454
v -0.01980131983757019 0.025567700862884523 0.1630821990966797
v -0.02189496040344238 0.028340139389038087 0.1630821990966797
v -0.021980049610137938 0.028257629871368407 0.16200000762939454
v -0.02189496040344238 0.028340139389038087 0.16091779708862305
v -0.024601609706878663 0.03051816940307617 0.1630821990966797
v -0.02466399908065796 0.030417399406433107 0.16200000762939454
v -0.024601609706878663 0.03051816940307617 0.16091779708862305
v -0.027757749557495118 0.03197022914886475 0.1630821990966797
v -0.027793679237365723 0.03185728073120117 0.16200000762939454
v -0.027757749557495118 0.03197022914886475 0.16091779708862305
v -0.031172749996185304 0.03260859966278076 0.1630821990966797
v -0.031180050373077393 0.03249030113220215 0.16200000762939454
v -0.031172749996185304 0.03260859966278076 0.16091779708862305
v -0.034640309810638426 0.03239473104476929 0.1630821990966797
v -0.03461853981018066 0.0322782301902771 0.16200000762939454
v -0.034640309810638426 0.03239473104476929 0.16091779708862305
v -0.03795098066329956 0.03134152889251709 0.1630821990966797
v -0.03790143966674805 0.031233859062194825 0.16200000762939454
v -0.03795098066329956 0.03134152889251709 0.16091779708862305
v -0.04090476036071777 0.029512619972229006 0.1630821990966797
v -0.040830459594726566 0.029420289993286133 0.16200000762939454
v -0.04090476036071777 0.029512619972229006 0.16091779708862305
v -0.043323240280151366 0.027018489837646487 0.1630821990966797
v -0.04322865962982178 0.026947059631347657 0.16200000762939454
v -0.043323240280151366 0.027018489837646487 0.16091779708862305
v -0.045060319900512694 0.024009780883789064 0.1630821990966797
v -0.044951171875 0.023963589668273926 0.16200000762939454
v -0.045060319900512694 0.024009780883789064 0.16091779708862305
v -0.046011061668396 0.020668249130249023 0.1630821990966797
v -0.04589395046234131 0.02065006971359253 0.16200000762939454
v -0.046011061668396 0.020668249130249023 0.16091779708862305
v -0.04611804962158203 0.01719575047492981 0.1630821990966797
v -0.04600004196166992 0.017206679582595825 0.16200000762939454
v -0.04611804962158203 0.01719575047492981 0.16091779708862305
v -0.0453748083114624 0.013802030086517335 0.1630821990966797
v -0.045263028144836424 0.013841420412063599 0.16200000762939454
v -0.0453748083114624 0.013802030086517335 0.16091779708862305
v -0.04382625102996826 0.010692089796066284 0.1630821990966797
v -0.043727450370788574 0.010757559537887573 0.16200000762939454
v -0.04382625102996826 0.010692089796066284 0.16091779708862305
v -0.041565899848937986 0.008053810000419617 0.1630821990966797
v -0.04148605823516846 0.008141390085220338 0.16200000762939454
v -0.041565899848937986 0.008053810000419617 0.16091779708862305
v -0.038730309009552 0.00604653000831604 0.1630821990966797
v -0.038674240112304685 0.006150950193405152 0.16200000762939454
v -0.038730309009552 0.00604653000831604 0.16091779708862305
v -0.03549076080322266 0.004791519939899445 0.1630821990966797
v -0.0354618501663208 0.004906460046768189 0.16200000762939454
v -0.03549076080322266 0.004791519939899445 0.16091779708862305
v -0.015904200077056885 0.018817700147628784 0.16091779708862305
v -0.016006840467453005 0.018758440017700197 0.16200000762939454
v -0.015904200077056885 0.018817700147628784 0.1630821990966797
v -0.01224161982536316 0.02993230104446411 0.16091779708862305
v -0.012138979434967041 0.029991559982299805 0.16200000762939454
v -0.01224161982536316 0.02993230104446411 0.1630821990966797
v -0.008344510197639465 0.02318229913711548 0.1630821990966797
v -0.008241869807243347 0.023241560459136962 0.16200000762939454
v -0.008344510197639465 0.02318229913711548 0.16091779708862305
v 0.01224161982536316 0.02993230104446411 0.16091779708862305
v 0.012138979434967041 0.029991559982299805 0.16200000762939454
v 0.01224161982536316 0.02993230104446411 0.1630821990966797
v 0.013595800399780273 0.03313165903091431 0.1630821990966797
v 0.013481800556182862 0.03316410064697266 0.16200000762939454
v 0.013595800399780273 0.03313165903091431 0.16091779708862305
v 0.0141287100315094 0.03656470060348511 0.1630821990966797
v 0.014010239839553833 0.03656835079193115 0.16200000762939454
v 0.0141287100315094 0.03656470060348511 0.16091779708862305
v 0.013808150291442872 0.040024027824401856 0.1630821990966797
v 0.013692380189895631 0.039998679161071776 0.16200000762939454
v 0.013808150291442872 0.040024027824401856 0.16091779708862305
v 0.012653499841690063 0.043300690650939944 0.1630821990966797
v 0.012547409534454346 0.04324787139892578 0.16200000762939454
v 0.012653499841690063 0.043300690650939944 0.16091779708862305
v 0.01073449969291687 0.04619676113128662 0.1630821990966797
v 0.010644489526748657 0.046119642257690434 0.16200000762939454
v 0.01073449969291687 0.04619676113128662 0.16091779708862305
v 0.008167070150375367 0.048537278175354005 0.1630821990966797
v 0.008098589777946473 0.04844054222106934 0.16200000762939454
v 0.008167070150375367 0.048537278175354005 0.16091779708862305
v 0.005106300115585327 0.050180878639221195 0.1630821990966797
v 0.005063480138778687 0.050070362091064455 0.16200000762939454
v 0.005106300115585327 0.050180878639221195 0.16091779708862305
v 0.001737080067396164 0.05102827072143555 0.1630821990966797
v 0.0017225100100040436 0.05091064929962158 0.16200000762939454
v 0.001737080067396164 0.05102827072143555 0.16091779708862305
v -0.001737080067396164 0.05102827072143555 0.1630821990966797
v -0.0017225100100040436 0.05091064929962158 0.16200000762939454
v -0.001737080067396164 0.05102827072143555 0.16091779708862305
v -0.005106300115585327 0.050180878639221195 0.1630821990966797
v -0.005063480138778687 0.050070362091064455 0.16200000762939454
v -0.005106300115585327 0.050180878639221195 0.16091779708862305
v -0.008167070150375367 0.048537278175354005 0.1630821990966797
v -0.008098589777946473 0.04844054222106934 0.16200000762939454
v -0.008167070150375367 0.048537278175354005 0.16091779708862305
v -0.01073449969291687 0.04619676113128662 0.1630821990966797
v -0.010644489526748657 0.046119642257690434 0.16200000762939454
v -0.01073449969291687 0.04619676113128662 0.16091779708862305
v -0.012653499841690063 0.043300690650939944 0.1630821990966797
v -0.012547409534454346 0.04324787139892578 0.16200000762939454
v -0.012653499841690063 0.043300690650939944 0.16091779708862305
v -0.013808150291442872 0.040024027824401856 0.1630821990966797
v -0.013692380189895631 0.039998679161071776 0.16200000762939454
v -0.013808150291442872 0.040024027824401856 0.16091779708862305
v -0.0141287100315094 0.03656470060348511 0.1630821990966797
v -0.014010239839553833 0.03656835079193115 0.16200000762939454
v -0.0141287100315094 0.03656470060348511 0.16091779708862305
v -0.013595800399780273 0.03313165903091431 0.1630821990966797
v -0.013481800556182862 0.03316410064697266 0.16200000762939454
v -0.013595800399780273 0.03313165903091431 0.16091779708862305
v 0.008344510197639465 0.02318229913711548 0.16091779708862305
v 0.008241869807243347 0.023241560459136962 0.16200000762939454
v 0.008344510197639465 0.02318229913711548 0.1630821990966797
v 0.01980131983757019 0.025567700862884523 0.16091779708862305
v 0.019903960227966307 0.02550843954086304 0.16200000762939454
v 0.01980131983757019 0.025567700862884523 0.1630821990966797
v 0.015904200077056885 0.018817700147628784 0.1630821990966797
v 0.016006840467453005 0.018758440017700197 0.16200000762939454
v 0.015904200077056885 0.018817700147628784 0.16091779708862305
v 0.032042939662933353 0.004364590048789978 0.16091779708862305
v 0.032042939662933353 0.004483110010623932 0.16200000762939454
v 0.032042939662933353 0.004364590048789978 0.1630821990966797
v 0.03549076080322266 0.004791519939899445 0.1630821990966797
v 0.0354618501663208 0.004906460046768189 0.16200000762939454
v 0.03549076080322266 0.004791519939899445 0.16091779708862305
v 0.038730309009552 0.00604653000831604 0.1630821990966797
v 0.038674240112304685 0.006150950193405152 0.16200000762939454
v 0.038730309009552 0.00604653000831604 0.16091779708862305
v 0.041565899848937986 0.008053810000419617 0.1630821990966797
v 0.04148605823516846 0.008141390085220338 0.16200000762939454
v 0.041565899848937986 0.008053810000419617 0.16091779708862305
v 0.04382625102996826 0.010692089796066284 0.1630821990966797
v 0.043727450370788574 0.010757559537887573 0.16200000762939454
v 0.04382625102996826 0.010692089796066284 0.16091779708862305
v 0.0453748083114624 0.013802030086517335 0.1630821990966797
v 0.045263028144836424 0.013841420412063599 0.16200000762939454
v 0.0453748083114624 0.013802030086517335 0.16091779708862305
v 0.04611804962158203 0.01719575047492981 0.1630821990966797
v 0.04600004196166992 0.017206679582595825 0.16200000762939454
v 0.04611804962158203 0.01719575047492981 0.16091779708862305
v 0.046011061668396 0.020668249130249023 0.1630821990966797
v 0.04589395046234131 0.02065006971359253 0.16200000762939454
v 0.046011061668396 0.020668249130249023 0.16091779708862305
v 0.045060319900512694 0.024009780883789064 0.1630821990966797
v 0.044951171875 0.023963589668273926 0.16200000762939454
v 0.045060319900512694 0.024009780883789064 0.16091779708862305
v 0.043323240280151366 0.027018489837646487 0.1630821990966797
v 0.04322865962982178 0.026947059631347657 0.16200000762939454
v 0.043323240280151366 0.027018489837646487 0.16091779708862305
v 0.04090476036071777 0.029512619972229006 0.1630821990966797
v 0.040830459594726566 0.029420289993286133 0.16200000762939454
v 0.04090476036071777 0.029512619972229006 0.16091779708862305
v 0.03795098066329956 0.03134152889251709 0.1630821990966797
v 0.03790143966674805 0.031233859062194825 0.16200000762939454
v 0.03795098066329956 0.03134152889251709 0.16091779708862305
v 0.034640309810638426 0.03239473104476929 0.1630821990966797
v 0.03461853981018066 0.0322782301902771 0.16200000762939454
v 0.034640309810638426 0.03239473104476929 0.16091779708862305
v 0.031172749996185304 0.03260859966278076 0.1630821990966797
v 0.031180050373077393 0.03249030113220215 0.16200000762939454
v 0.031172749996185304 0.03260859966278076 0.16091779708862305
v 0.027757749557495118 0.03197022914886475 0.1630821990966797
v 0.027793679237365723 0.03185728073120117 0.16200000762939454
v 0.027757749557495118 0.03197022914886475 0.16091779708862305
v 0.024601609706878663 0.03051816940307617 0.1630821990966797
v 0.02466399908065796 0.030417399406433107 0.16200000762939454
v 0.024601609706878663 0.03051816940307617 0.16091779708862305
v 0.02189496040344238 0.028340139389038087 0.1630821990966797
v 0.021980049610137938 0.028257629871368407 0.16200000762939454
v 0.02189496040344238 0.028340139389038087 0.16091779708862305
v 0.024248709678649904 0.004364590048789978 0.16091779708862305
v 0.024248709678649904 0.004483110010623932 0.16200000762939454
v 0.024248709678649904 0.004364590048789978 0.1630821990966797
v 0.032042939662933353 -0.004364590048789978 0.16091779708862305
v 0.032042939662933353 -0.004483110010623932 0.16200000762939454
v 0.032042939662933353 -0.004364590048789978 0.1630821990966797
v 0.024248709678649904 -0.004364590048789978 0.1630821990966797
v 0.024248709678649904 -0.004483110010623932 0.16200000762939454
v 0.024248709678649904 -0.004364590048789978 0.16091779708862305
v 0.01980131983757019 -0.025567700862884523 0.16091779708862305
v 0.019903960227966307 -0.02550843954086304 0.16200000762939454
v 0.01980131983757019 -0.025567700862884523 0.1630821990966797
v 0.02189496040344238 -0.028340139389038087 0.1630821990966797
v 0.021980049610137938 -0.028257629871368407 0.16200000762939454
v 0.02189496040344238 -0.028340139389038087 0.16091779708862305
v 0.024601609706878663 -0.03051816940307617 0.1630821990966797
v 0.02466399908065796 -0.030417399406433107 0.16200000762939454
v 0.024601609706878663 -0.03051816940307617 0.16091779708862305
v 0.027757749557495118 -0.03197022914886475 0.1630821990966797
v 0.027793679237365723 -0.03185728073120117 0.16200000762939454
v 0.027757749557495118 -0.03197022914886475 0.16091779708862305
v 0.031172749996185304 -0.03260859966278076 0.1630821990966797
v 0.031180050373077393 -0.03249030113220215 0.16200000762939454
v 0.031172749996185304 -0.03260859966278076 0.16091779708862305
v 0.034640309810638426 -0.03239473104476929 0.1630821990966797
v 0.03461853981018066 -0.0322782301902771 0.16200000762939454
v 0.034640309810638426 -0.03239473104476929 0.16091779708862305
v 0.03795098066329956 -0.03134152889251709 0.1630821990966797
v 0.03790143966674805 -0.031233859062194825 0.16200000762939454
v 0.03795098066329956 -0.03134152889251709 0.16091779708862305
v 0.04090476036071777 -0.029512619972229006 0.1630821990966797
v 0.040830459594726566 -0.029420289993286133 0.16200000762939454
v 0.04090476036071777 -0.029512619972229006 0.16091779708862305
v 0.043323240280151366 -0.027018489837646487 0.1630821990966797
v 0.04322865962982178 -0.026947059631347657 0.16200000762939454
v 0.043323240280151366 -0.027018489837646487 0.16091779708862305
v 0.045060319900512694 -0.024009780883789064 0.1630821990966797
v 0.044951171875 -0.023963589668273926 0.16200000762939454
v 0.045060319900512694 -0.024009780883789064 0.16091779708862305
v 0.046011061668396 -0.020668249130249023 0.1630821990966797
v 0.04589395046234131 -0.02065006971359253 0.16200000762939454
v 0.046011061668396 -0.020668249130249023 0.16091779708862305
v 0.04611804962158203 -0.01719575047492981 0.1630821990966797
v 0.04600004196166992 -0.017206679582595825 0.16200000762939454
v 0.04611804962158203 -0.01719575047492981 0.16091779708862305
v 0.0453748083114624 -0.013802030086517335 0.1630821990966797
v 0.045263028144836424 -0.013841420412063599 0.16200000762939454
v 0.0453748083114624 -0.013802030086517335 0.16091779708862305
v 0.04382625102996826 -0.010692089796066284 0.1630821990966797
v 0.043727450370788574 -0.010757559537887573 0.16200000762939454
v 0.04382625102996826 -0.010692089796066284 0.16091779708862305
v 0.041565899848937986 -0.008053810000419617 0.1630821990966797
v 0.04148605823516846 -0.008141390085220338 0.16200000762939454
v 0.041565899848937986 -0.008053810000419617 0.16091779708862305
v 0.038730309009552 -0.00604653000831604 0.1630821990966797
v 0.038674240112304685 -0.006150950193405152 0.16200000762939454
v 0.038730309009552 -0.00604653000831604 0.16091779708862305
v 0.03549076080322266 -0.004791519939899445 0.1630821990966797
v 0.0354618501663208 -0.004906460046768189 0.16200000762939454
v 0.03549076080322266 -0.004791519939899445 0.16091779708862305
v 0.015904200077056885 -0.018817700147628784 0.16091779708862305
v 0.016006840467453005 -0.018758440017700197 0.16200000762939454
v 0.015904200077056885 -0.018817700147628784 0.1630821990966797
v 0.01224161982536316 -0.02993230104446411 0.16091779708862305
v 0.012138979434967041 -0.029991559982299805 0.16200000762939454
v 0.01224161982536316 -0.02993230104446411 0.1630821990966797
v 0.008344510197639465 -0.02318229913711548 0.1630821990966797
v 0.008241869807243347 -0.023241560459136962 0.16200000762939454
v 0.008344510197639465 -0.02318229913711548 0.16091779708862305
v -0.01224161982536316 -0.02993230104446411 0.16091779708862305
v -0.012138979434967041 -0.029991559982299805 0.16200000762939454
v -0.01224161982536316 -0.02993230104446411 0.1630821990966797
v -0.013595800399780273 -0.03313165903091431 0.1630821990966797
v -0.013481800556182862 -0.03316410064697266 0.16200000762939454
v -0.013595800399780273 -0.03313165903091431 0.16091779708862305
v -0.0141287100315094 -0.03656470060348511 0.1630821990966797
v -0.014010239839553833 -0.03656835079193115 0.16200000762939454
v -0.0141287100315094 -0.03656470060348511 0.16091779708862305
v -0.013808150291442872 -0.040024027824401856 0.1630821990966797
v -0.013692380189895631 -0.039998679161071776 0.16200000762939454
v -0.013808150291442872 -0.040024027824401856 0.16091779708862305
v -0.012653499841690063 -0.043300690650939944 0.1630821990966797
v -0.012547409534454346 -0.04324787139892578 0.16200000762939454
v -0.012653499841690063 -0.043300690650939944 0.16091779708862305
v -0.01073449969291687 -0.04619676113128662 0.1630821990966797
v -0.010644489526748657 -0.046119642257690434 0.16200000762939454
v -0.01073449969291687 -0.04619676113128662 0.16091779708862305
v -0.008167070150375367 -0.048537278175354005 0.1630821990966797
v -0.008098589777946473 -0.04844054222106934 0.16200000762939454
v -0.008167070150375367 -0.048537278175354005 0.16091779708862305
v -0.005106300115585327 -0.050180878639221195 0.1630821990966797
v -0.005063480138778687 -0.050070362091064455 0.16200000762939454
v -0.005106300115585327 -0.050180878639221195 0.16091779708862305
v -0.001737080067396164 -0.05102827072143555 0.1630821990966797
v -0.0017225100100040436 -0.05091064929962158 0.16200000762939454
v -0.001737080067396164 -0.05102827072143555 0.16091779708862305
v 0.001737080067396164 -0.05102827072143555 0.1630821990966797
v 0.0017225100100040436 -0.05091064929962158 0.16200000762939454
v 0.001737080067396164 -0.05102827072143555 0.16091779708862305
v 0.005106300115585327 -0.050180878639221195 0.1630821990966797
v 0.005063480138778687 -0.050070362091064455 0.16200000762939454
v 0.005106300115585327 -0.050180878639221195 0.16091779708862305
v 0.008167070150375367 -0.048537278175354005 0.1630821990966797
v 0.008098589777946473 -0.04844054222106934 0.16200000762939454
v 0.008167070150375367 -0.048537278175354005 0.16091779708862305
v 0.01073449969291687 -0.04619676113128662 0.1630821990966797
v 0.010644489526748657 -0.046119642257690434 0.16200000762939454
v 0.01073449969291687 -0.04619676113128662 0.16091779708862305
v 0.012653499841690063 -0.043300690650939944 0.1630821990966797
v 0.012547409534454346 -0.04324787139892578 0.16200000762939454
v 0.012653499841690063 -0.043300690650939944 0.16091779708862305
v 0.013808150291442872 -0.040024027824401856 0.1630821990966797
v 0.013692380189895631 -0.039998679161071776 0.16200000762939454
v 0.013808150291442872 -0.040024027824401856 0.16091779708862305
v 0.0141287100315094 -0.03656470060348511 0.1630821990966797
v 0.014010239839553833 -0.03656835079193115 0.16200000762939454
v 0.0141287100315094 -0.03656470060348511 0.16091779708862305
v 0.013595800399780273 -0.03313165903091431 0.1630821990966797
v 0.013481800556182862 -0.03316410064697266 0.16200000762939454
v 0.013595800399780273 -0.03313165903091431 0.16091779708862305
v -0.008344510197639465 -0.02318229913711548 0.16091779708862305
v -0.008241869807243347 -0.023241560459136962 0.16200000762939454
v -0.008344510197639465 -0.02318229913711548 0.1630821990966797
v -0.01980131983757019 -0.025567700862884523 0.16091779708862305
v -0.019903960227966307 -0.02550843954086304 0.16200000762939454
v -0.01980131983757019 -0.025567700862884523 0.1630821990966797
v -0.015904200077056885 -0.018817700147628784 0.1630821990966797
v -0.016006840467453005 -0.018758440017700197 0.16200000762939454
v -0.015904200077056885 -0.018817700147628784 0.16091779708862305
v -0.032042939662933353 -0.004364590048789978 0.16091779708862305
v -0.032042939662933353 -0.004483110010623932 0.16200000762939454
v -0.032042939662933353 -0.004364590048789978 0.1630821990966797
v -0.03549076080322266 -0.004791519939899445 0.1630821990966797
v -0.0354618501663208 -0.004906460046768189 0.16200000762939454
v -0.03549076080322266 -0.004791519939899445 0.16091779708862305
v -0.038730309009552 -0.00604653000831604 0.1630821990966797
v -0.038674240112304685 -0.006150950193405152 0.16200000762939454
v -0.038730309009552 -0.00604653000831604 0.16091779708862305
v -0.041565899848937986 -0.008053810000419617 0.1630821990966797
v -0.04148605823516846 -0.008141390085220338 0.16200000762939454
v -0.041565899848937986 -0.008053810000419617 0.16091779708862305
v -0.04382625102996826 -0.010692089796066284 0.1630821990966797
v -0.043727450370788574 -0.010757559537887573 0.16200000762939454
v -0.04382625102996826 -0.010692089796066284 0.16091779708862305
v -0.0453748083114624 -0.013802030086517335 0.1630821990966797
v -0.045263028144836424 -0.013841420412063599 0.16200000762939454
v -0.0453748083114624 -0.013802030086517335 0.16091779708862305
v -0.04611804962158203 -0.01719575047492981 0.1630821990966797
v -0.04600004196166992 -0.017206679582595825 0.16200000762939454
v -0.04611804962158203 -0.01719575047492981 0.16091779708862305
v -0.046011061668396 -0.020668249130249023 0.1630821990966797
v -0.04589395046234131 -0.02065006971359253 0.16200000762939454
v -0.046011061668396 -0.020668249130249023 0.16091779708862305
v -0.045060319900512694 -0.024009780883789064 0.1630821990966797
v -0.044951171875 -0.023963589668273926 0.16200000762939454
v -0.045060319900512694 -0.024009780883789064 0.16091779708862305
v -0.043323240280151366 -0.027018489837646487 0.1630821990966797
v -0.04322865962982178 -0.026947059631347657 0.16200000762939454
v -0.043323240280151366 -0.027018489837646487 0.16091779708862305
v -0.04090476036071777 -0.029512619972229006 0.1630821990966797
v -0.040830459594726566 -0.029420289993286133 0.16200000762939454
v -0.04090476036071777 -0.029512619972229006 0.16091779708862305
v -0.03795098066329956 -0.03134152889251709 0.1630821990966797
v -0.03790143966674805 -0.031233859062194825 0.16200000762939454
v -0.03795098066329956 -0.03134152889251709 0.16091779708862305
v -0.034640309810638426 -0.03239473104476929 0.1630821990966797
v -0.03461853981018066 -0.0322782301902771 0.16200000762939454
v -0.034640309810638426 -0.03239473104476929 0.16091779708862305
v -0.031172749996185304 -0.03260859966278076 0.1630821990966797
v -0.031180050373077393 -0.03249030113220215 0.16200000762939454
v -0.031172749996185304 -0.03260859966278076 0.16091779708862305
v -0.027757749557495118 -0.03197022914886475 0.1630821990966797
v -0.027793679237365723 -0.03185728073120117 0.16200000762939454
v -0.027757749557495118 -0.03197022914886475 0.16091779708862305
v -0.024601609706878663 -0.03051816940307617 0.1630821990966797
v -0.02466399908065796 -0.030417399406433107 0.16200000762939454
v -0.024601609706878663 -0.03051816940307617 0.16091779708862305
v -0.02189496040344238 -0.028340139389038087 0.1630821990966797
v -0.021980049610137938 -0.028257629871368407 0.16200000762939454
v -0.02189496040344238 -0.028340139389038087 0.16091779708862305
v -0.024248709678649904 -0.004364590048789978 0.16091779708862305
v -0.024248709678649904 -0.004483110010623932 0.16200000762939454
v -0.024248709678649904 -0.004364590048789978 0.1630821990966797
v -0.010728000402450562 0.014689580202102662 0.16899999618530273
v -0.011003639698028565 0.01680240035057068 0.16899999618530273
v -0.011607359647750854 0.018845789432525635 0.16899999618530273
v -0.013079279661178589 0.01756865978240967 0.1678452491760254
v -0.01257580041885376 0.01511114001274109 0.1678452491760254
v -0.012606580257415772 0.012602759599685669 0.1678452491760254
v -0.012553609609603882 0.012573319673538209 0.1679558563232422
v -0.012489579916000366 0.012572259902954103 0.1680642318725586
v -0.012416239976882935 0.012597559690475464 0.16816827774047852
v -0.012335360050201416 0.012647169828414918 0.1682659149169922
v -0.012137989997863769 0.012822120189666749 0.16845821380615233
v -0.011927130222320557 0.013058760166168214 0.16861652374267577
v -0.011487079858779907 0.013634380102157593 0.16884523391723633
v -0.011217939853668214 0.015226750373840333 0.16894874572753907
v -0.01177914023399353 0.017976919412612917 0.16894874572753907
v -0.011643209457397462 0.015190010070800782 0.16879758834838868
v -0.012023710012435913 0.015157289505004883 0.16855428695678712
v -0.012339969873428345 0.015130469799041748 0.16823131561279298
v -0.012186299562454223 0.01784878969192505 0.16879758834838868
v -0.012550610303878785 0.017734220027923586 0.16855428695678712
v -0.012853440046310425 0.017639180421829225 0.16823131561279298
v -0.004611020088195801 0.0172189998626709 0.1678452491760254
v -0.006798729896545411 0.01844653010368347 0.1678452491760254
v -0.008675259947776794 0.020111310482025146 0.1678452491760254
v -0.010517250299453735 0.019475170373916627 0.16899999618530273
v -0.009049490094184875 0.017930639982223513 0.16899999618530273
v -0.007357580065727234 0.016635520458221437 0.16899999618530273
v -0.006064180135726929 0.016765290498733522 0.16884523391723633
v -0.005201190114021302 0.016887929439544678 0.16854568481445312
v -0.0049570599198341374 0.016947089433670043 0.16840206146240236
v -0.004761810004711152 0.017021230459213256 0.16823385238647462
v -0.0046897798776626585 0.01706428050994873 0.16814220428466797
v -0.004638710021972656 0.017111489772796633 0.16804643630981445
v -0.004611479938030243 0.017163020372390748 0.16794721603393556
v -0.0069335299730300904 0.01825206995010376 0.16823131561279298
v -0.007115039825439453 0.017991700172424317 0.16855428695678712
v -0.007333800196647644 0.017678649425506593 0.16879758834838868
v -0.007578420042991639 0.017328850030899047 0.16894874572753907
v -0.008849319815635682 0.01995105981826782 0.16823131561279298
v -0.009083099961280823 0.019736399650573732 0.16855428695678712
v -0.00936455011367798 0.019478249549865722 0.16879758834838868
v -0.009679160118103028 0.01918979048728943 0.16894874572753907
v -0.007357550263404847 0.016635509729385375 0.155
v -0.009049479961395265 0.017930630445480347 0.155
v -0.010517250299453735 0.019475159645080568 0.155
v -0.008675259947776794 0.020111320018768312 0.1561547565460205
v -0.006798729896545411 0.01844653010368347 0.1561547565460205
v -0.0046110299229621884 0.0172189998626709 0.1561547565460205
v -0.004610249996185303 0.017164549827575683 0.15605568885803223
v -0.004633640050888062 0.01711367964744568 0.15595815658569337
v -0.004679610133171082 0.01706684947013855 0.15586380004882813
v -0.004746589958667755 0.017024550437927246 0.15577423095703125
v -0.004938220083713532 0.016951060295104983 0.15560782432556153
v -0.0051787298917770385 0.016892470121383667 0.15546561241149903
v -0.006064180135726929 0.016765290498733522 0.1551547622680664
v -0.007578160166740418 0.01732866048812866 0.15505125999450683
v -0.00733361005783081 0.017678519487380983 0.15520240783691405
v -0.007114920020103455 0.017991609573364258 0.15544570922851564
v -0.006933469772338868 0.018252029418945312 0.15576868057250978
v -0.009679059982299804 0.019189670085906982 0.15505125999450683
v -0.009364470243453979 0.019478169679641725 0.15520240783691405
v -0.009083049893379212 0.019736340045928957 0.15544570922851564
v -0.008849300146102905 0.019951030015945434 0.15576868057250978
v -0.012606580257415772 0.012602759599685669 0.1561547565460205
v -0.01257580041885376 0.01511114001274109 0.1561547565460205
v -0.013079279661178589 0.01756865978240967 0.1561547565460205
v -0.011607359647750854 0.018845789432525635 0.155
v -0.011003639698028565 0.016802409887313845 0.155
v -0.010728000402450562 0.01468961000442505 0.155
v -0.011487079858779907 0.013634380102157593 0.1551547622680664
v -0.011897029876708985 0.013096369504928589 0.15536444664001464
v -0.012094999551773072 0.012868360280990601 0.15550694465637208
v -0.012283320426940919 0.012687849998474122 0.15567845344543457
v -0.012380059957504273 0.0126180899143219 0.15578672409057617
v -0.012468080520629882 0.012578120231628418 0.1559040927886963
v -0.012544529438018799 0.012571740150451661 0.15602771759033204
v -0.012577530145645142 0.012582329511642456 0.15609099388122558
v -0.012339969873428345 0.015130399465560914 0.15576868057250978
v -0.012023700475692749 0.015157159566879273 0.15544570922851564
v -0.011643190383911133 0.015189809799194336 0.15520240783691405
v -0.011217910051345826 0.015226470232009888 0.15505125999450683
v -0.01285343050956726 0.01763914942741394 0.15576868057250978
v -0.01255059003829956 0.01773416042327881 0.15544570922851564
v -0.012186269760131836 0.017848689556121827 0.15520240783691405
v -0.011779099702835083 0.017976789474487304 0.15505125999450683
v -0.014279680252075195 0.013429499864578247 0.1641130828857422
v -0.014802180528640747 0.017235779762268068 0.1641130828857422
v -0.01435613989830017 0.015358010530471802 0.1641130828857422
v -0.004490450024604797 0.01908131003379822 0.1641130828857422
v -0.006122360229492188 0.020111780166625976 0.1641130828857422
v -0.007525539994239807 0.021436960697174073 0.1641130828857422
v -0.007525539994239807 0.021436960697174073 0.15988691329956056
v -0.006122360229492188 0.020111780166625976 0.15988691329956056
v -0.004490450024604797 0.01908131957054138 0.1598869228363037
v -0.014279669523239136 0.013429490327835083 0.15988691329956056
v -0.01435613989830017 0.015358010530471802 0.15988691329956056
v -0.014802180528640747 0.017235779762268068 0.15988691329956056
v -0.014613950252532959 0.013645819425582887 0.16091079711914064
v -0.014732489585876465 0.013722519874572753 0.16200136184692382
v -0.014617609977722169 0.013648159503936767 0.1630915641784668
v -0.01470283031463623 0.015310410261154175 0.1630821990966797
v -0.014820239543914796 0.015294300317764282 0.16200000762939454
v -0.01470283031463623 0.015310410261154175 0.16091779708862305
v -0.015133240222930909 0.017122379541397094 0.1630821990966797
v -0.015245360136032105 0.017083979845046997 0.16200000762939454
v -0.015133240222930909 0.017122379541397094 0.16091779708862305
v -0.004510650038719178 0.019478960037231447 0.16308919906616212
v -0.004517799913883209 0.019619970321655272 0.1619986343383789
v -0.004510850012302399 0.019483300447463988 0.16090843200683594
v -0.005907790064811707 0.02038822889328003 0.16091779708862305
v -0.005835130214691162 0.020481860637664797 0.16200000762939454
v -0.005907790064811707 0.02038822889328003 0.1630821990966797
v -0.007261800169944764 0.02166696071624756 0.16091779708862305
v -0.007172480225563049 0.021744859218597413 0.16200000762939454
v -0.007261800169944764 0.02166696071624756 0.1630821990966797
v -0.005134959816932678 0.015721110105514528 0.1698452377319336
v -0.004648619890213013 0.0159968101978302 0.16958757400512695
v -0.004209449887275696 0.016282520294189452 0.16924612045288087
v -0.003823699951171875 0.01659958004951477 0.16878190994262696
v -0.0036766800284385682 0.016767179965972902 0.16850040435791017
v -0.003576579988002777 0.01693614959716797 0.1681913948059082
v -0.003531799912452698 0.017110389471054078 0.1678452491760254
v -0.0038955101370811464 0.01708688020706177 0.16781600952148437
v -0.00425929993391037 0.017123500108718874 0.16781600952148437
v -0.005829839706420898 0.016414459943771362 0.16898101806640625
v -0.005589029788970947 0.016114200353622436 0.16920072555541993
v -0.0053535401821136475 0.01587923049926758 0.1694935989379883
v -0.00440420001745224 0.016985609531402587 0.16812044143676758
v -0.003880319893360138 0.01686869978904724 0.16824298858642578
v -0.004075340032577515 0.01664651036262512 0.16861743927001954
v -0.00465285986661911 0.01624866008758545 0.16915197372436525
v -0.004148060083389282 0.016911749839782716 0.16817110061645507
v -0.0043370801210403445 0.016726800203323365 0.16848621368408204
v -0.004906939864158631 0.016406739950180053 0.16892717361450196
v -0.004587790071964264 0.016840529441833497 0.1683840560913086
v -0.005152000188827515 0.016609339714050292 0.16875411987304687
v -0.003358440101146698 0.018915590047836304 0.1641130828857422
v -0.0037430500984191894 0.018904579877853395 0.16408035278320313
v -0.004125129878520966 0.01896051049232483 0.16408035278320313
v -0.0037342798709869385 0.01803133010864258 0.16587560653686523
v -0.004017719924449921 0.01804872989654541 0.16586704254150392
v -0.004291580021381378 0.01810078978538513 0.16587591171264648
v -0.0033027100563049316 0.019152699708938598 0.16354421615600587
v -0.003262990117073059 0.01931617021560669 0.1629446792602539
v -0.0032396900653839113 0.019410680532455444 0.16203115463256837
v -0.0032600298523902892 0.019328140020370484 0.1611161422729492
v -0.003300339877605438 0.019162590503692626 0.16048492431640626
v -0.0033584299683570864 0.01891559958457947 0.1598869228363037
v -0.0037430399656295777 0.018904579877853395 0.1599196434020996
v -0.004125129878520966 0.01896051049232483 0.1599196434020996
v -0.0036179700493812563 0.01910033941268921 0.16038610458374022
v -0.003576120138168335 0.019354989528656007 0.16147619247436523
v -0.003571619987487793 0.01938179016113281 0.1621488571166992
v -0.003583199977874756 0.0193126904964447 0.1628178596496582
v -0.0036098599433898927 0.019150550365447997 0.16346775054931642
v -0.003925699889659882 0.01912608027458191 0.16039396286010743
v -0.003905389904975891 0.019382909536361695 0.1614791488647461
v -0.0039032301306724548 0.019409940242767335 0.16214799880981445
v -0.003908799886703491 0.019340250492095947 0.1628133773803711
v -0.003921729922294617 0.01917672038078308 0.16346038818359376
v -0.0042204299569129945 0.019194220304489137 0.16038578033447265
v -0.004219290018081665 0.01946215033531189 0.16147607803344727
v -0.0042191800475120545 0.019490430355072023 0.16214887619018556
v -0.004219450056552887 0.01941751956939697 0.16281803131103517
v -0.004220179915428161 0.01924692988395691 0.16346805572509765
v -0.003531799912452698 0.017110389471054078 0.1561547565460205
v -0.0038955101370811464 0.01708688020706177 0.15618398666381836
v -0.00425929993391037 0.017123500108718874 0.15618398666381836
v -0.003734560012817383 0.018028210401535034 0.15811798095703125
v -0.004017969965934754 0.018045589923858643 0.15812652587890624
v -0.004291810095310211 0.018097620010375976 0.1581176471710205
v -0.0035539600253105164 0.01699671983718872 0.15592576026916505
v -0.003620060086250305 0.016851880550384522 0.15565131187438966
v -0.003724989891052246 0.01670601010322571 0.15539388656616213
v -0.003932229876518249 0.016498889923095703 0.15506099700927733
v -0.004185790121555328 0.016299489736557007 0.1547764492034912
v -0.004635080099105835 0.016004910469055177 0.15442103385925293
v -0.005134959816932678 0.015721110105514528 0.15415475845336915
v -0.0053535401821136475 0.01587923049926758 0.15450639724731446
v -0.005589020252227783 0.016114200353622436 0.15479927062988283
v -0.005829839706420898 0.016414459943771362 0.15501898765563965
v -0.004645420014858246 0.016252950429916382 0.15485285758972167
v -0.004064869880676269 0.016656010150909423 0.15539746284484865
v -0.0038773399591445924 0.016873539686203004 0.15576579093933104
v -0.004899579882621765 0.01641010046005249 0.1550767230987549
v -0.004326780140399933 0.01673459053039551 0.15552624702453613
v -0.004145239889621735 0.016915819644927978 0.15583629608154298
v -0.0051447200775146485 0.016611659526824953 0.15524917602539062
v -0.004577690064907074 0.016846460103988648 0.15562639236450196
v -0.004401560127735138 0.016988919973373415 0.15588576316833497
v -0.005505200028419495 0.015560250282287597 0.15408720016479494
v -0.00588346004486084 0.015393719673156739 0.15403879165649415
v -0.006267949938774109 0.015223640203475953 0.15400971412658693
v -0.006656960248947144 0.015051499605178834 0.1540000057220459
v -0.006715779900550842 0.015184500217437745 0.15421757698059083
v -0.006785590052604675 0.015342320203781129 0.15441431045532228
v -0.006953070163726807 0.01572098970413208 0.15473204612731933
v -0.007148110270500183 0.01616197943687439 0.15493176460266114
v -0.007251930236816406 0.016396700143814086 0.15498285293579103
v -0.006197299957275391 0.015764009952545167 0.15459260940551758
v -0.0059981000423431395 0.015486860275268554 0.15424020767211916
v -0.006094340085983276 0.015614839792251587 0.1544266414642334
v -0.006305400133132934 0.01593211054801941 0.1547356414794922
v -0.006518239974975586 0.016292810440063477 0.15493612289428713
v -0.0077145701646804815 0.014537819623947144 0.15399999618530275
v -0.008732810020446777 0.013949940204620362 0.15399999618530275
v -0.009706479907035827 0.013290870189666749 0.15399999618530275
v -0.009893919825553894 0.013547539710998535 0.15441420555114746
v -0.010138219594955445 0.013882050514221192 0.15473204612731933
v -0.010422699451446533 0.014271589517593384 0.15493185043334962
v -0.009651870131492615 0.015418050289154052 0.155
v -0.008526470065116882 0.016067789793014528 0.155
v -0.010050100088119508 0.01304000973701477 0.15400972366333007
v -0.010389699935913085 0.012792030572891236 0.15403880119323732
v -0.01072303056716919 0.012547719478607179 0.15408720970153808
v -0.01104740023612976 0.012307560443878174 0.15415475845336915
v -0.011075049638748169 0.012575919628143311 0.15450639724731446
v -0.011160789728164673 0.012897330522537232 0.15479927062988283
v -0.011300419569015504 0.013256020545959472 0.15501898765563965
v -0.010555659532546998 0.01324700951576233 0.1545927619934082
v -0.010415569543838502 0.012935919761657715 0.15424044609069826
v -0.010478119850158691 0.013083269596099853 0.15442682266235352
v -0.01064700961112976 0.013424659967422486 0.1547357654571533
v -0.010852680206298829 0.013789269924163818 0.15493630409240722
v -0.01178292989730835 0.011889829635620117 0.15458550453186035
v -0.012123769521713257 0.011730749607086182 0.15486576080322265
v -0.01245015025138855 0.011614999771118165 0.15520214080810546
v -0.012685309648513794 0.011567460298538208 0.15550374031066894
v -0.012894630432128906 0.011567460298538208 0.15583663940429687
v -0.013052129745483398 0.011613819599151611 0.1561547565460205
v -0.01284991979598999 0.011917049884796143 0.15618398666381836
v -0.012699730396270752 0.012250410318374634 0.15618398666381836
v -0.012340450286865234 0.012366180419921876 0.15566861152648925
v -0.012444839477539063 0.011832469701766967 0.15545763969421386
v -0.01186292052268982 0.012087169885635376 0.1549275016784668
v -0.011473400592803955 0.012318199872970581 0.1546885108947754
v -0.0123757803440094 0.012095750570297242 0.15557658195495605
v -0.011859509944915771 0.012380130290985107 0.15513717651367187
v -0.011514309644699097 0.012629610300064088 0.1549448013305664
v -0.01189756989479065 0.012686500549316406 0.15530017852783204
v -0.011601810455322267 0.012960189580917358 0.1551381778717041
v -0.014702160358428955 0.012366290092468262 0.15988691329956056
v -0.014500319957733154 0.012693860530853272 0.1599196434020996
v -0.014357719421386719 0.013052730560302735 0.1599196434020996
v -0.01374845027923584 0.012249649763107301 0.15812439918518068
v -0.013621799945831299 0.012503819465637207 0.15813295364379884
v -0.013529959917068481 0.012767020463943481 0.15812408447265625
v -0.01493536949157715 0.012436579465866088 0.1604557991027832
v -0.015096800327301025 0.012483910322189332 0.16105533599853517
v -0.01519029974937439 0.012510989904403687 0.1619688415527344
v -0.01510864019393921 0.012487339973449708 0.16288385391235352
v -0.014945119619369507 0.01243947982788086 0.1635150718688965
v -0.01470216989517212 0.012366280555725098 0.1641130828857422
v -0.014500319957733154 0.012693860530853272 0.16408035278320313
v -0.014357719421386719 0.013052719831466676 0.16408035278320313
v -0.014732389450073243 0.012683429718017579 0.1636138916015625
v -0.014973850250244142 0.012774499654769898 0.1625238037109375
v -0.014999309778213501 0.0127839994430542 0.16185115814208983
v -0.014933680295944215 0.012759480476379394 0.16118213653564453
v -0.014779939651489257 0.012701499462127687 0.16053224563598634
v -0.014600820541381836 0.012962789535522462 0.16360603332519533
v -0.014833389520645142 0.013073630332946777 0.16252086639404298
v -0.01485788941383362 0.013085260391235351 0.16185199737548828
v -0.014794750213623047 0.01305523991584778 0.16118663787841797
v -0.014646660089492797 0.01298467993736267 0.160539608001709
v -0.014512460231781005 0.013252110481262208 0.16361421585083008
v -0.014745069742202759 0.013385089635849 0.1625239372253418
v -0.014769619703292847 0.01339913010597229 0.1618511199951172
v -0.014706350564956665 0.013362909555435181 0.16118196487426759
v -0.014558229446411133 0.013278249502182007 0.1605319595336914
v -0.013052129745483398 0.01161383032798767 0.1678452491760254
v -0.01284991979598999 0.011917059421539308 0.16781600952148437
v -0.012699730396270752 0.012250410318374634 0.16781600952148437
v -0.013745609521865845 0.012248330116271973 0.16588201522827148
v -0.013618960380554199 0.012502460479736329 0.1658734703063965
v -0.01352710008621216 0.012765630483627319 0.1658823585510254
v -0.01278609037399292 0.011560829877853394 0.1683458137512207
v -0.012542660236358643 0.011591629981994629 0.168686580657959
v -0.012103129625320435 0.011739029884338378 0.16915342330932617
v -0.011635960340499877 0.011966530084609985 0.1695178985595703
v -0.01104740023612976 0.012307569980621338 0.1698452377319336
v -0.011075049638748169 0.012575919628143311 0.1694935989379883
v -0.011160789728164673 0.012897340059280395 0.16920072555541993
v -0.011300419569015504 0.013256030082702637 0.16898101806640625
v -0.011641650199890137 0.012214499711990357 0.16921709060668946
v -0.01230309009552002 0.01187919020652771 0.1686973762512207
v -0.012740360498428345 0.011796669960021973 0.16812652587890625
v -0.01166319966316223 0.012518179416656495 0.1689798927307129
v -0.01225039005279541 0.012149569988250732 0.16855308532714844
v -0.012634220123291016 0.01204712986946106 0.16807254791259765
v -0.011729270219802856 0.012838460206985473 0.16879831314086916
v -0.012233010530471803 0.012428359985351562 0.16843996047973633
v -0.012560499906539917 0.012303290367126464 0.16803802490234376
v -0.01072296977043152 0.01254776954650879 0.16991279602050782
v -0.010389620065689087 0.012792079448699952 0.16996120452880858
v -0.010050079822540284 0.01304002046585083 0.16999029159545898
v -0.009706509709358215 0.013290849924087524 0.16999998092651367
v -0.009792270064353943 0.013408290147781372 0.16978242874145508
v -0.009894040226936341 0.013547650575637818 0.16958568572998048
v -0.010138239860534668 0.013882030248641968 0.16926794052124025
v -0.010422630310058594 0.014271429777145387 0.16906824111938476
v -0.010573999881744385 0.014478700160980225 0.16901714324951173
v -0.01055338978767395 0.01324902057647705 0.16940738677978515
v -0.010412960052490235 0.012937929630279541 0.1697597885131836
v -0.010475679636001586 0.01308527946472168 0.1695733642578125
v -0.010644910335540771 0.0134266996383667 0.16926435470581055
v -0.010850869417190552 0.013791370391845704 0.16906387329101563
v -0.008732839822769164 0.013949919939041138 0.17
v -0.007714599967002869 0.01453781008720398 0.17
v -0.006656990051269532 0.01505149006843567 0.17
v -0.0067855602502822875 0.015342160463333131 0.16958578109741212
v -0.0069530999660491945 0.015720980167388918 0.16926794052124025
v -0.007148209810256958 0.01616212010383606 0.16906814575195314
v -0.008526489734649659 0.016067780256271362 0.16899999618530273
v -0.009651880264282226 0.015418039560317993 0.16899999618530273
v -0.006267930269241333 0.015223649740219116 0.16999027252197266
v -0.005883370041847229 0.015393760204315186 0.16996120452880858
v -0.005505130290985107 0.015560280084609985 0.16991279602050782
v -0.0061944198608398435 0.01576496958732605 0.16940723419189455
v -0.005995050072669983 0.015488109588623048 0.16975954055786133
v -0.006091380119323731 0.015615949630737305 0.16957317352294923
v -0.006302589774131775 0.015932910442352295 0.16926422119140624
v -0.006515520215034485 0.01629333019256592 0.16906370162963869
v -0.017217600345611574 0.0046162399649620055 0.1678452491760254
v -0.01937453031539917 0.0033353900909423827 0.1678452491760254
v -0.021754539012908938 0.0025426599383354185 0.1678452491760254
v -0.02212460994720459 0.0006293699890375137 0.16899999618530273
v -0.020053129196166992 0.001128230020403862 0.16899999618530273
v -0.018085570335388185 0.0019459100067615509 0.16899999618530273
v -0.017551259994506838 0.003130910098552704 0.16884523391723633
v -0.017225970029830933 0.003939599990844727 0.16854568481445312
v -0.017155139446258544 0.004180600047111511 0.16840206146240236
v -0.017121720314025878 0.004386770129203797 0.16823385238647462
v -0.017122989892959597 0.00447066992521286 0.16814220428466797
v -0.01713834047317505 0.004538510143756867 0.16804643630981445
v -0.017169350385665895 0.0045878499746322635 0.16794721603393556
v -0.01927351951599121 0.00312142014503479 0.16823131561279298
v -0.019138790369033813 0.002834039926528931 0.16855428695678712
v -0.018977060317993164 0.002488069981336594 0.16879758834838868
v -0.01879642963409424 0.002101320028305054 0.16894874572753907
v -0.021702790260314943 0.0023117899894714356 0.16823131561279298
v -0.02163377046585083 0.002002000063657761 0.16855428695678712
v -0.021550939083099366 0.0016291899979114532 0.16879758834838868
v -0.02145843029022217 0.001212489977478981 0.16894874572753907
v -0.01808555006980896 -0.0019459299743175508 0.16899999618530273
v -0.02005311965942383 -0.001128230020403862 0.16899999618530273
v -0.02212460994720459 -0.0006293799728155136 0.16899999618530273
v -0.021754539012908938 -0.0025426599383354185 0.1678452491760254
v -0.01937453031539917 -0.0033353900909423827 0.1678452491760254
v -0.017217600345611574 -0.004616230130195618 0.1678452491760254
v -0.01716562032699585 -0.004585089981555939 0.1679558563232422
v -0.017132689952850343 -0.004530160129070282 0.1680642318725586
v -0.017117919921875 -0.004453999996185303 0.16816827774047852
v -0.017120449542999266 -0.004359149932861329 0.1682659149169922
v -0.017173279523849488 -0.004100750088691711 0.16845821380615233
v -0.01727277994155884 -0.0037998199462890626 0.16861652374267577
v -0.017551259994506838 -0.003130910098552704 0.16884523391723633
v -0.01879572033882141 -0.002101639956235886 0.16894874572753907
v -0.021458039283752443 -0.001212579980492592 0.16894874572753907
v -0.018976540565490724 -0.0024883100390434266 0.16879758834838868
v -0.01913846015930176 -0.0028341999650001526 0.16855428695678712
v -0.019273359775543213 -0.003121500015258789 0.16823131561279298
v -0.021550660133361817 -0.0016292500495910644 0.16879758834838868
v -0.021633589267730714 -0.00200203999876976 0.16855428695678712
v -0.021702699661254883 -0.0023118099570274353 0.16823131561279298
v -0.017217600345611574 -0.0046162399649620055 0.1561547565460205
v -0.01937453031539917 -0.0033353900909423827 0.1561547565460205
v -0.021754539012908938 -0.0025426599383354185 0.1561547565460205
v -0.02212460994720459 -0.0006293699890375137 0.155
v -0.020053129196166992 -0.001128230020403862 0.155
v -0.018085570335388185 -0.0019459100067615509 0.155
v -0.017551259994506838 -0.003130910098552704 0.1551547622680664
v -0.01729030013084412 -0.0037549498677253725 0.15536444664001464
v -0.017191829681396483 -0.0040403899550437924 0.15550694465637208
v -0.01712965965270996 -0.004293740093708039 0.15567845344543457
v -0.017117619514465332 -0.004412400126457215 0.15578672409057617
v -0.017127009630203246 -0.00450861006975174 0.1559040927886963
v -0.017159709930419924 -0.004578010141849518 0.15602771759033204
v -0.01718538999557495 -0.0046012899279594425 0.15609099388122558
v -0.019273300170898438 -0.003121519982814789 0.15576868057250978
v -0.01913833975791931 -0.002834250032901764 0.15544570922851564
v -0.018976349830627442 -0.0024883900582790375 0.15520240783691405
v -0.018795469999313356 -0.002101760059595108 0.15505125999450683
v -0.021702671051025392 -0.0023118199408054354 0.15576868057250978
v -0.02163352966308594 -0.00200204998254776 0.15544570922851564
v -0.021550559997558595 -0.0016292700171470643 0.15520240783691405
v -0.021457910537719727 -0.0012126100063323975 0.15505125999450683
v -0.01808555006980896 0.0019459299743175508 0.155
v -0.02005311965942383 0.001128230020403862 0.155
v -0.02212460994720459 0.0006293799728155136 0.155
v -0.021754539012908938 0.0025426599383354185 0.1561547565460205
v -0.01937453031539917 0.0033353900909423827 0.1561547565460205
v -0.017217600345611574 0.004616230130195618 0.1561547565460205
v -0.01717005968093872 0.004589680135250092 0.15605568885803223
v -0.017137700319290163 0.004543989896774292 0.15595815658569337
v -0.01712013006210327 0.00448076993227005 0.15586380004882813
v -0.017116990089416504 0.004401609897613525 0.15577423095703125
v -0.01714915990829468 0.004198899865150452 0.15560782432556153
v -0.017218669652938844 0.003961319923400879 0.15546561241149903
v -0.017551259994506838 0.003130910098552704 0.1551547622680664
v -0.018796149492263794 0.0021014499664306643 0.15505125999450683
v -0.018976850509643556 0.0024881599843502044 0.15520240783691405
v -0.019138660430908203 0.0028341001272201537 0.15544570922851564
v -0.019273459911346436 0.0031214499473571776 0.15576868057250978
v -0.02145827054977417 0.0012125299870967864 0.15505125999450683
v -0.021550819873809815 0.001629219949245453 0.15520240783691405
v -0.0216336989402771 0.0020020200312137605 0.15544570922851564
v -0.021702749729156496 0.0023117999732494353 0.15576868057250978
v -0.01877012014389038 0.005651810169219971 0.1641130828857422
v -0.020478489398956298 0.004753780066967011 0.1641130828857422
v -0.022327721118927002 0.004201169908046722 0.1641130828857422
v -0.018770129680633546 -0.005651819705963135 0.1641130828857422
v -0.022327721118927002 -0.004201169908046722 0.1641130828857422
v -0.020478489398956298 -0.004753780066967011 0.1641130828857422
v -0.01877012014389038 -0.005651810169219971 0.15988691329956056
v -0.020478489398956298 -0.004753780066967011 0.15988691329956056
v -0.022327721118927002 -0.004201169908046722 0.15988691329956056
v -0.022327721118927002 0.004201169908046722 0.15988691329956056
v -0.020478489398956298 0.004753780066967011 0.15988691329956056
v -0.018770129680633546 0.005651819705963135 0.1598869228363037
v -0.019124599695205687 0.005833140015602112 0.16308919906616212
v -0.019250290393829347 0.005897449851036072 0.1619986343383789
v -0.019128459692001342 0.005835139751434327 0.16090843200683594
v -0.020610620975494386 0.005077810287475586 0.16091779708862305
v -0.02065536975860596 0.005187559723854065 0.16200000762939454
v -0.020610620975494386 0.005077810287475586 0.1630821990966797
v -0.02239504098892212 0.004544579982757569 0.16091779708862305
v -0.022417840957641603 0.004660879969596863 0.16200000762939454
v -0.02239504098892212 0.004544579982757569 0.1630821990966797
v -0.019124599695205687 -0.005833140015602112 0.16091079711914064
v -0.019250290393829347 -0.005897449851036072 0.16200136184692382
v -0.019128459692001342 -0.005835139751434327 0.1630915641784668
v -0.020610620975494386 -0.005077810287475586 0.1630821990966797
v -0.02065536975860596 -0.005187559723854065 0.16200000762939454
v -0.020610620975494386 -0.005077810287475586 0.16091779708862305
v -0.02239504098892212 -0.004544579982757569 0.1630821990966797
v -0.022417840957641603 -0.004660879969596863 0.16200000762939454
v -0.02239504098892212 -0.004544579982757569 0.16091779708862305
v -0.018060599565505982 0.006549299955368042 0.1641130828857422
v -0.016583930253982544 0.005496559739112854 0.1678452491760254
v -0.016408380270004273 0.005295209884643555 0.16833734512329102
v -0.01628749966621399 0.004988369941711426 0.16878190994262696
v -0.016205799579620362 0.004495770037174225 0.16924612045288087
v -0.01617794990539551 0.00397258996963501 0.16958757400512695
v -0.01618235945701599 0.0034135499596595763 0.1698452377319336
v -0.015112110376358033 0.006719020009040832 0.1698452377319336
v -0.0133748996257782 0.009727960228919983 0.1698452377319336
v -0.01604673981666565 0.010563180446624756 0.1641130828857422
v -0.01717134952545166 0.008615289926528932 0.1641130828857422
v -0.01604673981666565 0.010563180446624756 0.15988691329956056
v -0.01717134952545166 0.008615289926528932 0.15988691329956056
v -0.018060599565505982 0.006549310088157654 0.15988691329956056
v -0.01833266019821167 0.006802279949188233 0.16091068267822267
v -0.018426669836044313 0.006889029741287232 0.16200082778930663
v -0.018336299657821655 0.006804940104484558 0.16309045791625976
v -0.01694062948226929 0.00978067994117737 0.1630821990966797
v -0.01704327940940857 0.009839940071105958 0.16200000762939454
v -0.01694062948226929 0.00978067994117737 0.16091779708862305
v -0.0133748996257782 0.009727960228919983 0.15415475845336915
v -0.015112110376358033 0.006719020009040832 0.15415475845336915
v -0.01618235945701599 0.0034135499596595763 0.15415475845336915
v -0.016178200244903566 0.003988359868526459 0.15442103385925293
v -0.016208670139312743 0.004524739980697632 0.1547764492034912
v -0.016254570484161377 0.004844030141830444 0.15506099700927733
v -0.01633031964302063 0.00512706995010376 0.15539388656616213
v -0.016439939737319945 0.005347489714622498 0.1557616138458252
v -0.016583930253982544 0.005496559739112854 0.1561547565460205
v -0.01674543023109436 0.005169829726219178 0.16781600952148437
v -0.01695902943611145 0.004873090088367462 0.16781600952148437
v -0.01713027000427246 0.0031584399938583375 0.16898101806640625
v -0.01674981951713562 0.0032168599963188172 0.16920072555541993
v -0.016428589820861816 0.003303309977054596 0.1694935989379883
v -0.016912070512771608 0.00467864990234375 0.16812044143676758
v -0.016548880338668824 0.00507390022277832 0.16824298858642578
v -0.016453980207443236 0.0047939100861549375 0.16861743927001954
v -0.01639819025993347 0.004094829857349396 0.16915197372436525
v -0.01672003984451294 0.004863550066947937 0.16817110061645507
v -0.016654369831085206 0.004607369899749756 0.16848621368408204
v -0.0166621196269989 0.003953840136528016 0.16892717361450196
v -0.016878219842910765 0.004447120130062103 0.1683840560913086
v -0.01696010947227478 0.0038429099321365357 0.16875411987304687
v -0.018243370056152345 0.00621071994304657 0.16408035278320313
v -0.01848284959793091 0.005907790064811707 0.16408035278320313
v -0.017482730150222777 0.005781679749488831 0.16587560653686523
v -0.017639520168304442 0.005544919967651368 0.16586704254150392
v -0.017821539640426636 0.00533378005027771 0.16587591171264648
v -0.018243370056152345 0.00621071994304657 0.1599196434020996
v -0.01848284959793091 0.005907790064811707 0.1599196434020996
v -0.018348430395126344 0.006417289972305298 0.16038196563720702
v -0.01854915022850037 0.006581910252571106 0.16147615432739257
v -0.01857010006904602 0.006599220037460328 0.1621488571166992
v -0.01851606011390686 0.006554610133171082 0.16281789779663086
v -0.018388999700546266 0.006450390219688415 0.16346782684326172
v -0.01852334976196289 0.006164860129356384 0.1603899383544922
v -0.018736679553985596 0.006311839818954468 0.1614791488647461
v -0.018758989572525024 0.006327250003814697 0.16214799880981445
v -0.018701460361480713 0.006287540197372436 0.1628133773803711
v -0.018566410541534423 0.006194480061531067 0.16346038818359376
v -0.01873042941093445 0.005942389965057374 0.16038179397583008
v -0.018963119983673095 0.006078159809112549 0.16147609710693359
v -0.018987540006637573 0.006092399954795838 0.16214887619018556
v -0.018924560546875 0.006055700182914734 0.1628179931640625
v -0.018777259588241578 0.0059697401523590085 0.16346797943115235
v -0.01674543023109436 0.005169829726219178 0.15618398666381836
v -0.01695902943611145 0.004873090088367462 0.15618398666381836
v -0.01748016953468323 0.005779889822006226 0.15811798095703125
v -0.017636929750442506 0.005543130040168763 0.15812652587890624
v -0.017818909883499146 0.0053320002555847165 0.1581176471710205
v -0.016428589820861816 0.003303309977054596 0.15450639724731446
v -0.01674981951713562 0.0032168599963188172 0.15479927062988283
v -0.01713027000427246 0.0031584399938583375 0.15501898765563965
v -0.01639817953109741 0.004103429913520813 0.15485285758972167
v -0.016456960439682006 0.004807719886302948 0.15539746284484865
v -0.01655158042907715 0.0050788897275924685 0.15576579093933104
v -0.016661360263824462 0.0039618900418281556 0.1550767230987549
v -0.016655969619750976 0.004620189964771271 0.15552624702453613
v -0.016722149848937988 0.004868029952049256 0.15583629608154298
v -0.016958489418029785 0.0038503700494766234 0.15524917602539062
v -0.016878310441970825 0.004458839893341064 0.15562639236450196
v -0.01691360950469971 0.004682590067386627 0.15588576316833497
v -0.016228170394897462 0.0030124801397323608 0.15408720016479494
v -0.016273080110549926 0.0026016399264335633 0.15403879165649415
v -0.01631803035736084 0.002183620035648346 0.15400971412658693
v -0.016363470554351806 0.0017606599628925323 0.1540000057220459
v -0.016508049964904785 0.001776210069656372 0.15421757698059083
v -0.016679630279541016 0.0017946699261665346 0.15441431045532228
v -0.017091310024261477 0.0018389600515365601 0.15473204612731933
v -0.01757073998451233 0.001890539973974228 0.15493176460266114
v -0.017825920581817627 0.0019179999828338623 0.15498285293579103
v -0.01675068020820618 0.002514989972114563 0.15459260940551758
v -0.016411060094833375 0.002548919916152954 0.15424020767211916
v -0.016570019721984863 0.0025295600295066833 0.1544266414642334
v -0.01695032000541687 0.00250542014837265 0.1547356414794922
v -0.017369110584259034 0.0025014400482177737 0.15493612289428713
v -0.016363470554351806 -0.0017606300115585328 0.15399999618530275
v -0.01631803035736084 -0.002183640003204346 0.15400972366333007
v -0.016273070573806763 -0.0026017299294471743 0.15403880119323732
v -0.016228159666061403 -0.00301256000995636 0.15408720970153808
v -0.01618235945701599 -0.0034135499596595763 0.15415475845336915
v -0.016428589820861816 -0.003303309977054596 0.15450639724731446
v -0.01674981951713562 -0.0032168599963188172 0.15479927062988283
v -0.017130260467529298 -0.0031584399938583375 0.15501898765563965
v -0.017825939655303956 -0.0019179800152778626 0.15498285293579103
v -0.017570749521255494 -0.0018905200064182283 0.1549317741394043
v -0.017091310024261477 -0.0018389399349689483 0.15473204612731933
v -0.016679630279541016 -0.0017946499586105346 0.15441431045532228
v -0.016508049964904785 -0.0017761899530887603 0.15421757698059083
v -0.016750069856643676 -0.0025179600715637207 0.1545927619934082
v -0.016410620212554933 -0.002552190124988556 0.15424044609069826
v -0.016569499969482423 -0.002532680034637451 0.15442682266235352
v -0.016949599981307985 -0.002508260011672974 0.1547357654571533
v -0.017368199825286864 -0.0025040599703788757 0.15493630409240722
v -0.016188360452651977 -0.0042594000697135925 0.15458550453186035
v -0.016221009492874146 -0.004634119868278504 0.15486576080322265
v -0.016283960342407228 -0.004974640011787415 0.15520214080810546
v -0.016360369920730592 -0.005202069878578186 0.15550374031066894
v -0.0164650297164917 -0.005383340120315552 0.15583663940429687
v -0.016583930253982544 -0.005496559739112854 0.1561547565460205
v -0.01674543023109436 -0.005169829726219178 0.15618398666381836
v -0.01695902943611145 -0.004873090088367462 0.15618398666381836
v -0.016879650354385375 -0.004504050016403198 0.15566861152648925
v -0.01646963953971863 -0.004861310124397278 0.15545763969421386
v -0.01639925956726074 -0.004230000078678131 0.1549275016784668
v -0.016404579877853393 -0.0037771600484848024 0.1546885108947754
v -0.016663119792938233 -0.004669870138168335 0.15557658195495605
v -0.016651259660720827 -0.004080570042133331 0.15513717651367187
v -0.016694719791412353 -0.003656879961490631 0.1549448013305664
v -0.016935620307922363 -0.003960340023040771 0.15530017852783204
v -0.017024760246276856 -0.003567369878292084 0.1551381778717041
v -0.018060599565505982 -0.006549299955368042 0.15988691329956056
v -0.018243370056152345 -0.00621071994304657 0.1599196434020996
v -0.01848284959793091 -0.005907790064811707 0.1599196434020996
v -0.017482730150222777 -0.005781679749488831 0.15812439918518068
v -0.017639520168304442 -0.005544919967651368 0.15813295364379884
v -0.017821539640426636 -0.00533378005027771 0.15812408447265625
v -0.01823807954788208 -0.00671612024307251 0.1604557991027832
v -0.018359780311584473 -0.006832249760627747 0.16105533599853517
v -0.0184299898147583 -0.00689969003200531 0.1619688415527344
v -0.018368669748306275 -0.0068408000469207765 0.16288385391235352
v -0.01824545979499817 -0.006723120212554932 0.1635150718688965
v -0.018060599565505982 -0.006549310088157654 0.1641130828857422
v -0.018243370056152345 -0.00621071994304657 0.16408035278320313
v -0.01848284959793091 -0.005907790064811707 0.16408035278320313
v -0.018350369930267334 -0.006416910290718079 0.1636138916015625
v -0.018549970388412475 -0.006580489873886109 0.1625238037109375
v -0.018570929765701294 -0.006597779989242554 0.16185115814208983
v -0.01851688027381897 -0.006553210020065307 0.16118213653564453
v -0.018389790058135985 -0.006449049711227417 0.16053224563598634
v -0.018526519536972045 -0.006163290143013001 0.16360603332519533
v -0.018738789558410646 -0.006309279799461365 0.16252086639404298
v -0.018761119842529296 -0.006324669718742371 0.16185199737548828
v -0.018703540563583376 -0.006285009980201721 0.16118663787841797
v -0.018568389415740967 -0.0061920398473739625 0.160539608001709
v -0.018732889890670776 -0.005942109823226929 0.16361421585083008
v -0.018964359760284426 -0.006077070236206055 0.1625239372253418
v -0.018988800048828126 -0.006091300249099731 0.1618511199951172
v -0.01892578959465027 -0.006054610013961792 0.16118196487426759
v -0.01877841949462891 -0.005968679785728455 0.1605319595336914
v -0.016583930253982544 -0.005496559739112854 0.1678452491760254
v -0.01674543023109436 -0.005169829726219178 0.16781600952148437
v -0.01695902943611145 -0.004873090088367462 0.16781600952148437
v -0.01748016953468323 -0.005779889822006226 0.16588201522827148
v -0.017636929750442506 -0.005543130040168763 0.1658734703063965
v -0.017818909883499146 -0.0053320002555847165 0.1658823585510254
v -0.016405019760131836 -0.005292659997940064 0.1683458137512207
v -0.016309969425201416 -0.005066450238227845 0.168686580657959
v -0.01621786952018738 -0.004612100124359131 0.16915342330932617
v -0.016181299686431887 -0.0040937700867652894 0.1695178985595703
v -0.01618237018585205 -0.0034135499596595763 0.1698452377319336
v -0.016428589820861816 -0.003303309977054596 0.1694935989379883
v -0.01674981951713562 -0.0032168599963188172 0.16920072555541993
v -0.01713027000427246 -0.0031584399938583375 0.16898101806640625
v -0.016398890018463137 -0.003974719941616058 0.16921709060668946
v -0.01643921971321106 -0.004715189933776855 0.1686973762512207
v -0.016586389541625977 -0.0051351398229599 0.16812652587890625
v -0.016672669649124144 -0.0038415399193763734 0.1689798927307129
v -0.016647030115127564 -0.004534370005130768 0.16855308532714844
v -0.016750229597091677 -0.0049179899692535405 0.16807254791259765
v -0.016983070373535157 -0.0037386199831962587 0.16879831314086916
v -0.016879780292510988 -0.004379920065402985 0.16843996047973633
v -0.016935210227966308 -0.004726069867610931 0.16803802490234376
v -0.016228170394897462 -0.0030124899744987488 0.16991279602050782
v -0.016273080110549926 -0.0026016399264335633 0.16996120452880858
v -0.01631803035736084 -0.002183620035648346 0.16999029159545898
v -0.016363470554351806 -0.0017606599628925323 0.16999998092651367
v -0.016508049964904785 -0.001776210069656372 0.16978242874145508
v -0.016679630279541016 -0.0017946699261665346 0.16958568572998048
v -0.017091310024261477 -0.0018389600515365601 0.16926794052124025
v -0.01757073998451233 -0.001890539973974228 0.16906824111938476
v -0.017825920581817627 -0.0019179999828338623 0.16901714324951173
v -0.01675068020820618 -0.002514989972114563 0.16940738677978515
v -0.016411060094833375 -0.002548919916152954 0.1697597885131836
v -0.016570019721984863 -0.0025295600295066833 0.1695733642578125
v -0.01695032000541687 -0.00250542014837265 0.16926435470581055
v -0.017369110584259034 -0.0025014400482177737 0.16906387329101563
v -0.016363470554351806 0.0017606300115585328 0.17
v -0.01631803035736084 0.002183640003204346 0.16999027252197266
v -0.016273070573806763 0.0026017299294471743 0.16996120452880858
v -0.016228159666061403 0.00301256000995636 0.16991279602050782
v -0.017825939655303956 0.0019179800152778626 0.16901714324951173
v -0.017570749521255494 0.0018905200064182283 0.16906822204589844
v -0.017091310024261477 0.0018389399349689483 0.16926794052124025
v -0.016679630279541016 0.0017946499586105346 0.16958568572998048
v -0.016508049964904785 0.0017761899530887603 0.16978242874145508
v -0.016750069856643676 0.0025179600715637207 0.16940723419189455
v -0.016410620212554933 0.002552190124988556 0.16975954055786133
v -0.016569499969482423 0.002532680034637451 0.16957317352294923
v -0.016949599981307985 0.002508260011672974 0.16926422119140624
v -0.017368199825286864 0.0025040599703788757 0.16906370162963869
v -0.016447410583496094 -0.0005878899991512298 0.17
v -0.016447410583496094 0.0005878699943423271 0.17
v -0.018178349733352663 0.0006497400254011155 0.16899999618530273
v -0.018178349733352663 -0.0006497500091791153 0.16899999618530273
v -0.016447410583496094 0.0005878899991512298 0.15399999618530275
v -0.016447410583496094 -0.0005878699943423271 0.15399999618530275
v -0.018178349733352663 -0.0006497400254011155 0.155
v -0.018178349733352663 0.0006497500091791153 0.155
v -0.007357550263404847 -0.016635509729385375 0.16899999618530273
v -0.009049479961395265 -0.017930630445480347 0.16899999618530273
v -0.010517250299453735 -0.019475159645080568 0.16899999618530273
v -0.008675259947776794 -0.020111320018768312 0.1678452491760254
v -0.006798729896545411 -0.01844653010368347 0.1678452491760254
v -0.0046110299229621884 -0.0172189998626709 0.1678452491760254
v -0.00461201012134552 -0.017158410549163818 0.1679558563232422
v -0.004643110036849976 -0.017102420330047607 0.1680642318725586
v -0.0047016900777816775 -0.017051559686660767 0.16816827774047852
v -0.004785099923610687 -0.017006319761276246 0.1682659149169922
v -0.005035290122032166 -0.016922869682312013 0.16845821380615233
v -0.005345649719238281 -0.016858580112457274 0.16861652374267577
v -0.006064180135726929 -0.016765300035476684 0.16884523391723633
v -0.007577779889106751 -0.017328389883041383 0.16894874572753907
v -0.009678900241851807 -0.019189499616622925 0.16894874572753907
v -0.007333329916000366 -0.01767832040786743 0.16879758834838868
v -0.007114740014076233 -0.017991490364074707 0.16855428695678712
v -0.006933379769325256 -0.018251969814300537 0.16823131561279298
v -0.009364359974861146 -0.019478039741516115 0.16879758834838868
v -0.009082980155944824 -0.019736260175704956 0.16855428695678712
v -0.008849260210990906 -0.019950989484786987 0.16823131561279298
v -0.012606580257415772 -0.012602759599685669 0.1678452491760254
v -0.01257580041885376 -0.01511114001274109 0.1678452491760254
v -0.013079279661178589 -0.01756865978240967 0.1678452491760254
v -0.011607359647750854 -0.018845789432525635 0.16899999618530273
v -0.011003639698028565 -0.016802409887313845 0.16899999618530273
v -0.010728000402450562 -0.01468961000442505 0.16899999618530273
v -0.011487079858779907 -0.013634380102157593 0.16884523391723633
v -0.012024780511856079 -0.012948329448699952 0.16854568481445312
v -0.012198079824447632 -0.012766480445861816 0.16840206146240236
v -0.012359919548034668 -0.012634459733963013 0.16823385238647462
v -0.012433209419250489 -0.012593610286712647 0.16814220428466797
v -0.012499639987945557 -0.012572979927062989 0.16804643630981445
v -0.012557870149612427 -0.012575169801712036 0.16794721603393556
v -0.012339990139007568 -0.01513064980506897 0.16823131561279298
v -0.01202375054359436 -0.015157660245895386 0.16855428695678712
v -0.011643259525299073 -0.015190579891204835 0.16879758834838868
v -0.011218010187149048 -0.015227530002593994 0.16894874572753907
v -0.012853460311889648 -0.017639269828796388 0.16823131561279298
v -0.01255066990852356 -0.017734400033950805 0.16855428695678712
v -0.012186390161514283 -0.017849060297012328 0.16879758834838868
v -0.01177925944328308 -0.01797729969024658 0.16894874572753907
v -0.004611020088195801 -0.0172189998626709 0.1561547565460205
v -0.006798729896545411 -0.01844653010368347 0.1561547565460205
v -0.008675259947776794 -0.020111310482025146 0.1561547565460205
v -0.010517250299453735 -0.019475170373916627 0.155
v -0.009049490094184875 -0.017930639982223513 0.155
v -0.007357580065727234 -0.016635520458221437 0.155
v -0.006064180135726929 -0.016765290498733522 0.1551547622680664
v -0.0055378198623657225 -0.016829320192337037 0.15530896186828613
v -0.005069699883460998 -0.016915220022201537 0.15552260398864745
v -0.004874880015850068 -0.016971410512924195 0.15565512657165528
v -0.004721010029315948 -0.017040109634399416 0.15580730438232424
v -0.004666270017623902 -0.017079919576644897 0.15589024543762206
v -0.004628590047359466 -0.01712314009666443 0.15597647666931153
v -0.004609619975090027 -0.017169560194015502 0.15606497764587401
v -0.006933540105819702 -0.018252079486846925 0.15576868057250978
v -0.007115070223808289 -0.01799172043800354 0.15544570922851564
v -0.0073338401317596435 -0.017678680419921874 0.15520240783691405
v -0.0075784802436828615 -0.017328890562057494 0.15505125999450683
v -0.008849329948425293 -0.01995107054710388 0.15576868057250978
v -0.009083110094070436 -0.01973641037940979 0.15544570922851564
v -0.00936456024646759 -0.019478269815444947 0.15520240783691405
v -0.009679189920425416 -0.019189820289611817 0.15505125999450683
v -0.010728000402450562 -0.014689580202102662 0.155
v -0.011003639698028565 -0.01680240035057068 0.155
v -0.011607359647750854 -0.018845789432525635 0.155
v -0.013079279661178589 -0.01756865978240967 0.1561547565460205
v -0.01257580041885376 -0.01511114001274109 0.1561547565460205
v -0.012606580257415772 -0.012602770328521728 0.1561547565460205
v -0.012558939456939698 -0.012574599981307983 0.15605403900146483
v -0.012502050399780274 -0.012569890022277833 0.1559549331665039
v -0.012437139749526979 -0.012587460279464722 0.15585915565490724
v -0.012365490198135376 -0.012626110315322877 0.1557684326171875
v -0.01220823049545288 -0.012754729986190797 0.15560531616210938
v -0.012039940357208252 -0.012931150197982789 0.15546561241149903
v -0.011487079858779907 -0.013634380102157593 0.1551547622680664
v -0.011217969655990602 -0.015227119922637939 0.15505125999450683
v -0.011643229722976685 -0.015190279483795166 0.15520240783691405
v -0.012023730278015137 -0.015157459974288941 0.15544570922851564
v -0.012339979410171509 -0.015130549669265747 0.15576868057250978
v -0.011779199838638305 -0.017977099418640136 0.15505125999450683
v -0.012186340093612672 -0.01784891963005066 0.15520240783691405
v -0.012550640106201173 -0.017734299898147583 0.15544570922851564
v -0.01285344958305359 -0.017639219760894775 0.15576868057250978
v -0.004490450024604797 -0.01908131957054138 0.1641130828857422
v -0.007525539994239807 -0.021436960697174073 0.1641130828857422
v -0.006122360229492188 -0.020111780166625976 0.1641130828857422
v -0.014279669523239136 -0.013429490327835083 0.1641130828857422
v -0.01435613989830017 -0.015358010530471802 0.1641130828857422
v -0.014802180528640747 -0.017235779762268068 0.1641130828857422
v -0.004490450024604797 -0.01908131003379822 0.15988691329956056
v -0.006122360229492188 -0.020111780166625976 0.15988691329956056
v -0.007525539994239807 -0.021436960697174073 0.15988691329956056
v -0.014802180528640747 -0.017235779762268068 0.15988691329956056
v -0.01435613989830017 -0.015358010530471802 0.15988691329956056
v -0.014279680252075195 -0.013429499864578247 0.1598869228363037
v -0.004510650038719178 -0.019478960037231447 0.16091079711914064
v -0.004517799913883209 -0.019619970321655272 0.16200136184692382
v -0.004510850012302399 -0.019483300447463988 0.1630915641784668
v -0.005907790064811707 -0.02038822889328003 0.1630821990966797
v -0.005835130214691162 -0.020481860637664797 0.16200000762939454
v -0.005907790064811707 -0.02038822889328003 0.16091779708862305
v -0.007261800169944764 -0.02166696071624756 0.1630821990966797
v -0.007172480225563049 -0.021744859218597413 0.16200000762939454
v -0.007261800169944764 -0.02166696071624756 0.16091779708862305
v -0.014613950252532959 -0.013645819425582887 0.16308919906616212
v -0.014732489585876465 -0.013722519874572753 0.1619986343383789
v -0.014617609977722169 -0.013648159503936767 0.16090843200683594
v -0.01470283031463623 -0.015310410261154175 0.16091779708862305
v -0.014820239543914796 -0.015294300317764282 0.16200000762939454
v -0.01470283031463623 -0.015310410261154175 0.1630821990966797
v -0.015133240222930909 -0.017122379541397094 0.16091779708862305
v -0.015245360136032105 -0.017083979845046997 0.16200000762939454
v -0.015133240222930909 -0.017122379541397094 0.1630821990966797
v -0.014702160358428955 -0.012366280555725098 0.1641130828857422
v -0.013052129745483398 -0.01161383032798767 0.1678452491760254
v -0.012789969444274903 -0.011562470197677612 0.16833734512329102
v -0.012463810443878174 -0.011611210107803345 0.16878190994262696
v -0.011996350288391114 -0.011786750555038453 0.16924612045288087
v -0.01152933955192566 -0.012024229764938355 0.16958757400512695
v -0.01104740023612976 -0.012307560443878174 0.1698452377319336
v -0.0133748996257782 -0.009727960228919983 0.1698452377319336
v -0.015112110376358033 -0.006719020009040832 0.1698452377319336
v -0.01717134952545166 -0.008615289926528932 0.1641130828857422
v -0.01604673981666565 -0.010563180446624756 0.1641130828857422
v -0.01717134952545166 -0.008615289926528932 0.15988691329956056
v -0.01604673981666565 -0.010563180446624756 0.15988691329956056
v -0.014702160358428955 -0.012366280555725098 0.15988691329956056
v -0.015057280063629152 -0.012475409507751466 0.16091068267822267
v -0.01517941951751709 -0.012513450384140016 0.16200082778930663
v -0.015061399936676026 -0.012477240562438966 0.16309045791625976
v -0.01694062948226929 -0.00978067994117737 0.1630821990966797
v -0.01704327940940857 -0.009839940071105958 0.16200000762939454
v -0.01694062948226929 -0.00978067994117737 0.16091779708862305
v -0.015112110376358033 -0.006719020009040832 0.15415475845336915
v -0.0133748996257782 -0.009727960228919983 0.15415475845336915
v -0.01104740023612976 -0.012307560443878174 0.15415475845336915
v -0.01154312014579773 -0.012016559839248658 0.15442103385925293
v -0.01202286958694458 -0.011774749755859376 0.1547764492034912
v -0.01232234001159668 -0.01165485978126526 0.15506099700927733
v -0.012605329751968384 -0.011578940153121949 0.15539388656616213
v -0.012851040363311767 -0.011563659906387328 0.1557616138458252
v -0.013052129745483398 -0.01161383032798767 0.1561547565460205
v -0.01284991979598999 -0.011917049884796143 0.16781600952148437
v -0.012699730396270752 -0.012250410318374634 0.16781600952148437
v -0.011300419569015504 -0.013256030082702637 0.16898101806640625
v -0.011160789728164673 -0.012897340059280395 0.16920072555541993
v -0.011075049638748169 -0.012575919628143311 0.1694935989379883
v -0.012507870197296142 -0.012306950092315675 0.16812044143676758
v -0.012668570280075073 -0.011794810295104981 0.16824298858642578
v -0.012378629446029663 -0.011852610111236573 0.16861743927001954
v -0.011745320558547974 -0.012153830528259277 0.16915197372436525
v -0.012571970224380493 -0.012048200368881226 0.16817110061645507
v -0.012317290306091308 -0.012119419574737549 0.16848621368408204
v -0.011755189895629884 -0.012452900409698486 0.16892717361450196
v -0.012290430068969727 -0.012393410205841065 0.1683840560913086
v -0.011808110475540161 -0.012766430377960205 0.16875411987304687
v -0.014500319957733154 -0.012693860530853272 0.16408035278320313
v -0.014357719421386719 -0.013052730560302735 0.16408035278320313
v -0.01374845027923584 -0.012249649763107301 0.16587560653686523
v -0.013621799945831299 -0.012503819465637207 0.16586704254150392
v -0.013529959917068481 -0.012767020463943481 0.16587591171264648
v -0.014500319957733154 -0.012693860530853272 0.1599196434020996
v -0.014357719421386719 -0.013052719831466676 0.1599196434020996
v -0.014731760025024415 -0.012681560516357422 0.16038196563720702
v -0.01497467041015625 -0.012773079872131348 0.16147615432739257
v -0.015000139474868775 -0.012782570123672485 0.1621488571166992
v -0.014934489727020264 -0.012758079767227173 0.16281789779663086
v -0.014780700206756592 -0.012700150012969971 0.16346782684326172
v -0.014600600004196168 -0.012959259748458863 0.1603899383544922
v -0.01483456015586853 -0.013070520162582398 0.1614791488647461
v -0.014859050512313843 -0.013082129955291748 0.16214799880981445
v -0.014795900583267213 -0.013052170276641847 0.1628133773803711
v -0.01464779019355774 -0.012981740236282348 0.16346038818359376
v -0.014511469602584839 -0.013249830007553101 0.16038179397583008
v -0.014745399951934815 -0.01338346004486084 0.16147609710693359
v -0.014769940376281739 -0.013397489786148072 0.16214887619018556
v -0.014706670045852662 -0.013361300230026246 0.1628179931640625
v -0.014558579921722412 -0.01327672004699707 0.16346797943115235
v -0.01284991979598999 -0.011917059421539308 0.15618398666381836
v -0.012699730396270752 -0.012250410318374634 0.15618398666381836
v -0.013745609521865845 -0.012248330116271973 0.15811798095703125
v -0.013618960380554199 -0.012502460479736329 0.15812652587890624
v -0.01352710008621216 -0.012765630483627319 0.1581176471710205
v -0.011075049638748169 -0.012575919628143311 0.15450639724731446
v -0.011160789728164673 -0.012897340059280395 0.15479927062988283
v -0.011300419569015504 -0.013256030082702637 0.15501898765563965
v -0.011752760410308838 -0.012149529457092285 0.15485285758972167
v -0.012392090559005737 -0.011848280429840088 0.15539746284484865
v -0.012674239873886108 -0.011794639825820923 0.15576579093933104
v -0.01176177978515625 -0.012448209524154664 0.1550767230987549
v -0.012329189777374268 -0.012114399671554565 0.15552624702453613
v -0.012576910257339478 -0.012047799825668335 0.15583629608154298
v -0.011813759803771973 -0.012761290073394776 0.15524917602539062
v -0.012300620079040528 -0.012387620210647583 0.15562639236450196
v -0.012512049674987794 -0.01230631947517395 0.15588576316833497
v -0.01072296977043152 -0.01254776954650879 0.15408720016479494
v -0.010389620065689087 -0.012792079448699952 0.15403879165649415
v -0.010050079822540284 -0.01304002046585083 0.15400971412658693
v -0.009706509709358215 -0.013290849924087524 0.1540000057220459
v -0.009792270064353943 -0.013408290147781372 0.15421757698059083
v -0.009894040226936341 -0.013547650575637818 0.15441431045532228
v -0.010138239860534668 -0.013882030248641968 0.15473204612731933
v -0.010422630310058594 -0.014271429777145387 0.15493176460266114
v -0.010573999881744385 -0.014478700160980225 0.15498285293579103
v -0.01055338978767395 -0.01324902057647705 0.15459260940551758
v -0.010412960052490235 -0.012937929630279541 0.15424020767211916
v -0.010475679636001586 -0.01308527946472168 0.1544266414642334
v -0.010644910335540771 -0.0134266996383667 0.1547356414794922
v -0.010850869417190552 -0.013791370391845704 0.15493612289428713
v -0.008732839822769164 -0.013949919939041138 0.15399999618530275
v -0.007714599967002869 -0.01453781008720398 0.15399999618530275
v -0.006656990051269532 -0.01505149006843567 0.15399999618530275
v -0.0067855602502822875 -0.015342160463333131 0.15441420555114746
v -0.0069530999660491945 -0.015720980167388918 0.15473204612731933
v -0.007148209810256958 -0.01616212010383606 0.15493185043334962
v -0.008526489734649659 -0.016067780256271362 0.155
v -0.009651880264282226 -0.015418039560317993 0.155
v -0.006267930269241333 -0.015223649740219116 0.15400972366333007
v -0.005883370041847229 -0.015393760204315186 0.15403880119323732
v -0.005505130290985107 -0.015560280084609985 0.15408720970153808
v -0.005134959816932678 -0.015721110105514528 0.15415475845336915
v -0.0053535401821136475 -0.01587923049926758 0.15450639724731446
v -0.005589020252227783 -0.016114200353622436 0.15479927062988283
v -0.005829839706420898 -0.016414459943771362 0.15501898765563965
v -0.0061944198608398435 -0.01576496958732605 0.1545927619934082
v -0.005995050072669983 -0.015488109588623048 0.15424044609069826
v -0.006091380119323731 -0.015615949630737305 0.15442682266235352
v -0.006302589774131775 -0.015932910442352295 0.1547357654571533
v -0.006515520215034485 -0.01629333019256592 0.15493630409240722
v -0.0044054299592971805 -0.016149230003356933 0.15458550453186035
v -0.004097239971160889 -0.016364870071411134 0.15486576080322265
v -0.003833819925785065 -0.016589640378952025 0.15520214080810546
v -0.003675059974193573 -0.016769529581069947 0.15550374031066894
v -0.003570399880409241 -0.01695080041885376 0.15583663940429687
v -0.003531799912452698 -0.017110389471054078 0.1561547565460205
v -0.0038955101370811464 -0.01708688020706177 0.15618398666381836
v -0.00425929993391037 -0.017123500108718874 0.15618398666381836
v -0.004024809896945953 -0.016693780422210695 0.15545763969421386
v -0.004536339938640594 -0.016317169666290283 0.1549275016784668
v -0.004931179881095886 -0.016095360517501833 0.1546885108947754
v -0.004287340044975281 -0.01676561951637268 0.15557658195495605
v -0.004791750013828278 -0.016460700035095217 0.15513717651367187
v -0.005180410146713257 -0.016286489963531495 0.1549448013305664
v -0.004539200067520142 -0.016870230436325073 0.15566861152648925
v -0.005038049817085266 -0.01664685010910034 0.15530017852783204
v -0.00542294979095459 -0.016527559757232666 0.1551381778717041
v -0.003358440101146698 -0.018915590047836304 0.15988691329956056
v -0.0037430500984191894 -0.018904579877853395 0.1599196434020996
v -0.004125129878520966 -0.01896051049232483 0.1599196434020996
v -0.0037342798709869385 -0.01803133010864258 0.15812439918518068
v -0.004017719924449921 -0.01804872989654541 0.15813295364379884
v -0.004291580021381378 -0.01810078978538513 0.15812408447265625
v -0.0033027100563049316 -0.019152699708938598 0.1604557991027832
v -0.003262990117073059 -0.01931617021560669 0.16105533599853517
v -0.0032396900653839113 -0.019410680532455444 0.1619688415527344
v -0.0032600298523902892 -0.019328140020370484 0.16288385391235352
v -0.003300339877605438 -0.019162590503692626 0.1635150718688965
v -0.0033584299683570864 -0.01891559958457947 0.1641130828857422
v -0.0037430399656295777 -0.018904579877853395 0.16408035278320313
v -0.004125129878520966 -0.01896051049232483 0.16408035278320313
v -0.0036179700493812563 -0.01910033941268921 0.1636138916015625
v -0.003576120138168335 -0.019354989528656007 0.1625238037109375
v -0.003571619987487793 -0.01938179016113281 0.16185115814208983
v -0.003583199977874756 -0.0193126904964447 0.16118213653564453
v -0.0036098599433898927 -0.019150550365447997 0.16053224563598634
v -0.003925699889659882 -0.01912608027458191 0.16360603332519533
v -0.003905389904975891 -0.019382909536361695 0.16252086639404298
v -0.0039032301306724548 -0.019409940242767335 0.16185199737548828
v -0.003908799886703491 -0.019340250492095947 0.16118663787841797
v -0.003921729922294617 -0.01917672038078308 0.160539608001709
v -0.0042204299569129945 -0.019194220304489137 0.16361421585083008
v -0.004219290018081665 -0.01946215033531189 0.1625239372253418
v -0.0042191800475120545 -0.019490430355072023 0.1618511199951172
v -0.004219450056552887 -0.01941751956939697 0.16118196487426759
v -0.004220179915428161 -0.01924692988395691 0.1605319595336914
v -0.003531799912452698 -0.017110389471054078 0.1678452491760254
v -0.0038955101370811464 -0.01708688020706177 0.16781600952148437
v -0.00425929993391037 -0.017123500108718874 0.16781600952148437
v -0.003734560012817383 -0.018028210401535034 0.16588201522827148
v -0.004017969965934754 -0.018045589923858643 0.1658734703063965
v -0.004291810095310211 -0.018097620010375976 0.1658823585510254
v -0.0036189299821853638 -0.016853489875793458 0.1683458137512207
v -0.003767310082912445 -0.016658079624176026 0.168686580657959
v -0.004114739894866944 -0.016351139545440672 0.16915342330932617
v -0.004545339941978455 -0.01606029987335205 0.1695178985595703
v -0.005134959816932678 -0.015721110105514528 0.1698452377319336
v -0.005353549718856812 -0.01587923049926758 0.1694935989379883
v -0.005589029788970947 -0.016114200353622436 0.16920072555541993
v -0.005829849839210511 -0.016414469480514525 0.16898101806640625
v -0.004757240116596222 -0.016189219951629637 0.16921709060668946
v -0.004136129915714264 -0.016594380140304565 0.1686973762512207
v -0.0038460299372673036 -0.01693181037902832 0.16812652587890625
v -0.005009459853172303 -0.01635972023010254 0.1689798927307129
v -0.004396640062332154 -0.016683930158615114 0.16855308532714844
v -0.004116010069847107 -0.0169651198387146 0.16807254791259765
v -0.0052538001537323 -0.016577080488204957 0.16879831314086916
v -0.004646770060062409 -0.016808279752731324 0.16843996047973633
v -0.004374710023403168 -0.01702936053276062 0.16803802490234376
v -0.005505200028419495 -0.015560250282287597 0.16991279602050782
v -0.00588346004486084 -0.015393719673156739 0.16996120452880858
v -0.006267949938774109 -0.015223640203475953 0.16999029159545898
v -0.006656960248947144 -0.015051499605178834 0.16999998092651367
v -0.006715779900550842 -0.015184500217437745 0.16978242874145508
v -0.006785590052604675 -0.015342320203781129 0.16958568572998048
v -0.006953070163726807 -0.01572098970413208 0.16926794052124025
v -0.007148110270500183 -0.01616197943687439 0.16906824111938476
v -0.007251930236816406 -0.016396700143814086 0.16901714324951173
v -0.006197299957275391 -0.015764009952545167 0.16940738677978515
v -0.0059981000423431395 -0.015486860275268554 0.1697597885131836
v -0.006094340085983276 -0.015614839792251587 0.1695733642578125
v -0.006305400133132934 -0.01593211054801941 0.16926435470581055
v -0.006518239974975586 -0.016292810440063477 0.16906387329101563
v -0.0077145701646804815 -0.014537819623947144 0.17
v -0.008732810020446777 -0.013949940204620362 0.17
v -0.009706479907035827 -0.013290870189666749 0.17
v -0.009893919825553894 -0.013547539710998535 0.16958578109741212
v -0.010138219594955445 -0.013882050514221192 0.16926794052124025
v -0.010422699451446533 -0.014271589517593384 0.16906814575195314
v -0.009651870131492615 -0.015418050289154052 0.16899999618530273
v -0.008526470065116882 -0.016067789793014528 0.16899999618530273
v -0.010050100088119508 -0.01304000973701477 0.16999027252197266
v -0.010389699935913085 -0.012792030572891236 0.16996120452880858
v -0.01072303056716919 -0.012547719478607179 0.16991279602050782
v -0.010555659532546998 -0.01324700951576233 0.16940723419189455
v -0.010415569543838502 -0.012935919761657715 0.16975954055786133
v -0.010478119850158691 -0.013083269596099853 0.16957317352294923
v -0.01064700961112976 -0.013424659967422486 0.16926422119140624
v -0.010852680206298829 -0.013789269924163818 0.16906370162963869
v 0.010728000402450562 -0.014689580202102662 0.16899999618530273
v 0.011003639698028565 -0.01680240035057068 0.16899999618530273
v 0.011607359647750854 -0.018845789432525635 0.16899999618530273
v 0.013079279661178589 -0.01756865978240967 0.1678452491760254
v 0.01257580041885376 -0.01511114001274109 0.1678452491760254
v 0.012606580257415772 -0.012602759599685669 0.1678452491760254
v 0.012553609609603882 -0.012573319673538209 0.1679558563232422
v 0.012489579916000366 -0.012572259902954103 0.1680642318725586
v 0.012416239976882935 -0.012597559690475464 0.16816827774047852
v 0.012335360050201416 -0.012647169828414918 0.1682659149169922
v 0.012137989997863769 -0.012822120189666749 0.16845821380615233
v 0.011927130222320557 -0.013058760166168214 0.16861652374267577
v 0.011487079858779907 -0.013634380102157593 0.16884523391723633
v 0.011217939853668214 -0.015226750373840333 0.16894874572753907
v 0.01177914023399353 -0.017976919412612917 0.16894874572753907
v 0.011643209457397462 -0.015190010070800782 0.16879758834838868
v 0.012023710012435913 -0.015157289505004883 0.16855428695678712
v 0.012339969873428345 -0.015130469799041748 0.16823131561279298
v 0.012186299562454223 -0.01784878969192505 0.16879758834838868
v 0.012550610303878785 -0.017734220027923586 0.16855428695678712
v 0.012853440046310425 -0.017639180421829225 0.16823131561279298
v 0.004611020088195801 -0.0172189998626709 0.1678452491760254
v 0.006798729896545411 -0.01844653010368347 0.1678452491760254
v 0.008675259947776794 -0.020111310482025146 0.1678452491760254
v 0.010517250299453735 -0.019475170373916627 0.16899999618530273
v 0.009049490094184875 -0.017930639982223513 0.16899999618530273
v 0.007357580065727234 -0.016635520458221437 0.16899999618530273
v 0.006064180135726929 -0.016765290498733522 0.16884523391723633
v 0.005201190114021302 -0.016887929439544678 0.16854568481445312
v 0.004956640005111694 -0.016945749521255493 0.16840482711791993
v 0.00475951999425888 -0.01701846957206726 0.16823915481567384
v 0.004687699973583222 -0.01706200957298279 0.1681464958190918
v 0.004637419879436493 -0.017110170125961305 0.1680489158630371
v 0.004611069858074189 -0.017162610292434693 0.167947998046875
v 0.006933469772338868 -0.018252029418945312 0.16823131561279298
v 0.007114920020103455 -0.017991609573364258 0.16855428695678712
v 0.00733361005783081 -0.017678509950637817 0.16879758834838868
v 0.007578160166740418 -0.01732866048812866 0.16894874572753907
v 0.008849300146102905 -0.019951030015945434 0.16823131561279298
v 0.009083049893379212 -0.019736340045928957 0.16855428695678712
v 0.009364470243453979 -0.019478169679641725 0.16879758834838868
v 0.009679059982299804 -0.019189670085906982 0.16894874572753907
v 0.012606580257415772 -0.012602759599685669 0.1561547565460205
v 0.01257580041885376 -0.01511114001274109 0.1561547565460205
v 0.013079279661178589 -0.01756865978240967 0.1561547565460205
v 0.011607359647750854 -0.018845789432525635 0.155
v 0.011003639698028565 -0.016802409887313845 0.155
v 0.010728000402450562 -0.01468961000442505 0.155
v 0.011487079858779907 -0.013634380102157593 0.1551547622680664
v 0.011897029876708985 -0.013096369504928589 0.15536444664001464
v 0.012094999551773072 -0.012868360280990601 0.15550694465637208
v 0.012283320426940919 -0.012687849998474122 0.15567845344543457
v 0.012380059957504273 -0.0126180899143219 0.15578672409057617
v 0.012468080520629882 -0.012578120231628418 0.1559040927886963
v 0.012544529438018799 -0.012571740150451661 0.15602771759033204
v 0.012577530145645142 -0.012582329511642456 0.15609099388122558
v 0.012339969873428345 -0.015130399465560914 0.15576868057250978
v 0.012023700475692749 -0.015157159566879273 0.15544570922851564
v 0.011643190383911133 -0.015189809799194336 0.15520240783691405
v 0.011217910051345826 -0.015226470232009888 0.15505125999450683
v 0.01285343050956726 -0.01763914942741394 0.15576868057250978
v 0.01255059003829956 -0.01773416042327881 0.15544570922851564
v 0.012186269760131836 -0.017848689556121827 0.15520240783691405
v 0.011779099702835083 -0.017976789474487304 0.15505125999450683
v 0.007357550263404847 -0.016635509729385375 0.155
v 0.009049479961395265 -0.017930630445480347 0.155
v 0.010517250299453735 -0.019475159645080568 0.155
v 0.008675259947776794 -0.020111320018768312 0.1561547565460205
v 0.006798729896545411 -0.01844653010368347 0.1561547565460205
v 0.0046110299229621884 -0.0172189998626709 0.1561547565460205
v 0.004610249996185303 -0.017164549827575683 0.15605568885803223
v 0.004633640050888062 -0.01711367964744568 0.15595815658569337
v 0.004679610133171082 -0.01706684947013855 0.15586380004882813
v 0.004746589958667755 -0.017024550437927246 0.15577423095703125
v 0.004938220083713532 -0.016951060295104983 0.15560782432556153
v 0.0051787298917770385 -0.016892470121383667 0.15546561241149903
v 0.006064180135726929 -0.016765290498733522 0.1551547622680664
v 0.007578160166740418 -0.01732866048812866 0.15505125999450683
v 0.00733361005783081 -0.017678519487380983 0.15520240783691405
v 0.007114920020103455 -0.017991609573364258 0.15544570922851564
v 0.006933469772338868 -0.018252029418945312 0.15576868057250978
v 0.009679059982299804 -0.019189670085906982 0.15505125999450683
v 0.009364470243453979 -0.019478169679641725 0.15520240783691405
v 0.009083049893379212 -0.019736340045928957 0.15544570922851564
v 0.008849300146102905 -0.019951030015945434 0.15576868057250978
v 0.014279680252075195 -0.013429499864578247 0.1641130828857422
v 0.014802180528640747 -0.017235779762268068 0.1641130828857422
v 0.01435613989830017 -0.015358010530471802 0.1641130828857422
v 0.004490450024604797 -0.01908131003379822 0.1641130828857422
v 0.006122360229492188 -0.020111780166625976 0.1641130828857422
v 0.007525539994239807 -0.021436960697174073 0.1641130828857422
v 0.014279669523239136 -0.013429490327835083 0.15988691329956056
v 0.01435613989830017 -0.015358010530471802 0.15988691329956056
v 0.014802180528640747 -0.017235779762268068 0.15988691329956056
v 0.007525539994239807 -0.021436960697174073 0.15988691329956056
v 0.006122360229492188 -0.020111780166625976 0.15988691329956056
v 0.004490450024604797 -0.01908131957054138 0.1598869228363037
v 0.014613950252532959 -0.013645819425582887 0.16091079711914064
v 0.014732489585876465 -0.013722519874572753 0.16200136184692382
v 0.014617609977722169 -0.013648159503936767 0.1630915641784668
v 0.01470283031463623 -0.015310410261154175 0.1630821990966797
v 0.014820239543914796 -0.015294300317764282 0.16200000762939454
v 0.01470283031463623 -0.015310410261154175 0.16091779708862305
v 0.015133240222930909 -0.017122379541397094 0.1630821990966797
v 0.015245360136032105 -0.017083979845046997 0.16200000762939454
v 0.015133240222930909 -0.017122379541397094 0.16091779708862305
v 0.004510650038719178 -0.019478960037231447 0.16308919906616212
v 0.004517799913883209 -0.019619970321655272 0.1619986343383789
v 0.004510850012302399 -0.019483300447463988 0.16090843200683594
v 0.005907790064811707 -0.02038822889328003 0.16091779708862305
v 0.005835130214691162 -0.020481860637664797 0.16200000762939454
v 0.005907790064811707 -0.02038822889328003 0.1630821990966797
v 0.007261800169944764 -0.02166696071624756 0.16091779708862305
v 0.007172480225563049 -0.021744859218597413 0.16200000762939454
v 0.007261800169944764 -0.02166696071624756 0.1630821990966797
v 0.0033584299683570864 -0.018915590047836304 0.1641130828857422
v 0.0011246199905872345 -0.019178470373153688 0.1641130828857422
v -0.0011246199905872345 -0.019178470373153688 0.1641130828857422
v -0.0011246199905872345 -0.019178470373153688 0.15988691329956056
v 0.0011246199905872345 -0.019178470373153688 0.15988691329956056
v 0.0033584299683570864 -0.018915590047836304 0.15988691329956056
v 0.0032753899693489076 -0.0192776894569397 0.16091068267822267
v 0.003247259855270386 -0.019402480125427248 0.16200082778930663
v 0.003274900019168854 -0.019282180070877075 0.16309045791625976
v 0.0 -0.01956135988235474 0.1630821990966797
v 0.0 -0.019679880142211916 0.16200000762939454
v 0.0 -0.01956135988235474 0.16091779708862305
v 0.003531799912452698 -0.017110389471054078 0.1678452491760254
v 0.0036184099316596986 -0.016857680082321167 0.16833734512329102
v 0.003823699951171875 -0.01659958004951477 0.16878190994262696
v 0.004209449887275696 -0.016282520294189452 0.16924612045288087
v 0.004648619890213013 -0.0159968101978302 0.16958757400512695
v 0.005134959816932678 -0.015721110105514528 0.1698452377319336
v 0.0017372100055217743 -0.016446980237960814 0.1698452377319336
v -0.0017372100055217743 -0.016446980237960814 0.1698452377319336
v -0.0017372100055217743 -0.016446980237960814 0.15415475845336915
v 0.0017372100055217743 -0.016446980237960814 0.15415475845336915
v 0.005134959816932678 -0.015721110105514528 0.15415475845336915
v 0.004635080099105835 -0.016004910469055177 0.15442103385925293
v 0.004185790121555328 -0.016299489736557007 0.1547764492034912
v 0.003932229876518249 -0.016498889923095703 0.15506099700927733
v 0.003724989891052246 -0.01670601010322571 0.15539388656616213
v 0.0035888999700546265 -0.016911150217056276 0.1557616138458252
v 0.003531799912452698 -0.017110389471054078 0.1561547565460205
v 0.0038955101370811464 -0.01708688020706177 0.16781600952148437
v 0.00425929993391037 -0.017123500108718874 0.16781600952148437
v 0.005829839706420898 -0.016414459943771362 0.16898101806640625
v 0.005589029788970947 -0.016114200353622436 0.16920072555541993
v 0.0053535401821136475 -0.01587923049926758 0.1694935989379883
v 0.00440420001745224 -0.016985609531402587 0.16812044143676758
v 0.003880319893360138 -0.01686869978904724 0.16824298858642578
v 0.004075340032577515 -0.01664651036262512 0.16861743927001954
v 0.00465285986661911 -0.01624866008758545 0.16915197372436525
v 0.004148060083389282 -0.016911749839782716 0.16817110061645507
v 0.0043370801210403445 -0.016726800203323365 0.16848621368408204
v 0.004906939864158631 -0.016406739950180053 0.16892717361450196
v 0.004587790071964264 -0.016840529441833497 0.1683840560913086
v 0.005152000188827515 -0.016609339714050292 0.16875411987304687
v 0.0037430500984191894 -0.018904579877853395 0.16408035278320313
v 0.004125129878520966 -0.01896051049232483 0.16408035278320313
v 0.0037342798709869385 -0.01803133010864258 0.16587560653686523
v 0.004017719924449921 -0.01804872989654541 0.16586704254150392
v 0.004291580021381378 -0.01810078978538513 0.16587591171264648
v 0.0037430399656295777 -0.018904579877853395 0.1599196434020996
v 0.004125129878520966 -0.01896051049232483 0.1599196434020996
v 0.0036166799068450928 -0.019098860025405884 0.16038196563720702
v 0.003574469983577728 -0.019354989528656007 0.16147615432739257
v 0.0035699599981307982 -0.01938179016113281 0.1621488571166992
v 0.003581570088863373 -0.019312679767608643 0.16281789779663086
v 0.003608300089836121 -0.019150539636611938 0.16346782684326172
v 0.003922750055789947 -0.019124120473861694 0.1603899383544922
v 0.003902119994163513 -0.019382359981536864 0.1614791488647461
v 0.0038999301195144654 -0.019409379959106444 0.16214799880981445
v 0.003905560076236725 -0.019339710474014282 0.1628133773803711
v 0.0039186298847198485 -0.019176230430603028 0.16346038818359376
v 0.0042189499735832215 -0.019192219972610475 0.16038179397583008
v 0.004217720031738282 -0.019461619853973388 0.16147609710693359
v 0.004217599928379059 -0.01948989033699036 0.16214887619018556
v 0.004217889904975891 -0.019416999816894532 0.1628179931640625
v 0.004218679964542389 -0.01924646019935608 0.16346797943115235
v 0.0038955101370811464 -0.01708688020706177 0.15618398666381836
v 0.00425929993391037 -0.017123500108718874 0.15618398666381836
v 0.003734560012817383 -0.018028210401535034 0.15811798095703125
v 0.004017969965934754 -0.018045589923858643 0.15812652587890624
v 0.004291810095310211 -0.018097620010375976 0.1581176471710205
v 0.0053535401821136475 -0.01587923049926758 0.15450639724731446
v 0.005589020252227783 -0.016114200353622436 0.15479927062988283
v 0.005829839706420898 -0.016414459943771362 0.15501898765563965
v 0.004645420014858246 -0.016252950429916382 0.15485285758972167
v 0.004064869880676269 -0.016656010150909423 0.15539746284484865
v 0.0038773399591445924 -0.016873539686203004 0.15576579093933104
v 0.004899579882621765 -0.01641010046005249 0.1550767230987549
v 0.004326780140399933 -0.01673459053039551 0.15552624702453613
v 0.004145239889621735 -0.016915819644927978 0.15583629608154298
v 0.0051447200775146485 -0.016611659526824953 0.15524917602539062
v 0.004577690064907074 -0.016846460103988648 0.15562639236450196
v 0.004401560127735138 -0.016988919973373415 0.15588576316833497
v 0.005505200028419495 -0.015560250282287597 0.15408720016479494
v 0.00588346004486084 -0.015393719673156739 0.15403879165649415
v 0.006267949938774109 -0.015223640203475953 0.15400971412658693
v 0.006656960248947144 -0.015051499605178834 0.1540000057220459
v 0.006715779900550842 -0.015184500217437745 0.15421757698059083
v 0.006785590052604675 -0.015342320203781129 0.15441431045532228
v 0.006953070163726807 -0.01572098970413208 0.15473204612731933
v 0.007148110270500183 -0.01616197943687439 0.15493176460266114
v 0.007251930236816406 -0.016396700143814086 0.15498285293579103
v 0.006197299957275391 -0.015764009952545167 0.15459260940551758
v 0.0059981000423431395 -0.015486860275268554 0.15424020767211916
v 0.006094340085983276 -0.015614839792251587 0.1544266414642334
v 0.006305400133132934 -0.01593211054801941 0.1547356414794922
v 0.006518239974975586 -0.016292810440063477 0.15493612289428713
v 0.0077145701646804815 -0.014537819623947144 0.15399999618530275
v 0.008732810020446777 -0.013949940204620362 0.15399999618530275
v 0.009706479907035827 -0.013290870189666749 0.15399999618530275
v 0.009893919825553894 -0.013547539710998535 0.15441420555114746
v 0.010138219594955445 -0.013882050514221192 0.15473204612731933
v 0.010422699451446533 -0.014271589517593384 0.15493185043334962
v 0.009651870131492615 -0.015418050289154052 0.155
v 0.008526470065116882 -0.016067789793014528 0.155
v 0.010050100088119508 -0.01304000973701477 0.15400972366333007
v 0.010389699935913085 -0.012792030572891236 0.15403880119323732
v 0.01072303056716919 -0.012547719478607179 0.15408720970153808
v 0.01104740023612976 -0.012307560443878174 0.15415475845336915
v 0.011075049638748169 -0.012575919628143311 0.15450639724731446
v 0.011160789728164673 -0.012897330522537232 0.15479927062988283
v 0.011300419569015504 -0.013256020545959472 0.15501898765563965
v 0.010555659532546998 -0.01324700951576233 0.1545927619934082
v 0.010415569543838502 -0.012935919761657715 0.15424044609069826
v 0.010478119850158691 -0.013083269596099853 0.15442682266235352
v 0.01064700961112976 -0.013424659967422486 0.1547357654571533
v 0.010852680206298829 -0.013789269924163818 0.15493630409240722
v 0.01178292989730835 -0.011889829635620117 0.15458550453186035
v 0.012123769521713257 -0.011730749607086182 0.15486576080322265
v 0.01245015025138855 -0.011614999771118165 0.15520214080810546
v 0.012685309648513794 -0.011567460298538208 0.15550374031066894
v 0.012894630432128906 -0.011567460298538208 0.15583663940429687
v 0.013052129745483398 -0.011613819599151611 0.1561547565460205
v 0.01284991979598999 -0.011917049884796143 0.15618398666381836
v 0.012699730396270752 -0.012250410318374634 0.15618398666381836
v 0.012340450286865234 -0.012366180419921876 0.15566861152648925
v 0.012444839477539063 -0.011832469701766967 0.15545763969421386
v 0.01186292052268982 -0.012087169885635376 0.1549275016784668
v 0.011473400592803955 -0.012318199872970581 0.1546885108947754
v 0.0123757803440094 -0.012095750570297242 0.15557658195495605
v 0.011859509944915771 -0.012380130290985107 0.15513717651367187
v 0.011514309644699097 -0.012629610300064088 0.1549448013305664
v 0.01189756989479065 -0.012686500549316406 0.15530017852783204
v 0.011601810455322267 -0.012960189580917358 0.1551381778717041
v 0.014702160358428955 -0.012366290092468262 0.15988691329956056
v 0.014500319957733154 -0.012693860530853272 0.1599196434020996
v 0.014357719421386719 -0.013052730560302735 0.1599196434020996
v 0.01374845027923584 -0.012249649763107301 0.15812439918518068
v 0.013621799945831299 -0.012503819465637207 0.15813295364379884
v 0.013529959917068481 -0.012767020463943481 0.15812408447265625
v 0.01493536949157715 -0.012436579465866088 0.1604557991027832
v 0.015096800327301025 -0.012483910322189332 0.16105533599853517
v 0.01519029974937439 -0.012510989904403687 0.1619688415527344
v 0.01510864019393921 -0.012487339973449708 0.16288385391235352
v 0.014945119619369507 -0.01243947982788086 0.1635150718688965
v 0.01470216989517212 -0.012366280555725098 0.1641130828857422
v 0.014500319957733154 -0.012693860530853272 0.16408035278320313
v 0.014357719421386719 -0.013052719831466676 0.16408035278320313
v 0.014732389450073243 -0.012683429718017579 0.1636138916015625
v 0.014973850250244142 -0.012774499654769898 0.1625238037109375
v 0.014999309778213501 -0.0127839994430542 0.16185115814208983
v 0.014933680295944215 -0.012759480476379394 0.16118213653564453
v 0.014779939651489257 -0.012701499462127687 0.16053224563598634
v 0.014600820541381836 -0.012962789535522462 0.16360603332519533
v 0.014833389520645142 -0.013073630332946777 0.16252086639404298
v 0.01485788941383362 -0.013085260391235351 0.16185199737548828
v 0.014794750213623047 -0.01305523991584778 0.16118663787841797
v 0.014646660089492797 -0.01298467993736267 0.160539608001709
v 0.014512460231781005 -0.013252110481262208 0.16361421585083008
v 0.014745069742202759 -0.013385089635849 0.1625239372253418
v 0.014769619703292847 -0.01339913010597229 0.1618511199951172
v 0.014706350564956665 -0.013362909555435181 0.16118196487426759
v 0.014558229446411133 -0.013278249502182007 0.1605319595336914
v 0.013052129745483398 -0.01161383032798767 0.1678452491760254
v 0.01284991979598999 -0.011917059421539308 0.16781600952148437
v 0.012699730396270752 -0.012250410318374634 0.16781600952148437
v 0.013745609521865845 -0.012248330116271973 0.16588201522827148
v 0.013618960380554199 -0.012502460479736329 0.1658734703063965
v 0.01352710008621216 -0.012765630483627319 0.1658823585510254
v 0.01278609037399292 -0.011560829877853394 0.1683458137512207
v 0.012542660236358643 -0.011591629981994629 0.168686580657959
v 0.012103129625320435 -0.011739029884338378 0.16915342330932617
v 0.011635960340499877 -0.011966530084609985 0.1695178985595703
v 0.01104740023612976 -0.012307569980621338 0.1698452377319336
v 0.011075049638748169 -0.012575919628143311 0.1694935989379883
v 0.011160789728164673 -0.012897340059280395 0.16920072555541993
v 0.011300419569015504 -0.013256030082702637 0.16898101806640625
v 0.011641650199890137 -0.012214499711990357 0.16921709060668946
v 0.01230309009552002 -0.01187919020652771 0.1686973762512207
v 0.012740360498428345 -0.011796669960021973 0.16812652587890625
v 0.01166319966316223 -0.012518179416656495 0.1689798927307129
v 0.01225039005279541 -0.012149569988250732 0.16855308532714844
v 0.012634220123291016 -0.01204712986946106 0.16807254791259765
v 0.011729270219802856 -0.012838460206985473 0.16879831314086916
v 0.012233010530471803 -0.012428359985351562 0.16843996047973633
v 0.012560499906539917 -0.012303290367126464 0.16803802490234376
v 0.01072296977043152 -0.01254776954650879 0.16991279602050782
v 0.010389620065689087 -0.012792079448699952 0.16996120452880858
v 0.010050079822540284 -0.01304002046585083 0.16999029159545898
v 0.009706509709358215 -0.013290849924087524 0.16999998092651367
v 0.009792270064353943 -0.013408290147781372 0.16978242874145508
v 0.009894040226936341 -0.013547650575637818 0.16958568572998048
v 0.010138239860534668 -0.013882030248641968 0.16926794052124025
v 0.010422630310058594 -0.014271429777145387 0.16906824111938476
v 0.010573999881744385 -0.014478700160980225 0.16901714324951173
v 0.01055338978767395 -0.01324902057647705 0.16940738677978515
v 0.010412960052490235 -0.012937929630279541 0.1697597885131836
v 0.010475679636001586 -0.01308527946472168 0.1695733642578125
v 0.010644910335540771 -0.0134266996383667 0.16926435470581055
v 0.010850869417190552 -0.013791370391845704 0.16906387329101563
v 0.008732839822769164 -0.013949919939041138 0.17
v 0.007714599967002869 -0.01453781008720398 0.17
v 0.006656990051269532 -0.01505149006843567 0.17
v 0.0067855602502822875 -0.015342160463333131 0.16958578109741212
v 0.0069530999660491945 -0.015720980167388918 0.16926794052124025
v 0.007148209810256958 -0.01616212010383606 0.16906814575195314
v 0.008526489734649659 -0.016067780256271362 0.16899999618530273
v 0.009651880264282226 -0.015418039560317993 0.16899999618530273
v 0.006267930269241333 -0.015223649740219116 0.16999027252197266
v 0.005883370041847229 -0.015393760204315186 0.16996120452880858
v 0.005505130290985107 -0.015560280084609985 0.16991279602050782
v 0.0061944198608398435 -0.01576496958732605 0.16940723419189455
v 0.005995050072669983 -0.015488109588623048 0.16975954055786133
v 0.006091380119323731 -0.015615949630737305 0.16957317352294923
v 0.006302589774131775 -0.015932910442352295 0.16926422119140624
v 0.006515520215034485 -0.01629333019256592 0.16906370162963869
v 0.01808555006980896 0.0019459299743175508 0.16899999618530273
v 0.02005311965942383 0.001128230020403862 0.16899999618530273
v 0.02212460994720459 0.0006293799728155136 0.16899999618530273
v 0.021754539012908938 0.0025426599383354185 0.1678452491760254
v 0.01937453031539917 0.0033353900909423827 0.1678452491760254
v 0.017217600345611574 0.004616230130195618 0.1678452491760254
v 0.01716562032699585 0.004585089981555939 0.1679558563232422
v 0.017132689952850343 0.004530160129070282 0.1680642318725586
v 0.017117919921875 0.004453999996185303 0.16816827774047852
v 0.017120449542999266 0.004359149932861329 0.1682659149169922
v 0.017173279523849488 0.004100750088691711 0.16845821380615233
v 0.01727277994155884 0.0037998199462890626 0.16861652374267577
v 0.017551259994506838 0.003130910098552704 0.16884523391723633
v 0.01879572033882141 0.002101639956235886 0.16894874572753907
v 0.021458039283752443 0.001212579980492592 0.16894874572753907
v 0.018976540565490724 0.0024883100390434266 0.16879758834838868
v 0.01913846015930176 0.0028341999650001526 0.16855428695678712
v 0.019273359775543213 0.003121500015258789 0.16823131561279298
v 0.021550660133361817 0.0016292500495910644 0.16879758834838868
v 0.021633589267730714 0.00200203999876976 0.16855428695678712
v 0.021702699661254883 0.0023118099570274353 0.16823131561279298
v 0.017217600345611574 -0.0046162399649620055 0.1678452491760254
v 0.01937453031539917 -0.0033353900909423827 0.1678452491760254
v 0.021754539012908938 -0.0025426599383354185 0.1678452491760254
v 0.02212460994720459 -0.0006293699890375137 0.16899999618530273
v 0.020053129196166992 -0.001128230020403862 0.16899999618530273
v 0.018085570335388185 -0.0019459100067615509 0.16899999618530273
v 0.017551259994506838 -0.003130910098552704 0.16884523391723633
v 0.017225970029830933 -0.003939599990844727 0.16854568481445312
v 0.017155139446258544 -0.004180600047111511 0.16840206146240236
v 0.017121720314025878 -0.004386770129203797 0.16823385238647462
v 0.017122989892959597 -0.00447066992521286 0.16814220428466797
v 0.01713834047317505 -0.004538510143756867 0.16804643630981445
v 0.017169350385665895 -0.0045878499746322635 0.16794721603393556
v 0.01927351951599121 -0.00312142014503479 0.16823131561279298
v 0.019138790369033813 -0.002834039926528931 0.16855428695678712
v 0.018977060317993164 -0.002488069981336594 0.16879758834838868
v 0.01879642963409424 -0.002101320028305054 0.16894874572753907
v 0.021702790260314943 -0.0023117899894714356 0.16823131561279298
v 0.02163377046585083 -0.002002000063657761 0.16855428695678712
v 0.021550939083099366 -0.0016291899979114532 0.16879758834838868
v 0.02145843029022217 -0.001212489977478981 0.16894874572753907
v 0.017217600345611574 0.0046162399649620055 0.1561547565460205
v 0.01937453031539917 0.0033353900909423827 0.1561547565460205
v 0.021754539012908938 0.0025426599383354185 0.1561547565460205
v 0.02212460994720459 0.0006293699890375137 0.155
v 0.020053129196166992 0.001128230020403862 0.155
v 0.018085570335388185 0.0019459100067615509 0.155
v 0.017551259994506838 0.003130910098552704 0.1551547622680664
v 0.01729030013084412 0.0037549498677253725 0.15536444664001464
v 0.017191829681396483 0.0040403899550437924 0.15550694465637208
v 0.01712965965270996 0.004293740093708039 0.15567845344543457
v 0.017117619514465332 0.004412400126457215 0.15578672409057617
v 0.017127009630203246 0.00450861006975174 0.1559040927886963
v 0.017159709930419924 0.004578010141849518 0.15602771759033204
v 0.01718538999557495 0.0046012899279594425 0.15609099388122558
v 0.019273300170898438 0.003121519982814789 0.15576868057250978
v 0.01913833975791931 0.002834250032901764 0.15544570922851564
v 0.018976349830627442 0.0024883900582790375 0.15520240783691405
v 0.018795469999313356 0.002101760059595108 0.15505125999450683
v 0.021702671051025392 0.0023118199408054354 0.15576868057250978
v 0.02163352966308594 0.00200204998254776 0.15544570922851564
v 0.021550559997558595 0.0016292700171470643 0.15520240783691405
v 0.021457910537719727 0.0012126100063323975 0.15505125999450683
v 0.01808555006980896 -0.0019459299743175508 0.155
v 0.02005311965942383 -0.001128230020403862 0.155
v 0.02212460994720459 -0.0006293799728155136 0.155
v 0.021754539012908938 -0.0025426599383354185 0.1561547565460205
v 0.01937453031539917 -0.0033353900909423827 0.1561547565460205
v 0.017217600345611574 -0.004616230130195618 0.1561547565460205
v 0.01717005968093872 -0.004589680135250092 0.15605568885803223
v 0.017137700319290163 -0.004543989896774292 0.15595815658569337
v 0.01712013006210327 -0.00448076993227005 0.15586380004882813
v 0.017116990089416504 -0.004401609897613525 0.15577423095703125
v 0.01714915990829468 -0.004198899865150452 0.15560782432556153
v 0.017218669652938844 -0.003961319923400879 0.15546561241149903
v 0.017551259994506838 -0.003130910098552704 0.1551547622680664
v 0.018796149492263794 -0.0021014499664306643 0.15505125999450683
v 0.018976850509643556 -0.0024881599843502044 0.15520240783691405
v 0.019138660430908203 -0.0028341001272201537 0.15544570922851564
v 0.019273459911346436 -0.0031214499473571776 0.15576868057250978
v 0.02145827054977417 -0.0012125299870967864 0.15505125999450683
v 0.021550819873809815 -0.001629219949245453 0.15520240783691405
v 0.0216336989402771 -0.0020020200312137605 0.15544570922851564
v 0.021702749729156496 -0.0023117999732494353 0.15576868057250978
v 0.018770129680633546 0.005651819705963135 0.1641130828857422
v 0.022327721118927002 0.004201169908046722 0.1641130828857422
v 0.020478489398956298 0.004753780066967011 0.1641130828857422
v 0.01877012014389038 -0.005651810169219971 0.1641130828857422
v 0.020478489398956298 -0.004753780066967011 0.1641130828857422
v 0.022327721118927002 -0.004201169908046722 0.1641130828857422
v 0.01877012014389038 0.005651810169219971 0.15988691329956056
v 0.020478489398956298 0.004753780066967011 0.15988691329956056
v 0.022327721118927002 0.004201169908046722 0.15988691329956056
v 0.022327721118927002 -0.004201169908046722 0.15988691329956056
v 0.020478489398956298 -0.004753780066967011 0.15988691329956056
v 0.018770129680633546 -0.005651819705963135 0.1598869228363037
v 0.019124599695205687 0.005833140015602112 0.16091079711914064
v 0.019250290393829347 0.005897449851036072 0.16200136184692382
v 0.019128459692001342 0.005835139751434327 0.1630915641784668
v 0.020610620975494386 0.005077810287475586 0.1630821990966797
v 0.02065536975860596 0.005187559723854065 0.16200000762939454
v 0.020610620975494386 0.005077810287475586 0.16091779708862305
v 0.02239504098892212 0.004544579982757569 0.1630821990966797
v 0.022417840957641603 0.004660879969596863 0.16200000762939454
v 0.02239504098892212 0.004544579982757569 0.16091779708862305
v 0.019124599695205687 -0.005833140015602112 0.16308919906616212
v 0.019250290393829347 -0.005897449851036072 0.1619986343383789
v 0.019128459692001342 -0.005835139751434327 0.16090843200683594
v 0.020610620975494386 -0.005077810287475586 0.16091779708862305
v 0.02065536975860596 -0.005187559723854065 0.16200000762939454
v 0.020610620975494386 -0.005077810287475586 0.1630821990966797
v 0.02239504098892212 -0.004544579982757569 0.16091779708862305
v 0.022417840957641603 -0.004660879969596863 0.16200000762939454
v 0.02239504098892212 -0.004544579982757569 0.1630821990966797
v 0.018060599565505982 -0.006549299955368042 0.1641130828857422
v 0.01717134952545166 -0.008615289926528932 0.1641130828857422
v 0.01604673981666565 -0.010563180446624756 0.1641130828857422
v 0.01604673981666565 -0.010563180446624756 0.15988691329956056
v 0.01717134952545166 -0.008615289926528932 0.15988691329956056
v 0.018060599565505982 -0.006549310088157654 0.15988691329956056
v 0.01833266019821167 -0.006802279949188233 0.16091068267822267
v 0.018426669836044313 -0.006889029741287232 0.16200082778930663
v 0.018336299657821655 -0.006804940104484558 0.16309045791625976
v 0.01694062948226929 -0.00978067994117737 0.1630821990966797
v 0.01704327940940857 -0.009839940071105958 0.16200000762939454
v 0.01694062948226929 -0.00978067994117737 0.16091779708862305
v 0.0133748996257782 -0.009727960228919983 0.1698452377319336
v 0.015112110376358033 -0.006719020009040832 0.1698452377319336
v 0.01618235945701599 -0.0034135499596595763 0.1698452377319336
v 0.016363470554351806 -0.0017606300115585328 0.16999998092651367
v 0.016447410583496094 -0.0005878699943423271 0.17
v 0.016447410583496094 0.0005878899991512298 0.17
v 0.016363459825515746 0.0017606599628925323 0.17
v 0.01631803035736084 0.002183620035648346 0.16999029159545898
v 0.016273080110549926 0.0026016399264335633 0.16996120452880858
v 0.016228170394897462 0.0030124899744987488 0.16991279602050782
v 0.01618235945701599 0.0034135499596595763 0.1698452377319336
v 0.015112110376358033 0.006719020009040832 0.1698452377319336
v 0.0133748996257782 0.009727960228919983 0.1698452377319336
v 0.01104740023612976 0.012307560443878174 0.1698452377319336
v 0.009706479907035827 0.013290870189666749 0.17
v 0.008732810020446777 0.013949940204620362 0.17
v 0.0077145701646804815 0.014537819623947144 0.17
v 0.006656960248947144 0.015051499605178834 0.16999998092651367
v 0.005134959816932678 0.015721110105514528 0.1698452377319336
v 0.0017372100055217743 0.016446980237960814 0.1698452377319336
v -0.0017372100055217743 0.016446980237960814 0.1698452377319336
v 0.014444470405578613 -0.007557029724121094 0.1702313232421875
v 0.014163249731063842 -0.007409899830818177 0.17055429458618165
v 0.013824870586395263 -0.00723285973072052 0.1707975959777832
v 0.013446660041809083 -0.007034990191459656 0.17094873428344726
v -0.016287790536880495 -0.0006776600331068039 0.1702313232421875
v -0.015970679521560668 -0.0006644699722528458 0.17055429458618165
v -0.015589120388031006 -0.0006485900282859802 0.1707975959777832
v -0.015162639617919922 -0.0006308499723672867 0.17094873428344726
v -0.014809260368347168 0.003315030038356781 0.17094873428344726
v -0.015225800275802613 0.0034082698822021484 0.1707975959777832
v -0.015598469972610473 0.00349168986082077 0.17055429458618165
v -0.01590819001197815 0.0035610198974609375 0.1702313232421875
v -0.015557409524917604 -0.004870159924030304 0.1702313232421875
v -0.015254520177841187 -0.004775339961051941 0.17055429458618165
v -0.014890060424804688 -0.004661250114440918 0.1707975959777832
v -0.014482710361480713 -0.0045337298512458804 0.17094873428344726
v -0.013766809701919555 -0.008730769753456116 0.1702313232421875
v -0.013498790264129638 -0.008560789823532105 0.17055429458618165
v -0.01317628026008606 -0.008356249928474427 0.1707975959777832
v -0.012815810441970825 -0.008127650022506714 0.17094873428344726
v -0.01103803038597107 -0.011996380090713502 0.1702313232421875
v -0.010823129415512086 -0.011762830018997193 0.17055429458618165
v -0.010564550161361694 -0.01148179054260254 0.1707975959777832
v -0.010275529623031616 -0.011167680025100709 0.17094873428344726
v -0.007557029724121094 -0.014444470405578613 0.1702313232421875
v -0.007409899830818177 -0.014163249731063842 0.17055429458618165
v -0.00723285973072052 -0.013824870586395263 0.1707975959777832
v -0.007034990191459656 -0.013446660041809083 0.17094873428344726
v -0.0035610198974609375 -0.01590819001197815 0.1702313232421875
v -0.00349168986082077 -0.015598469972610473 0.17055429458618165
v -0.0034082698822021484 -0.015225800275802613 0.1707975959777832
v -0.003315030038356781 -0.014809260368347168 0.17094873428344726
v 0.0006776600331068039 -0.016287790536880495 0.1702313232421875
v 0.0006644699722528458 -0.015970679521560668 0.17055429458618165
v 0.0006485900282859802 -0.015589120388031006 0.1707975959777832
v 0.0006308499723672867 -0.015162639617919922 0.17094873428344726
v 0.004870159924030304 -0.015557409524917604 0.1702313232421875
v 0.004775339961051941 -0.015254520177841187 0.17055429458618165
v 0.004661250114440918 -0.014890060424804688 0.1707975959777832
v 0.0045337298512458804 -0.014482710361480713 0.17094873428344726
v 0.008730769753456116 -0.013766809701919555 0.1702313232421875
v 0.008560789823532105 -0.013498790264129638 0.17055429458618165
v 0.008356249928474427 -0.01317628026008606 0.1707975959777832
v 0.008127650022506714 -0.012815810441970825 0.17094873428344726
v 0.011996380090713502 -0.01103803038597107 0.1702313232421875
v 0.011762830018997193 -0.010823129415512086 0.17055429458618165
v 0.01148179054260254 -0.010564550161361694 0.1707975959777832
v 0.011167680025100709 -0.010275529623031616 0.17094873428344726
v 0.01590819001197815 -0.0035610198974609375 0.1702313232421875
v 0.015598469972610473 -0.00349168986082077 0.17055429458618165
v 0.015225800275802613 -0.0034082698822021484 0.1707975959777832
v 0.014809260368347168 -0.003315030038356781 0.17094873428344726
v 0.016287790536880495 0.0006776600331068039 0.1702313232421875
v 0.015970679521560668 0.0006644699722528458 0.17055429458618165
v 0.015589120388031006 0.0006485900282859802 0.1707975959777832
v 0.015162639617919922 0.0006308499723672867 0.17094873428344726
v 0.015557409524917604 0.004870159924030304 0.1702313232421875
v 0.015254520177841187 0.004775339961051941 0.17055429458618165
v 0.014890060424804688 0.004661250114440918 0.1707975959777832
v 0.014482710361480713 0.0045337298512458804 0.17094873428344726
v 0.013766809701919555 0.008730769753456116 0.1702313232421875
v 0.013498790264129638 0.008560789823532105 0.17055429458618165
v 0.01317628026008606 0.008356249928474427 0.1707975959777832
v 0.012815810441970825 0.008127650022506714 0.17094873428344726
v 0.01103803038597107 0.011996380090713502 0.1702313232421875
v 0.010823129415512086 0.011762830018997193 0.17055429458618165
v 0.010564550161361694 0.01148179054260254 0.1707975959777832
v 0.010275529623031616 0.011167680025100709 0.17094873428344726
v 0.007557029724121094 0.014444470405578613 0.1702313232421875
v 0.007409899830818177 0.014163249731063842 0.17055429458618165
v 0.00723285973072052 0.013824870586395263 0.1707975959777832
v 0.007034990191459656 0.013446660041809083 0.17094873428344726
v 0.0035610198974609375 0.01590819001197815 0.1702313232421875
v 0.00349168986082077 0.015598469972610473 0.17055429458618165
v 0.0034082698822021484 0.015225800275802613 0.1707975959777832
v 0.003315030038356781 0.014809260368347168 0.17094873428344726
v -0.0006776600331068039 0.016287790536880495 0.1702313232421875
v -0.0006644699722528458 0.015970679521560668 0.17055429458618165
v -0.0006485900282859802 0.015589120388031006 0.1707975959777832
v -0.0006308499723672867 0.015162639617919922 0.17094873428344726
v -0.004870159924030304 0.015557409524917604 0.1702313232421875
v -0.004775339961051941 0.015254520177841187 0.17055429458618165
v -0.004661250114440918 0.014890060424804688 0.1707975959777832
v -0.0045337298512458804 0.014482710361480713 0.17094873428344726
v -0.008730769753456116 0.013766809701919555 0.1702313232421875
v -0.008560789823532105 0.013498790264129638 0.17055429458618165
v -0.008356249928474427 0.01317628026008606 0.1707975959777832
v -0.008127650022506714 0.012815810441970825 0.17094873428344726
v -0.011996380090713502 0.01103803038597107 0.1702313232421875
v -0.011762830018997193 0.010823129415512086 0.17055429458618165
v -0.01148179054260254 0.010564550161361694 0.1707975959777832
v -0.011167680025100709 0.010275529623031616 0.17094873428344726
v -0.014444470405578613 0.007557029724121094 0.1702313232421875
v -0.014163249731063842 0.007409899830818177 0.17055429458618165
v -0.013824870586395263 0.00723285973072052 0.1707975959777832
v -0.013446660041809083 0.007034990191459656 0.17094873428344726
v 0.016583930253982544 -0.005496559739112854 0.1678452491760254
v 0.016408380270004273 -0.005295209884643555 0.16833734512329102
v 0.01628749966621399 -0.004988369941711426 0.16878190994262696
v 0.016205799579620362 -0.004495770037174225 0.16924612045288087
v 0.01617794990539551 -0.00397258996963501 0.16958757400512695
v 0.0133748996257782 -0.009727960228919983 0.15415475845336915
v 0.015112110376358033 -0.006719020009040832 0.15415475845336915
v 0.01618235945701599 -0.0034135499596595763 0.15415475845336915
v 0.016178200244903566 -0.003988359868526459 0.15442103385925293
v 0.016208670139312743 -0.004524739980697632 0.1547764492034912
v 0.016254570484161377 -0.004844030141830444 0.15506099700927733
v 0.01633031964302063 -0.00512706995010376 0.15539388656616213
v 0.016439939737319945 -0.005347489714622498 0.1557616138458252
v 0.016583930253982544 -0.005496559739112854 0.1561547565460205
v 0.016363470554351806 0.0017606300115585328 0.15399999618530275
v 0.016447410583496094 0.0005878699943423271 0.15399999618530275
v 0.016447410583496094 -0.0005878899991512298 0.15399999618530275
v 0.016363459825515746 -0.0017606599628925323 0.1540000057220459
v -0.0017372100055217743 0.016446980237960814 0.15415475845336915
v 0.0017372100055217743 0.016446980237960814 0.15415475845336915
v 0.005134959816932678 0.015721110105514528 0.15415475845336915
v 0.006656990051269532 0.01505149006843567 0.15399999618530275
v 0.007714599967002869 0.01453781008720398 0.15399999618530275
v 0.008732839822769164 0.013949919939041138 0.15399999618530275
v 0.009706509709358215 0.013290849924087524 0.1540000057220459
v 0.01104740023612976 0.012307569980621338 0.15415475845336915
v 0.0133748996257782 0.009727960228919983 0.15415475845336915
v 0.015112110376358033 0.006719020009040832 0.15415475845336915
v 0.01618235945701599 0.0034135499596595763 0.15415475845336915
v 0.016228159666061403 0.00301256000995636 0.15408720970153808
v 0.016273070573806763 0.0026017299294471743 0.15403880119323732
v 0.01631803035736084 0.002183640003204346 0.15400972366333007
v 0.014725860357284546 0.0 0.15300000190734864
v 0.014224090576171876 0.0038113299012184146 0.15300000190734864
v 0.012752970457077026 0.007362930178642273 0.15300000190734864
v 0.010412759780883789 0.010412750244140625 0.15300000190734864
v 0.007362930178642273 0.012752970457077026 0.15300000190734864
v 0.0038113299012184146 0.014224090576171876 0.15300000190734864
v 0.0 0.014725860357284546 0.15300000190734864
v -0.0038113299012184146 0.014224090576171876 0.15300000190734864
v -0.007362930178642273 0.012752970457077026 0.15300000190734864
v -0.010412750244140625 0.010412759780883789 0.15300000190734864
v -0.012752970457077026 0.007362930178642273 0.15300000190734864
v -0.014224090576171876 0.0038113299012184146 0.15300000190734864
v -0.014725860357284546 0.0 0.15300000190734864
v -0.014224090576171876 -0.0038113299012184146 0.15300000190734864
v -0.012752970457077026 -0.007362930178642273 0.15300000190734864
v -0.010412759780883789 -0.010412750244140625 0.15300000190734864
v -0.007362930178642273 -0.012752970457077026 0.15300000190734864
v -0.0038113299012184146 -0.014224090576171876 0.15300000190734864
v 0.0 -0.014725860357284546 0.15300000190734864
v 0.0038113299012184146 -0.014224090576171876 0.15300000190734864
v 0.007362930178642273 -0.012752970457077026 0.15300000190734864
v 0.010412750244140625 -0.010412759780883789 0.15300000190734864
v 0.012752970457077026 -0.007362930178642273 0.15300000190734864
v 0.014224090576171876 -0.0038113299012184146 0.15300000190734864
v 0.014444470405578613 -0.007557029724121094 0.1537686824798584
v 0.014163249731063842 -0.007409899830818177 0.15344571113586425
v 0.013824870586395263 -0.00723285973072052 0.1532024097442627
v 0.013446660041809083 -0.007034990191459656 0.15305126190185547
v 0.016287790536880495 0.0006776600331068039 0.1537686824798584
v 0.015970679521560668 0.0006644699722528458 0.15344571113586425
v 0.015589120388031006 0.0006485900282859802 0.1532024097442627
v 0.015162639617919922 0.0006308499723672867 0.15305126190185547
v 0.014482710361480713 0.0045337298512458804 0.15305126190185547
v 0.014890060424804688 0.004661250114440918 0.1532024097442627
v 0.015254520177841187 0.004775339961051941 0.15344571113586425
v 0.015557409524917604 0.004870159924030304 0.1537686824798584
v 0.01590819001197815 -0.0035610198974609375 0.1537686824798584
v 0.015598469972610473 -0.00349168986082077 0.15344571113586425
v 0.015225800275802613 -0.0034082698822021484 0.1532024097442627
v 0.014809260368347168 -0.003315030038356781 0.15305126190185547
v 0.011996380090713502 -0.01103803038597107 0.1537686824798584
v 0.011762830018997193 -0.010823129415512086 0.15344571113586425
v 0.01148179054260254 -0.010564550161361694 0.1532024097442627
v 0.011167680025100709 -0.010275529623031616 0.15305126190185547
v 0.008730769753456116 -0.013766809701919555 0.1537686824798584
v 0.008560789823532105 -0.013498790264129638 0.15344571113586425
v 0.008356249928474427 -0.01317626953125 0.1532024097442627
v 0.008127650022506714 -0.012815810441970825 0.15305126190185547
v 0.004870159924030304 -0.015557409524917604 0.1537686824798584
v 0.004775339961051941 -0.015254520177841187 0.15344571113586425
v 0.004661250114440918 -0.014890060424804688 0.1532024097442627
v 0.0045337298512458804 -0.014482710361480713 0.15305126190185547
v 0.0006776600331068039 -0.016287790536880495 0.1537686824798584
v 0.0006644699722528458 -0.015970679521560668 0.15344571113586425
v 0.0006485900282859802 -0.015589120388031006 0.1532024097442627
v 0.0006308499723672867 -0.015162639617919922 0.15305126190185547
v -0.0035610198974609375 -0.01590819001197815 0.1537686824798584
v -0.00349168986082077 -0.015598469972610473 0.15344571113586425
v -0.0034082698822021484 -0.015225800275802613 0.1532024097442627
v -0.003315030038356781 -0.014809260368347168 0.15305126190185547
v -0.007557029724121094 -0.014444470405578613 0.1537686824798584
v -0.007409899830818177 -0.014163249731063842 0.15344571113586425
v -0.00723285973072052 -0.013824870586395263 0.1532024097442627
v -0.007034990191459656 -0.013446660041809083 0.15305126190185547
v -0.01103803038597107 -0.011996380090713502 0.1537686824798584
v -0.010823129415512086 -0.011762830018997193 0.15344571113586425
v -0.010564550161361694 -0.01148179054260254 0.1532024097442627
v -0.010275529623031616 -0.011167680025100709 0.15305126190185547
v -0.013766809701919555 -0.008730769753456116 0.1537686824798584
v -0.013498790264129638 -0.008560789823532105 0.15344571113586425
v -0.01317626953125 -0.008356249928474427 0.1532024097442627
v -0.012815810441970825 -0.008127650022506714 0.15305126190185547
v -0.015557409524917604 -0.004870159924030304 0.1537686824798584
v -0.015254520177841187 -0.004775339961051941 0.15344571113586425
v -0.014890060424804688 -0.004661250114440918 0.1532024097442627
v -0.014482710361480713 -0.0045337298512458804 0.15305126190185547
v -0.016287790536880495 -0.0006776600331068039 0.1537686824798584
v -0.015970679521560668 -0.0006644699722528458 0.15344571113586425
v -0.015589120388031006 -0.0006485900282859802 0.1532024097442627
v -0.015162639617919922 -0.0006308499723672867 0.15305126190185547
v -0.01590819001197815 0.0035610198974609375 0.1537686824798584
v -0.015598469972610473 0.00349168986082077 0.15344571113586425
v -0.015225800275802613 0.0034082698822021484 0.1532024097442627
v -0.014809260368347168 0.003315030038356781 0.15305126190185547
v -0.014444470405578613 0.007557029724121094 0.1537686824798584
v -0.014163249731063842 0.007409899830818177 0.15344571113586425
v -0.013824870586395263 0.00723285973072052 0.1532024097442627
v -0.013446660041809083 0.007034990191459656 0.15305126190185547
v -0.011996380090713502 0.01103803038597107 0.1537686824798584
v -0.011762830018997193 0.010823129415512086 0.15344571113586425
v -0.01148179054260254 0.010564550161361694 0.1532024097442627
v -0.011167680025100709 0.010275529623031616 0.15305126190185547
v -0.008730769753456116 0.013766809701919555 0.1537686824798584
v -0.008560789823532105 0.013498790264129638 0.15344571113586425
v -0.008356249928474427 0.01317626953125 0.1532024097442627
v -0.008127650022506714 0.012815810441970825 0.15305126190185547
v -0.004870159924030304 0.015557409524917604 0.1537686824798584
v -0.004775339961051941 0.015254520177841187 0.15344571113586425
v -0.004661250114440918 0.014890060424804688 0.1532024097442627
v -0.0045337298512458804 0.014482710361480713 0.15305126190185547
v -0.0006776600331068039 0.016287790536880495 0.1537686824798584
v -0.0006644699722528458 0.015970679521560668 0.15344571113586425
v -0.0006485900282859802 0.015589120388031006 0.1532024097442627
v -0.0006308499723672867 0.015162639617919922 0.15305126190185547
v 0.0035610198974609375 0.01590819001197815 0.1537686824798584
v 0.00349168986082077 0.015598469972610473 0.15344571113586425
v 0.0034082698822021484 0.015225800275802613 0.1532024097442627
v 0.003315030038356781 0.014809260368347168 0.15305126190185547
v 0.007557029724121094 0.014444470405578613 0.1537686824798584
v 0.007409899830818177 0.014163249731063842 0.15344571113586425
v 0.00723285973072052 0.013824870586395263 0.1532024097442627
v 0.007034990191459656 0.013446660041809083 0.15305126190185547
v 0.01103803038597107 0.011996380090713502 0.1537686824798584
v 0.010823129415512086 0.011762830018997193 0.15344571113586425
v 0.010564550161361694 0.01148179054260254 0.1532024097442627
v 0.010275529623031616 0.011167680025100709 0.15305126190185547
v 0.013766809701919555 0.008730769753456116 0.1537686824798584
v 0.013498790264129638 0.008560789823532105 0.15344571113586425
v 0.01317626953125 0.008356249928474427 0.1532024097442627
v 0.012815810441970825 0.008127650022506714 0.15305126190185547
v 0.01674543023109436 -0.005169829726219178 0.16781600952148437
v 0.01695902943611145 -0.004873090088367462 0.16781600952148437
v 0.01713027000427246 -0.0031584399938583375 0.16898101806640625
v 0.01674981951713562 -0.0032168599963188172 0.16920072555541993
v 0.016428589820861816 -0.003303309977054596 0.1694935989379883
v 0.016912070512771608 -0.00467864990234375 0.16812044143676758
v 0.016548880338668824 -0.00507390022277832 0.16824298858642578
v 0.016453980207443236 -0.0047939100861549375 0.16861743927001954
v 0.01639819025993347 -0.004094829857349396 0.16915197372436525
v 0.01672003984451294 -0.004863550066947937 0.16817110061645507
v 0.016654369831085206 -0.004607369899749756 0.16848621368408204
v 0.0166621196269989 -0.003953840136528016 0.16892717361450196
v 0.016878219842910765 -0.004447120130062103 0.1683840560913086
v 0.01696010947227478 -0.0038429099321365357 0.16875411987304687
v 0.018243370056152345 -0.00621071994304657 0.16408035278320313
v 0.01848284959793091 -0.005907790064811707 0.16408035278320313
v 0.017482730150222777 -0.005781679749488831 0.16587560653686523
v 0.017639520168304442 -0.005544919967651368 0.16586704254150392
v 0.017821539640426636 -0.00533378005027771 0.16587591171264648
v 0.018243370056152345 -0.00621071994304657 0.1599196434020996
v 0.01848284959793091 -0.005907790064811707 0.1599196434020996
v 0.018348430395126344 -0.006417289972305298 0.16038196563720702
v 0.01854915022850037 -0.006581910252571106 0.16147615432739257
v 0.01857010006904602 -0.006599220037460328 0.1621488571166992
v 0.01851606011390686 -0.006554610133171082 0.16281789779663086
v 0.018388999700546266 -0.006450390219688415 0.16346782684326172
v 0.01852334976196289 -0.006164860129356384 0.1603899383544922
v 0.018736679553985596 -0.006311839818954468 0.1614791488647461
v 0.018758989572525024 -0.006327250003814697 0.16214799880981445
v 0.018701460361480713 -0.006287540197372436 0.1628133773803711
v 0.018566410541534423 -0.006194480061531067 0.16346038818359376
v 0.01873042941093445 -0.005942389965057374 0.16038179397583008
v 0.018963119983673095 -0.006078159809112549 0.16147609710693359
v 0.018987540006637573 -0.006092399954795838 0.16214887619018556
v 0.018924560546875 -0.006055700182914734 0.1628179931640625
v 0.018777259588241578 -0.0059697401523590085 0.16346797943115235
v 0.01674543023109436 -0.005169829726219178 0.15618398666381836
v 0.01695902943611145 -0.004873090088367462 0.15618398666381836
v 0.01748016953468323 -0.005779889822006226 0.15811798095703125
v 0.017636929750442506 -0.005543130040168763 0.15812652587890624
v 0.017818909883499146 -0.0053320002555847165 0.1581176471710205
v 0.016428589820861816 -0.003303309977054596 0.15450639724731446
v 0.01674981951713562 -0.0032168599963188172 0.15479927062988283
v 0.01713027000427246 -0.0031584399938583375 0.15501898765563965
v 0.01639817953109741 -0.004103429913520813 0.15485285758972167
v 0.016456960439682006 -0.004807719886302948 0.15539746284484865
v 0.01655158042907715 -0.0050788897275924685 0.15576579093933104
v 0.016661360263824462 -0.0039618900418281556 0.1550767230987549
v 0.016655969619750976 -0.004620189964771271 0.15552624702453613
v 0.016722149848937988 -0.004868029952049256 0.15583629608154298
v 0.016958489418029785 -0.0038503700494766234 0.15524917602539062
v 0.016878310441970825 -0.004458839893341064 0.15562639236450196
v 0.01691360950469971 -0.004682590067386627 0.15588576316833497
v 0.016508049964904785 -0.001776210069656372 0.15421757698059083
v 0.016679630279541016 -0.0017946699261665346 0.15441431045532228
v 0.017091310024261477 -0.0018389600515365601 0.15473204612731933
v 0.01757073998451233 -0.001890539973974228 0.15493176460266114
v 0.017825920581817627 -0.0019179999828338623 0.15498285293579103
v 0.01675068020820618 -0.002514989972114563 0.15459260940551758
v 0.016411060094833375 -0.002548919916152954 0.15424020767211916
v 0.016570019721984863 -0.0025295600295066833 0.1544266414642334
v 0.01695032000541687 -0.00250542014837265 0.1547356414794922
v 0.017369110584259034 -0.0025014400482177737 0.15493612289428713
v 0.016428589820861816 0.003303309977054596 0.15450639724731446
v 0.01674981951713562 0.0032168599963188172 0.15479927062988283
v 0.017130260467529298 0.0031584399938583375 0.15501898765563965
v 0.017825939655303956 0.0019179800152778626 0.15498285293579103
v 0.017570749521255494 0.0018905200064182283 0.1549317741394043
v 0.017091310024261477 0.0018389399349689483 0.15473204612731933
v 0.016679630279541016 0.0017946499586105346 0.15441431045532228
v 0.016508049964904785 0.0017761899530887603 0.15421757698059083
v 0.016750069856643676 0.0025179600715637207 0.1545927619934082
v 0.016410620212554933 0.002552190124988556 0.15424044609069826
v 0.016569499969482423 0.002532680034637451 0.15442682266235352
v 0.016949599981307985 0.002508260011672974 0.1547357654571533
v 0.017368199825286864 0.0025040599703788757 0.15493630409240722
v 0.016188360452651977 0.0042594000697135925 0.15458550453186035
v 0.016221009492874146 0.004634119868278504 0.15486576080322265
v 0.016283960342407228 0.004974640011787415 0.15520214080810546
v 0.016360369920730592 0.005202069878578186 0.15550374031066894
v 0.0164650297164917 0.005383340120315552 0.15583663940429687
v 0.016583930253982544 0.005496559739112854 0.1561547565460205
v 0.01674543023109436 0.005169829726219178 0.15618398666381836
v 0.01695902943611145 0.004873090088367462 0.15618398666381836
v 0.016879650354385375 0.004504050016403198 0.15566861152648925
v 0.01646963953971863 0.004861310124397278 0.15545763969421386
v 0.01639925956726074 0.004230000078678131 0.1549275016784668
v 0.016404579877853393 0.0037771600484848024 0.1546885108947754
v 0.016663119792938233 0.004669870138168335 0.15557658195495605
v 0.016651259660720827 0.004080570042133331 0.15513717651367187
v 0.016694719791412353 0.003656879961490631 0.1549448013305664
v 0.016935620307922363 0.003960340023040771 0.15530017852783204
v 0.017024760246276856 0.003567369878292084 0.1551381778717041
v 0.018060599565505982 0.006549299955368042 0.15988691329956056
v 0.018243370056152345 0.00621071994304657 0.1599196434020996
v 0.01848284959793091 0.005907790064811707 0.1599196434020996
v 0.017482730150222777 0.005781679749488831 0.15812439918518068
v 0.017639520168304442 0.005544919967651368 0.15813295364379884
v 0.017821539640426636 0.00533378005027771 0.15812408447265625
v 0.01823807954788208 0.00671612024307251 0.1604557991027832
v 0.018359780311584473 0.006832249760627747 0.16105533599853517
v 0.0184299898147583 0.00689969003200531 0.1619688415527344
v 0.018368669748306275 0.0068408000469207765 0.16288385391235352
v 0.01824545979499817 0.006723120212554932 0.1635150718688965
v 0.018060599565505982 0.006549310088157654 0.1641130828857422
v 0.018243370056152345 0.00621071994304657 0.16408035278320313
v 0.01848284959793091 0.005907790064811707 0.16408035278320313
v 0.018350369930267334 0.006416910290718079 0.1636138916015625
v 0.018549970388412475 0.006580489873886109 0.1625238037109375
v 0.018570929765701294 0.006597779989242554 0.16185115814208983
v 0.01851688027381897 0.006553210020065307 0.16118213653564453
v 0.018389790058135985 0.006449049711227417 0.16053224563598634
v 0.018526519536972045 0.006163290143013001 0.16360603332519533
v 0.018738789558410646 0.006309279799461365 0.16252086639404298
v 0.018761119842529296 0.006324669718742371 0.16185199737548828
v 0.018703540563583376 0.006285009980201721 0.16118663787841797
v 0.018568389415740967 0.0061920398473739625 0.160539608001709
v 0.018732889890670776 0.005942109823226929 0.16361421585083008
v 0.018964359760284426 0.006077070236206055 0.1625239372253418
v 0.018988800048828126 0.006091300249099731 0.1618511199951172
v 0.01892578959465027 0.006054610013961792 0.16118196487426759
v 0.01877841949462891 0.005968679785728455 0.1605319595336914
v 0.016583930253982544 0.005496559739112854 0.1678452491760254
v 0.01674543023109436 0.005169829726219178 0.16781600952148437
v 0.01695902943611145 0.004873090088367462 0.16781600952148437
v 0.01748016953468323 0.005779889822006226 0.16588201522827148
v 0.017636929750442506 0.005543130040168763 0.1658734703063965
v 0.017818909883499146 0.0053320002555847165 0.1658823585510254
v 0.016405019760131836 0.005292659997940064 0.1683458137512207
v 0.016309969425201416 0.005066450238227845 0.168686580657959
v 0.01621786952018738 0.004612100124359131 0.16915342330932617
v 0.016181299686431887 0.0040937700867652894 0.1695178985595703
v 0.016428589820861816 0.003303309977054596 0.1694935989379883
v 0.01674981951713562 0.0032168599963188172 0.16920072555541993
v 0.01713027000427246 0.0031584399938583375 0.16898101806640625
v 0.016398890018463137 0.003974719941616058 0.16921709060668946
v 0.01643921971321106 0.004715189933776855 0.1686973762512207
v 0.016586389541625977 0.0051351398229599 0.16812652587890625
v 0.016672669649124144 0.0038415399193763734 0.1689798927307129
v 0.016647030115127564 0.004534370005130768 0.16855308532714844
v 0.016750229597091677 0.0049179899692535405 0.16807254791259765
v 0.016983070373535157 0.0037386199831962587 0.16879831314086916
v 0.016879780292510988 0.004379920065402985 0.16843996047973633
v 0.016935210227966308 0.004726069867610931 0.16803802490234376
v 0.016508049964904785 0.001776210069656372 0.16978242874145508
v 0.016679630279541016 0.0017946699261665346 0.16958568572998048
v 0.017091310024261477 0.0018389600515365601 0.16926794052124025
v 0.01757073998451233 0.001890539973974228 0.16906824111938476
v 0.017825920581817627 0.0019179999828338623 0.16901714324951173
v 0.01675068020820618 0.002514989972114563 0.16940738677978515
v 0.016411060094833375 0.002548919916152954 0.1697597885131836
v 0.016570019721984863 0.0025295600295066833 0.1695733642578125
v 0.01695032000541687 0.00250542014837265 0.16926435470581055
v 0.017369110584259034 0.0025014400482177737 0.16906387329101563
v 0.017825939655303956 -0.0019179800152778626 0.16901714324951173
v 0.017570749521255494 -0.0018905200064182283 0.16906822204589844
v 0.017091310024261477 -0.0018389399349689483 0.16926794052124025
v 0.016679630279541016 -0.0017946499586105346 0.16958568572998048
v 0.016508049964904785 -0.0017761899530887603 0.16978242874145508
v 0.016750069856643676 -0.0025179600715637207 0.16940723419189455
v 0.016410620212554933 -0.002552190124988556 0.16975954055786133
v 0.016569499969482423 -0.002532680034637451 0.16957317352294923
v 0.016949599981307985 -0.002508260011672974 0.16926422119140624
v 0.017368199825286864 -0.0025040599703788757 0.16906370162963869
v 0.018178349733352663 -0.0006497400254011155 0.16899999618530273
v 0.018178349733352663 0.0006497500091791153 0.16899999618530273
v 0.018178349733352663 0.0006497400254011155 0.155
v 0.018178349733352663 -0.0006497500091791153 0.155
v 0.007357550263404847 0.016635509729385375 0.16899999618530273
v 0.009049479961395265 0.017930630445480347 0.16899999618530273
v 0.010517250299453735 0.019475159645080568 0.16899999618530273
v 0.008675259947776794 0.020111320018768312 0.1678452491760254
v 0.006798729896545411 0.01844653010368347 0.1678452491760254
v 0.0046110299229621884 0.0172189998626709 0.1678452491760254
v 0.00461201012134552 0.017158410549163818 0.1679558563232422
v 0.004643110036849976 0.017102420330047607 0.1680642318725586
v 0.0047016900777816775 0.017051559686660767 0.16816827774047852
v 0.004785099923610687 0.017006319761276246 0.1682659149169922
v 0.005035290122032166 0.016922869682312013 0.16845821380615233
v 0.005345649719238281 0.016858580112457274 0.16861652374267577
v 0.006064180135726929 0.016765300035476684 0.16884523391723633
v 0.007577779889106751 0.017328389883041383 0.16894874572753907
v 0.009678900241851807 0.019189499616622925 0.16894874572753907
v 0.007333329916000366 0.01767832040786743 0.16879758834838868
v 0.007114740014076233 0.017991490364074707 0.16855428695678712
v 0.006933379769325256 0.018251969814300537 0.16823131561279298
v 0.009364359974861146 0.019478039741516115 0.16879758834838868
v 0.009082980155944824 0.019736260175704956 0.16855428695678712
v 0.008849260210990906 0.019950989484786987 0.16823131561279298
v 0.012606580257415772 0.012602759599685669 0.1678452491760254
v 0.01257580041885376 0.01511114001274109 0.1678452491760254
v 0.013079279661178589 0.01756865978240967 0.1678452491760254
v 0.011607359647750854 0.018845789432525635 0.16899999618530273
v 0.011003639698028565 0.016802409887313845 0.16899999618530273
v 0.010728000402450562 0.01468961000442505 0.16899999618530273
v 0.011487079858779907 0.013634380102157593 0.16884523391723633
v 0.012024780511856079 0.012948329448699952 0.16854568481445312
v 0.012198079824447632 0.012766480445861816 0.16840206146240236
v 0.012359919548034668 0.012634459733963013 0.16823385238647462
v 0.012433209419250489 0.012593610286712647 0.16814220428466797
v 0.012499639987945557 0.012572979927062989 0.16804643630981445
v 0.012557870149612427 0.012575169801712036 0.16794721603393556
v 0.012339990139007568 0.01513064980506897 0.16823131561279298
v 0.01202375054359436 0.015157660245895386 0.16855428695678712
v 0.011643259525299073 0.015190579891204835 0.16879758834838868
v 0.011218010187149048 0.015227530002593994 0.16894874572753907
v 0.012853460311889648 0.017639269828796388 0.16823131561279298
v 0.01255066990852356 0.017734400033950805 0.16855428695678712
v 0.012186390161514283 0.017849060297012328 0.16879758834838868
v 0.01177925944328308 0.01797729969024658 0.16894874572753907
v 0.004611020088195801 0.0172189998626709 0.1561547565460205
v 0.006798729896545411 0.01844653010368347 0.1561547565460205
v 0.008675259947776794 0.020111310482025146 0.1561547565460205
v 0.010517250299453735 0.019475170373916627 0.155
v 0.009049490094184875 0.017930639982223513 0.155
v 0.007357580065727234 0.016635520458221437 0.155
v 0.006064180135726929 0.016765290498733522 0.1551547622680664
v 0.0055378198623657225 0.016829320192337037 0.15530896186828613
v 0.005069699883460998 0.016915220022201537 0.15552260398864745
v 0.004874880015850068 0.016971410512924195 0.15565512657165528
v 0.004721010029315948 0.017040109634399416 0.15580730438232424
v 0.004666270017623902 0.017079919576644897 0.15589024543762206
v 0.004628590047359466 0.01712314009666443 0.15597647666931153
v 0.004609619975090027 0.017169560194015502 0.15606497764587401
v 0.006933540105819702 0.018252079486846925 0.15576868057250978
v 0.007115070223808289 0.01799172043800354 0.15544570922851564
v 0.0073338401317596435 0.017678680419921874 0.15520240783691405
v 0.0075784802436828615 0.017328890562057494 0.15505125999450683
v 0.008849329948425293 0.01995107054710388 0.15576868057250978
v 0.009083110094070436 0.01973641037940979 0.15544570922851564
v 0.00936456024646759 0.019478269815444947 0.15520240783691405
v 0.009679189920425416 0.019189820289611817 0.15505125999450683
v 0.010728000402450562 0.014689580202102662 0.155
v 0.011003639698028565 0.01680240035057068 0.155
v 0.011607359647750854 0.018845789432525635 0.155
v 0.013079279661178589 0.01756865978240967 0.1561547565460205
v 0.01257580041885376 0.01511114001274109 0.1561547565460205
v 0.012606580257415772 0.012602770328521728 0.1561547565460205
v 0.012558939456939698 0.012574599981307983 0.15605403900146483
v 0.012502050399780274 0.012569890022277833 0.1559549331665039
v 0.012437139749526979 0.012587460279464722 0.15585915565490724
v 0.012365490198135376 0.012626110315322877 0.1557684326171875
v 0.01220823049545288 0.012754729986190797 0.15560531616210938
v 0.012039940357208252 0.012931150197982789 0.15546561241149903
v 0.011487079858779907 0.013634380102157593 0.1551547622680664
v 0.011217969655990602 0.015227119922637939 0.15505125999450683
v 0.011643229722976685 0.015190279483795166 0.15520240783691405
v 0.012023730278015137 0.015157459974288941 0.15544570922851564
v 0.012339979410171509 0.015130549669265747 0.15576868057250978
v 0.011779199838638305 0.017977099418640136 0.15505125999450683
v 0.012186340093612672 0.01784891963005066 0.15520240783691405
v 0.012550640106201173 0.017734299898147583 0.15544570922851564
v 0.01285344958305359 0.017639219760894775 0.15576868057250978
v 0.004490450024604797 0.01908131957054138 0.1641130828857422
v 0.007525539994239807 0.021436960697174073 0.1641130828857422
v 0.006122360229492188 0.020111780166625976 0.1641130828857422
v 0.014279669523239136 0.013429490327835083 0.1641130828857422
v 0.01435613989830017 0.015358010530471802 0.1641130828857422
v 0.014802180528640747 0.017235779762268068 0.1641130828857422
v 0.004490450024604797 0.01908131003379822 0.15988691329956056
v 0.006122360229492188 0.020111780166625976 0.15988691329956056
v 0.007525539994239807 0.021436960697174073 0.15988691329956056
v 0.014802180528640747 0.017235779762268068 0.15988691329956056
v 0.01435613989830017 0.015358010530471802 0.15988691329956056
v 0.014279680252075195 0.013429499864578247 0.1598869228363037
v 0.004510650038719178 0.019478960037231447 0.16091079711914064
v 0.004517799913883209 0.019619970321655272 0.16200136184692382
v 0.004510850012302399 0.019483300447463988 0.1630915641784668
v 0.005907790064811707 0.02038822889328003 0.1630821990966797
v 0.005835130214691162 0.020481860637664797 0.16200000762939454
v 0.005907790064811707 0.02038822889328003 0.16091779708862305
v 0.007261800169944764 0.02166696071624756 0.1630821990966797
v 0.007172480225563049 0.021744859218597413 0.16200000762939454
v 0.007261800169944764 0.02166696071624756 0.16091779708862305
v 0.014613950252532959 0.013645819425582887 0.16308919906616212
v 0.014732489585876465 0.013722519874572753 0.1619986343383789
v 0.014617609977722169 0.013648159503936767 0.16090843200683594
v 0.01470283031463623 0.015310410261154175 0.16091779708862305
v 0.014820239543914796 0.015294300317764282 0.16200000762939454
v 0.01470283031463623 0.015310410261154175 0.1630821990966797
v 0.015133240222930909 0.017122379541397094 0.16091779708862305
v 0.015245360136032105 0.017083979845046997 0.16200000762939454
v 0.015133240222930909 0.017122379541397094 0.1630821990966797
v 0.0033584299683570864 0.018915590047836304 0.15988691329956056
v 0.0011246199905872345 0.019178470373153688 0.15988691329956056
v -0.0011246199905872345 0.019178470373153688 0.15988691329956056
v -0.0011246199905872345 0.019178470373153688 0.1641130828857422
v 0.0011246199905872345 0.019178470373153688 0.1641130828857422
v 0.0033584299683570864 0.018915590047836304 0.1641130828857422
v 0.0032753899693489076 0.0192776894569397 0.16308931350708009
v 0.003247259855270386 0.019402480125427248 0.1619991683959961
v 0.003274900019168854 0.019282180070877075 0.16090953826904297
v 0.0 0.01956135988235474 0.16091779708862305
v 0.0 0.019679880142211916 0.16200000762939454
v 0.0 0.01956135988235474 0.1630821990966797
v 0.014702160358428955 0.012366280555725098 0.1641130828857422
v 0.01604673981666565 0.010563180446624756 0.1641130828857422
v 0.01717134952545166 0.008615289926528932 0.1641130828857422
v 0.01717134952545166 0.008615289926528932 0.15988691329956056
v 0.01604673981666565 0.010563180446624756 0.15988691329956056
v 0.014702160358428955 0.012366280555725098 0.15988691329956056
v 0.015057280063629152 0.012475409507751466 0.16091068267822267
v 0.01517941951751709 0.012513450384140016 0.16200082778930663
v 0.015061399936676026 0.012477240562438966 0.16309045791625976
v 0.01694062948226929 0.00978067994117737 0.1630821990966797
v 0.01704327940940857 0.009839940071105958 0.16200000762939454
v 0.01694062948226929 0.00978067994117737 0.16091779708862305
v 0.004364069998264313 0.01617259979248047 0.1693878173828125
v 0.004036040008068085 0.016410009860992433 0.16907119750976562
v 0.003767310082912445 0.016658079624176026 0.168686580657959
v 0.003601439893245697 0.016887120008468627 0.16828323364257813
v 0.003531799912452698 0.017110389471054078 0.1678452491760254
v 0.013052129745483398 0.01161383032798767 0.1678452491760254
v 0.012789969444274903 0.011562470197677612 0.16833734512329102
v 0.012463810443878174 0.011611210107803345 0.16878190994262696
v 0.011996350288391114 0.011786750555038453 0.16924612045288087
v 0.01152933955192566 0.012024229764938355 0.16958757400512695
v 0.0035318100452423097 0.017110389471054078 0.1561547565460205
v 0.0035808899998664855 0.016930309534072877 0.15579818725585937
v 0.003695420026779175 0.01674412965774536 0.15545984268188476
v 0.003864479959011078 0.016560189723968506 0.15515548706054688
v 0.004071800112724304 0.01638288974761963 0.15489044189453124
v 0.004567109942436218 0.0160444700717926 0.1544631576538086
v 0.01154312014579773 0.012016559839248658 0.15442103385925293
v 0.01202286958694458 0.011774749755859376 0.1547764492034912
v 0.01232234001159668 0.01165485978126526 0.15506099700927733
v 0.012605329751968384 0.011578940153121949 0.15539388656616213
v 0.012851040363311767 0.011563659906387328 0.1557616138458252
v 0.013052129745483398 0.01161383032798767 0.1561547565460205
v 0.008526470065116882 0.016067789793014528 0.16899999618530273
v 0.009651870131492615 0.015418050289154052 0.16899999618530273
v 0.009651880264282226 0.015418039560317993 0.155
v 0.008526489734649659 0.016067780256271362 0.155
v 0.01284991979598999 0.011917049884796143 0.16781600952148437
v 0.012699730396270752 0.012250410318374634 0.16781600952148437
v 0.011300419569015504 0.013256030082702637 0.16898101806640625
v 0.011160789728164673 0.012897340059280395 0.16920072555541993
v 0.011075049638748169 0.012575919628143311 0.1694935989379883
v 0.012507870197296142 0.012306950092315675 0.16812044143676758
v 0.012668570280075073 0.011794810295104981 0.16824298858642578
v 0.012378629446029663 0.011852610111236573 0.16861743927001954
v 0.011745320558547974 0.012153830528259277 0.16915197372436525
v 0.012571970224380493 0.012048200368881226 0.16817110061645507
v 0.012317290306091308 0.012119419574737549 0.16848621368408204
v 0.011755189895629884 0.012452900409698486 0.16892717361450196
v 0.012290430068969727 0.012393410205841065 0.1683840560913086
v 0.011808110475540161 0.012766430377960205 0.16875411987304687
v 0.014500319957733154 0.012693860530853272 0.16408035278320313
v 0.014357719421386719 0.013052730560302735 0.16408035278320313
v 0.01374845027923584 0.012249649763107301 0.16587560653686523
v 0.013621799945831299 0.012503819465637207 0.16586704254150392
v 0.013529959917068481 0.012767020463943481 0.16587591171264648
v 0.014500319957733154 0.012693860530853272 0.1599196434020996
v 0.014357719421386719 0.013052719831466676 0.1599196434020996
v 0.014731760025024415 0.012681560516357422 0.16038196563720702
v 0.01497467041015625 0.012773079872131348 0.16147615432739257
v 0.015000139474868775 0.012782570123672485 0.1621488571166992
v 0.014934489727020264 0.012758079767227173 0.16281789779663086
v 0.014780700206756592 0.012700150012969971 0.16346782684326172
v 0.014600600004196168 0.012959259748458863 0.1603899383544922
v 0.01483456015586853 0.013070520162582398 0.1614791488647461
v 0.014859050512313843 0.013082129955291748 0.16214799880981445
v 0.014795900583267213 0.013052170276641847 0.1628133773803711
v 0.01464779019355774 0.012981740236282348 0.16346038818359376
v 0.014511469602584839 0.013249830007553101 0.16038179397583008
v 0.014745399951934815 0.01338346004486084 0.16147609710693359
v 0.014769940376281739 0.013397489786148072 0.16214887619018556
v 0.014706670045852662 0.013361300230026246 0.1628179931640625
v 0.014558579921722412 0.01327672004699707 0.16346797943115235
v 0.01284991979598999 0.011917059421539308 0.15618398666381836
v 0.012699730396270752 0.012250410318374634 0.15618398666381836
v 0.013745609521865845 0.012248330116271973 0.15811798095703125
v 0.013618960380554199 0.012502460479736329 0.15812652587890624
v 0.01352710008621216 0.012765630483627319 0.1581176471710205
v 0.011075049638748169 0.012575919628143311 0.15450639724731446
v 0.011160789728164673 0.012897340059280395 0.15479927062988283
v 0.011300419569015504 0.013256030082702637 0.15501898765563965
v 0.011752760410308838 0.012149529457092285 0.15485285758972167
v 0.012392090559005737 0.011848280429840088 0.15539746284484865
v 0.012674239873886108 0.011794639825820923 0.15576579093933104
v 0.01176177978515625 0.012448209524154664 0.1550767230987549
v 0.012329189777374268 0.012114399671554565 0.15552624702453613
v 0.012576910257339478 0.012047799825668335 0.15583629608154298
v 0.011813759803771973 0.012761290073394776 0.15524917602539062
v 0.012300620079040528 0.012387620210647583 0.15562639236450196
v 0.012512049674987794 0.01230631947517395 0.15588576316833497
v 0.009792270064353943 0.013408290147781372 0.15421757698059083
v 0.009894040226936341 0.013547650575637818 0.15441431045532228
v 0.010138239860534668 0.013882030248641968 0.15473204612731933
v 0.010422630310058594 0.014271429777145387 0.15493176460266114
v 0.010573999881744385 0.014478700160980225 0.15498285293579103
v 0.01055338978767395 0.01324902057647705 0.15459260940551758
v 0.010412960052490235 0.012937929630279541 0.15424020767211916
v 0.010475679636001586 0.01308527946472168 0.1544266414642334
v 0.010644910335540771 0.0134266996383667 0.1547356414794922
v 0.010850869417190552 0.013791370391845704 0.15493612289428713
v 0.0067855602502822875 0.015342160463333131 0.1544142246246338
v 0.0069530999660491945 0.015720980167388918 0.15473204612731933
v 0.007148209810256958 0.01616212010383606 0.15493185043334962
v 0.0053535401821136475 0.01587923049926758 0.15450639724731446
v 0.005589020252227783 0.016114200353622436 0.15479927062988283
v 0.005829839706420898 0.016414459943771362 0.15501898765563965
v 0.0061944198608398435 0.01576496958732605 0.1545927619934082
v 0.005995050072669983 0.015488109588623048 0.15424044609069826
v 0.006091380119323731 0.015615949630737305 0.15442682266235352
v 0.006302589774131775 0.015932910442352295 0.1547357654571533
v 0.006515520215034485 0.01629333019256592 0.15493630409240722
v 0.0038955101370811464 0.01708688020706177 0.15618398666381836
v 0.00425929993391037 0.017123500108718874 0.15618398666381836
v 0.004024809896945953 0.016693780422210695 0.15545763969421386
v 0.004536339938640594 0.016317169666290283 0.1549275016784668
v 0.004931179881095886 0.016095360517501833 0.1546885108947754
v 0.004287340044975281 0.01676561951637268 0.15557658195495605
v 0.004791750013828278 0.016460700035095217 0.15513717651367187
v 0.005180410146713257 0.016286489963531495 0.1549448013305664
v 0.004539200067520142 0.016870230436325073 0.15566861152648925
v 0.005038049817085266 0.01664685010910034 0.15530017852783204
v 0.00542294979095459 0.016527559757232666 0.1551381778717041
v 0.0037430500984191894 0.018904579877853395 0.1599196434020996
v 0.004125129878520966 0.01896051049232483 0.1599196434020996
v 0.0037342798709869385 0.01803133010864258 0.15812439918518068
v 0.004017719924449921 0.01804872989654541 0.15813295364379884
v 0.004291580021381378 0.01810078978538513 0.15812408447265625
v 0.0037430399656295777 0.018904579877853395 0.16408035278320313
v 0.004125129878520966 0.01896051049232483 0.16408035278320313
v 0.0036166799068450928 0.019098860025405884 0.1636180305480957
v 0.003574469983577728 0.019354989528656007 0.16252384185791016
v 0.0035699599981307982 0.01938179016113281 0.16185113906860352
v 0.003581570088863373 0.019312679767608643 0.16118209838867187
v 0.003608300089836121 0.019150539636611938 0.16053218841552735
v 0.003922750055789947 0.019124120473861694 0.16361007690429688
v 0.003902119994163513 0.019382359981536864 0.16252086639404298
v 0.0038999301195144654 0.019409379959106444 0.16185199737548828
v 0.003905560076236725 0.019339710474014282 0.16118663787841797
v 0.0039186298847198485 0.019176230430603028 0.160539608001709
v 0.0042189499735832215 0.019192219972610475 0.16361820220947265
v 0.004217720031738282 0.019461619853973388 0.16252389907836914
v 0.004217599928379059 0.01948989033699036 0.1618511199951172
v 0.004217889904975891 0.019416999816894532 0.16118200302124025
v 0.004218679964542389 0.01924646019935608 0.16053201675415038
v 0.0038955101370811464 0.01708688020706177 0.16781600952148437
v 0.00425929993391037 0.017123500108718874 0.16781600952148437
v 0.003734560012817383 0.018028210401535034 0.16588201522827148
v 0.004017969965934754 0.018045589923858643 0.1658734703063965
v 0.004291810095310211 0.018097620010375976 0.1658823585510254
v 0.005353549718856812 0.01587923049926758 0.1694935989379883
v 0.005589029788970947 0.016114200353622436 0.16920072555541993
v 0.005829849839210511 0.016414469480514525 0.16898101806640625
v 0.004757240116596222 0.016189219951629637 0.16921709060668946
v 0.004136129915714264 0.016594380140304565 0.1686973762512207
v 0.0038460299372673036 0.01693181037902832 0.16812652587890625
v 0.005009459853172303 0.01635972023010254 0.1689798927307129
v 0.004396640062332154 0.016683930158615114 0.16855308532714844
v 0.004116010069847107 0.0169651198387146 0.16807254791259765
v 0.0052538001537323 0.016577080488204957 0.16879831314086916
v 0.004646770060062409 0.016808279752731324 0.16843996047973633
v 0.004374710023403168 0.01702936053276062 0.16803802490234376
v 0.006715779900550842 0.015184500217437745 0.16978242874145508
v 0.006785590052604675 0.015342320203781129 0.16958568572998048
v 0.006953070163726807 0.01572098970413208 0.16926794052124025
v 0.007148110270500183 0.01616197943687439 0.16906824111938476
v 0.007251930236816406 0.016396700143814086 0.16901714324951173
v 0.006197299957275391 0.015764009952545167 0.16940738677978515
v 0.0059981000423431395 0.015486860275268554 0.1697597885131836
v 0.006094340085983276 0.015614839792251587 0.1695733642578125
v 0.006305400133132934 0.01593211054801941 0.16926435470581055
v 0.006518239974975586 0.016292810440063477 0.16906387329101563
v 0.009893929958343506 0.013547550439834594 0.16958578109741212
v 0.010138219594955445 0.013882050514221192 0.16926794052124025
v 0.010422699451446533 0.014271589517593384 0.16906814575195314
v 0.010555659532546998 0.01324700951576233 0.16940723419189455
v 0.010415569543838502 0.012935919761657715 0.16975954055786133
v 0.010478119850158691 0.013083269596099853 0.16957317352294923
v 0.01064700961112976 0.013424659967422486 0.16926422119140624
v 0.010852680206298829 0.013789269924163818 0.16906370162963869
v 0.00789430022239685 -0.004312669932842255 0.17780000686645508
v 0.008741509914398194 -0.002122530043125153 0.17780000686645508
v 0.008992999792098999 0.00021226000040769577 0.17780000686645508
v 0.008631629943847656 0.00253259003162384 0.17780000686645508
v 0.007682030200958252 0.004680320024490357 0.17780000686645508
v 0.006208919882774353 0.006509100198745728 0.17780000686645508
v 0.004312669932842255 0.00789430022239685 0.17780000686645508
v 0.002122530043125153 0.008741509914398194 0.17780000686645508
v -0.00021226000040769577 0.008992999792098999 0.17780000686645508
v -0.00253259003162384 0.008631629943847656 0.17780000686645508
v -0.004680320024490357 0.007682030200958252 0.17780000686645508
v -0.006509100198745728 0.006208919882774353 0.17780000686645508
v -0.00789430022239685 0.004312669932842255 0.17780000686645508
v -0.008741509914398194 0.002122530043125153 0.17780000686645508
v -0.008992999792098999 -0.00021226000040769577 0.17780000686645508
v -0.008631629943847656 -0.00253259003162384 0.17780000686645508
v -0.007682030200958252 -0.004680320024490357 0.17780000686645508
v -0.006208919882774353 -0.006509100198745728 0.17780000686645508
v -0.004312669932842255 -0.00789430022239685 0.17780000686645508
v -0.002122530043125153 -0.008741509914398194 0.17780000686645508
v 0.00021226000040769577 -0.008992999792098999 0.17780000686645508
v 0.00253259003162384 -0.008631629943847656 0.17780000686645508
v 0.004680320024490357 -0.007682030200958252 0.17780000686645508
v 0.006509100198745728 -0.006208919882774353 0.17780000686645508
v 0.005196149945259095 -0.008999999761581421 0.17699356079101564
v 0.00662227988243103 -0.006529880166053772 0.17762407302856445
v 0.00790032982826233 -0.004316219985485077 0.17779596328735353
v 0.009078159928321838 -0.0022761599719524385 0.17759004592895508
v 0.01039229989051819 0.0 0.17699356079101564
v 0.009022039771080017 0.0023733699321746827 0.17760746002197267
v 0.007794229984283447 0.0044999998807907105 0.17779739379882814
v 0.0065664201974868774 0.006626629829406739 0.17760746002197267
v 0.005196149945259095 0.008999999761581421 0.17699356079101564
v 0.0024556200206279754 0.008999999761581421 0.17760746002197267
v 0.0 0.008999999761581421 0.17779739379882814
v -0.0024556200206279754 0.008999999761581421 0.17760746002197267
v -0.005196149945259095 0.008999999761581421 0.17699356079101564
v -0.0065664201974868774 0.006626629829406739 0.17760746002197267
v -0.007794229984283447 0.0044999998807907105 0.17779739379882814
v -0.009022039771080017 0.0023733699321746827 0.17760746002197267
v -0.01039229989051819 0.0 0.17699356079101564
v -0.009022039771080017 -0.0023733699321746827 0.17760746002197267
v -0.007794229984283447 -0.0044999998807907105 0.17779739379882814
v -0.0065664201974868774 -0.006626629829406739 0.17760746002197267
v -0.005196149945259095 -0.008999999761581421 0.17699356079101564
v -0.0024556200206279754 -0.008999999761581421 0.17760746002197267
v 0.0 -0.008999999761581421 0.17779739379882814
v 0.0024556200206279754 -0.008999999761581421 0.17760746002197267
v -0.01039229989051819 0.0 0.1718064308166504
v -0.009078159928321838 0.0022761599719524385 0.17120996475219727
v -0.00790032982826233 0.004316219985485077 0.17100404739379882
v -0.00662227988243103 0.006529880166053772 0.17117591857910155
v -0.005196149945259095 0.008999999761581421 0.1718064308166504
v -0.0024556200206279754 0.008999999761581421 0.17119253158569336
v 0.0 0.008999999761581421 0.1710025978088379
v 0.0024556200206279754 0.008999999761581421 0.17119253158569336
v 0.005196149945259095 0.008999999761581421 0.1718064308166504
v 0.0065664201974868774 0.006626629829406739 0.17119253158569336
v 0.007794229984283447 0.0044999998807907105 0.1710025978088379
v 0.009022039771080017 0.0023733699321746827 0.17119253158569336
v 0.01039229989051819 0.0 0.1718064308166504
v 0.009022039771080017 -0.0023733699321746827 0.17119253158569336
v 0.007794229984283447 -0.0044999998807907105 0.1710025978088379
v 0.0065664201974868774 -0.006626629829406739 0.17119253158569336
v 0.005196149945259095 -0.008999999761581421 0.1718064308166504
v 0.0024556200206279754 -0.008999999761581421 0.17119253158569336
v 0.0 -0.008999999761581421 0.1710025978088379
v -0.0024556200206279754 -0.008999999761581421 0.17119253158569336
v -0.005196149945259095 -0.008999999761581421 0.1718064308166504
v -0.0065664201974868774 -0.006626629829406739 0.17119253158569336
v -0.007794229984283447 -0.0044999998807907105 0.1710025978088379
v -0.009022039771080017 -0.0023733699321746827 0.17119253158569336
usemtl Revestimento___Bruto__Verde_
f 1 2 2070
f 2070 2 3
f 2070 3 4
f 2070 4 2069
f 2069 4 5
f 2069 5 2068
f 2068 5 6
f 2068 6 7
f 2068 7 2067
f 2067 7 8
f 2067 8 2066
f 2066 8 9
f 2066 9 2065
f 2065 9 10
f 2065 10 2064
f 2064 10 11
f 2064 11 2063
f 2063 11 12
f 2063 12 2062
f 2062 12 13
f 2062 13 2061
f 2061 13 14
f 2061 14 2060
f 2060 14 15
f 2060 15 2059
f 2059 15 16
f 2059 16 2058
f 2058 16 17
f 2058 17 2057
f 2057 17 18
f 2057 18 2056
f 2056 18 19
f 2056 19 2055
f 2055 19 20
f 2055 20 2054
f 2054 20 21
f 2054 21 2053
f 2053 21 22
f 2053 22 2052
f 2052 22 23
f 2052 23 2051
f 2051 23 24
f 2051 24 2050
f 2050 24 25
f 2050 25 2049
f 2049 25 26
f 2049 26 2048
f 2048 26 27
f 2048 27 2047
f 2047 27 28
f 2047 28 2046
f 2046 28 29
f 2046 29 2045
f 2045 29 30
f 2045 30 2044
f 2044 30 31
f 2044 31 2043
f 2043 31 32
f 2043 32 2042
f 2042 32 33
f 2042 33 2041
f 2041 33 34
f 2041 34 2040
f 2040 34 35
f 2040 35 2039
f 2039 35 36
f 2039 36 2038
f 2038 36 37
f 2038 37 2037
f 2037 37 38
f 2037 38 2036
f 2036 38 39
f 2036 39 2035
f 2035 39 40
f 2035 40 2034
f 2034 40 41
f 2034 41 2033
f 2033 41 42
f 2033 42 2032
f 2032 42 43
f 2032 43 2031
f 2031 43 44
f 2031 44 2030
f 2030 44 45
f 2030 45 2029
f 2029 45 46
f 2029 46 2028
f 2028 46 47
f 2028 47 2027
f 2027 47 48
f 2027 48 2026
f 2026 48 49
f 2026 49 2025
f 2025 49 50
f 2025 50 2024
f 2024 50 51
f 2024 51 2023
f 2023 51 52
f 2023 52 2022
f 2022 52 53
f 2022 53 2021
f 2021 53 54
f 2021 54 2020
f 2020 54 55
f 2020 55 2019
f 2019 55 56
f 2019 56 2018
f 2018 56 57
f 2018 57 2017
f 2017 57 58
f 2017 58 2016
f 2016 58 59
f 2016 59 2015
f 2015 59 60
f 2015 60 2014
f 2014 60 61
f 2014 61 2013
f 2013 61 62
f 2013 62 2012
f 2012 62 63
f 2012 63 2011
f 2011 63 64
f 2011 64 2010
f 2010 64 65
f 2010 65 2009
f 2009 65 66
f 2009 66 2008
f 2008 66 67
f 2008 67 2007
f 2007 67 68
f 2007 68 2006
f 2006 68 69
f 2006 69 2005
f 2005 69 70
f 2005 70 2004
f 2004 70 71
f 2004 71 2003
f 2003 71 72
f 2003 72 2002
f 2002 72 73
f 2002 73 2001
f 2001 73 74
f 2001 74 2000
f 2000 74 75
f 2000 75 1999
f 1999 75 76
f 1999 76 1998
f 1998 76 77
f 1998 77 1997
f 1997 77 78
f 1997 78 1996
f 1996 78 79
f 1996 79 1995
f 1995 79 80
f 1995 80 1994
f 1994 80 81
f 1994 81 1993
f 1993 81 82
f 1993 82 1992
f 1992 82 83
f 1992 83 1991
f 1991 83 84
f 1991 84 1990
f 1990 84 85
f 1990 85 1989
f 1989 85 86
f 1989 86 1988
f 1988 86 87
f 1988 87 1987
f 1987 87 88
f 1987 88 1986
f 1986 88 89
f 1986 89 1985
f 1985 89 90
f 1985 90 1984
f 1984 90 91
f 1984 91 1983
f 1983 91 92
f 1983 92 1982
f 1982 92 93
f 1982 93 1981
f 1981 93 94
f 1981 94 1980
f 1980 94 95
f 1980 95 1979
f 1979 95 96
f 1979 96 1978
f 1978 96 97
f 1978 97 1977
f 1977 97 98
f 1977 98 1976
f 1976 98 99
f 1976 99 1975
f 1975 99 100
f 1975 100 1974
f 1974 100 101
f 1974 101 1973
f 1973 101 102
f 1973 102 1972
f 1972 102 103
f 1972 103 1971
f 1971 103 104
f 1971 104 1970
f 1970 104 105
f 1970 105 1969
f 1969 105 106
f 1969 106 1968
f 1968 106 107
f 1968 107 1967
f 1967 107 108
f 1967 108 1966
f 1966 108 109
f 1966 109 1965
f 1965 109 110
f 1965 110 1964
f 1964 110 111
f 1964 111 1963
f 1963 111 112
f 1963 112 1962
f 1962 112 113
f 1962 113 1961
f 1961 113 114
f 1961 114 1960
f 1960 114 115
f 1960 115 1959
f 1959 115 116
f 1959 116 1958
f 1958 116 117
f 1958 117 1957
f 1957 117 118
f 1957 118 1956
f 1956 118 119
f 1956 119 1955
f 1955 119 120
f 1955 120 1954
f 1954 120 121
f 1954 121 1953
f 1953 121 122
f 1953 122 1952
f 1952 122 123
f 1952 123 1951
f 1951 123 124
f 1951 124 1950
f 1950 124 125
f 1950 125 1949
f 1949 125 126
f 1949 126 1948
f 1948 126 127
f 1948 127 1947
f 1947 127 128
f 1947 128 1946
f 1946 128 129
f 1946 129 1945
f 1945 129 130
f 1945 130 1944
f 1944 130 131
f 1944 131 1943
f 1943 131 132
f 1943 132 1942
f 1942 132 133
f 1942 133 1941
f 1941 133 134
f 1941 134 1940
f 1940 134 135
f 1940 135 1939
f 1939 135 136
f 1939 136 1938
f 1938 136 137
f 1938 137 1937
f 1937 137 138
f 1937 138 1936
f 1936 138 139
f 1936 139 1935
f 1935 139 140
f 1935 140 1934
f 1934 140 141
f 1934 141 1933
f 1933 141 142
f 1933 142 1932
f 1932 142 143
f 1932 143 1931
f 1931 143 144
f 1931 144 1930
f 1930 144 145
f 1930 145 1929
f 1929 145 146
f 1929 146 1928
f 1928 146 147
f 1928 147 1927
f 1927 147 148
f 1927 148 1926
f 1926 148 149
f 1926 149 1925
f 1925 149 150
f 1925 150 1924
f 1924 150 151
f 1924 151 1923
f 1923 151 152
f 1923 152 1922
f 1922 152 153
f 1922 153 1921
f 1921 153 154
f 1921 154 1920
f 1920 154 155
f 1920 155 1919
f 1919 155 156
f 1919 156 1918
f 1918 156 157
f 1918 157 1917
f 1917 157 158
f 1917 158 1916
f 1916 158 159
f 1916 159 1915
f 1915 159 160
f 1915 160 1914
f 1914 160 161
f 1914 161 1913
f 1913 161 162
f 1913 162 1912
f 1912 162 163
f 1912 163 1911
f 1911 163 164
f 1911 164 1910
f 1910 164 165
f 1910 165 1909
f 1909 165 166
f 1909 166 1908
f 1908 166 167
f 1908 167 1907
f 1907 167 168
f 1907 168 1906
f 1906 168 169
f 1906 169 1905
f 1905 169 170
f 1905 170 1904
f 1904 170 171
f 1904 171 1903
f 1903 171 172
f 1903 172 1902
f 1902 172 173
f 1902 173 1901
f 1901 173 174
f 1901 174 1900
f 1900 174 175
f 1900 175 1899
f 1899 175 176
f 1899 176 1898
f 1898 176 177
f 1898 177 1897
f 1897 177 178
f 1897 178 1896
f 1896 178 179
f 1896 179 1895
f 1895 179 180
f 1895 180 1894
f 1894 180 181
f 1894 181 1893
f 1893 181 182
f 1893 182 1892
f 1892 182 183
f 1892 183 1891
f 1891 183 184
f 1891 184 1890
f 1890 184 185
f 1890 185 1889
f 1889 185 186
f 1889 186 1888
f 1888 186 187
f 1888 187 1887
f 1887 187 188
f 1887 188 1886
f 1886 188 189
f 1886 189 1885
f 1885 189 190
f 1885 190 1884
f 1884 190 191
f 1884 191 1883
f 1883 191 192
f 1883 192 1882
f 1882 192 193
f 1882 193 1881
f 1881 193 194
f 1881 194 1880
f 1880 194 195
f 1880 195 1879
f 1879 195 196
f 1879 196 1878
f 1878 196 197
f 1878 197 1877
f 1877 197 198
f 1877 198 1876
f 1876 198 199
f 1876 199 1875
f 1875 199 200
f 1875 200 1874
f 1874 200 201
f 1874 201 1873
f 1873 201 202
f 1873 202 1872
f 1872 202 203
f 1872 203 1871
f 1871 203 204
f 1871 204 1870
f 1870 204 205
f 1870 205 1869
f 1869 205 206
f 1869 206 1868
f 1868 206 207
f 1868 207 1867
f 1867 207 208
f 1867 208 1866
f 1866 208 209
f 1866 209 1865
f 1865 209 210
f 1865 210 1864
f 1864 210 211
f 1864 211 1863
f 1863 211 212
f 1863 212 1862
f 1862 212 213
f 1862 213 1861
f 1861 213 214
f 1861 214 1860
f 1860 214 215
f 1860 215 1859
f 1859 215 216
f 1859 216 1858
f 1858 216 217
f 1858 217 1857
f 1857 217 218
f 1857 218 1856
f 1856 218 219
f 1856 219 1855
f 1855 219 220
f 1855 220 1854
f 1854 220 221
f 1854 221 1853
f 1853 221 222
f 1853 222 1852
f 1852 222 223
f 1852 223 1851
f 1851 223 224
f 1851 224 1850
f 1850 224 225
f 1850 225 1849
f 1849 225 226
f 1849 226 1848
f 1848 226 227
f 1848 227 1847
f 1847 227 228
f 1847 228 1846
f 1846 228 229
f 1846 229 1845
f 1845 229 230
f 1845 230 1844
f 1844 230 231
f 1844 231 1843
f 1843 231 232
f 1843 232 1842
f 1842 232 233
f 1842 233 1841
f 1841 233 234
f 1841 234 1840
f 1840 234 235
f 1840 235 1839
f 1839 235 236
f 1839 236 1838
f 1838 236 237
f 1838 237 1837
f 1837 237 238
f 1837 238 1836
f 1836 238 239
f 1836 239 1835
f 1835 239 240
f 1835 240 1834
f 1834 240 241
f 1834 241 1833
f 1833 241 242
f 1833 242 1832
f 1832 242 243
f 1832 243 1831
f 1831 243 244
f 1831 244 1830
f 1830 244 245
f 1830 245 1829
f 1829 245 246
f 1829 246 1828
f 1828 246 247
f 1828 247 1827
f 1827 247 248
f 1827 248 1826
f 1826 248 249
f 1826 249 1825
f 1825 249 250
f 1825 250 1824
f 1824 250 251
f 1824 251 1823
f 1823 251 252
f 1823 252 1822
f 1822 252 253
f 1822 253 1821
f 1821 253 254
f 1821 254 1820
f 1820 254 255
f 1820 255 1819
f 1819 255 256
f 1819 256 1818
f 1818 256 257
f 1818 257 1817
f 1817 257 258
f 1817 258 1816
f 1816 258 259
f 1816 259 1815
f 1815 259 260
f 1815 260 1814
f 1814 260 261
f 1814 261 1813
f 1813 261 262
f 1813 262 1812
f 1812 262 263
f 1812 263 1811
f 1811 263 264
f 1811 264 1810
f 1810 264 265
f 1810 265 1809
f 1809 265 266
f 1809 266 1808
f 1808 266 267
f 1808 267 1807
f 1807 267 268
f 1807 268 1806
f 1806 268 269
f 1806 269 1805
f 1805 269 270
f 1805 270 1804
f 1804 270 271
f 1804 271 1803
f 1803 271 272
f 1803 272 1802
f 1802 272 273
f 1802 273 1801
f 1801 273 274
f 1801 274 1800
f 1800 274 275
f 1800 275 1799
f 1799 275 276
f 1799 276 1798
f 1798 276 277
f 1798 277 1797
f 1797 277 278
f 1797 278 1796
f 1796 278 279
f 1796 279 1795
f 1795 279 280
f 1795 280 1794
f 1794 280 281
f 1794 281 1793
f 1793 281 282
f 1793 282 1792
f 1792 282 283
f 1792 283 1791
f 1791 283 284
f 1791 284 1790
f 1790 284 285
f 1790 285 1789
f 1789 285 286
f 1789 286 1788
f 1788 286 287
f 1788 287 1787
f 1787 287 288
f 1787 288 1786
f 1786 288 289
f 1786 289 1785
f 1785 289 290
f 1785 290 1784
f 1784 290 291
f 1784 291 1783
f 1783 291 292
f 1783 292 1782
f 1782 292 293
f 1782 293 1781
f 1781 293 294
f 1781 294 1780
f 1780 294 295
f 1780 295 1779
f 1779 295 296
f 1779 296 1778
f 1778 296 297
f 1778 297 1777
f 1777 297 298
f 1777 298 1776
f 1776 298 299
f 1776 299 1775
f 1775 299 300
f 1775 300 1774
f 1774 300 301
f 1774 301 1773
f 1773 301 302
f 1773 302 1772
f 1772 302 303
f 1772 303 1771
f 1771 303 304
f 1771 304 1770
f 1770 304 305
f 1770 305 1769
f 1769 305 306
f 1769 306 1768
f 1768 306 307
f 1768 307 1767
f 1767 307 308
f 1767 308 1766
f 1766 308 309
f 1766 309 1765
f 1765 309 310
f 1765 310 1764
f 1764 310 311
f 1764 311 1763
f 1763 311 312
f 1763 312 1762
f 1762 312 313
f 1762 313 1761
f 1761 313 314
f 1761 314 1760
f 1760 314 315
f 1760 315 1759
f 1759 315 316
f 1759 316 1758
f 1758 316 317
f 1758 317 1757
f 1757 317 318
f 1757 318 1756
f 1756 318 319
f 1756 319 1755
f 1755 319 320
f 1755 320 1754
f 1754 320 321
f 1754 321 1753
f 1753 321 322
f 1753 322 1752
f 1752 322 323
f 1752 323 1751
f 1751 323 324
f 1751 324 1750
f 1750 324 325
f 1750 325 1749
f 1749 325 326
f 1749 326 1748
f 1748 326 327
f 1748 327 1747
f 1747 327 328
f 1747 328 1746
f 1746 328 329
f 1746 329 1745
f 1745 329 330
f 1745 330 1744
f 1744 330 331
f 1744 331 1743
f 1743 331 332
f 1743 332 1742
f 1742 332 333
f 1742 333 1741
f 1741 333 334
f 1741 334 1740
f 1740 334 335
f 1740 335 1739
f 1739 335 336
f 1739 336 1738
f 1738 336 337
f 1738 337 1737
f 1737 337 338
f 1737 338 1736
f 1736 338 339
f 1736 339 1735
f 1735 339 340
f 1735 340 1734
f 1734 340 341
f 1734 341 1733
f 1733 341 342
f 1733 342 1732
f 1732 342 343
f 1732 343 1731
f 1731 343 344
f 1731 344 1730
f 1730 344 345
f 1730 345 1729
f 1729 345 346
f 1729 346 1728
f 1728 346 347
f 1728 347 1727
f 1727 347 348
f 1727 348 1726
f 1726 348 349
f 1726 349 1725
f 1725 349 350
f 1725 350 1724
f 1724 350 351
f 1724 351 1723
f 1723 351 352
f 1723 352 1722
f 1722 352 353
f 1722 353 1721
f 1721 353 354
f 1721 354 1720
f 1720 354 355
f 1720 355 1719
f 1719 355 356
f 1719 356 1718
f 1718 356 357
f 1718 357 1717
f 1717 357 358
f 1717 358 1716
f 1716 358 359
f 1716 359 1715
f 1715 359 360
f 1715 360 1714
f 1714 360 361
f 1714 361 1713
f 1713 361 362
f 1713 362 1712
f 1712 362 363
f 1712 363 1711
f 1711 363 364
f 1711 364 1710
f 1710 364 365
f 1710 365 1709
f 1709 365 366
f 1709 366 1708
f 1708 366 367
f 1708 367 1707
f 1707 367 368
f 1707 368 1706
f 1706 368 369
f 1706 369 1705
f 1705 369 370
f 1705 370 1704
f 1704 370 371
f 1704 371 1703
f 1703 371 372
f 1703 372 1702
f 1702 372 373
f 1702 373 1701
f 1701 373 374
f 1701 374 1700
f 1700 374 375
f 1700 375 1699
f 1699 375 376
f 1699 376 1698
f 1698 376 377
f 1698 377 1697
f 1697 377 378
f 1697 378 1696
f 1696 378 379
f 1696 379 1695
f 1695 379 380
f 1695 380 1694
f 1694 380 381
f 1694 381 1693
f 1693 381 382
f 1693 382 1692
f 1692 382 383
f 1692 383 1691
f 1691 383 384
f 1691 384 1690
f 1690 384 385
f 1690 385 1689
f 1689 385 386
f 1689 386 1688
f 1688 386 387
f 1688 387 1687
f 1687 387 388
f 1687 388 1686
f 1686 388 389
f 1686 389 1685
f 1685 389 390
f 1685 390 1684
f 1684 390 391
f 1684 391 1683
f 1683 391 392
f 1683 392 1682
f 1682 392 393
f 1682 393 1681
f 1681 393 394
f 1681 394 1680
f 1680 394 395
f 1680 395 1679
f 1679 395 396
f 1679 396 1678
f 1678 396 397
f 1678 397 1677
f 1677 397 398
f 1677 398 1676
f 1676 398 399
f 1676 399 1675
f 1675 399 400
f 1675 400 1674
f 1674 400 401
f 1674 401 1673
f 1673 401 402
f 1673 402 1672
f 1672 402 403
f 1672 403 1671
f 1671 403 404
f 1671 404 1670
f 1670 404 405
f 1670 405 1669
f 1669 405 406
f 1669 406 1668
f 1668 406 407
f 1668 407 1667
f 1667 407 408
f 1667 408 1666
f 1666 408 409
f 1666 409 1665
f 1665 409 410
f 1665 410 1664
f 1664 410 411
f 1664 411 1663
f 1663 411 412
f 1663 412 1662
f 1662 412 413
f 1662 413 1661
f 1661 413 414
f 1661 414 1660
f 1660 414 415
f 1660 415 1659
f 1659 415 416
f 1659 416 1658
f 1658 416 417
f 1658 417 1657
f 1657 417 418
f 1657 418 1656
f 1656 418 419
f 1656 419 1655
f 1655 419 420
f 1655 420 1654
f 1654 420 421
f 1654 421 1653
f 1653 421 422
f 1653 422 1652
f 1652 422 423
f 1652 423 1651
f 1651 423 424
f 1651 424 1650
f 1650 424 425
f 1650 425 1649
f 1649 425 426
f 1649 426 1648
f 1648 426 427
f 1648 427 1647
f 1647 427 428
f 1647 428 1646
f 1646 428 429
f 1646 429 1645
f 1645 429 430
f 1645 430 1644
f 1644 430 431
f 1644 431 1643
f 1643 431 432
f 1643 432 1642
f 1642 432 433
f 1642 433 1641
f 1641 433 434
f 1641 434 1640
f 1640 434 435
f 1640 435 1639
f 1639 435 436
f 1639 436 1638
f 1638 436 437
f 1638 437 1637
f 1637 437 438
f 1637 438 1636
f 1636 438 439
f 1636 439 1635
f 1635 439 440
f 1635 440 1634
f 1634 440 441
f 1634 441 1633
f 1633 441 442
f 1633 442 1632
f 1632 442 443
f 1632 443 1631
f 1631 443 444
f 1631 444 1630
f 1630 444 445
f 1630 445 1629
f 1629 445 446
f 1629 446 1628
f 1628 446 447
f 1628 447 1627
f 1627 447 448
f 1627 448 1626
f 1626 448 449
f 1626 449 1625
f 1625 449 450
f 1625 450 1624
f 1624 450 451
f 1624 451 1623
f 1623 451 452
f 1623 452 1622
f 1622 452 453
f 1622 453 1621
f 1621 453 454
f 1621 454 1620
f 1620 454 455
f 1620 455 1619
f 1619 455 456
f 1619 456 1618
f 1618 456 457
f 1618 457 1617
f 1617 457 458
f 1617 458 1616
f 1616 458 459
f 1616 459 1615
f 1615 459 460
f 1615 460 1614
f 1614 460 461
f 1614 461 1613
f 1613 461 462
f 1613 462 1612
f 1612 462 463
f 1612 463 1611
f 1611 463 464
f 1611 464 1610
f 1610 464 465
f 1610 465 1609
f 1609 465 466
f 1609 466 1608
f 1608 466 467
f 1608 467 1607
f 1607 467 468
f 1607 468 1606
f 1606 468 469
f 1606 469 1605
f 1605 469 470
f 1605 470 1604
f 1604 470 471
f 1604 471 1603
f 1603 471 472
f 1603 472 1602
f 1602 472 473
f 1602 473 1601
f 1601 473 474
f 1601 474 1600
f 1600 474 475
f 1600 475 1599
f 1599 475 476
f 1599 476 1598
f 1598 476 477
f 1598 477 1597
f 1597 477 478
f 1597 478 1596
f 1596 478 479
f 1596 479 1595
f 1595 479 480
f 1595 480 1594
f 1594 480 481
f 1594 481 1593
f 1593 481 482
f 1593 482 1592
f 1592 482 483
f 1592 483 1591
f 1591 483 484
f 1591 484 1590
f 1590 484 485
f 1590 485 1589
f 1589 485 486
f 1589 486 1588
f 1588 486 487
f 1588 487 1587
f 1587 487 488
f 1587 488 1586
f 1586 488 489
f 1586 489 1585
f 1585 489 490
f 1585 490 1584
f 1584 490 491
f 1584 491 1583
f 1583 491 492
f 1583 492 1582
f 1582 492 493
f 1582 493 1581
f 1581 493 494
f 1581 494 1580
f 1580 494 495
f 1580 495 1579
f 1579 495 496
f 1579 496 1578
f 1578 496 497
f 1578 497 1577
f 1577 497 498
f 1577 498 1576
f 1576 498 499
f 1576 499 1575
f 1575 499 500
f 1575 500 1574
f 1574 500 501
f 1574 501 1573
f 1573 501 502
f 1573 502 1572
f 1572 502 503
f 1572 503 1571
f 1571 503 504
f 1571 504 1570
f 1570 504 505
f 1570 505 1569
f 1569 505 506
f 1569 506 1568
f 1568 506 507
f 1568 507 1567
f 1567 507 508
f 1567 508 1566
f 1566 508 509
f 1566 509 1565
f 1565 509 510
f 1565 510 1564
f 1564 510 511
f 1564 511 1563
f 1563 511 512
f 1563 512 1562
f 1562 512 513
f 1562 513 1561
f 1561 513 514
f 1561 514 1560
f 1560 514 515
f 1560 515 1559
f 1559 515 516
f 1559 516 1558
f 1558 516 517
f 1558 517 1557
f 1557 517 518
f 1557 518 1556
f 1556 518 519
f 1556 519 1555
f 1555 519 520
f 1555 520 1554
f 1554 520 521
f 1554 521 1553
f 1553 521 522
f 1553 522 1552
f 1552 522 523
f 1552 523 1551
f 1551 523 524
f 1551 524 1550
f 1550 524 525
f 1550 525 1549
f 1549 525 526
f 1549 526 1548
f 1548 526 527
f 1548 527 1547
f 1547 527 528
f 1547 528 1546
f 1546 528 529
f 1546 529 1545
f 1545 529 530
f 1545 530 1544
f 1544 530 531
f 1544 531 1543
f 1543 531 532
f 1543 532 1542
f 1542 532 533
f 1542 533 1541
f 1541 533 534
f 1541 534 1540
f 1540 534 535
f 1540 535 1539
f 1539 535 536
f 1539 536 1538
f 1538 536 537
f 1538 537 1537
f 1537 537 538
f 1537 538 1536
f 1536 538 539
f 1536 539 1535
f 1535 539 540
f 1535 540 1534
f 1534 540 541
f 1534 541 1533
f 1533 541 542
f 1533 542 1532
f 1532 542 543
f 1532 543 1531
f 1531 543 544
f 1531 544 1530
f 1530 544 545
f 1530 545 1529
f 1529 545 546
f 1529 546 1528
f 1528 546 547
f 1528 547 1527
f 1527 547 548
f 1527 548 1526
f 1526 548 549
f 1526 549 1525
f 1525 549 550
f 1525 550 1524
f 1524 550 551
f 1524 551 1523
f 1523 551 552
f 1523 552 1522
f 1522 552 553
f 1522 553 1521
f 1521 553 554
f 1521 554 1520
f 1520 554 555
f 1520 555 1519
f 1519 555 556
f 1519 556 1518
f 1518 556 557
f 1518 557 1517
f 1517 557 558
f 1517 558 1516
f 1516 558 559
f 1516 559 1515
f 1515 559 560
f 1515 560 1514
f 1514 560 561
f 1514 561 1513
f 1513 561 562
f 1513 562 1512
f 1512 562 563
f 1512 563 1511
f 1511 563 564
f 1511 564 1510
f 1510 564 565
f 1510 565 1509
f 1509 565 566
f 1509 566 1508
f 1508 566 567
f 1508 567 1507
f 1507 567 568
f 1507 568 1506
f 1506 568 569
f 1506 569 1505
f 1505 569 570
f 1505 570 1504
f 1504 570 571
f 1504 571 1503
f 1503 571 572
f 1503 572 1502
f 1502 572 573
f 1502 573 1501
f 1501 573 574
f 1501 574 1500
f 1500 574 575
f 1500 575 1499
f 1499 575 576
f 1499 576 1498
f 1498 576 577
f 1498 577 1497
f 1497 577 578
f 1497 578 1496
f 1496 578 579
f 1496 579 1495
f 1495 579 580
f 1495 580 1494
f 1494 580 581
f 1494 581 1493
f 1493 581 582
f 1493 582 1492
f 1492 582 583
f 1492 583 1491
f 1491 583 584
f 1491 584 1490
f 1490 584 585
f 1490 585 1489
f 1489 585 586
f 1489 586 1488
f 1488 586 587
f 1488 587 1487
f 1487 587 588
f 1487 588 1486
f 1486 588 589
f 1486 589 1485
f 1485 589 590
f 1485 590 1484
f 1484 590 591
f 1484 591 1483
f 1483 591 592
f 1483 592 1482
f 1482 592 593
f 1482 593 1481
f 1481 593 594
f 1481 594 1480
f 1480 594 595
f 1480 595 1479
f 1479 595 596
f 1479 596 1478
f 1478 596 597
f 1478 597 1477
f 1477 597 598
f 1477 598 1476
f 1476 598 599
f 1476 599 1475
f 1475 599 600
f 1475 600 1474
f 1474 600 601
f 1474 601 1473
f 1473 601 602
f 1473 602 1472
f 1472 602 603
f 1472 603 1471
f 1471 603 604
f 1471 604 1470
f 1470 604 605
f 1470 605 1469
f 1469 605 606
f 1469 606 1468
f 1468 606 607
f 1468 607 1467
f 1467 607 608
f 1467 608 1466
f 1466 608 609
f 1466 609 1465
f 1465 609 610
f 1465 610 1464
f 1464 610 611
f 1464 611 1463
f 1463 611 612
f 1463 612 1462
f 1462 612 613
f 1462 613 1461
f 1461 613 614
f 1461 614 1460
f 1460 614 615
f 1460 615 1459
f 1459 615 616
f 1459 616 1458
f 1458 616 617
f 1458 617 1457
f 1457 617 618
f 1457 618 1456
f 1456 618 619
f 1456 619 1455
f 1455 619 620
f 1455 620 1454
f 1454 620 621
f 1454 621 1453
f 1453 621 622
f 1453 622 1452
f 1452 622 623
f 1452 623 1451
f 1451 623 624
f 1451 624 1450
f 1450 624 625
f 1450 625 1449
f 1449 625 626
f 1449 626 1448
f 1448 626 627
f 1448 627 1447
f 1447 627 628
f 1447 628 1446
f 1446 628 629
f 1446 629 1445
f 1445 629 630
f 1445 630 1444
f 1444 630 631
f 1444 631 1443
f 1443 631 632
f 1443 632 1442
f 1442 632 633
f 1442 633 1441
f 1441 633 634
f 1441 634 1440
f 1440 634 635
f 1440 635 1439
f 1439 635 636
f 1439 636 1438
f 1438 636 637
f 1438 637 1437
f 1437 637 638
f 1437 638 1436
f 1436 638 639
f 1436 639 1435
f 1435 639 640
f 1435 640 1434
f 1434 640 641
f 1434 641 1433
f 1433 641 642
f 1433 642 1432
f 1432 642 643
f 1432 643 1431
f 1431 643 644
f 1431 644 1430
f 1430 644 645
f 1430 645 1429
f 1429 645 646
f 1429 646 1428
f 1428 646 647
f 1428 647 1427
f 1427 647 648
f 1427 648 1426
f 1426 648 649
f 1426 649 1425
f 1425 649 650
f 1425 650 1424
f 1424 650 651
f 1424 651 1423
f 1423 651 652
f 1423 652 1422
f 1422 652 653
f 1422 653 1421
f 1421 653 654
f 1421 654 1420
f 1420 654 655
f 1420 655 1419
f 1419 655 656
f 1419 656 1418
f 1418 656 657
f 1418 657 1417
f 1417 657 658
f 1417 658 1416
f 1416 658 659
f 1416 659 1415
f 1415 659 660
f 1415 660 1414
f 1414 660 661
f 1414 661 1413
f 1413 661 662
f 1413 662 1412
f 1412 662 663
f 1412 663 1411
f 1411 663 664
f 1411 664 1410
f 1410 664 665
f 1410 665 1409
f 1409 665 666
f 1409 666 1408
f 1408 666 667
f 1408 667 1407
f 1407 667 668
f 1407 668 1406
f 1406 668 669
f 1406 669 1405
f 1405 669 670
f 1405 670 1404
f 1404 670 671
f 1404 671 1403
f 1403 671 672
f 1403 672 1402
f 1402 672 673
f 1402 673 1401
f 1401 673 674
f 1401 674 1400
f 1400 674 675
f 1400 675 1399
f 1399 675 676
f 1399 676 1398
f 1398 676 677
f 1398 677 1397
f 1397 677 678
f 1397 678 1396
f 1396 678 679
f 1396 679 1395
f 1395 679 680
f 1395 680 1394
f 1394 680 681
f 1394 681 1393
f 1393 681 682
f 1393 682 1392
f 1392 682 683
f 1392 683 1391
f 1391 683 684
f 1391 684 1390
f 1390 684 685
f 1390 685 1389
f 1389 685 686
f 1389 686 1388
f 1388 686 687
f 1388 687 1387
f 1387 687 688
f 1387 688 1386
f 1386 688 689
f 1386 689 1385
f 1385 689 690
f 1385 690 1384
f 1384 690 691
f 1384 691 1383
f 1383 691 692
f 1383 692 1382
f 1382 692 693
f 1382 693 1381
f 1381 693 694
f 1381 694 1380
f 1380 694 695
f 1380 695 1379
f 1379 695 696
f 1379 696 1378
f 1378 696 697
f 1378 697 1377
f 1377 697 698
f 1377 698 1376
f 1376 698 699
f 1376 699 1375
f 1375 699 700
f 1375 700 1374
f 1374 700 701
f 1374 701 1373
f 1373 701 702
f 1373 702 1372
f 1372 702 703
f 1372 703 1371
f 1371 703 704
f 1371 704 1370
f 1370 704 705
f 1370 705 1369
f 1369 705 706
f 1369 706 1368
f 1368 706 707
f 1368 707 1367
f 1367 707 708
f 1367 708 1366
f 1366 708 709
f 1366 709 1365
f 1365 709 710
f 1365 710 1364
f 1364 710 711
f 1364 711 1363
f 1363 711 712
f 1363 712 1362
f 1362 712 713
f 1362 713 1361
f 1361 713 714
f 1361 714 1360
f 1360 714 715
f 1360 715 1359
f 1359 715 716
f 1359 716 1358
f 1358 716 717
f 1358 717 1357
f 1357 717 718
f 1357 718 1356
f 1356 718 719
f 1356 719 1355
f 1355 719 720
f 1355 720 1354
f 1354 720 721
f 1354 721 1353
f 1353 721 722
f 1353 722 1352
f 1352 722 723
f 1352 723 1351
f 1351 723 724
f 1351 724 1350
f 1350 724 725
f 1350 725 1349
f 1349 725 726
f 1349 726 1348
f 1348 726 727
f 1348 727 1347
f 1347 727 728
f 1347 728 1346
f 1346 728 729
f 1346 729 1345
f 1345 729 730
f 1345 730 1344
f 1344 730 731
f 1344 731 1343
f 1343 731 732
f 1343 732 1342
f 1342 732 733
f 1342 733 1341
f 1341 733 734
f 1341 734 1340
f 1340 734 735
f 1340 735 1339
f 1339 735 736
f 1339 736 1338
f 1338 736 737
f 1338 737 1337
f 1337 737 738
f 1337 738 1336
f 1336 738 739
f 1336 739 1335
f 1335 739 740
f 1335 740 1334
f 1334 740 741
f 1334 741 1333
f 1333 741 742
f 1333 742 1332
f 1332 742 743
f 1332 743 1331
f 1331 743 744
f 1331 744 1330
f 1330 744 745
f 1330 745 1329
f 1329 745 746
f 1329 746 1328
f 1328 746 747
f 1328 747 1327
f 1327 747 748
f 1327 748 1326
f 1326 748 749
f 1326 749 1325
f 1325 749 750
f 1325 750 1324
f 1324 750 751
f 1324 751 1323
f 1323 751 752
f 1323 752 1322
f 1322 752 753
f 1322 753 1321
f 1321 753 754
f 1321 754 1320
f 1320 754 755
f 1320 755 1319
f 1319 755 756
f 1319 756 1318
f 1318 756 757
f 1318 757 1317
f 1317 757 758
f 1317 758 1316
f 1316 758 759
f 1316 759 1315
f 1315 759 760
f 1315 760 1314
f 1314 760 761
f 1314 761 1313
f 1313 761 762
f 1313 762 1312
f 1312 762 763
f 1312 763 1311
f 1311 763 764
f 1311 764 1310
f 1310 764 765
f 1310 765 1309
f 1309 765 766
f 1309 766 1308
f 1308 766 767
f 1308 767 1307
f 1307 767 768
f 1307 768 1306
f 1306 768 769
f 1306 769 1305
f 1305 769 770
f 1305 770 1304
f 1304 770 771
f 1304 771 1303
f 1303 771 772
f 1303 772 1302
f 1302 772 773
f 1302 773 1301
f 1301 773 774
f 1301 774 1300
f 1300 774 775
f 1300 775 1299
f 1299 775 776
f 1299 776 1298
f 1298 776 777
f 1298 777 1297
f 1297 777 778
f 1297 778 1296
f 1296 778 779
f 1296 779 1295
f 1295 779 780
f 1295 780 1294
f 1294 780 781
f 1294 781 1293
f 1293 781 782
f 1293 782 1292
f 1292 782 783
f 1292 783 1291
f 1291 783 784
f 1291 784 1290
f 1290 784 785
f 1290 785 1289
f 1289 785 786
f 1289 786 1288
f 1288 786 787
f 1288 787 1287
f 1287 787 788
f 1287 788 1286
f 1286 788 789
f 1286 789 1285
f 1285 789 790
f 1285 790 1284
f 1284 790 791
f 1284 791 1283
f 1283 791 792
f 1283 792 1282
f 1282 792 793
f 1282 793 1281
f 1281 793 794
f 1281 794 1280
f 1280 794 795
f 1280 795 1279
f 1279 795 796
f 1279 796 1278
f 1278 796 797
f 1278 797 1277
f 1277 797 798
f 1277 798 1276
f 1276 798 799
f 1276 799 1275
f 1275 799 800
f 1275 800 1274
f 1274 800 801
f 1274 801 1273
f 1273 801 802
f 1273 802 1272
f 1272 802 803
f 1272 803 1271
f 1271 803 804
f 1271 804 1270
f 1270 804 805
f 1270 805 1269
f 1269 805 806
f 1269 806 1268
f 1268 806 807
f 1268 807 1267
f 1267 807 808
f 1267 808 1266
f 1266 808 809
f 1266 809 1265
f 1265 809 810
f 1265 810 1264
f 1264 810 811
f 1264 811 1263
f 1263 811 812
f 1263 812 1262
f 1262 812 813
f 1262 813 1261
f 1261 813 814
f 1261 814 1260
f 1260 814 815
f 1260 815 1259
f 1259 815 816
f 1259 816 1258
f 1258 816 817
f 1258 817 1257
f 1257 817 818
f 1257 818 1256
f 1256 818 819
f 1256 819 1255
f 1255 819 820
f 1255 820 1254
f 1254 820 821
f 1254 821 1253
f 1253 821 822
f 1253 822 1252
f 1252 822 823
f 1252 823 1251
f 1251 823 824
f 1251 824 1250
f 1250 824 825
f 1250 825 1249
f 1249 825 826
f 1249 826 1248
f 1248 826 827
f 1248 827 1247
f 1247 827 828
f 1247 828 1246
f 1246 828 829
f 1246 829 1245
f 1245 829 830
f 1245 830 1244
f 1244 830 831
f 1244 831 1243
f 1243 831 832
f 1243 832 1242
f 1242 832 833
f 1242 833 1241
f 1241 833 834
f 1241 834 1240
f 1240 834 835
f 1240 835 1239
f 1239 835 836
f 1239 836 1238
f 1238 836 837
f 1238 837 1237
f 1237 837 838
f 1237 838 1236
f 1236 838 839
f 1236 839 1235
f 1235 839 840
f 1235 840 1234
f 1234 840 841
f 1234 841 1233
f 1233 841 842
f 1233 842 1232
f 1232 842 843
f 1232 843 1231
f 1231 843 844
f 1231 844 1230
f 1230 844 845
f 1230 845 1229
f 1229 845 846
f 1229 846 1228
f 1228 846 847
f 1228 847 1227
f 1227 847 848
f 1227 848 1226
f 1226 848 849
f 1226 849 1225
f 1225 849 850
f 1225 850 1224
f 1224 850 851
f 1224 851 1223
f 1223 851 852
f 1223 852 1222
f 1222 852 853
f 1222 853 1221
f 1221 853 854
f 1221 854 1220
f 1220 854 855
f 1220 855 1219
f 1219 855 856
f 1219 856 1218
f 1218 856 857
f 1218 857 1217
f 1217 857 858
f 1217 858 1216
f 1216 858 859
f 1216 859 1215
f 1215 859 860
f 1215 860 1214
f 1214 860 861
f 1214 861 1213
f 1213 861 862
f 1213 862 1212
f 1212 862 863
f 1212 863 1211
f 1211 863 864
f 1211 864 1210
f 1210 864 865
f 1210 865 1209
f 1209 865 866
f 1209 866 1208
f 1208 866 867
f 1208 867 1207
f 1207 867 868
f 1207 868 1206
f 1206 868 869
f 1206 869 1205
f 1205 869 870
f 1205 870 1204
f 1204 870 871
f 1204 871 1203
f 1203 871 872
f 1203 872 1202
f 1202 872 873
f 1202 873 1201
f 1201 873 874
f 1201 874 1200
f 1200 874 875
f 1200 875 1199
f 1199 875 876
f 1199 876 1198
f 1198 876 877
f 1198 877 1197
f 1197 877 878
f 1197 878 1196
f 1196 878 879
f 1196 879 1195
f 1195 879 880
f 1195 880 1194
f 1194 880 881
f 1194 881 1193
f 1193 881 882
f 1193 882 1192
f 1192 882 883
f 1192 883 1191
f 1191 883 884
f 1191 884 1190
f 1190 884 885
f 1190 885 1189
f 1189 885 886
f 1189 886 1188
f 1188 886 887
f 1188 887 1187
f 1187 887 888
f 1187 888 1186
f 1186 888 889
f 1186 889 1185
f 1185 889 890
f 1185 890 1184
f 1184 890 891
f 1184 891 1183
f 1183 891 892
f 1183 892 1182
f 1182 892 893
f 1182 893 1181
f 1181 893 894
f 1181 894 1180
f 1180 894 895
f 1180 895 1179
f 1179 895 896
f 1179 896 1178
f 1178 896 897
f 1178 897 1177
f 1177 897 898
f 1177 898 1176
f 1176 898 899
f 1176 899 1175
f 1175 899 900
f 1175 900 1174
f 1174 900 901
f 1174 901 1173
f 1173 901 902
f 1173 902 1172
f 1172 902 903
f 1172 903 1171
f 1171 903 904
f 1171 904 1170
f 1170 904 905
f 1170 905 1169
f 1169 905 906
f 1169 906 1168
f 1168 906 907
f 1168 907 1167
f 1167 907 908
f 1167 908 1166
f 1166 908 909
f 1166 909 1165
f 1165 909 910
f 1165 910 1164
f 1164 910 911
f 1164 911 1163
f 1163 911 912
f 1163 912 1162
f 1162 912 913
f 1162 913 1161
f 1161 913 914
f 1161 914 1160
f 1160 914 915
f 1160 915 1159
f 1159 915 916
f 1159 916 1158
f 1158 916 917
f 1158 917 1157
f 1157 917 918
f 1157 918 1156
f 1156 918 919
f 1156 919 1155
f 1155 919 920
f 1155 920 1154
f 1154 920 921
f 1154 921 1153
f 1153 921 922
f 1153 922 1152
f 1152 922 923
f 1152 923 1151
f 1151 923 924
f 1151 924 1150
f 1150 924 925
f 1150 925 1149
f 1149 925 926
f 1149 926 1148
f 1148 926 927
f 1148 927 1147
f 1147 927 928
f 1147 928 1146
f 1146 928 929
f 1146 929 1145
f 1145 929 930
f 1145 930 1144
f 1144 930 931
f 1144 931 1143
f 1143 931 932
f 1143 932 1142
f 1142 932 933
f 1142 933 1141
f 1141 933 934
f 1141 934 1140
f 1140 934 935
f 1140 935 1139
f 1139 935 936
f 1139 936 1138
f 1138 936 937
f 1138 937 1137
f 1137 937 938
f 1137 938 1136
f 1136 938 939
f 1136 939 1135
f 1135 939 940
f 1135 940 1134
f 1134 940 941
f 1134 941 1133
f 1133 941 942
f 1133 942 1132
f 1132 942 943
f 1132 943 1131
f 1131 943 944
f 1131 944 1130
f 1130 944 945
f 1130 945 1129
f 1129 945 946
f 1129 946 1128
f 1128 946 947
f 1128 947 1127
f 1127 947 948
f 1127 948 1126
f 1126 948 949
f 1126 949 1125
f 1125 949 950
f 1125 950 1124
f 1124 950 951
f 1124 951 1123
f 1123 951 952
f 1123 952 1122
f 1122 952 953
f 1122 953 1121
f 1121 953 954
f 1121 954 1120
f 1120 954 955
f 1120 955 1119
f 1119 955 956
f 1119 956 1118
f 1118 956 957
f 1118 957 1117
f 1117 957 958
f 1117 958 1116
f 1116 958 959
f 1116 959 1115
f 1115 959 960
f 1115 960 1114
f 1114 960 961
f 1114 961 1113
f 1113 961 962
f 1113 962 1112
f 1112 962 963
f 1112 963 1111
f 1111 963 964
f 1111 964 1110
f 1110 964 965
f 1110 965 1109
f 1109 965 966
f 1109 966 1108
f 1108 966 967
f 1108 967 1107
f 1107 967 968
f 1107 968 1106
f 1106 968 969
f 1106 969 1105
f 1105 969 970
f 1105 970 1104
f 1104 970 971
f 1104 971 1103
f 1103 971 972
f 1103 972 1102
f 1102 972 973
f 1102 973 1101
f 1101 973 974
f 1101 974 1100
f 1100 974 975
f 1100 975 1099
f 1099 975 976
f 1099 976 1098
f 1098 976 977
f 1098 977 1097
f 1097 977 978
f 1097 978 1096
f 1096 978 979
f 1096 979 1095
f 1095 979 980
f 1095 980 1094
f 1094 980 981
f 1094 981 1093
f 1093 981 982
f 1093 982 1092
f 1092 982 983
f 1092 983 1091
f 1091 983 984
f 1091 984 1090
f 1090 984 985
f 1090 985 1089
f 1089 985 986
f 1089 986 1088
f 1088 986 987
f 1088 987 1087
f 1087 987 988
f 1087 988 1086
f 1086 988 989
f 1086 989 1085
f 1085 989 990
f 1085 990 1084
f 1084 990 991
f 1084 991 1083
f 1083 991 992
f 1083 992 1082
f 1082 992 993
f 1082 993 1081
f 1081 993 994
f 1081 994 1080
f 1080 994 995
f 1080 995 1079
f 1079 995 996
f 1079 996 1078
f 1078 996 997
f 1078 997 1077
f 1077 997 998
f 1077 998 1076
f 1076 998 999
f 1076 999 1075
f 1075 999 1000
f 1075 1000 1074
f 1074 1000 1001
f 1074 1001 1073
f 1073 1001 1002
f 1073 1002 1072
f 1072 1002 1003
f 1072 1003 1071
f 1071 1003 1004
f 1071 1004 1070
f 1070 1004 1005
f 1070 1005 1069
f 1069 1005 1006
f 1069 1006 1068
f 1068 1006 1007
f 1068 1007 1067
f 1067 1007 1008
f 1067 1008 1066
f 1066 1008 1009
f 1066 1009 1065
f 1065 1009 1010
f 1065 1010 1064
f 1064 1010 1011
f 1064 1011 1063
f 1063 1011 1012
f 1063 1012 1062
f 1062 1012 1013
f 1062 1013 1061
f 1061 1013 1014
f 1061 1014 1060
f 1060 1014 1015
f 1060 1015 1059
f 1059 1015 1016
f 1059 1016 1058
f 1058 1016 1017
f 1058 1017 1057
f 1057 1017 1018
f 1057 1018 1056
f 1056 1018 1019
f 1056 1019 1055
f 1055 1019 1020
f 1055 1020 1054
f 1054 1020 1021
f 1054 1021 1053
f 1053 1021 1022
f 1053 1022 1052
f 1052 1022 1023
f 1052 1023 1051
f 1051 1023 1024
f 1051 1024 1050
f 1050 1024 1025
f 1050 1025 1049
f 1049 1025 1026
f 1049 1026 1048
f 1048 1026 1027
f 1048 1027 1047
f 1047 1027 1028
f 1047 1028 1046
f 1046 1028 1045
f 1045 1028 1029
f 1045 1029 1044
f 1044 1029 1043
f 1043 1029 1030
f 1043 1030 1042
f 1042 1030 1031
f 1042 1031 1041
f 1041 1031 1040
f 1040 1031 1032
f 1040 1032 1039
f 1039 1032 1033
f 1039 1033 1038
f 1038 1033 1034
f 1038 1034 1037
f 1037 1034 1035
f 1037 1035 1036
f 2071 2072 3103
f 3103 2072 3102
f 3102 2072 2073
f 3102 2073 3101
f 3101 2073 2074
f 3101 2074 3100
f 3100 2074 2075
f 3100 2075 3099
f 3099 2075 1
f 3099 1 3098
f 3098 1 2070
f 3098 2070 3097
f 3097 2070 2069
f 3097 2069 3096
f 3096 2069 2068
f 3096 2068 3095
f 3095 2068 2067
f 3095 2067 3094
f 3094 2067 2066
f 3094 2066 3093
f 3093 2066 2065
f 3093 2065 3092
f 3092 2065 2064
f 3092 2064 3091
f 3091 2064 2063
f 3091 2063 3090
f 3090 2063 2062
f 3090 2062 3089
f 3089 2062 2061
f 3089 2061 3088
f 3088 2061 2060
f 3088 2060 3087
f 3087 2060 2059
f 3087 2059 3086
f 3086 2059 2058
f 3086 2058 3085
f 3085 2058 2057
f 3085 2057 3084
f 3084 2057 2056
f 3084 2056 3083
f 3083 2056 2055
f 3083 2055 3082
f 3082 2055 2054
f 3082 2054 3081
f 3081 2054 2053
f 3081 2053 3080
f 3080 2053 2052
f 3080 2052 3079
f 3079 2052 2051
f 3079 2051 3078
f 3078 2051 2050
f 3078 2050 3077
f 3077 2050 2049
f 3077 2049 3076
f 3076 2049 2048
f 3076 2048 3075
f 3075 2048 2047
f 3075 2047 3074
f 3074 2047 2046
f 3074 2046 3073
f 3073 2046 2045
f 3073 2045 3072
f 3072 2045 2044
f 3072 2044 3071
f 3071 2044 2043
f 3071 2043 3070
f 3070 2043 2042
f 3070 2042 3069
f 3069 2042 2041
f 3069 2041 3068
f 3068 2041 2040
f 3068 2040 3067
f 3067 2040 2039
f 3067 2039 3066
f 3066 2039 2038
f 3066 2038 3065
f 3065 2038 2037
f 3065 2037 3064
f 3064 2037 2036
f 3064 2036 3063
f 3063 2036 2035
f 3063 2035 3062
f 3062 2035 2034
f 3062 2034 3061
f 3061 2034 2033
f 3061 2033 3060
f 3060 2033 2032
f 3060 2032 3059
f 3059 2032 2031
f 3059 2031 3058
f 3058 2031 2030
f 3058 2030 3057
f 3057 2030 2029
f 3057 2029 3056
f 3056 2029 2028
f 3056 2028 3055
f 3055 2028 2027
f 3055 2027 3054
f 3054 2027 2026
f 3054 2026 3053
f 3053 2026 2025
f 3053 2025 3052
f 3052 2025 2024
f 3052 2024 3051
f 3051 2024 2023
f 3051 2023 3050
f 3050 2023 2022
f 3050 2022 3049
f 3049 2022 2021
f 3049 2021 3048
f 3048 2021 2020
f 3048 2020 3047
f 3047 2020 2019
f 3047 2019 3046
f 3046 2019 2018
f 3046 2018 3045
f 3045 2018 2017
f 3045 2017 3044
f 3044 2017 2016
f 3044 2016 3043
f 3043 2016 2015
f 3043 2015 3042
f 3042 2015 2014
f 3042 2014 3041
f 3041 2014 2013
f 3041 2013 3040
f 3040 2013 2012
f 3040 2012 3039
f 3039 2012 2011
f 3039 2011 3038
f 3038 2011 2010
f 3038 2010 3037
f 3037 2010 2009
f 3037 2009 3036
f 3036 2009 2008
f 3036 2008 3035
f 3035 2008 2007
f 3035 2007 3034
f 3034 2007 2006
f 3034 2006 3033
f 3033 2006 2005
f 3033 2005 3032
f 3032 2005 2004
f 3032 2004 3031
f 3031 2004 2003
f 3031 2003 3030
f 3030 2003 2002
f 3030 2002 3029
f 3029 2002 2001
f 3029 2001 3028
f 3028 2001 2000
f 3028 2000 3027
f 3027 2000 1999
f 3027 1999 3026
f 3026 1999 1998
f 3026 1998 3025
f 3025 1998 1997
f 3025 1997 3024
f 3024 1997 1996
f 3024 1996 3023
f 3023 1996 1995
f 3023 1995 3022
f 3022 1995 1994
f 3022 1994 3021
f 3021 1994 1993
f 3021 1993 3020
f 3020 1993 1992
f 3020 1992 3019
f 3019 1992 1991
f 3019 1991 3018
f 3018 1991 1990
f 3018 1990 3017
f 3017 1990 1989
f 3017 1989 3016
f 3016 1989 1988
f 3016 1988 3015
f 3015 1988 1987
f 3015 1987 3014
f 3014 1987 1986
f 3014 1986 3013
f 3013 1986 1985
f 3013 1985 3012
f 3012 1985 1984
f 3012 1984 3011
f 3011 1984 1983
f 3011 1983 3010
f 3010 1983 1982
f 3010 1982 3009
f 3009 1982 1981
f 3009 1981 3008
f 3008 1981 1980
f 3008 1980 3007
f 3007 1980 1979
f 3007 1979 3006
f 3006 1979 1978
f 3006 1978 3005
f 3005 1978 1977
f 3005 1977 3004
f 3004 1977 1976
f 3004 1976 3003
f 3003 1976 1975
f 3003 1975 3002
f 3002 1975 1974
f 3002 1974 3001
f 3001 1974 1973
f 3001 1973 3000
f 3000 1973 1972
f 3000 1972 2999
f 2999 1972 1971
f 2999 1971 2998
f 2998 1971 1970
f 2998 1970 2997
f 2997 1970 1969
f 2997 1969 2996
f 2996 1969 1968
f 2996 1968 2995
f 2995 1968 1967
f 2995 1967 2994
f 2994 1967 1966
f 2994 1966 2993
f 2993 1966 1965
f 2993 1965 2992
f 2992 1965 1964
f 2992 1964 2991
f 2991 1964 1963
f 2991 1963 2990
f 2990 1963 1962
f 2990 1962 2989
f 2989 1962 1961
f 2989 1961 2988
f 2988 1961 1960
f 2988 1960 2987
f 2987 1960 1959
f 2987 1959 2986
f 2986 1959 1958
f 2986 1958 2985
f 2985 1958 1957
f 2985 1957 2984
f 2984 1957 1956
f 2984 1956 2983
f 2983 1956 1955
f 2983 1955 2982
f 2982 1955 1954
f 2982 1954 2981
f 2981 1954 1953
f 2981 1953 2980
f 2980 1953 1952
f 2980 1952 2979
f 2979 1952 1951
f 2979 1951 2978
f 2978 1951 1950
f 2978 1950 2977
f 2977 1950 1949
f 2977 1949 2976
f 2976 1949 1948
f 2976 1948 2975
f 2975 1948 1947
f 2975 1947 2974
f 2974 1947 1946
f 2974 1946 2973
f 2973 1946 1945
f 2973 1945 2972
f 2972 1945 1944
f 2972 1944 2971
f 2971 1944 1943
f 2971 1943 2970
f 2970 1943 1942
f 2970 1942 2969
f 2969 1942 1941
f 2969 1941 2968
f 2968 1941 1940
f 2968 1940 2967
f 2967 1940 1939
f 2967 1939 2966
f 2966 1939 1938
f 2966 1938 2965
f 2965 1938 1937
f 2965 1937 2964
f 2964 1937 1936
f 2964 1936 2963
f 2963 1936 1935
f 2963 1935 2962
f 2962 1935 1934
f 2962 1934 2961
f 2961 1934 1933
f 2961 1933 2960
f 2960 1933 1932
f 2960 1932 2959
f 2959 1932 1931
f 2959 1931 2958
f 2958 1931 1930
f 2958 1930 2957
f 2957 1930 1929
f 2957 1929 2956
f 2956 1929 1928
f 2956 1928 2955
f 2955 1928 1927
f 2955 1927 2954
f 2954 1927 1926
f 2954 1926 2953
f 2953 1926 1925
f 2953 1925 2952
f 2952 1925 1924
f 2952 1924 2951
f 2951 1924 1923
f 2951 1923 2950
f 2950 1923 1922
f 2950 1922 2949
f 2949 1922 1921
f 2949 1921 2948
f 2948 1921 1920
f 2948 1920 2947
f 2947 1920 1919
f 2947 1919 2946
f 2946 1919 1918
f 2946 1918 2945
f 2945 1918 1917
f 2945 1917 2944
f 2944 1917 1916
f 2944 1916 2943
f 2943 1916 1915
f 2943 1915 2942
f 2942 1915 1914
f 2942 1914 2941
f 2941 1914 1913
f 2941 1913 2940
f 2940 1913 1912
f 2940 1912 2939
f 2939 1912 1911
f 2939 1911 2938
f 2938 1911 1910
f 2938 1910 2937
f 2937 1910 1909
f 2937 1909 2936
f 2936 1909 1908
f 2936 1908 2935
f 2935 1908 1907
f 2935 1907 2934
f 2934 1907 1906
f 2934 1906 2933
f 2933 1906 1905
f 2933 1905 2932
f 2932 1905 1904
f 2932 1904 2931
f 2931 1904 1903
f 2931 1903 2930
f 2930 1903 1902
f 2930 1902 2929
f 2929 1902 1901
f 2929 1901 2928
f 2928 1901 1900
f 2928 1900 2927
f 2927 1900 1899
f 2927 1899 2926
f 2926 1899 1898
f 2926 1898 2925
f 2925 1898 1897
f 2925 1897 2924
f 2924 1897 1896
f 2924 1896 2923
f 2923 1896 1895
f 2923 1895 2922
f 2922 1895 1894
f 2922 1894 2921
f 2921 1894 1893
f 2921 1893 2920
f 2920 1893 1892
f 2920 1892 2919
f 2919 1892 1891
f 2919 1891 2918
f 2918 1891 1890
f 2918 1890 2917
f 2917 1890 1889
f 2917 1889 2916
f 2916 1889 1888
f 2916 1888 2915
f 2915 1888 1887
f 2915 1887 2914
f 2914 1887 1886
f 2914 1886 2913
f 2913 1886 1885
f 2913 1885 2912
f 2912 1885 1884
f 2912 1884 2911
f 2911 1884 1883
f 2911 1883 2910
f 2910 1883 1882
f 2910 1882 2909
f 2909 1882 1881
f 2909 1881 2908
f 2908 1881 1880
f 2908 1880 2907
f 2907 1880 1879
f 2907 1879 2906
f 2906 1879 1878
f 2906 1878 2905
f 2905 1878 1877
f 2905 1877 2904
f 2904 1877 1876
f 2904 1876 2903
f 2903 1876 1875
f 2903 1875 2902
f 2902 1875 1874
f 2902 1874 2901
f 2901 1874 1873
f 2901 1873 2900
f 2900 1873 1872
f 2900 1872 2899
f 2899 1872 1871
f 2899 1871 2898
f 2898 1871 1870
f 2898 1870 2897
f 2897 1870 1869
f 2897 1869 2896
f 2896 1869 1868
f 2896 1868 2895
f 2895 1868 1867
f 2895 1867 2894
f 2894 1867 1866
f 2894 1866 2893
f 2893 1866 1865
f 2893 1865 2892
f 2892 1865 1864
f 2892 1864 2891
f 2891 1864 1863
f 2891 1863 2890
f 2890 1863 1862
f 2890 1862 2889
f 2889 1862 1861
f 2889 1861 2888
f 2888 1861 1860
f 2888 1860 2887
f 2887 1860 1859
f 2887 1859 2886
f 2886 1859 1858
f 2886 1858 2885
f 2885 1858 1857
f 2885 1857 2884
f 2884 1857 1856
f 2884 1856 2883
f 2883 1856 1855
f 2883 1855 2882
f 2882 1855 1854
f 2882 1854 2881
f 2881 1854 1853
f 2881 1853 2880
f 2880 1853 1852
f 2880 1852 2879
f 2879 1852 1851
f 2879 1851 2878
f 2878 1851 1850
f 2878 1850 2877
f 2877 1850 1849
f 2877 1849 2876
f 2876 1849 1848
f 2876 1848 2875
f 2875 1848 1847
f 2875 1847 2874
f 2874 1847 1846
f 2874 1846 2873
f 2873 1846 1845
f 2873 1845 2872
f 2872 1845 1844
f 2872 1844 2871
f 2871 1844 1843
f 2871 1843 2870
f 2870 1843 1842
f 2870 1842 2869
f 2869 1842 1841
f 2869 1841 2868
f 2868 1841 1840
f 2868 1840 2867
f 2867 1840 1839
f 2867 1839 2866
f 2866 1839 1838
f 2866 1838 2865
f 2865 1838 1837
f 2865 1837 2864
f 2864 1837 1836
f 2864 1836 2863
f 2863 1836 1835
f 2863 1835 2862
f 2862 1835 1834
f 2862 1834 2861
f 2861 1834 1833
f 2861 1833 2860
f 2860 1833 1832
f 2860 1832 2859
f 2859 1832 1831
f 2859 1831 2858
f 2858 1831 1830
f 2858 1830 2857
f 2857 1830 1829
f 2857 1829 2856
f 2856 1829 1828
f 2856 1828 2855
f 2855 1828 1827
f 2855 1827 2854
f 2854 1827 1826
f 2854 1826 2853
f 2853 1826 1825
f 2853 1825 2852
f 2852 1825 1824
f 2852 1824 2851
f 2851 1824 1823
f 2851 1823 2850
f 2850 1823 1822
f 2850 1822 2849
f 2849 1822 1821
f 2849 1821 2848
f 2848 1821 1820
f 2848 1820 2847
f 2847 1820 1819
f 2847 1819 2846
f 2846 1819 1818
f 2846 1818 2845
f 2845 1818 1817
f 2845 1817 2844
f 2844 1817 1816
f 2844 1816 2843
f 2843 1816 1815
f 2843 1815 2842
f 2842 1815 1814
f 2842 1814 2841
f 2841 1814 1813
f 2841 1813 2840
f 2840 1813 1812
f 2840 1812 2839
f 2839 1812 1811
f 2839 1811 2838
f 2838 1811 1810
f 2838 1810 2837
f 2837 1810 1809
f 2837 1809 2836
f 2836 1809 1808
f 2836 1808 2835
f 2835 1808 1807
f 2835 1807 2834
f 2834 1807 1806
f 2834 1806 2833
f 2833 1806 1805
f 2833 1805 2832
f 2832 1805 1804
f 2832 1804 2831
f 2831 1804 1803
f 2831 1803 2830
f 2830 1803 1802
f 2830 1802 2829
f 2829 1802 1801
f 2829 1801 2828
f 2828 1801 1800
f 2828 1800 2827
f 2827 1800 1799
f 2827 1799 2826
f 2826 1799 1798
f 2826 1798 2825
f 2825 1798 1797
f 2825 1797 2824
f 2824 1797 1796
f 2824 1796 2823
f 2823 1796 1795
f 2823 1795 2822
f 2822 1795 1794
f 2822 1794 2821
f 2821 1794 1793
f 2821 1793 2820
f 2820 1793 1792
f 2820 1792 2819
f 2819 1792 1791
f 2819 1791 2818
f 2818 1791 1790
f 2818 1790 2817
f 2817 1790 1789
f 2817 1789 2816
f 2816 1789 1788
f 2816 1788 2815
f 2815 1788 1787
f 2815 1787 2814
f 2814 1787 1786
f 2814 1786 2813
f 2813 1786 1785
f 2813 1785 2812
f 2812 1785 1784
f 2812 1784 2811
f 2811 1784 1783
f 2811 1783 2810
f 2810 1783 1782
f 2810 1782 2809
f 2809 1782 1781
f 2809 1781 2808
f 2808 1781 1780
f 2808 1780 2807
f 2807 1780 1779
f 2807 1779 2806
f 2806 1779 1778
f 2806 1778 2805
f 2805 1778 1777
f 2805 1777 2804
f 2804 1777 1776
f 2804 1776 2803
f 2803 1776 1775
f 2803 1775 2802
f 2802 1775 1774
f 2802 1774 2801
f 2801 1774 1773
f 2801 1773 2800
f 2800 1773 1772
f 2800 1772 2799
f 2799 1772 1771
f 2799 1771 2798
f 2798 1771 1770
f 2798 1770 2797
f 2797 1770 1769
f 2797 1769 2796
f 2796 1769 1768
f 2796 1768 2795
f 2795 1768 1767
f 2795 1767 2794
f 2794 1767 1766
f 2794 1766 2793
f 2793 1766 1765
f 2793 1765 2792
f 2792 1765 1764
f 2792 1764 2791
f 2791 1764 1763
f 2791 1763 2790
f 2790 1763 1762
f 2790 1762 2789
f 2789 1762 1761
f 2789 1761 2788
f 2788 1761 1760
f 2788 1760 2787
f 2787 1760 1759
f 2787 1759 2786
f 2786 1759 1758
f 2786 1758 2785
f 2785 1758 1757
f 2785 1757 2784
f 2784 1757 1756
f 2784 1756 2783
f 2783 1756 1755
f 2783 1755 2782
f 2782 1755 1754
f 2782 1754 2781
f 2781 1754 1753
f 2781 1753 2780
f 2780 1753 1752
f 2780 1752 2779
f 2779 1752 1751
f 2779 1751 2778
f 2778 1751 1750
f 2778 1750 2777
f 2777 1750 1749
f 2777 1749 2776
f 2776 1749 1748
f 2776 1748 2775
f 2775 1748 1747
f 2775 1747 2774
f 2774 1747 1746
f 2774 1746 2773
f 2773 1746 1745
f 2773 1745 2772
f 2772 1745 1744
f 2772 1744 2771
f 2771 1744 1743
f 2771 1743 2770
f 2770 1743 1742
f 2770 1742 2769
f 2769 1742 1741
f 2769 1741 2768
f 2768 1741 1740
f 2768 1740 2767
f 2767 1740 1739
f 2767 1739 2766
f 2766 1739 1738
f 2766 1738 2765
f 2765 1738 1737
f 2765 1737 2764
f 2764 1737 1736
f 2764 1736 2763
f 2763 1736 1735
f 2763 1735 2762
f 2762 1735 1734
f 2762 1734 2761
f 2761 1734 1733
f 2761 1733 2760
f 2760 1733 1732
f 2760 1732 2759
f 2759 1732 1731
f 2759 1731 2758
f 2758 1731 1730
f 2758 1730 2757
f 2757 1730 1729
f 2757 1729 2756
f 2756 1729 1728
f 2756 1728 2755
f 2755 1728 1727
f 2755 1727 2754
f 2754 1727 1726
f 2754 1726 2753
f 2753 1726 1725
f 2753 1725 2752
f 2752 1725 1724
f 2752 1724 2751
f 2751 1724 1723
f 2751 1723 2750
f 2750 1723 1722
f 2750 1722 2749
f 2749 1722 1721
f 2749 1721 2748
f 2748 1721 1720
f 2748 1720 2747
f 2747 1720 1719
f 2747 1719 2746
f 2746 1719 1718
f 2746 1718 2745
f 2745 1718 1717
f 2745 1717 2744
f 2744 1717 1716
f 2744 1716 2743
f 2743 1716 1715
f 2743 1715 2742
f 2742 1715 1714
f 2742 1714 2741
f 2741 1714 1713
f 2741 1713 2740
f 2740 1713 1712
f 2740 1712 2739
f 2739 1712 1711
f 2739 1711 2738
f 2738 1711 1710
f 2738 1710 2737
f 2737 1710 1709
f 2737 1709 2736
f 2736 1709 1708
f 2736 1708 2735
f 2735 1708 1707
f 2735 1707 2734
f 2734 1707 1706
f 2734 1706 2733
f 2733 1706 1705
f 2733 1705 2732
f 2732 1705 1704
f 2732 1704 2731
f 2731 1704 1703
f 2731 1703 2730
f 2730 1703 1702
f 2730 1702 2729
f 2729 1702 1701
f 2729 1701 2728
f 2728 1701 1700
f 2728 1700 2727
f 2727 1700 1699
f 2727 1699 2726
f 2726 1699 1698
f 2726 1698 2725
f 2725 1698 1697
f 2725 1697 2724
f 2724 1697 1696
f 2724 1696 2723
f 2723 1696 1695
f 2723 1695 2722
f 2722 1695 1694
f 2722 1694 2721
f 2721 1694 1693
f 2721 1693 2720
f 2720 1693 1692
f 2720 1692 2719
f 2719 1692 1691
f 2719 1691 2718
f 2718 1691 1690
f 2718 1690 2717
f 2717 1690 1689
f 2717 1689 2716
f 2716 1689 1688
f 2716 1688 2715
f 2715 1688 1687
f 2715 1687 2714
f 2714 1687 1686
f 2714 1686 2713
f 2713 1686 1685
f 2713 1685 2712
f 2712 1685 1684
f 2712 1684 2711
f 2711 1684 1683
f 2711 1683 2710
f 2710 1683 1682
f 2710 1682 2709
f 2709 1682 1681
f 2709 1681 2708
f 2708 1681 1680
f 2708 1680 2707
f 2707 1680 1679
f 2707 1679 2706
f 2706 1679 1678
f 2706 1678 2705
f 2705 1678 1677
f 2705 1677 2704
f 2704 1677 1676
f 2704 1676 2703
f 2703 1676 1675
f 2703 1675 2702
f 2702 1675 1674
f 2702 1674 2701
f 2701 1674 1673
f 2701 1673 2700
f 2700 1673 1672
f 2700 1672 2699
f 2699 1672 1671
f 2699 1671 2698
f 2698 1671 1670
f 2698 1670 2697
f 2697 1670 1669
f 2697 1669 2696
f 2696 1669 1668
f 2696 1668 2695
f 2695 1668 1667
f 2695 1667 2694
f 2694 1667 1666
f 2694 1666 2693
f 2693 1666 1665
f 2693 1665 2692
f 2692 1665 1664
f 2692 1664 2691
f 2691 1664 1663
f 2691 1663 2690
f 2690 1663 1662
f 2690 1662 2689
f 2689 1662 1661
f 2689 1661 2688
f 2688 1661 1660
f 2688 1660 2687
f 2687 1660 1659
f 2687 1659 2686
f 2686 1659 1658
f 2686 1658 2685
f 2685 1658 1657
f 2685 1657 2684
f 2684 1657 1656
f 2684 1656 2683
f 2683 1656 1655
f 2683 1655 2682
f 2682 1655 1654
f 2682 1654 2681
f 2681 1654 1653
f 2681 1653 2680
f 2680 1653 1652
f 2680 1652 2679
f 2679 1652 1651
f 2679 1651 2678
f 2678 1651 1650
f 2678 1650 2677
f 2677 1650 1649
f 2677 1649 2676
f 2676 1649 1648
f 2676 1648 2675
f 2675 1648 1647
f 2675 1647 2674
f 2674 1647 1646
f 2674 1646 2673
f 2673 1646 1645
f 2673 1645 2672
f 2672 1645 1644
f 2672 1644 2671
f 2671 1644 1643
f 2671 1643 2670
f 2670 1643 1642
f 2670 1642 2669
f 2669 1642 1641
f 2669 1641 2668
f 2668 1641 1640
f 2668 1640 2667
f 2667 1640 1639
f 2667 1639 2666
f 2666 1639 1638
f 2666 1638 2665
f 2665 1638 1637
f 2665 1637 2664
f 2664 1637 1636
f 2664 1636 2663
f 2663 1636 1635
f 2663 1635 2662
f 2662 1635 1634
f 2662 1634 2661
f 2661 1634 1633
f 2661 1633 2660
f 2660 1633 1632
f 2660 1632 2659
f 2659 1632 1631
f 2659 1631 2658
f 2658 1631 1630
f 2658 1630 2657
f 2657 1630 1629
f 2657 1629 2656
f 2656 1629 1628
f 2656 1628 2655
f 2655 1628 1627
f 2655 1627 2654
f 2654 1627 1626
f 2654 1626 2653
f 2653 1626 1625
f 2653 1625 2652
f 2652 1625 1624
f 2652 1624 2651
f 2651 1624 1623
f 2651 1623 2650
f 2650 1623 1622
f 2650 1622 2649
f 2649 1622 1621
f 2649 1621 2648
f 2648 1621 1620
f 2648 1620 2647
f 2647 1620 1619
f 2647 1619 2646
f 2646 1619 1618
f 2646 1618 2645
f 2645 1618 1617
f 2645 1617 2644
f 2644 1617 1616
f 2644 1616 2643
f 2643 1616 1615
f 2643 1615 2642
f 2642 1615 1614
f 2642 1614 2641
f 2641 1614 1613
f 2641 1613 2640
f 2640 1613 1612
f 2640 1612 2639
f 2639 1612 1611
f 2639 1611 2638
f 2638 1611 1610
f 2638 1610 2637
f 2637 1610 1609
f 2637 1609 2636
f 2636 1609 1608
f 2636 1608 2635
f 2635 1608 1607
f 2635 1607 2634
f 2634 1607 1606
f 2634 1606 2633
f 2633 1606 1605
f 2633 1605 2632
f 2632 1605 1604
f 2632 1604 2631
f 2631 1604 1603
f 2631 1603 2630
f 2630 1603 1602
f 2630 1602 2629
f 2629 1602 1601
f 2629 1601 2628
f 2628 1601 1600
f 2628 1600 2627
f 2627 1600 1599
f 2627 1599 2626
f 2626 1599 1598
f 2626 1598 2625
f 2625 1598 1597
f 2625 1597 2624
f 2624 1597 1596
f 2624 1596 2623
f 2623 1596 1595
f 2623 1595 2622
f 2622 1595 1594
f 2622 1594 2621
f 2621 1594 1593
f 2621 1593 2620
f 2620 1593 1592
f 2620 1592 2619
f 2619 1592 1591
f 2619 1591 2618
f 2618 1591 1590
f 2618 1590 2617
f 2617 1590 1589
f 2617 1589 2616
f 2616 1589 1588
f 2616 1588 2615
f 2615 1588 1587
f 2615 1587 2614
f 2614 1587 1586
f 2614 1586 2613
f 2613 1586 1585
f 2613 1585 2612
f 2612 1585 1584
f 2612 1584 2611
f 2611 1584 1583
f 2611 1583 2610
f 2610 1583 1582
f 2610 1582 2609
f 2609 1582 1581
f 2609 1581 2608
f 2608 1581 1580
f 2608 1580 2607
f 2607 1580 1579
f 2607 1579 2606
f 2606 1579 1578
f 2606 1578 2605
f 2605 1578 1577
f 2605 1577 2604
f 2604 1577 1576
f 2604 1576 2603
f 2603 1576 1575
f 2603 1575 2602
f 2602 1575 1574
f 2602 1574 2601
f 2601 1574 1573
f 2601 1573 2600
f 2600 1573 1572
f 2600 1572 2599
f 2599 1572 1571
f 2599 1571 2598
f 2598 1571 1570
f 2598 1570 2597
f 2597 1570 1569
f 2597 1569 2596
f 2596 1569 1568
f 2596 1568 2595
f 2595 1568 1567
f 2595 1567 2594
f 2594 1567 1566
f 2594 1566 2593
f 2593 1566 1565
f 2593 1565 2592
f 2592 1565 1564
f 2592 1564 2591
f 2591 1564 1563
f 2591 1563 2590
f 2590 1563 1562
f 2590 1562 2589
f 2589 1562 1561
f 2589 1561 2588
f 2588 1561 1560
f 2588 1560 2587
f 2587 1560 1559
f 2587 1559 2586
f 2586 1559 1558
f 2586 1558 2585
f 2585 1558 1557
f 2585 1557 2584
f 2584 1557 1556
f 2584 1556 2583
f 2583 1556 1555
f 2583 1555 2582
f 2582 1555 1554
f 2582 1554 2581
f 2581 1554 1553
f 2581 1553 2580
f 2580 1553 1552
f 2580 1552 2579
f 2579 1552 1551
f 2579 1551 2578
f 2578 1551 1550
f 2578 1550 2577
f 2577 1550 1549
f 2577 1549 2576
f 2576 1549 1548
f 2576 1548 2575
f 2575 1548 1547
f 2575 1547 2574
f 2574 1547 1546
f 2574 1546 2573
f 2573 1546 1545
f 2573 1545 2572
f 2572 1545 1544
f 2572 1544 2571
f 2571 1544 1543
f 2571 1543 2570
f 2570 1543 1542
f 2570 1542 2569
f 2569 1542 1541
f 2569 1541 2568
f 2568 1541 1540
f 2568 1540 2567
f 2567 1540 1539
f 2567 1539 2566
f 2566 1539 1538
f 2566 1538 2565
f 2565 1538 1537
f 2565 1537 2564
f 2564 1537 1536
f 2564 1536 2563
f 2563 1536 1535
f 2563 1535 2562
f 2562 1535 1534
f 2562 1534 2561
f 2561 1534 1533
f 2561 1533 2560
f 2560 1533 1532
f 2560 1532 2559
f 2559 1532 1531
f 2559 1531 2558
f 2558 1531 1530
f 2558 1530 2557
f 2557 1530 1529
f 2557 1529 2556
f 2556 1529 1528
f 2556 1528 2555
f 2555 1528 1527
f 2555 1527 2554
f 2554 1527 1526
f 2554 1526 2553
f 2553 1526 1525
f 2553 1525 2552
f 2552 1525 1524
f 2552 1524 2551
f 2551 1524 1523
f 2551 1523 2550
f 2550 1523 1522
f 2550 1522 2549
f 2549 1522 1521
f 2549 1521 2548
f 2548 1521 1520
f 2548 1520 2547
f 2547 1520 1519
f 2547 1519 2546
f 2546 1519 1518
f 2546 1518 2545
f 2545 1518 1517
f 2545 1517 2544
f 2544 1517 1516
f 2544 1516 2543
f 2543 1516 1515
f 2543 1515 2542
f 2542 1515 1514
f 2542 1514 2541
f 2541 1514 1513
f 2541 1513 2540
f 2540 1513 1512
f 2540 1512 2539
f 2539 1512 1511
f 2539 1511 2538
f 2538 1511 1510
f 2538 1510 2537
f 2537 1510 1509
f 2537 1509 2536
f 2536 1509 1508
f 2536 1508 2535
f 2535 1508 1507
f 2535 1507 2534
f 2534 1507 1506
f 2534 1506 2533
f 2533 1506 1505
f 2533 1505 2532
f 2532 1505 1504
f 2532 1504 2531
f 2531 1504 1503
f 2531 1503 2530
f 2530 1503 1502
f 2530 1502 2529
f 2529 1502 1501
f 2529 1501 2528
f 2528 1501 1500
f 2528 1500 2527
f 2527 1500 1499
f 2527 1499 2526
f 2526 1499 1498
f 2526 1498 2525
f 2525 1498 1497
f 2525 1497 2524
f 2524 1497 1496
f 2524 1496 2523
f 2523 1496 1495
f 2523 1495 2522
f 2522 1495 1494
f 2522 1494 2521
f 2521 1494 1493
f 2521 1493 2520
f 2520 1493 1492
f 2520 1492 2519
f 2519 1492 1491
f 2519 1491 2518
f 2518 1491 1490
f 2518 1490 2517
f 2517 1490 1489
f 2517 1489 2516
f 2516 1489 1488
f 2516 1488 2515
f 2515 1488 1487
f 2515 1487 2514
f 2514 1487 1486
f 2514 1486 2513
f 2513 1486 1485
f 2513 1485 2512
f 2512 1485 1484
f 2512 1484 2511
f 2511 1484 1483
f 2511 1483 2510
f 2510 1483 1482
f 2510 1482 2509
f 2509 1482 1481
f 2509 1481 2508
f 2508 1481 1480
f 2508 1480 2507
f 2507 1480 1479
f 2507 1479 2506
f 2506 1479 1478
f 2506 1478 2505
f 2505 1478 1477
f 2505 1477 2504
f 2504 1477 1476
f 2504 1476 2503
f 2503 1476 1475
f 2503 1475 2502
f 2502 1475 1474
f 2502 1474 2501
f 2501 1474 1473
f 2501 1473 2500
f 2500 1473 1472
f 2500 1472 2499
f 2499 1472 1471
f 2499 1471 2498
f 2498 1471 1470
f 2498 1470 2497
f 2497 1470 1469
f 2497 1469 2496
f 2496 1469 1468
f 2496 1468 2495
f 2495 1468 1467
f 2495 1467 2494
f 2494 1467 1466
f 2494 1466 2493
f 2493 1466 1465
f 2493 1465 2492
f 2492 1465 1464
f 2492 1464 2491
f 2491 1464 1463
f 2491 1463 2490
f 2490 1463 1462
f 2490 1462 2489
f 2489 1462 1461
f 2489 1461 2488
f 2488 1461 1460
f 2488 1460 2487
f 2487 1460 1459
f 2487 1459 2486
f 2486 1459 1458
f 2486 1458 2485
f 2485 1458 1457
f 2485 1457 2484
f 2484 1457 1456
f 2484 1456 2483
f 2483 1456 1455
f 2483 1455 2482
f 2482 1455 1454
f 2482 1454 2481
f 2481 1454 1453
f 2481 1453 2480
f 2480 1453 1452
f 2480 1452 2479
f 2479 1452 1451
f 2479 1451 2478
f 2478 1451 1450
f 2478 1450 2477
f 2477 1450 1449
f 2477 1449 2476
f 2476 1449 1448
f 2476 1448 2475
f 2475 1448 1447
f 2475 1447 2474
f 2474 1447 1446
f 2474 1446 2473
f 2473 1446 1445
f 2473 1445 2472
f 2472 1445 1444
f 2472 1444 2471
f 2471 1444 1443
f 2471 1443 2470
f 2470 1443 1442
f 2470 1442 2469
f 2469 1442 1441
f 2469 1441 2468
f 2468 1441 1440
f 2468 1440 2467
f 2467 1440 1439
f 2467 1439 2466
f 2466 1439 1438
f 2466 1438 2465
f 2465 1438 1437
f 2465 1437 2464
f 2464 1437 1436
f 2464 1436 2463
f 2463 1436 1435
f 2463 1435 2462
f 2462 1435 1434
f 2462 1434 2461
f 2461 1434 1433
f 2461 1433 2460
f 2460 1433 1432
f 2460 1432 2459
f 2459 1432 1431
f 2459 1431 2458
f 2458 1431 1430
f 2458 1430 2457
f 2457 1430 1429
f 2457 1429 2456
f 2456 1429 1428
f 2456 1428 2455
f 2455 1428 1427
f 2455 1427 2454
f 2454 1427 1426
f 2454 1426 2453
f 2453 1426 1425
f 2453 1425 2452
f 2452 1425 1424
f 2452 1424 2451
f 2451 1424 1423
f 2451 1423 2450
f 2450 1423 1422
f 2450 1422 2449
f 2449 1422 1421
f 2449 1421 2448
f 2448 1421 1420
f 2448 1420 2447
f 2447 1420 1419
f 2447 1419 2446
f 2446 1419 1418
f 2446 1418 2445
f 2445 1418 1417
f 2445 1417 2444
f 2444 1417 1416
f 2444 1416 2443
f 2443 1416 1415
f 2443 1415 2442
f 2442 1415 1414
f 2442 1414 2441
f 2441 1414 1413
f 2441 1413 2440
f 2440 1413 1412
f 2440 1412 2439
f 2439 1412 1411
f 2439 1411 2438
f 2438 1411 1410
f 2438 1410 2437
f 2437 1410 1409
f 2437 1409 2436
f 2436 1409 1408
f 2436 1408 2435
f 2435 1408 1407
f 2435 1407 2434
f 2434 1407 1406
f 2434 1406 2433
f 2433 1406 1405
f 2433 1405 2432
f 2432 1405 1404
f 2432 1404 2431
f 2431 1404 1403
f 2431 1403 2430
f 2430 1403 1402
f 2430 1402 2429
f 2429 1402 1401
f 2429 1401 2428
f 2428 1401 1400
f 2428 1400 2427
f 2427 1400 1399
f 2427 1399 2426
f 2426 1399 1398
f 2426 1398 2425
f 2425 1398 1397
f 2425 1397 2424
f 2424 1397 1396
f 2424 1396 2423
f 2423 1396 1395
f 2423 1395 2422
f 2422 1395 1394
f 2422 1394 2421
f 2421 1394 1393
f 2421 1393 2420
f 2420 1393 1392
f 2420 1392 2419
f 2419 1392 1391
f 2419 1391 2418
f 2418 1391 1390
f 2418 1390 2417
f 2417 1390 1389
f 2417 1389 2416
f 2416 1389 1388
f 2416 1388 2415
f 2415 1388 1387
f 2415 1387 2414
f 2414 1387 1386
f 2414 1386 2413
f 2413 1386 1385
f 2413 1385 2412
f 2412 1385 1384
f 2412 1384 2411
f 2411 1384 1383
f 2411 1383 2410
f 2410 1383 1382
f 2410 1382 2409
f 2409 1382 1381
f 2409 1381 2408
f 2408 1381 1380
f 2408 1380 2407
f 2407 1380 1379
f 2407 1379 2406
f 2406 1379 1378
f 2406 1378 2405
f 2405 1378 1377
f 2405 1377 2404
f 2404 1377 1376
f 2404 1376 2403
f 2403 1376 1375
f 2403 1375 2402
f 2402 1375 1374
f 2402 1374 2401
f 2401 1374 1373
f 2401 1373 2400
f 2400 1373 1372
f 2400 1372 2399
f 2399 1372 1371
f 2399 1371 2398
f 2398 1371 1370
f 2398 1370 2397
f 2397 1370 1369
f 2397 1369 2396
f 2396 1369 1368
f 2396 1368 2395
f 2395 1368 1367
f 2395 1367 2394
f 2394 1367 1366
f 2394 1366 2393
f 2393 1366 1365
f 2393 1365 2392
f 2392 1365 1364
f 2392 1364 2391
f 2391 1364 1363
f 2391 1363 2390
f 2390 1363 1362
f 2390 1362 2389
f 2389 1362 1361
f 2389 1361 2388
f 2388 1361 1360
f 2388 1360 2387
f 2387 1360 1359
f 2387 1359 2386
f 2386 1359 1358
f 2386 1358 2385
f 2385 1358 1357
f 2385 1357 2384
f 2384 1357 1356
f 2384 1356 2383
f 2383 1356 1355
f 2383 1355 2382
f 2382 1355 1354
f 2382 1354 2381
f 2381 1354 1353
f 2381 1353 2380
f 2380 1353 1352
f 2380 1352 2379
f 2379 1352 1351
f 2379 1351 2378
f 2378 1351 1350
f 2378 1350 2377
f 2377 1350 1349
f 2377 1349 2376
f 2376 1349 1348
f 2376 1348 2375
f 2375 1348 1347
f 2375 1347 2374
f 2374 1347 1346
f 2374 1346 2373
f 2373 1346 1345
f 2373 1345 2372
f 2372 1345 1344
f 2372 1344 2371
f 2371 1344 1343
f 2371 1343 2370
f 2370 1343 1342
f 2370 1342 2369
f 2369 1342 1341
f 2369 1341 2368
f 2368 1341 1340
f 2368 1340 2367
f 2367 1340 1339
f 2367 1339 2366
f 2366 1339 1338
f 2366 1338 2365
f 2365 1338 1337
f 2365 1337 2364
f 2364 1337 1336
f 2364 1336 2363
f 2363 1336 1335
f 2363 1335 2362
f 2362 1335 1334
f 2362 1334 2361
f 2361 1334 1333
f 2361 1333 2360
f 2360 1333 1332
f 2360 1332 2359
f 2359 1332 1331
f 2359 1331 2358
f 2358 1331 1330
f 2358 1330 2357
f 2357 1330 1329
f 2357 1329 2356
f 2356 1329 1328
f 2356 1328 2355
f 2355 1328 1327
f 2355 1327 2354
f 2354 1327 1326
f 2354 1326 2353
f 2353 1326 1325
f 2353 1325 2352
f 2352 1325 1324
f 2352 1324 2351
f 2351 1324 1323
f 2351 1323 2350
f 2350 1323 1322
f 2350 1322 2349
f 2349 1322 1321
f 2349 1321 2348
f 2348 1321 1320
f 2348 1320 2347
f 2347 1320 1319
f 2347 1319 2346
f 2346 1319 1318
f 2346 1318 2345
f 2345 1318 1317
f 2345 1317 2344
f 2344 1317 1316
f 2344 1316 2343
f 2343 1316 1315
f 2343 1315 2342
f 2342 1315 1314
f 2342 1314 2341
f 2341 1314 1313
f 2341 1313 2340
f 2340 1313 1312
f 2340 1312 2339
f 2339 1312 1311
f 2339 1311 2338
f 2338 1311 1310
f 2338 1310 2337
f 2337 1310 1309
f 2337 1309 2336
f 2336 1309 1308
f 2336 1308 2335
f 2335 1308 1307
f 2335 1307 2334
f 2334 1307 1306
f 2334 1306 2333
f 2333 1306 1305
f 2333 1305 2332
f 2332 1305 1304
f 2332 1304 2331
f 2331 1304 1303
f 2331 1303 2330
f 2330 1303 1302
f 2330 1302 2329
f 2329 1302 1301
f 2329 1301 2328
f 2328 1301 1300
f 2328 1300 2327
f 2327 1300 1299
f 2327 1299 2326
f 2326 1299 1298
f 2326 1298 2325
f 2325 1298 1297
f 2325 1297 2324
f 2324 1297 1296
f 2324 1296 2323
f 2323 1296 1295
f 2323 1295 2322
f 2322 1295 1294
f 2322 1294 2321
f 2321 1294 1293
f 2321 1293 2320
f 2320 1293 1292
f 2320 1292 2319
f 2319 1292 1291
f 2319 1291 2318
f 2318 1291 1290
f 2318 1290 2317
f 2317 1290 1289
f 2317 1289 2316
f 2316 1289 1288
f 2316 1288 2315
f 2315 1288 1287
f 2315 1287 2314
f 2314 1287 1286
f 2314 1286 2313
f 2313 1286 1285
f 2313 1285 2312
f 2312 1285 1284
f 2312 1284 2311
f 2311 1284 1283
f 2311 1283 2310
f 2310 1283 1282
f 2310 1282 2309
f 2309 1282 1281
f 2309 1281 2308
f 2308 1281 1280
f 2308 1280 2307
f 2307 1280 1279
f 2307 1279 2306
f 2306 1279 1278
f 2306 1278 2305
f 2305 1278 1277
f 2305 1277 2304
f 2304 1277 1276
f 2304 1276 2303
f 2303 1276 1275
f 2303 1275 2302
f 2302 1275 1274
f 2302 1274 2301
f 2301 1274 1273
f 2301 1273 2300
f 2300 1273 1272
f 2300 1272 2299
f 2299 1272 1271
f 2299 1271 2298
f 2298 1271 1270
f 2298 1270 2297
f 2297 1270 1269
f 2297 1269 2296
f 2296 1269 1268
f 2296 1268 2295
f 2295 1268 1267
f 2295 1267 2294
f 2294 1267 1266
f 2294 1266 2293
f 2293 1266 1265
f 2293 1265 2292
f 2292 1265 1264
f 2292 1264 2291
f 2291 1264 1263
f 2291 1263 2290
f 2290 1263 1262
f 2290 1262 2289
f 2289 1262 1261
f 2289 1261 2288
f 2288 1261 1260
f 2288 1260 2287
f 2287 1260 1259
f 2287 1259 2286
f 2286 1259 1258
f 2286 1258 2285
f 2285 1258 1257
f 2285 1257 2284
f 2284 1257 1256
f 2284 1256 2283
f 2283 1256 1255
f 2283 1255 2282
f 2282 1255 1254
f 2282 1254 2281
f 2281 1254 1253
f 2281 1253 2280
f 2280 1253 1252
f 2280 1252 2279
f 2279 1252 1251
f 2279 1251 2278
f 2278 1251 1250
f 2278 1250 2277
f 2277 1250 1249
f 2277 1249 2276
f 2276 1249 1248
f 2276 1248 2275
f 2275 1248 1247
f 2275 1247 2274
f 2274 1247 1246
f 2274 1246 2273
f 2273 1246 1245
f 2273 1245 2272
f 2272 1245 1244
f 2272 1244 2271
f 2271 1244 1243
f 2271 1243 2270
f 2270 1243 1242
f 2270 1242 2269
f 2269 1242 1241
f 2269 1241 2268
f 2268 1241 1240
f 2268 1240 2267
f 2267 1240 1239
f 2267 1239 2266
f 2266 1239 1238
f 2266 1238 2265
f 2265 1238 1237
f 2265 1237 2264
f 2264 1237 1236
f 2264 1236 2263
f 2263 1236 1235
f 2263 1235 2262
f 2262 1235 1234
f 2262 1234 2261
f 2261 1234 1233
f 2261 1233 2260
f 2260 1233 1232
f 2260 1232 2259
f 2259 1232 1231
f 2259 1231 2258
f 2258 1231 1230
f 2258 1230 2257
f 2257 1230 1229
f 2257 1229 2256
f 2256 1229 1228
f 2256 1228 2255
f 2255 1228 1227
f 2255 1227 2254
f 2254 1227 1226
f 2254 1226 2253
f 2253 1226 1225
f 2253 1225 2252
f 2252 1225 1224
f 2252 1224 2251
f 2251 1224 1223
f 2251 1223 2250
f 2250 1223 1222
f 2250 1222 2249
f 2249 1222 1221
f 2249 1221 2248
f 2248 1221 1220
f 2248 1220 2247
f 2247 1220 1219
f 2247 1219 2246
f 2246 1219 1218
f 2246 1218 2245
f 2245 1218 1217
f 2245 1217 2244
f 2244 1217 1216
f 2244 1216 2243
f 2243 1216 1215
f 2243 1215 2242
f 2242 1215 1214
f 2242 1214 2241
f 2241 1214 1213
f 2241 1213 2240
f 2240 1213 1212
f 2240 1212 2239
f 2239 1212 1211
f 2239 1211 2238
f 2238 1211 1210
f 2238 1210 2237
f 2237 1210 1209
f 2237 1209 2236
f 2236 1209 1208
f 2236 1208 2235
f 2235 1208 1207
f 2235 1207 2234
f 2234 1207 1206
f 2234 1206 2233
f 2233 1206 1205
f 2233 1205 2232
f 2232 1205 1204
f 2232 1204 2231
f 2231 1204 1203
f 2231 1203 2230
f 2230 1203 1202
f 2230 1202 2229
f 2229 1202 1201
f 2229 1201 2228
f 2228 1201 1200
f 2228 1200 2227
f 2227 1200 1199
f 2227 1199 2226
f 2226 1199 1198
f 2226 1198 2225
f 2225 1198 1197
f 2225 1197 2224
f 2224 1197 1196
f 2224 1196 2223
f 2223 1196 1195
f 2223 1195 2222
f 2222 1195 1194
f 2222 1194 2221
f 2221 1194 1193
f 2221 1193 2220
f 2220 1193 1192
f 2220 1192 2219
f 2219 1192 1191
f 2219 1191 2218
f 2218 1191 1190
f 2218 1190 2217
f 2217 1190 1189
f 2217 1189 2216
f 2216 1189 1188
f 2216 1188 2215
f 2215 1188 1187
f 2215 1187 2214
f 2214 1187 1186
f 2214 1186 2213
f 2213 1186 1185
f 2213 1185 2212
f 2212 1185 1184
f 2212 1184 2211
f 2211 1184 1183
f 2211 1183 2210
f 2210 1183 1182
f 2210 1182 2209
f 2209 1182 1181
f 2209 1181 2208
f 2208 1181 1180
f 2208 1180 2207
f 2207 1180 1179
f 2207 1179 2206
f 2206 1179 1178
f 2206 1178 2205
f 2205 1178 1177
f 2205 1177 2204
f 2204 1177 1176
f 2204 1176 2203
f 2203 1176 1175
f 2203 1175 2202
f 2202 1175 1174
f 2202 1174 2201
f 2201 1174 1173
f 2201 1173 2200
f 2200 1173 1172
f 2200 1172 2199
f 2199 1172 1171
f 2199 1171 2198
f 2198 1171 1170
f 2198 1170 2197
f 2197 1170 1169
f 2197 1169 2196
f 2196 1169 1168
f 2196 1168 2195
f 2195 1168 1167
f 2195 1167 2194
f 2194 1167 1166
f 2194 1166 2193
f 2193 1166 1165
f 2193 1165 2192
f 2192 1165 1164
f 2192 1164 2191
f 2191 1164 1163
f 2191 1163 2190
f 2190 1163 1162
f 2190 1162 2189
f 2189 1162 1161
f 2189 1161 2188
f 2188 1161 1160
f 2188 1160 2187
f 2187 1160 1159
f 2187 1159 2186
f 2186 1159 1158
f 2186 1158 2185
f 2185 1158 1157
f 2185 1157 2184
f 2184 1157 1156
f 2184 1156 2183
f 2183 1156 1155
f 2183 1155 2182
f 2182 1155 1154
f 2182 1154 2181
f 2181 1154 1153
f 2181 1153 2180
f 2180 1153 1152
f 2180 1152 2179
f 2179 1152 1151
f 2179 1151 2178
f 2178 1151 1150
f 2178 1150 2177
f 2177 1150 1149
f 2177 1149 2176
f 2176 1149 1148
f 2176 1148 2175
f 2175 1148 1147
f 2175 1147 2174
f 2174 1147 1146
f 2174 1146 2173
f 2173 1146 1145
f 2173 1145 2172
f 2172 1145 1144
f 2172 1144 2171
f 2171 1144 1143
f 2171 1143 2170
f 2170 1143 1142
f 2170 1142 2169
f 2169 1142 1141
f 2169 1141 2168
f 2168 1141 1140
f 2168 1140 2167
f 2167 1140 1139
f 2167 1139 2166
f 2166 1139 1138
f 2166 1138 2165
f 2165 1138 1137
f 2165 1137 2164
f 2164 1137 1136
f 2164 1136 2163
f 2163 1136 1135
f 2163 1135 2162
f 2162 1135 1134
f 2162 1134 2161
f 2161 1134 1133
f 2161 1133 2160
f 2160 1133 1132
f 2160 1132 2159
f 2159 1132 1131
f 2159 1131 2158
f 2158 1131 1130
f 2158 1130 2157
f 2157 1130 1129
f 2157 1129 2156
f 2156 1129 1128
f 2156 1128 2155
f 2155 1128 1127
f 2155 1127 2154
f 2154 1127 1126
f 2154 1126 2153
f 2153 1126 1125
f 2153 1125 2152
f 2152 1125 1124
f 2152 1124 2151
f 2151 1124 1123
f 2151 1123 2150
f 2150 1123 1122
f 2150 1122 2149
f 2149 1122 1121
f 2149 1121 2148
f 2148 1121 1120
f 2148 1120 2147
f 2147 1120 1119
f 2147 1119 2146
f 2146 1119 1118
f 2146 1118 2145
f 2145 1118 1117
f 2145 1117 2144
f 2144 1117 1116
f 2144 1116 2143
f 2143 1116 1115
f 2143 1115 2142
f 2142 1115 1114
f 2142 1114 2141
f 2141 1114 1113
f 2141 1113 2140
f 2140 1113 1112
f 2140 1112 2139
f 2139 1112 1111
f 2139 1111 2138
f 2138 1111 1110
f 2138 1110 2137
f 2137 1110 1109
f 2137 1109 2136
f 2136 1109 1108
f 2136 1108 2135
f 2135 1108 1107
f 2135 1107 2134
f 2134 1107 1106
f 2134 1106 2133
f 2133 1106 1105
f 2133 1105 2132
f 2132 1105 1104
f 2132 1104 2131
f 2131 1104 1103
f 2131 1103 2130
f 2130 1103 1102
f 2130 1102 2129
f 2129 1102 1101
f 2129 1101 2128
f 2128 1101 1100
f 2128 1100 2127
f 2127 1100 1099
f 2127 1099 2126
f 2126 1099 1098
f 2126 1098 2125
f 2125 1098 1097
f 2125 1097 2124
f 2124 1097 1096
f 2124 1096 2123
f 2123 1096 1095
f 2123 1095 2122
f 2122 1095 1094
f 2122 1094 2121
f 2121 1094 1093
f 2121 1093 2120
f 2120 1093 1092
f 2120 1092 2119
f 2119 1092 1091
f 2119 1091 2118
f 2118 1091 1090
f 2118 1090 2117
f 2117 1090 1089
f 2117 1089 2116
f 2116 1089 1088
f 2116 1088 2115
f 2115 1088 1087
f 2115 1087 2114
f 2114 1087 1086
f 2114 1086 2113
f 2113 1086 1085
f 2113 1085 2112
f 2112 1085 1084
f 2112 1084 2111
f 2111 1084 1083
f 2111 1083 2110
f 2110 1083 1082
f 2110 1082 2109
f 2109 1082 1081
f 2109 1081 2108
f 2108 1081 1080
f 2108 1080 2107
f 2107 1080 1079
f 2107 1079 2106
f 2106 1079 1078
f 2106 1078 2105
f 2105 1078 1077
f 2105 1077 2104
f 2104 1077 1076
f 2104 1076 2103
f 2103 1076 1075
f 2103 1075 2102
f 2102 1075 1074
f 2102 1074 2101
f 2101 1074 1073
f 2101 1073 2100
f 2100 1073 1072
f 2100 1072 2099
f 2099 1072 1071
f 2099 1071 2098
f 2098 1071 1070
f 2098 1070 2097
f 2097 1070 1069
f 2097 1069 2096
f 2096 1069 1068
f 2096 1068 2095
f 2095 1068 1067
f 2095 1067 2094
f 2094 1067 1066
f 2094 1066 2093
f 2093 1066 1065
f 2093 1065 2092
f 2092 1065 1064
f 2092 1064 2091
f 2091 1064 1063
f 2091 1063 2090
f 2090 1063 1062
f 2090 1062 2089
f 2089 1062 1061
f 2089 1061 2088
f 2088 1061 1060
f 2088 1060 2087
f 2087 1060 1059
f 2087 1059 2086
f 2086 1059 1058
f 2086 1058 2085
f 2085 1058 1057
f 2085 1057 2084
f 2084 1057 1056
f 2084 1056 2083
f 2083 1056 1055
f 2083 1055 2082
f 2082 1055 1054
f 2082 1054 2081
f 2081 1054 1053
f 2081 1053 2080
f 2080 1053 1052
f 2080 1052 2079
f 2079 1052 1051
f 2079 1051 2078
f 2078 1051 1050
f 2078 1050 2077
f 2077 1050 1049
f 2077 1049 2076
f 2076 1049 1048
f 2076 1048 1047
f 3104 3105 4148
f 4148 3105 4147
f 4147 3105 3106
f 4147 3106 4146
f 4146 3106 3107
f 4146 3107 4145
f 4145 3107 3108
f 4145 3108 4144
f 4144 3108 3109
f 4144 3109 3110
f 4144 3110 4143
f 4143 3110 3111
f 4143 3111 4142
f 4142 3111 3112
f 4142 3112 3113
f 4142 3113 4141
f 4141 3113 3114
f 4141 3114 2071
f 4141 2071 4140
f 4140 2071 3103
f 4140 3103 4139
f 4139 3103 3102
f 4139 3102 4138
f 4138 3102 3101
f 4138 3101 4137
f 4137 3101 3100
f 4137 3100 4136
f 4136 3100 3099
f 4136 3099 4135
f 4135 3099 3098
f 4135 3098 4134
f 4134 3098 3097
f 4134 3097 4133
f 4133 3097 3096
f 4133 3096 4132
f 4132 3096 3095
f 4132 3095 4131
f 4131 3095 3094
f 4131 3094 4130
f 4130 3094 3093
f 4130 3093 4129
f 4129 3093 3092
f 4129 3092 4128
f 4128 3092 3091
f 4128 3091 4127
f 4127 3091 3090
f 4127 3090 4126
f 4126 3090 3089
f 4126 3089 4125
f 4125 3089 3088
f 4125 3088 4124
f 4124 3088 3087
f 4124 3087 4123
f 4123 3087 3086
f 4123 3086 4122
f 4122 3086 3085
f 4122 3085 4121
f 4121 3085 3084
f 4121 3084 4120
f 4120 3084 3083
f 4120 3083 4119
f 4119 3083 3082
f 4119 3082 4118
f 4118 3082 3081
f 4118 3081 4117
f 4117 3081 3080
f 4117 3080 4116
f 4116 3080 3079
f 4116 3079 4115
f 4115 3079 3078
f 4115 3078 4114
f 4114 3078 3077
f 4114 3077 4113
f 4113 3077 3076
f 4113 3076 4112
f 4112 3076 3075
f 4112 3075 4111
f 4111 3075 3074
f 4111 3074 4110
f 4110 3074 3073
f 4110 3073 4109
f 4109 3073 3072
f 4109 3072 4108
f 4108 3072 3071
f 4108 3071 4107
f 4107 3071 3070
f 4107 3070 4106
f 4106 3070 3069
f 4106 3069 4105
f 4105 3069 3068
f 4105 3068 4104
f 4104 3068 3067
f 4104 3067 4103
f 4103 3067 3066
f 4103 3066 4102
f 4102 3066 3065
f 4102 3065 4101
f 4101 3065 3064
f 4101 3064 4100
f 4100 3064 3063
f 4100 3063 4099
f 4099 3063 3062
f 4099 3062 4098
f 4098 3062 3061
f 4098 3061 4097
f 4097 3061 3060
f 4097 3060 4096
f 4096 3060 3059
f 4096 3059 4095
f 4095 3059 3058
f 4095 3058 4094
f 4094 3058 3057
f 4094 3057 4093
f 4093 3057 3056
f 4093 3056 4092
f 4092 3056 3055
f 4092 3055 4091
f 4091 3055 3054
f 4091 3054 4090
f 4090 3054 3053
f 4090 3053 4089
f 4089 3053 3052
f 4089 3052 4088
f 4088 3052 3051
f 4088 3051 4087
f 4087 3051 3050
f 4087 3050 4086
f 4086 3050 3049
f 4086 3049 4085
f 4085 3049 3048
f 4085 3048 4084
f 4084 3048 3047
f 4084 3047 4083
f 4083 3047 3046
f 4083 3046 4082
f 4082 3046 3045
f 4082 3045 4081
f 4081 3045 3044
f 4081 3044 4080
f 4080 3044 3043
f 4080 3043 4079
f 4079 3043 3042
f 4079 3042 4078
f 4078 3042 3041
f 4078 3041 4077
f 4077 3041 3040
f 4077 3040 4076
f 4076 3040 3039
f 4076 3039 4075
f 4075 3039 3038
f 4075 3038 4074
f 4074 3038 3037
f 4074 3037 4073
f 4073 3037 3036
f 4073 3036 4072
f 4072 3036 3035
f 4072 3035 4071
f 4071 3035 3034
f 4071 3034 4070
f 4070 3034 3033
f 4070 3033 4069
f 4069 3033 3032
f 4069 3032 4068
f 4068 3032 3031
f 4068 3031 4067
f 4067 3031 3030
f 4067 3030 4066
f 4066 3030 3029
f 4066 3029 4065
f 4065 3029 3028
f 4065 3028 4064
f 4064 3028 3027
f 4064 3027 4063
f 4063 3027 3026
f 4063 3026 4062
f 4062 3026 3025
f 4062 3025 4061
f 4061 3025 3024
f 4061 3024 4060
f 4060 3024 3023
f 4060 3023 4059
f 4059 3023 3022
f 4059 3022 4058
f 4058 3022 3021
f 4058 3021 4057
f 4057 3021 3020
f 4057 3020 4056
f 4056 3020 3019
f 4056 3019 4055
f 4055 3019 3018
f 4055 3018 4054
f 4054 3018 3017
f 4054 3017 4053
f 4053 3017 3016
f 4053 3016 4052
f 4052 3016 3015
f 4052 3015 4051
f 4051 3015 3014
f 4051 3014 4050
f 4050 3014 3013
f 4050 3013 4049
f 4049 3013 3012
f 4049 3012 4048
f 4048 3012 3011
f 4048 3011 4047
f 4047 3011 3010
f 4047 3010 4046
f 4046 3010 3009
f 4046 3009 4045
f 4045 3009 3008
f 4045 3008 4044
f 4044 3008 3007
f 4044 3007 4043
f 4043 3007 3006
f 4043 3006 4042
f 4042 3006 3005
f 4042 3005 4041
f 4041 3005 3004
f 4041 3004 4040
f 4040 3004 3003
f 4040 3003 4039
f 4039 3003 3002
f 4039 3002 4038
f 4038 3002 3001
f 4038 3001 4037
f 4037 3001 3000
f 4037 3000 4036
f 4036 3000 2999
f 4036 2999 4035
f 4035 2999 2998
f 4035 2998 4034
f 4034 2998 2997
f 4034 2997 4033
f 4033 2997 2996
f 4033 2996 4032
f 4032 2996 2995
f 4032 2995 4031
f 4031 2995 2994
f 4031 2994 4030
f 4030 2994 2993
f 4030 2993 4029
f 4029 2993 2992
f 4029 2992 4028
f 4028 2992 2991
f 4028 2991 4027
f 4027 2991 2990
f 4027 2990 4026
f 4026 2990 2989
f 4026 2989 4025
f 4025 2989 2988
f 4025 2988 4024
f 4024 2988 2987
f 4024 2987 4023
f 4023 2987 2986
f 4023 2986 4022
f 4022 2986 2985
f 4022 2985 4021
f 4021 2985 2984
f 4021 2984 4020
f 4020 2984 2983
f 4020 2983 4019
f 4019 2983 2982
f 4019 2982 4018
f 4018 2982 2981
f 4018 2981 4017
f 4017 2981 2980
f 4017 2980 4016
f 4016 2980 2979
f 4016 2979 4015
f 4015 2979 2978
f 4015 2978 4014
f 4014 2978 2977
f 4014 2977 4013
f 4013 2977 2976
f 4013 2976 4012
f 4012 2976 2975
f 4012 2975 4011
f 4011 2975 2974
f 4011 2974 4010
f 4010 2974 2973
f 4010 2973 4009
f 4009 2973 2972
f 4009 2972 4008
f 4008 2972 2971
f 4008 2971 4007
f 4007 2971 2970
f 4007 2970 4006
f 4006 2970 2969
f 4006 2969 4005
f 4005 2969 2968
f 4005 2968 4004
f 4004 2968 2967
f 4004 2967 4003
f 4003 2967 2966
f 4003 2966 4002
f 4002 2966 2965
f 4002 2965 4001
f 4001 2965 2964
f 4001 2964 4000
f 4000 2964 2963
f 4000 2963 3999
f 3999 2963 2962
f 3999 2962 3998
f 3998 2962 2961
f 3998 2961 3997
f 3997 2961 2960
f 3997 2960 3996
f 3996 2960 2959
f 3996 2959 3995
f 3995 2959 2958
f 3995 2958 3994
f 3994 2958 2957
f 3994 2957 3993
f 3993 2957 2956
f 3993 2956 3992
f 3992 2956 2955
f 3992 2955 3991
f 3991 2955 2954
f 3991 2954 3990
f 3990 2954 2953
f 3990 2953 3989
f 3989 2953 2952
f 3989 2952 3988
f 3988 2952 2951
f 3988 2951 3987
f 3987 2951 2950
f 3987 2950 3986
f 3986 2950 2949
f 3986 2949 3985
f 3985 2949 2948
f 3985 2948 3984
f 3984 2948 2947
f 3984 2947 3983
f 3983 2947 2946
f 3983 2946 3982
f 3982 2946 2945
f 3982 2945 3981
f 3981 2945 2944
f 3981 2944 3980
f 3980 2944 2943
f 3980 2943 3979
f 3979 2943 2942
f 3979 2942 3978
f 3978 2942 2941
f 3978 2941 3977
f 3977 2941 2940
f 3977 2940 3976
f 3976 2940 2939
f 3976 2939 3975
f 3975 2939 2938
f 3975 2938 3974
f 3974 2938 2937
f 3974 2937 3973
f 3973 2937 2936
f 3973 2936 3972
f 3972 2936 2935
f 3972 2935 3971
f 3971 2935 2934
f 3971 2934 3970
f 3970 2934 2933
f 3970 2933 3969
f 3969 2933 2932
f 3969 2932 3968
f 3968 2932 2931
f 3968 2931 3967
f 3967 2931 2930
f 3967 2930 3966
f 3966 2930 2929
f 3966 2929 3965
f 3965 2929 2928
f 3965 2928 3964
f 3964 2928 2927
f 3964 2927 3963
f 3963 2927 2926
f 3963 2926 3962
f 3962 2926 2925
f 3962 2925 3961
f 3961 2925 2924
f 3961 2924 3960
f 3960 2924 2923
f 3960 2923 3959
f 3959 2923 2922
f 3959 2922 3958
f 3958 2922 2921
f 3958 2921 3957
f 3957 2921 2920
f 3957 2920 3956
f 3956 2920 2919
f 3956 2919 3955
f 3955 2919 2918
f 3955 2918 3954
f 3954 2918 2917
f 3954 2917 3953
f 3953 2917 2916
f 3953 2916 3952
f 3952 2916 2915
f 3952 2915 3951
f 3951 2915 2914
f 3951 2914 3950
f 3950 2914 2913
f 3950 2913 3949
f 3949 2913 2912
f 3949 2912 3948
f 3948 2912 2911
f 3948 2911 3947
f 3947 2911 2910
f 3947 2910 3946
f 3946 2910 2909
f 3946 2909 3945
f 3945 2909 2908
f 3945 2908 3944
f 3944 2908 2907
f 3944 2907 3943
f 3943 2907 2906
f 3943 2906 3942
f 3942 2906 2905
f 3942 2905 3941
f 3941 2905 2904
f 3941 2904 3940
f 3940 2904 2903
f 3940 2903 3939
f 3939 2903 2902
f 3939 2902 3938
f 3938 2902 2901
f 3938 2901 3937
f 3937 2901 2900
f 3937 2900 3936
f 3936 2900 2899
f 3936 2899 3935
f 3935 2899 2898
f 3935 2898 3934
f 3934 2898 2897
f 3934 2897 3933
f 3933 2897 2896
f 3933 2896 3932
f 3932 2896 2895
f 3932 2895 3931
f 3931 2895 2894
f 3931 2894 3930
f 3930 2894 2893
f 3930 2893 3929
f 3929 2893 2892
f 3929 2892 3928
f 3928 2892 2891
f 3928 2891 3927
f 3927 2891 2890
f 3927 2890 3926
f 3926 2890 2889
f 3926 2889 3925
f 3925 2889 2888
f 3925 2888 3924
f 3924 2888 2887
f 3924 2887 3923
f 3923 2887 2886
f 3923 2886 3922
f 3922 2886 2885
f 3922 2885 3921
f 3921 2885 2884
f 3921 2884 3920
f 3920 2884 2883
f 3920 2883 3919
f 3919 2883 2882
f 3919 2882 3918
f 3918 2882 2881
f 3918 2881 3917
f 3917 2881 2880
f 3917 2880 3916
f 3916 2880 2879
f 3916 2879 3915
f 3915 2879 2878
f 3915 2878 3914
f 3914 2878 2877
f 3914 2877 3913
f 3913 2877 2876
f 3913 2876 3912
f 3912 2876 2875
f 3912 2875 3911
f 3911 2875 2874
f 3911 2874 3910
f 3910 2874 2873
f 3910 2873 3909
f 3909 2873 2872
f 3909 2872 3908
f 3908 2872 2871
f 3908 2871 3907
f 3907 2871 2870
f 3907 2870 3906
f 3906 2870 2869
f 3906 2869 3905
f 3905 2869 2868
f 3905 2868 3904
f 3904 2868 2867
f 3904 2867 3903
f 3903 2867 2866
f 3903 2866 3902
f 3902 2866 2865
f 3902 2865 3901
f 3901 2865 2864
f 3901 2864 3900
f 3900 2864 2863
f 3900 2863 3899
f 3899 2863 2862
f 3899 2862 3898
f 3898 2862 2861
f 3898 2861 3897
f 3897 2861 2860
f 3897 2860 3896
f 3896 2860 2859
f 3896 2859 3895
f 3895 2859 2858
f 3895 2858 3894
f 3894 2858 2857
f 3894 2857 3893
f 3893 2857 2856
f 3893 2856 3892
f 3892 2856 2855
f 3892 2855 3891
f 3891 2855 2854
f 3891 2854 3890
f 3890 2854 2853
f 3890 2853 3889
f 3889 2853 2852
f 3889 2852 3888
f 3888 2852 2851
f 3888 2851 3887
f 3887 2851 2850
f 3887 2850 3886
f 3886 2850 2849
f 3886 2849 3885
f 3885 2849 2848
f 3885 2848 3884
f 3884 2848 2847
f 3884 2847 3883
f 3883 2847 2846
f 3883 2846 3882
f 3882 2846 2845
f 3882 2845 3881
f 3881 2845 2844
f 3881 2844 3880
f 3880 2844 2843
f 3880 2843 3879
f 3879 2843 2842
f 3879 2842 3878
f 3878 2842 2841
f 3878 2841 3877
f 3877 2841 2840
f 3877 2840 3876
f 3876 2840 2839
f 3876 2839 3875
f 3875 2839 2838
f 3875 2838 3874
f 3874 2838 2837
f 3874 2837 3873
f 3873 2837 2836
f 3873 2836 3872
f 3872 2836 2835
f 3872 2835 3871
f 3871 2835 2834
f 3871 2834 3870
f 3870 2834 2833
f 3870 2833 3869
f 3869 2833 2832
f 3869 2832 3868
f 3868 2832 2831
f 3868 2831 3867
f 3867 2831 2830
f 3867 2830 3866
f 3866 2830 2829
f 3866 2829 3865
f 3865 2829 2828
f 3865 2828 3864
f 3864 2828 2827
f 3864 2827 3863
f 3863 2827 2826
f 3863 2826 3862
f 3862 2826 2825
f 3862 2825 3861
f 3861 2825 2824
f 3861 2824 3860
f 3860 2824 2823
f 3860 2823 3859
f 3859 2823 2822
f 3859 2822 3858
f 3858 2822 2821
f 3858 2821 3857
f 3857 2821 2820
f 3857 2820 3856
f 3856 2820 2819
f 3856 2819 3855
f 3855 2819 2818
f 3855 2818 3854
f 3854 2818 2817
f 3854 2817 3853
f 3853 2817 2816
f 3853 2816 3852
f 3852 2816 2815
f 3852 2815 3851
f 3851 2815 2814
f 3851 2814 3850
f 3850 2814 2813
f 3850 2813 3849
f 3849 2813 2812
f 3849 2812 3848
f 3848 2812 2811
f 3848 2811 3847
f 3847 2811 2810
f 3847 2810 3846
f 3846 2810 2809
f 3846 2809 3845
f 3845 2809 2808
f 3845 2808 3844
f 3844 2808 2807
f 3844 2807 3843
f 3843 2807 2806
f 3843 2806 3842
f 3842 2806 2805
f 3842 2805 3841
f 3841 2805 2804
f 3841 2804 3840
f 3840 2804 2803
f 3840 2803 3839
f 3839 2803 2802
f 3839 2802 3838
f 3838 2802 2801
f 3838 2801 3837
f 3837 2801 2800
f 3837 2800 3836
f 3836 2800 2799
f 3836 2799 3835
f 3835 2799 2798
f 3835 2798 3834
f 3834 2798 2797
f 3834 2797 3833
f 3833 2797 2796
f 3833 2796 3832
f 3832 2796 2795
f 3832 2795 3831
f 3831 2795 2794
f 3831 2794 3830
f 3830 2794 2793
f 3830 2793 3829
f 3829 2793 2792
f 3829 2792 3828
f 3828 2792 2791
f 3828 2791 3827
f 3827 2791 2790
f 3827 2790 3826
f 3826 2790 2789
f 3826 2789 3825
f 3825 2789 2788
f 3825 2788 3824
f 3824 2788 2787
f 3824 2787 3823
f 3823 2787 2786
f 3823 2786 3822
f 3822 2786 2785
f 3822 2785 3821
f 3821 2785 2784
f 3821 2784 3820
f 3820 2784 2783
f 3820 2783 3819
f 3819 2783 2782
f 3819 2782 3818
f 3818 2782 2781
f 3818 2781 3817
f 3817 2781 2780
f 3817 2780 3816
f 3816 2780 2779
f 3816 2779 3815
f 3815 2779 2778
f 3815 2778 3814
f 3814 2778 2777
f 3814 2777 3813
f 3813 2777 2776
f 3813 2776 3812
f 3812 2776 2775
f 3812 2775 3811
f 3811 2775 2774
f 3811 2774 3810
f 3810 2774 2773
f 3810 2773 3809
f 3809 2773 2772
f 3809 2772 3808
f 3808 2772 2771
f 3808 2771 3807
f 3807 2771 2770
f 3807 2770 3806
f 3806 2770 2769
f 3806 2769 3805
f 3805 2769 2768
f 3805 2768 3804
f 3804 2768 2767
f 3804 2767 3803
f 3803 2767 2766
f 3803 2766 3802
f 3802 2766 2765
f 3802 2765 3801
f 3801 2765 2764
f 3801 2764 3800
f 3800 2764 2763
f 3800 2763 3799
f 3799 2763 2762
f 3799 2762 3798
f 3798 2762 2761
f 3798 2761 3797
f 3797 2761 2760
f 3797 2760 3796
f 3796 2760 2759
f 3796 2759 3795
f 3795 2759 2758
f 3795 2758 3794
f 3794 2758 2757
f 3794 2757 3793
f 3793 2757 2756
f 3793 2756 3792
f 3792 2756 2755
f 3792 2755 3791
f 3791 2755 2754
f 3791 2754 3790
f 3790 2754 2753
f 3790 2753 3789
f 3789 2753 2752
f 3789 2752 3788
f 3788 2752 2751
f 3788 2751 3787
f 3787 2751 2750
f 3787 2750 3786
f 3786 2750 2749
f 3786 2749 3785
f 3785 2749 2748
f 3785 2748 3784
f 3784 2748 2747
f 3784 2747 3783
f 3783 2747 2746
f 3783 2746 3782
f 3782 2746 2745
f 3782 2745 3781
f 3781 2745 2744
f 3781 2744 3780
f 3780 2744 2743
f 3780 2743 3779
f 3779 2743 2742
f 3779 2742 3778
f 3778 2742 2741
f 3778 2741 3777
f 3777 2741 2740
f 3777 2740 3776
f 3776 2740 2739
f 3776 2739 3775
f 3775 2739 2738
f 3775 2738 3774
f 3774 2738 2737
f 3774 2737 3773
f 3773 2737 2736
f 3773 2736 3772
f 3772 2736 2735
f 3772 2735 3771
f 3771 2735 2734
f 3771 2734 3770
f 3770 2734 2733
f 3770 2733 3769
f 3769 2733 2732
f 3769 2732 3768
f 3768 2732 2731
f 3768 2731 3767
f 3767 2731 2730
f 3767 2730 3766
f 3766 2730 2729
f 3766 2729 3765
f 3765 2729 2728
f 3765 2728 3764
f 3764 2728 2727
f 3764 2727 3763
f 3763 2727 2726
f 3763 2726 3762
f 3762 2726 2725
f 3762 2725 3761
f 3761 2725 2724
f 3761 2724 3760
f 3760 2724 2723
f 3760 2723 3759
f 3759 2723 2722
f 3759 2722 3758
f 3758 2722 2721
f 3758 2721 3757
f 3757 2721 2720
f 3757 2720 3756
f 3756 2720 2719
f 3756 2719 3755
f 3755 2719 2718
f 3755 2718 3754
f 3754 2718 2717
f 3754 2717 3753
f 3753 2717 2716
f 3753 2716 3752
f 3752 2716 2715
f 3752 2715 3751
f 3751 2715 2714
f 3751 2714 3750
f 3750 2714 2713
f 3750 2713 3749
f 3749 2713 2712
f 3749 2712 3748
f 3748 2712 2711
f 3748 2711 3747
f 3747 2711 2710
f 3747 2710 3746
f 3746 2710 2709
f 3746 2709 3745
f 3745 2709 2708
f 3745 2708 3744
f 3744 2708 2707
f 3744 2707 3743
f 3743 2707 2706
f 3743 2706 3742
f 3742 2706 2705
f 3742 2705 3741
f 3741 2705 2704
f 3741 2704 3740
f 3740 2704 2703
f 3740 2703 3739
f 3739 2703 2702
f 3739 2702 3738
f 3738 2702 2701
f 3738 2701 3737
f 3737 2701 2700
f 3737 2700 3736
f 3736 2700 2699
f 3736 2699 3735
f 3735 2699 2698
f 3735 2698 3734
f 3734 2698 2697
f 3734 2697 3733
f 3733 2697 2696
f 3733 2696 3732
f 3732 2696 2695
f 3732 2695 3731
f 3731 2695 2694
f 3731 2694 3730
f 3730 2694 2693
f 3730 2693 3729
f 3729 2693 2692
f 3729 2692 3728
f 3728 2692 2691
f 3728 2691 3727
f 3727 2691 2690
f 3727 2690 3726
f 3726 2690 2689
f 3726 2689 3725
f 3725 2689 2688
f 3725 2688 3724
f 3724 2688 2687
f 3724 2687 3723
f 3723 2687 2686
f 3723 2686 3722
f 3722 2686 2685
f 3722 2685 3721
f 3721 2685 2684
f 3721 2684 3720
f 3720 2684 2683
f 3720 2683 3719
f 3719 2683 2682
f 3719 2682 3718
f 3718 2682 2681
f 3718 2681 3717
f 3717 2681 2680
f 3717 2680 3716
f 3716 2680 2679
f 3716 2679 3715
f 3715 2679 2678
f 3715 2678 3714
f 3714 2678 2677
f 3714 2677 3713
f 3713 2677 2676
f 3713 2676 3712
f 3712 2676 2675
f 3712 2675 3711
f 3711 2675 2674
f 3711 2674 3710
f 3710 2674 2673
f 3710 2673 3709
f 3709 2673 2672
f 3709 2672 3708
f 3708 2672 2671
f 3708 2671 3707
f 3707 2671 2670
f 3707 2670 3706
f 3706 2670 2669
f 3706 2669 3705
f 3705 2669 2668
f 3705 2668 3704
f 3704 2668 2667
f 3704 2667 3703
f 3703 2667 2666
f 3703 2666 3702
f 3702 2666 2665
f 3702 2665 3701
f 3701 2665 2664
f 3701 2664 3700
f 3700 2664 2663
f 3700 2663 3699
f 3699 2663 2662
f 3699 2662 3698
f 3698 2662 2661
f 3698 2661 3697
f 3697 2661 2660
f 3697 2660 3696
f 3696 2660 2659
f 3696 2659 3695
f 3695 2659 2658
f 3695 2658 3694
f 3694 2658 2657
f 3694 2657 3693
f 3693 2657 2656
f 3693 2656 3692
f 3692 2656 2655
f 3692 2655 3691
f 3691 2655 2654
f 3691 2654 3690
f 3690 2654 2653
f 3690 2653 3689
f 3689 2653 2652
f 3689 2652 3688
f 3688 2652 2651
f 3688 2651 3687
f 3687 2651 2650
f 3687 2650 3686
f 3686 2650 2649
f 3686 2649 3685
f 3685 2649 2648
f 3685 2648 3684
f 3684 2648 2647
f 3684 2647 3683
f 3683 2647 2646
f 3683 2646 3682
f 3682 2646 2645
f 3682 2645 3681
f 3681 2645 2644
f 3681 2644 3680
f 3680 2644 2643
f 3680 2643 3679
f 3679 2643 2642
f 3679 2642 3678
f 3678 2642 2641
f 3678 2641 3677
f 3677 2641 2640
f 3677 2640 3676
f 3676 2640 2639
f 3676 2639 3675
f 3675 2639 2638
f 3675 2638 3674
f 3674 2638 2637
f 3674 2637 3673
f 3673 2637 2636
f 3673 2636 3672
f 3672 2636 2635
f 3672 2635 3671
f 3671 2635 2634
f 3671 2634 3670
f 3670 2634 2633
f 3670 2633 3669
f 3669 2633 2632
f 3669 2632 3668
f 3668 2632 2631
f 3668 2631 3667
f 3667 2631 2630
f 3667 2630 3666
f 3666 2630 2629
f 3666 2629 3665
f 3665 2629 2628
f 3665 2628 3664
f 3664 2628 2627
f 3664 2627 3663
f 3663 2627 2626
f 3663 2626 3662
f 3662 2626 2625
f 3662 2625 3661
f 3661 2625 2624
f 3661 2624 3660
f 3660 2624 2623
f 3660 2623 3659
f 3659 2623 2622
f 3659 2622 3658
f 3658 2622 2621
f 3658 2621 3657
f 3657 2621 2620
f 3657 2620 3656
f 3656 2620 2619
f 3656 2619 3655
f 3655 2619 2618
f 3655 2618 3654
f 3654 2618 2617
f 3654 2617 3653
f 3653 2617 2616
f 3653 2616 3652
f 3652 2616 2615
f 3652 2615 3651
f 3651 2615 2614
f 3651 2614 3650
f 3650 2614 2613
f 3650 2613 3649
f 3649 2613 2612
f 3649 2612 3648
f 3648 2612 2611
f 3648 2611 3647
f 3647 2611 2610
f 3647 2610 3646
f 3646 2610 2609
f 3646 2609 3645
f 3645 2609 2608
f 3645 2608 3644
f 3644 2608 2607
f 3644 2607 3643
f 3643 2607 2606
f 3643 2606 3642
f 3642 2606 2605
f 3642 2605 3641
f 3641 2605 2604
f 3641 2604 3640
f 3640 2604 2603
f 3640 2603 3639
f 3639 2603 2602
f 3639 2602 3638
f 3638 2602 2601
f 3638 2601 3637
f 3637 2601 2600
f 3637 2600 3636
f 3636 2600 2599
f 3636 2599 3635
f 3635 2599 2598
f 3635 2598 3634
f 3634 2598 2597
f 3634 2597 3633
f 3633 2597 2596
f 3633 2596 3632
f 3632 2596 2595
f 3632 2595 3631
f 3631 2595 2594
f 3631 2594 3630
f 3630 2594 2593
f 3630 2593 3629
f 3629 2593 2592
f 3629 2592 3628
f 3628 2592 2591
f 3628 2591 3627
f 3627 2591 2590
f 3627 2590 3626
f 3626 2590 2589
f 3626 2589 3625
f 3625 2589 2588
f 3625 2588 3624
f 3624 2588 2587
f 3624 2587 3623
f 3623 2587 2586
f 3623 2586 3622
f 3622 2586 2585
f 3622 2585 3621
f 3621 2585 2584
f 3621 2584 3620
f 3620 2584 2583
f 3620 2583 3619
f 3619 2583 2582
f 3619 2582 3618
f 3618 2582 2581
f 3618 2581 3617
f 3617 2581 2580
f 3617 2580 3616
f 3616 2580 2579
f 3616 2579 3615
f 3615 2579 2578
f 3615 2578 3614
f 3614 2578 2577
f 3614 2577 3613
f 3613 2577 2576
f 3613 2576 3612
f 3612 2576 2575
f 3612 2575 3611
f 3611 2575 2574
f 3611 2574 3610
f 3610 2574 2573
f 3610 2573 3609
f 3609 2573 2572
f 3609 2572 3608
f 3608 2572 2571
f 3608 2571 3607
f 3607 2571 2570
f 3607 2570 3606
f 3606 2570 2569
f 3606 2569 3605
f 3605 2569 2568
f 3605 2568 3604
f 3604 2568 2567
f 3604 2567 3603
f 3603 2567 2566
f 3603 2566 3602
f 3602 2566 2565
f 3602 2565 3601
f 3601 2565 2564
f 3601 2564 3600
f 3600 2564 2563
f 3600 2563 3599
f 3599 2563 2562
f 3599 2562 3598
f 3598 2562 2561
f 3598 2561 3597
f 3597 2561 2560
f 3597 2560 3596
f 3596 2560 2559
f 3596 2559 3595
f 3595 2559 2558
f 3595 2558 3594
f 3594 2558 2557
f 3594 2557 3593
f 3593 2557 2556
f 3593 2556 3592
f 3592 2556 2555
f 3592 2555 3591
f 3591 2555 2554
f 3591 2554 3590
f 3590 2554 2553
f 3590 2553 3589
f 3589 2553 2552
f 3589 2552 3588
f 3588 2552 2551
f 3588 2551 3587
f 3587 2551 2550
f 3587 2550 3586
f 3586 2550 2549
f 3586 2549 3585
f 3585 2549 2548
f 3585 2548 3584
f 3584 2548 2547
f 3584 2547 3583
f 3583 2547 2546
f 3583 2546 3582
f 3582 2546 2545
f 3582 2545 3581
f 3581 2545 2544
f 3581 2544 3580
f 3580 2544 2543
f 3580 2543 3579
f 3579 2543 2542
f 3579 2542 3578
f 3578 2542 2541
f 3578 2541 3577
f 3577 2541 2540
f 3577 2540 3576
f 3576 2540 2539
f 3576 2539 3575
f 3575 2539 2538
f 3575 2538 3574
f 3574 2538 2537
f 3574 2537 3573
f 3573 2537 2536
f 3573 2536 3572
f 3572 2536 2535
f 3572 2535 3571
f 3571 2535 2534
f 3571 2534 3570
f 3570 2534 2533
f 3570 2533 3569
f 3569 2533 2532
f 3569 2532 3568
f 3568 2532 2531
f 3568 2531 3567
f 3567 2531 2530
f 3567 2530 3566
f 3566 2530 2529
f 3566 2529 3565
f 3565 2529 2528
f 3565 2528 3564
f 3564 2528 2527
f 3564 2527 3563
f 3563 2527 2526
f 3563 2526 3562
f 3562 2526 2525
f 3562 2525 3561
f 3561 2525 2524
f 3561 2524 3560
f 3560 2524 2523
f 3560 2523 3559
f 3559 2523 2522
f 3559 2522 3558
f 3558 2522 2521
f 3558 2521 3557
f 3557 2521 2520
f 3557 2520 3556
f 3556 2520 2519
f 3556 2519 3555
f 3555 2519 2518
f 3555 2518 3554
f 3554 2518 2517
f 3554 2517 3553
f 3553 2517 2516
f 3553 2516 3552
f 3552 2516 2515
f 3552 2515 3551
f 3551 2515 2514
f 3551 2514 3550
f 3550 2514 2513
f 3550 2513 3549
f 3549 2513 2512
f 3549 2512 3548
f 3548 2512 2511
f 3548 2511 3547
f 3547 2511 2510
f 3547 2510 3546
f 3546 2510 2509
f 3546 2509 3545
f 3545 2509 2508
f 3545 2508 3544
f 3544 2508 2507
f 3544 2507 3543
f 3543 2507 2506
f 3543 2506 3542
f 3542 2506 2505
f 3542 2505 3541
f 3541 2505 2504
f 3541 2504 3540
f 3540 2504 2503
f 3540 2503 3539
f 3539 2503 2502
f 3539 2502 3538
f 3538 2502 2501
f 3538 2501 3537
f 3537 2501 2500
f 3537 2500 3536
f 3536 2500 2499
f 3536 2499 3535
f 3535 2499 2498
f 3535 2498 3534
f 3534 2498 2497
f 3534 2497 3533
f 3533 2497 2496
f 3533 2496 3532
f 3532 2496 2495
f 3532 2495 3531
f 3531 2495 2494
f 3531 2494 3530
f 3530 2494 2493
f 3530 2493 3529
f 3529 2493 2492
f 3529 2492 3528
f 3528 2492 2491
f 3528 2491 3527
f 3527 2491 2490
f 3527 2490 3526
f 3526 2490 2489
f 3526 2489 3525
f 3525 2489 2488
f 3525 2488 3524
f 3524 2488 2487
f 3524 2487 3523
f 3523 2487 2486
f 3523 2486 3522
f 3522 2486 2485
f 3522 2485 3521
f 3521 2485 2484
f 3521 2484 3520
f 3520 2484 2483
f 3520 2483 3519
f 3519 2483 2482
f 3519 2482 3518
f 3518 2482 2481
f 3518 2481 3517
f 3517 2481 2480
f 3517 2480 3516
f 3516 2480 2479
f 3516 2479 3515
f 3515 2479 2478
f 3515 2478 3514
f 3514 2478 2477
f 3514 2477 3513
f 3513 2477 2476
f 3513 2476 3512
f 3512 2476 2475
f 3512 2475 3511
f 3511 2475 2474
f 3511 2474 3510
f 3510 2474 2473
f 3510 2473 3509
f 3509 2473 2472
f 3509 2472 3508
f 3508 2472 2471
f 3508 2471 3507
f 3507 2471 2470
f 3507 2470 3506
f 3506 2470 2469
f 3506 2469 3505
f 3505 2469 2468
f 3505 2468 3504
f 3504 2468 2467
f 3504 2467 3503
f 3503 2467 2466
f 3503 2466 3502
f 3502 2466 2465
f 3502 2465 3501
f 3501 2465 2464
f 3501 2464 3500
f 3500 2464 2463
f 3500 2463 3499
f 3499 2463 2462
f 3499 2462 3498
f 3498 2462 2461
f 3498 2461 3497
f 3497 2461 2460
f 3497 2460 3496
f 3496 2460 2459
f 3496 2459 3495
f 3495 2459 2458
f 3495 2458 3494
f 3494 2458 2457
f 3494 2457 3493
f 3493 2457 2456
f 3493 2456 3492
f 3492 2456 2455
f 3492 2455 3491
f 3491 2455 2454
f 3491 2454 3490
f 3490 2454 2453
f 3490 2453 3489
f 3489 2453 2452
f 3489 2452 3488
f 3488 2452 2451
f 3488 2451 3487
f 3487 2451 2450
f 3487 2450 3486
f 3486 2450 2449
f 3486 2449 3485
f 3485 2449 2448
f 3485 2448 3484
f 3484 2448 2447
f 3484 2447 3483
f 3483 2447 2446
f 3483 2446 3482
f 3482 2446 2445
f 3482 2445 3481
f 3481 2445 2444
f 3481 2444 3480
f 3480 2444 2443
f 3480 2443 3479
f 3479 2443 2442
f 3479 2442 3478
f 3478 2442 2441
f 3478 2441 3477
f 3477 2441 2440
f 3477 2440 3476
f 3476 2440 2439
f 3476 2439 3475
f 3475 2439 2438
f 3475 2438 3474
f 3474 2438 2437
f 3474 2437 3473
f 3473 2437 2436
f 3473 2436 3472
f 3472 2436 2435
f 3472 2435 3471
f 3471 2435 2434
f 3471 2434 3470
f 3470 2434 2433
f 3470 2433 3469
f 3469 2433 2432
f 3469 2432 3468
f 3468 2432 2431
f 3468 2431 3467
f 3467 2431 2430
f 3467 2430 3466
f 3466 2430 2429
f 3466 2429 3465
f 3465 2429 2428
f 3465 2428 3464
f 3464 2428 2427
f 3464 2427 3463
f 3463 2427 2426
f 3463 2426 3462
f 3462 2426 2425
f 3462 2425 3461
f 3461 2425 2424
f 3461 2424 3460
f 3460 2424 2423
f 3460 2423 3459
f 3459 2423 2422
f 3459 2422 3458
f 3458 2422 2421
f 3458 2421 3457
f 3457 2421 2420
f 3457 2420 3456
f 3456 2420 2419
f 3456 2419 3455
f 3455 2419 2418
f 3455 2418 3454
f 3454 2418 2417
f 3454 2417 3453
f 3453 2417 2416
f 3453 2416 3452
f 3452 2416 2415
f 3452 2415 3451
f 3451 2415 2414
f 3451 2414 3450
f 3450 2414 2413
f 3450 2413 3449
f 3449 2413 2412
f 3449 2412 3448
f 3448 2412 2411
f 3448 2411 3447
f 3447 2411 2410
f 3447 2410 3446
f 3446 2410 2409
f 3446 2409 3445
f 3445 2409 2408
f 3445 2408 3444
f 3444 2408 2407
f 3444 2407 3443
f 3443 2407 2406
f 3443 2406 3442
f 3442 2406 2405
f 3442 2405 3441
f 3441 2405 2404
f 3441 2404 3440
f 3440 2404 2403
f 3440 2403 3439
f 3439 2403 2402
f 3439 2402 3438
f 3438 2402 2401
f 3438 2401 3437
f 3437 2401 2400
f 3437 2400 3436
f 3436 2400 2399
f 3436 2399 3435
f 3435 2399 2398
f 3435 2398 3434
f 3434 2398 2397
f 3434 2397 3433
f 3433 2397 2396
f 3433 2396 3432
f 3432 2396 2395
f 3432 2395 3431
f 3431 2395 2394
f 3431 2394 3430
f 3430 2394 2393
f 3430 2393 3429
f 3429 2393 2392
f 3429 2392 3428
f 3428 2392 2391
f 3428 2391 3427
f 3427 2391 2390
f 3427 2390 3426
f 3426 2390 2389
f 3426 2389 3425
f 3425 2389 2388
f 3425 2388 3424
f 3424 2388 2387
f 3424 2387 3423
f 3423 2387 2386
f 3423 2386 3422
f 3422 2386 2385
f 3422 2385 3421
f 3421 2385 2384
f 3421 2384 3420
f 3420 2384 2383
f 3420 2383 3419
f 3419 2383 2382
f 3419 2382 3418
f 3418 2382 2381
f 3418 2381 3417
f 3417 2381 2380
f 3417 2380 3416
f 3416 2380 2379
f 3416 2379 3415
f 3415 2379 2378
f 3415 2378 3414
f 3414 2378 2377
f 3414 2377 3413
f 3413 2377 2376
f 3413 2376 3412
f 3412 2376 2375
f 3412 2375 3411
f 3411 2375 2374
f 3411 2374 3410
f 3410 2374 2373
f 3410 2373 3409
f 3409 2373 2372
f 3409 2372 3408
f 3408 2372 2371
f 3408 2371 3407
f 3407 2371 2370
f 3407 2370 3406
f 3406 2370 2369
f 3406 2369 3405
f 3405 2369 2368
f 3405 2368 3404
f 3404 2368 2367
f 3404 2367 3403
f 3403 2367 2366
f 3403 2366 3402
f 3402 2366 2365
f 3402 2365 3401
f 3401 2365 2364
f 3401 2364 3400
f 3400 2364 2363
f 3400 2363 3399
f 3399 2363 2362
f 3399 2362 3398
f 3398 2362 2361
f 3398 2361 3397
f 3397 2361 2360
f 3397 2360 3396
f 3396 2360 2359
f 3396 2359 3395
f 3395 2359 2358
f 3395 2358 3394
f 3394 2358 2357
f 3394 2357 3393
f 3393 2357 2356
f 3393 2356 3392
f 3392 2356 2355
f 3392 2355 3391
f 3391 2355 2354
f 3391 2354 3390
f 3390 2354 2353
f 3390 2353 3389
f 3389 2353 2352
f 3389 2352 3388
f 3388 2352 2351
f 3388 2351 3387
f 3387 2351 2350
f 3387 2350 3386
f 3386 2350 2349
f 3386 2349 3385
f 3385 2349 2348
f 3385 2348 3384
f 3384 2348 2347
f 3384 2347 3383
f 3383 2347 2346
f 3383 2346 3382
f 3382 2346 2345
f 3382 2345 3381
f 3381 2345 2344
f 3381 2344 3380
f 3380 2344 2343
f 3380 2343 3379
f 3379 2343 2342
f 3379 2342 3378
f 3378 2342 2341
f 3378 2341 3377
f 3377 2341 2340
f 3377 2340 3376
f 3376 2340 2339
f 3376 2339 3375
f 3375 2339 2338
f 3375 2338 3374
f 3374 2338 2337
f 3374 2337 3373
f 3373 2337 2336
f 3373 2336 3372
f 3372 2336 2335
f 3372 2335 3371
f 3371 2335 2334
f 3371 2334 3370
f 3370 2334 2333
f 3370 2333 3369
f 3369 2333 2332
f 3369 2332 3368
f 3368 2332 2331
f 3368 2331 3367
f 3367 2331 2330
f 3367 2330 3366
f 3366 2330 2329
f 3366 2329 3365
f 3365 2329 2328
f 3365 2328 3364
f 3364 2328 2327
f 3364 2327 3363
f 3363 2327 2326
f 3363 2326 3362
f 3362 2326 2325
f 3362 2325 3361
f 3361 2325 2324
f 3361 2324 3360
f 3360 2324 2323
f 3360 2323 3359
f 3359 2323 2322
f 3359 2322 3358
f 3358 2322 2321
f 3358 2321 3357
f 3357 2321 2320
f 3357 2320 3356
f 3356 2320 2319
f 3356 2319 3355
f 3355 2319 2318
f 3355 2318 3354
f 3354 2318 2317
f 3354 2317 3353
f 3353 2317 2316
f 3353 2316 3352
f 3352 2316 2315
f 3352 2315 3351
f 3351 2315 2314
f 3351 2314 3350
f 3350 2314 2313
f 3350 2313 3349
f 3349 2313 2312
f 3349 2312 3348
f 3348 2312 2311
f 3348 2311 3347
f 3347 2311 2310
f 3347 2310 3346
f 3346 2310 2309
f 3346 2309 3345
f 3345 2309 2308
f 3345 2308 3344
f 3344 2308 2307
f 3344 2307 3343
f 3343 2307 2306
f 3343 2306 3342
f 3342 2306 2305
f 3342 2305 3341
f 3341 2305 2304
f 3341 2304 3340
f 3340 2304 2303
f 3340 2303 3339
f 3339 2303 2302
f 3339 2302 3338
f 3338 2302 2301
f 3338 2301 3337
f 3337 2301 2300
f 3337 2300 3336
f 3336 2300 2299
f 3336 2299 3335
f 3335 2299 2298
f 3335 2298 3334
f 3334 2298 2297
f 3334 2297 3333
f 3333 2297 2296
f 3333 2296 3332
f 3332 2296 2295
f 3332 2295 3331
f 3331 2295 2294
f 3331 2294 3330
f 3330 2294 2293
f 3330 2293 3329
f 3329 2293 2292
f 3329 2292 3328
f 3328 2292 2291
f 3328 2291 3327
f 3327 2291 2290
f 3327 2290 3326
f 3326 2290 2289
f 3326 2289 3325
f 3325 2289 2288
f 3325 2288 3324
f 3324 2288 2287
f 3324 2287 3323
f 3323 2287 2286
f 3323 2286 3322
f 3322 2286 2285
f 3322 2285 3321
f 3321 2285 2284
f 3321 2284 3320
f 3320 2284 2283
f 3320 2283 3319
f 3319 2283 2282
f 3319 2282 3318
f 3318 2282 2281
f 3318 2281 3317
f 3317 2281 2280
f 3317 2280 3316
f 3316 2280 2279
f 3316 2279 3315
f 3315 2279 2278
f 3315 2278 3314
f 3314 2278 2277
f 3314 2277 3313
f 3313 2277 2276
f 3313 2276 3312
f 3312 2276 2275
f 3312 2275 3311
f 3311 2275 2274
f 3311 2274 3310
f 3310 2274 2273
f 3310 2273 3309
f 3309 2273 2272
f 3309 2272 3308
f 3308 2272 2271
f 3308 2271 3307
f 3307 2271 2270
f 3307 2270 3306
f 3306 2270 2269
f 3306 2269 3305
f 3305 2269 2268
f 3305 2268 3304
f 3304 2268 2267
f 3304 2267 3303
f 3303 2267 2266
f 3303 2266 3302
f 3302 2266 2265
f 3302 2265 3301
f 3301 2265 2264
f 3301 2264 3300
f 3300 2264 2263
f 3300 2263 3299
f 3299 2263 2262
f 3299 2262 3298
f 3298 2262 2261
f 3298 2261 3297
f 3297 2261 2260
f 3297 2260 3296
f 3296 2260 2259
f 3296 2259 3295
f 3295 2259 2258
f 3295 2258 3294
f 3294 2258 2257
f 3294 2257 3293
f 3293 2257 2256
f 3293 2256 3292
f 3292 2256 2255
f 3292 2255 3291
f 3291 2255 2254
f 3291 2254 3290
f 3290 2254 2253
f 3290 2253 3289
f 3289 2253 2252
f 3289 2252 3288
f 3288 2252 2251
f 3288 2251 3287
f 3287 2251 2250
f 3287 2250 3286
f 3286 2250 2249
f 3286 2249 3285
f 3285 2249 2248
f 3285 2248 3284
f 3284 2248 2247
f 3284 2247 3283
f 3283 2247 2246
f 3283 2246 3282
f 3282 2246 2245
f 3282 2245 3281
f 3281 2245 2244
f 3281 2244 3280
f 3280 2244 2243
f 3280 2243 3279
f 3279 2243 2242
f 3279 2242 3278
f 3278 2242 2241
f 3278 2241 3277
f 3277 2241 2240
f 3277 2240 3276
f 3276 2240 2239
f 3276 2239 3275
f 3275 2239 2238
f 3275 2238 3274
f 3274 2238 2237
f 3274 2237 3273
f 3273 2237 2236
f 3273 2236 3272
f 3272 2236 2235
f 3272 2235 3271
f 3271 2235 2234
f 3271 2234 3270
f 3270 2234 2233
f 3270 2233 3269
f 3269 2233 2232
f 3269 2232 3268
f 3268 2232 2231
f 3268 2231 3267
f 3267 2231 2230
f 3267 2230 3266
f 3266 2230 2229
f 3266 2229 3265
f 3265 2229 2228
f 3265 2228 3264
f 3264 2228 2227
f 3264 2227 3263
f 3263 2227 2226
f 3263 2226 3262
f 3262 2226 2225
f 3262 2225 3261
f 3261 2225 2224
f 3261 2224 3260
f 3260 2224 2223
f 3260 2223 3259
f 3259 2223 2222
f 3259 2222 3258
f 3258 2222 2221
f 3258 2221 3257
f 3257 2221 2220
f 3257 2220 3256
f 3256 2220 2219
f 3256 2219 3255
f 3255 2219 2218
f 3255 2218 3254
f 3254 2218 2217
f 3254 2217 3253
f 3253 2217 2216
f 3253 2216 3252
f 3252 2216 2215
f 3252 2215 3251
f 3251 2215 2214
f 3251 2214 3250
f 3250 2214 2213
f 3250 2213 3249
f 3249 2213 2212
f 3249 2212 3248
f 3248 2212 2211
f 3248 2211 3247
f 3247 2211 2210
f 3247 2210 3246
f 3246 2210 2209
f 3246 2209 3245
f 3245 2209 2208
f 3245 2208 3244
f 3244 2208 2207
f 3244 2207 3243
f 3243 2207 2206
f 3243 2206 3242
f 3242 2206 2205
f 3242 2205 3241
f 3241 2205 2204
f 3241 2204 3240
f 3240 2204 2203
f 3240 2203 3239
f 3239 2203 2202
f 3239 2202 3238
f 3238 2202 2201
f 3238 2201 3237
f 3237 2201 2200
f 3237 2200 3236
f 3236 2200 2199
f 3236 2199 3235
f 3235 2199 2198
f 3235 2198 3234
f 3234 2198 2197
f 3234 2197 3233
f 3233 2197 2196
f 3233 2196 3232
f 3232 2196 2195
f 3232 2195 3231
f 3231 2195 2194
f 3231 2194 3230
f 3230 2194 2193
f 3230 2193 3229
f 3229 2193 2192
f 3229 2192 3228
f 3228 2192 2191
f 3228 2191 3227
f 3227 2191 2190
f 3227 2190 3226
f 3226 2190 2189
f 3226 2189 3225
f 3225 2189 2188
f 3225 2188 3224
f 3224 2188 2187
f 3224 2187 3223
f 3223 2187 2186
f 3223 2186 3222
f 3222 2186 2185
f 3222 2185 3221
f 3221 2185 2184
f 3221 2184 3220
f 3220 2184 2183
f 3220 2183 3219
f 3219 2183 2182
f 3219 2182 3218
f 3218 2182 2181
f 3218 2181 3217
f 3217 2181 2180
f 3217 2180 3216
f 3216 2180 2179
f 3216 2179 3215
f 3215 2179 2178
f 3215 2178 3214
f 3214 2178 2177
f 3214 2177 3213
f 3213 2177 2176
f 3213 2176 3212
f 3212 2176 2175
f 3212 2175 3211
f 3211 2175 2174
f 3211 2174 3210
f 3210 2174 2173
f 3210 2173 3209
f 3209 2173 2172
f 3209 2172 3208
f 3208 2172 2171
f 3208 2171 3207
f 3207 2171 2170
f 3207 2170 3206
f 3206 2170 2169
f 3206 2169 3205
f 3205 2169 2168
f 3205 2168 3204
f 3204 2168 2167
f 3204 2167 3203
f 3203 2167 2166
f 3203 2166 3202
f 3202 2166 2165
f 3202 2165 3201
f 3201 2165 2164
f 3201 2164 3200
f 3200 2164 2163
f 3200 2163 3199
f 3199 2163 2162
f 3199 2162 3198
f 3198 2162 2161
f 3198 2161 3197
f 3197 2161 2160
f 3197 2160 3196
f 3196 2160 2159
f 3196 2159 3195
f 3195 2159 2158
f 3195 2158 3194
f 3194 2158 2157
f 3194 2157 3193
f 3193 2157 2156
f 3193 2156 3192
f 3192 2156 2155
f 3192 2155 3191
f 3191 2155 2154
f 3191 2154 3190
f 3190 2154 2153
f 3190 2153 3189
f 3189 2153 2152
f 3189 2152 3188
f 3188 2152 2151
f 3188 2151 3187
f 3187 2151 2150
f 3187 2150 3186
f 3186 2150 2149
f 3186 2149 3185
f 3185 2149 2148
f 3185 2148 3184
f 3184 2148 2147
f 3184 2147 3183
f 3183 2147 2146
f 3183 2146 3182
f 3182 2146 2145
f 3182 2145 3181
f 3181 2145 2144
f 3181 2144 3180
f 3180 2144 2143
f 3180 2143 3179
f 3179 2143 2142
f 3179 2142 3178
f 3178 2142 2141
f 3178 2141 3177
f 3177 2141 2140
f 3177 2140 3176
f 3176 2140 2139
f 3176 2139 3175
f 3175 2139 2138
f 3175 2138 3174
f 3174 2138 2137
f 3174 2137 3173
f 3173 2137 2136
f 3173 2136 3172
f 3172 2136 2135
f 3172 2135 3171
f 3171 2135 2134
f 3171 2134 3170
f 3170 2134 2133
f 3170 2133 3169
f 3169 2133 2132
f 3169 2132 3168
f 3168 2132 2131
f 3168 2131 3167
f 3167 2131 2130
f 3167 2130 3166
f 3166 2130 2129
f 3166 2129 3165
f 3165 2129 2128
f 3165 2128 3164
f 3164 2128 2127
f 3164 2127 3163
f 3163 2127 2126
f 3163 2126 3162
f 3162 2126 2125
f 3162 2125 3161
f 3161 2125 2124
f 3161 2124 3160
f 3160 2124 2123
f 3160 2123 3159
f 3159 2123 2122
f 3159 2122 3158
f 3158 2122 2121
f 3158 2121 3157
f 3157 2121 2120
f 3157 2120 3156
f 3156 2120 2119
f 3156 2119 3155
f 3155 2119 2118
f 3155 2118 3154
f 3154 2118 2117
f 3154 2117 3153
f 3153 2117 2116
f 3153 2116 3152
f 3152 2116 2115
f 3152 2115 3151
f 3151 2115 2114
f 3151 2114 3150
f 3150 2114 2113
f 3150 2113 3149
f 3149 2113 2112
f 3149 2112 3148
f 3148 2112 2111
f 3148 2111 3147
f 3147 2111 2110
f 3147 2110 3146
f 3146 2110 2109
f 3146 2109 3145
f 3145 2109 2108
f 3145 2108 3144
f 3144 2108 2107
f 3144 2107 3143
f 3143 2107 2106
f 3143 2106 3142
f 3142 2106 2105
f 3142 2105 3141
f 3141 2105 2104
f 3141 2104 3140
f 3140 2104 2103
f 3140 2103 3139
f 3139 2103 2102
f 3139 2102 3138
f 3138 2102 2101
f 3138 2101 3137
f 3137 2101 2100
f 3137 2100 3136
f 3136 2100 2099
f 3136 2099 3135
f 3135 2099 2098
f 3135 2098 3134
f 3134 2098 2097
f 3134 2097 3133
f 3133 2097 2096
f 3133 2096 3132
f 3132 2096 2095
f 3132 2095 3131
f 3131 2095 2094
f 3131 2094 3130
f 3130 2094 2093
f 3130 2093 3129
f 3129 2093 2092
f 3129 2092 3128
f 3128 2092 2091
f 3128 2091 3127
f 3127 2091 2090
f 3127 2090 3126
f 3126 2090 2089
f 3126 2089 3125
f 3125 2089 2088
f 3125 2088 3124
f 3124 2088 2087
f 3124 2087 3123
f 3123 2087 2086
f 3123 2086 3122
f 3122 2086 2085
f 3122 2085 3121
f 3121 2085 2084
f 3121 2084 3120
f 3120 2084 2083
f 3120 2083 3119
f 3119 2083 2082
f 3119 2082 3118
f 3118 2082 3117
f 3117 2082 2081
f 3117 2081 3116
f 3116 2081 3115
f 3115 2081 2080
f 4148 16 3104
f 3104 16 15
f 3104 15 4154
f 4154 15 14
f 4154 14 4153
f 4153 14 13
f 4153 13 4152
f 4152 13 12
f 16 4148 17
f 17 4148 4147
f 17 4147 18
f 18 4147 4146
f 18 4146 19
f 19 4146 4145
f 19 4145 20
f 20 4145 4144
f 20 4144 21
f 21 4144 4143
f 21 4143 22
f 22 4143 4142
f 22 4142 23
f 23 4142 4141
f 23 4141 24
f 24 4141 4140
f 24 4140 25
f 25 4140 4139
f 25 4139 26
f 26 4139 4138
f 26 4138 27
f 27 4138 4137
f 27 4137 28
f 28 4137 4136
f 28 4136 29
f 29 4136 4135
f 29 4135 30
f 30 4135 4134
f 30 4134 31
f 31 4134 4133
f 31 4133 32
f 32 4133 4132
f 32 4132 33
f 33 4132 4131
f 33 4131 34
f 34 4131 4130
f 34 4130 35
f 35 4130 4129
f 35 4129 36
f 36 4129 4128
f 36 4128 37
f 37 4128 4127
f 37 4127 38
f 38 4127 4126
f 38 4126 39
f 39 4126 4125
f 39 4125 40
f 40 4125 4124
f 40 4124 41
f 41 4124 4123
f 41 4123 42
f 42 4123 4122
f 42 4122 43
f 43 4122 4121
f 43 4121 44
f 44 4121 4120
f 44 4120 45
f 45 4120 4119
f 45 4119 46
f 46 4119 4118
f 46 4118 47
f 47 4118 4117
f 47 4117 48
f 48 4117 4116
f 48 4116 49
f 49 4116 4115
f 49 4115 50
f 50 4115 4114
f 50 4114 51
f 51 4114 4113
f 51 4113 52
f 52 4113 4112
f 52 4112 53
f 53 4112 4111
f 53 4111 54
f 54 4111 4110
f 54 4110 55
f 55 4110 4109
f 55 4109 56
f 56 4109 4108
f 56 4108 57
f 57 4108 4107
f 57 4107 58
f 58 4107 4106
f 58 4106 59
f 59 4106 4105
f 59 4105 60
f 60 4105 4104
f 60 4104 61
f 61 4104 4103
f 61 4103 62
f 62 4103 4102
f 62 4102 63
f 63 4102 4101
f 63 4101 64
f 64 4101 4100
f 64 4100 65
f 65 4100 4099
f 65 4099 66
f 66 4099 4098
f 66 4098 67
f 67 4098 4097
f 67 4097 68
f 68 4097 4096
f 68 4096 69
f 69 4096 4095
f 69 4095 70
f 70 4095 4094
f 70 4094 71
f 71 4094 4093
f 71 4093 72
f 72 4093 4092
f 72 4092 73
f 73 4092 4091
f 73 4091 74
f 74 4091 4090
f 74 4090 75
f 75 4090 4089
f 75 4089 76
f 76 4089 4088
f 76 4088 77
f 77 4088 4087
f 77 4087 78
f 78 4087 4086
f 78 4086 79
f 79 4086 4085
f 79 4085 80
f 80 4085 4084
f 80 4084 81
f 81 4084 4083
f 81 4083 82
f 82 4083 4082
f 82 4082 83
f 83 4082 4081
f 83 4081 84
f 84 4081 4080
f 84 4080 85
f 85 4080 4079
f 85 4079 86
f 86 4079 4078
f 86 4078 87
f 87 4078 4077
f 87 4077 88
f 88 4077 4076
f 88 4076 89
f 89 4076 4075
f 89 4075 90
f 90 4075 4074
f 90 4074 91
f 91 4074 4073
f 91 4073 92
f 92 4073 4072
f 92 4072 93
f 93 4072 4071
f 93 4071 94
f 94 4071 4070
f 94 4070 95
f 95 4070 4069
f 95 4069 96
f 96 4069 4068
f 96 4068 97
f 97 4068 4067
f 97 4067 98
f 98 4067 4066
f 98 4066 99
f 99 4066 4065
f 99 4065 100
f 100 4065 4064
f 100 4064 101
f 101 4064 4063
f 101 4063 102
f 102 4063 4062
f 102 4062 103
f 103 4062 4061
f 103 4061 104
f 104 4061 4060
f 104 4060 105
f 105 4060 4059
f 105 4059 106
f 106 4059 4058
f 106 4058 107
f 107 4058 4057
f 107 4057 108
f 108 4057 4056
f 108 4056 109
f 109 4056 4055
f 109 4055 110
f 110 4055 4054
f 110 4054 111
f 111 4054 4053
f 111 4053 112
f 112 4053 4052
f 112 4052 113
f 113 4052 4051
f 113 4051 114
f 114 4051 4050
f 114 4050 115
f 115 4050 4049
f 115 4049 116
f 116 4049 4048
f 116 4048 117
f 117 4048 4047
f 117 4047 118
f 118 4047 4046
f 118 4046 119
f 119 4046 4045
f 119 4045 120
f 120 4045 4044
f 120 4044 121
f 121 4044 4043
f 121 4043 122
f 122 4043 4042
f 122 4042 123
f 123 4042 4041
f 123 4041 124
f 124 4041 4040
f 124 4040 125
f 125 4040 4039
f 125 4039 126
f 126 4039 4038
f 126 4038 127
f 127 4038 4037
f 127 4037 128
f 128 4037 4036
f 128 4036 129
f 129 4036 4035
f 129 4035 130
f 130 4035 4034
f 130 4034 131
f 131 4034 4033
f 131 4033 132
f 132 4033 4032
f 132 4032 133
f 133 4032 4031
f 133 4031 134
f 134 4031 4030
f 134 4030 135
f 135 4030 4029
f 135 4029 136
f 136 4029 4028
f 136 4028 137
f 137 4028 4027
f 137 4027 138
f 138 4027 4026
f 138 4026 139
f 139 4026 4025
f 139 4025 140
f 140 4025 4024
f 140 4024 141
f 141 4024 4023
f 141 4023 142
f 142 4023 4022
f 142 4022 143
f 143 4022 4021
f 143 4021 144
f 144 4021 4020
f 144 4020 145
f 145 4020 4019
f 145 4019 146
f 146 4019 4018
f 146 4018 147
f 147 4018 4017
f 147 4017 148
f 148 4017 4016
f 148 4016 149
f 149 4016 4015
f 149 4015 150
f 150 4015 4014
f 150 4014 151
f 151 4014 4013
f 151 4013 152
f 152 4013 4012
f 152 4012 153
f 153 4012 4011
f 153 4011 154
f 154 4011 4010
f 154 4010 155
f 155 4010 4009
f 155 4009 156
f 156 4009 4008
f 156 4008 157
f 157 4008 4007
f 157 4007 158
f 158 4007 4006
f 158 4006 159
f 159 4006 4005
f 159 4005 160
f 160 4005 4004
f 160 4004 161
f 161 4004 4003
f 161 4003 162
f 162 4003 4002
f 162 4002 163
f 163 4002 4001
f 163 4001 164
f 164 4001 4000
f 164 4000 165
f 165 4000 3999
f 165 3999 166
f 166 3999 3998
f 166 3998 167
f 167 3998 3997
f 167 3997 168
f 168 3997 3996
f 168 3996 169
f 169 3996 3995
f 169 3995 170
f 170 3995 3994
f 170 3994 171
f 171 3994 3993
f 171 3993 172
f 172 3993 3992
f 172 3992 173
f 173 3992 3991
f 173 3991 174
f 174 3991 3990
f 174 3990 175
f 175 3990 3989
f 175 3989 176
f 176 3989 3988
f 176 3988 177
f 177 3988 3987
f 177 3987 178
f 178 3987 3986
f 178 3986 179
f 179 3986 3985
f 179 3985 180
f 180 3985 3984
f 180 3984 181
f 181 3984 3983
f 181 3983 182
f 182 3983 3982
f 182 3982 183
f 183 3982 3981
f 183 3981 184
f 184 3981 3980
f 184 3980 185
f 185 3980 3979
f 185 3979 186
f 186 3979 3978
f 186 3978 187
f 187 3978 3977
f 187 3977 188
f 188 3977 3976
f 188 3976 189
f 189 3976 3975
f 189 3975 190
f 190 3975 3974
f 190 3974 191
f 191 3974 3973
f 191 3973 192
f 192 3973 3972
f 192 3972 193
f 193 3972 3971
f 193 3971 194
f 194 3971 3970
f 194 3970 195
f 195 3970 3969
f 195 3969 196
f 196 3969 3968
f 196 3968 197
f 197 3968 3967
f 197 3967 198
f 198 3967 3966
f 198 3966 199
f 199 3966 3965
f 199 3965 200
f 200 3965 3964
f 200 3964 201
f 201 3964 3963
f 201 3963 202
f 202 3963 3962
f 202 3962 203
f 203 3962 3961
f 203 3961 204
f 204 3961 3960
f 204 3960 205
f 205 3960 3959
f 205 3959 206
f 206 3959 3958
f 206 3958 207
f 207 3958 3957
f 207 3957 208
f 208 3957 3956
f 208 3956 209
f 209 3956 3955
f 209 3955 210
f 210 3955 3954
f 210 3954 211
f 211 3954 3953
f 211 3953 212
f 212 3953 3952
f 212 3952 213
f 213 3952 3951
f 213 3951 214
f 214 3951 3950
f 214 3950 215
f 215 3950 3949
f 215 3949 216
f 216 3949 3948
f 216 3948 217
f 217 3948 3947
f 217 3947 218
f 218 3947 3946
f 218 3946 219
f 219 3946 3945
f 219 3945 220
f 220 3945 3944
f 220 3944 221
f 221 3944 3943
f 221 3943 222
f 222 3943 3942
f 222 3942 223
f 223 3942 3941
f 223 3941 224
f 224 3941 3940
f 224 3940 225
f 225 3940 3939
f 225 3939 226
f 226 3939 3938
f 226 3938 227
f 227 3938 3937
f 227 3937 228
f 228 3937 3936
f 228 3936 229
f 229 3936 3935
f 229 3935 230
f 230 3935 3934
f 230 3934 231
f 231 3934 3933
f 231 3933 232
f 232 3933 3932
f 232 3932 233
f 233 3932 3931
f 233 3931 234
f 234 3931 3930
f 234 3930 235
f 235 3930 3929
f 235 3929 236
f 236 3929 3928
f 236 3928 237
f 237 3928 3927
f 237 3927 238
f 238 3927 3926
f 238 3926 239
f 239 3926 3925
f 239 3925 240
f 240 3925 3924
f 240 3924 241
f 241 3924 3923
f 241 3923 242
f 242 3923 3922
f 242 3922 243
f 243 3922 3921
f 243 3921 244
f 244 3921 3920
f 244 3920 245
f 245 3920 3919
f 245 3919 246
f 246 3919 3918
f 246 3918 247
f 247 3918 3917
f 247 3917 248
f 248 3917 3916
f 248 3916 249
f 249 3916 3915
f 249 3915 250
f 250 3915 3914
f 250 3914 251
f 251 3914 3913
f 251 3913 252
f 252 3913 3912
f 252 3912 253
f 253 3912 3911
f 253 3911 254
f 254 3911 3910
f 254 3910 255
f 255 3910 3909
f 255 3909 256
f 256 3909 3908
f 256 3908 257
f 257 3908 3907
f 257 3907 258
f 258 3907 3906
f 258 3906 259
f 259 3906 3905
f 259 3905 260
f 260 3905 3904
f 260 3904 261
f 261 3904 3903
f 261 3903 262
f 262 3903 3902
f 262 3902 263
f 263 3902 3901
f 263 3901 264
f 264 3901 3900
f 264 3900 265
f 265 3900 3899
f 265 3899 266
f 266 3899 3898
f 266 3898 267
f 267 3898 3897
f 267 3897 268
f 268 3897 3896
f 268 3896 269
f 269 3896 3895
f 269 3895 270
f 270 3895 3894
f 270 3894 271
f 271 3894 3893
f 271 3893 272
f 272 3893 3892
f 272 3892 273
f 273 3892 3891
f 273 3891 274
f 274 3891 3890
f 274 3890 275
f 275 3890 3889
f 275 3889 276
f 276 3889 3888
f 276 3888 277
f 277 3888 3887
f 277 3887 278
f 278 3887 3886
f 278 3886 279
f 279 3886 3885
f 279 3885 280
f 280 3885 3884
f 280 3884 281
f 281 3884 3883
f 281 3883 282
f 282 3883 3882
f 282 3882 283
f 283 3882 3881
f 283 3881 284
f 284 3881 3880
f 284 3880 285
f 285 3880 3879
f 285 3879 286
f 286 3879 3878
f 286 3878 287
f 287 3878 3877
f 287 3877 288
f 288 3877 3876
f 288 3876 289
f 289 3876 3875
f 289 3875 290
f 290 3875 3874
f 290 3874 291
f 291 3874 3873
f 291 3873 292
f 292 3873 3872
f 292 3872 293
f 293 3872 3871
f 293 3871 294
f 294 3871 3870
f 294 3870 295
f 295 3870 3869
f 295 3869 296
f 296 3869 3868
f 296 3868 297
f 297 3868 3867
f 297 3867 298
f 298 3867 3866
f 298 3866 299
f 299 3866 3865
f 299 3865 300
f 300 3865 3864
f 300 3864 301
f 301 3864 3863
f 301 3863 302
f 302 3863 3862
f 302 3862 303
f 303 3862 3861
f 303 3861 304
f 304 3861 3860
f 304 3860 305
f 305 3860 3859
f 305 3859 306
f 306 3859 3858
f 306 3858 307
f 307 3858 3857
f 307 3857 308
f 308 3857 3856
f 308 3856 309
f 309 3856 3855
f 309 3855 310
f 310 3855 3854
f 310 3854 311
f 311 3854 3853
f 311 3853 312
f 312 3853 3852
f 312 3852 313
f 313 3852 3851
f 313 3851 314
f 314 3851 3850
f 314 3850 315
f 315 3850 3849
f 315 3849 316
f 316 3849 3848
f 316 3848 317
f 317 3848 3847
f 317 3847 318
f 318 3847 3846
f 318 3846 319
f 319 3846 3845
f 319 3845 320
f 320 3845 3844
f 320 3844 321
f 321 3844 3843
f 321 3843 322
f 322 3843 3842
f 322 3842 323
f 323 3842 3841
f 323 3841 324
f 324 3841 3840
f 324 3840 325
f 325 3840 3839
f 325 3839 326
f 326 3839 3838
f 326 3838 327
f 327 3838 3837
f 327 3837 328
f 328 3837 3836
f 328 3836 329
f 329 3836 3835
f 329 3835 330
f 330 3835 3834
f 330 3834 331
f 331 3834 3833
f 331 3833 332
f 332 3833 3832
f 332 3832 333
f 333 3832 3831
f 333 3831 334
f 334 3831 3830
f 334 3830 335
f 335 3830 3829
f 335 3829 336
f 336 3829 3828
f 336 3828 337
f 337 3828 3827
f 337 3827 338
f 338 3827 3826
f 338 3826 339
f 339 3826 3825
f 339 3825 340
f 340 3825 3824
f 340 3824 341
f 341 3824 3823
f 341 3823 342
f 342 3823 3822
f 342 3822 343
f 343 3822 3821
f 343 3821 344
f 344 3821 3820
f 344 3820 345
f 345 3820 3819
f 345 3819 346
f 346 3819 3818
f 346 3818 347
f 347 3818 3817
f 347 3817 348
f 348 3817 3816
f 348 3816 349
f 349 3816 3815
f 349 3815 350
f 350 3815 3814
f 350 3814 351
f 351 3814 3813
f 351 3813 352
f 352 3813 3812
f 352 3812 353
f 353 3812 3811
f 353 3811 354
f 354 3811 3810
f 354 3810 355
f 355 3810 3809
f 355 3809 356
f 356 3809 3808
f 356 3808 357
f 357 3808 3807
f 357 3807 358
f 358 3807 3806
f 358 3806 359
f 359 3806 3805
f 359 3805 360
f 360 3805 3804
f 360 3804 361
f 361 3804 3803
f 361 3803 362
f 362 3803 3802
f 362 3802 363
f 363 3802 3801
f 363 3801 364
f 364 3801 3800
f 364 3800 365
f 365 3800 3799
f 365 3799 366
f 366 3799 3798
f 366 3798 367
f 367 3798 3797
f 367 3797 368
f 368 3797 3796
f 368 3796 369
f 369 3796 3795
f 369 3795 370
f 370 3795 3794
f 370 3794 371
f 371 3794 3793
f 371 3793 372
f 372 3793 3792
f 372 3792 373
f 373 3792 3791
f 373 3791 374
f 374 3791 3790
f 374 3790 375
f 375 3790 3789
f 375 3789 376
f 376 3789 3788
f 376 3788 377
f 377 3788 3787
f 377 3787 378
f 378 3787 3786
f 378 3786 379
f 379 3786 3785
f 379 3785 380
f 380 3785 3784
f 380 3784 381
f 381 3784 3783
f 381 3783 382
f 382 3783 3782
f 382 3782 383
f 383 3782 3781
f 383 3781 384
f 384 3781 3780
f 384 3780 385
f 385 3780 3779
f 385 3779 386
f 386 3779 3778
f 386 3778 387
f 387 3778 3777
f 387 3777 388
f 388 3777 3776
f 388 3776 389
f 389 3776 3775
f 389 3775 390
f 390 3775 3774
f 390 3774 391
f 391 3774 3773
f 391 3773 392
f 392 3773 3772
f 392 3772 393
f 393 3772 3771
f 393 3771 394
f 394 3771 3770
f 394 3770 395
f 395 3770 3769
f 395 3769 396
f 396 3769 3768
f 396 3768 397
f 397 3768 3767
f 397 3767 398
f 398 3767 3766
f 398 3766 399
f 399 3766 3765
f 399 3765 400
f 400 3765 3764
f 400 3764 401
f 401 3764 3763
f 401 3763 402
f 402 3763 3762
f 402 3762 403
f 403 3762 3761
f 403 3761 404
f 404 3761 3760
f 404 3760 405
f 405 3760 3759
f 405 3759 406
f 406 3759 3758
f 406 3758 407
f 407 3758 3757
f 407 3757 408
f 408 3757 3756
f 408 3756 409
f 409 3756 3755
f 409 3755 410
f 410 3755 3754
f 410 3754 411
f 411 3754 3753
f 411 3753 412
f 412 3753 3752
f 412 3752 413
f 413 3752 3751
f 413 3751 414
f 414 3751 3750
f 414 3750 415
f 415 3750 3749
f 415 3749 416
f 416 3749 3748
f 416 3748 417
f 417 3748 3747
f 417 3747 418
f 418 3747 3746
f 418 3746 419
f 419 3746 3745
f 419 3745 420
f 420 3745 3744
f 420 3744 421
f 421 3744 3743
f 421 3743 422
f 422 3743 3742
f 422 3742 423
f 423 3742 3741
f 423 3741 424
f 424 3741 3740
f 424 3740 425
f 425 3740 3739
f 425 3739 426
f 426 3739 3738
f 426 3738 427
f 427 3738 3737
f 427 3737 428
f 428 3737 3736
f 428 3736 429
f 429 3736 3735
f 429 3735 430
f 430 3735 3734
f 430 3734 431
f 431 3734 3733
f 431 3733 432
f 432 3733 3732
f 432 3732 433
f 433 3732 3731
f 433 3731 434
f 434 3731 3730
f 434 3730 435
f 435 3730 3729
f 435 3729 436
f 436 3729 3728
f 436 3728 437
f 437 3728 3727
f 437 3727 438
f 438 3727 3726
f 438 3726 439
f 439 3726 3725
f 439 3725 440
f 440 3725 3724
f 440 3724 441
f 441 3724 3723
f 441 3723 442
f 442 3723 3722
f 442 3722 443
f 443 3722 3721
f 443 3721 444
f 444 3721 3720
f 444 3720 445
f 445 3720 3719
f 445 3719 446
f 446 3719 3718
f 446 3718 447
f 447 3718 3717
f 447 3717 448
f 448 3717 3716
f 448 3716 449
f 449 3716 3715
f 449 3715 450
f 450 3715 3714
f 450 3714 451
f 451 3714 3713
f 451 3713 452
f 452 3713 3712
f 452 3712 453
f 453 3712 3711
f 453 3711 454
f 454 3711 3710
f 454 3710 455
f 455 3710 3709
f 455 3709 456
f 456 3709 3708
f 456 3708 457
f 457 3708 3707
f 457 3707 458
f 458 3707 3706
f 458 3706 459
f 459 3706 3705
f 459 3705 460
f 460 3705 3704
f 460 3704 461
f 461 3704 3703
f 461 3703 462
f 462 3703 3702
f 462 3702 463
f 463 3702 3701
f 463 3701 464
f 464 3701 3700
f 464 3700 465
f 465 3700 3699
f 465 3699 466
f 466 3699 3698
f 466 3698 467
f 467 3698 3697
f 467 3697 468
f 468 3697 3696
f 468 3696 469
f 469 3696 3695
f 469 3695 470
f 470 3695 3694
f 470 3694 471
f 471 3694 3693
f 471 3693 472
f 472 3693 3692
f 472 3692 473
f 473 3692 3691
f 473 3691 474
f 474 3691 3690
f 474 3690 475
f 475 3690 3689
f 475 3689 476
f 476 3689 3688
f 476 3688 477
f 477 3688 3687
f 477 3687 478
f 478 3687 3686
f 478 3686 479
f 479 3686 3685
f 479 3685 480
f 480 3685 3684
f 480 3684 481
f 481 3684 3683
f 481 3683 482
f 482 3683 3682
f 482 3682 483
f 483 3682 3681
f 483 3681 484
f 484 3681 3680
f 484 3680 485
f 485 3680 3679
f 485 3679 486
f 486 3679 3678
f 486 3678 487
f 487 3678 3677
f 487 3677 488
f 488 3677 3676
f 488 3676 489
f 489 3676 3675
f 489 3675 490
f 490 3675 3674
f 490 3674 491
f 491 3674 3673
f 491 3673 492
f 492 3673 3672
f 492 3672 493
f 493 3672 3671
f 493 3671 494
f 494 3671 3670
f 494 3670 495
f 495 3670 3669
f 495 3669 496
f 496 3669 3668
f 496 3668 497
f 497 3668 3667
f 497 3667 498
f 498 3667 3666
f 498 3666 499
f 499 3666 3665
f 499 3665 500
f 500 3665 3664
f 500 3664 501
f 501 3664 3663
f 501 3663 502
f 502 3663 3662
f 502 3662 503
f 503 3662 3661
f 503 3661 504
f 504 3661 3660
f 504 3660 505
f 505 3660 3659
f 505 3659 506
f 506 3659 3658
f 506 3658 507
f 507 3658 3657
f 507 3657 508
f 508 3657 3656
f 508 3656 509
f 509 3656 3655
f 509 3655 510
f 510 3655 3654
f 510 3654 511
f 511 3654 3653
f 511 3653 512
f 512 3653 3652
f 512 3652 513
f 513 3652 3651
f 513 3651 514
f 514 3651 3650
f 514 3650 515
f 515 3650 3649
f 515 3649 516
f 516 3649 3648
f 516 3648 517
f 517 3648 3647
f 517 3647 518
f 518 3647 3646
f 518 3646 519
f 519 3646 3645
f 519 3645 520
f 520 3645 3644
f 520 3644 521
f 521 3644 3643
f 521 3643 522
f 522 3643 3642
f 522 3642 523
f 523 3642 3641
f 523 3641 524
f 524 3641 3640
f 524 3640 525
f 525 3640 3639
f 525 3639 526
f 526 3639 3638
f 526 3638 527
f 527 3638 3637
f 527 3637 528
f 528 3637 3636
f 528 3636 529
f 529 3636 3635
f 529 3635 530
f 530 3635 3634
f 530 3634 531
f 531 3634 3633
f 531 3633 532
f 532 3633 3632
f 532 3632 533
f 533 3632 3631
f 533 3631 534
f 534 3631 3630
f 534 3630 535
f 535 3630 3629
f 535 3629 536
f 536 3629 3628
f 536 3628 537
f 537 3628 3627
f 537 3627 538
f 538 3627 3626
f 538 3626 539
f 539 3626 3625
f 539 3625 540
f 540 3625 3624
f 540 3624 541
f 541 3624 3623
f 541 3623 542
f 542 3623 3622
f 542 3622 543
f 543 3622 3621
f 543 3621 544
f 544 3621 3620
f 544 3620 545
f 545 3620 3619
f 545 3619 546
f 546 3619 3618
f 546 3618 547
f 547 3618 3617
f 547 3617 548
f 548 3617 3616
f 548 3616 549
f 549 3616 3615
f 549 3615 550
f 550 3615 3614
f 550 3614 551
f 551 3614 3613
f 551 3613 552
f 552 3613 3612
f 552 3612 553
f 553 3612 3611
f 553 3611 554
f 554 3611 3610
f 554 3610 555
f 555 3610 3609
f 555 3609 556
f 556 3609 3608
f 556 3608 557
f 557 3608 3607
f 557 3607 558
f 558 3607 3606
f 558 3606 559
f 559 3606 3605
f 559 3605 560
f 560 3605 3604
f 560 3604 561
f 561 3604 3603
f 561 3603 562
f 562 3603 3602
f 562 3602 563
f 563 3602 3601
f 563 3601 564
f 564 3601 3600
f 564 3600 565
f 565 3600 3599
f 565 3599 566
f 566 3599 3598
f 566 3598 567
f 567 3598 3597
f 567 3597 568
f 568 3597 3596
f 568 3596 569
f 569 3596 3595
f 569 3595 570
f 570 3595 3594
f 570 3594 571
f 571 3594 3593
f 571 3593 572
f 572 3593 3592
f 572 3592 573
f 573 3592 3591
f 573 3591 574
f 574 3591 3590
f 574 3590 575
f 575 3590 3589
f 575 3589 576
f 576 3589 3588
f 576 3588 577
f 577 3588 3587
f 577 3587 578
f 578 3587 3586
f 578 3586 579
f 579 3586 3585
f 579 3585 580
f 580 3585 3584
f 580 3584 581
f 581 3584 3583
f 581 3583 582
f 582 3583 3582
f 582 3582 583
f 583 3582 3581
f 583 3581 584
f 584 3581 3580
f 584 3580 585
f 585 3580 3579
f 585 3579 586
f 586 3579 3578
f 586 3578 587
f 587 3578 3577
f 587 3577 588
f 588 3577 3576
f 588 3576 589
f 589 3576 3575
f 589 3575 590
f 590 3575 3574
f 590 3574 591
f 591 3574 3573
f 591 3573 592
f 592 3573 3572
f 592 3572 593
f 593 3572 3571
f 593 3571 594
f 594 3571 3570
f 594 3570 595
f 595 3570 3569
f 595 3569 596
f 596 3569 3568
f 596 3568 597
f 597 3568 3567
f 597 3567 598
f 598 3567 3566
f 598 3566 599
f 599 3566 3565
f 599 3565 600
f 600 3565 3564
f 600 3564 601
f 601 3564 3563
f 601 3563 602
f 602 3563 3562
f 602 3562 603
f 603 3562 3561
f 603 3561 604
f 604 3561 3560
f 604 3560 605
f 605 3560 3559
f 605 3559 606
f 606 3559 3558
f 606 3558 607
f 607 3558 3557
f 607 3557 608
f 608 3557 3556
f 608 3556 609
f 609 3556 3555
f 609 3555 610
f 610 3555 3554
f 610 3554 611
f 611 3554 3553
f 611 3553 612
f 612 3553 3552
f 612 3552 613
f 613 3552 3551
f 613 3551 614
f 614 3551 3550
f 614 3550 615
f 615 3550 3549
f 615 3549 616
f 616 3549 3548
f 616 3548 617
f 617 3548 3547
f 617 3547 618
f 618 3547 3546
f 618 3546 619
f 619 3546 3545
f 619 3545 620
f 620 3545 3544
f 620 3544 621
f 621 3544 3543
f 621 3543 622
f 622 3543 3542
f 622 3542 623
f 623 3542 3541
f 623 3541 624
f 624 3541 3540
f 624 3540 625
f 625 3540 3539
f 625 3539 626
f 626 3539 3538
f 626 3538 627
f 627 3538 3537
f 627 3537 628
f 628 3537 3536
f 628 3536 629
f 629 3536 3535
f 629 3535 630
f 630 3535 3534
f 630 3534 631
f 631 3534 3533
f 631 3533 632
f 632 3533 3532
f 632 3532 633
f 633 3532 3531
f 633 3531 634
f 634 3531 3530
f 634 3530 635
f 635 3530 3529
f 635 3529 636
f 636 3529 3528
f 636 3528 637
f 637 3528 3527
f 637 3527 638
f 638 3527 3526
f 638 3526 639
f 639 3526 3525
f 639 3525 640
f 640 3525 3524
f 640 3524 641
f 641 3524 3523
f 641 3523 642
f 642 3523 3522
f 642 3522 643
f 643 3522 3521
f 643 3521 644
f 644 3521 3520
f 644 3520 645
f 645 3520 3519
f 645 3519 646
f 646 3519 3518
f 646 3518 647
f 647 3518 3517
f 647 3517 648
f 648 3517 3516
f 648 3516 649
f 649 3516 3515
f 649 3515 650
f 650 3515 3514
f 650 3514 651
f 651 3514 3513
f 651 3513 652
f 652 3513 3512
f 652 3512 653
f 653 3512 3511
f 653 3511 654
f 654 3511 3510
f 654 3510 655
f 655 3510 3509
f 655 3509 656
f 656 3509 3508
f 656 3508 657
f 657 3508 3507
f 657 3507 658
f 658 3507 3506
f 658 3506 659
f 659 3506 3505
f 659 3505 660
f 660 3505 3504
f 660 3504 661
f 661 3504 3503
f 661 3503 662
f 662 3503 3502
f 662 3502 663
f 663 3502 3501
f 663 3501 664
f 664 3501 3500
f 664 3500 665
f 665 3500 3499
f 665 3499 666
f 666 3499 3498
f 666 3498 667
f 667 3498 3497
f 667 3497 668
f 668 3497 3496
f 668 3496 669
f 669 3496 3495
f 669 3495 670
f 670 3495 3494
f 670 3494 671
f 671 3494 3493
f 671 3493 672
f 672 3493 3492
f 672 3492 673
f 673 3492 3491
f 673 3491 674
f 674 3491 3490
f 674 3490 675
f 675 3490 3489
f 675 3489 676
f 676 3489 3488
f 676 3488 677
f 677 3488 3487
f 677 3487 678
f 678 3487 3486
f 678 3486 679
f 679 3486 3485
f 679 3485 680
f 680 3485 3484
f 680 3484 681
f 681 3484 3483
f 681 3483 682
f 682 3483 3482
f 682 3482 683
f 683 3482 3481
f 683 3481 684
f 684 3481 3480
f 684 3480 685
f 685 3480 3479
f 685 3479 686
f 686 3479 3478
f 686 3478 687
f 687 3478 3477
f 687 3477 688
f 688 3477 3476
f 688 3476 689
f 689 3476 3475
f 689 3475 690
f 690 3475 3474
f 690 3474 691
f 691 3474 3473
f 691 3473 692
f 692 3473 3472
f 692 3472 693
f 693 3472 3471
f 693 3471 694
f 694 3471 3470
f 694 3470 695
f 695 3470 3469
f 695 3469 696
f 696 3469 3468
f 696 3468 697
f 697 3468 3467
f 697 3467 698
f 698 3467 3466
f 698 3466 699
f 699 3466 3465
f 699 3465 700
f 700 3465 3464
f 700 3464 701
f 701 3464 3463
f 701 3463 702
f 702 3463 3462
f 702 3462 703
f 703 3462 3461
f 703 3461 704
f 704 3461 3460
f 704 3460 705
f 705 3460 3459
f 705 3459 706
f 706 3459 3458
f 706 3458 707
f 707 3458 3457
f 707 3457 708
f 708 3457 3456
f 708 3456 709
f 709 3456 3455
f 709 3455 710
f 710 3455 3454
f 710 3454 711
f 711 3454 3453
f 711 3453 712
f 712 3453 3452
f 712 3452 713
f 713 3452 3451
f 713 3451 714
f 714 3451 3450
f 714 3450 715
f 715 3450 3449
f 715 3449 716
f 716 3449 3448
f 716 3448 717
f 717 3448 3447
f 717 3447 718
f 718 3447 3446
f 718 3446 719
f 719 3446 3445
f 719 3445 720
f 720 3445 3444
f 720 3444 721
f 721 3444 3443
f 721 3443 722
f 722 3443 3442
f 722 3442 723
f 723 3442 3441
f 723 3441 724
f 724 3441 3440
f 724 3440 725
f 725 3440 3439
f 725 3439 726
f 726 3439 3438
f 726 3438 727
f 727 3438 3437
f 727 3437 728
f 728 3437 3436
f 728 3436 729
f 729 3436 3435
f 729 3435 730
f 730 3435 3434
f 730 3434 731
f 731 3434 3433
f 731 3433 732
f 732 3433 3432
f 732 3432 733
f 733 3432 3431
f 733 3431 734
f 734 3431 3430
f 734 3430 735
f 735 3430 3429
f 735 3429 736
f 736 3429 3428
f 736 3428 737
f 737 3428 3427
f 737 3427 738
f 738 3427 3426
f 738 3426 739
f 739 3426 3425
f 739 3425 740
f 740 3425 3424
f 740 3424 741
f 741 3424 3423
f 741 3423 742
f 742 3423 3422
f 742 3422 743
f 743 3422 3421
f 743 3421 744
f 744 3421 3420
f 744 3420 745
f 745 3420 3419
f 745 3419 746
f 746 3419 3418
f 746 3418 747
f 747 3418 3417
f 747 3417 748
f 748 3417 3416
f 748 3416 749
f 749 3416 3415
f 749 3415 750
f 750 3415 3414
f 750 3414 751
f 751 3414 3413
f 751 3413 752
f 752 3413 3412
f 752 3412 753
f 753 3412 3411
f 753 3411 754
f 754 3411 3410
f 754 3410 755
f 755 3410 3409
f 755 3409 756
f 756 3409 3408
f 756 3408 757
f 757 3408 3407
f 757 3407 758
f 758 3407 3406
f 758 3406 759
f 759 3406 3405
f 759 3405 760
f 760 3405 3404
f 760 3404 761
f 761 3404 3403
f 761 3403 762
f 762 3403 3402
f 762 3402 763
f 763 3402 3401
f 763 3401 764
f 764 3401 3400
f 764 3400 765
f 765 3400 3399
f 765 3399 766
f 766 3399 3398
f 766 3398 767
f 767 3398 3397
f 767 3397 768
f 768 3397 3396
f 768 3396 769
f 769 3396 3395
f 769 3395 770
f 770 3395 3394
f 770 3394 771
f 771 3394 3393
f 771 3393 772
f 772 3393 3392
f 772 3392 773
f 773 3392 3391
f 773 3391 774
f 774 3391 3390
f 774 3390 775
f 775 3390 3389
f 775 3389 776
f 776 3389 3388
f 776 3388 777
f 777 3388 3387
f 777 3387 778
f 778 3387 3386
f 778 3386 779
f 779 3386 3385
f 779 3385 780
f 780 3385 3384
f 780 3384 781
f 781 3384 3383
f 781 3383 782
f 782 3383 3382
f 782 3382 783
f 783 3382 3381
f 783 3381 784
f 784 3381 3380
f 784 3380 785
f 785 3380 3379
f 785 3379 786
f 786 3379 3378
f 786 3378 787
f 787 3378 3377
f 787 3377 788
f 788 3377 3376
f 788 3376 789
f 789 3376 3375
f 789 3375 790
f 790 3375 3374
f 790 3374 791
f 791 3374 3373
f 791 3373 792
f 792 3373 3372
f 792 3372 793
f 793 3372 3371
f 793 3371 794
f 794 3371 3370
f 794 3370 795
f 795 3370 3369
f 795 3369 796
f 796 3369 3368
f 796 3368 797
f 797 3368 3367
f 797 3367 798
f 798 3367 3366
f 798 3366 799
f 799 3366 3365
f 799 3365 800
f 800 3365 3364
f 800 3364 801
f 801 3364 3363
f 801 3363 802
f 802 3363 3362
f 802 3362 803
f 803 3362 3361
f 803 3361 804
f 804 3361 3360
f 804 3360 805
f 805 3360 3359
f 805 3359 806
f 806 3359 3358
f 806 3358 807
f 807 3358 3357
f 807 3357 808
f 808 3357 3356
f 808 3356 809
f 809 3356 3355
f 809 3355 810
f 810 3355 3354
f 810 3354 811
f 811 3354 3353
f 811 3353 812
f 812 3353 3352
f 812 3352 813
f 813 3352 3351
f 813 3351 814
f 814 3351 3350
f 814 3350 815
f 815 3350 3349
f 815 3349 816
f 816 3349 3348
f 816 3348 817
f 817 3348 3347
f 817 3347 818
f 818 3347 3346
f 818 3346 819
f 819 3346 3345
f 819 3345 820
f 820 3345 3344
f 820 3344 821
f 821 3344 3343
f 821 3343 822
f 822 3343 3342
f 822 3342 823
f 823 3342 3341
f 823 3341 824
f 824 3341 3340
f 824 3340 825
f 825 3340 3339
f 825 3339 826
f 826 3339 3338
f 826 3338 827
f 827 3338 3337
f 827 3337 828
f 828 3337 3336
f 828 3336 829
f 829 3336 3335
f 829 3335 830
f 830 3335 3334
f 830 3334 831
f 831 3334 3333
f 831 3333 832
f 832 3333 3332
f 832 3332 833
f 833 3332 3331
f 833 3331 834
f 834 3331 3330
f 834 3330 835
f 835 3330 3329
f 835 3329 836
f 836 3329 3328
f 836 3328 837
f 837 3328 3327
f 837 3327 838
f 838 3327 3326
f 838 3326 839
f 839 3326 3325
f 839 3325 840
f 840 3325 3324
f 840 3324 841
f 841 3324 3323
f 841 3323 842
f 842 3323 3322
f 842 3322 843
f 843 3322 3321
f 843 3321 844
f 844 3321 3320
f 844 3320 845
f 845 3320 3319
f 845 3319 846
f 846 3319 3318
f 846 3318 847
f 847 3318 3317
f 847 3317 848
f 848 3317 3316
f 848 3316 849
f 849 3316 3315
f 849 3315 850
f 850 3315 3314
f 850 3314 851
f 851 3314 3313
f 851 3313 852
f 852 3313 3312
f 852 3312 853
f 853 3312 3311
f 853 3311 854
f 854 3311 3310
f 854 3310 855
f 855 3310 3309
f 855 3309 856
f 856 3309 3308
f 856 3308 857
f 857 3308 3307
f 857 3307 858
f 858 3307 3306
f 858 3306 859
f 859 3306 3305
f 859 3305 860
f 860 3305 3304
f 860 3304 861
f 861 3304 3303
f 861 3303 862
f 862 3303 3302
f 862 3302 863
f 863 3302 3301
f 863 3301 864
f 864 3301 3300
f 864 3300 865
f 865 3300 3299
f 865 3299 866
f 866 3299 3298
f 866 3298 867
f 867 3298 3297
f 867 3297 868
f 868 3297 3296
f 868 3296 869
f 869 3296 3295
f 869 3295 870
f 870 3295 3294
f 870 3294 871
f 871 3294 3293
f 871 3293 872
f 872 3293 3292
f 872 3292 873
f 873 3292 3291
f 873 3291 874
f 874 3291 3290
f 874 3290 875
f 875 3290 3289
f 875 3289 876
f 876 3289 3288
f 876 3288 877
f 877 3288 3287
f 877 3287 878
f 878 3287 3286
f 878 3286 879
f 879 3286 3285
f 879 3285 880
f 880 3285 3284
f 880 3284 881
f 881 3284 3283
f 881 3283 882
f 882 3283 3282
f 882 3282 883
f 883 3282 3281
f 883 3281 884
f 884 3281 3280
f 884 3280 885
f 885 3280 3279
f 885 3279 886
f 886 3279 3278
f 886 3278 887
f 887 3278 3277
f 887 3277 888
f 888 3277 3276
f 888 3276 889
f 889 3276 3275
f 889 3275 890
f 890 3275 3274
f 890 3274 891
f 891 3274 3273
f 891 3273 892
f 892 3273 3272
f 892 3272 893
f 893 3272 3271
f 893 3271 894
f 894 3271 3270
f 894 3270 895
f 895 3270 3269
f 895 3269 896
f 896 3269 3268
f 896 3268 897
f 897 3268 3267
f 897 3267 898
f 898 3267 3266
f 898 3266 899
f 899 3266 3265
f 899 3265 900
f 900 3265 3264
f 900 3264 901
f 901 3264 3263
f 901 3263 902
f 902 3263 3262
f 902 3262 903
f 903 3262 3261
f 903 3261 904
f 904 3261 3260
f 904 3260 905
f 905 3260 3259
f 905 3259 906
f 906 3259 3258
f 906 3258 907
f 907 3258 3257
f 907 3257 908
f 908 3257 3256
f 908 3256 909
f 909 3256 3255
f 909 3255 910
f 910 3255 3254
f 910 3254 911
f 911 3254 3253
f 911 3253 912
f 912 3253 3252
f 912 3252 913
f 913 3252 3251
f 913 3251 914
f 914 3251 3250
f 914 3250 915
f 915 3250 3249
f 915 3249 916
f 916 3249 3248
f 916 3248 917
f 917 3248 3247
f 917 3247 918
f 918 3247 3246
f 918 3246 919
f 919 3246 3245
f 919 3245 920
f 920 3245 3244
f 920 3244 921
f 921 3244 3243
f 921 3243 922
f 922 3243 3242
f 922 3242 923
f 923 3242 3241
f 923 3241 924
f 924 3241 3240
f 924 3240 925
f 925 3240 3239
f 925 3239 926
f 926 3239 3238
f 926 3238 927
f 927 3238 3237
f 927 3237 928
f 928 3237 3236
f 928 3236 929
f 929 3236 3235
f 929 3235 930
f 930 3235 3234
f 930 3234 931
f 931 3234 3233
f 931 3233 932
f 932 3233 3232
f 932 3232 933
f 933 3232 3231
f 933 3231 934
f 934 3231 3230
f 934 3230 935
f 935 3230 3229
f 935 3229 936
f 936 3229 3228
f 936 3228 937
f 937 3228 3227
f 937 3227 938
f 938 3227 3226
f 938 3226 939
f 939 3226 3225
f 939 3225 940
f 940 3225 3224
f 940 3224 941
f 941 3224 3223
f 941 3223 942
f 942 3223 3222
f 942 3222 943
f 943 3222 3221
f 943 3221 944
f 944 3221 3220
f 944 3220 945
f 945 3220 3219
f 945 3219 946
f 946 3219 3218
f 946 3218 947
f 947 3218 3217
f 947 3217 948
f 948 3217 3216
f 948 3216 949
f 949 3216 3215
f 949 3215 950
f 950 3215 3214
f 950 3214 951
f 951 3214 3213
f 951 3213 952
f 952 3213 3212
f 952 3212 953
f 953 3212 3211
f 953 3211 954
f 954 3211 3210
f 954 3210 955
f 955 3210 3209
f 955 3209 956
f 956 3209 3208
f 956 3208 957
f 957 3208 3207
f 957 3207 958
f 958 3207 3206
f 958 3206 959
f 959 3206 3205
f 959 3205 960
f 960 3205 3204
f 960 3204 961
f 961 3204 3203
f 961 3203 962
f 962 3203 3202
f 962 3202 963
f 963 3202 3201
f 963 3201 964
f 964 3201 3200
f 964 3200 965
f 965 3200 3199
f 965 3199 966
f 966 3199 3198
f 966 3198 967
f 967 3198 3197
f 967 3197 968
f 968 3197 3196
f 968 3196 969
f 969 3196 3195
f 969 3195 970
f 970 3195 3194
f 970 3194 971
f 971 3194 3193
f 971 3193 972
f 972 3193 3192
f 972 3192 973
f 973 3192 3191
f 973 3191 974
f 974 3191 3190
f 974 3190 975
f 975 3190 3189
f 975 3189 976
f 976 3189 3188
f 976 3188 977
f 977 3188 3187
f 977 3187 978
f 978 3187 3186
f 978 3186 979
f 979 3186 3185
f 979 3185 980
f 980 3185 3184
f 980 3184 981
f 981 3184 3183
f 981 3183 982
f 982 3183 3182
f 982 3182 983
f 983 3182 3181
f 983 3181 984
f 984 3181 3180
f 984 3180 985
f 985 3180 3179
f 985 3179 986
f 986 3179 3178
f 986 3178 987
f 987 3178 3177
f 987 3177 988
f 988 3177 3176
f 988 3176 989
f 989 3176 3175
f 989 3175 990
f 990 3175 3174
f 990 3174 991
f 991 3174 3173
f 991 3173 992
f 992 3173 3172
f 992 3172 993
f 993 3172 3171
f 993 3171 994
f 994 3171 3170
f 994 3170 995
f 995 3170 3169
f 995 3169 996
f 996 3169 3168
f 996 3168 997
f 997 3168 3167
f 997 3167 998
f 998 3167 3166
f 998 3166 999
f 999 3166 3165
f 999 3165 1000
f 1000 3165 3164
f 1000 3164 1001
f 1001 3164 3163
f 1001 3163 1002
f 1002 3163 3162
f 1002 3162 1003
f 1003 3162 3161
f 1003 3161 1004
f 1004 3161 3160
f 1004 3160 1005
f 1005 3160 3159
f 1005 3159 1006
f 1006 3159 3158
f 1006 3158 1007
f 1007 3158 3157
f 1007 3157 1008
f 1008 3157 3156
f 1008 3156 1009
f 1009 3156 3155
f 1009 3155 1010
f 1010 3155 3154
f 1010 3154 1011
f 1011 3154 3153
f 1011 3153 1012
f 1012 3153 3152
f 1012 3152 1013
f 1013 3152 3151
f 1013 3151 1014
f 1014 3151 3150
f 1014 3150 1015
f 1015 3150 3149
f 1015 3149 1016
f 1016 3149 3148
f 1016 3148 1017
f 1017 3148 3147
f 1017 3147 1018
f 1018 3147 3146
f 1018 3146 1019
f 1019 3146 3145
f 1019 3145 1020
f 1020 3145 3144
f 1020 3144 1021
f 1021 3144 3143
f 1021 3143 1022
f 1022 3143 3142
f 1022 3142 1023
f 1023 3142 3141
f 1023 3141 1024
f 1024 3141 3140
f 1024 3140 1025
f 1025 3140 3139
f 1025 3139 1026
f 1026 3139 3138
f 1026 3138 1027
f 1027 3138 3137
f 1027 3137 1028
f 1028 3137 3136
f 1028 3136 1029
f 1029 3136 3135
f 1029 3135 1030
f 1030 3135 3134
f 1030 3134 1031
f 1031 3134 3133
f 1031 3133 1032
f 1032 3133 3132
f 1032 3132 1033
f 1033 3132 3131
f 1033 3131 1034
f 1034 3131 3130
f 1034 3130 1035
f 1035 3130 3129
f 1035 3129 1036
f 1036 3129 3128
f 1036 3128 4151
f 4151 3128 3127
f 4151 3127 4150
f 4150 3127 3126
f 4150 3126 4149
f 4149 3126 3125
f 3114 5 2071
f 2071 5 4
f 2071 4 3
f 3114 3113 5
f 5 3113 3112
f 5 3112 3111
f 3111 3110 5
f 5 3110 3109
f 5 3109 6
f 6 3109 7
f 7 3109 8
f 8 3109 3108
f 8 3108 9
f 9 3108 3107
f 9 3107 10
f 10 3107 3106
f 10 3106 11
f 11 3106 3105
f 11 3105 12
f 12 3105 4152
f 4152 3105 4153
f 4153 3105 4154
f 4154 3105 3104
f 3 2 2071
f 2071 2 1
f 2071 1 2072
f 2072 1 2073
f 2073 1 2074
f 2074 1 2075
f 4156 4201 4155
f 4155 4201 4202
f 4155 4202 4178
f 4178 4202 4179
f 4178 4179 4177
f 4177 4179 4180
f 4177 4180 4176
f 4176 4180 4181
f 4176 4181 4175
f 4175 4181 4182
f 4175 4182 4174
f 4174 4182 4183
f 4174 4183 4173
f 4173 4183 4184
f 4173 4184 4172
f 4172 4184 4185
f 4172 4185 4171
f 4171 4185 4186
f 4171 4186 4170
f 4170 4186 4187
f 4170 4187 4169
f 4169 4187 4188
f 4169 4188 4168
f 4168 4188 4189
f 4168 4189 4167
f 4167 4189 4190
f 4167 4190 4166
f 4166 4190 4191
f 4166 4191 4165
f 4165 4191 4192
f 4165 4192 4164
f 4164 4192 4193
f 4164 4193 4163
f 4163 4193 4194
f 4163 4194 4162
f 4162 4194 4195
f 4162 4195 4161
f 4161 4195 4196
f 4161 4196 4160
f 4160 4196 4197
f 4160 4197 4159
f 4159 4197 4198
f 4159 4198 4158
f 4158 4198 4199
f 4158 4199 4157
f 4157 4199 4200
f 4157 4200 4156
f 4156 4200 4201
f 4203 4204 4230
f 4230 4204 4233
f 4230 4233 4229
f 4229 4233 4236
f 4229 4236 4228
f 4228 4236 4239
f 4228 4239 4227
f 4227 4239 4242
f 4227 4242 4226
f 4226 4242 4245
f 4226 4245 4225
f 4225 4245 4248
f 4225 4248 4224
f 4224 4248 4251
f 4224 4251 4223
f 4223 4251 4254
f 4223 4254 4222
f 4222 4254 4257
f 4222 4257 4221
f 4221 4257 4220
f 4220 4257 4256
f 4220 4256 4219
f 4219 4256 4255
f 4219 4255 4218
f 4218 4255 4216
f 4218 4216 4217
f 4204 4205 4233
f 4233 4205 4232
f 4233 4232 4236
f 4236 4232 4235
f 4236 4235 4239
f 4239 4235 4238
f 4239 4238 4242
f 4242 4238 4241
f 4242 4241 4245
f 4245 4241 4244
f 4245 4244 4248
f 4248 4244 4247
f 4248 4247 4251
f 4251 4247 4250
f 4251 4250 4254
f 4254 4250 4253
f 4254 4253 4257
f 4257 4253 4256
f 4205 4206 4232
f 4232 4206 4231
f 4232 4231 4235
f 4235 4231 4234
f 4235 4234 4238
f 4238 4234 4237
f 4238 4237 4241
f 4241 4237 4240
f 4241 4240 4244
f 4244 4240 4243
f 4244 4243 4247
f 4247 4243 4246
f 4247 4246 4250
f 4250 4246 4249
f 4250 4249 4253
f 4253 4249 4252
f 4253 4252 4256
f 4256 4252 4255
f 4206 4207 4231
f 4231 4207 4208
f 4231 4208 4234
f 4234 4208 4209
f 4234 4209 4237
f 4237 4209 4210
f 4237 4210 4240
f 4240 4210 4211
f 4240 4211 4243
f 4243 4211 4212
f 4243 4212 4246
f 4246 4212 4213
f 4246 4213 4249
f 4249 4213 4214
f 4249 4214 4252
f 4252 4214 4215
f 4252 4215 4255
f 4255 4215 4216
f 4258 4259 4272
f 4272 4259 4275
f 4272 4275 4271
f 4271 4275 4278
f 4271 4278 4270
f 4270 4278 4281
f 4270 4281 4269
f 4269 4281 4284
f 4269 4284 4268
f 4268 4284 4287
f 4268 4287 4203
f 4203 4287 4204
f 4204 4287 4286
f 4204 4286 4205
f 4205 4286 4285
f 4205 4285 4206
f 4206 4285 4267
f 4206 4267 4207
f 4259 4260 4275
f 4275 4260 4274
f 4275 4274 4278
f 4278 4274 4277
f 4278 4277 4281
f 4281 4277 4280
f 4281 4280 4284
f 4284 4280 4283
f 4284 4283 4287
f 4287 4283 4286
f 4260 4261 4274
f 4274 4261 4273
f 4274 4273 4277
f 4277 4273 4276
f 4277 4276 4280
f 4280 4276 4279
f 4280 4279 4283
f 4283 4279 4282
f 4283 4282 4286
f 4286 4282 4285
f 4261 4262 4273
f 4273 4262 4263
f 4273 4263 4276
f 4276 4263 4264
f 4276 4264 4279
f 4279 4264 4265
f 4279 4265 4282
f 4282 4265 4266
f 4282 4266 4285
f 4285 4266 4267
f 4207 4288 4208
f 4208 4288 4289
f 4208 4289 4209
f 4209 4289 4290
f 4209 4290 4210
f 4210 4290 4291
f 4210 4291 4211
f 4211 4291 4292
f 4211 4292 4212
f 4212 4292 4293
f 4212 4293 4213
f 4213 4293 4294
f 4213 4294 4214
f 4214 4294 4295
f 4214 4295 4215
f 4215 4295 4296
f 4215 4296 4216
f 4216 4296 4297
f 4216 4297 4217
f 4217 4297 4298
f 4221 4220 4313
f 4313 4220 4316
f 4313 4316 4312
f 4312 4316 4319
f 4312 4319 4311
f 4311 4319 4322
f 4311 4322 4310
f 4310 4322 4325
f 4310 4325 4309
f 4309 4325 4328
f 4309 4328 4308
f 4308 4328 4307
f 4307 4328 4327
f 4307 4327 4306
f 4306 4327 4326
f 4306 4326 4305
f 4305 4326 4303
f 4305 4303 4304
f 4220 4219 4316
f 4316 4219 4315
f 4316 4315 4319
f 4319 4315 4318
f 4319 4318 4322
f 4322 4318 4321
f 4322 4321 4325
f 4325 4321 4324
f 4325 4324 4328
f 4328 4324 4327
f 4219 4218 4315
f 4315 4218 4314
f 4315 4314 4318
f 4318 4314 4317
f 4318 4317 4321
f 4321 4317 4320
f 4321 4320 4324
f 4324 4320 4323
f 4324 4323 4327
f 4327 4323 4326
f 4218 4217 4314
f 4314 4217 4299
f 4314 4299 4317
f 4317 4299 4300
f 4317 4300 4320
f 4320 4300 4301
f 4320 4301 4323
f 4323 4301 4302
f 4323 4302 4326
f 4326 4302 4303
f 4203 4230 4329
f 4329 4230 4339
f 4339 4230 4229
f 4339 4229 4338
f 4338 4229 4228
f 4338 4228 4337
f 4337 4228 4227
f 4337 4227 4336
f 4336 4227 4226
f 4336 4226 4335
f 4335 4226 4225
f 4335 4225 4334
f 4334 4225 4224
f 4334 4224 4333
f 4333 4224 4223
f 4333 4223 4332
f 4332 4223 4222
f 4332 4222 4331
f 4331 4222 4221
f 4331 4221 4330
f 4340 4341 4362
f 4362 4341 4365
f 4362 4365 4361
f 4361 4365 4368
f 4361 4368 4360
f 4360 4368 4371
f 4360 4371 4359
f 4359 4371 4374
f 4359 4374 4358
f 4358 4374 4377
f 4358 4377 4357
f 4357 4377 4380
f 4357 4380 4356
f 4356 4380 4383
f 4356 4383 4355
f 4355 4383 4386
f 4355 4386 4354
f 4354 4386 4389
f 4354 4389 4258
f 4258 4389 4259
f 4259 4389 4388
f 4259 4388 4260
f 4260 4388 4387
f 4260 4387 4261
f 4261 4387 4353
f 4261 4353 4262
f 4341 4342 4365
f 4365 4342 4364
f 4365 4364 4368
f 4368 4364 4367
f 4368 4367 4371
f 4371 4367 4370
f 4371 4370 4374
f 4374 4370 4373
f 4374 4373 4377
f 4377 4373 4376
f 4377 4376 4380
f 4380 4376 4379
f 4380 4379 4383
f 4383 4379 4382
f 4383 4382 4386
f 4386 4382 4385
f 4386 4385 4389
f 4389 4385 4388
f 4342 4343 4364
f 4364 4343 4363
f 4364 4363 4367
f 4367 4363 4366
f 4367 4366 4370
f 4370 4366 4369
f 4370 4369 4373
f 4373 4369 4372
f 4373 4372 4376
f 4376 4372 4375
f 4376 4375 4379
f 4379 4375 4378
f 4379 4378 4382
f 4382 4378 4381
f 4382 4381 4385
f 4385 4381 4384
f 4385 4384 4388
f 4388 4384 4387
f 4343 4344 4363
f 4363 4344 4345
f 4363 4345 4366
f 4366 4345 4346
f 4366 4346 4369
f 4369 4346 4347
f 4369 4347 4372
f 4372 4347 4348
f 4372 4348 4375
f 4375 4348 4349
f 4375 4349 4378
f 4378 4349 4350
f 4378 4350 4381
f 4381 4350 4351
f 4381 4351 4384
f 4384 4351 4352
f 4384 4352 4387
f 4387 4352 4353
f 4262 4390 4263
f 4263 4390 4391
f 4263 4391 4264
f 4264 4391 4392
f 4264 4392 4265
f 4265 4392 4393
f 4265 4393 4266
f 4266 4393 4394
f 4266 4394 4267
f 4267 4394 4395
f 4267 4395 4207
f 4207 4395 4288
f 4258 4272 4396
f 4396 4272 4401
f 4401 4272 4271
f 4401 4271 4400
f 4400 4271 4270
f 4400 4270 4399
f 4399 4270 4269
f 4399 4269 4398
f 4398 4269 4268
f 4398 4268 4397
f 4397 4268 4203
f 4397 4203 4329
f 4298 4402 4217
f 4217 4402 4299
f 4299 4402 4300
f 4300 4402 4403
f 4300 4403 4301
f 4301 4403 4404
f 4301 4404 4302
f 4302 4404 4405
f 4302 4405 4303
f 4303 4405 4406
f 4303 4406 4304
f 4304 4406 4407
f 4408 4409 4426
f 4426 4409 4430
f 4426 4430 4425
f 4425 4430 4434
f 4425 4434 4424
f 4424 4434 4438
f 4424 4438 4423
f 4423 4438 4442
f 4423 4442 4422
f 4422 4442 4446
f 4422 4446 4421
f 4421 4446 4450
f 4421 4450 4420
f 4420 4450 4454
f 4420 4454 4419
f 4419 4454 4458
f 4419 4458 4418
f 4418 4458 4462
f 4418 4462 4417
f 4417 4462 4416
f 4416 4462 4461
f 4416 4461 4415
f 4415 4461 4460
f 4415 4460 4414
f 4414 4460 4459
f 4414 4459 4413
f 4413 4459 4289
f 4413 4289 4288
f 4409 4410 4430
f 4430 4410 4429
f 4430 4429 4434
f 4434 4429 4433
f 4434 4433 4438
f 4438 4433 4437
f 4438 4437 4442
f 4442 4437 4441
f 4442 4441 4446
f 4446 4441 4445
f 4446 4445 4450
f 4450 4445 4449
f 4450 4449 4454
f 4454 4449 4453
f 4454 4453 4458
f 4458 4453 4457
f 4458 4457 4462
f 4462 4457 4461
f 4410 4411 4429
f 4429 4411 4428
f 4429 4428 4433
f 4433 4428 4432
f 4433 4432 4437
f 4437 4432 4436
f 4437 4436 4441
f 4441 4436 4440
f 4441 4440 4445
f 4445 4440 4444
f 4445 4444 4449
f 4449 4444 4448
f 4449 4448 4453
f 4453 4448 4452
f 4453 4452 4457
f 4457 4452 4456
f 4457 4456 4461
f 4461 4456 4460
f 4411 4412 4428
f 4428 4412 4427
f 4428 4427 4432
f 4432 4427 4431
f 4432 4431 4436
f 4436 4431 4435
f 4436 4435 4440
f 4440 4435 4439
f 4440 4439 4444
f 4444 4439 4443
f 4444 4443 4448
f 4448 4443 4447
f 4448 4447 4452
f 4452 4447 4451
f 4452 4451 4456
f 4456 4451 4455
f 4456 4455 4460
f 4460 4455 4459
f 4412 4298 4427
f 4427 4298 4297
f 4427 4297 4431
f 4431 4297 4296
f 4431 4296 4435
f 4435 4296 4295
f 4435 4295 4439
f 4439 4295 4294
f 4439 4294 4443
f 4443 4294 4293
f 4443 4293 4447
f 4447 4293 4292
f 4447 4292 4451
f 4451 4292 4291
f 4451 4291 4455
f 4455 4291 4290
f 4455 4290 4459
f 4459 4290 4289
f 4308 4307 4485
f 4485 4307 4488
f 4485 4488 4484
f 4484 4488 4491
f 4484 4491 4483
f 4483 4491 4494
f 4483 4494 4482
f 4482 4494 4497
f 4482 4497 4481
f 4481 4497 4500
f 4481 4500 4480
f 4480 4500 4503
f 4480 4503 4479
f 4479 4503 4506
f 4479 4506 4478
f 4478 4506 4509
f 4478 4509 4477
f 4477 4509 4512
f 4477 4512 4476
f 4476 4512 4475
f 4475 4512 4511
f 4475 4511 4474
f 4474 4511 4510
f 4474 4510 4473
f 4473 4510 4471
f 4473 4471 4472
f 4307 4306 4488
f 4488 4306 4487
f 4488 4487 4491
f 4491 4487 4490
f 4491 4490 4494
f 4494 4490 4493
f 4494 4493 4497
f 4497 4493 4496
f 4497 4496 4500
f 4500 4496 4499
f 4500 4499 4503
f 4503 4499 4502
f 4503 4502 4506
f 4506 4502 4505
f 4506 4505 4509
f 4509 4505 4508
f 4509 4508 4512
f 4512 4508 4511
f 4306 4305 4487
f 4487 4305 4486
f 4487 4486 4490
f 4490 4486 4489
f 4490 4489 4493
f 4493 4489 4492
f 4493 4492 4496
f 4496 4492 4495
f 4496 4495 4499
f 4499 4495 4498
f 4499 4498 4502
f 4502 4498 4501
f 4502 4501 4505
f 4505 4501 4504
f 4505 4504 4508
f 4508 4504 4507
f 4508 4507 4511
f 4511 4507 4510
f 4305 4304 4486
f 4486 4304 4463
f 4486 4463 4489
f 4489 4463 4464
f 4489 4464 4492
f 4492 4464 4465
f 4492 4465 4495
f 4495 4465 4466
f 4495 4466 4498
f 4498 4466 4467
f 4498 4467 4501
f 4501 4467 4468
f 4501 4468 4504
f 4504 4468 4469
f 4504 4469 4507
f 4507 4469 4470
f 4507 4470 4510
f 4510 4470 4471
f 4221 4313 4330
f 4330 4313 4518
f 4518 4313 4312
f 4518 4312 4517
f 4517 4312 4311
f 4517 4311 4516
f 4516 4311 4310
f 4516 4310 4515
f 4515 4310 4309
f 4515 4309 4514
f 4514 4309 4308
f 4514 4308 4513
f 4331 4330 4541
f 4541 4330 4519
f 4541 4519 4540
f 4540 4519 4520
f 4540 4520 4539
f 4539 4520 4521
f 4539 4521 4538
f 4538 4521 4522
f 4538 4522 4524
f 4524 4522 4523
f 4524 4525 4538
f 4538 4525 4542
f 4538 4542 4539
f 4539 4542 4543
f 4539 4543 4540
f 4540 4543 4544
f 4540 4544 4541
f 4541 4544 4545
f 4541 4545 4331
f 4331 4545 4332
f 4332 4545 4549
f 4332 4549 4333
f 4333 4549 4553
f 4333 4553 4334
f 4334 4553 4557
f 4334 4557 4335
f 4335 4557 4561
f 4335 4561 4336
f 4336 4561 4565
f 4336 4565 4337
f 4337 4565 4569
f 4337 4569 4338
f 4338 4569 4573
f 4338 4573 4339
f 4339 4573 4537
f 4339 4537 4329
f 4525 4526 4542
f 4542 4526 4546
f 4542 4546 4543
f 4543 4546 4547
f 4543 4547 4544
f 4544 4547 4548
f 4544 4548 4545
f 4545 4548 4549
f 4526 4527 4546
f 4546 4527 4550
f 4546 4550 4547
f 4547 4550 4551
f 4547 4551 4548
f 4548 4551 4552
f 4548 4552 4549
f 4549 4552 4553
f 4527 4528 4550
f 4550 4528 4554
f 4550 4554 4551
f 4551 4554 4555
f 4551 4555 4552
f 4552 4555 4556
f 4552 4556 4553
f 4553 4556 4557
f 4528 4529 4554
f 4554 4529 4558
f 4554 4558 4555
f 4555 4558 4559
f 4555 4559 4556
f 4556 4559 4560
f 4556 4560 4557
f 4557 4560 4561
f 4529 4530 4558
f 4558 4530 4562
f 4558 4562 4559
f 4559 4562 4563
f 4559 4563 4560
f 4560 4563 4564
f 4560 4564 4561
f 4561 4564 4565
f 4530 4531 4562
f 4562 4531 4566
f 4562 4566 4563
f 4563 4566 4567
f 4563 4567 4564
f 4564 4567 4568
f 4564 4568 4565
f 4565 4568 4569
f 4531 4532 4566
f 4566 4532 4570
f 4566 4570 4567
f 4567 4570 4571
f 4567 4571 4568
f 4568 4571 4572
f 4568 4572 4569
f 4569 4572 4573
f 4532 4533 4570
f 4570 4533 4534
f 4570 4534 4571
f 4571 4534 4535
f 4571 4535 4572
f 4572 4535 4536
f 4572 4536 4573
f 4573 4536 4537
f 4574 4575 4588
f 4588 4575 4591
f 4588 4591 4587
f 4587 4591 4594
f 4587 4594 4586
f 4586 4594 4597
f 4586 4597 4585
f 4585 4597 4600
f 4585 4600 4584
f 4584 4600 4603
f 4584 4603 4340
f 4340 4603 4341
f 4341 4603 4602
f 4341 4602 4342
f 4342 4602 4601
f 4342 4601 4343
f 4343 4601 4583
f 4343 4583 4344
f 4575 4576 4591
f 4591 4576 4590
f 4591 4590 4594
f 4594 4590 4593
f 4594 4593 4597
f 4597 4593 4596
f 4597 4596 4600
f 4600 4596 4599
f 4600 4599 4603
f 4603 4599 4602
f 4576 4577 4590
f 4590 4577 4589
f 4590 4589 4593
f 4593 4589 4592
f 4593 4592 4596
f 4596 4592 4595
f 4596 4595 4599
f 4599 4595 4598
f 4599 4598 4602
f 4602 4598 4601
f 4577 4578 4589
f 4589 4578 4579
f 4589 4579 4592
f 4592 4579 4580
f 4592 4580 4595
f 4595 4580 4581
f 4595 4581 4598
f 4598 4581 4582
f 4598 4582 4601
f 4601 4582 4583
f 4344 4604 4345
f 4345 4604 4605
f 4345 4605 4346
f 4346 4605 4606
f 4346 4606 4347
f 4347 4606 4607
f 4347 4607 4348
f 4348 4607 4608
f 4348 4608 4349
f 4349 4608 4609
f 4349 4609 4350
f 4350 4609 4610
f 4350 4610 4351
f 4351 4610 4611
f 4351 4611 4352
f 4352 4611 4612
f 4352 4612 4353
f 4353 4612 4613
f 4353 4613 4262
f 4262 4613 4390
f 4340 4362 4614
f 4614 4362 4623
f 4623 4362 4361
f 4623 4361 4622
f 4622 4361 4360
f 4622 4360 4621
f 4621 4360 4359
f 4621 4359 4620
f 4620 4359 4358
f 4620 4358 4619
f 4619 4358 4357
f 4619 4357 4618
f 4618 4357 4356
f 4618 4356 4617
f 4617 4356 4355
f 4617 4355 4616
f 4616 4355 4354
f 4616 4354 4615
f 4615 4354 4258
f 4615 4258 4396
f 4417 4416 4633
f 4633 4416 4637
f 4633 4637 4632
f 4632 4637 4641
f 4632 4641 4631
f 4631 4641 4645
f 4631 4645 4630
f 4630 4645 4649
f 4630 4649 4629
f 4629 4649 4653
f 4629 4653 4628
f 4628 4653 4627
f 4627 4653 4652
f 4627 4652 4626
f 4626 4652 4651
f 4626 4651 4625
f 4625 4651 4650
f 4625 4650 4624
f 4624 4650 4391
f 4624 4391 4390
f 4416 4415 4637
f 4637 4415 4636
f 4637 4636 4641
f 4641 4636 4640
f 4641 4640 4645
f 4645 4640 4644
f 4645 4644 4649
f 4649 4644 4648
f 4649 4648 4653
f 4653 4648 4652
f 4415 4414 4636
f 4636 4414 4635
f 4636 4635 4640
f 4640 4635 4639
f 4640 4639 4644
f 4644 4639 4643
f 4644 4643 4648
f 4648 4643 4647
f 4648 4647 4652
f 4652 4647 4651
f 4414 4413 4635
f 4635 4413 4634
f 4635 4634 4639
f 4639 4634 4638
f 4639 4638 4643
f 4643 4638 4642
f 4643 4642 4647
f 4647 4642 4646
f 4647 4646 4651
f 4651 4646 4650
f 4413 4288 4634
f 4634 4288 4395
f 4634 4395 4638
f 4638 4395 4394
f 4638 4394 4642
f 4642 4394 4393
f 4642 4393 4646
f 4646 4393 4392
f 4646 4392 4650
f 4650 4392 4391
f 4397 4329 4667
f 4667 4329 4537
f 4667 4537 4666
f 4666 4537 4536
f 4666 4536 4665
f 4665 4536 4535
f 4665 4535 4664
f 4664 4535 4534
f 4664 4534 4654
f 4654 4534 4533
f 4654 4655 4664
f 4664 4655 4668
f 4664 4668 4665
f 4665 4668 4669
f 4665 4669 4666
f 4666 4669 4670
f 4666 4670 4667
f 4667 4670 4671
f 4667 4671 4397
f 4397 4671 4398
f 4398 4671 4675
f 4398 4675 4399
f 4399 4675 4679
f 4399 4679 4400
f 4400 4679 4683
f 4400 4683 4401
f 4401 4683 4663
f 4401 4663 4396
f 4655 4656 4668
f 4668 4656 4672
f 4668 4672 4669
f 4669 4672 4673
f 4669 4673 4670
f 4670 4673 4674
f 4670 4674 4671
f 4671 4674 4675
f 4656 4657 4672
f 4672 4657 4676
f 4672 4676 4673
f 4673 4676 4677
f 4673 4677 4674
f 4674 4677 4678
f 4674 4678 4675
f 4675 4678 4679
f 4657 4658 4676
f 4676 4658 4680
f 4676 4680 4677
f 4677 4680 4681
f 4677 4681 4678
f 4678 4681 4682
f 4678 4682 4679
f 4679 4682 4683
f 4658 4659 4680
f 4680 4659 4660
f 4680 4660 4681
f 4681 4660 4661
f 4681 4661 4682
f 4682 4661 4662
f 4682 4662 4683
f 4683 4662 4663
f 4304 4407 4463
f 4463 4407 4684
f 4463 4684 4464
f 4464 4684 4685
f 4464 4685 4465
f 4465 4685 4686
f 4465 4686 4466
f 4466 4686 4687
f 4466 4687 4467
f 4467 4687 4688
f 4467 4688 4468
f 4468 4688 4689
f 4468 4689 4469
f 4469 4689 4690
f 4469 4690 4470
f 4470 4690 4691
f 4470 4691 4471
f 4471 4691 4692
f 4471 4692 4472
f 4472 4692 4693
f 4694 4695 4703
f 4703 4695 4707
f 4703 4707 4702
f 4702 4707 4711
f 4702 4711 4701
f 4701 4711 4715
f 4701 4715 4700
f 4700 4715 4719
f 4700 4719 4699
f 4699 4719 4723
f 4699 4723 4408
f 4408 4723 4409
f 4409 4723 4722
f 4409 4722 4410
f 4410 4722 4721
f 4410 4721 4411
f 4411 4721 4720
f 4411 4720 4412
f 4412 4720 4402
f 4412 4402 4298
f 4695 4696 4707
f 4707 4696 4706
f 4707 4706 4711
f 4711 4706 4710
f 4711 4710 4715
f 4715 4710 4714
f 4715 4714 4719
f 4719 4714 4718
f 4719 4718 4723
f 4723 4718 4722
f 4696 4697 4706
f 4706 4697 4705
f 4706 4705 4710
f 4710 4705 4709
f 4710 4709 4714
f 4714 4709 4713
f 4714 4713 4718
f 4718 4713 4717
f 4718 4717 4722
f 4722 4717 4721
f 4697 4698 4705
f 4705 4698 4704
f 4705 4704 4709
f 4709 4704 4708
f 4709 4708 4713
f 4713 4708 4712
f 4713 4712 4717
f 4717 4712 4716
f 4717 4716 4721
f 4721 4716 4720
f 4698 4407 4704
f 4704 4407 4406
f 4704 4406 4708
f 4708 4406 4405
f 4708 4405 4712
f 4712 4405 4404
f 4712 4404 4716
f 4716 4404 4403
f 4716 4403 4720
f 4720 4403 4402
f 4476 4475 4738
f 4738 4475 4741
f 4738 4741 4737
f 4737 4741 4744
f 4737 4744 4736
f 4736 4744 4747
f 4736 4747 4735
f 4735 4747 4750
f 4735 4750 4734
f 4734 4750 4753
f 4734 4753 4733
f 4733 4753 4732
f 4732 4753 4752
f 4732 4752 4731
f 4731 4752 4751
f 4731 4751 4730
f 4730 4751 4728
f 4730 4728 4729
f 4475 4474 4741
f 4741 4474 4740
f 4741 4740 4744
f 4744 4740 4743
f 4744 4743 4747
f 4747 4743 4746
f 4747 4746 4750
f 4750 4746 4749
f 4750 4749 4753
f 4753 4749 4752
f 4474 4473 4740
f 4740 4473 4739
f 4740 4739 4743
f 4743 4739 4742
f 4743 4742 4746
f 4746 4742 4745
f 4746 4745 4749
f 4749 4745 4748
f 4749 4748 4752
f 4752 4748 4751
f 4473 4472 4739
f 4739 4472 4724
f 4739 4724 4742
f 4742 4724 4725
f 4742 4725 4745
f 4745 4725 4726
f 4745 4726 4748
f 4748 4726 4727
f 4748 4727 4751
f 4751 4727 4728
f 4513 4308 4763
f 4763 4308 4485
f 4763 4485 4762
f 4762 4485 4484
f 4762 4484 4761
f 4761 4484 4483
f 4761 4483 4760
f 4760 4483 4482
f 4760 4482 4759
f 4759 4482 4481
f 4759 4481 4758
f 4758 4481 4480
f 4758 4480 4757
f 4757 4480 4479
f 4757 4479 4756
f 4756 4479 4478
f 4756 4478 4755
f 4755 4478 4477
f 4755 4477 4754
f 4754 4477 4476
f 4514 4513 4777
f 4777 4513 4764
f 4777 4764 4776
f 4776 4764 4765
f 4776 4765 4775
f 4775 4765 4766
f 4775 4766 4774
f 4774 4766 4767
f 4774 4767 4769
f 4769 4767 4768
f 4769 4770 4774
f 4774 4770 4778
f 4774 4778 4775
f 4775 4778 4779
f 4775 4779 4776
f 4776 4779 4780
f 4776 4780 4777
f 4777 4780 4781
f 4777 4781 4514
f 4514 4781 4515
f 4515 4781 4785
f 4515 4785 4516
f 4516 4785 4789
f 4516 4789 4517
f 4517 4789 4793
f 4517 4793 4518
f 4518 4793 4519
f 4518 4519 4330
f 4770 4771 4778
f 4778 4771 4782
f 4778 4782 4779
f 4779 4782 4783
f 4779 4783 4780
f 4780 4783 4784
f 4780 4784 4781
f 4781 4784 4785
f 4771 4772 4782
f 4782 4772 4786
f 4782 4786 4783
f 4783 4786 4787
f 4783 4787 4784
f 4784 4787 4788
f 4784 4788 4785
f 4785 4788 4789
f 4772 4773 4786
f 4786 4773 4790
f 4786 4790 4787
f 4787 4790 4791
f 4787 4791 4788
f 4788 4791 4792
f 4788 4792 4789
f 4789 4792 4793
f 4523 4522 4773
f 4773 4522 4790
f 4522 4521 4790
f 4790 4521 4791
f 4521 4520 4791
f 4791 4520 4792
f 4520 4519 4792
f 4792 4519 4793
f 4794 4795 4816
f 4816 4795 4819
f 4816 4819 4815
f 4815 4819 4822
f 4815 4822 4814
f 4814 4822 4825
f 4814 4825 4813
f 4813 4825 4828
f 4813 4828 4812
f 4812 4828 4831
f 4812 4831 4811
f 4811 4831 4834
f 4811 4834 4810
f 4810 4834 4837
f 4810 4837 4809
f 4809 4837 4840
f 4809 4840 4808
f 4808 4840 4843
f 4808 4843 4574
f 4574 4843 4575
f 4575 4843 4842
f 4575 4842 4576
f 4576 4842 4841
f 4576 4841 4577
f 4577 4841 4807
f 4577 4807 4578
f 4795 4796 4819
f 4819 4796 4818
f 4819 4818 4822
f 4822 4818 4821
f 4822 4821 4825
f 4825 4821 4824
f 4825 4824 4828
f 4828 4824 4827
f 4828 4827 4831
f 4831 4827 4830
f 4831 4830 4834
f 4834 4830 4833
f 4834 4833 4837
f 4837 4833 4836
f 4837 4836 4840
f 4840 4836 4839
f 4840 4839 4843
f 4843 4839 4842
f 4796 4797 4818
f 4818 4797 4817
f 4818 4817 4821
f 4821 4817 4820
f 4821 4820 4824
f 4824 4820 4823
f 4824 4823 4827
f 4827 4823 4826
f 4827 4826 4830
f 4830 4826 4829
f 4830 4829 4833
f 4833 4829 4832
f 4833 4832 4836
f 4836 4832 4835
f 4836 4835 4839
f 4839 4835 4838
f 4839 4838 4842
f 4842 4838 4841
f 4797 4798 4817
f 4817 4798 4799
f 4817 4799 4820
f 4820 4799 4800
f 4820 4800 4823
f 4823 4800 4801
f 4823 4801 4826
f 4826 4801 4802
f 4826 4802 4829
f 4829 4802 4803
f 4829 4803 4832
f 4832 4803 4804
f 4832 4804 4835
f 4835 4804 4805
f 4835 4805 4838
f 4838 4805 4806
f 4838 4806 4841
f 4841 4806 4807
f 4578 4844 4579
f 4579 4844 4845
f 4579 4845 4580
f 4580 4845 4846
f 4580 4846 4581
f 4581 4846 4847
f 4581 4847 4582
f 4582 4847 4848
f 4582 4848 4583
f 4583 4848 4849
f 4583 4849 4344
f 4344 4849 4604
f 4574 4588 4850
f 4850 4588 4855
f 4855 4588 4587
f 4855 4587 4854
f 4854 4587 4586
f 4854 4586 4853
f 4853 4586 4585
f 4853 4585 4852
f 4852 4585 4584
f 4852 4584 4851
f 4851 4584 4340
f 4851 4340 4614
f 4628 4627 4869
f 4869 4627 4873
f 4869 4873 4868
f 4868 4873 4877
f 4868 4877 4867
f 4867 4877 4881
f 4867 4881 4866
f 4866 4881 4885
f 4866 4885 4865
f 4865 4885 4889
f 4865 4889 4864
f 4864 4889 4893
f 4864 4893 4863
f 4863 4893 4897
f 4863 4897 4862
f 4862 4897 4901
f 4862 4901 4861
f 4861 4901 4905
f 4861 4905 4860
f 4860 4905 4859
f 4859 4905 4904
f 4859 4904 4858
f 4858 4904 4903
f 4858 4903 4857
f 4857 4903 4902
f 4857 4902 4856
f 4856 4902 4605
f 4856 4605 4604
f 4627 4626 4873
f 4873 4626 4872
f 4873 4872 4877
f 4877 4872 4876
f 4877 4876 4881
f 4881 4876 4880
f 4881 4880 4885
f 4885 4880 4884
f 4885 4884 4889
f 4889 4884 4888
f 4889 4888 4893
f 4893 4888 4892
f 4893 4892 4897
f 4897 4892 4896
f 4897 4896 4901
f 4901 4896 4900
f 4901 4900 4905
f 4905 4900 4904
f 4626 4625 4872
f 4872 4625 4871
f 4872 4871 4876
f 4876 4871 4875
f 4876 4875 4880
f 4880 4875 4879
f 4880 4879 4884
f 4884 4879 4883
f 4884 4883 4888
f 4888 4883 4887
f 4888 4887 4892
f 4892 4887 4891
f 4892 4891 4896
f 4896 4891 4895
f 4896 4895 4900
f 4900 4895 4899
f 4900 4899 4904
f 4904 4899 4903
f 4625 4624 4871
f 4871 4624 4870
f 4871 4870 4875
f 4875 4870 4874
f 4875 4874 4879
f 4879 4874 4878
f 4879 4878 4883
f 4883 4878 4882
f 4883 4882 4887
f 4887 4882 4886
f 4887 4886 4891
f 4891 4886 4890
f 4891 4890 4895
f 4895 4890 4894
f 4895 4894 4899
f 4899 4894 4898
f 4899 4898 4903
f 4903 4898 4902
f 4624 4390 4870
f 4870 4390 4613
f 4870 4613 4874
f 4874 4613 4612
f 4874 4612 4878
f 4878 4612 4611
f 4878 4611 4882
f 4882 4611 4610
f 4882 4610 4886
f 4886 4610 4609
f 4886 4609 4890
f 4890 4609 4608
f 4890 4608 4894
f 4894 4608 4607
f 4894 4607 4898
f 4898 4607 4606
f 4898 4606 4902
f 4902 4606 4605
f 4615 4396 4923
f 4923 4396 4663
f 4923 4663 4922
f 4922 4663 4662
f 4922 4662 4921
f 4921 4662 4661
f 4921 4661 4920
f 4920 4661 4660
f 4920 4660 4906
f 4906 4660 4659
f 4906 4907 4920
f 4920 4907 4924
f 4920 4924 4921
f 4921 4924 4925
f 4921 4925 4922
f 4922 4925 4926
f 4922 4926 4923
f 4923 4926 4927
f 4923 4927 4615
f 4615 4927 4616
f 4616 4927 4931
f 4616 4931 4617
f 4617 4931 4935
f 4617 4935 4618
f 4618 4935 4939
f 4618 4939 4619
f 4619 4939 4943
f 4619 4943 4620
f 4620 4943 4947
f 4620 4947 4621
f 4621 4947 4951
f 4621 4951 4622
f 4622 4951 4955
f 4622 4955 4623
f 4623 4955 4919
f 4623 4919 4614
f 4907 4908 4924
f 4924 4908 4928
f 4924 4928 4925
f 4925 4928 4929
f 4925 4929 4926
f 4926 4929 4930
f 4926 4930 4927
f 4927 4930 4931
f 4908 4909 4928
f 4928 4909 4932
f 4928 4932 4929
f 4929 4932 4933
f 4929 4933 4930
f 4930 4933 4934
f 4930 4934 4931
f 4931 4934 4935
f 4909 4910 4932
f 4932 4910 4936
f 4932 4936 4933
f 4933 4936 4937
f 4933 4937 4934
f 4934 4937 4938
f 4934 4938 4935
f 4935 4938 4939
f 4910 4911 4936
f 4936 4911 4940
f 4936 4940 4937
f 4937 4940 4941
f 4937 4941 4938
f 4938 4941 4942
f 4938 4942 4939
f 4939 4942 4943
f 4911 4912 4940
f 4940 4912 4944
f 4940 4944 4941
f 4941 4944 4945
f 4941 4945 4942
f 4942 4945 4946
f 4942 4946 4943
f 4943 4946 4947
f 4912 4913 4944
f 4944 4913 4948
f 4944 4948 4945
f 4945 4948 4949
f 4945 4949 4946
f 4946 4949 4950
f 4946 4950 4947
f 4947 4950 4951
f 4913 4914 4948
f 4948 4914 4952
f 4948 4952 4949
f 4949 4952 4953
f 4949 4953 4950
f 4950 4953 4954
f 4950 4954 4951
f 4951 4954 4955
f 4914 4915 4952
f 4952 4915 4916
f 4952 4916 4953
f 4953 4916 4917
f 4953 4917 4954
f 4954 4917 4918
f 4954 4918 4955
f 4955 4918 4919
f 4472 4693 4724
f 4724 4693 4956
f 4724 4956 4725
f 4725 4956 4957
f 4725 4957 4726
f 4726 4957 4958
f 4726 4958 4727
f 4727 4958 4959
f 4727 4959 4728
f 4728 4959 4960
f 4728 4960 4729
f 4729 4960 4961
f 4962 4963 4975
f 4975 4963 4979
f 4975 4979 4974
f 4974 4979 4983
f 4974 4983 4973
f 4973 4983 4987
f 4973 4987 4972
f 4972 4987 4991
f 4972 4991 4971
f 4971 4991 4995
f 4971 4995 4970
f 4970 4995 4999
f 4970 4999 4969
f 4969 4999 5003
f 4969 5003 4968
f 4968 5003 5007
f 4968 5007 4967
f 4967 5007 5011
f 4967 5011 4694
f 4694 5011 4695
f 4695 5011 5010
f 4695 5010 4696
f 4696 5010 5009
f 4696 5009 4697
f 4697 5009 5008
f 4697 5008 4698
f 4698 5008 4684
f 4698 4684 4407
f 4963 4964 4979
f 4979 4964 4978
f 4979 4978 4983
f 4983 4978 4982
f 4983 4982 4987
f 4987 4982 4986
f 4987 4986 4991
f 4991 4986 4990
f 4991 4990 4995
f 4995 4990 4994
f 4995 4994 4999
f 4999 4994 4998
f 4999 4998 5003
f 5003 4998 5002
f 5003 5002 5007
f 5007 5002 5006
f 5007 5006 5011
f 5011 5006 5010
f 4964 4965 4978
f 4978 4965 4977
f 4978 4977 4982
f 4982 4977 4981
f 4982 4981 4986
f 4986 4981 4985
f 4986 4985 4990
f 4990 4985 4989
f 4990 4989 4994
f 4994 4989 4993
f 4994 4993 4998
f 4998 4993 4997
f 4998 4997 5002
f 5002 4997 5001
f 5002 5001 5006
f 5006 5001 5005
f 5006 5005 5010
f 5010 5005 5009
f 4965 4966 4977
f 4977 4966 4976
f 4977 4976 4981
f 4981 4976 4980
f 4981 4980 4985
f 4985 4980 4984
f 4985 4984 4989
f 4989 4984 4988
f 4989 4988 4993
f 4993 4988 4992
f 4993 4992 4997
f 4997 4992 4996
f 4997 4996 5001
f 5001 4996 5000
f 5001 5000 5005
f 5005 5000 5004
f 5005 5004 5009
f 5009 5004 5008
f 4966 4693 4976
f 4976 4693 4692
f 4976 4692 4980
f 4980 4692 4691
f 4980 4691 4984
f 4984 4691 4690
f 4984 4690 4988
f 4988 4690 4689
f 4988 4689 4992
f 4992 4689 4688
f 4992 4688 4996
f 4996 4688 4687
f 4996 4687 5000
f 5000 4687 4686
f 5000 4686 5004
f 5004 4686 4685
f 5004 4685 5008
f 5008 4685 4684
f 4860 4859 5021
f 5021 4859 5025
f 5021 5025 5020
f 5020 5025 5029
f 5020 5029 5019
f 5019 5029 5033
f 5019 5033 5018
f 5018 5033 5037
f 5018 5037 5017
f 5017 5037 5041
f 5017 5041 5016
f 5016 5041 5015
f 5015 5041 5040
f 5015 5040 5014
f 5014 5040 5039
f 5014 5039 5013
f 5013 5039 5038
f 5013 5038 5012
f 5012 5038 4845
f 5012 4845 4844
f 4859 4858 5025
f 5025 4858 5024
f 5025 5024 5029
f 5029 5024 5028
f 5029 5028 5033
f 5033 5028 5032
f 5033 5032 5037
f 5037 5032 5036
f 5037 5036 5041
f 5041 5036 5040
f 4858 4857 5024
f 5024 4857 5023
f 5024 5023 5028
f 5028 5023 5027
f 5028 5027 5032
f 5032 5027 5031
f 5032 5031 5036
f 5036 5031 5035
f 5036 5035 5040
f 5040 5035 5039
f 4857 4856 5023
f 5023 4856 5022
f 5023 5022 5027
f 5027 5022 5026
f 5027 5026 5031
f 5031 5026 5030
f 5031 5030 5035
f 5035 5030 5034
f 5035 5034 5039
f 5039 5034 5038
f 4856 4604 5022
f 5022 4604 4849
f 5022 4849 5026
f 5026 4849 4848
f 5026 4848 5030
f 5030 4848 4847
f 5030 4847 5034
f 5034 4847 4846
f 5034 4846 5038
f 5038 4846 4845
f 5016 5015 5065
f 5065 5015 5069
f 5065 5069 5064
f 5064 5069 5073
f 5064 5073 5063
f 5063 5073 5077
f 5063 5077 5062
f 5062 5077 5081
f 5062 5081 5061
f 5061 5081 5085
f 5061 5085 5060
f 5060 5085 5089
f 5060 5089 5059
f 5059 5089 5093
f 5059 5093 5058
f 5058 5093 5097
f 5058 5097 5057
f 5057 5097 5101
f 5057 5101 5056
f 5056 5101 5055
f 5055 5101 5100
f 5055 5100 5054
f 5054 5100 5099
f 5054 5099 5053
f 5053 5099 5098
f 5053 5098 5052
f 5052 5098 5050
f 5052 5050 5051
f 5015 5014 5069
f 5069 5014 5068
f 5069 5068 5073
f 5073 5068 5072
f 5073 5072 5077
f 5077 5072 5076
f 5077 5076 5081
f 5081 5076 5080
f 5081 5080 5085
f 5085 5080 5084
f 5085 5084 5089
f 5089 5084 5088
f 5089 5088 5093
f 5093 5088 5092
f 5093 5092 5097
f 5097 5092 5096
f 5097 5096 5101
f 5101 5096 5100
f 5014 5013 5068
f 5068 5013 5067
f 5068 5067 5072
f 5072 5067 5071
f 5072 5071 5076
f 5076 5071 5075
f 5076 5075 5080
f 5080 5075 5079
f 5080 5079 5084
f 5084 5079 5083
f 5084 5083 5088
f 5088 5083 5087
f 5088 5087 5092
f 5092 5087 5091
f 5092 5091 5096
f 5096 5091 5095
f 5096 5095 5100
f 5100 5095 5099
f 5013 5012 5067
f 5067 5012 5066
f 5067 5066 5071
f 5071 5066 5070
f 5071 5070 5075
f 5075 5070 5074
f 5075 5074 5079
f 5079 5074 5078
f 5079 5078 5083
f 5083 5078 5082
f 5083 5082 5087
f 5087 5082 5086
f 5087 5086 5091
f 5091 5086 5090
f 5091 5090 5095
f 5095 5090 5094
f 5095 5094 5099
f 5099 5094 5098
f 5012 4844 5066
f 5066 4844 5042
f 5066 5042 5070
f 5070 5042 5043
f 5070 5043 5074
f 5074 5043 5044
f 5074 5044 5078
f 5078 5044 5045
f 5078 5045 5082
f 5082 5045 5046
f 5082 5046 5086
f 5086 5046 5047
f 5086 5047 5090
f 5090 5047 5048
f 5090 5048 5094
f 5094 5048 5049
f 5094 5049 5098
f 5098 5049 5050
f 5056 5055 5117
f 5117 5055 5121
f 5117 5121 5116
f 5116 5121 5125
f 5116 5125 5115
f 5115 5125 5129
f 5115 5129 5114
f 5114 5129 5133
f 5114 5133 5113
f 5113 5133 5137
f 5113 5137 5112
f 5112 5137 5111
f 5111 5137 5136
f 5111 5136 5110
f 5110 5136 5135
f 5110 5135 5109
f 5109 5135 5134
f 5109 5134 5108
f 5108 5134 5106
f 5108 5106 5107
f 5055 5054 5121
f 5121 5054 5120
f 5121 5120 5125
f 5125 5120 5124
f 5125 5124 5129
f 5129 5124 5128
f 5129 5128 5133
f 5133 5128 5132
f 5133 5132 5137
f 5137 5132 5136
f 5054 5053 5120
f 5120 5053 5119
f 5120 5119 5124
f 5124 5119 5123
f 5124 5123 5128
f 5128 5123 5127
f 5128 5127 5132
f 5132 5127 5131
f 5132 5131 5136
f 5136 5131 5135
f 5053 5052 5119
f 5119 5052 5118
f 5119 5118 5123
f 5123 5118 5122
f 5123 5122 5127
f 5127 5122 5126
f 5127 5126 5131
f 5131 5126 5130
f 5131 5130 5135
f 5135 5130 5134
f 5052 5051 5118
f 5118 5051 5102
f 5118 5102 5122
f 5122 5102 5103
f 5122 5103 5126
f 5126 5103 5104
f 5126 5104 5130
f 5130 5104 5105
f 5130 5105 5134
f 5134 5105 5106
f 5112 5111 5161
f 5161 5111 5165
f 5161 5165 5160
f 5160 5165 5169
f 5160 5169 5159
f 5159 5169 5173
f 5159 5173 5158
f 5158 5173 5177
f 5158 5177 5157
f 5157 5177 5181
f 5157 5181 5156
f 5156 5181 5185
f 5156 5185 5155
f 5155 5185 5189
f 5155 5189 5154
f 5154 5189 5193
f 5154 5193 5153
f 5153 5193 5197
f 5153 5197 5152
f 5152 5197 5151
f 5151 5197 5196
f 5151 5196 5150
f 5150 5196 5195
f 5150 5195 5149
f 5149 5195 5194
f 5149 5194 5148
f 5148 5194 5146
f 5148 5146 5147
f 5111 5110 5165
f 5165 5110 5164
f 5165 5164 5169
f 5169 5164 5168
f 5169 5168 5173
f 5173 5168 5172
f 5173 5172 5177
f 5177 5172 5176
f 5177 5176 5181
f 5181 5176 5180
f 5181 5180 5185
f 5185 5180 5184
f 5185 5184 5189
f 5189 5184 5188
f 5189 5188 5193
f 5193 5188 5192
f 5193 5192 5197
f 5197 5192 5196
f 5110 5109 5164
f 5164 5109 5163
f 5164 5163 5168
f 5168 5163 5167
f 5168 5167 5172
f 5172 5167 5171
f 5172 5171 5176
f 5176 5171 5175
f 5176 5175 5180
f 5180 5175 5179
f 5180 5179 5184
f 5184 5179 5183
f 5184 5183 5188
f 5188 5183 5187
f 5188 5187 5192
f 5192 5187 5191
f 5192 5191 5196
f 5196 5191 5195
f 5109 5108 5163
f 5163 5108 5162
f 5163 5162 5167
f 5167 5162 5166
f 5167 5166 5171
f 5171 5166 5170
f 5171 5170 5175
f 5175 5170 5174
f 5175 5174 5179
f 5179 5174 5178
f 5179 5178 5183
f 5183 5178 5182
f 5183 5182 5187
f 5187 5182 5186
f 5187 5186 5191
f 5191 5186 5190
f 5191 5190 5195
f 5195 5190 5194
f 5108 5107 5162
f 5162 5107 5138
f 5162 5138 5166
f 5166 5138 5139
f 5166 5139 5170
f 5170 5139 5140
f 5170 5140 5174
f 5174 5140 5141
f 5174 5141 5178
f 5178 5141 5142
f 5178 5142 5182
f 5182 5142 5143
f 5182 5143 5186
f 5186 5143 5144
f 5186 5144 5190
f 5190 5144 5145
f 5190 5145 5194
f 5194 5145 5146
f 5152 5151 5213
f 5213 5151 5217
f 5213 5217 5212
f 5212 5217 5221
f 5212 5221 5211
f 5211 5221 5225
f 5211 5225 5210
f 5210 5225 5229
f 5210 5229 5209
f 5209 5229 5233
f 5209 5233 5208
f 5208 5233 5207
f 5207 5233 5232
f 5207 5232 5206
f 5206 5232 5231
f 5206 5231 5205
f 5205 5231 5230
f 5205 5230 5204
f 5204 5230 5202
f 5204 5202 5203
f 5151 5150 5217
f 5217 5150 5216
f 5217 5216 5221
f 5221 5216 5220
f 5221 5220 5225
f 5225 5220 5224
f 5225 5224 5229
f 5229 5224 5228
f 5229 5228 5233
f 5233 5228 5232
f 5150 5149 5216
f 5216 5149 5215
f 5216 5215 5220
f 5220 5215 5219
f 5220 5219 5224
f 5224 5219 5223
f 5224 5223 5228
f 5228 5223 5227
f 5228 5227 5232
f 5232 5227 5231
f 5149 5148 5215
f 5215 5148 5214
f 5215 5214 5219
f 5219 5214 5218
f 5219 5218 5223
f 5223 5218 5222
f 5223 5222 5227
f 5227 5222 5226
f 5227 5226 5231
f 5231 5226 5230
f 5148 5147 5214
f 5214 5147 5198
f 5214 5198 5218
f 5218 5198 5199
f 5218 5199 5222
f 5222 5199 5200
f 5222 5200 5226
f 5226 5200 5201
f 5226 5201 5230
f 5230 5201 5202
f 5208 5207 5256
f 5256 5207 5260
f 5256 5260 5255
f 5255 5260 5264
f 5255 5264 5254
f 5254 5264 5268
f 5254 5268 5253
f 5253 5268 5272
f 5253 5272 5252
f 5252 5272 5276
f 5252 5276 5251
f 5251 5276 5280
f 5251 5280 5250
f 5250 5280 5284
f 5250 5284 5249
f 5249 5284 5288
f 5249 5288 5248
f 5248 5288 5292
f 5248 5292 5247
f 5247 5292 5246
f 5246 5292 5291
f 5246 5291 5245
f 5245 5291 5290
f 5245 5290 5244
f 5244 5290 5289
f 5244 5289 5243
f 5243 5289 5242
f 5243 5242 4961
f 5207 5206 5260
f 5260 5206 5259
f 5260 5259 5264
f 5264 5259 5263
f 5264 5263 5268
f 5268 5263 5267
f 5268 5267 5272
f 5272 5267 5271
f 5272 5271 5276
f 5276 5271 5275
f 5276 5275 5280
f 5280 5275 5279
f 5280 5279 5284
f 5284 5279 5283
f 5284 5283 5288
f 5288 5283 5287
f 5288 5287 5292
f 5292 5287 5291
f 5206 5205 5259
f 5259 5205 5258
f 5259 5258 5263
f 5263 5258 5262
f 5263 5262 5267
f 5267 5262 5266
f 5267 5266 5271
f 5271 5266 5270
f 5271 5270 5275
f 5275 5270 5274
f 5275 5274 5279
f 5279 5274 5278
f 5279 5278 5283
f 5283 5278 5282
f 5283 5282 5287
f 5287 5282 5286
f 5287 5286 5291
f 5291 5286 5290
f 5205 5204 5258
f 5258 5204 5257
f 5258 5257 5262
f 5262 5257 5261
f 5262 5261 5266
f 5266 5261 5265
f 5266 5265 5270
f 5270 5265 5269
f 5270 5269 5274
f 5274 5269 5273
f 5274 5273 5278
f 5278 5273 5277
f 5278 5277 5282
f 5282 5277 5281
f 5282 5281 5286
f 5286 5281 5285
f 5286 5285 5290
f 5290 5285 5289
f 5204 5203 5257
f 5257 5203 5234
f 5257 5234 5261
f 5261 5234 5235
f 5261 5235 5265
f 5265 5235 5236
f 5265 5236 5269
f 5269 5236 5237
f 5269 5237 5273
f 5273 5237 5238
f 5273 5238 5277
f 5277 5238 5239
f 5277 5239 5281
f 5281 5239 5240
f 5281 5240 5285
f 5285 5240 5241
f 5285 5241 5289
f 5289 5241 5242
f 5247 5246 5297
f 5297 5246 5301
f 5297 5301 5296
f 5296 5301 5305
f 5296 5305 5295
f 5295 5305 5309
f 5295 5309 5294
f 5294 5309 5313
f 5294 5313 5293
f 5293 5313 5317
f 5293 5317 4962
f 4962 5317 4963
f 4963 5317 5316
f 4963 5316 4964
f 4964 5316 5315
f 4964 5315 4965
f 4965 5315 5314
f 4965 5314 4966
f 4966 5314 4956
f 4966 4956 4693
f 5246 5245 5301
f 5301 5245 5300
f 5301 5300 5305
f 5305 5300 5304
f 5305 5304 5309
f 5309 5304 5308
f 5309 5308 5313
f 5313 5308 5312
f 5313 5312 5317
f 5317 5312 5316
f 5245 5244 5300
f 5300 5244 5299
f 5300 5299 5304
f 5304 5299 5303
f 5304 5303 5308
f 5308 5303 5307
f 5308 5307 5312
f 5312 5307 5311
f 5312 5311 5316
f 5316 5311 5315
f 5244 5243 5299
f 5299 5243 5298
f 5299 5298 5303
f 5303 5298 5302
f 5303 5302 5307
f 5307 5302 5306
f 5307 5306 5311
f 5311 5306 5310
f 5311 5310 5315
f 5315 5310 5314
f 5243 4961 5298
f 5298 4961 4960
f 5298 4960 5302
f 5302 4960 4959
f 5302 4959 5306
f 5306 4959 4958
f 5306 4958 5310
f 5310 4958 4957
f 5310 4957 5314
f 5314 4957 4956
f 5318 5319 5329
f 5329 5319 5328
f 5328 5319 5327
f 5327 5319 5320
f 5327 5320 5326
f 5326 5320 5321
f 5326 5321 5325
f 5325 5321 5322
f 5325 5322 5324
f 5324 5322 5323
f 5329 5328 5365
f 5365 5328 5369
f 5365 5369 5364
f 5364 5369 5373
f 5364 5373 5363
f 5363 5373 5377
f 5363 5377 5362
f 5362 5377 5381
f 5362 5381 5361
f 5361 5381 5385
f 5361 5385 5360
f 5360 5385 5389
f 5360 5389 5359
f 5359 5389 5393
f 5359 5393 5358
f 5358 5393 5397
f 5358 5397 5357
f 5357 5397 5401
f 5357 5401 5356
f 5356 5401 5405
f 5356 5405 5355
f 5355 5405 5409
f 5355 5409 5354
f 5354 5409 5413
f 5354 5413 5353
f 5353 5413 5417
f 5353 5417 5352
f 5352 5417 5421
f 5352 5421 5351
f 5351 5421 5425
f 5351 5425 5350
f 5350 5425 5349
f 5349 5425 5424
f 5349 5424 5348
f 5348 5424 5423
f 5348 5423 5347
f 5347 5423 5422
f 5347 5422 5346
f 5346 5422 5344
f 5346 5344 5345
f 5328 5327 5369
f 5369 5327 5368
f 5369 5368 5373
f 5373 5368 5372
f 5373 5372 5377
f 5377 5372 5376
f 5377 5376 5381
f 5381 5376 5380
f 5381 5380 5385
f 5385 5380 5384
f 5385 5384 5389
f 5389 5384 5388
f 5389 5388 5393
f 5393 5388 5392
f 5393 5392 5397
f 5397 5392 5396
f 5397 5396 5401
f 5401 5396 5400
f 5401 5400 5405
f 5405 5400 5404
f 5405 5404 5409
f 5409 5404 5408
f 5409 5408 5413
f 5413 5408 5412
f 5413 5412 5417
f 5417 5412 5416
f 5417 5416 5421
f 5421 5416 5420
f 5421 5420 5425
f 5425 5420 5424
f 5327 5326 5368
f 5368 5326 5367
f 5368 5367 5372
f 5372 5367 5371
f 5372 5371 5376
f 5376 5371 5375
f 5376 5375 5380
f 5380 5375 5379
f 5380 5379 5384
f 5384 5379 5383
f 5384 5383 5388
f 5388 5383 5387
f 5388 5387 5392
f 5392 5387 5391
f 5392 5391 5396
f 5396 5391 5395
f 5396 5395 5400
f 5400 5395 5399
f 5400 5399 5404
f 5404 5399 5403
f 5404 5403 5408
f 5408 5403 5407
f 5408 5407 5412
f 5412 5407 5411
f 5412 5411 5416
f 5416 5411 5415
f 5416 5415 5420
f 5420 5415 5419
f 5420 5419 5424
f 5424 5419 5423
f 5326 5325 5367
f 5367 5325 5366
f 5367 5366 5371
f 5371 5366 5370
f 5371 5370 5375
f 5375 5370 5374
f 5375 5374 5379
f 5379 5374 5378
f 5379 5378 5383
f 5383 5378 5382
f 5383 5382 5387
f 5387 5382 5386
f 5387 5386 5391
f 5391 5386 5390
f 5391 5390 5395
f 5395 5390 5394
f 5395 5394 5399
f 5399 5394 5398
f 5399 5398 5403
f 5403 5398 5402
f 5403 5402 5407
f 5407 5402 5406
f 5407 5406 5411
f 5411 5406 5410
f 5411 5410 5415
f 5415 5410 5414
f 5415 5414 5419
f 5419 5414 5418
f 5419 5418 5423
f 5423 5418 5422
f 5325 5324 5366
f 5366 5324 5330
f 5366 5330 5370
f 5370 5330 5331
f 5370 5331 5374
f 5374 5331 5332
f 5374 5332 5378
f 5378 5332 5333
f 5378 5333 5382
f 5382 5333 5334
f 5382 5334 5386
f 5386 5334 5335
f 5386 5335 5390
f 5390 5335 5336
f 5390 5336 5394
f 5394 5336 5337
f 5394 5337 5398
f 5398 5337 5338
f 5398 5338 5402
f 5402 5338 5339
f 5402 5339 5406
f 5406 5339 5340
f 5406 5340 5410
f 5410 5340 5341
f 5410 5341 5414
f 5414 5341 5342
f 5414 5342 5418
f 5418 5342 5343
f 5418 5343 5422
f 5422 5343 5344
f 5431 5350 5430
f 5430 5350 5349
f 5430 5349 5429
f 5429 5349 5348
f 5429 5348 5428
f 5428 5348 5347
f 5428 5347 5427
f 5427 5347 5346
f 5427 5346 5426
f 5426 5346 5345
f 5432 5433 5443
f 5443 5433 5442
f 5442 5433 5441
f 5441 5433 5434
f 5441 5434 5440
f 5440 5434 5435
f 5440 5435 5439
f 5439 5435 5436
f 5439 5436 5438
f 5438 5436 5437
f 5443 5442 5479
f 5479 5442 5483
f 5479 5483 5478
f 5478 5483 5487
f 5478 5487 5477
f 5477 5487 5491
f 5477 5491 5476
f 5476 5491 5495
f 5476 5495 5475
f 5475 5495 5499
f 5475 5499 5474
f 5474 5499 5503
f 5474 5503 5473
f 5473 5503 5507
f 5473 5507 5472
f 5472 5507 5511
f 5472 5511 5471
f 5471 5511 5515
f 5471 5515 5470
f 5470 5515 5519
f 5470 5519 5469
f 5469 5519 5523
f 5469 5523 5468
f 5468 5523 5527
f 5468 5527 5467
f 5467 5527 5531
f 5467 5531 5466
f 5466 5531 5535
f 5466 5535 5465
f 5465 5535 5539
f 5465 5539 5464
f 5464 5539 5463
f 5463 5539 5538
f 5463 5538 5462
f 5462 5538 5537
f 5462 5537 5461
f 5461 5537 5536
f 5461 5536 5460
f 5460 5536 5458
f 5460 5458 5459
f 5442 5441 5483
f 5483 5441 5482
f 5483 5482 5487
f 5487 5482 5486
f 5487 5486 5491
f 5491 5486 5490
f 5491 5490 5495
f 5495 5490 5494
f 5495 5494 5499
f 5499 5494 5498
f 5499 5498 5503
f 5503 5498 5502
f 5503 5502 5507
f 5507 5502 5506
f 5507 5506 5511
f 5511 5506 5510
f 5511 5510 5515
f 5515 5510 5514
f 5515 5514 5519
f 5519 5514 5518
f 5519 5518 5523
f 5523 5518 5522
f 5523 5522 5527
f 5527 5522 5526
f 5527 5526 5531
f 5531 5526 5530
f 5531 5530 5535
f 5535 5530 5534
f 5535 5534 5539
f 5539 5534 5538
f 5441 5440 5482
f 5482 5440 5481
f 5482 5481 5486
f 5486 5481 5485
f 5486 5485 5490
f 5490 5485 5489
f 5490 5489 5494
f 5494 5489 5493
f 5494 5493 5498
f 5498 5493 5497
f 5498 5497 5502
f 5502 5497 5501
f 5502 5501 5506
f 5506 5501 5505
f 5506 5505 5510
f 5510 5505 5509
f 5510 5509 5514
f 5514 5509 5513
f 5514 5513 5518
f 5518 5513 5517
f 5518 5517 5522
f 5522 5517 5521
f 5522 5521 5526
f 5526 5521 5525
f 5526 5525 5530
f 5530 5525 5529
f 5530 5529 5534
f 5534 5529 5533
f 5534 5533 5538
f 5538 5533 5537
f 5440 5439 5481
f 5481 5439 5480
f 5481 5480 5485
f 5485 5480 5484
f 5485 5484 5489
f 5489 5484 5488
f 5489 5488 5493
f 5493 5488 5492
f 5493 5492 5497
f 5497 5492 5496
f 5497 5496 5501
f 5501 5496 5500
f 5501 5500 5505
f 5505 5500 5504
f 5505 5504 5509
f 5509 5504 5508
f 5509 5508 5513
f 5513 5508 5512
f 5513 5512 5517
f 5517 5512 5516
f 5517 5516 5521
f 5521 5516 5520
f 5521 5520 5525
f 5525 5520 5524
f 5525 5524 5529
f 5529 5524 5528
f 5529 5528 5533
f 5533 5528 5532
f 5533 5532 5537
f 5537 5532 5536
f 5439 5438 5480
f 5480 5438 5444
f 5480 5444 5484
f 5484 5444 5445
f 5484 5445 5488
f 5488 5445 5446
f 5488 5446 5492
f 5492 5446 5447
f 5492 5447 5496
f 5496 5447 5448
f 5496 5448 5500
f 5500 5448 5449
f 5500 5449 5504
f 5504 5449 5450
f 5504 5450 5508
f 5508 5450 5451
f 5508 5451 5512
f 5512 5451 5452
f 5512 5452 5516
f 5516 5452 5453
f 5516 5453 5520
f 5520 5453 5454
f 5520 5454 5524
f 5524 5454 5455
f 5524 5455 5528
f 5528 5455 5456
f 5528 5456 5532
f 5532 5456 5457
f 5532 5457 5536
f 5536 5457 5458
f 5545 5464 5544
f 5544 5464 5463
f 5544 5463 5543
f 5543 5463 5462
f 5543 5462 5542
f 5542 5462 5461
f 5542 5461 5541
f 5541 5461 5460
f 5541 5460 5540
f 5540 5460 5459
f 5557 5546 5556
f 5556 5546 5547
f 5556 5547 5555
f 5555 5547 5548
f 5555 5548 5554
f 5554 5548 5549
f 5554 5549 5553
f 5553 5549 5550
f 5553 5550 5552
f 5552 5550 5551
f 5557 5556 5593
f 5593 5556 5597
f 5593 5597 5592
f 5592 5597 5601
f 5592 5601 5591
f 5591 5601 5605
f 5591 5605 5590
f 5590 5605 5609
f 5590 5609 5589
f 5589 5609 5613
f 5589 5613 5588
f 5588 5613 5617
f 5588 5617 5587
f 5587 5617 5621
f 5587 5621 5586
f 5586 5621 5625
f 5586 5625 5585
f 5585 5625 5629
f 5585 5629 5584
f 5584 5629 5633
f 5584 5633 5583
f 5583 5633 5637
f 5583 5637 5582
f 5582 5637 5641
f 5582 5641 5581
f 5581 5641 5645
f 5581 5645 5580
f 5580 5645 5649
f 5580 5649 5579
f 5579 5649 5653
f 5579 5653 5578
f 5578 5653 5577
f 5577 5653 5652
f 5577 5652 5576
f 5576 5652 5651
f 5576 5651 5575
f 5575 5651 5650
f 5575 5650 5574
f 5574 5650 5572
f 5574 5572 5573
f 5556 5555 5597
f 5597 5555 5596
f 5597 5596 5601
f 5601 5596 5600
f 5601 5600 5605
f 5605 5600 5604
f 5605 5604 5609
f 5609 5604 5608
f 5609 5608 5613
f 5613 5608 5612
f 5613 5612 5617
f 5617 5612 5616
f 5617 5616 5621
f 5621 5616 5620
f 5621 5620 5625
f 5625 5620 5624
f 5625 5624 5629
f 5629 5624 5628
f 5629 5628 5633
f 5633 5628 5632
f 5633 5632 5637
f 5637 5632 5636
f 5637 5636 5641
f 5641 5636 5640
f 5641 5640 5645
f 5645 5640 5644
f 5645 5644 5649
f 5649 5644 5648
f 5649 5648 5653
f 5653 5648 5652
f 5555 5554 5596
f 5596 5554 5595
f 5596 5595 5600
f 5600 5595 5599
f 5600 5599 5604
f 5604 5599 5603
f 5604 5603 5608
f 5608 5603 5607
f 5608 5607 5612
f 5612 5607 5611
f 5612 5611 5616
f 5616 5611 5615
f 5616 5615 5620
f 5620 5615 5619
f 5620 5619 5624
f 5624 5619 5623
f 5624 5623 5628
f 5628 5623 5627
f 5628 5627 5632
f 5632 5627 5631
f 5632 5631 5636
f 5636 5631 5635
f 5636 5635 5640
f 5640 5635 5639
f 5640 5639 5644
f 5644 5639 5643
f 5644 5643 5648
f 5648 5643 5647
f 5648 5647 5652
f 5652 5647 5651
f 5554 5553 5595
f 5595 5553 5594
f 5595 5594 5599
f 5599 5594 5598
f 5599 5598 5603
f 5603 5598 5602
f 5603 5602 5607
f 5607 5602 5606
f 5607 5606 5611
f 5611 5606 5610
f 5611 5610 5615
f 5615 5610 5614
f 5615 5614 5619
f 5619 5614 5618
f 5619 5618 5623
f 5623 5618 5622
f 5623 5622 5627
f 5627 5622 5626
f 5627 5626 5631
f 5631 5626 5630
f 5631 5630 5635
f 5635 5630 5634
f 5635 5634 5639
f 5639 5634 5638
f 5639 5638 5643
f 5643 5638 5642
f 5643 5642 5647
f 5647 5642 5646
f 5647 5646 5651
f 5651 5646 5650
f 5553 5552 5594
f 5594 5552 5558
f 5594 5558 5598
f 5598 5558 5559
f 5598 5559 5602
f 5602 5559 5560
f 5602 5560 5606
f 5606 5560 5561
f 5606 5561 5610
f 5610 5561 5562
f 5610 5562 5614
f 5614 5562 5563
f 5614 5563 5618
f 5618 5563 5564
f 5618 5564 5622
f 5622 5564 5565
f 5622 5565 5626
f 5626 5565 5566
f 5626 5566 5630
f 5630 5566 5567
f 5630 5567 5634
f 5634 5567 5568
f 5634 5568 5638
f 5638 5568 5569
f 5638 5569 5642
f 5642 5569 5570
f 5642 5570 5646
f 5646 5570 5571
f 5646 5571 5650
f 5650 5571 5572
f 5659 5578 5658
f 5658 5578 5577
f 5658 5577 5657
f 5657 5577 5576
f 5657 5576 5656
f 5656 5576 5575
f 5656 5575 5655
f 5655 5575 5574
f 5655 5574 5654
f 5654 5574 5573
f 5660 5661 5671
f 5671 5661 5670
f 5670 5661 5669
f 5669 5661 5662
f 5669 5662 5668
f 5668 5662 5663
f 5668 5663 5667
f 5667 5663 5664
f 5667 5664 5666
f 5666 5664 5665
f 5671 5670 5707
f 5707 5670 5711
f 5707 5711 5706
f 5706 5711 5715
f 5706 5715 5705
f 5705 5715 5719
f 5705 5719 5704
f 5704 5719 5723
f 5704 5723 5703
f 5703 5723 5727
f 5703 5727 5702
f 5702 5727 5731
f 5702 5731 5701
f 5701 5731 5735
f 5701 5735 5700
f 5700 5735 5739
f 5700 5739 5699
f 5699 5739 5743
f 5699 5743 5698
f 5698 5743 5747
f 5698 5747 5697
f 5697 5747 5751
f 5697 5751 5696
f 5696 5751 5755
f 5696 5755 5695
f 5695 5755 5759
f 5695 5759 5694
f 5694 5759 5763
f 5694 5763 5693
f 5693 5763 5767
f 5693 5767 5692
f 5692 5767 5691
f 5691 5767 5766
f 5691 5766 5690
f 5690 5766 5765
f 5690 5765 5689
f 5689 5765 5764
f 5689 5764 5688
f 5688 5764 5686
f 5688 5686 5687
f 5670 5669 5711
f 5711 5669 5710
f 5711 5710 5715
f 5715 5710 5714
f 5715 5714 5719
f 5719 5714 5718
f 5719 5718 5723
f 5723 5718 5722
f 5723 5722 5727
f 5727 5722 5726
f 5727 5726 5731
f 5731 5726 5730
f 5731 5730 5735
f 5735 5730 5734
f 5735 5734 5739
f 5739 5734 5738
f 5739 5738 5743
f 5743 5738 5742
f 5743 5742 5747
f 5747 5742 5746
f 5747 5746 5751
f 5751 5746 5750
f 5751 5750 5755
f 5755 5750 5754
f 5755 5754 5759
f 5759 5754 5758
f 5759 5758 5763
f 5763 5758 5762
f 5763 5762 5767
f 5767 5762 5766
f 5669 5668 5710
f 5710 5668 5709
f 5710 5709 5714
f 5714 5709 5713
f 5714 5713 5718
f 5718 5713 5717
f 5718 5717 5722
f 5722 5717 5721
f 5722 5721 5726
f 5726 5721 5725
f 5726 5725 5730
f 5730 5725 5729
f 5730 5729 5734
f 5734 5729 5733
f 5734 5733 5738
f 5738 5733 5737
f 5738 5737 5742
f 5742 5737 5741
f 5742 5741 5746
f 5746 5741 5745
f 5746 5745 5750
f 5750 5745 5749
f 5750 5749 5754
f 5754 5749 5753
f 5754 5753 5758
f 5758 5753 5757
f 5758 5757 5762
f 5762 5757 5761
f 5762 5761 5766
f 5766 5761 5765
f 5668 5667 5709
f 5709 5667 5708
f 5709 5708 5713
f 5713 5708 5712
f 5713 5712 5717
f 5717 5712 5716
f 5717 5716 5721
f 5721 5716 5720
f 5721 5720 5725
f 5725 5720 5724
f 5725 5724 5729
f 5729 5724 5728
f 5729 5728 5733
f 5733 5728 5732
f 5733 5732 5737
f 5737 5732 5736
f 5737 5736 5741
f 5741 5736 5740
f 5741 5740 5745
f 5745 5740 5744
f 5745 5744 5749
f 5749 5744 5748
f 5749 5748 5753
f 5753 5748 5752
f 5753 5752 5757
f 5757 5752 5756
f 5757 5756 5761
f 5761 5756 5760
f 5761 5760 5765
f 5765 5760 5764
f 5667 5666 5708
f 5708 5666 5672
f 5708 5672 5712
f 5712 5672 5673
f 5712 5673 5716
f 5716 5673 5674
f 5716 5674 5720
f 5720 5674 5675
f 5720 5675 5724
f 5724 5675 5676
f 5724 5676 5728
f 5728 5676 5677
f 5728 5677 5732
f 5732 5677 5678
f 5732 5678 5736
f 5736 5678 5679
f 5736 5679 5740
f 5740 5679 5680
f 5740 5680 5744
f 5744 5680 5681
f 5744 5681 5748
f 5748 5681 5682
f 5748 5682 5752
f 5752 5682 5683
f 5752 5683 5756
f 5756 5683 5684
f 5756 5684 5760
f 5760 5684 5685
f 5760 5685 5764
f 5764 5685 5686
f 5773 5692 5772
f 5772 5692 5691
f 5772 5691 5771
f 5771 5691 5690
f 5771 5690 5770
f 5770 5690 5689
f 5770 5689 5769
f 5769 5689 5688
f 5769 5688 5768
f 5768 5688 5687
f 5785 5774 5784
f 5784 5774 5775
f 5784 5775 5783
f 5783 5775 5776
f 5783 5776 5782
f 5782 5776 5777
f 5782 5777 5781
f 5781 5777 5778
f 5781 5778 5780
f 5780 5778 5779
f 5785 5784 5821
f 5821 5784 5825
f 5821 5825 5820
f 5820 5825 5829
f 5820 5829 5819
f 5819 5829 5833
f 5819 5833 5818
f 5818 5833 5837
f 5818 5837 5817
f 5817 5837 5841
f 5817 5841 5816
f 5816 5841 5845
f 5816 5845 5815
f 5815 5845 5849
f 5815 5849 5814
f 5814 5849 5853
f 5814 5853 5813
f 5813 5853 5857
f 5813 5857 5812
f 5812 5857 5861
f 5812 5861 5811
f 5811 5861 5865
f 5811 5865 5810
f 5810 5865 5869
f 5810 5869 5809
f 5809 5869 5873
f 5809 5873 5808
f 5808 5873 5877
f 5808 5877 5807
f 5807 5877 5881
f 5807 5881 5806
f 5806 5881 5805
f 5805 5881 5880
f 5805 5880 5804
f 5804 5880 5879
f 5804 5879 5803
f 5803 5879 5878
f 5803 5878 5802
f 5802 5878 5800
f 5802 5800 5801
f 5784 5783 5825
f 5825 5783 5824
f 5825 5824 5829
f 5829 5824 5828
f 5829 5828 5833
f 5833 5828 5832
f 5833 5832 5837
f 5837 5832 5836
f 5837 5836 5841
f 5841 5836 5840
f 5841 5840 5845
f 5845 5840 5844
f 5845 5844 5849
f 5849 5844 5848
f 5849 5848 5853
f 5853 5848 5852
f 5853 5852 5857
f 5857 5852 5856
f 5857 5856 5861
f 5861 5856 5860
f 5861 5860 5865
f 5865 5860 5864
f 5865 5864 5869
f 5869 5864 5868
f 5869 5868 5873
f 5873 5868 5872
f 5873 5872 5877
f 5877 5872 5876
f 5877 5876 5881
f 5881 5876 5880
f 5783 5782 5824
f 5824 5782 5823
f 5824 5823 5828
f 5828 5823 5827
f 5828 5827 5832
f 5832 5827 5831
f 5832 5831 5836
f 5836 5831 5835
f 5836 5835 5840
f 5840 5835 5839
f 5840 5839 5844
f 5844 5839 5843
f 5844 5843 5848
f 5848 5843 5847
f 5848 5847 5852
f 5852 5847 5851
f 5852 5851 5856
f 5856 5851 5855
f 5856 5855 5860
f 5860 5855 5859
f 5860 5859 5864
f 5864 5859 5863
f 5864 5863 5868
f 5868 5863 5867
f 5868 5867 5872
f 5872 5867 5871
f 5872 5871 5876
f 5876 5871 5875
f 5876 5875 5880
f 5880 5875 5879
f 5782 5781 5823
f 5823 5781 5822
f 5823 5822 5827
f 5827 5822 5826
f 5827 5826 5831
f 5831 5826 5830
f 5831 5830 5835
f 5835 5830 5834
f 5835 5834 5839
f 5839 5834 5838
f 5839 5838 5843
f 5843 5838 5842
f 5843 5842 5847
f 5847 5842 5846
f 5847 5846 5851
f 5851 5846 5850
f 5851 5850 5855
f 5855 5850 5854
f 5855 5854 5859
f 5859 5854 5858
f 5859 5858 5863
f 5863 5858 5862
f 5863 5862 5867
f 5867 5862 5866
f 5867 5866 5871
f 5871 5866 5870
f 5871 5870 5875
f 5875 5870 5874
f 5875 5874 5879
f 5879 5874 5878
f 5781 5780 5822
f 5822 5780 5786
f 5822 5786 5826
f 5826 5786 5787
f 5826 5787 5830
f 5830 5787 5788
f 5830 5788 5834
f 5834 5788 5789
f 5834 5789 5838
f 5838 5789 5790
f 5838 5790 5842
f 5842 5790 5791
f 5842 5791 5846
f 5846 5791 5792
f 5846 5792 5850
f 5850 5792 5793
f 5850 5793 5854
f 5854 5793 5794
f 5854 5794 5858
f 5858 5794 5795
f 5858 5795 5862
f 5862 5795 5796
f 5862 5796 5866
f 5866 5796 5797
f 5866 5797 5870
f 5870 5797 5798
f 5870 5798 5874
f 5874 5798 5799
f 5874 5799 5878
f 5878 5799 5800
f 5887 5806 5886
f 5886 5806 5805
f 5886 5805 5885
f 5885 5805 5804
f 5885 5804 5884
f 5884 5804 5803
f 5884 5803 5883
f 5883 5803 5802
f 5883 5802 5882
f 5882 5802 5801
f 5899 5888 5898
f 5898 5888 5889
f 5898 5889 5897
f 5897 5889 5890
f 5897 5890 5896
f 5896 5890 5891
f 5896 5891 5895
f 5895 5891 5892
f 5895 5892 5894
f 5894 5892 5893
f 5899 5898 5935
f 5935 5898 5939
f 5935 5939 5934
f 5934 5939 5943
f 5934 5943 5933
f 5933 5943 5947
f 5933 5947 5932
f 5932 5947 5951
f 5932 5951 5931
f 5931 5951 5955
f 5931 5955 5930
f 5930 5955 5959
f 5930 5959 5929
f 5929 5959 5963
f 5929 5963 5928
f 5928 5963 5967
f 5928 5967 5927
f 5927 5967 5971
f 5927 5971 5926
f 5926 5971 5975
f 5926 5975 5925
f 5925 5975 5979
f 5925 5979 5924
f 5924 5979 5983
f 5924 5983 5923
f 5923 5983 5987
f 5923 5987 5922
f 5922 5987 5991
f 5922 5991 5921
f 5921 5991 5995
f 5921 5995 5920
f 5920 5995 5919
f 5919 5995 5994
f 5919 5994 5918
f 5918 5994 5993
f 5918 5993 5917
f 5917 5993 5992
f 5917 5992 5916
f 5916 5992 5914
f 5916 5914 5915
f 5898 5897 5939
f 5939 5897 5938
f 5939 5938 5943
f 5943 5938 5942
f 5943 5942 5947
f 5947 5942 5946
f 5947 5946 5951
f 5951 5946 5950
f 5951 5950 5955
f 5955 5950 5954
f 5955 5954 5959
f 5959 5954 5958
f 5959 5958 5963
f 5963 5958 5962
f 5963 5962 5967
f 5967 5962 5966
f 5967 5966 5971
f 5971 5966 5970
f 5971 5970 5975
f 5975 5970 5974
f 5975 5974 5979
f 5979 5974 5978
f 5979 5978 5983
f 5983 5978 5982
f 5983 5982 5987
f 5987 5982 5986
f 5987 5986 5991
f 5991 5986 5990
f 5991 5990 5995
f 5995 5990 5994
f 5897 5896 5938
f 5938 5896 5937
f 5938 5937 5942
f 5942 5937 5941
f 5942 5941 5946
f 5946 5941 5945
f 5946 5945 5950
f 5950 5945 5949
f 5950 5949 5954
f 5954 5949 5953
f 5954 5953 5958
f 5958 5953 5957
f 5958 5957 5962
f 5962 5957 5961
f 5962 5961 5966
f 5966 5961 5965
f 5966 5965 5970
f 5970 5965 5969
f 5970 5969 5974
f 5974 5969 5973
f 5974 5973 5978
f 5978 5973 5977
f 5978 5977 5982
f 5982 5977 5981
f 5982 5981 5986
f 5986 5981 5985
f 5986 5985 5990
f 5990 5985 5989
f 5990 5989 5994
f 5994 5989 5993
f 5896 5895 5937
f 5937 5895 5936
f 5937 5936 5941
f 5941 5936 5940
f 5941 5940 5945
f 5945 5940 5944
f 5945 5944 5949
f 5949 5944 5948
f 5949 5948 5953
f 5953 5948 5952
f 5953 5952 5957
f 5957 5952 5956
f 5957 5956 5961
f 5961 5956 5960
f 5961 5960 5965
f 5965 5960 5964
f 5965 5964 5969
f 5969 5964 5968
f 5969 5968 5973
f 5973 5968 5972
f 5973 5972 5977
f 5977 5972 5976
f 5977 5976 5981
f 5981 5976 5980
f 5981 5980 5985
f 5985 5980 5984
f 5985 5984 5989
f 5989 5984 5988
f 5989 5988 5993
f 5993 5988 5992
f 5895 5894 5936
f 5936 5894 5900
f 5936 5900 5940
f 5940 5900 5901
f 5940 5901 5944
f 5944 5901 5902
f 5944 5902 5948
f 5948 5902 5903
f 5948 5903 5952
f 5952 5903 5904
f 5952 5904 5956
f 5956 5904 5905
f 5956 5905 5960
f 5960 5905 5906
f 5960 5906 5964
f 5964 5906 5907
f 5964 5907 5968
f 5968 5907 5908
f 5968 5908 5972
f 5972 5908 5909
f 5972 5909 5976
f 5976 5909 5910
f 5976 5910 5980
f 5980 5910 5911
f 5980 5911 5984
f 5984 5911 5912
f 5984 5912 5988
f 5988 5912 5913
f 5988 5913 5992
f 5992 5913 5914
f 6001 5920 6000
f 6000 5920 5919
f 6000 5919 5999
f 5999 5919 5918
f 5999 5918 5998
f 5998 5918 5917
f 5998 5917 5997
f 5997 5917 5916
f 5997 5916 5996
f 5996 5916 5915
f 4733 4732 6024
f 6024 4732 6027
f 6024 6027 6023
f 6023 6027 6030
f 6023 6030 6022
f 6022 6030 6033
f 6022 6033 6021
f 6021 6033 6036
f 6021 6036 6020
f 6020 6036 6039
f 6020 6039 6019
f 6019 6039 6042
f 6019 6042 6018
f 6018 6042 6045
f 6018 6045 6017
f 6017 6045 6048
f 6017 6048 6016
f 6016 6048 6051
f 6016 6051 6015
f 6015 6051 6014
f 6014 6051 6050
f 6014 6050 6013
f 6013 6050 6049
f 6013 6049 6012
f 6012 6049 6010
f 6012 6010 6011
f 4732 4731 6027
f 6027 4731 6026
f 6027 6026 6030
f 6030 6026 6029
f 6030 6029 6033
f 6033 6029 6032
f 6033 6032 6036
f 6036 6032 6035
f 6036 6035 6039
f 6039 6035 6038
f 6039 6038 6042
f 6042 6038 6041
f 6042 6041 6045
f 6045 6041 6044
f 6045 6044 6048
f 6048 6044 6047
f 6048 6047 6051
f 6051 6047 6050
f 4731 4730 6026
f 6026 4730 6025
f 6026 6025 6029
f 6029 6025 6028
f 6029 6028 6032
f 6032 6028 6031
f 6032 6031 6035
f 6035 6031 6034
f 6035 6034 6038
f 6038 6034 6037
f 6038 6037 6041
f 6041 6037 6040
f 6041 6040 6044
f 6044 6040 6043
f 6044 6043 6047
f 6047 6043 6046
f 6047 6046 6050
f 6050 6046 6049
f 4730 4729 6025
f 6025 4729 6002
f 6025 6002 6028
f 6028 6002 6003
f 6028 6003 6031
f 6031 6003 6004
f 6031 6004 6034
f 6034 6004 6005
f 6034 6005 6037
f 6037 6005 6006
f 6037 6006 6040
f 6040 6006 6007
f 6040 6007 6043
f 6043 6007 6008
f 6043 6008 6046
f 6046 6008 6009
f 6046 6009 6049
f 6049 6009 6010
f 4754 4476 6057
f 6057 4476 4738
f 6057 4738 4737
f 6057 4737 6056
f 6056 4737 4736
f 6056 4736 6055
f 6055 4736 4735
f 6055 4735 6054
f 6054 4735 4734
f 6054 4734 6053
f 6053 4734 4733
f 6053 4733 6052
f 4754 6058 4755
f 4755 6058 6075
f 4755 6075 4756
f 4756 6075 6079
f 4756 6079 4757
f 4757 6079 6083
f 4757 6083 4758
f 4758 6083 6087
f 4758 6087 4759
f 4759 6087 6091
f 4759 6091 4760
f 4760 6091 6095
f 4760 6095 4761
f 4761 6095 6099
f 4761 6099 4762
f 4762 6099 6103
f 4762 6103 4763
f 4763 6103 6107
f 4763 6107 4513
f 4513 6107 4764
f 4764 6107 6106
f 4764 6106 4765
f 4765 6106 6105
f 4765 6105 4766
f 4766 6105 6104
f 4766 6104 4767
f 4767 6104 4768
f 4768 6104 6071
f 6071 6104 6070
f 6070 6104 6100
f 6070 6100 6069
f 6069 6100 6096
f 6069 6096 6068
f 6068 6096 6092
f 6068 6092 6067
f 6067 6092 6088
f 6067 6088 6066
f 6066 6088 6084
f 6066 6084 6065
f 6065 6084 6080
f 6065 6080 6064
f 6064 6080 6076
f 6064 6076 6063
f 6063 6076 6072
f 6063 6072 6061
f 6061 6072 6073
f 6061 6073 6060
f 6060 6073 6074
f 6060 6074 6059
f 6059 6074 6075
f 6059 6075 6058
f 6061 6062 6063
f 6073 6072 6077
f 6077 6072 6076
f 6077 6076 6081
f 6081 6076 6080
f 6081 6080 6085
f 6085 6080 6084
f 6085 6084 6089
f 6089 6084 6088
f 6089 6088 6093
f 6093 6088 6092
f 6093 6092 6097
f 6097 6092 6096
f 6097 6096 6101
f 6101 6096 6100
f 6101 6100 6105
f 6105 6100 6104
f 6079 6075 6074
f 6074 6073 6078
f 6078 6073 6077
f 6078 6077 6082
f 6082 6077 6081
f 6082 6081 6086
f 6086 6081 6085
f 6086 6085 6090
f 6090 6085 6089
f 6090 6089 6094
f 6094 6089 6093
f 6094 6093 6098
f 6098 6093 6097
f 6098 6097 6102
f 6102 6097 6101
f 6102 6101 6106
f 6106 6101 6105
f 6083 6079 6078
f 6078 6079 6074
f 6083 6078 6082
f 6087 6083 6082
f 6087 6082 6086
f 6091 6087 6086
f 6091 6086 6090
f 6095 6091 6090
f 6095 6090 6094
f 6099 6095 6094
f 6099 6094 6098
f 6103 6099 6098
f 6103 6098 6102
f 6107 6103 6102
f 6107 6102 6106
f 4851 4614 6121
f 6121 4614 4919
f 6121 4919 6120
f 6120 4919 4918
f 6120 4918 6119
f 6119 4918 4917
f 6119 4917 6118
f 6118 4917 4916
f 6118 4916 6108
f 6108 4916 4915
f 6108 6109 6118
f 6118 6109 6122
f 6118 6122 6119
f 6119 6122 6123
f 6119 6123 6120
f 6120 6123 6124
f 6120 6124 6121
f 6121 6124 6125
f 6121 6125 4851
f 4851 6125 4852
f 4852 6125 6129
f 4852 6129 4853
f 4853 6129 6133
f 4853 6133 4854
f 4854 6133 6137
f 4854 6137 4855
f 4855 6137 6117
f 4855 6117 4850
f 6109 6110 6122
f 6122 6110 6126
f 6122 6126 6123
f 6123 6126 6127
f 6123 6127 6124
f 6124 6127 6128
f 6124 6128 6125
f 6125 6128 6129
f 6110 6111 6126
f 6126 6111 6130
f 6126 6130 6127
f 6127 6130 6131
f 6127 6131 6128
f 6128 6131 6132
f 6128 6132 6129
f 6129 6132 6133
f 6111 6112 6130
f 6130 6112 6134
f 6130 6134 6131
f 6131 6134 6135
f 6131 6135 6132
f 6132 6135 6136
f 6132 6136 6133
f 6133 6136 6137
f 6112 6113 6134
f 6134 6113 6114
f 6134 6114 6135
f 6135 6114 6115
f 6135 6115 6136
f 6136 6115 6116
f 6136 6116 6137
f 6137 6116 6117
f 6161 4850 6165
f 6165 4850 6117
f 6165 6117 6164
f 6164 6117 6116
f 6164 6116 6163
f 6163 6116 6115
f 6163 6115 6162
f 6162 6115 6114
f 6162 6114 6138
f 6138 6114 6113
f 6138 6139 6162
f 6162 6139 6166
f 6162 6166 6163
f 6163 6166 6167
f 6163 6167 6164
f 6164 6167 6168
f 6164 6168 6165
f 6165 6168 6169
f 6165 6169 6161
f 6161 6169 6160
f 6160 6169 6173
f 6160 6173 6159
f 6159 6173 6177
f 6159 6177 6158
f 6158 6177 6181
f 6158 6181 6157
f 6157 6181 6185
f 6157 6185 6156
f 6156 6185 6189
f 6156 6189 6155
f 6155 6189 6193
f 6155 6193 6154
f 6154 6193 6197
f 6154 6197 6153
f 6153 6197 6151
f 6153 6151 6152
f 6139 6140 6166
f 6166 6140 6170
f 6166 6170 6167
f 6167 6170 6171
f 6167 6171 6168
f 6168 6171 6172
f 6168 6172 6169
f 6169 6172 6173
f 6140 6141 6170
f 6170 6141 6174
f 6170 6174 6171
f 6171 6174 6175
f 6171 6175 6172
f 6172 6175 6176
f 6172 6176 6173
f 6173 6176 6177
f 6141 6142 6174
f 6174 6142 6178
f 6174 6178 6175
f 6175 6178 6179
f 6175 6179 6176
f 6176 6179 6180
f 6176 6180 6177
f 6177 6180 6181
f 6142 6143 6178
f 6178 6143 6182
f 6178 6182 6179
f 6179 6182 6183
f 6179 6183 6180
f 6180 6183 6184
f 6180 6184 6181
f 6181 6184 6185
f 6143 6144 6182
f 6182 6144 6186
f 6182 6186 6183
f 6183 6186 6187
f 6183 6187 6184
f 6184 6187 6188
f 6184 6188 6185
f 6185 6188 6189
f 6144 6145 6186
f 6186 6145 6190
f 6186 6190 6187
f 6187 6190 6191
f 6187 6191 6188
f 6188 6191 6192
f 6188 6192 6189
f 6189 6192 6193
f 6145 6146 6190
f 6190 6146 6194
f 6190 6194 6191
f 6191 6194 6195
f 6191 6195 6192
f 6192 6195 6196
f 6192 6196 6193
f 6193 6196 6197
f 6146 6147 6194
f 6194 6147 6148
f 6194 6148 6195
f 6195 6148 6149
f 6195 6149 6196
f 6196 6149 6150
f 6196 6150 6197
f 6197 6150 6151
f 6213 6152 6217
f 6217 6152 6151
f 6217 6151 6216
f 6216 6151 6150
f 6216 6150 6215
f 6215 6150 6149
f 6215 6149 6214
f 6214 6149 6148
f 6214 6148 6198
f 6198 6148 6147
f 6198 6199 6214
f 6214 6199 6218
f 6214 6218 6215
f 6215 6218 6219
f 6215 6219 6216
f 6216 6219 6220
f 6216 6220 6217
f 6217 6220 6221
f 6217 6221 6213
f 6213 6221 6212
f 6212 6221 6225
f 6212 6225 6211
f 6211 6225 6229
f 6211 6229 6210
f 6210 6229 6233
f 6210 6233 6209
f 6209 6233 6207
f 6209 6207 6208
f 6199 6200 6218
f 6218 6200 6222
f 6218 6222 6219
f 6219 6222 6223
f 6219 6223 6220
f 6220 6223 6224
f 6220 6224 6221
f 6221 6224 6225
f 6200 6201 6222
f 6222 6201 6226
f 6222 6226 6223
f 6223 6226 6227
f 6223 6227 6224
f 6224 6227 6228
f 6224 6228 6225
f 6225 6228 6229
f 6201 6202 6226
f 6226 6202 6230
f 6226 6230 6227
f 6227 6230 6231
f 6227 6231 6228
f 6228 6231 6232
f 6228 6232 6229
f 6229 6232 6233
f 6202 6203 6230
f 6230 6203 6204
f 6230 6204 6231
f 6231 6204 6205
f 6231 6205 6232
f 6232 6205 6206
f 6232 6206 6233
f 6233 6206 6207
f 6257 6208 6261
f 6261 6208 6207
f 6261 6207 6260
f 6260 6207 6206
f 6260 6206 6259
f 6259 6206 6205
f 6259 6205 6258
f 6258 6205 6204
f 6258 6204 6234
f 6234 6204 6203
f 6234 6235 6258
f 6258 6235 6262
f 6258 6262 6259
f 6259 6262 6263
f 6259 6263 6260
f 6260 6263 6264
f 6260 6264 6261
f 6261 6264 6265
f 6261 6265 6257
f 6257 6265 6256
f 6256 6265 6269
f 6256 6269 6255
f 6255 6269 6273
f 6255 6273 6254
f 6254 6273 6277
f 6254 6277 6253
f 6253 6277 6281
f 6253 6281 6252
f 6252 6281 6285
f 6252 6285 6251
f 6251 6285 6289
f 6251 6289 6250
f 6250 6289 6293
f 6250 6293 6249
f 6249 6293 6247
f 6249 6247 6248
f 6235 6236 6262
f 6262 6236 6266
f 6262 6266 6263
f 6263 6266 6267
f 6263 6267 6264
f 6264 6267 6268
f 6264 6268 6265
f 6265 6268 6269
f 6236 6237 6266
f 6266 6237 6270
f 6266 6270 6267
f 6267 6270 6271
f 6267 6271 6268
f 6268 6271 6272
f 6268 6272 6269
f 6269 6272 6273
f 6237 6238 6270
f 6270 6238 6274
f 6270 6274 6271
f 6271 6274 6275
f 6271 6275 6272
f 6272 6275 6276
f 6272 6276 6273
f 6273 6276 6277
f 6238 6239 6274
f 6274 6239 6278
f 6274 6278 6275
f 6275 6278 6279
f 6275 6279 6276
f 6276 6279 6280
f 6276 6280 6277
f 6277 6280 6281
f 6239 6240 6278
f 6278 6240 6282
f 6278 6282 6279
f 6279 6282 6283
f 6279 6283 6280
f 6280 6283 6284
f 6280 6284 6281
f 6281 6284 6285
f 6240 6241 6282
f 6282 6241 6286
f 6282 6286 6283
f 6283 6286 6287
f 6283 6287 6284
f 6284 6287 6288
f 6284 6288 6285
f 6285 6288 6289
f 6241 6242 6286
f 6286 6242 6290
f 6286 6290 6287
f 6287 6290 6291
f 6287 6291 6288
f 6288 6291 6292
f 6288 6292 6289
f 6289 6292 6293
f 6242 6243 6290
f 6290 6243 6244
f 6290 6244 6291
f 6291 6244 6245
f 6291 6245 6292
f 6292 6245 6246
f 6292 6246 6293
f 6293 6246 6247
f 6309 6248 6313
f 6313 6248 6247
f 6313 6247 6312
f 6312 6247 6246
f 6312 6246 6311
f 6311 6246 6245
f 6311 6245 6310
f 6310 6245 6244
f 6310 6244 6294
f 6294 6244 6243
f 6294 6295 6310
f 6310 6295 6314
f 6310 6314 6311
f 6311 6314 6315
f 6311 6315 6312
f 6312 6315 6316
f 6312 6316 6313
f 6313 6316 6317
f 6313 6317 6309
f 6309 6317 6308
f 6308 6317 6321
f 6308 6321 6307
f 6307 6321 6325
f 6307 6325 6306
f 6306 6325 6329
f 6306 6329 6305
f 6305 6329 6303
f 6305 6303 6304
f 6295 6296 6314
f 6314 6296 6318
f 6314 6318 6315
f 6315 6318 6319
f 6315 6319 6316
f 6316 6319 6320
f 6316 6320 6317
f 6317 6320 6321
f 6296 6297 6318
f 6318 6297 6322
f 6318 6322 6319
f 6319 6322 6323
f 6319 6323 6320
f 6320 6323 6324
f 6320 6324 6321
f 6321 6324 6325
f 6297 6298 6322
f 6322 6298 6326
f 6322 6326 6323
f 6323 6326 6327
f 6323 6327 6324
f 6324 6327 6328
f 6324 6328 6325
f 6325 6328 6329
f 6298 6299 6326
f 6326 6299 6300
f 6326 6300 6327
f 6327 6300 6301
f 6327 6301 6328
f 6328 6301 6302
f 6328 6302 6329
f 6329 6302 6303
f 6352 6304 6356
f 6356 6304 6303
f 6356 6303 6355
f 6355 6303 6302
f 6355 6302 6354
f 6354 6302 6301
f 6354 6301 6353
f 6353 6301 6300
f 6353 6300 6330
f 6330 6300 6299
f 6330 6331 6353
f 6353 6331 6357
f 6353 6357 6354
f 6354 6357 6358
f 6354 6358 6355
f 6355 6358 6359
f 6355 6359 6356
f 6356 6359 6360
f 6356 6360 6352
f 6352 6360 6351
f 6351 6360 6364
f 6351 6364 6350
f 6350 6364 6368
f 6350 6368 6349
f 6349 6368 6372
f 6349 6372 6348
f 6348 6372 6376
f 6348 6376 6347
f 6347 6376 6380
f 6347 6380 6346
f 6346 6380 6384
f 6346 6384 6345
f 6345 6384 6388
f 6345 6388 6344
f 6344 6388 6343
f 6344 6343 6052
f 6331 6332 6357
f 6357 6332 6361
f 6357 6361 6358
f 6358 6361 6362
f 6358 6362 6359
f 6359 6362 6363
f 6359 6363 6360
f 6360 6363 6364
f 6332 6333 6361
f 6361 6333 6365
f 6361 6365 6362
f 6362 6365 6366
f 6362 6366 6363
f 6363 6366 6367
f 6363 6367 6364
f 6364 6367 6368
f 6333 6334 6365
f 6365 6334 6369
f 6365 6369 6366
f 6366 6369 6370
f 6366 6370 6367
f 6367 6370 6371
f 6367 6371 6368
f 6368 6371 6372
f 6334 6335 6369
f 6369 6335 6373
f 6369 6373 6370
f 6370 6373 6374
f 6370 6374 6371
f 6371 6374 6375
f 6371 6375 6372
f 6372 6375 6376
f 6335 6336 6373
f 6373 6336 6377
f 6373 6377 6374
f 6374 6377 6378
f 6374 6378 6375
f 6375 6378 6379
f 6375 6379 6376
f 6376 6379 6380
f 6336 6337 6377
f 6377 6337 6381
f 6377 6381 6378
f 6378 6381 6382
f 6378 6382 6379
f 6379 6382 6383
f 6379 6383 6380
f 6380 6383 6384
f 6337 6338 6381
f 6381 6338 6385
f 6381 6385 6382
f 6382 6385 6386
f 6382 6386 6383
f 6383 6386 6387
f 6383 6387 6384
f 6384 6387 6388
f 6338 6339 6385
f 6385 6339 6340
f 6385 6340 6386
f 6386 6340 6341
f 6386 6341 6387
f 6387 6341 6342
f 6387 6342 6388
f 6388 6342 6343
f 6053 6052 6397
f 6397 6052 6343
f 6397 6343 6342
f 6397 6342 6396
f 6396 6342 6341
f 6396 6341 6395
f 6395 6341 6340
f 6395 6340 6394
f 6394 6340 6339
f 6394 6339 6389
f 6389 6390 6394
f 6394 6390 6398
f 6394 6398 6395
f 6395 6398 6399
f 6395 6399 6396
f 6396 6399 6400
f 6396 6400 6397
f 6397 6400 6401
f 6397 6401 6053
f 6053 6401 6054
f 6054 6401 6405
f 6054 6405 6055
f 6055 6405 6409
f 6055 6409 6056
f 6056 6409 6413
f 6056 6413 6057
f 6057 6413 4754
f 4754 6413 6058
f 6058 6413 6412
f 6058 6412 6059
f 6059 6412 6411
f 6059 6411 6060
f 6060 6411 6410
f 6060 6410 6061
f 6061 6410 6062
f 6062 6410 6393
f 6393 6410 6406
f 6393 6406 6392
f 6392 6406 6402
f 6392 6402 6391
f 6391 6402 6398
f 6391 6398 6390
f 6412 6413 6409
f 6399 6398 6402
f 6400 6399 6403
f 6403 6399 6402
f 6403 6402 6406
f 6401 6400 6404
f 6404 6400 6403
f 6404 6403 6407
f 6407 6403 6406
f 6407 6406 6410
f 6401 6404 6405
f 6405 6404 6408
f 6405 6408 6409
f 6409 6408 6412
f 6408 6404 6407
f 6410 6411 6407
f 6407 6411 6408
f 6411 6412 6408
f 6425 6414 6424
f 6424 6414 6415
f 6424 6415 6423
f 6423 6415 6416
f 6423 6416 6422
f 6422 6416 6417
f 6422 6417 6421
f 6421 6417 6418
f 6421 6418 6420
f 6420 6418 6419
f 6425 6424 6461
f 6461 6424 6465
f 6461 6465 6460
f 6460 6465 6469
f 6460 6469 6459
f 6459 6469 6473
f 6459 6473 6458
f 6458 6473 6477
f 6458 6477 6481
f 6481 6477 6476
f 6481 6476 6480
f 6480 6476 6475
f 6480 6475 6479
f 6479 6475 6474
f 6479 6474 6478
f 6478 6474 6429
f 6478 6429 6430
f 6424 6423 6465
f 6465 6423 6464
f 6465 6464 6469
f 6469 6464 6468
f 6469 6468 6473
f 6473 6468 6472
f 6473 6472 6477
f 6477 6472 6476
f 6423 6422 6464
f 6464 6422 6463
f 6464 6463 6468
f 6468 6463 6467
f 6468 6467 6472
f 6472 6467 6471
f 6472 6471 6476
f 6476 6471 6475
f 6422 6421 6463
f 6463 6421 6462
f 6463 6462 6467
f 6467 6462 6466
f 6467 6466 6471
f 6471 6466 6470
f 6471 6470 6475
f 6475 6470 6474
f 6421 6420 6462
f 6462 6420 6426
f 6462 6426 6466
f 6466 6426 6427
f 6466 6427 6470
f 6470 6427 6428
f 6470 6428 6474
f 6474 6428 6429
f 6478 6430 6482
f 6482 6430 6431
f 6482 6431 6486
f 6486 6431 6432
f 6486 6432 6490
f 6490 6432 6433
f 6490 6433 6434
f 6490 6434 6494
f 6494 6434 6435
f 6494 6435 6498
f 6498 6435 6436
f 6498 6436 6502
f 6502 6436 6437
f 6502 6437 6506
f 6506 6437 6438
f 6506 6438 6510
f 6510 6438 6439
f 6510 6439 6514
f 6514 6439 6440
f 6514 6440 6518
f 6518 6440 6441
f 6518 6441 6442
f 6442 6443 6518
f 6518 6443 6519
f 6518 6519 6515
f 6515 6519 6516
f 6515 6516 6512
f 6512 6516 6513
f 6512 6513 6509
f 6509 6513 6450
f 6509 6450 6451
f 6443 6444 6519
f 6519 6444 6520
f 6519 6520 6516
f 6516 6520 6517
f 6516 6517 6513
f 6513 6517 6449
f 6513 6449 6450
f 6444 6445 6520
f 6520 6445 6521
f 6520 6521 6517
f 6517 6521 6448
f 6517 6448 6449
f 6446 6447 6445
f 6445 6447 6521
f 6447 6448 6521
f 6509 6451 6505
f 6505 6451 6452
f 6505 6452 6501
f 6501 6452 6453
f 6501 6453 6497
f 6497 6453 6454
f 6497 6454 6493
f 6493 6454 6489
f 6493 6489 6488
f 6488 6489 6484
f 6488 6484 6483
f 6483 6484 6479
f 6483 6479 6478
f 6454 6455 6489
f 6489 6455 6485
f 6489 6485 6484
f 6484 6485 6480
f 6484 6480 6479
f 6455 6456 6485
f 6485 6456 6481
f 6485 6481 6480
f 6456 6457 6481
f 6481 6457 6458
f 6483 6478 6482
f 6483 6482 6487
f 6487 6482 6486
f 6487 6486 6491
f 6491 6486 6490
f 6491 6490 6494
f 6483 6487 6488
f 6488 6487 6492
f 6488 6492 6493
f 6493 6492 6496
f 6493 6496 6497
f 6497 6496 6500
f 6497 6500 6501
f 6501 6500 6504
f 6501 6504 6505
f 6505 6504 6508
f 6505 6508 6509
f 6509 6508 6512
f 6492 6487 6491
f 6492 6491 6495
f 6495 6491 6494
f 6495 6494 6498
f 6492 6495 6496
f 6496 6495 6499
f 6496 6499 6500
f 6500 6499 6503
f 6500 6503 6504
f 6504 6503 6507
f 6504 6507 6508
f 6508 6507 6511
f 6508 6511 6512
f 6512 6511 6515
f 6499 6495 6498
f 6503 6499 6502
f 6502 6499 6498
f 6507 6503 6506
f 6506 6503 6502
f 6511 6507 6510
f 6510 6507 6506
f 6515 6511 6514
f 6514 6511 6510
f 6518 6515 6514
f 6527 6446 6526
f 6526 6446 6445
f 6526 6445 6525
f 6525 6445 6444
f 6525 6444 6524
f 6524 6444 6443
f 6524 6443 6523
f 6523 6443 6442
f 6523 6442 6441
f 6441 6522 6523
f 6539 6528 6538
f 6538 6528 6529
f 6538 6529 6537
f 6537 6529 6530
f 6537 6530 6536
f 6536 6530 6531
f 6536 6531 6535
f 6535 6531 6532
f 6535 6532 6534
f 6534 6532 6533
f 6539 6538 6575
f 6575 6538 6579
f 6575 6579 6574
f 6574 6579 6583
f 6574 6583 6573
f 6573 6583 6587
f 6573 6587 6572
f 6572 6587 6591
f 6572 6591 6571
f 6571 6591 6595
f 6571 6595 6570
f 6570 6595 6599
f 6570 6599 6569
f 6569 6599 6603
f 6569 6603 6568
f 6568 6603 6607
f 6568 6607 6611
f 6611 6607 6610
f 6611 6610 6614
f 6614 6610 6613
f 6614 6613 6617
f 6617 6613 6616
f 6617 6616 6620
f 6620 6616 6551
f 6620 6551 6552
f 6538 6537 6579
f 6579 6537 6578
f 6579 6578 6583
f 6583 6578 6582
f 6583 6582 6587
f 6587 6582 6586
f 6587 6586 6591
f 6591 6586 6590
f 6591 6590 6594
f 6594 6590 6589
f 6594 6589 6593
f 6593 6589 6588
f 6593 6588 6592
f 6592 6588 6543
f 6592 6543 6544
f 6537 6536 6578
f 6578 6536 6577
f 6578 6577 6582
f 6582 6577 6581
f 6582 6581 6586
f 6586 6581 6585
f 6586 6585 6590
f 6590 6585 6589
f 6536 6535 6577
f 6577 6535 6576
f 6577 6576 6581
f 6581 6576 6580
f 6581 6580 6585
f 6585 6580 6584
f 6585 6584 6589
f 6589 6584 6588
f 6535 6534 6576
f 6576 6534 6540
f 6576 6540 6580
f 6580 6540 6541
f 6580 6541 6584
f 6584 6541 6542
f 6584 6542 6588
f 6588 6542 6543
f 6592 6544 6596
f 6596 6544 6545
f 6596 6545 6600
f 6600 6545 6546
f 6600 6546 6604
f 6604 6546 6547
f 6604 6547 6548
f 6604 6548 6608
f 6608 6548 6549
f 6608 6549 6612
f 6612 6549 6550
f 6612 6550 6616
f 6616 6550 6551
f 6620 6552 6624
f 6624 6552 6553
f 6624 6553 6628
f 6628 6553 6554
f 6628 6554 6632
f 6632 6554 6555
f 6632 6555 6556
f 6632 6556 6633
f 6633 6556 6557
f 6633 6557 6634
f 6634 6557 6558
f 6634 6558 6559
f 6560 6561 6559
f 6559 6561 6635
f 6559 6635 6634
f 6634 6635 6631
f 6634 6631 6630
f 6630 6631 6627
f 6630 6627 6626
f 6626 6627 6623
f 6626 6623 6622
f 6622 6623 6619
f 6622 6619 6618
f 6618 6619 6615
f 6618 6615 6614
f 6614 6615 6611
f 6561 6562 6635
f 6635 6562 6631
f 6562 6563 6631
f 6631 6563 6627
f 6563 6564 6627
f 6627 6564 6623
f 6564 6565 6623
f 6623 6565 6619
f 6565 6566 6619
f 6619 6566 6615
f 6566 6567 6615
f 6615 6567 6611
f 6567 6568 6611
f 6595 6591 6594
f 6593 6592 6597
f 6597 6592 6596
f 6597 6596 6601
f 6601 6596 6600
f 6601 6600 6605
f 6605 6600 6604
f 6605 6604 6608
f 6599 6595 6594
f 6594 6593 6598
f 6598 6593 6597
f 6598 6597 6602
f 6602 6597 6601
f 6602 6601 6606
f 6606 6601 6605
f 6606 6605 6609
f 6609 6605 6608
f 6609 6608 6612
f 6603 6599 6598
f 6598 6599 6594
f 6603 6598 6602
f 6607 6603 6602
f 6607 6602 6606
f 6610 6607 6606
f 6610 6606 6609
f 6613 6610 6609
f 6613 6609 6612
f 6616 6613 6612
f 6618 6614 6617
f 6618 6617 6621
f 6621 6617 6620
f 6621 6620 6624
f 6618 6621 6622
f 6622 6621 6625
f 6622 6625 6626
f 6626 6625 6629
f 6626 6629 6630
f 6630 6629 6633
f 6630 6633 6634
f 6625 6621 6624
f 6629 6625 6628
f 6628 6625 6624
f 6633 6629 6632
f 6632 6629 6628
f 6641 6560 6640
f 6640 6560 6559
f 6640 6559 6639
f 6639 6559 6558
f 6639 6558 6638
f 6638 6558 6557
f 6638 6557 6637
f 6637 6557 6556
f 6637 6556 6636
f 6636 6556 6555
f 6653 6642 6652
f 6652 6642 6643
f 6652 6643 6651
f 6651 6643 6644
f 6651 6644 6650
f 6650 6644 6645
f 6650 6645 6649
f 6649 6645 6646
f 6649 6646 6648
f 6648 6646 6647
f 6653 6652 6689
f 6689 6652 6693
f 6689 6693 6688
f 6688 6693 6697
f 6688 6697 6687
f 6687 6697 6701
f 6687 6701 6686
f 6686 6701 6705
f 6686 6705 6709
f 6709 6705 6704
f 6709 6704 6708
f 6708 6704 6703
f 6708 6703 6707
f 6707 6703 6702
f 6707 6702 6706
f 6706 6702 6657
f 6706 6657 6658
f 6652 6651 6693
f 6693 6651 6692
f 6693 6692 6697
f 6697 6692 6696
f 6697 6696 6701
f 6701 6696 6700
f 6701 6700 6705
f 6705 6700 6704
f 6651 6650 6692
f 6692 6650 6691
f 6692 6691 6696
f 6696 6691 6695
f 6696 6695 6700
f 6700 6695 6699
f 6700 6699 6704
f 6704 6699 6703
f 6650 6649 6691
f 6691 6649 6690
f 6691 6690 6695
f 6695 6690 6694
f 6695 6694 6699
f 6699 6694 6698
f 6699 6698 6703
f 6703 6698 6702
f 6649 6648 6690
f 6690 6648 6654
f 6690 6654 6694
f 6694 6654 6655
f 6694 6655 6698
f 6698 6655 6656
f 6698 6656 6702
f 6702 6656 6657
f 6706 6658 6710
f 6710 6658 6659
f 6710 6659 6714
f 6714 6659 6660
f 6714 6660 6718
f 6718 6660 6661
f 6718 6661 6662
f 6718 6662 6722
f 6722 6662 6663
f 6722 6663 6726
f 6726 6663 6664
f 6726 6664 6730
f 6730 6664 6665
f 6730 6665 6734
f 6734 6665 6666
f 6734 6666 6738
f 6738 6666 6667
f 6738 6667 6742
f 6742 6667 6668
f 6742 6668 6746
f 6746 6668 6670
f 6746 6670 6671
f 6668 6669 6670
f 6746 6671 6747
f 6747 6671 6672
f 6747 6672 6748
f 6748 6672 6673
f 6748 6673 6749
f 6749 6673 6675
f 6749 6675 6676
f 6673 6674 6675
f 6749 6676 6745
f 6745 6676 6677
f 6745 6677 6741
f 6741 6677 6678
f 6741 6678 6737
f 6737 6678 6679
f 6737 6679 6733
f 6733 6679 6680
f 6733 6680 6729
f 6729 6680 6681
f 6729 6681 6725
f 6725 6681 6682
f 6725 6682 6721
f 6721 6682 6717
f 6721 6717 6716
f 6716 6717 6712
f 6716 6712 6711
f 6711 6712 6707
f 6711 6707 6706
f 6682 6683 6717
f 6717 6683 6713
f 6717 6713 6712
f 6712 6713 6708
f 6712 6708 6707
f 6683 6684 6713
f 6713 6684 6709
f 6713 6709 6708
f 6684 6685 6709
f 6709 6685 6686
f 6748 6749 6745
f 6711 6706 6710
f 6711 6710 6715
f 6715 6710 6714
f 6715 6714 6719
f 6719 6714 6718
f 6719 6718 6722
f 6711 6715 6716
f 6716 6715 6720
f 6716 6720 6721
f 6721 6720 6724
f 6721 6724 6725
f 6725 6724 6728
f 6725 6728 6729
f 6729 6728 6732
f 6729 6732 6733
f 6733 6732 6736
f 6733 6736 6737
f 6737 6736 6740
f 6737 6740 6741
f 6741 6740 6744
f 6741 6744 6745
f 6745 6744 6748
f 6720 6715 6719
f 6720 6719 6723
f 6723 6719 6722
f 6723 6722 6726
f 6720 6723 6724
f 6724 6723 6727
f 6724 6727 6728
f 6728 6727 6731
f 6728 6731 6732
f 6732 6731 6735
f 6732 6735 6736
f 6736 6735 6739
f 6736 6739 6740
f 6740 6739 6743
f 6740 6743 6744
f 6744 6743 6747
f 6744 6747 6748
f 6727 6723 6726
f 6731 6727 6730
f 6730 6727 6726
f 6735 6731 6734
f 6734 6731 6730
f 6739 6735 6738
f 6738 6735 6734
f 6743 6739 6742
f 6742 6739 6738
f 6747 6743 6746
f 6746 6743 6742
f 6755 6674 6754
f 6754 6674 6673
f 6754 6673 6753
f 6753 6673 6672
f 6753 6672 6752
f 6752 6672 6671
f 6752 6671 6751
f 6751 6671 6670
f 6751 6670 6750
f 6750 6670 6669
f 6767 6756 6766
f 6766 6756 6757
f 6766 6757 6765
f 6765 6757 6758
f 6765 6758 6764
f 6764 6758 6759
f 6764 6759 6763
f 6763 6759 6760
f 6763 6760 6762
f 6762 6760 6761
f 6767 6766 6803
f 6803 6766 6807
f 6803 6807 6802
f 6802 6807 6811
f 6802 6811 6801
f 6801 6811 6815
f 6801 6815 6800
f 6800 6815 6819
f 6800 6819 6823
f 6823 6819 6818
f 6823 6818 6822
f 6822 6818 6817
f 6822 6817 6821
f 6821 6817 6816
f 6821 6816 6820
f 6820 6816 6771
f 6820 6771 6772
f 6766 6765 6807
f 6807 6765 6806
f 6807 6806 6811
f 6811 6806 6810
f 6811 6810 6815
f 6815 6810 6814
f 6815 6814 6819
f 6819 6814 6818
f 6765 6764 6806
f 6806 6764 6805
f 6806 6805 6810
f 6810 6805 6809
f 6810 6809 6814
f 6814 6809 6813
f 6814 6813 6818
f 6818 6813 6817
f 6764 6763 6805
f 6805 6763 6804
f 6805 6804 6809
f 6809 6804 6808
f 6809 6808 6813
f 6813 6808 6812
f 6813 6812 6817
f 6817 6812 6816
f 6763 6762 6804
f 6804 6762 6768
f 6804 6768 6808
f 6808 6768 6769
f 6808 6769 6812
f 6812 6769 6770
f 6812 6770 6816
f 6816 6770 6771
f 6820 6772 6824
f 6824 6772 6773
f 6824 6773 6828
f 6828 6773 6774
f 6828 6774 6832
f 6832 6774 6775
f 6832 6775 6776
f 6832 6776 6836
f 6836 6776 6777
f 6836 6777 6840
f 6840 6777 6778
f 6840 6778 6844
f 6844 6778 6779
f 6844 6779 6848
f 6848 6779 6780
f 6848 6780 6852
f 6852 6780 6781
f 6852 6781 6856
f 6856 6781 6782
f 6856 6782 6860
f 6860 6782 6783
f 6860 6783 6784
f 6860 6784 6861
f 6861 6784 6785
f 6861 6785 6862
f 6862 6785 6786
f 6862 6786 6787
f 6788 6789 6787
f 6787 6789 6863
f 6787 6863 6862
f 6862 6863 6859
f 6862 6859 6858
f 6858 6859 6855
f 6858 6855 6854
f 6854 6855 6851
f 6854 6851 6850
f 6850 6851 6847
f 6850 6847 6846
f 6846 6847 6843
f 6846 6843 6842
f 6842 6843 6839
f 6842 6839 6838
f 6838 6839 6835
f 6838 6835 6834
f 6834 6835 6830
f 6834 6830 6829
f 6829 6830 6825
f 6829 6825 6824
f 6824 6825 6820
f 6789 6790 6863
f 6863 6790 6859
f 6790 6791 6859
f 6859 6791 6855
f 6791 6792 6855
f 6855 6792 6851
f 6792 6793 6851
f 6851 6793 6847
f 6793 6794 6847
f 6847 6794 6843
f 6794 6795 6843
f 6843 6795 6839
f 6795 6796 6839
f 6839 6796 6835
f 6835 6796 6831
f 6831 6796 6797
f 6831 6797 6827
f 6827 6797 6798
f 6827 6798 6823
f 6823 6798 6799
f 6823 6799 6800
f 6820 6825 6821
f 6821 6825 6826
f 6821 6826 6822
f 6822 6826 6827
f 6822 6827 6823
f 6829 6824 6828
f 6831 6827 6826
f 6831 6826 6830
f 6830 6826 6825
f 6829 6828 6833
f 6833 6828 6832
f 6833 6832 6836
f 6835 6831 6830
f 6829 6833 6834
f 6834 6833 6837
f 6834 6837 6838
f 6838 6837 6841
f 6838 6841 6842
f 6842 6841 6845
f 6842 6845 6846
f 6846 6845 6849
f 6846 6849 6850
f 6850 6849 6853
f 6850 6853 6854
f 6854 6853 6857
f 6854 6857 6858
f 6858 6857 6861
f 6858 6861 6862
f 6837 6833 6836
f 6841 6837 6840
f 6840 6837 6836
f 6845 6841 6844
f 6844 6841 6840
f 6849 6845 6848
f 6848 6845 6844
f 6853 6849 6852
f 6852 6849 6848
f 6857 6853 6856
f 6856 6853 6852
f 6861 6857 6860
f 6860 6857 6856
f 6869 6788 6868
f 6868 6788 6787
f 6868 6787 6867
f 6867 6787 6786
f 6867 6786 6866
f 6866 6786 6785
f 6866 6785 6865
f 6865 6785 6784
f 6865 6784 6864
f 6864 6784 6783
f 6881 6870 6880
f 6880 6870 6871
f 6880 6871 6879
f 6879 6871 6872
f 6879 6872 6878
f 6878 6872 6873
f 6878 6873 6874
f 6875 6876 6874
f 6874 6876 6877
f 6874 6877 6878
f 6881 6880 6917
f 6917 6880 6921
f 6917 6921 6916
f 6916 6921 6925
f 6916 6925 6915
f 6915 6925 6929
f 6915 6929 6914
f 6914 6929 6933
f 6914 6933 6913
f 6913 6933 6937
f 6913 6937 6912
f 6912 6937 6941
f 6912 6941 6911
f 6911 6941 6945
f 6911 6945 6910
f 6910 6945 6949
f 6910 6949 6953
f 6953 6949 6952
f 6953 6952 6956
f 6956 6952 6955
f 6956 6955 6959
f 6959 6955 6958
f 6959 6958 6962
f 6962 6958 6893
f 6962 6893 6894
f 6880 6879 6921
f 6921 6879 6920
f 6921 6920 6925
f 6925 6920 6924
f 6925 6924 6929
f 6929 6924 6928
f 6929 6928 6933
f 6933 6928 6932
f 6933 6932 6936
f 6936 6932 6931
f 6936 6931 6935
f 6935 6931 6930
f 6935 6930 6934
f 6934 6930 6885
f 6934 6885 6886
f 6879 6878 6920
f 6920 6878 6919
f 6920 6919 6924
f 6924 6919 6923
f 6924 6923 6928
f 6928 6923 6927
f 6928 6927 6932
f 6932 6927 6931
f 6878 6877 6919
f 6919 6877 6918
f 6919 6918 6923
f 6923 6918 6922
f 6923 6922 6927
f 6927 6922 6926
f 6927 6926 6931
f 6931 6926 6930
f 6877 6876 6918
f 6918 6876 6882
f 6918 6882 6922
f 6922 6882 6883
f 6922 6883 6926
f 6926 6883 6884
f 6926 6884 6930
f 6930 6884 6885
f 6934 6886 6938
f 6938 6886 6887
f 6938 6887 6942
f 6942 6887 6888
f 6942 6888 6946
f 6946 6888 6889
f 6946 6889 6890
f 6946 6890 6950
f 6950 6890 6891
f 6950 6891 6954
f 6954 6891 6892
f 6954 6892 6958
f 6958 6892 6893
f 6962 6894 6966
f 6966 6894 6895
f 6966 6895 6970
f 6970 6895 6896
f 6970 6896 6974
f 6974 6896 6897
f 6974 6897 6898
f 6974 6898 6975
f 6975 6898 6899
f 6975 6899 6976
f 6976 6899 6900
f 6976 6900 6901
f 6902 6903 6901
f 6901 6903 6977
f 6901 6977 6976
f 6976 6977 6973
f 6976 6973 6972
f 6972 6973 6969
f 6972 6969 6968
f 6968 6969 6965
f 6968 6965 6964
f 6964 6965 6961
f 6964 6961 6960
f 6960 6961 6957
f 6960 6957 6956
f 6956 6957 6953
f 6903 6904 6977
f 6977 6904 6973
f 6904 6905 6973
f 6973 6905 6969
f 6905 6906 6969
f 6969 6906 6965
f 6906 6907 6965
f 6965 6907 6961
f 6907 6908 6961
f 6961 6908 6957
f 6908 6909 6957
f 6957 6909 6953
f 6909 6910 6953
f 6937 6933 6936
f 6935 6934 6939
f 6939 6934 6938
f 6939 6938 6943
f 6943 6938 6942
f 6943 6942 6947
f 6947 6942 6946
f 6947 6946 6950
f 6941 6937 6936
f 6936 6935 6940
f 6940 6935 6939
f 6940 6939 6944
f 6944 6939 6943
f 6944 6943 6948
f 6948 6943 6947
f 6948 6947 6951
f 6951 6947 6950
f 6951 6950 6954
f 6945 6941 6940
f 6940 6941 6936
f 6945 6940 6944
f 6949 6945 6944
f 6949 6944 6948
f 6952 6949 6948
f 6952 6948 6951
f 6955 6952 6951
f 6955 6951 6954
f 6958 6955 6954
f 6960 6956 6959
f 6960 6959 6963
f 6963 6959 6962
f 6963 6962 6966
f 6960 6963 6964
f 6964 6963 6967
f 6964 6967 6968
f 6968 6967 6971
f 6968 6971 6972
f 6972 6971 6975
f 6972 6975 6976
f 6967 6963 6966
f 6971 6967 6970
f 6970 6967 6966
f 6975 6971 6974
f 6974 6971 6970
f 6983 6902 6982
f 6982 6902 6901
f 6982 6901 6981
f 6981 6901 6900
f 6981 6900 6980
f 6980 6900 6899
f 6980 6899 6979
f 6979 6899 6898
f 6979 6898 6978
f 6978 6898 6897
f 6995 6984 6994
f 6994 6984 6985
f 6994 6985 6993
f 6993 6985 6986
f 6993 6986 6992
f 6992 6986 6987
f 6992 6987 6991
f 6991 6987 6988
f 6991 6988 6990
f 6990 6988 6989
f 6995 6994 7031
f 7031 6994 7035
f 7031 7035 7030
f 7030 7035 7039
f 7030 7039 7029
f 7029 7039 7043
f 7029 7043 7028
f 7028 7043 7047
f 7028 7047 7027
f 7027 7047 7051
f 7027 7051 7026
f 7026 7051 7055
f 7026 7055 7025
f 7025 7055 7059
f 7025 7059 7024
f 7024 7059 7063
f 7024 7063 7067
f 7067 7063 7066
f 7067 7066 7070
f 7070 7066 7069
f 7070 7069 7073
f 7073 7069 7072
f 7073 7072 7076
f 7076 7072 7007
f 7076 7007 7008
f 6994 6993 7035
f 7035 6993 7034
f 7035 7034 7039
f 7039 7034 7038
f 7039 7038 7043
f 7043 7038 7042
f 7043 7042 7047
f 7047 7042 7046
f 7047 7046 7051
f 7051 7046 7050
f 7051 7050 7055
f 7055 7050 7054
f 7055 7054 7059
f 7059 7054 7058
f 7059 7058 7063
f 7063 7058 7062
f 7063 7062 7066
f 7066 7062 7065
f 7066 7065 7069
f 7069 7065 7068
f 7069 7068 7072
f 7072 7068 7006
f 7072 7006 7007
f 6993 6992 7034
f 7034 6992 7033
f 7034 7033 7038
f 7038 7033 7037
f 7038 7037 7042
f 7042 7037 7041
f 7042 7041 7046
f 7046 7041 7045
f 7046 7045 7050
f 7050 7045 7049
f 7050 7049 7054
f 7054 7049 7053
f 7054 7053 7058
f 7058 7053 7057
f 7058 7057 7062
f 7062 7057 7061
f 7062 7061 7065
f 7065 7061 7064
f 7065 7064 7068
f 7068 7064 7005
f 7068 7005 7006
f 6992 6991 7033
f 7033 6991 7032
f 7033 7032 7037
f 7037 7032 7036
f 7037 7036 7041
f 7041 7036 7040
f 7041 7040 7045
f 7045 7040 7044
f 7045 7044 7049
f 7049 7044 7048
f 7049 7048 7053
f 7053 7048 7052
f 7053 7052 7057
f 7057 7052 7056
f 7057 7056 7061
f 7061 7056 7060
f 7061 7060 7064
f 7064 7060 7004
f 7064 7004 7005
f 6991 6990 7032
f 7032 6990 6996
f 7032 6996 7036
f 7036 6996 6997
f 7036 6997 7040
f 7040 6997 6998
f 7040 6998 7044
f 7044 6998 6999
f 7044 6999 7048
f 7048 6999 7000
f 7048 7000 7052
f 7052 7000 7001
f 7052 7001 7056
f 7056 7001 7002
f 7056 7002 7060
f 7060 7002 7003
f 7060 7003 7004
f 7076 7008 7080
f 7080 7008 7009
f 7080 7009 7084
f 7084 7009 7010
f 7084 7010 7088
f 7088 7010 7012
f 7088 7012 7013
f 7010 7011 7012
f 7088 7013 7089
f 7089 7013 7014
f 7089 7014 7090
f 7090 7014 7015
f 7090 7015 7091
f 7091 7015 7017
f 7091 7017 7018
f 7015 7016 7017
f 7091 7018 7087
f 7087 7018 7019
f 7087 7019 7083
f 7083 7019 7020
f 7083 7020 7079
f 7079 7020 7021
f 7079 7021 7075
f 7075 7021 7022
f 7075 7022 7071
f 7071 7022 7023
f 7071 7023 7067
f 7067 7023 7024
f 7090 7091 7087
f 7071 7067 7070
f 7071 7070 7074
f 7074 7070 7073
f 7074 7073 7077
f 7077 7073 7076
f 7077 7076 7080
f 7071 7074 7075
f 7075 7074 7078
f 7075 7078 7079
f 7079 7078 7082
f 7079 7082 7083
f 7083 7082 7086
f 7083 7086 7087
f 7087 7086 7090
f 7078 7074 7077
f 7078 7077 7081
f 7081 7077 7080
f 7081 7080 7084
f 7078 7081 7082
f 7082 7081 7085
f 7082 7085 7086
f 7086 7085 7089
f 7086 7089 7090
f 7085 7081 7084
f 7089 7085 7088
f 7088 7085 7084
f 7097 7016 7096
f 7096 7016 7015
f 7096 7015 7095
f 7095 7015 7014
f 7095 7014 7094
f 7094 7014 7013
f 7094 7013 7093
f 7093 7013 7012
f 7093 7012 7092
f 7092 7012 7011
f 7098 7099 7112
f 7112 7099 7115
f 7112 7115 7111
f 7111 7115 7118
f 7111 7118 7110
f 7110 7118 7121
f 7110 7121 7109
f 7109 7121 7124
f 7109 7124 7108
f 7108 7124 7127
f 7108 7127 4794
f 4794 7127 4795
f 4795 7127 7126
f 4795 7126 4796
f 4796 7126 7125
f 4796 7125 4797
f 4797 7125 7107
f 4797 7107 4798
f 7099 7100 7115
f 7115 7100 7114
f 7115 7114 7118
f 7118 7114 7117
f 7118 7117 7121
f 7121 7117 7120
f 7121 7120 7124
f 7124 7120 7123
f 7124 7123 7127
f 7127 7123 7126
f 7100 7101 7114
f 7114 7101 7113
f 7114 7113 7117
f 7117 7113 7116
f 7117 7116 7120
f 7120 7116 7119
f 7120 7119 7123
f 7123 7119 7122
f 7123 7122 7126
f 7126 7122 7125
f 7101 7102 7113
f 7113 7102 7103
f 7113 7103 7116
f 7116 7103 7104
f 7116 7104 7119
f 7119 7104 7105
f 7119 7105 7122
f 7122 7105 7106
f 7122 7106 7125
f 7125 7106 7107
f 4798 5051 4799
f 4799 5051 5050
f 4799 5050 4800
f 4800 5050 5049
f 4800 5049 4801
f 4801 5049 5048
f 4801 5048 4802
f 4802 5048 5047
f 4802 5047 4803
f 4803 5047 5046
f 4803 5046 4804
f 4804 5046 5045
f 4804 5045 4805
f 4805 5045 5044
f 4805 5044 4806
f 4806 5044 5043
f 4806 5043 4807
f 4807 5043 5042
f 4807 5042 4578
f 4578 5042 4844
f 4794 4816 6152
f 6152 4816 6153
f 6153 4816 4815
f 6153 4815 6154
f 6154 4815 4814
f 6154 4814 6155
f 6155 4814 4813
f 6155 4813 6156
f 6156 4813 4812
f 6156 4812 6157
f 6157 4812 4811
f 6157 4811 6158
f 6158 4811 4810
f 6158 4810 6159
f 6159 4810 4809
f 6159 4809 6160
f 6160 4809 4808
f 6160 4808 6161
f 6161 4808 4574
f 6161 4574 4850
f 4729 4961 6002
f 6002 4961 5242
f 6002 5242 6003
f 6003 5242 5241
f 6003 5241 6004
f 6004 5241 5240
f 6004 5240 6005
f 6005 5240 5239
f 6005 5239 6006
f 6006 5239 5238
f 6006 5238 6007
f 6007 5238 5237
f 6007 5237 6008
f 6008 5237 5236
f 6008 5236 6009
f 6009 5236 5235
f 6009 5235 6010
f 6010 5235 5234
f 6010 5234 6011
f 6011 5234 5203
f 5107 5106 7102
f 7102 5106 7103
f 7103 5106 7104
f 7104 5106 5105
f 7104 5105 7105
f 7105 5105 5104
f 7105 5104 7106
f 7106 5104 5103
f 7106 5103 7107
f 7107 5103 5102
f 7107 5102 4798
f 4798 5102 5051
f 7137 5147 7136
f 7136 5147 5146
f 7136 5146 7135
f 7135 5146 5145
f 7135 5145 7134
f 7134 5145 5144
f 7134 5144 7133
f 7133 5144 5143
f 7133 5143 7132
f 7132 5143 5142
f 7132 5142 7131
f 7131 5142 5141
f 7131 5141 7130
f 7130 5141 5140
f 7130 5140 7129
f 7129 5140 5139
f 7129 5139 7128
f 7128 5139 5138
f 7128 5138 7102
f 7102 5138 5107
f 6011 5203 7142
f 7142 5203 5202
f 7142 5202 7141
f 7141 5202 5201
f 7141 5201 7140
f 7140 5201 5200
f 7140 5200 7139
f 7139 5200 5199
f 7139 5199 7138
f 7138 5199 5198
f 7138 5198 7137
f 7137 5198 5147
f 5324 5323 7144
f 7144 5323 7143
f 7160 5345 7159
f 7159 5345 5344
f 7159 5344 7158
f 7158 5344 5343
f 7158 5343 7157
f 7157 5343 5342
f 7157 5342 7156
f 7156 5342 5341
f 7156 5341 7155
f 7155 5341 5340
f 7155 5340 7154
f 7154 5340 5339
f 7154 5339 7153
f 7153 5339 5338
f 7153 5338 7152
f 7152 5338 5337
f 7152 5337 7151
f 7151 5337 5336
f 7151 5336 7150
f 7150 5336 5335
f 7150 5335 7149
f 7149 5335 5334
f 7149 5334 7148
f 7148 5334 5333
f 7148 5333 7147
f 7147 5333 5332
f 7147 5332 7146
f 7146 5332 5331
f 7146 5331 7145
f 7145 5331 5330
f 7145 5330 7144
f 7144 5330 5324
f 7160 7161 5345
f 5345 7161 5426
f 5438 5437 7163
f 7163 5437 7162
f 7179 5459 7178
f 7178 5459 5458
f 7178 5458 7177
f 7177 5458 5457
f 7177 5457 7176
f 7176 5457 5456
f 7176 5456 7175
f 7175 5456 5455
f 7175 5455 7174
f 7174 5455 5454
f 7174 5454 7173
f 7173 5454 5453
f 7173 5453 7172
f 7172 5453 5452
f 7172 5452 7171
f 7171 5452 5451
f 7171 5451 7170
f 7170 5451 5450
f 7170 5450 7169
f 7169 5450 5449
f 7169 5449 7168
f 7168 5449 5448
f 7168 5448 7167
f 7167 5448 5447
f 7167 5447 7166
f 7166 5447 5446
f 7166 5446 7165
f 7165 5446 5445
f 7165 5445 7164
f 7164 5445 5444
f 7164 5444 7163
f 7163 5444 5438
f 7179 7180 5459
f 5459 7180 5540
f 5552 5551 7182
f 7182 5551 7181
f 7198 5573 7197
f 7197 5573 5572
f 7197 5572 7196
f 7196 5572 5571
f 7196 5571 7195
f 7195 5571 5570
f 7195 5570 7194
f 7194 5570 5569
f 7194 5569 7193
f 7193 5569 5568
f 7193 5568 7192
f 7192 5568 5567
f 7192 5567 7191
f 7191 5567 5566
f 7191 5566 7190
f 7190 5566 5565
f 7190 5565 7189
f 7189 5565 5564
f 7189 5564 7188
f 7188 5564 5563
f 7188 5563 7187
f 7187 5563 5562
f 7187 5562 7186
f 7186 5562 5561
f 7186 5561 7185
f 7185 5561 5560
f 7185 5560 7184
f 7184 5560 5559
f 7184 5559 7183
f 7183 5559 5558
f 7183 5558 7182
f 7182 5558 5552
f 7198 7199 5573
f 5573 7199 5654
f 5666 5665 7201
f 7201 5665 7200
f 7217 5687 7216
f 7216 5687 5686
f 7216 5686 7215
f 7215 5686 5685
f 7215 5685 7214
f 7214 5685 5684
f 7214 5684 7213
f 7213 5684 5683
f 7213 5683 7212
f 7212 5683 5682
f 7212 5682 7211
f 7211 5682 5681
f 7211 5681 7210
f 7210 5681 5680
f 7210 5680 7209
f 7209 5680 5679
f 7209 5679 7208
f 7208 5679 5678
f 7208 5678 7207
f 7207 5678 5677
f 7207 5677 7206
f 7206 5677 5676
f 7206 5676 7205
f 7205 5676 5675
f 7205 5675 7204
f 7204 5675 5674
f 7204 5674 7203
f 7203 5674 5673
f 7203 5673 7202
f 7202 5673 5672
f 7202 5672 7201
f 7201 5672 5666
f 7217 7218 5687
f 5687 7218 5768
f 5780 5779 7220
f 7220 5779 7219
f 7236 5801 7235
f 7235 5801 5800
f 7235 5800 7234
f 7234 5800 5799
f 7234 5799 7233
f 7233 5799 5798
f 7233 5798 7232
f 7232 5798 5797
f 7232 5797 7231
f 7231 5797 5796
f 7231 5796 7230
f 7230 5796 5795
f 7230 5795 7229
f 7229 5795 5794
f 7229 5794 7228
f 7228 5794 5793
f 7228 5793 7227
f 7227 5793 5792
f 7227 5792 7226
f 7226 5792 5791
f 7226 5791 7225
f 7225 5791 5790
f 7225 5790 7224
f 7224 5790 5789
f 7224 5789 7223
f 7223 5789 5788
f 7223 5788 7222
f 7222 5788 5787
f 7222 5787 7221
f 7221 5787 5786
f 7221 5786 7220
f 7220 5786 5780
f 7236 7237 5801
f 5801 7237 5882
f 5894 5893 7239
f 7239 5893 7238
f 7255 5915 7254
f 7254 5915 5914
f 7254 5914 7253
f 7253 5914 5913
f 7253 5913 7252
f 7252 5913 5912
f 7252 5912 7251
f 7251 5912 5911
f 7251 5911 7250
f 7250 5911 5910
f 7250 5910 7249
f 7249 5910 5909
f 7249 5909 7248
f 7248 5909 5908
f 7248 5908 7247
f 7247 5908 5907
f 7247 5907 7246
f 7246 5907 5906
f 7246 5906 7245
f 7245 5906 5905
f 7245 5905 7244
f 7244 5905 5904
f 7244 5904 7243
f 7243 5904 5903
f 7243 5903 7242
f 7242 5903 5902
f 7242 5902 7241
f 7241 5902 5901
f 7241 5901 7240
f 7240 5901 5900
f 7240 5900 7239
f 7239 5900 5894
f 7255 7256 5915
f 5915 7256 5996
f 6015 6014 7265
f 7265 6014 7268
f 7265 7268 7264
f 7264 7268 7271
f 7264 7271 7263
f 7263 7271 7274
f 7263 7274 7262
f 7262 7274 7277
f 7262 7277 7261
f 7261 7277 7280
f 7261 7280 7260
f 7260 7280 7259
f 7259 7280 7279
f 7259 7279 7258
f 7258 7279 7278
f 7258 7278 7257
f 7257 7278 7138
f 7257 7138 7137
f 6014 6013 7268
f 7268 6013 7267
f 7268 7267 7271
f 7271 7267 7270
f 7271 7270 7274
f 7274 7270 7273
f 7274 7273 7277
f 7277 7273 7276
f 7277 7276 7280
f 7280 7276 7279
f 6013 6012 7267
f 7267 6012 7266
f 7267 7266 7270
f 7270 7266 7269
f 7270 7269 7273
f 7273 7269 7272
f 7273 7272 7276
f 7276 7272 7275
f 7276 7275 7279
f 7279 7275 7278
f 6012 6011 7266
f 7266 6011 7142
f 7266 7142 7269
f 7269 7142 7141
f 7269 7141 7272
f 7272 7141 7140
f 7272 7140 7275
f 7275 7140 7139
f 7275 7139 7278
f 7278 7139 7138
f 4733 6024 6052
f 6052 6024 6344
f 6344 6024 6023
f 6344 6023 6345
f 6345 6023 6022
f 6345 6022 6346
f 6346 6022 6021
f 6346 6021 6347
f 6347 6021 6020
f 6347 6020 6348
f 6348 6020 6019
f 6348 6019 6349
f 6349 6019 6018
f 6349 6018 6350
f 6350 6018 6017
f 6350 6017 6351
f 6351 6017 6016
f 6351 6016 6352
f 6352 6016 6015
f 6352 6015 6304
f 7098 7112 6208
f 6208 7112 6209
f 6209 7112 7111
f 6209 7111 6210
f 6210 7111 7110
f 6210 7110 6211
f 6211 7110 7109
f 6211 7109 6212
f 6212 7109 7108
f 6212 7108 6213
f 6213 7108 4794
f 6213 4794 6152
f 7260 7281 6248
f 6248 7281 6249
f 6249 7281 7282
f 6249 7282 6250
f 6250 7282 7283
f 6250 7283 6251
f 6251 7283 7284
f 6251 7284 6252
f 6252 7284 7285
f 6252 7285 6253
f 6253 7285 7286
f 6253 7286 6254
f 6254 7286 7287
f 6254 7287 6255
f 6255 7287 7288
f 6255 7288 6256
f 6256 7288 7289
f 6256 7289 6257
f 6257 7289 7098
f 6257 7098 6208
f 6015 7265 6304
f 6304 7265 6305
f 6305 7265 7264
f 6305 7264 6306
f 6306 7264 7263
f 6306 7263 6307
f 6307 7263 7262
f 6307 7262 6308
f 6308 7262 7261
f 6308 7261 6309
f 6309 7261 7260
f 6309 7260 6248
f 7290 7291 6425
f 6425 7291 6414
f 7292 7293 6446
f 6446 7293 6447
f 6447 7293 7294
f 6447 7294 6448
f 6448 7294 7295
f 6448 7295 6449
f 6449 7295 7296
f 6449 7296 6450
f 6450 7296 7297
f 6450 7297 6451
f 6451 7297 7298
f 6451 7298 6452
f 6452 7298 7299
f 6452 7299 6453
f 6453 7299 7300
f 6453 7300 6454
f 6454 7300 7301
f 6454 7301 6455
f 6455 7301 7302
f 6455 7302 6456
f 6456 7302 7303
f 6456 7303 6457
f 6457 7303 7304
f 6457 7304 6458
f 6458 7304 7305
f 6458 7305 6459
f 6459 7305 7306
f 6459 7306 6460
f 6460 7306 6461
f 6461 7306 7307
f 6461 7307 6425
f 6425 7307 7290
f 6446 6527 7292
f 7292 6527 7308
f 7309 7310 6539
f 6539 7310 6528
f 7311 7312 6560
f 6560 7312 6561
f 6561 7312 7313
f 6561 7313 6562
f 6562 7313 7314
f 6562 7314 6563
f 6563 7314 7315
f 6563 7315 6564
f 6564 7315 7316
f 6564 7316 6565
f 6565 7316 7317
f 6565 7317 6566
f 6566 7317 7318
f 6566 7318 6567
f 6567 7318 7319
f 6567 7319 6568
f 6568 7319 7320
f 6568 7320 6569
f 6569 7320 7321
f 6569 7321 6570
f 6570 7321 7322
f 6570 7322 6571
f 6571 7322 7323
f 6571 7323 6572
f 6572 7323 7324
f 6572 7324 6573
f 6573 7324 6574
f 6574 7324 7325
f 6574 7325 6575
f 6575 7325 7326
f 6575 7326 6539
f 6539 7326 7309
f 6560 6641 7311
f 7311 6641 7327
f 7328 7329 6653
f 6653 7329 6642
f 7330 7331 6674
f 6674 7331 6675
f 6675 7331 7332
f 6675 7332 6676
f 6676 7332 7333
f 6676 7333 6677
f 6677 7333 7334
f 6677 7334 6678
f 6678 7334 7335
f 6678 7335 6679
f 6679 7335 7336
f 6679 7336 6680
f 6680 7336 7337
f 6680 7337 6681
f 6681 7337 7338
f 6681 7338 6682
f 6682 7338 7339
f 6682 7339 6683
f 6683 7339 7340
f 6683 7340 6684
f 6684 7340 7341
f 6684 7341 6685
f 6685 7341 7342
f 6685 7342 6686
f 6686 7342 7343
f 6686 7343 6687
f 6687 7343 6688
f 6688 7343 7344
f 6688 7344 6689
f 6689 7344 7345
f 6689 7345 6653
f 6653 7345 7328
f 6674 6755 7330
f 7330 6755 7346
f 7347 7348 6767
f 6767 7348 6756
f 7349 7350 6788
f 6788 7350 6789
f 6789 7350 7351
f 6789 7351 6790
f 6790 7351 7352
f 6790 7352 6791
f 6791 7352 7353
f 6791 7353 6792
f 6792 7353 7354
f 6792 7354 6793
f 6793 7354 7355
f 6793 7355 6794
f 6794 7355 7356
f 6794 7356 6795
f 6795 7356 7357
f 6795 7357 6796
f 6796 7357 7358
f 6796 7358 6797
f 6797 7358 7359
f 6797 7359 6798
f 6798 7359 7360
f 6798 7360 6799
f 6799 7360 7361
f 6799 7361 6800
f 6800 7361 7362
f 6800 7362 6801
f 6801 7362 7363
f 6801 7363 6802
f 6802 7363 6803
f 6803 7363 7364
f 6803 7364 6767
f 6767 7364 7347
f 6788 6869 7349
f 7349 6869 7365
f 7366 7367 6881
f 6881 7367 6870
f 7368 7369 6902
f 6902 7369 6903
f 6903 7369 7370
f 6903 7370 6904
f 6904 7370 7371
f 6904 7371 6905
f 6905 7371 7372
f 6905 7372 6906
f 6906 7372 7373
f 6906 7373 6907
f 6907 7373 7374
f 6907 7374 6908
f 6908 7374 7375
f 6908 7375 6909
f 6909 7375 7376
f 6909 7376 6910
f 6910 7376 7377
f 6910 7377 6911
f 6911 7377 7378
f 6911 7378 6912
f 6912 7378 7379
f 6912 7379 6913
f 6913 7379 7380
f 6913 7380 6914
f 6914 7380 7381
f 6914 7381 6915
f 6915 7381 6916
f 6916 7381 7382
f 6916 7382 6917
f 6917 7382 7383
f 6917 7383 6881
f 6881 7383 7366
f 6902 6983 7368
f 7368 6983 7384
f 7385 7386 6995
f 6995 7386 6984
f 7387 7388 7016
f 7016 7388 7017
f 7017 7388 7389
f 7017 7389 7018
f 7018 7389 7390
f 7018 7390 7019
f 7019 7390 7391
f 7019 7391 7020
f 7020 7391 7392
f 7020 7392 7021
f 7021 7392 7393
f 7021 7393 7022
f 7022 7393 7394
f 7022 7394 7023
f 7023 7394 7395
f 7023 7395 7024
f 7024 7395 7396
f 7024 7396 7025
f 7025 7396 7397
f 7025 7397 7026
f 7026 7397 7398
f 7026 7398 7027
f 7027 7398 7399
f 7027 7399 7028
f 7028 7399 7400
f 7028 7400 7029
f 7029 7400 7030
f 7030 7400 7401
f 7030 7401 7031
f 7031 7401 7402
f 7031 7402 6995
f 6995 7402 7385
f 7016 7097 7387
f 7387 7097 7403
f 7260 7259 7281
f 7281 7259 7406
f 7281 7406 7282
f 7282 7406 7409
f 7282 7409 7283
f 7283 7409 7412
f 7283 7412 7284
f 7284 7412 7415
f 7284 7415 7285
f 7285 7415 7418
f 7285 7418 7286
f 7286 7418 7421
f 7286 7421 7287
f 7287 7421 7424
f 7287 7424 7288
f 7288 7424 7427
f 7288 7427 7289
f 7289 7427 7430
f 7289 7430 7098
f 7098 7430 7099
f 7099 7430 7429
f 7099 7429 7100
f 7100 7429 7428
f 7100 7428 7101
f 7101 7428 7128
f 7101 7128 7102
f 7259 7258 7406
f 7406 7258 7405
f 7406 7405 7409
f 7409 7405 7408
f 7409 7408 7412
f 7412 7408 7411
f 7412 7411 7415
f 7415 7411 7414
f 7415 7414 7418
f 7418 7414 7417
f 7418 7417 7421
f 7421 7417 7420
f 7421 7420 7424
f 7424 7420 7423
f 7424 7423 7427
f 7427 7423 7426
f 7427 7426 7430
f 7430 7426 7429
f 7258 7257 7405
f 7405 7257 7404
f 7405 7404 7408
f 7408 7404 7407
f 7408 7407 7411
f 7411 7407 7410
f 7411 7410 7414
f 7414 7410 7413
f 7414 7413 7417
f 7417 7413 7416
f 7417 7416 7420
f 7420 7416 7419
f 7420 7419 7423
f 7423 7419 7422
f 7423 7422 7426
f 7426 7422 7425
f 7426 7425 7429
f 7429 7425 7428
f 7257 7137 7404
f 7404 7137 7136
f 7404 7136 7407
f 7407 7136 7135
f 7407 7135 7410
f 7410 7135 7134
f 7410 7134 7413
f 7413 7134 7133
f 7413 7133 7416
f 7416 7133 7132
f 7416 7132 7419
f 7419 7132 7131
f 7419 7131 7422
f 7422 7131 7130
f 7422 7130 7425
f 7425 7130 7129
f 7425 7129 7428
f 7428 7129 7128
f 7386 7385 7436
f 7436 7385 7431
f 7436 7431 7435
f 7435 7431 7432
f 7435 7432 7434
f 7434 7432 7433
f 7434 7433 7143
f 7143 7433 7144
f 7388 7387 7442
f 7442 7387 7437
f 7442 7437 7438
f 7442 7438 7441
f 7441 7438 7439
f 7441 7439 7440
f 7440 7439 7160
f 7440 7160 7159
f 7440 7159 7443
f 7443 7159 7158
f 7443 7158 7446
f 7446 7158 7157
f 7446 7157 7449
f 7449 7157 7156
f 7449 7156 7452
f 7452 7156 7155
f 7452 7155 7455
f 7455 7155 7154
f 7455 7154 7458
f 7458 7154 7153
f 7458 7153 7461
f 7461 7153 7152
f 7461 7152 7464
f 7464 7152 7151
f 7464 7151 7467
f 7467 7151 7150
f 7467 7150 7470
f 7470 7150 7149
f 7470 7149 7473
f 7473 7149 7148
f 7473 7148 7476
f 7476 7148 7147
f 7476 7147 7479
f 7479 7147 7146
f 7479 7146 7482
f 7482 7146 7145
f 7482 7145 7485
f 7485 7145 7144
f 7485 7144 7433
f 7433 7432 7485
f 7485 7432 7486
f 7485 7486 7482
f 7482 7486 7483
f 7482 7483 7479
f 7479 7483 7480
f 7479 7480 7476
f 7476 7480 7477
f 7476 7477 7473
f 7473 7477 7474
f 7473 7474 7470
f 7470 7474 7471
f 7470 7471 7467
f 7467 7471 7468
f 7467 7468 7464
f 7464 7468 7465
f 7464 7465 7461
f 7461 7465 7462
f 7461 7462 7458
f 7458 7462 7459
f 7458 7459 7455
f 7455 7459 7456
f 7455 7456 7452
f 7452 7456 7453
f 7452 7453 7449
f 7449 7453 7450
f 7449 7450 7446
f 7446 7450 7447
f 7446 7447 7443
f 7443 7447 7444
f 7443 7444 7440
f 7440 7444 7441
f 7432 7431 7486
f 7486 7431 7487
f 7486 7487 7483
f 7483 7487 7484
f 7483 7484 7480
f 7480 7484 7481
f 7480 7481 7477
f 7477 7481 7478
f 7477 7478 7474
f 7474 7478 7475
f 7474 7475 7471
f 7471 7475 7472
f 7471 7472 7468
f 7468 7472 7469
f 7468 7469 7465
f 7465 7469 7466
f 7465 7466 7462
f 7462 7466 7463
f 7462 7463 7459
f 7459 7463 7460
f 7459 7460 7456
f 7456 7460 7457
f 7456 7457 7453
f 7453 7457 7454
f 7453 7454 7450
f 7450 7454 7451
f 7450 7451 7447
f 7447 7451 7448
f 7447 7448 7444
f 7444 7448 7445
f 7444 7445 7441
f 7441 7445 7442
f 7431 7385 7487
f 7487 7385 7402
f 7487 7402 7484
f 7484 7402 7401
f 7484 7401 7481
f 7481 7401 7400
f 7481 7400 7478
f 7478 7400 7399
f 7478 7399 7475
f 7475 7399 7398
f 7475 7398 7472
f 7472 7398 7397
f 7472 7397 7469
f 7469 7397 7396
f 7469 7396 7466
f 7466 7396 7395
f 7466 7395 7463
f 7463 7395 7394
f 7463 7394 7460
f 7460 7394 7393
f 7460 7393 7457
f 7457 7393 7392
f 7457 7392 7454
f 7454 7392 7391
f 7454 7391 7451
f 7451 7391 7390
f 7451 7390 7448
f 7448 7390 7389
f 7448 7389 7445
f 7445 7389 7388
f 7445 7388 7442
f 7387 7403 7437
f 7437 7403 7488
f 7437 7488 7438
f 7438 7488 7489
f 7438 7489 7439
f 7439 7489 7490
f 7439 7490 7160
f 7160 7490 7161
f 7291 7290 7496
f 7496 7290 7491
f 7496 7491 7495
f 7495 7491 7492
f 7495 7492 7494
f 7494 7492 7493
f 7494 7493 7162
f 7162 7493 7163
f 7293 7292 7502
f 7502 7292 7497
f 7502 7497 7498
f 7502 7498 7501
f 7501 7498 7499
f 7501 7499 7500
f 7500 7499 7179
f 7500 7179 7178
f 7500 7178 7503
f 7503 7178 7177
f 7503 7177 7506
f 7506 7177 7176
f 7506 7176 7509
f 7509 7176 7175
f 7509 7175 7512
f 7512 7175 7174
f 7512 7174 7515
f 7515 7174 7173
f 7515 7173 7518
f 7518 7173 7172
f 7518 7172 7521
f 7521 7172 7171
f 7521 7171 7524
f 7524 7171 7170
f 7524 7170 7527
f 7527 7170 7169
f 7527 7169 7530
f 7530 7169 7168
f 7530 7168 7533
f 7533 7168 7167
f 7533 7167 7536
f 7536 7167 7166
f 7536 7166 7539
f 7539 7166 7165
f 7539 7165 7542
f 7542 7165 7164
f 7542 7164 7545
f 7545 7164 7163
f 7545 7163 7493
f 7493 7492 7545
f 7545 7492 7546
f 7545 7546 7542
f 7542 7546 7543
f 7542 7543 7539
f 7539 7543 7540
f 7539 7540 7536
f 7536 7540 7537
f 7536 7537 7533
f 7533 7537 7534
f 7533 7534 7530
f 7530 7534 7531
f 7530 7531 7527
f 7527 7531 7528
f 7527 7528 7524
f 7524 7528 7525
f 7524 7525 7521
f 7521 7525 7522
f 7521 7522 7518
f 7518 7522 7519
f 7518 7519 7515
f 7515 7519 7516
f 7515 7516 7512
f 7512 7516 7513
f 7512 7513 7509
f 7509 7513 7510
f 7509 7510 7506
f 7506 7510 7507
f 7506 7507 7503
f 7503 7507 7504
f 7503 7504 7500
f 7500 7504 7501
f 7492 7491 7546
f 7546 7491 7547
f 7546 7547 7543
f 7543 7547 7544
f 7543 7544 7540
f 7540 7544 7541
f 7540 7541 7537
f 7537 7541 7538
f 7537 7538 7534
f 7534 7538 7535
f 7534 7535 7531
f 7531 7535 7532
f 7531 7532 7528
f 7528 7532 7529
f 7528 7529 7525
f 7525 7529 7526
f 7525 7526 7522
f 7522 7526 7523
f 7522 7523 7519
f 7519 7523 7520
f 7519 7520 7516
f 7516 7520 7517
f 7516 7517 7513
f 7513 7517 7514
f 7513 7514 7510
f 7510 7514 7511
f 7510 7511 7507
f 7507 7511 7508
f 7507 7508 7504
f 7504 7508 7505
f 7504 7505 7501
f 7501 7505 7502
f 7491 7290 7547
f 7547 7290 7307
f 7547 7307 7544
f 7544 7307 7306
f 7544 7306 7541
f 7541 7306 7305
f 7541 7305 7538
f 7538 7305 7304
f 7538 7304 7535
f 7535 7304 7303
f 7535 7303 7532
f 7532 7303 7302
f 7532 7302 7529
f 7529 7302 7301
f 7529 7301 7526
f 7526 7301 7300
f 7526 7300 7523
f 7523 7300 7299
f 7523 7299 7520
f 7520 7299 7298
f 7520 7298 7517
f 7517 7298 7297
f 7517 7297 7514
f 7514 7297 7296
f 7514 7296 7511
f 7511 7296 7295
f 7511 7295 7508
f 7508 7295 7294
f 7508 7294 7505
f 7505 7294 7293
f 7505 7293 7502
f 7292 7308 7497
f 7497 7308 7548
f 7497 7548 7498
f 7498 7548 7549
f 7498 7549 7499
f 7499 7549 7550
f 7499 7550 7179
f 7179 7550 7180
f 7310 7309 7556
f 7556 7309 7551
f 7556 7551 7555
f 7555 7551 7552
f 7555 7552 7554
f 7554 7552 7553
f 7554 7553 7181
f 7181 7553 7182
f 7312 7311 7562
f 7562 7311 7557
f 7562 7557 7558
f 7562 7558 7561
f 7561 7558 7559
f 7561 7559 7560
f 7560 7559 7198
f 7560 7198 7197
f 7560 7197 7563
f 7563 7197 7196
f 7563 7196 7566
f 7566 7196 7195
f 7566 7195 7569
f 7569 7195 7194
f 7569 7194 7572
f 7572 7194 7193
f 7572 7193 7575
f 7575 7193 7192
f 7575 7192 7578
f 7578 7192 7191
f 7578 7191 7581
f 7581 7191 7190
f 7581 7190 7584
f 7584 7190 7189
f 7584 7189 7587
f 7587 7189 7188
f 7587 7188 7590
f 7590 7188 7187
f 7590 7187 7593
f 7593 7187 7186
f 7593 7186 7596
f 7596 7186 7185
f 7596 7185 7599
f 7599 7185 7184
f 7599 7184 7602
f 7602 7184 7183
f 7602 7183 7605
f 7605 7183 7182
f 7605 7182 7553
f 7553 7552 7605
f 7605 7552 7606
f 7605 7606 7602
f 7602 7606 7603
f 7602 7603 7599
f 7599 7603 7600
f 7599 7600 7596
f 7596 7600 7597
f 7596 7597 7593
f 7593 7597 7594
f 7593 7594 7590
f 7590 7594 7591
f 7590 7591 7587
f 7587 7591 7588
f 7587 7588 7584
f 7584 7588 7585
f 7584 7585 7581
f 7581 7585 7582
f 7581 7582 7578
f 7578 7582 7579
f 7578 7579 7575
f 7575 7579 7576
f 7575 7576 7572
f 7572 7576 7573
f 7572 7573 7569
f 7569 7573 7570
f 7569 7570 7566
f 7566 7570 7567
f 7566 7567 7563
f 7563 7567 7564
f 7563 7564 7560
f 7560 7564 7561
f 7552 7551 7606
f 7606 7551 7607
f 7606 7607 7603
f 7603 7607 7604
f 7603 7604 7600
f 7600 7604 7601
f 7600 7601 7597
f 7597 7601 7598
f 7597 7598 7594
f 7594 7598 7595
f 7594 7595 7591
f 7591 7595 7592
f 7591 7592 7588
f 7588 7592 7589
f 7588 7589 7585
f 7585 7589 7586
f 7585 7586 7582
f 7582 7586 7583
f 7582 7583 7579
f 7579 7583 7580
f 7579 7580 7576
f 7576 7580 7577
f 7576 7577 7573
f 7573 7577 7574
f 7573 7574 7570
f 7570 7574 7571
f 7570 7571 7567
f 7567 7571 7568
f 7567 7568 7564
f 7564 7568 7565
f 7564 7565 7561
f 7561 7565 7562
f 7551 7309 7607
f 7607 7309 7326
f 7607 7326 7604
f 7604 7326 7325
f 7604 7325 7601
f 7601 7325 7324
f 7601 7324 7598
f 7598 7324 7323
f 7598 7323 7595
f 7595 7323 7322
f 7595 7322 7592
f 7592 7322 7321
f 7592 7321 7589
f 7589 7321 7320
f 7589 7320 7586
f 7586 7320 7319
f 7586 7319 7583
f 7583 7319 7318
f 7583 7318 7580
f 7580 7318 7317
f 7580 7317 7577
f 7577 7317 7316
f 7577 7316 7574
f 7574 7316 7315
f 7574 7315 7571
f 7571 7315 7314
f 7571 7314 7568
f 7568 7314 7313
f 7568 7313 7565
f 7565 7313 7312
f 7565 7312 7562
f 7311 7327 7557
f 7557 7327 7608
f 7557 7608 7558
f 7558 7608 7609
f 7558 7609 7559
f 7559 7609 7610
f 7559 7610 7198
f 7198 7610 7199
f 7329 7328 7616
f 7616 7328 7611
f 7616 7611 7615
f 7615 7611 7612
f 7615 7612 7614
f 7614 7612 7613
f 7614 7613 7200
f 7200 7613 7201
f 7331 7330 7622
f 7622 7330 7617
f 7622 7617 7618
f 7622 7618 7621
f 7621 7618 7619
f 7621 7619 7620
f 7620 7619 7217
f 7620 7217 7216
f 7620 7216 7623
f 7623 7216 7215
f 7623 7215 7626
f 7626 7215 7214
f 7626 7214 7629
f 7629 7214 7213
f 7629 7213 7632
f 7632 7213 7212
f 7632 7212 7635
f 7635 7212 7211
f 7635 7211 7638
f 7638 7211 7210
f 7638 7210 7641
f 7641 7210 7209
f 7641 7209 7644
f 7644 7209 7208
f 7644 7208 7647
f 7647 7208 7207
f 7647 7207 7650
f 7650 7207 7206
f 7650 7206 7653
f 7653 7206 7205
f 7653 7205 7656
f 7656 7205 7204
f 7656 7204 7659
f 7659 7204 7203
f 7659 7203 7662
f 7662 7203 7202
f 7662 7202 7665
f 7665 7202 7201
f 7665 7201 7613
f 7613 7612 7665
f 7665 7612 7666
f 7665 7666 7662
f 7662 7666 7663
f 7662 7663 7659
f 7659 7663 7660
f 7659 7660 7656
f 7656 7660 7657
f 7656 7657 7653
f 7653 7657 7654
f 7653 7654 7650
f 7650 7654 7651
f 7650 7651 7647
f 7647 7651 7648
f 7647 7648 7644
f 7644 7648 7645
f 7644 7645 7641
f 7641 7645 7642
f 7641 7642 7638
f 7638 7642 7639
f 7638 7639 7635
f 7635 7639 7636
f 7635 7636 7632
f 7632 7636 7633
f 7632 7633 7629
f 7629 7633 7630
f 7629 7630 7626
f 7626 7630 7627
f 7626 7627 7623
f 7623 7627 7624
f 7623 7624 7620
f 7620 7624 7621
f 7612 7611 7666
f 7666 7611 7667
f 7666 7667 7663
f 7663 7667 7664
f 7663 7664 7660
f 7660 7664 7661
f 7660 7661 7657
f 7657 7661 7658
f 7657 7658 7654
f 7654 7658 7655
f 7654 7655 7651
f 7651 7655 7652
f 7651 7652 7648
f 7648 7652 7649
f 7648 7649 7645
f 7645 7649 7646
f 7645 7646 7642
f 7642 7646 7643
f 7642 7643 7639
f 7639 7643 7640
f 7639 7640 7636
f 7636 7640 7637
f 7636 7637 7633
f 7633 7637 7634
f 7633 7634 7630
f 7630 7634 7631
f 7630 7631 7627
f 7627 7631 7628
f 7627 7628 7624
f 7624 7628 7625
f 7624 7625 7621
f 7621 7625 7622
f 7611 7328 7667
f 7667 7328 7345
f 7667 7345 7664
f 7664 7345 7344
f 7664 7344 7661
f 7661 7344 7343
f 7661 7343 7658
f 7658 7343 7342
f 7658 7342 7655
f 7655 7342 7341
f 7655 7341 7652
f 7652 7341 7340
f 7652 7340 7649
f 7649 7340 7339
f 7649 7339 7646
f 7646 7339 7338
f 7646 7338 7643
f 7643 7338 7337
f 7643 7337 7640
f 7640 7337 7336
f 7640 7336 7637
f 7637 7336 7335
f 7637 7335 7634
f 7634 7335 7334
f 7634 7334 7631
f 7631 7334 7333
f 7631 7333 7628
f 7628 7333 7332
f 7628 7332 7625
f 7625 7332 7331
f 7625 7331 7622
f 7330 7346 7617
f 7617 7346 7668
f 7617 7668 7618
f 7618 7668 7669
f 7618 7669 7619
f 7619 7669 7670
f 7619 7670 7217
f 7217 7670 7218
f 7348 7347 7676
f 7676 7347 7671
f 7676 7671 7675
f 7675 7671 7672
f 7675 7672 7674
f 7674 7672 7673
f 7674 7673 7219
f 7219 7673 7220
f 7350 7349 7682
f 7682 7349 7677
f 7682 7677 7678
f 7682 7678 7681
f 7681 7678 7679
f 7681 7679 7680
f 7680 7679 7236
f 7680 7236 7235
f 7680 7235 7683
f 7683 7235 7234
f 7683 7234 7686
f 7686 7234 7233
f 7686 7233 7689
f 7689 7233 7232
f 7689 7232 7692
f 7692 7232 7231
f 7692 7231 7695
f 7695 7231 7230
f 7695 7230 7698
f 7698 7230 7229
f 7698 7229 7701
f 7701 7229 7228
f 7701 7228 7704
f 7704 7228 7227
f 7704 7227 7707
f 7707 7227 7226
f 7707 7226 7710
f 7710 7226 7225
f 7710 7225 7713
f 7713 7225 7224
f 7713 7224 7716
f 7716 7224 7223
f 7716 7223 7719
f 7719 7223 7222
f 7719 7222 7722
f 7722 7222 7221
f 7722 7221 7725
f 7725 7221 7220
f 7725 7220 7673
f 7673 7672 7725
f 7725 7672 7726
f 7725 7726 7722
f 7722 7726 7723
f 7722 7723 7719
f 7719 7723 7720
f 7719 7720 7716
f 7716 7720 7717
f 7716 7717 7713
f 7713 7717 7714
f 7713 7714 7710
f 7710 7714 7711
f 7710 7711 7707
f 7707 7711 7708
f 7707 7708 7704
f 7704 7708 7705
f 7704 7705 7701
f 7701 7705 7702
f 7701 7702 7698
f 7698 7702 7699
f 7698 7699 7695
f 7695 7699 7696
f 7695 7696 7692
f 7692 7696 7693
f 7692 7693 7689
f 7689 7693 7690
f 7689 7690 7686
f 7686 7690 7687
f 7686 7687 7683
f 7683 7687 7684
f 7683 7684 7680
f 7680 7684 7681
f 7672 7671 7726
f 7726 7671 7727
f 7726 7727 7723
f 7723 7727 7724
f 7723 7724 7720
f 7720 7724 7721
f 7720 7721 7717
f 7717 7721 7718
f 7717 7718 7714
f 7714 7718 7715
f 7714 7715 7711
f 7711 7715 7712
f 7711 7712 7708
f 7708 7712 7709
f 7708 7709 7705
f 7705 7709 7706
f 7705 7706 7702
f 7702 7706 7703
f 7702 7703 7699
f 7699 7703 7700
f 7699 7700 7696
f 7696 7700 7697
f 7696 7697 7693
f 7693 7697 7694
f 7693 7694 7690
f 7690 7694 7691
f 7690 7691 7687
f 7687 7691 7688
f 7687 7688 7684
f 7684 7688 7685
f 7684 7685 7681
f 7681 7685 7682
f 7671 7347 7727
f 7727 7347 7364
f 7727 7364 7724
f 7724 7364 7363
f 7724 7363 7721
f 7721 7363 7362
f 7721 7362 7718
f 7718 7362 7361
f 7718 7361 7715
f 7715 7361 7360
f 7715 7360 7712
f 7712 7360 7359
f 7712 7359 7709
f 7709 7359 7358
f 7709 7358 7706
f 7706 7358 7357
f 7706 7357 7703
f 7703 7357 7356
f 7703 7356 7700
f 7700 7356 7355
f 7700 7355 7697
f 7697 7355 7354
f 7697 7354 7694
f 7694 7354 7353
f 7694 7353 7691
f 7691 7353 7352
f 7691 7352 7688
f 7688 7352 7351
f 7688 7351 7685
f 7685 7351 7350
f 7685 7350 7682
f 7349 7365 7677
f 7677 7365 7728
f 7677 7728 7678
f 7678 7728 7729
f 7678 7729 7679
f 7679 7729 7730
f 7679 7730 7236
f 7236 7730 7237
f 7367 7366 7736
f 7736 7366 7731
f 7736 7731 7735
f 7735 7731 7732
f 7735 7732 7734
f 7734 7732 7733
f 7734 7733 7238
f 7238 7733 7239
f 7369 7368 7742
f 7742 7368 7737
f 7742 7737 7738
f 7742 7738 7741
f 7741 7738 7739
f 7741 7739 7740
f 7740 7739 7255
f 7740 7255 7254
f 7740 7254 7743
f 7743 7254 7253
f 7743 7253 7746
f 7746 7253 7252
f 7746 7252 7749
f 7749 7252 7251
f 7749 7251 7752
f 7752 7251 7250
f 7752 7250 7755
f 7755 7250 7249
f 7755 7249 7758
f 7758 7249 7248
f 7758 7248 7761
f 7761 7248 7247
f 7761 7247 7764
f 7764 7247 7246
f 7764 7246 7767
f 7767 7246 7245
f 7767 7245 7770
f 7770 7245 7244
f 7770 7244 7773
f 7773 7244 7243
f 7773 7243 7776
f 7776 7243 7242
f 7776 7242 7779
f 7779 7242 7241
f 7779 7241 7782
f 7782 7241 7240
f 7782 7240 7785
f 7785 7240 7239
f 7785 7239 7733
f 7733 7732 7785
f 7785 7732 7786
f 7785 7786 7782
f 7782 7786 7783
f 7782 7783 7779
f 7779 7783 7780
f 7779 7780 7776
f 7776 7780 7777
f 7776 7777 7773
f 7773 7777 7774
f 7773 7774 7770
f 7770 7774 7771
f 7770 7771 7767
f 7767 7771 7768
f 7767 7768 7764
f 7764 7768 7765
f 7764 7765 7761
f 7761 7765 7762
f 7761 7762 7758
f 7758 7762 7759
f 7758 7759 7755
f 7755 7759 7756
f 7755 7756 7752
f 7752 7756 7753
f 7752 7753 7749
f 7749 7753 7750
f 7749 7750 7746
f 7746 7750 7747
f 7746 7747 7743
f 7743 7747 7744
f 7743 7744 7740
f 7740 7744 7741
f 7732 7731 7786
f 7786 7731 7787
f 7786 7787 7783
f 7783 7787 7784
f 7783 7784 7780
f 7780 7784 7781
f 7780 7781 7777
f 7777 7781 7778
f 7777 7778 7774
f 7774 7778 7775
f 7774 7775 7771
f 7771 7775 7772
f 7771 7772 7768
f 7768 7772 7769
f 7768 7769 7765
f 7765 7769 7766
f 7765 7766 7762
f 7762 7766 7763
f 7762 7763 7759
f 7759 7763 7760
f 7759 7760 7756
f 7756 7760 7757
f 7756 7757 7753
f 7753 7757 7754
f 7753 7754 7750
f 7750 7754 7751
f 7750 7751 7747
f 7747 7751 7748
f 7747 7748 7744
f 7744 7748 7745
f 7744 7745 7741
f 7741 7745 7742
f 7731 7366 7787
f 7787 7366 7383
f 7787 7383 7784
f 7784 7383 7382
f 7784 7382 7781
f 7781 7382 7381
f 7781 7381 7778
f 7778 7381 7380
f 7778 7380 7775
f 7775 7380 7379
f 7775 7379 7772
f 7772 7379 7378
f 7772 7378 7769
f 7769 7378 7377
f 7769 7377 7766
f 7766 7377 7376
f 7766 7376 7763
f 7763 7376 7375
f 7763 7375 7760
f 7760 7375 7374
f 7760 7374 7757
f 7757 7374 7373
f 7757 7373 7754
f 7754 7373 7372
f 7754 7372 7751
f 7751 7372 7371
f 7751 7371 7748
f 7748 7371 7370
f 7748 7370 7745
f 7745 7370 7369
f 7745 7369 7742
f 7368 7384 7737
f 7737 7384 7788
f 7737 7788 7738
f 7738 7788 7789
f 7738 7789 7739
f 7739 7789 7790
f 7739 7790 7255
f 7255 7790 7256
f 7803 7791 7804
f 7804 7791 7792
f 7804 7792 7805
f 7805 7792 7793
f 7805 7793 5430
f 5430 7793 5431
f 7805 5430 7809
f 7809 5430 5429
f 7809 5429 7810
f 7810 5429 5428
f 7810 5428 7811
f 7811 5428 5427
f 7811 5427 7794
f 7794 5427 5426
f 7794 7795 7811
f 7811 7795 7808
f 7811 7808 7810
f 7810 7808 7807
f 7810 7807 7809
f 7809 7807 7806
f 7809 7806 7805
f 7805 7806 7804
f 7795 7796 7808
f 7808 7796 7800
f 7808 7800 7807
f 7807 7800 7802
f 7807 7802 7806
f 7806 7802 7803
f 7806 7803 7804
f 7797 7798 7796
f 7796 7798 7799
f 7796 7799 7800
f 7800 7801 7802
f 7813 7822 7812
f 7812 7822 7823
f 7812 7823 7824
f 7814 7829 7813
f 7813 7829 7825
f 7813 7825 7822
f 7822 7825 7821
f 7821 7825 7820
f 7820 7825 7819
f 7819 7825 7826
f 7819 7826 7827
f 7827 7826 7831
f 7827 7831 7832
f 7832 7831 5433
f 7832 5433 7815
f 7815 5433 5432
f 5437 5436 7814
f 7814 5436 7829
f 5436 5435 7829
f 7829 5435 7830
f 7829 7830 7825
f 7825 7830 7826
f 5435 5434 7830
f 7830 5434 7831
f 7830 7831 7826
f 5434 5433 7831
f 7815 7816 7832
f 7832 7816 7828
f 7832 7828 7827
f 7827 7828 7818
f 7827 7818 7819
f 7816 7817 7828
f 7828 7817 7818
f 7845 7833 7846
f 7846 7833 7834
f 7846 7834 7850
f 7850 7834 7835
f 7850 7835 6418
f 6418 7835 6419
f 7850 6418 7851
f 7851 6418 6417
f 7851 6417 7852
f 7852 6417 6416
f 7852 6416 7853
f 7853 6416 6415
f 7853 6415 7836
f 7836 6415 6414
f 7836 7837 7853
f 7853 7837 7849
f 7853 7849 7852
f 7852 7849 7848
f 7852 7848 7851
f 7851 7848 7847
f 7851 7847 7850
f 7850 7847 7846
f 7838 7841 7837
f 7837 7841 7842
f 7837 7842 7843
f 7839 7840 7838
f 7838 7840 7841
f 7837 7843 7849
f 7849 7843 7844
f 7849 7844 7848
f 7848 7844 7845
f 7848 7845 7847
f 7847 7845 7846
f 7855 7864 7854
f 7854 7864 7865
f 7854 7865 7867
f 7867 7865 7866
f 7856 7872 7855
f 7855 7872 7868
f 7855 7868 7864
f 7864 7868 7862
f 7864 7862 7863
f 7097 7096 7856
f 7856 7096 7872
f 7096 7095 7872
f 7872 7095 7873
f 7872 7873 7868
f 7868 7873 7869
f 7868 7869 7862
f 7862 7869 7870
f 7862 7870 7861
f 7861 7870 7860
f 7860 7870 7871
f 7860 7871 7859
f 7859 7871 7858
f 7858 7871 7875
f 7858 7875 7857
f 7857 7875 7093
f 7857 7093 7092
f 7095 7094 7873
f 7873 7094 7874
f 7873 7874 7869
f 7869 7874 7870
f 7094 7093 7874
f 7874 7093 7875
f 7874 7875 7870
f 7870 7875 7871
f 7796 7795 7876
f 7876 7795 7878
f 7878 7795 7794
f 7878 7794 7877
f 7877 7794 5426
f 7877 5426 7161
f 7812 7879 7813
f 7813 7879 7880
f 7813 7880 7814
f 7814 7880 7881
f 7814 7881 5437
f 5437 7881 7162
f 7838 7837 7884
f 7884 7837 7883
f 7883 7837 7836
f 7883 7836 7882
f 7882 7836 6414
f 7882 6414 7291
f 7854 7885 7855
f 7855 7885 7886
f 7855 7886 7856
f 7856 7886 7887
f 7856 7887 7097
f 7097 7887 7403
f 7876 7878 7890
f 7890 7878 7891
f 7890 7891 7889
f 7889 7891 7892
f 7889 7892 7893
f 7893 7892 7895
f 7893 7895 7896
f 7896 7895 7489
f 7896 7489 7488
f 7878 7877 7891
f 7891 7877 7894
f 7891 7894 7892
f 7892 7894 7895
f 7877 7161 7894
f 7894 7161 7490
f 7894 7490 7895
f 7895 7490 7489
f 7403 7887 7488
f 7488 7887 7896
f 7887 7886 7896
f 7896 7886 7893
f 7885 7888 7886
f 7886 7888 7893
f 7888 7889 7893
f 7884 7883 7899
f 7899 7883 7900
f 7899 7900 7898
f 7898 7900 7901
f 7898 7901 7902
f 7902 7901 7904
f 7902 7904 7905
f 7905 7904 7495
f 7905 7495 7494
f 7883 7882 7900
f 7900 7882 7903
f 7900 7903 7901
f 7901 7903 7904
f 7882 7291 7903
f 7903 7291 7496
f 7903 7496 7904
f 7904 7496 7495
f 7162 7881 7494
f 7494 7881 7905
f 7881 7880 7905
f 7905 7880 7902
f 7879 7897 7880
f 7880 7897 7902
f 7897 7898 7902
f 7906 7907 7917
f 7917 7907 7908
f 7917 7908 7921
f 7921 7908 7909
f 7921 7909 7920
f 7920 7909 7910
f 7920 7910 7919
f 7919 7910 7911
f 7919 7911 7912
f 7912 7913 7919
f 7919 7913 7922
f 7919 7922 7923
f 7923 7922 7925
f 7923 7925 7926
f 7926 7925 7819
f 7926 7819 7818
f 7913 7914 7922
f 7922 7914 7918
f 7922 7918 7925
f 7925 7918 7820
f 7925 7820 7819
f 7914 7812 7918
f 7918 7812 7824
f 7918 7824 7823
f 7823 7822 7918
f 7918 7822 7821
f 7918 7821 7820
f 7818 7915 7926
f 7926 7915 7924
f 7926 7924 7923
f 7923 7924 7920
f 7923 7920 7919
f 7915 7916 7924
f 7924 7916 7921
f 7924 7921 7920
f 7916 7917 7921
f 7913 7912 7930
f 7930 7912 7927
f 7930 7927 7928
f 7930 7928 7931
f 7931 7928 7929
f 7931 7929 7932
f 7932 7929 7879
f 7932 7879 7812
f 7812 7914 7932
f 7932 7914 7931
f 7914 7913 7931
f 7931 7913 7930
f 7928 7927 7945
f 7945 7927 7933
f 7945 7933 7934
f 7935 7943 7934
f 7934 7943 7944
f 7934 7944 7945
f 7945 7944 7950
f 7945 7950 7928
f 7928 7950 7929
f 7929 7950 7955
f 7929 7955 7879
f 7879 7955 7897
f 7897 7955 7954
f 7897 7954 7898
f 7898 7954 7953
f 7898 7953 7952
f 7952 7953 7947
f 7952 7947 7946
f 7946 7947 7941
f 7946 7941 7939
f 7939 7941 7938
f 7938 7941 7937
f 7937 7941 7936
f 7936 7941 7942
f 7936 7942 7935
f 7935 7942 7943
f 7939 7940 7946
f 7946 7940 7951
f 7946 7951 7952
f 7952 7951 7899
f 7952 7899 7898
f 7940 7884 7951
f 7951 7884 7899
f 7941 7947 7942
f 7942 7947 7948
f 7942 7948 7943
f 7943 7948 7949
f 7943 7949 7944
f 7944 7949 7950
f 7947 7953 7948
f 7948 7953 7954
f 7948 7954 7949
f 7949 7954 7955
f 7949 7955 7950
f 7939 7938 7959
f 7959 7938 7956
f 7959 7956 7957
f 7959 7957 7960
f 7960 7957 7958
f 7960 7958 7961
f 7961 7958 7838
f 7961 7838 7884
f 7884 7940 7961
f 7961 7940 7960
f 7940 7939 7960
f 7960 7939 7959
f 7957 7956 7974
f 7974 7956 7962
f 7974 7962 7963
f 7974 7963 7973
f 7973 7963 7964
f 7973 7964 7965
f 7965 7966 7973
f 7973 7966 7972
f 7973 7972 7976
f 7976 7972 7975
f 7976 7975 7979
f 7979 7975 7978
f 7979 7978 7844
f 7844 7978 7845
f 7845 7978 7971
f 7971 7978 7975
f 7971 7975 7970
f 7970 7975 7972
f 7970 7972 7969
f 7969 7972 7968
f 7968 7972 7967
f 7967 7972 7966
f 7844 7843 7979
f 7979 7843 7842
f 7979 7842 7841
f 7841 7840 7979
f 7979 7840 7980
f 7979 7980 7976
f 7976 7980 7977
f 7976 7977 7973
f 7973 7977 7974
f 7840 7839 7980
f 7980 7839 7838
f 7980 7838 7958
f 7980 7958 7977
f 7977 7958 7957
f 7977 7957 7974
f 7968 7981 7969
f 7969 7981 7991
f 7969 7991 7992
f 7992 7991 7986
f 7992 7986 7990
f 7990 7986 7987
f 7990 7987 7993
f 7993 7987 7988
f 7993 7988 7994
f 7994 7988 7989
f 7994 7989 7845
f 7845 7989 7833
f 7981 7982 7991
f 7991 7982 7983
f 7991 7983 7985
f 7985 7983 7984
f 7985 7986 7991
f 7845 7971 7994
f 7994 7971 7993
f 7971 7970 7993
f 7993 7970 7990
f 7970 7969 7990
f 7990 7969 7992
f 7984 7995 7985
f 7985 7995 7986
f 7986 7995 7996
f 7986 7996 7998
f 7998 7996 7997
f 7998 7999 7986
f 7986 7999 7987
f 7987 7999 7988
f 7988 7999 8000
f 7988 8000 8002
f 8002 8000 8001
f 8001 8000 7859
f 7833 7989 8002
f 8002 7989 7988
f 7997 8003 7998
f 7998 8003 8011
f 7998 8011 8012
f 8012 8011 8007
f 8012 8007 8010
f 8010 8007 8008
f 8010 8008 8013
f 8013 8008 8009
f 8013 8009 8014
f 8014 8009 7860
f 8014 7860 7859
f 8003 8004 8011
f 8011 8004 8007
f 8004 8005 8007
f 8007 8005 8006
f 7859 8000 8014
f 8014 8000 8013
f 8000 7999 8013
f 8013 7999 8010
f 7999 7998 8010
f 8010 7998 8012
f 8006 8015 8007
f 8007 8015 8026
f 8007 8026 8008
f 8008 8026 8029
f 8008 8029 8009
f 8009 8029 8031
f 8009 8031 7860
f 7860 8031 7861
f 7861 8031 8030
f 7861 8030 7862
f 7862 8030 8023
f 7862 8023 7863
f 7863 8023 7864
f 7864 8023 7865
f 7865 8023 8022
f 7865 8022 7866
f 7866 8022 7867
f 7867 8022 7854
f 8026 8015 8025
f 8025 8015 8016
f 8025 8016 8017
f 8025 8017 8024
f 8024 8017 8018
f 8024 8018 8019
f 8020 8021 8019
f 8019 8021 8024
f 8024 8021 8027
f 8027 8021 8022
f 8027 8022 8023
f 8029 8026 8025
f 8025 8024 8028
f 8028 8024 8027
f 8028 8027 8030
f 8030 8027 8023
f 8031 8029 8028
f 8028 8029 8025
f 8031 8028 8030
f 8021 8020 8035
f 8035 8020 8032
f 8035 8032 8033
f 8035 8033 8036
f 8036 8033 8034
f 8036 8034 8037
f 8037 8034 7885
f 8037 7885 7854
f 7854 8022 8037
f 8037 8022 8036
f 8022 8021 8036
f 8036 8021 8035
f 8033 8032 8050
f 8050 8032 8038
f 8050 8038 8039
f 8040 8048 8039
f 8039 8048 8049
f 8039 8049 8050
f 8050 8049 8055
f 8050 8055 8033
f 8033 8055 8034
f 8034 8055 8060
f 8034 8060 7885
f 7885 8060 7888
f 7888 8060 8059
f 7888 8059 7889
f 7889 8059 8058
f 7889 8058 8057
f 8057 8058 8052
f 8057 8052 8051
f 8051 8052 8046
f 8051 8046 8044
f 8044 8046 8043
f 8043 8046 8042
f 8042 8046 8041
f 8041 8046 8047
f 8041 8047 8040
f 8040 8047 8048
f 8044 8045 8051
f 8051 8045 8056
f 8051 8056 8057
f 8057 8056 7890
f 8057 7890 7889
f 8045 7876 8056
f 8056 7876 7890
f 8046 8052 8047
f 8047 8052 8053
f 8047 8053 8048
f 8048 8053 8054
f 8048 8054 8049
f 8049 8054 8055
f 8052 8058 8053
f 8053 8058 8059
f 8053 8059 8054
f 8054 8059 8060
f 8054 8060 8055
f 8044 8043 8064
f 8064 8043 8061
f 8064 8061 8062
f 8064 8062 8065
f 8065 8062 8063
f 8065 8063 8066
f 8066 8063 7796
f 8066 7796 7876
f 7876 8045 8066
f 8066 8045 8065
f 8045 8044 8065
f 8065 8044 8064
f 8062 8061 8077
f 8077 8061 8067
f 8077 8067 8068
f 8077 8068 8076
f 8076 8068 8069
f 8076 8069 8070
f 8071 8072 8070
f 8070 8072 8075
f 8070 8075 8076
f 8076 8075 8079
f 8076 8079 8080
f 8080 8079 8083
f 8080 8083 8063
f 8063 8083 7796
f 7796 8083 7797
f 7797 8083 7798
f 7798 8083 7799
f 7799 8083 8082
f 7799 8082 7800
f 7800 8082 7801
f 7801 8082 8081
f 7801 8081 7802
f 7802 8081 7803
f 7803 8081 8074
f 8074 8081 8078
f 8074 8078 8073
f 8073 8078 8075
f 8073 8075 8072
f 8063 8062 8080
f 8080 8062 8077
f 8080 8077 8076
f 8075 8078 8079
f 8079 8078 8082
f 8079 8082 8083
f 8081 8082 8078
f 8071 8084 8072
f 8072 8084 8094
f 8072 8094 8095
f 8095 8094 8089
f 8095 8089 8093
f 8093 8089 8090
f 8093 8090 8096
f 8096 8090 8091
f 8096 8091 8097
f 8097 8091 8092
f 8097 8092 7803
f 7803 8092 7791
f 8084 8085 8094
f 8094 8085 8086
f 8094 8086 8088
f 8088 8086 8087
f 8088 8089 8094
f 7803 8074 8097
f 8097 8074 8096
f 8074 8073 8096
f 8096 8073 8093
f 8073 8072 8093
f 8093 8072 8095
f 8087 8098 8088
f 8088 8098 8089
f 8089 8098 8101
f 8089 8101 8090
f 8090 8101 8102
f 8090 8102 8091
f 8091 8102 8103
f 8091 8103 8092
f 8092 8103 8104
f 8092 8104 8105
f 8098 8099 8101
f 8101 8099 8100
f 8103 7817 8104
f 8105 7791 8092
f 8100 8106 8101
f 8101 8106 8110
f 8101 8110 8111
f 8111 8110 7917
f 8111 7917 8109
f 8109 7917 7916
f 8109 7916 8112
f 8112 7916 7915
f 8112 7915 8113
f 8113 7915 7818
f 8113 7818 7817
f 8106 8107 8110
f 8110 8107 7917
f 8107 8108 7917
f 7917 8108 7906
f 7817 8103 8113
f 8113 8103 8112
f 8103 8102 8112
f 8112 8102 8109
f 8102 8101 8109
f 8109 8101 8111
f 8115 8124 8114
f 8114 8124 8125
f 8114 8125 8126
f 8116 8131 8115
f 8115 8131 8127
f 8115 8127 8124
f 8124 8127 8123
f 8123 8127 8122
f 8122 8127 8121
f 8121 8127 8128
f 8121 8128 8129
f 8129 8128 8133
f 8129 8133 8134
f 8134 8133 5319
f 8134 5319 8117
f 8117 5319 5318
f 5323 5322 8116
f 8116 5322 8131
f 5322 5321 8131
f 8131 5321 8132
f 8131 8132 8127
f 8127 8132 8128
f 5321 5320 8132
f 8132 5320 8133
f 8132 8133 8128
f 5320 5319 8133
f 8117 8118 8134
f 8134 8118 8130
f 8134 8130 8129
f 8129 8130 8120
f 8129 8120 8121
f 8118 8119 8130
f 8130 8119 8120
f 8147 8135 8148
f 8148 8135 8136
f 8148 8136 8149
f 8149 8136 8137
f 8149 8137 6000
f 6000 8137 6001
f 8149 6000 8153
f 8153 6000 5999
f 8153 5999 8154
f 8154 5999 5998
f 8154 5998 8155
f 8155 5998 5997
f 8155 5997 8138
f 8138 5997 5996
f 8138 8139 8155
f 8155 8139 8152
f 8155 8152 8154
f 8154 8152 8151
f 8154 8151 8153
f 8153 8151 8150
f 8153 8150 8149
f 8149 8150 8148
f 8139 8140 8152
f 8152 8140 8144
f 8152 8144 8151
f 8151 8144 8146
f 8151 8146 8150
f 8150 8146 8147
f 8150 8147 8148
f 8141 8142 8140
f 8140 8142 8143
f 8140 8143 8144
f 8144 8145 8146
f 8157 8166 8156
f 8156 8166 8167
f 8156 8167 8169
f 8169 8167 8168
f 8158 8174 8157
f 8157 8174 8170
f 8157 8170 8166
f 8166 8170 8164
f 8166 8164 8165
f 6983 6982 8158
f 8158 6982 8174
f 6982 6981 8174
f 8174 6981 8175
f 8174 8175 8170
f 8170 8175 8171
f 8170 8171 8164
f 8164 8171 8172
f 8164 8172 8163
f 8163 8172 8162
f 8162 8172 8173
f 8162 8173 8161
f 8161 8173 8160
f 8160 8173 8177
f 8160 8177 8159
f 8159 8177 6979
f 8159 6979 6978
f 6981 6980 8175
f 8175 6980 8176
f 8175 8176 8171
f 8171 8176 8172
f 6980 6979 8176
f 8176 6979 8177
f 8176 8177 8172
f 8172 8177 8173
f 8190 8178 8191
f 8191 8178 8179
f 8191 8179 8195
f 8195 8179 8180
f 8195 8180 6988
f 6988 8180 6989
f 8195 6988 8196
f 8196 6988 6987
f 8196 6987 8197
f 8197 6987 6986
f 8197 6986 8198
f 8198 6986 6985
f 8198 6985 8181
f 8181 6985 6984
f 8181 8182 8198
f 8198 8182 8194
f 8198 8194 8197
f 8197 8194 8193
f 8197 8193 8196
f 8196 8193 8192
f 8196 8192 8195
f 8195 8192 8191
f 8183 8186 8182
f 8182 8186 8187
f 8182 8187 8188
f 8184 8185 8183
f 8183 8185 8186
f 8182 8188 8194
f 8194 8188 8189
f 8194 8189 8193
f 8193 8189 8190
f 8193 8190 8192
f 8192 8190 8191
f 8114 8199 8115
f 8115 8199 8200
f 8115 8200 8116
f 8116 8200 8201
f 8116 8201 5323
f 5323 8201 7143
f 8140 8139 8202
f 8202 8139 8204
f 8204 8139 8138
f 8204 8138 8203
f 8203 8138 5996
f 8203 5996 7256
f 8156 8205 8157
f 8157 8205 8206
f 8157 8206 8158
f 8158 8206 8207
f 8158 8207 6983
f 6983 8207 7384
f 8183 8182 8210
f 8210 8182 8209
f 8209 8182 8181
f 8209 8181 8208
f 8208 8181 6984
f 8208 6984 7386
f 8210 8209 8213
f 8213 8209 8214
f 8213 8214 8212
f 8212 8214 8215
f 8212 8215 8216
f 8216 8215 8218
f 8216 8218 8219
f 8219 8218 7435
f 8219 7435 7434
f 8209 8208 8214
f 8214 8208 8217
f 8214 8217 8215
f 8215 8217 8218
f 8208 7386 8217
f 8217 7386 7436
f 8217 7436 8218
f 8218 7436 7435
f 7143 8201 7434
f 7434 8201 8219
f 8201 8200 8219
f 8219 8200 8216
f 8199 8211 8200
f 8200 8211 8216
f 8211 8212 8216
f 8202 8204 8222
f 8222 8204 8223
f 8222 8223 8221
f 8221 8223 8224
f 8221 8224 8225
f 8225 8224 8227
f 8225 8227 8228
f 8228 8227 7789
f 8228 7789 7788
f 8204 8203 8223
f 8223 8203 8226
f 8223 8226 8224
f 8224 8226 8227
f 8203 7256 8226
f 8226 7256 7790
f 8226 7790 8227
f 8227 7790 7789
f 7384 8207 7788
f 7788 8207 8228
f 8207 8206 8228
f 8228 8206 8225
f 8205 8220 8206
f 8206 8220 8225
f 8220 8221 8225
f 8239 8229 8236
f 8236 8229 8230
f 8236 8230 8231
f 8231 8232 8236
f 8236 8232 8233
f 8236 8233 8234
f 8234 8235 8236
f 8239 8236 8238
f 8238 8236 8237
f 8238 8237 8043
f 8043 8237 8061
f 8061 8237 8067
f 8067 8237 8068
f 8068 8237 8069
f 8069 8237 8070
f 8070 8237 8071
f 8229 8239 8245
f 8245 8239 8246
f 8245 8246 8244
f 8244 8246 8247
f 8244 8247 8248
f 8248 8247 8039
f 8248 8039 8038
f 8239 8238 8246
f 8246 8238 8041
f 8246 8041 8247
f 8247 8041 8040
f 8247 8040 8039
f 8043 8042 8238
f 8238 8042 8041
f 8032 8240 8038
f 8038 8240 8248
f 8240 8241 8248
f 8248 8241 8243
f 8248 8243 8244
f 8241 8242 8243
f 8257 8242 8250
f 8250 8242 8241
f 8250 8241 8249
f 8249 8241 8240
f 8249 8240 8020
f 8020 8240 8032
f 8020 8019 8249
f 8249 8019 8018
f 8249 8018 8017
f 8017 8016 8249
f 8249 8016 8015
f 8249 8015 8006
f 8251 8252 8250
f 8250 8252 8253
f 8250 8253 8254
f 8254 8255 8250
f 8250 8255 8256
f 8250 8256 8257
f 8235 8234 8262
f 8262 8234 8233
f 8262 8233 8266
f 8266 8233 8232
f 8266 8232 8265
f 8265 8232 8231
f 8265 8231 8264
f 8264 8231 8230
f 8264 8230 8258
f 8264 8258 8267
f 8267 8258 8259
f 8267 8259 8263
f 8263 8259 8114
f 8263 8114 8126
f 8126 8125 8263
f 8263 8125 8124
f 8263 8124 8123
f 8123 8122 8263
f 8263 8122 8270
f 8263 8270 8267
f 8267 8270 8268
f 8267 8268 8264
f 8264 8268 8265
f 8122 8121 8270
f 8270 8121 8271
f 8270 8271 8268
f 8268 8271 8269
f 8268 8269 8265
f 8265 8269 8266
f 8121 8120 8271
f 8271 8120 8260
f 8271 8260 8269
f 8269 8260 8261
f 8269 8261 8266
f 8266 8261 8262
f 8258 8230 8274
f 8274 8230 8229
f 8274 8229 8272
f 8274 8272 8275
f 8275 8272 8273
f 8275 8273 8276
f 8276 8273 8199
f 8276 8199 8114
f 8114 8259 8276
f 8276 8259 8275
f 8259 8258 8275
f 8275 8258 8274
f 8272 8229 8283
f 8283 8229 8245
f 8283 8245 8282
f 8282 8245 8244
f 8282 8244 8281
f 8281 8244 8280
f 8281 8280 8286
f 8286 8280 8285
f 8286 8285 8291
f 8291 8285 8290
f 8291 8290 8212
f 8212 8290 8213
f 8213 8290 8289
f 8213 8289 8210
f 8210 8289 8278
f 8278 8289 8284
f 8278 8284 8277
f 8277 8284 8279
f 8277 8279 8242
f 8242 8279 8243
f 8243 8279 8280
f 8243 8280 8244
f 8291 8212 8292
f 8292 8212 8211
f 8292 8211 8293
f 8293 8211 8199
f 8293 8199 8273
f 8293 8273 8288
f 8288 8273 8272
f 8288 8272 8283
f 8285 8280 8279
f 8288 8283 8282
f 8282 8281 8287
f 8287 8281 8286
f 8287 8286 8292
f 8292 8286 8291
f 8290 8285 8284
f 8284 8285 8279
f 8289 8290 8284
f 8293 8288 8287
f 8287 8288 8282
f 8293 8287 8292
f 8277 8242 8296
f 8296 8242 8257
f 8296 8257 8294
f 8296 8294 8297
f 8297 8294 8295
f 8297 8295 8298
f 8298 8295 8183
f 8298 8183 8210
f 8210 8278 8298
f 8298 8278 8297
f 8278 8277 8297
f 8297 8277 8296
f 8294 8257 8304
f 8304 8257 8256
f 8304 8256 8255
f 8304 8255 8303
f 8303 8255 8254
f 8303 8254 8253
f 8303 8253 8302
f 8302 8253 8252
f 8302 8252 8251
f 8251 8299 8302
f 8302 8299 8300
f 8302 8300 8305
f 8305 8300 8301
f 8305 8301 8308
f 8308 8301 8190
f 8308 8190 8189
f 8308 8189 8309
f 8309 8189 8188
f 8309 8188 8187
f 8187 8186 8309
f 8309 8186 8185
f 8309 8185 8310
f 8310 8185 8184
f 8310 8184 8183
f 8183 8295 8310
f 8310 8295 8307
f 8310 8307 8306
f 8306 8307 8303
f 8306 8303 8302
f 8295 8294 8307
f 8307 8294 8304
f 8307 8304 8303
f 8302 8305 8306
f 8306 8305 8309
f 8306 8309 8310
f 8308 8309 8305
f 8251 8311 8299
f 8299 8311 8321
f 8299 8321 8322
f 8322 8321 8316
f 8322 8316 8320
f 8320 8316 8317
f 8320 8317 8323
f 8323 8317 8318
f 8323 8318 8324
f 8324 8318 8319
f 8324 8319 8190
f 8190 8319 8178
f 8311 8312 8321
f 8321 8312 8313
f 8321 8313 8315
f 8315 8313 8314
f 8315 8316 8321
f 8190 8301 8324
f 8324 8301 8323
f 8301 8300 8323
f 8323 8300 8320
f 8300 8299 8320
f 8320 8299 8322
f 8325 8326 8337
f 8337 8326 8327
f 8337 8327 8339
f 8339 8327 8330
f 8339 8330 8340
f 8340 8330 8338
f 8340 8338 8336
f 8336 8338 8335
f 8335 8338 8341
f 8335 8341 8334
f 8334 8341 8342
f 8334 8342 8333
f 8333 8342 8161
f 8161 8342 8162
f 8162 8342 8332
f 8332 8342 8341
f 8332 8341 8331
f 8331 8341 8338
f 8331 8338 8330
f 8327 8328 8330
f 8330 8328 8329
f 8340 8336 8339
f 8339 8336 8337
f 8329 8343 8330
f 8330 8343 8354
f 8330 8354 8331
f 8331 8354 8357
f 8331 8357 8332
f 8332 8357 8359
f 8332 8359 8162
f 8162 8359 8163
f 8163 8359 8358
f 8163 8358 8164
f 8164 8358 8351
f 8164 8351 8165
f 8165 8351 8166
f 8166 8351 8167
f 8167 8351 8350
f 8167 8350 8168
f 8168 8350 8169
f 8169 8350 8156
f 8354 8343 8353
f 8353 8343 8344
f 8353 8344 8345
f 8353 8345 8352
f 8352 8345 8346
f 8352 8346 8347
f 8348 8349 8347
f 8347 8349 8352
f 8352 8349 8355
f 8355 8349 8350
f 8355 8350 8351
f 8357 8354 8353
f 8353 8352 8356
f 8356 8352 8355
f 8356 8355 8358
f 8358 8355 8351
f 8359 8357 8356
f 8356 8357 8353
f 8359 8356 8358
f 8349 8348 8363
f 8363 8348 8360
f 8363 8360 8361
f 8363 8361 8364
f 8364 8361 8362
f 8364 8362 8365
f 8365 8362 8205
f 8365 8205 8156
f 8156 8350 8365
f 8365 8350 8364
f 8350 8349 8364
f 8364 8349 8363
f 8361 8360 8378
f 8378 8360 8366
f 8378 8366 8367
f 8368 8376 8367
f 8367 8376 8377
f 8367 8377 8378
f 8378 8377 8383
f 8378 8383 8361
f 8361 8383 8362
f 8362 8383 8388
f 8362 8388 8205
f 8205 8388 8220
f 8220 8388 8387
f 8220 8387 8221
f 8221 8387 8386
f 8221 8386 8385
f 8385 8386 8380
f 8385 8380 8379
f 8379 8380 8374
f 8379 8374 8372
f 8372 8374 8371
f 8371 8374 8370
f 8370 8374 8369
f 8369 8374 8375
f 8369 8375 8368
f 8368 8375 8376
f 8372 8373 8379
f 8379 8373 8384
f 8379 8384 8385
f 8385 8384 8222
f 8385 8222 8221
f 8373 8202 8384
f 8384 8202 8222
f 8374 8380 8375
f 8375 8380 8381
f 8375 8381 8376
f 8376 8381 8382
f 8376 8382 8377
f 8377 8382 8383
f 8380 8386 8381
f 8381 8386 8387
f 8381 8387 8382
f 8382 8387 8388
f 8382 8388 8383
f 8372 8371 8392
f 8392 8371 8389
f 8392 8389 8390
f 8392 8390 8393
f 8393 8390 8391
f 8393 8391 8394
f 8394 8391 8140
f 8394 8140 8202
f 8202 8373 8394
f 8394 8373 8393
f 8373 8372 8393
f 8393 8372 8392
f 8390 8389 8405
f 8405 8389 8395
f 8405 8395 8396
f 8405 8396 8404
f 8404 8396 8397
f 8404 8397 8398
f 8399 8400 8398
f 8398 8400 8403
f 8398 8403 8404
f 8404 8403 8407
f 8404 8407 8408
f 8408 8407 8411
f 8408 8411 8391
f 8391 8411 8140
f 8140 8411 8141
f 8141 8411 8142
f 8142 8411 8143
f 8143 8411 8410
f 8143 8410 8144
f 8144 8410 8145
f 8145 8410 8409
f 8145 8409 8146
f 8146 8409 8147
f 8147 8409 8402
f 8402 8409 8406
f 8402 8406 8401
f 8401 8406 8403
f 8401 8403 8400
f 8391 8390 8408
f 8408 8390 8405
f 8408 8405 8404
f 8403 8406 8407
f 8407 8406 8410
f 8407 8410 8411
f 8409 8410 8406
f 8399 8412 8400
f 8400 8412 8422
f 8400 8422 8423
f 8423 8422 8417
f 8423 8417 8421
f 8421 8417 8418
f 8421 8418 8424
f 8424 8418 8419
f 8424 8419 8425
f 8425 8419 8420
f 8425 8420 8147
f 8147 8420 8135
f 8412 8413 8422
f 8422 8413 8414
f 8422 8414 8416
f 8416 8414 8415
f 8416 8417 8422
f 8147 8402 8425
f 8425 8402 8424
f 8402 8401 8424
f 8424 8401 8421
f 8401 8400 8421
f 8421 8400 8423
f 8426 8427 8434
f 8434 8427 8428
f 8434 8428 8436
f 8436 8428 8262
f 8436 8262 8437
f 8437 8262 8435
f 8437 8435 8433
f 8433 8435 8432
f 8432 8435 8438
f 8432 8438 8431
f 8431 8438 8439
f 8431 8439 8430
f 8430 8439 8119
f 8119 8439 8120
f 8120 8439 8260
f 8260 8439 8438
f 8260 8438 8261
f 8261 8438 8435
f 8261 8435 8262
f 8428 8429 8262
f 8262 8429 8235
f 8437 8433 8436
f 8436 8433 8434
f 8415 8440 8416
f 8416 8440 8417
f 8417 8440 8433
f 8417 8433 8418
f 8418 8433 8432
f 8418 8432 8419
f 8419 8432 8431
f 8419 8431 8420
f 8420 8431 8430
f 8420 8430 8442
f 8442 8430 8119
f 8440 8441 8433
f 8433 8441 8434
f 8434 8441 8426
f 8442 8443 8420
f 8420 8443 8135
f 8314 8444 8315
f 8315 8444 8316
f 8316 8444 8336
f 8316 8336 8317
f 8317 8336 8335
f 8317 8335 8318
f 8318 8335 8334
f 8318 8334 8319
f 8319 8334 8333
f 8319 8333 8446
f 8446 8333 8161
f 8444 8445 8336
f 8336 8445 8337
f 8337 8445 8325
f 8446 8447 8319
f 8319 8447 8178
f 8460 8448 8461
f 8461 8448 8449
f 8461 8449 8462
f 8462 8449 8450
f 8462 8450 5886
f 5886 8450 5887
f 8462 5886 8466
f 8466 5886 5885
f 8466 5885 8467
f 8467 5885 5884
f 8467 5884 8468
f 8468 5884 5883
f 8468 5883 8451
f 8451 5883 5882
f 8451 8452 8468
f 8468 8452 8465
f 8468 8465 8467
f 8467 8465 8464
f 8467 8464 8466
f 8466 8464 8463
f 8466 8463 8462
f 8462 8463 8461
f 8452 8453 8465
f 8465 8453 8457
f 8465 8457 8464
f 8464 8457 8459
f 8464 8459 8463
f 8463 8459 8460
f 8463 8460 8461
f 8454 8455 8453
f 8453 8455 8456
f 8453 8456 8457
f 8457 8458 8459
f 8470 8479 8469
f 8469 8479 8480
f 8469 8480 8481
f 8471 8486 8470
f 8470 8486 8482
f 8470 8482 8479
f 8479 8482 8478
f 8478 8482 8477
f 8477 8482 8476
f 8476 8482 8483
f 8476 8483 8484
f 8484 8483 8488
f 8484 8488 8489
f 8489 8488 5889
f 8489 5889 8472
f 8472 5889 5888
f 5893 5892 8471
f 8471 5892 8486
f 5892 5891 8486
f 8486 5891 8487
f 8486 8487 8482
f 8482 8487 8483
f 5891 5890 8487
f 8487 5890 8488
f 8487 8488 8483
f 5890 5889 8488
f 8472 8473 8489
f 8489 8473 8485
f 8489 8485 8484
f 8484 8485 8475
f 8484 8475 8476
f 8473 8474 8485
f 8485 8474 8475
f 8491 8504 8490
f 8490 8504 8500
f 8490 8500 8501
f 8504 8491 8508
f 8508 8491 8492
f 8508 8492 6868
f 6868 8492 6869
f 6868 6867 8508
f 8508 6867 8509
f 8508 8509 8504
f 8504 8509 8505
f 8504 8505 8498
f 8498 8505 8506
f 8498 8506 8497
f 8497 8506 8496
f 8496 8506 8507
f 8496 8507 8495
f 8495 8507 8494
f 8494 8507 8511
f 8494 8511 8493
f 8493 8511 6865
f 8493 6865 6864
f 6867 6866 8509
f 8509 6866 8510
f 8509 8510 8505
f 8505 8510 8506
f 6866 6865 8510
f 8510 6865 8511
f 8510 8511 8506
f 8506 8511 8507
f 8499 8500 8498
f 8498 8500 8504
f 8501 8502 8490
f 8490 8502 8503
f 8524 8512 8525
f 8525 8512 8513
f 8525 8513 8529
f 8529 8513 8514
f 8529 8514 6874
f 6874 8514 6875
f 8529 6874 8530
f 8530 6874 6873
f 8530 6873 8531
f 8531 6873 6872
f 8531 6872 8532
f 8532 6872 6871
f 8532 6871 8515
f 8515 6871 6870
f 8515 8516 8532
f 8532 8516 8528
f 8532 8528 8531
f 8531 8528 8527
f 8531 8527 8530
f 8530 8527 8526
f 8530 8526 8529
f 8529 8526 8525
f 8517 8520 8516
f 8516 8520 8521
f 8516 8521 8528
f 8528 8521 8522
f 8528 8522 8523
f 8518 8519 8517
f 8517 8519 8520
f 8528 8523 8527
f 8527 8523 8524
f 8527 8524 8526
f 8526 8524 8525
f 8453 8452 8533
f 8533 8452 8535
f 8535 8452 8451
f 8535 8451 8534
f 8534 8451 5882
f 8534 5882 7237
f 8469 8536 8470
f 8470 8536 8537
f 8470 8537 8471
f 8471 8537 8538
f 8471 8538 5893
f 5893 8538 7238
f 8490 8539 8491
f 8491 8539 8540
f 8491 8540 8492
f 8492 8540 8541
f 8492 8541 6869
f 6869 8541 7365
f 8517 8516 8544
f 8544 8516 8543
f 8543 8516 8515
f 8543 8515 8542
f 8542 8515 6870
f 8542 6870 7367
f 8533 8535 8547
f 8547 8535 8548
f 8547 8548 8546
f 8546 8548 8549
f 8546 8549 8550
f 8550 8549 8552
f 8550 8552 8553
f 8553 8552 7729
f 8553 7729 7728
f 8535 8534 8548
f 8548 8534 8551
f 8548 8551 8549
f 8549 8551 8552
f 8534 7237 8551
f 8551 7237 7730
f 8551 7730 8552
f 8552 7730 7729
f 7365 8541 7728
f 7728 8541 8553
f 8541 8540 8553
f 8553 8540 8550
f 8539 8545 8540
f 8540 8545 8550
f 8545 8546 8550
f 8544 8543 8556
f 8556 8543 8557
f 8556 8557 8555
f 8555 8557 8558
f 8555 8558 8559
f 8559 8558 8561
f 8559 8561 8562
f 8562 8561 7735
f 8562 7735 7734
f 8543 8542 8557
f 8557 8542 8560
f 8557 8560 8558
f 8558 8560 8561
f 8542 7367 8560
f 8560 7367 7736
f 8560 7736 8561
f 8561 7736 7735
f 7238 8538 7734
f 7734 8538 8562
f 8538 8537 8562
f 8562 8537 8559
f 8536 8554 8537
f 8537 8554 8559
f 8554 8555 8559
f 8573 8563 8570
f 8570 8563 8564
f 8570 8564 8565
f 8565 8566 8570
f 8570 8566 8567
f 8570 8567 8568
f 8568 8569 8570
f 8573 8570 8572
f 8572 8570 8571
f 8572 8571 8371
f 8371 8571 8389
f 8389 8571 8395
f 8395 8571 8396
f 8396 8571 8397
f 8397 8571 8398
f 8398 8571 8399
f 8563 8573 8579
f 8579 8573 8580
f 8579 8580 8578
f 8578 8580 8581
f 8578 8581 8582
f 8582 8581 8367
f 8582 8367 8366
f 8573 8572 8580
f 8580 8572 8369
f 8580 8369 8581
f 8581 8369 8368
f 8581 8368 8367
f 8371 8370 8572
f 8572 8370 8369
f 8360 8574 8366
f 8366 8574 8582
f 8574 8575 8582
f 8582 8575 8577
f 8582 8577 8578
f 8575 8576 8577
f 8591 8576 8584
f 8584 8576 8575
f 8584 8575 8583
f 8583 8575 8574
f 8583 8574 8348
f 8348 8574 8360
f 8348 8347 8583
f 8583 8347 8346
f 8583 8346 8345
f 8345 8344 8583
f 8583 8344 8343
f 8583 8343 8329
f 8585 8586 8584
f 8584 8586 8587
f 8584 8587 8588
f 8588 8589 8584
f 8584 8589 8590
f 8584 8590 8591
f 8569 8568 8596
f 8596 8568 8567
f 8596 8567 8600
f 8600 8567 8566
f 8600 8566 8599
f 8599 8566 8565
f 8599 8565 8598
f 8598 8565 8564
f 8598 8564 8592
f 8598 8592 8601
f 8601 8592 8593
f 8601 8593 8597
f 8597 8593 8469
f 8597 8469 8481
f 8481 8480 8597
f 8597 8480 8479
f 8597 8479 8478
f 8478 8477 8597
f 8597 8477 8604
f 8597 8604 8601
f 8601 8604 8602
f 8601 8602 8598
f 8598 8602 8599
f 8477 8476 8604
f 8604 8476 8605
f 8604 8605 8602
f 8602 8605 8603
f 8602 8603 8599
f 8599 8603 8600
f 8476 8475 8605
f 8605 8475 8594
f 8605 8594 8603
f 8603 8594 8595
f 8603 8595 8600
f 8600 8595 8596
f 8592 8564 8608
f 8608 8564 8563
f 8608 8563 8606
f 8608 8606 8609
f 8609 8606 8607
f 8609 8607 8610
f 8610 8607 8536
f 8610 8536 8469
f 8469 8593 8610
f 8610 8593 8609
f 8593 8592 8609
f 8609 8592 8608
f 8606 8563 8617
f 8617 8563 8579
f 8617 8579 8616
f 8616 8579 8578
f 8616 8578 8615
f 8615 8578 8614
f 8615 8614 8620
f 8620 8614 8619
f 8620 8619 8625
f 8625 8619 8624
f 8625 8624 8555
f 8555 8624 8556
f 8556 8624 8623
f 8556 8623 8544
f 8544 8623 8612
f 8612 8623 8618
f 8612 8618 8611
f 8611 8618 8613
f 8611 8613 8576
f 8576 8613 8577
f 8577 8613 8614
f 8577 8614 8578
f 8625 8555 8626
f 8626 8555 8554
f 8626 8554 8627
f 8627 8554 8536
f 8627 8536 8607
f 8627 8607 8622
f 8622 8607 8606
f 8622 8606 8617
f 8619 8614 8613
f 8622 8617 8616
f 8616 8615 8621
f 8621 8615 8620
f 8621 8620 8626
f 8626 8620 8625
f 8624 8619 8618
f 8618 8619 8613
f 8623 8624 8618
f 8627 8622 8621
f 8621 8622 8616
f 8627 8621 8626
f 8611 8576 8630
f 8630 8576 8591
f 8630 8591 8628
f 8630 8628 8631
f 8631 8628 8629
f 8631 8629 8632
f 8632 8629 8517
f 8632 8517 8544
f 8544 8612 8632
f 8632 8612 8631
f 8612 8611 8631
f 8631 8611 8630
f 8628 8591 8638
f 8638 8591 8590
f 8638 8590 8589
f 8638 8589 8637
f 8637 8589 8588
f 8637 8588 8587
f 8637 8587 8636
f 8636 8587 8586
f 8636 8586 8585
f 8585 8633 8636
f 8636 8633 8634
f 8636 8634 8639
f 8639 8634 8635
f 8639 8635 8642
f 8642 8635 8524
f 8642 8524 8523
f 8642 8523 8643
f 8643 8523 8522
f 8643 8522 8521
f 8521 8520 8643
f 8643 8520 8519
f 8643 8519 8644
f 8644 8519 8518
f 8644 8518 8517
f 8517 8629 8644
f 8644 8629 8641
f 8644 8641 8640
f 8640 8641 8637
f 8640 8637 8636
f 8629 8628 8641
f 8641 8628 8638
f 8641 8638 8637
f 8636 8639 8640
f 8640 8639 8643
f 8640 8643 8644
f 8642 8643 8639
f 8585 8645 8633
f 8633 8645 8655
f 8633 8655 8656
f 8656 8655 8650
f 8656 8650 8654
f 8654 8650 8651
f 8654 8651 8657
f 8657 8651 8652
f 8657 8652 8658
f 8658 8652 8653
f 8658 8653 8524
f 8524 8653 8512
f 8645 8646 8655
f 8655 8646 8647
f 8655 8647 8649
f 8649 8647 8648
f 8649 8650 8655
f 8524 8635 8658
f 8658 8635 8657
f 8635 8634 8657
f 8657 8634 8654
f 8634 8633 8654
f 8654 8633 8656
f 8648 8659 8649
f 8649 8659 8650
f 8650 8659 8660
f 8650 8660 8662
f 8662 8660 8661
f 8662 8663 8650
f 8650 8663 8651
f 8651 8663 8652
f 8652 8663 8664
f 8652 8664 8666
f 8666 8664 8665
f 8665 8664 8495
f 8512 8653 8666
f 8666 8653 8652
f 8661 8667 8662
f 8662 8667 8675
f 8662 8675 8676
f 8676 8675 8671
f 8676 8671 8674
f 8674 8671 8672
f 8674 8672 8677
f 8677 8672 8673
f 8677 8673 8678
f 8678 8673 8496
f 8678 8496 8495
f 8667 8668 8675
f 8675 8668 8671
f 8668 8669 8671
f 8671 8669 8670
f 8495 8664 8678
f 8678 8664 8677
f 8664 8663 8677
f 8677 8663 8674
f 8663 8662 8674
f 8674 8662 8676
f 8670 8679 8671
f 8671 8679 8689
f 8671 8689 8672
f 8672 8689 8692
f 8672 8692 8673
f 8673 8692 8695
f 8673 8695 8496
f 8496 8695 8497
f 8497 8695 8694
f 8497 8694 8498
f 8498 8694 8693
f 8498 8693 8499
f 8499 8693 8500
f 8500 8693 8501
f 8501 8693 8502
f 8502 8693 8686
f 8502 8686 8503
f 8503 8686 8490
f 8689 8679 8688
f 8688 8679 8680
f 8688 8680 8681
f 8688 8681 8687
f 8687 8681 8682
f 8687 8682 8683
f 8684 8685 8683
f 8683 8685 8687
f 8687 8685 8690
f 8690 8685 8686
f 8690 8686 8693
f 8692 8689 8688
f 8688 8687 8691
f 8691 8687 8690
f 8691 8690 8694
f 8694 8690 8693
f 8695 8692 8691
f 8691 8692 8688
f 8695 8691 8694
f 8685 8684 8699
f 8699 8684 8696
f 8699 8696 8697
f 8699 8697 8700
f 8700 8697 8698
f 8700 8698 8701
f 8701 8698 8539
f 8701 8539 8490
f 8490 8686 8701
f 8701 8686 8700
f 8686 8685 8700
f 8700 8685 8699
f 8697 8696 8714
f 8714 8696 8702
f 8714 8702 8703
f 8704 8712 8703
f 8703 8712 8713
f 8703 8713 8714
f 8714 8713 8719
f 8714 8719 8697
f 8697 8719 8698
f 8698 8719 8724
f 8698 8724 8539
f 8539 8724 8545
f 8545 8724 8723
f 8545 8723 8546
f 8546 8723 8722
f 8546 8722 8721
f 8721 8722 8716
f 8721 8716 8715
f 8715 8716 8710
f 8715 8710 8708
f 8708 8710 8707
f 8707 8710 8706
f 8706 8710 8705
f 8705 8710 8711
f 8705 8711 8704
f 8704 8711 8712
f 8708 8709 8715
f 8715 8709 8720
f 8715 8720 8721
f 8721 8720 8547
f 8721 8547 8546
f 8709 8533 8720
f 8720 8533 8547
f 8710 8716 8711
f 8711 8716 8717
f 8711 8717 8712
f 8712 8717 8718
f 8712 8718 8713
f 8713 8718 8719
f 8716 8722 8717
f 8717 8722 8723
f 8717 8723 8718
f 8718 8723 8724
f 8718 8724 8719
f 8708 8707 8728
f 8728 8707 8725
f 8728 8725 8726
f 8728 8726 8729
f 8729 8726 8727
f 8729 8727 8730
f 8730 8727 8453
f 8730 8453 8533
f 8533 8709 8730
f 8730 8709 8729
f 8709 8708 8729
f 8729 8708 8728
f 8726 8725 8741
f 8741 8725 8731
f 8741 8731 8732
f 8741 8732 8740
f 8740 8732 8733
f 8740 8733 8734
f 8735 8736 8734
f 8734 8736 8739
f 8734 8739 8740
f 8740 8739 8743
f 8740 8743 8744
f 8744 8743 8747
f 8744 8747 8727
f 8727 8747 8453
f 8453 8747 8454
f 8454 8747 8455
f 8455 8747 8456
f 8456 8747 8746
f 8456 8746 8457
f 8457 8746 8458
f 8458 8746 8745
f 8458 8745 8459
f 8459 8745 8460
f 8460 8745 8738
f 8738 8745 8742
f 8738 8742 8737
f 8737 8742 8739
f 8737 8739 8736
f 8727 8726 8744
f 8744 8726 8741
f 8744 8741 8740
f 8739 8742 8743
f 8743 8742 8746
f 8743 8746 8747
f 8745 8746 8742
f 8735 8748 8736
f 8736 8748 8758
f 8736 8758 8759
f 8759 8758 8753
f 8759 8753 8757
f 8757 8753 8754
f 8757 8754 8760
f 8760 8754 8755
f 8760 8755 8761
f 8761 8755 8756
f 8761 8756 8460
f 8460 8756 8448
f 8748 8749 8758
f 8758 8749 8750
f 8758 8750 8752
f 8752 8750 8751
f 8752 8753 8758
f 8460 8738 8761
f 8761 8738 8760
f 8738 8737 8760
f 8760 8737 8757
f 8737 8736 8757
f 8757 8736 8759
f 8751 8762 8752
f 8752 8762 8753
f 8753 8762 8765
f 8753 8765 8754
f 8754 8765 8766
f 8754 8766 8755
f 8755 8766 8767
f 8755 8767 8756
f 8756 8767 8768
f 8756 8768 8769
f 8762 8763 8765
f 8765 8763 8764
f 8767 8474 8768
f 8769 8448 8756
f 8764 8770 8765
f 8765 8770 8774
f 8765 8774 8775
f 8775 8774 8596
f 8775 8596 8773
f 8773 8596 8595
f 8773 8595 8776
f 8776 8595 8594
f 8776 8594 8777
f 8777 8594 8475
f 8777 8475 8474
f 8770 8771 8774
f 8774 8771 8596
f 8771 8772 8596
f 8596 8772 8569
f 8474 8767 8777
f 8777 8767 8776
f 8767 8766 8776
f 8776 8766 8773
f 8766 8765 8773
f 8773 8765 8775
f 8790 8778 8791
f 8791 8778 8779
f 8791 8779 8792
f 8792 8779 8780
f 8792 8780 5772
f 5772 8780 5773
f 8792 5772 8796
f 8796 5772 5771
f 8796 5771 8797
f 8797 5771 5770
f 8797 5770 8798
f 8798 5770 5769
f 8798 5769 8781
f 8781 5769 5768
f 8781 8782 8798
f 8798 8782 8795
f 8798 8795 8797
f 8797 8795 8794
f 8797 8794 8796
f 8796 8794 8793
f 8796 8793 8792
f 8792 8793 8791
f 8782 8783 8795
f 8795 8783 8787
f 8795 8787 8794
f 8794 8787 8789
f 8794 8789 8793
f 8793 8789 8790
f 8793 8790 8791
f 8784 8785 8783
f 8783 8785 8786
f 8783 8786 8787
f 8787 8788 8789
f 8800 8809 8799
f 8799 8809 8810
f 8799 8810 8811
f 8801 8816 8800
f 8800 8816 8812
f 8800 8812 8809
f 8809 8812 8808
f 8808 8812 8807
f 8807 8812 8806
f 8806 8812 8813
f 8806 8813 8814
f 8814 8813 8818
f 8814 8818 8819
f 8819 8818 5775
f 8819 5775 8802
f 8802 5775 5774
f 5779 5778 8801
f 8801 5778 8816
f 5778 5777 8816
f 8816 5777 8817
f 8816 8817 8812
f 8812 8817 8813
f 5777 5776 8817
f 8817 5776 8818
f 8817 8818 8813
f 5776 5775 8818
f 8802 8803 8819
f 8819 8803 8815
f 8819 8815 8814
f 8814 8815 8805
f 8814 8805 8806
f 8803 8804 8815
f 8815 8804 8805
f 8821 8830 8820
f 8820 8830 8831
f 8820 8831 8833
f 8833 8831 8832
f 8822 8838 8821
f 8821 8838 8834
f 8821 8834 8830
f 8830 8834 8828
f 8830 8828 8829
f 6755 6754 8822
f 8822 6754 8838
f 6754 6753 8838
f 8838 6753 8839
f 8838 8839 8834
f 8834 8839 8835
f 8834 8835 8828
f 8828 8835 8836
f 8828 8836 8827
f 8827 8836 8826
f 8826 8836 8837
f 8826 8837 8825
f 8825 8837 8824
f 8824 8837 8841
f 8824 8841 8823
f 8823 8841 6751
f 8823 6751 6750
f 6753 6752 8839
f 8839 6752 8840
f 8839 8840 8835
f 8835 8840 8836
f 6752 6751 8840
f 8840 6751 8841
f 8840 8841 8836
f 8836 8841 8837
f 8854 8842 8855
f 8855 8842 8843
f 8855 8843 8859
f 8859 8843 8844
f 8859 8844 6760
f 6760 8844 6761
f 8859 6760 8860
f 8860 6760 6759
f 8860 6759 8861
f 8861 6759 6758
f 8861 6758 8862
f 8862 6758 6757
f 8862 6757 8845
f 8845 6757 6756
f 8845 8846 8862
f 8862 8846 8858
f 8862 8858 8861
f 8861 8858 8857
f 8861 8857 8860
f 8860 8857 8856
f 8860 8856 8859
f 8859 8856 8855
f 8847 8850 8846
f 8846 8850 8851
f 8846 8851 8852
f 8848 8849 8847
f 8847 8849 8850
f 8846 8852 8858
f 8858 8852 8853
f 8858 8853 8857
f 8857 8853 8854
f 8857 8854 8856
f 8856 8854 8855
f 8783 8782 8863
f 8863 8782 8865
f 8865 8782 8781
f 8865 8781 8864
f 8864 8781 5768
f 8864 5768 7218
f 8799 8866 8800
f 8800 8866 8867
f 8800 8867 8801
f 8801 8867 8868
f 8801 8868 5779
f 5779 8868 7219
f 8820 8869 8821
f 8821 8869 8870
f 8821 8870 8822
f 8822 8870 8871
f 8822 8871 6755
f 6755 8871 7346
f 8847 8846 8874
f 8874 8846 8873
f 8873 8846 8845
f 8873 8845 8872
f 8872 8845 6756
f 8872 6756 7348
f 8863 8865 8877
f 8877 8865 8878
f 8877 8878 8876
f 8876 8878 8879
f 8876 8879 8880
f 8880 8879 8882
f 8880 8882 8883
f 8883 8882 7669
f 8883 7669 7668
f 8865 8864 8878
f 8878 8864 8881
f 8878 8881 8879
f 8879 8881 8882
f 8864 7218 8881
f 8881 7218 7670
f 8881 7670 8882
f 8882 7670 7669
f 7346 8871 7668
f 7668 8871 8883
f 8871 8870 8883
f 8883 8870 8880
f 8869 8875 8870
f 8870 8875 8880
f 8875 8876 8880
f 8874 8873 8886
f 8886 8873 8887
f 8886 8887 8885
f 8885 8887 8888
f 8885 8888 8889
f 8889 8888 8891
f 8889 8891 8892
f 8892 8891 7675
f 8892 7675 7674
f 8873 8872 8887
f 8887 8872 8890
f 8887 8890 8888
f 8888 8890 8891
f 8872 7348 8890
f 8890 7348 7676
f 8890 7676 8891
f 8891 7676 7675
f 7219 8868 7674
f 7674 8868 8892
f 8868 8867 8892
f 8892 8867 8889
f 8866 8884 8867
f 8867 8884 8889
f 8884 8885 8889
f 8893 8894 8901
f 8901 8894 8902
f 8901 8902 8900
f 8900 8902 8903
f 8900 8903 8904
f 8904 8903 8703
f 8904 8703 8702
f 8894 8895 8902
f 8902 8895 8705
f 8902 8705 8903
f 8903 8705 8704
f 8903 8704 8703
f 8707 8706 8895
f 8895 8706 8705
f 8696 8896 8702
f 8702 8896 8904
f 8896 8897 8904
f 8904 8897 8899
f 8904 8899 8900
f 8897 8898 8899
f 8894 8893 8911
f 8911 8893 8905
f 8911 8905 8906
f 8906 8907 8911
f 8911 8907 8908
f 8911 8908 8909
f 8909 8910 8911
f 8894 8911 8895
f 8895 8911 8912
f 8895 8912 8707
f 8707 8912 8725
f 8725 8912 8731
f 8731 8912 8732
f 8732 8912 8733
f 8733 8912 8734
f 8734 8912 8735
f 8921 8898 8914
f 8914 8898 8897
f 8914 8897 8913
f 8913 8897 8896
f 8913 8896 8684
f 8684 8896 8696
f 8684 8683 8913
f 8913 8683 8682
f 8913 8682 8681
f 8681 8680 8913
f 8913 8680 8679
f 8913 8679 8670
f 8915 8916 8914
f 8914 8916 8917
f 8914 8917 8918
f 8918 8919 8914
f 8914 8919 8920
f 8914 8920 8921
f 8910 8909 8926
f 8926 8909 8908
f 8926 8908 8930
f 8930 8908 8907
f 8930 8907 8929
f 8929 8907 8906
f 8929 8906 8928
f 8928 8906 8905
f 8928 8905 8922
f 8928 8922 8931
f 8931 8922 8923
f 8931 8923 8927
f 8927 8923 8799
f 8927 8799 8811
f 8811 8810 8927
f 8927 8810 8809
f 8927 8809 8808
f 8808 8807 8927
f 8927 8807 8934
f 8927 8934 8931
f 8931 8934 8932
f 8931 8932 8928
f 8928 8932 8929
f 8807 8806 8934
f 8934 8806 8935
f 8934 8935 8932
f 8932 8935 8933
f 8932 8933 8929
f 8929 8933 8930
f 8806 8805 8935
f 8935 8805 8924
f 8935 8924 8933
f 8933 8924 8925
f 8933 8925 8930
f 8930 8925 8926
f 8922 8905 8938
f 8938 8905 8893
f 8938 8893 8936
f 8938 8936 8939
f 8939 8936 8937
f 8939 8937 8940
f 8940 8937 8866
f 8940 8866 8799
f 8799 8923 8940
f 8940 8923 8939
f 8923 8922 8939
f 8939 8922 8938
f 8936 8893 8947
f 8947 8893 8901
f 8947 8901 8946
f 8946 8901 8900
f 8946 8900 8945
f 8945 8900 8944
f 8945 8944 8950
f 8950 8944 8949
f 8950 8949 8955
f 8955 8949 8954
f 8955 8954 8885
f 8885 8954 8886
f 8886 8954 8953
f 8886 8953 8874
f 8874 8953 8942
f 8942 8953 8948
f 8942 8948 8941
f 8941 8948 8943
f 8941 8943 8898
f 8898 8943 8899
f 8899 8943 8944
f 8899 8944 8900
f 8955 8885 8956
f 8956 8885 8884
f 8956 8884 8957
f 8957 8884 8866
f 8957 8866 8937
f 8957 8937 8952
f 8952 8937 8936
f 8952 8936 8947
f 8949 8944 8943
f 8952 8947 8946
f 8946 8945 8951
f 8951 8945 8950
f 8951 8950 8956
f 8956 8950 8955
f 8954 8949 8948
f 8948 8949 8943
f 8953 8954 8948
f 8957 8952 8951
f 8951 8952 8946
f 8957 8951 8956
f 8941 8898 8960
f 8960 8898 8921
f 8960 8921 8958
f 8960 8958 8961
f 8961 8958 8959
f 8961 8959 8962
f 8962 8959 8847
f 8962 8847 8874
f 8874 8942 8962
f 8962 8942 8961
f 8942 8941 8961
f 8961 8941 8960
f 8958 8921 8968
f 8968 8921 8920
f 8968 8920 8919
f 8968 8919 8967
f 8967 8919 8918
f 8967 8918 8917
f 8967 8917 8966
f 8966 8917 8916
f 8966 8916 8915
f 8915 8963 8966
f 8966 8963 8964
f 8966 8964 8969
f 8969 8964 8965
f 8969 8965 8972
f 8972 8965 8854
f 8972 8854 8853
f 8972 8853 8973
f 8973 8853 8852
f 8973 8852 8851
f 8851 8850 8973
f 8973 8850 8849
f 8973 8849 8974
f 8974 8849 8848
f 8974 8848 8847
f 8847 8959 8974
f 8974 8959 8971
f 8974 8971 8970
f 8970 8971 8967
f 8970 8967 8966
f 8959 8958 8971
f 8971 8958 8968
f 8971 8968 8967
f 8966 8969 8970
f 8970 8969 8973
f 8970 8973 8974
f 8972 8973 8969
f 8915 8975 8963
f 8963 8975 8985
f 8963 8985 8986
f 8986 8985 8980
f 8986 8980 8984
f 8984 8980 8981
f 8984 8981 8987
f 8987 8981 8982
f 8987 8982 8988
f 8988 8982 8983
f 8988 8983 8854
f 8854 8983 8842
f 8975 8976 8985
f 8985 8976 8977
f 8985 8977 8979
f 8979 8977 8978
f 8979 8980 8985
f 8854 8965 8988
f 8988 8965 8987
f 8965 8964 8987
f 8987 8964 8984
f 8964 8963 8984
f 8984 8963 8986
f 8978 8989 8979
f 8979 8989 8980
f 8980 8989 8990
f 8980 8990 8992
f 8992 8990 8991
f 8992 8993 8980
f 8980 8993 8981
f 8981 8993 8982
f 8982 8993 8994
f 8982 8994 8996
f 8996 8994 8995
f 8995 8994 8825
f 8842 8983 8996
f 8996 8983 8982
f 8991 8997 8992
f 8992 8997 9005
f 8992 9005 9006
f 9006 9005 9001
f 9006 9001 9004
f 9004 9001 9002
f 9004 9002 9007
f 9007 9002 9003
f 9007 9003 9008
f 9008 9003 8826
f 9008 8826 8825
f 8997 8998 9005
f 9005 8998 9001
f 8998 8999 9001
f 9001 8999 9000
f 8825 8994 9008
f 9008 8994 9007
f 8994 8993 9007
f 9007 8993 9004
f 8993 8992 9004
f 9004 8992 9006
f 9000 9009 9001
f 9001 9009 9020
f 9001 9020 9002
f 9002 9020 9023
f 9002 9023 9003
f 9003 9023 9025
f 9003 9025 8826
f 8826 9025 8827
f 8827 9025 9024
f 8827 9024 8828
f 8828 9024 9017
f 8828 9017 8829
f 8829 9017 8830
f 8830 9017 8831
f 8831 9017 9016
f 8831 9016 8832
f 8832 9016 8833
f 8833 9016 8820
f 9020 9009 9019
f 9019 9009 9010
f 9019 9010 9011
f 9019 9011 9018
f 9018 9011 9012
f 9018 9012 9013
f 9014 9015 9013
f 9013 9015 9018
f 9018 9015 9021
f 9021 9015 9016
f 9021 9016 9017
f 9023 9020 9019
f 9019 9018 9022
f 9022 9018 9021
f 9022 9021 9024
f 9024 9021 9017
f 9025 9023 9022
f 9022 9023 9019
f 9025 9022 9024
f 9015 9014 9029
f 9029 9014 9026
f 9029 9026 9027
f 9029 9027 9030
f 9030 9027 9028
f 9030 9028 9031
f 9031 9028 8869
f 9031 8869 8820
f 8820 9016 9031
f 9031 9016 9030
f 9016 9015 9030
f 9030 9015 9029
f 9027 9026 9044
f 9044 9026 9032
f 9044 9032 9033
f 9034 9042 9033
f 9033 9042 9043
f 9033 9043 9044
f 9044 9043 9049
f 9044 9049 9027
f 9027 9049 9028
f 9028 9049 9054
f 9028 9054 8869
f 8869 9054 8875
f 8875 9054 9053
f 8875 9053 8876
f 8876 9053 9052
f 8876 9052 9051
f 9051 9052 9046
f 9051 9046 9045
f 9045 9046 9040
f 9045 9040 9038
f 9038 9040 9037
f 9037 9040 9036
f 9036 9040 9035
f 9035 9040 9041
f 9035 9041 9034
f 9034 9041 9042
f 9038 9039 9045
f 9045 9039 9050
f 9045 9050 9051
f 9051 9050 8877
f 9051 8877 8876
f 9039 8863 9050
f 9050 8863 8877
f 9040 9046 9041
f 9041 9046 9047
f 9041 9047 9042
f 9042 9047 9048
f 9042 9048 9043
f 9043 9048 9049
f 9046 9052 9047
f 9047 9052 9053
f 9047 9053 9048
f 9048 9053 9054
f 9048 9054 9049
f 9038 9037 9058
f 9058 9037 9055
f 9058 9055 9056
f 9058 9056 9059
f 9059 9056 9057
f 9059 9057 9060
f 9060 9057 8783
f 9060 8783 8863
f 8863 9039 9060
f 9060 9039 9059
f 9039 9038 9059
f 9059 9038 9058
f 9056 9055 9071
f 9071 9055 9061
f 9071 9061 9062
f 9071 9062 9070
f 9070 9062 9063
f 9070 9063 9064
f 9065 9066 9064
f 9064 9066 9069
f 9064 9069 9070
f 9070 9069 9073
f 9070 9073 9074
f 9074 9073 9077
f 9074 9077 9057
f 9057 9077 8783
f 8783 9077 8784
f 8784 9077 8785
f 8785 9077 8786
f 8786 9077 9076
f 8786 9076 8787
f 8787 9076 8788
f 8788 9076 9075
f 8788 9075 8789
f 8789 9075 8790
f 8790 9075 9068
f 9068 9075 9072
f 9068 9072 9067
f 9067 9072 9069
f 9067 9069 9066
f 9057 9056 9074
f 9074 9056 9071
f 9074 9071 9070
f 9069 9072 9073
f 9073 9072 9076
f 9073 9076 9077
f 9075 9076 9072
f 9065 9078 9066
f 9066 9078 9088
f 9066 9088 9089
f 9089 9088 9083
f 9089 9083 9087
f 9087 9083 9084
f 9087 9084 9090
f 9090 9084 9085
f 9090 9085 9091
f 9091 9085 9086
f 9091 9086 8790
f 8790 9086 8778
f 9078 9079 9088
f 9088 9079 9080
f 9088 9080 9082
f 9082 9080 9081
f 9082 9083 9088
f 8790 9068 9091
f 9091 9068 9090
f 9068 9067 9090
f 9090 9067 9087
f 9067 9066 9087
f 9087 9066 9089
f 9081 9092 9082
f 9082 9092 9083
f 9083 9092 9095
f 9083 9095 9084
f 9084 9095 9096
f 9084 9096 9085
f 9085 9096 9097
f 9085 9097 9086
f 9086 9097 9098
f 9086 9098 9099
f 9092 9093 9095
f 9095 9093 9094
f 9097 8804 9098
f 9099 8778 9086
f 9094 9100 9095
f 9095 9100 9104
f 9095 9104 9105
f 9105 9104 8926
f 9105 8926 9103
f 9103 8926 8925
f 9103 8925 9106
f 9106 8925 8924
f 9106 8924 9107
f 9107 8924 8805
f 9107 8805 8804
f 9100 9101 9104
f 9104 9101 8926
f 9101 9102 8926
f 8926 9102 8910
f 8804 9097 9107
f 9107 9097 9106
f 9097 9096 9106
f 9106 9096 9103
f 9096 9095 9103
f 9103 9095 9105
f 9120 9108 9121
f 9121 9108 9109
f 9121 9109 9122
f 9122 9109 9110
f 9122 9110 5658
f 5658 9110 5659
f 9122 5658 9126
f 9126 5658 5657
f 9126 5657 9127
f 9127 5657 5656
f 9127 5656 9128
f 9128 5656 5655
f 9128 5655 9111
f 9111 5655 5654
f 9111 9112 9128
f 9128 9112 9125
f 9128 9125 9127
f 9127 9125 9124
f 9127 9124 9126
f 9126 9124 9123
f 9126 9123 9122
f 9122 9123 9121
f 9112 9113 9125
f 9125 9113 9117
f 9125 9117 9124
f 9124 9117 9119
f 9124 9119 9123
f 9123 9119 9120
f 9123 9120 9121
f 9114 9115 9113
f 9113 9115 9116
f 9113 9116 9117
f 9117 9118 9119
f 9130 9139 9129
f 9129 9139 9140
f 9129 9140 9141
f 9131 9146 9130
f 9130 9146 9142
f 9130 9142 9139
f 9139 9142 9138
f 9138 9142 9137
f 9137 9142 9136
f 9136 9142 9143
f 9136 9143 9144
f 9144 9143 9148
f 9144 9148 9149
f 9149 9148 5661
f 9149 5661 9132
f 9132 5661 5660
f 5665 5664 9131
f 9131 5664 9146
f 5664 5663 9146
f 9146 5663 9147
f 9146 9147 9142
f 9142 9147 9143
f 5663 5662 9147
f 9147 5662 9148
f 9147 9148 9143
f 5662 5661 9148
f 9132 9133 9149
f 9149 9133 9145
f 9149 9145 9144
f 9144 9145 9135
f 9144 9135 9136
f 9133 9134 9145
f 9145 9134 9135
f 9151 9160 9150
f 9150 9160 9161
f 9150 9161 9163
f 9163 9161 9162
f 9152 9168 9151
f 9151 9168 9164
f 9151 9164 9160
f 9160 9164 9158
f 9160 9158 9159
f 6641 6640 9152
f 9152 6640 9168
f 6640 6639 9168
f 9168 6639 9169
f 9168 9169 9164
f 9164 9169 9165
f 9164 9165 9158
f 9158 9165 9166
f 9158 9166 9157
f 9157 9166 9156
f 9156 9166 9167
f 9156 9167 9155
f 9155 9167 9154
f 9154 9167 9171
f 9154 9171 9153
f 9153 9171 6637
f 9153 6637 6636
f 6639 6638 9169
f 9169 6638 9170
f 9169 9170 9165
f 9165 9170 9166
f 6638 6637 9170
f 9170 6637 9171
f 9170 9171 9166
f 9166 9171 9167
f 9184 9172 9185
f 9185 9172 9173
f 9185 9173 9189
f 9189 9173 9174
f 9189 9174 6646
f 6646 9174 6647
f 9189 6646 9190
f 9190 6646 6645
f 9190 6645 9191
f 9191 6645 6644
f 9191 6644 9192
f 9192 6644 6643
f 9192 6643 9175
f 9175 6643 6642
f 9175 9176 9192
f 9192 9176 9188
f 9192 9188 9191
f 9191 9188 9187
f 9191 9187 9190
f 9190 9187 9186
f 9190 9186 9189
f 9189 9186 9185
f 9177 9180 9176
f 9176 9180 9181
f 9176 9181 9182
f 9178 9179 9177
f 9177 9179 9180
f 9176 9182 9188
f 9188 9182 9183
f 9188 9183 9187
f 9187 9183 9184
f 9187 9184 9186
f 9186 9184 9185
f 9113 9112 9193
f 9193 9112 9195
f 9195 9112 9111
f 9195 9111 9194
f 9194 9111 5654
f 9194 5654 7199
f 9129 9196 9130
f 9130 9196 9197
f 9130 9197 9131
f 9131 9197 9198
f 9131 9198 5665
f 5665 9198 7200
f 9150 9199 9151
f 9151 9199 9200
f 9151 9200 9152
f 9152 9200 9201
f 9152 9201 6641
f 6641 9201 7327
f 9177 9176 9204
f 9204 9176 9203
f 9203 9176 9175
f 9203 9175 9202
f 9202 9175 6642
f 9202 6642 7329
f 9193 9195 9207
f 9207 9195 9208
f 9207 9208 9206
f 9206 9208 9209
f 9206 9209 9210
f 9210 9209 9212
f 9210 9212 9213
f 9213 9212 7609
f 9213 7609 7608
f 9195 9194 9208
f 9208 9194 9211
f 9208 9211 9209
f 9209 9211 9212
f 9194 7199 9211
f 9211 7199 7610
f 9211 7610 9212
f 9212 7610 7609
f 7327 9201 7608
f 7608 9201 9213
f 9201 9200 9213
f 9213 9200 9210
f 9199 9205 9200
f 9200 9205 9210
f 9205 9206 9210
f 9204 9203 9216
f 9216 9203 9217
f 9216 9217 9215
f 9215 9217 9218
f 9215 9218 9219
f 9219 9218 9221
f 9219 9221 9222
f 9222 9221 7615
f 9222 7615 7614
f 9203 9202 9217
f 9217 9202 9220
f 9217 9220 9218
f 9218 9220 9221
f 9202 7329 9220
f 9220 7329 7616
f 9220 7616 9221
f 9221 7616 7615
f 7200 9198 7614
f 7614 9198 9222
f 9198 9197 9222
f 9222 9197 9219
f 9196 9214 9197
f 9197 9214 9219
f 9214 9215 9219
f 9223 9224 9231
f 9231 9224 9232
f 9231 9232 9230
f 9230 9232 9233
f 9230 9233 9234
f 9234 9233 9033
f 9234 9033 9032
f 9224 9225 9232
f 9232 9225 9035
f 9232 9035 9233
f 9233 9035 9034
f 9233 9034 9033
f 9037 9036 9225
f 9225 9036 9035
f 9026 9226 9032
f 9032 9226 9234
f 9226 9227 9234
f 9234 9227 9229
f 9234 9229 9230
f 9227 9228 9229
f 8441 9260 8426
f 8426 9260 9267
f 8426 9267 8427
f 8427 9267 8428
f 8428 9267 8429
f 8429 9267 8235
f 8235 9267 8236
f 8236 9267 9348
f 8236 9348 8237
f 8237 9348 9344
f 8237 9344 8071
f 8071 9344 8084
f 8084 9344 8085
f 8085 9344 9340
f 8085 9340 8086
f 8086 9340 8087
f 8087 9340 8098
f 8098 9340 8099
f 8099 9340 8100
f 8100 9340 9336
f 8100 9336 8106
f 8106 9336 8107
f 8107 9336 8108
f 8108 9336 7906
f 7906 9336 9255
f 9255 9336 9332
f 9255 9332 9254
f 9254 9332 9328
f 9254 9328 9253
f 9253 9328 9324
f 9253 9324 9252
f 9252 9324 9251
f 9251 9324 9250
f 9250 9324 9249
f 9249 9324 9320
f 9249 9320 9248
f 9248 9320 9247
f 9247 9320 9316
f 9247 9316 9246
f 9246 9316 9312
f 9246 9312 9245
f 9245 9312 9244
f 9244 9312 9243
f 9243 9312 9308
f 9243 9308 9242
f 9242 9308 9241
f 9241 9308 9240
f 9240 9308 9239
f 9239 9308 9238
f 9238 9308 9304
f 9238 9304 9237
f 9237 9304 9236
f 9236 9304 9256
f 9236 9256 9235
f 9235 9256 9300
f 9235 9300 9065
f 9065 9300 9078
f 9078 9300 9079
f 9079 9300 9296
f 9079 9296 9080
f 9080 9296 9081
f 9081 9296 9092
f 9092 9296 9093
f 9093 9296 9094
f 9094 9296 9292
f 9094 9292 9100
f 9100 9292 9101
f 9101 9292 9102
f 9102 9292 8910
f 8910 9292 8911
f 8911 9292 9288
f 8911 9288 8912
f 8912 9288 9284
f 8912 9284 8735
f 8735 9284 8748
f 8748 9284 8749
f 8749 9284 9280
f 8749 9280 8750
f 8750 9280 8751
f 8751 9280 8762
f 8762 9280 8763
f 8763 9280 8764
f 8764 9280 9276
f 8764 9276 8770
f 8770 9276 8771
f 8771 9276 8772
f 8772 9276 8569
f 8569 9276 8570
f 8570 9276 9272
f 8570 9272 8571
f 8571 9272 9268
f 8571 9268 8399
f 8399 9268 8412
f 8412 9268 8413
f 8413 9268 9260
f 8413 9260 8414
f 8414 9260 8415
f 8415 9260 8440
f 8440 9260 8441
f 4178 9264 4155
f 4155 9264 9263
f 4155 9263 4156
f 4156 9263 9271
f 4156 9271 4157
f 4157 9271 9275
f 4157 9275 4158
f 4158 9275 9279
f 4158 9279 4159
f 4159 9279 9283
f 4159 9283 4160
f 4160 9283 9287
f 4160 9287 4161
f 4161 9287 9291
f 4161 9291 4162
f 4162 9291 9295
f 4162 9295 4163
f 4163 9295 9299
f 4163 9299 4164
f 4164 9299 9303
f 4164 9303 4165
f 4165 9303 9259
f 4165 9259 4166
f 4166 9259 9307
f 4166 9307 4167
f 4167 9307 9311
f 4167 9311 4168
f 4168 9311 9315
f 4168 9315 4169
f 4169 9315 9319
f 4169 9319 4170
f 4170 9319 9323
f 4170 9323 4171
f 4171 9323 9327
f 4171 9327 4172
f 4172 9327 9331
f 4172 9331 4173
f 4173 9331 9335
f 4173 9335 4174
f 4174 9335 9339
f 4174 9339 4175
f 4175 9339 9343
f 4175 9343 4176
f 4176 9343 9347
f 4176 9347 4177
f 4177 9347 9351
f 4177 9351 4178
f 4178 9351 9264
f 9256 9257 9300
f 9300 9257 9301
f 9300 9301 9296
f 9296 9301 9297
f 9296 9297 9292
f 9292 9297 9293
f 9292 9293 9288
f 9288 9293 9289
f 9288 9289 9284
f 9284 9289 9285
f 9284 9285 9280
f 9280 9285 9281
f 9280 9281 9276
f 9276 9281 9277
f 9276 9277 9272
f 9272 9277 9273
f 9272 9273 9268
f 9268 9273 9269
f 9268 9269 9260
f 9260 9269 9261
f 9260 9261 9267
f 9267 9261 9266
f 9267 9266 9348
f 9348 9266 9349
f 9348 9349 9344
f 9344 9349 9345
f 9344 9345 9340
f 9340 9345 9341
f 9340 9341 9336
f 9336 9341 9337
f 9336 9337 9332
f 9332 9337 9333
f 9332 9333 9328
f 9328 9333 9329
f 9328 9329 9324
f 9324 9329 9325
f 9324 9325 9320
f 9320 9325 9321
f 9320 9321 9316
f 9316 9321 9317
f 9316 9317 9312
f 9312 9317 9313
f 9312 9313 9308
f 9308 9313 9309
f 9308 9309 9304
f 9304 9309 9305
f 9304 9305 9256
f 9256 9305 9257
f 9257 9258 9301
f 9301 9258 9302
f 9301 9302 9297
f 9297 9302 9298
f 9297 9298 9293
f 9293 9298 9294
f 9293 9294 9289
f 9289 9294 9290
f 9289 9290 9285
f 9285 9290 9286
f 9285 9286 9281
f 9281 9286 9282
f 9281 9282 9277
f 9277 9282 9278
f 9277 9278 9273
f 9273 9278 9274
f 9273 9274 9269
f 9269 9274 9270
f 9269 9270 9261
f 9261 9270 9262
f 9261 9262 9266
f 9266 9262 9265
f 9266 9265 9349
f 9349 9265 9350
f 9349 9350 9345
f 9345 9350 9346
f 9345 9346 9341
f 9341 9346 9342
f 9341 9342 9337
f 9337 9342 9338
f 9337 9338 9333
f 9333 9338 9334
f 9333 9334 9329
f 9329 9334 9330
f 9329 9330 9325
f 9325 9330 9326
f 9325 9326 9321
f 9321 9326 9322
f 9321 9322 9317
f 9317 9322 9318
f 9317 9318 9313
f 9313 9318 9314
f 9313 9314 9309
f 9309 9314 9310
f 9309 9310 9305
f 9305 9310 9306
f 9305 9306 9257
f 9257 9306 9258
f 9258 9259 9302
f 9302 9259 9303
f 9302 9303 9298
f 9298 9303 9299
f 9298 9299 9294
f 9294 9299 9295
f 9294 9295 9290
f 9290 9295 9291
f 9290 9291 9286
f 9286 9291 9287
f 9286 9287 9282
f 9282 9287 9283
f 9282 9283 9278
f 9278 9283 9279
f 9278 9279 9274
f 9274 9279 9275
f 9274 9275 9270
f 9270 9275 9271
f 9270 9271 9262
f 9262 9271 9263
f 9262 9263 9265
f 9265 9263 9264
f 9265 9264 9350
f 9350 9264 9351
f 9350 9351 9346
f 9346 9351 9347
f 9346 9347 9342
f 9342 9347 9343
f 9342 9343 9338
f 9338 9343 9339
f 9338 9339 9334
f 9334 9339 9335
f 9334 9335 9330
f 9330 9335 9331
f 9330 9331 9326
f 9326 9331 9327
f 9326 9327 9322
f 9322 9327 9323
f 9322 9323 9318
f 9318 9323 9319
f 9318 9319 9314
f 9314 9319 9315
f 9314 9315 9310
f 9310 9315 9311
f 9310 9311 9306
f 9306 9311 9307
f 9306 9307 9258
f 9258 9307 9259
f 9223 9352 9224
f 9224 9352 9236
f 9224 9236 9225
f 9225 9236 9235
f 9225 9235 9037
f 9037 9235 9055
f 9055 9235 9061
f 9061 9235 9062
f 9062 9235 9063
f 9063 9235 9064
f 9064 9235 9065
f 9352 9353 9236
f 9236 9353 9354
f 9236 9354 9355
f 9355 9356 9236
f 9236 9356 9237
f 9365 9228 9358
f 9358 9228 9227
f 9358 9227 9357
f 9357 9227 9226
f 9357 9226 9014
f 9014 9226 9026
f 9014 9013 9357
f 9357 9013 9012
f 9357 9012 9011
f 9011 9010 9357
f 9357 9010 9009
f 9357 9009 9000
f 9359 9360 9358
f 9358 9360 9361
f 9358 9361 9362
f 9362 9363 9358
f 9358 9363 9364
f 9358 9364 9365
f 9383 9366 9412
f 9412 9366 9367
f 9412 9367 9368
f 9368 9369 9412
f 9412 9369 9420
f 9412 9420 9421
f 9421 9420 9409
f 9421 9409 9410
f 9410 9409 9426
f 9410 9426 9427
f 9427 9426 9431
f 9427 9431 9405
f 9405 9431 9404
f 9404 9431 9435
f 9404 9435 9403
f 9403 9435 9439
f 9403 9439 9402
f 9402 9439 9443
f 9402 9443 9401
f 9401 9443 9447
f 9401 9447 9400
f 9400 9447 9451
f 9400 9451 9399
f 9399 9451 9455
f 9399 9455 9398
f 9398 9455 9459
f 9398 9459 9397
f 9397 9459 9463
f 9397 9463 9396
f 9396 9463 9467
f 9396 9467 9395
f 9395 9467 9471
f 9395 9471 9394
f 9394 9471 9475
f 9394 9475 9393
f 9393 9475 9479
f 9393 9479 9392
f 9392 9479 9483
f 9392 9483 9391
f 9391 9483 9487
f 9391 9487 9390
f 9390 9487 9491
f 9390 9491 9389
f 9389 9491 9495
f 9389 9495 9388
f 9388 9495 9499
f 9388 9499 9387
f 9387 9499 9503
f 9387 9503 9386
f 9386 9503 9416
f 9386 9416 9385
f 9385 9416 9415
f 9385 9415 9384
f 9384 9415 9423
f 9384 9423 9407
f 9407 9423 9411
f 9407 9411 9406
f 9406 9411 9427
f 9406 9427 9405
f 9369 9359 9420
f 9420 9359 9358
f 9420 9358 9408
f 9408 9358 9357
f 9408 9357 9424
f 9424 9357 8999
f 9424 8999 8998
f 9357 9000 8999
f 9424 8998 9428
f 9428 8998 8997
f 9428 8997 8991
f 8991 8990 9428
f 9428 8990 8989
f 9428 8989 8978
f 9428 8978 9432
f 9432 8978 8977
f 9432 8977 8976
f 8976 8975 9432
f 9432 8975 8915
f 9432 8915 8914
f 9432 8914 9436
f 9436 8914 8913
f 9436 8913 9440
f 9440 8913 8669
f 9440 8669 8668
f 8913 8670 8669
f 9440 8668 9444
f 9444 8668 8667
f 9444 8667 8661
f 8661 8660 9444
f 9444 8660 8659
f 9444 8659 8648
f 9444 8648 9448
f 9448 8648 8647
f 9448 8647 8646
f 8646 8645 9448
f 9448 8645 8585
f 9448 8585 8584
f 9448 8584 9452
f 9452 8584 8583
f 9452 8583 9456
f 9456 8583 8328
f 9456 8328 8327
f 8583 8329 8328
f 9456 8327 9460
f 9460 8327 8326
f 9460 8326 8325
f 8325 8445 9460
f 9460 8445 8444
f 9460 8444 8314
f 9460 8314 9464
f 9464 8314 8313
f 9464 8313 8312
f 8312 8311 9464
f 9464 8311 8251
f 9464 8251 8250
f 9464 8250 9468
f 9468 8250 8249
f 9468 8249 9472
f 9472 8249 8005
f 9472 8005 8004
f 8249 8006 8005
f 9472 8004 9476
f 9476 8004 8003
f 9476 8003 7997
f 7997 7996 9476
f 9476 7996 7995
f 9476 7995 7984
f 9476 7984 9480
f 9480 7984 7983
f 9480 7983 7982
f 7982 7981 9480
f 9480 7981 7968
f 9480 7968 9370
f 9480 9370 9484
f 9484 9370 9371
f 9484 9371 9488
f 9488 9371 9372
f 9488 9372 9492
f 9492 9372 9373
f 9492 9373 9374
f 9374 9375 9492
f 9492 9375 9376
f 9492 9376 9496
f 9496 9376 9377
f 9496 9377 9378
f 9496 9378 9500
f 9500 9378 9379
f 9500 9379 9419
f 9419 9379 9381
f 9419 9381 9382
f 9379 9380 9381
f 9419 9382 9412
f 9412 9382 9383
f 9420 9408 9409
f 9409 9408 9425
f 9409 9425 9426
f 9426 9425 9430
f 9426 9430 9431
f 9431 9430 9435
f 9410 9411 9422
f 9422 9411 9423
f 9422 9423 9414
f 9414 9423 9415
f 9414 9415 9417
f 9417 9415 9416
f 9417 9416 9502
f 9502 9416 9503
f 9502 9503 9498
f 9498 9503 9499
f 9498 9499 9494
f 9494 9499 9495
f 9494 9495 9490
f 9490 9495 9491
f 9490 9491 9486
f 9486 9491 9487
f 9486 9487 9482
f 9482 9487 9483
f 9482 9483 9478
f 9478 9483 9479
f 9478 9479 9474
f 9474 9479 9475
f 9474 9475 9470
f 9470 9475 9471
f 9470 9471 9466
f 9466 9471 9467
f 9466 9467 9462
f 9462 9467 9463
f 9462 9463 9458
f 9458 9463 9459
f 9458 9459 9454
f 9454 9459 9455
f 9454 9455 9450
f 9450 9455 9451
f 9450 9451 9446
f 9446 9451 9447
f 9446 9447 9442
f 9442 9447 9443
f 9442 9443 9438
f 9438 9443 9439
f 9438 9439 9434
f 9434 9439 9435
f 9434 9435 9430
f 9411 9410 9427
f 9412 9413 9419
f 9419 9413 9418
f 9419 9418 9500
f 9500 9418 9501
f 9500 9501 9496
f 9496 9501 9497
f 9496 9497 9492
f 9492 9497 9493
f 9492 9493 9488
f 9488 9493 9489
f 9488 9489 9484
f 9484 9489 9485
f 9484 9485 9480
f 9480 9485 9481
f 9480 9481 9476
f 9476 9481 9477
f 9476 9477 9472
f 9472 9477 9473
f 9472 9473 9468
f 9468 9473 9469
f 9468 9469 9464
f 9464 9469 9465
f 9464 9465 9460
f 9460 9465 9461
f 9460 9461 9456
f 9456 9461 9457
f 9456 9457 9452
f 9452 9457 9453
f 9452 9453 9448
f 9448 9453 9449
f 9448 9449 9444
f 9444 9449 9445
f 9444 9445 9440
f 9440 9445 9441
f 9440 9441 9436
f 9436 9441 9437
f 9436 9437 9432
f 9432 9437 9433
f 9432 9433 9428
f 9428 9433 9429
f 9428 9429 9424
f 9424 9429 9425
f 9424 9425 9408
f 9413 9414 9418
f 9418 9414 9417
f 9418 9417 9501
f 9501 9417 9502
f 9501 9502 9497
f 9497 9502 9498
f 9497 9498 9493
f 9493 9498 9494
f 9493 9494 9489
f 9489 9494 9490
f 9489 9490 9485
f 9485 9490 9486
f 9485 9486 9481
f 9481 9486 9482
f 9481 9482 9477
f 9477 9482 9478
f 9477 9478 9473
f 9473 9478 9474
f 9473 9474 9469
f 9469 9474 9470
f 9469 9470 9465
f 9465 9470 9466
f 9465 9466 9461
f 9461 9466 9462
f 9461 9462 9457
f 9457 9462 9458
f 9457 9458 9453
f 9453 9458 9454
f 9453 9454 9449
f 9449 9454 9450
f 9449 9450 9445
f 9445 9450 9446
f 9445 9446 9441
f 9441 9446 9442
f 9441 9442 9437
f 9437 9442 9438
f 9437 9438 9433
f 9433 9438 9434
f 9433 9434 9429
f 9429 9434 9430
f 9429 9430 9425
f 9412 9421 9413
f 9413 9421 9422
f 9413 9422 9414
f 9410 9422 9421
f 9508 9237 9512
f 9512 9237 9356
f 9512 9356 9355
f 9355 9354 9512
f 9512 9354 9511
f 9512 9511 9515
f 9515 9511 9514
f 9515 9514 9517
f 9517 9514 9516
f 9517 9516 9136
f 9136 9516 9137
f 9137 9516 9509
f 9137 9509 9138
f 9138 9509 9139
f 9139 9509 9140
f 9140 9509 9141
f 9141 9509 9129
f 9129 9509 9505
f 9505 9509 9513
f 9505 9513 9504
f 9504 9513 9510
f 9504 9510 9352
f 9352 9510 9353
f 9353 9510 9511
f 9353 9511 9354
f 9136 9135 9517
f 9517 9135 9506
f 9517 9506 9515
f 9515 9506 9507
f 9515 9507 9512
f 9512 9507 9508
f 9514 9511 9510
f 9516 9514 9513
f 9513 9514 9510
f 9509 9516 9513
f 9504 9352 9520
f 9520 9352 9223
f 9520 9223 9518
f 9520 9518 9521
f 9521 9518 9519
f 9521 9519 9522
f 9522 9519 9196
f 9522 9196 9129
f 9129 9505 9522
f 9522 9505 9521
f 9505 9504 9521
f 9521 9504 9520
f 9518 9223 9529
f 9529 9223 9231
f 9529 9231 9528
f 9528 9231 9230
f 9528 9230 9527
f 9527 9230 9526
f 9527 9526 9532
f 9532 9526 9531
f 9532 9531 9537
f 9537 9531 9536
f 9537 9536 9215
f 9215 9536 9216
f 9216 9536 9535
f 9216 9535 9204
f 9204 9535 9524
f 9524 9535 9530
f 9524 9530 9523
f 9523 9530 9525
f 9523 9525 9228
f 9228 9525 9229
f 9229 9525 9526
f 9229 9526 9230
f 9537 9215 9538
f 9538 9215 9214
f 9538 9214 9539
f 9539 9214 9196
f 9539 9196 9519
f 9539 9519 9534
f 9534 9519 9518
f 9534 9518 9529
f 9531 9526 9525
f 9534 9529 9528
f 9528 9527 9533
f 9533 9527 9532
f 9533 9532 9538
f 9538 9532 9537
f 9536 9531 9530
f 9530 9531 9525
f 9535 9536 9530
f 9539 9534 9533
f 9533 9534 9528
f 9539 9533 9538
f 9523 9228 9542
f 9542 9228 9365
f 9542 9365 9540
f 9542 9540 9543
f 9543 9540 9541
f 9543 9541 9544
f 9544 9541 9177
f 9544 9177 9204
f 9204 9524 9544
f 9544 9524 9543
f 9524 9523 9543
f 9543 9523 9542
f 9540 9365 9550
f 9550 9365 9364
f 9550 9364 9363
f 9550 9363 9549
f 9549 9363 9362
f 9549 9362 9361
f 9549 9361 9548
f 9548 9361 9360
f 9548 9360 9359
f 9359 9545 9548
f 9548 9545 9546
f 9548 9546 9551
f 9551 9546 9547
f 9551 9547 9554
f 9554 9547 9184
f 9554 9184 9183
f 9554 9183 9555
f 9555 9183 9182
f 9555 9182 9181
f 9181 9180 9555
f 9555 9180 9179
f 9555 9179 9556
f 9556 9179 9178
f 9556 9178 9177
f 9177 9541 9556
f 9556 9541 9553
f 9556 9553 9552
f 9552 9553 9549
f 9552 9549 9548
f 9541 9540 9553
f 9553 9540 9550
f 9553 9550 9549
f 9548 9551 9552
f 9552 9551 9555
f 9552 9555 9556
f 9554 9555 9551
f 9545 9359 9563
f 9563 9359 9369
f 9563 9369 9557
f 9557 9558 9563
f 9563 9558 9564
f 9563 9564 9545
f 9545 9564 9562
f 9545 9562 9546
f 9546 9562 9565
f 9546 9565 9547
f 9547 9565 9566
f 9547 9566 9184
f 9184 9566 9561
f 9184 9561 9172
f 9564 9558 9562
f 9562 9558 9559
f 9562 9559 9565
f 9565 9559 9560
f 9565 9560 9566
f 9566 9560 9561
f 9366 9383 9574
f 9574 9383 9382
f 9574 9382 9576
f 9576 9382 9567
f 9576 9567 9577
f 9577 9567 9575
f 9577 9575 9573
f 9573 9575 9572
f 9572 9575 9578
f 9572 9578 9571
f 9571 9578 9579
f 9571 9579 9570
f 9570 9579 9155
f 9155 9579 9156
f 9156 9579 9569
f 9569 9579 9578
f 9569 9578 9568
f 9568 9578 9575
f 9568 9575 9567
f 9382 9381 9567
f 9567 9381 9380
f 9577 9573 9576
f 9576 9573 9574
f 9380 9580 9567
f 9567 9580 9591
f 9567 9591 9568
f 9568 9591 9594
f 9568 9594 9569
f 9569 9594 9596
f 9569 9596 9156
f 9156 9596 9157
f 9157 9596 9595
f 9157 9595 9158
f 9158 9595 9588
f 9158 9588 9159
f 9159 9588 9160
f 9160 9588 9161
f 9161 9588 9587
f 9161 9587 9162
f 9162 9587 9163
f 9163 9587 9150
f 9591 9580 9590
f 9590 9580 9581
f 9590 9581 9582
f 9590 9582 9589
f 9589 9582 9583
f 9589 9583 9584
f 9585 9586 9584
f 9584 9586 9589
f 9589 9586 9592
f 9592 9586 9587
f 9592 9587 9588
f 9594 9591 9590
f 9590 9589 9593
f 9593 9589 9592
f 9593 9592 9595
f 9595 9592 9588
f 9596 9594 9593
f 9593 9594 9590
f 9596 9593 9595
f 9586 9585 9600
f 9600 9585 9597
f 9600 9597 9598
f 9600 9598 9601
f 9601 9598 9599
f 9601 9599 9602
f 9602 9599 9199
f 9602 9199 9150
f 9150 9587 9602
f 9602 9587 9601
f 9587 9586 9601
f 9601 9586 9600
f 9598 9597 9615
f 9615 9597 9603
f 9615 9603 9604
f 9605 9613 9604
f 9604 9613 9614
f 9604 9614 9615
f 9615 9614 9620
f 9615 9620 9598
f 9598 9620 9599
f 9599 9620 9625
f 9599 9625 9199
f 9199 9625 9205
f 9205 9625 9624
f 9205 9624 9206
f 9206 9624 9623
f 9206 9623 9622
f 9622 9623 9617
f 9622 9617 9616
f 9616 9617 9611
f 9616 9611 9609
f 9609 9611 9608
f 9608 9611 9607
f 9607 9611 9606
f 9606 9611 9612
f 9606 9612 9605
f 9605 9612 9613
f 9609 9610 9616
f 9616 9610 9621
f 9616 9621 9622
f 9622 9621 9207
f 9622 9207 9206
f 9610 9193 9621
f 9621 9193 9207
f 9611 9617 9612
f 9612 9617 9618
f 9612 9618 9613
f 9613 9618 9619
f 9613 9619 9614
f 9614 9619 9620
f 9617 9623 9618
f 9618 9623 9624
f 9618 9624 9619
f 9619 9624 9625
f 9619 9625 9620
f 9609 9608 9629
f 9629 9608 9626
f 9629 9626 9627
f 9629 9627 9630
f 9630 9627 9628
f 9630 9628 9631
f 9631 9628 9113
f 9631 9113 9193
f 9193 9610 9631
f 9631 9610 9630
f 9610 9609 9630
f 9630 9609 9629
f 9627 9626 9641
f 9641 9626 9632
f 9641 9632 9633
f 9641 9633 9640
f 9640 9633 9634
f 9640 9634 9635
f 9245 9636 9635
f 9635 9636 9639
f 9635 9639 9640
f 9640 9639 9643
f 9640 9643 9644
f 9644 9643 9647
f 9644 9647 9628
f 9628 9647 9113
f 9113 9647 9114
f 9114 9647 9115
f 9115 9647 9116
f 9116 9647 9646
f 9116 9646 9117
f 9117 9646 9118
f 9118 9646 9645
f 9118 9645 9119
f 9119 9645 9120
f 9120 9645 9638
f 9638 9645 9642
f 9638 9642 9637
f 9637 9642 9639
f 9637 9639 9636
f 9628 9627 9644
f 9644 9627 9641
f 9644 9641 9640
f 9639 9642 9643
f 9643 9642 9646
f 9643 9646 9647
f 9645 9646 9642
f 9245 9244 9636
f 9636 9244 9654
f 9636 9654 9655
f 9655 9654 9649
f 9655 9649 9653
f 9653 9649 9650
f 9653 9650 9656
f 9656 9650 9651
f 9656 9651 9657
f 9657 9651 9652
f 9657 9652 9120
f 9120 9652 9108
f 9244 9243 9654
f 9654 9243 9242
f 9654 9242 9648
f 9648 9242 9241
f 9648 9649 9654
f 9120 9638 9657
f 9657 9638 9656
f 9638 9637 9656
f 9656 9637 9653
f 9637 9636 9653
f 9653 9636 9655
f 9662 9238 9664
f 9664 9238 9237
f 9664 9237 9508
f 9507 9663 9508
f 9508 9663 9665
f 9508 9665 9664
f 9664 9665 9661
f 9664 9661 9662
f 9663 9507 9666
f 9666 9507 9506
f 9666 9506 9667
f 9667 9506 9135
f 9667 9135 9134
f 9134 9658 9667
f 9667 9658 9659
f 9667 9659 9666
f 9666 9659 9660
f 9666 9660 9663
f 9663 9660 9661
f 9663 9661 9665
f 9241 9240 9648
f 9648 9240 9649
f 9649 9240 9239
f 9649 9239 9661
f 9661 9239 9662
f 9662 9239 9238
f 9649 9661 9650
f 9650 9661 9660
f 9650 9660 9651
f 9651 9660 9659
f 9651 9659 9652
f 9652 9659 9658
f 9652 9658 9668
f 9668 9658 9134
f 9668 9669 9652
f 9652 9669 9108
f 9369 9368 9557
f 9557 9368 9558
f 9558 9368 9573
f 9558 9573 9559
f 9559 9573 9572
f 9559 9572 9560
f 9560 9572 9571
f 9560 9571 9561
f 9561 9571 9570
f 9561 9570 9670
f 9670 9570 9155
f 9368 9367 9573
f 9573 9367 9574
f 9574 9367 9366
f 9670 9671 9561
f 9561 9671 9172
f 9684 9672 9685
f 9685 9672 9673
f 9685 9673 9686
f 9686 9673 9674
f 9686 9674 5544
f 5544 9674 5545
f 9686 5544 9690
f 9690 5544 5543
f 9690 5543 9691
f 9691 5543 5542
f 9691 5542 9692
f 9692 5542 5541
f 9692 5541 9675
f 9675 5541 5540
f 9675 9676 9692
f 9692 9676 9689
f 9692 9689 9691
f 9691 9689 9688
f 9691 9688 9690
f 9690 9688 9687
f 9690 9687 9686
f 9686 9687 9685
f 9676 9677 9689
f 9689 9677 9681
f 9689 9681 9688
f 9688 9681 9683
f 9688 9683 9687
f 9687 9683 9684
f 9687 9684 9685
f 9678 9679 9677
f 9677 9679 9680
f 9677 9680 9681
f 9681 9682 9683
f 9694 9703 9693
f 9693 9703 9704
f 9693 9704 9705
f 9695 9710 9694
f 9694 9710 9706
f 9694 9706 9703
f 9703 9706 9702
f 9702 9706 9701
f 9701 9706 9700
f 9700 9706 9707
f 9700 9707 9708
f 9708 9707 9712
f 9708 9712 9713
f 9713 9712 5547
f 9713 5547 9696
f 9696 5547 5546
f 5551 5550 9695
f 9695 5550 9710
f 5550 5549 9710
f 9710 5549 9711
f 9710 9711 9706
f 9706 9711 9707
f 5549 5548 9711
f 9711 5548 9712
f 9711 9712 9707
f 5548 5547 9712
f 9696 9697 9713
f 9713 9697 9709
f 9713 9709 9708
f 9708 9709 9699
f 9708 9699 9700
f 9697 9698 9709
f 9709 9698 9699
f 9715 9728 9714
f 9714 9728 9724
f 9714 9724 9725
f 9728 9715 9732
f 9732 9715 9716
f 9732 9716 6526
f 6526 9716 6527
f 6526 6525 9732
f 9732 6525 9733
f 9732 9733 9728
f 9728 9733 9729
f 9728 9729 9722
f 9722 9729 9730
f 9722 9730 9721
f 9721 9730 9720
f 9720 9730 9731
f 9720 9731 9719
f 9719 9731 9718
f 9718 9731 9735
f 9718 9735 9717
f 9717 9735 6523
f 9717 6523 6522
f 6525 6524 9733
f 9733 6524 9734
f 9733 9734 9729
f 9729 9734 9730
f 6524 6523 9734
f 9734 6523 9735
f 9734 9735 9730
f 9730 9735 9731
f 9723 9724 9722
f 9722 9724 9728
f 9725 9726 9714
f 9714 9726 9727
f 9748 9736 9749
f 9749 9736 9737
f 9749 9737 9753
f 9753 9737 9738
f 9753 9738 6532
f 6532 9738 6533
f 9753 6532 9754
f 9754 6532 6531
f 9754 6531 9755
f 9755 6531 6530
f 9755 6530 9756
f 9756 6530 6529
f 9756 6529 9739
f 9739 6529 6528
f 9739 9740 9756
f 9756 9740 9752
f 9756 9752 9755
f 9755 9752 9751
f 9755 9751 9754
f 9754 9751 9750
f 9754 9750 9753
f 9753 9750 9749
f 9741 9744 9740
f 9740 9744 9745
f 9740 9745 9752
f 9752 9745 9746
f 9752 9746 9747
f 9742 9743 9741
f 9741 9743 9744
f 9752 9747 9751
f 9751 9747 9748
f 9751 9748 9750
f 9750 9748 9749
f 9677 9676 9757
f 9757 9676 9759
f 9759 9676 9675
f 9759 9675 9758
f 9758 9675 5540
f 9758 5540 7180
f 9693 9760 9694
f 9694 9760 9761
f 9694 9761 9695
f 9695 9761 9762
f 9695 9762 5551
f 5551 9762 7181
f 9714 9763 9715
f 9715 9763 9764
f 9715 9764 9716
f 9716 9764 9765
f 9716 9765 6527
f 6527 9765 7308
f 9741 9740 9768
f 9768 9740 9767
f 9767 9740 9739
f 9767 9739 9766
f 9766 9739 6528
f 9766 6528 7310
f 9757 9759 9771
f 9771 9759 9772
f 9771 9772 9770
f 9770 9772 9773
f 9770 9773 9774
f 9774 9773 9776
f 9774 9776 9777
f 9777 9776 7549
f 9777 7549 7548
f 9759 9758 9772
f 9772 9758 9775
f 9772 9775 9773
f 9773 9775 9776
f 9758 7180 9775
f 9775 7180 7550
f 9775 7550 9776
f 9776 7550 7549
f 7308 9765 7548
f 7548 9765 9777
f 9765 9764 9777
f 9777 9764 9774
f 9763 9769 9764
f 9764 9769 9774
f 9769 9770 9774
f 9768 9767 9780
f 9780 9767 9781
f 9780 9781 9779
f 9779 9781 9782
f 9779 9782 9783
f 9783 9782 9785
f 9783 9785 9786
f 9786 9785 7555
f 9786 7555 7554
f 9767 9766 9781
f 9781 9766 9784
f 9781 9784 9782
f 9782 9784 9785
f 9766 7310 9784
f 9784 7310 7556
f 9784 7556 9785
f 9785 7556 7555
f 7181 9762 7554
f 7554 9762 9786
f 9762 9761 9786
f 9786 9761 9783
f 9760 9778 9761
f 9761 9778 9783
f 9778 9779 9783
f 9787 9788 9795
f 9795 9788 9796
f 9795 9796 9794
f 9794 9796 9797
f 9794 9797 9798
f 9798 9797 7934
f 9798 7934 7933
f 9788 9789 9796
f 9796 9789 7936
f 9796 7936 9797
f 9797 7936 7935
f 9797 7935 7934
f 7938 7937 9789
f 9789 7937 7936
f 7927 9790 7933
f 7933 9790 9798
f 9790 9791 9798
f 9798 9791 9793
f 9798 9793 9794
f 9791 9792 9793
f 9799 9800 9807
f 9807 9800 9808
f 9807 9808 9806
f 9806 9808 9809
f 9806 9809 9810
f 9810 9809 9604
f 9810 9604 9603
f 9800 9801 9808
f 9808 9801 9606
f 9808 9606 9809
f 9809 9606 9605
f 9809 9605 9604
f 9608 9607 9801
f 9801 9607 9606
f 9597 9802 9603
f 9603 9802 9810
f 9802 9803 9810
f 9810 9803 9805
f 9810 9805 9806
f 9803 9804 9805
f 9253 9811 9254
f 9254 9811 9812
f 9254 9812 9813
f 9813 9814 9254
f 9254 9814 9815
f 9254 9815 9792
f 9792 9791 9254
f 9254 9791 9255
f 9255 9791 9790
f 9255 9790 7927
f 7927 7912 9255
f 9255 7912 7911
f 9255 7911 7910
f 7910 7909 9255
f 9255 7909 7908
f 9255 7908 7907
f 7907 7906 9255
f 9799 9816 9800
f 9800 9816 9247
f 9800 9247 9801
f 9801 9247 9246
f 9801 9246 9608
f 9608 9246 9626
f 9626 9246 9632
f 9632 9246 9633
f 9633 9246 9634
f 9634 9246 9635
f 9635 9246 9245
f 9816 9817 9247
f 9247 9817 9818
f 9247 9818 9819
f 9819 9820 9247
f 9247 9820 9248
f 9372 9371 9826
f 9826 9371 9825
f 9825 9371 9824
f 9824 9371 9823
f 9823 9371 9822
f 9822 9371 9821
f 9821 9371 9788
f 9821 9788 9787
f 9788 9371 9789
f 9789 9371 9370
f 9789 9370 7938
f 7938 9370 7956
f 7956 9370 7962
f 7962 9370 7963
f 7963 9370 7964
f 7964 9370 7965
f 7965 9370 7966
f 7966 9370 7967
f 7967 9370 7968
f 9832 9804 9378
f 9378 9804 9803
f 9378 9803 9379
f 9379 9803 9802
f 9379 9802 9585
f 9585 9802 9597
f 9585 9584 9379
f 9379 9584 9583
f 9379 9583 9582
f 9582 9581 9379
f 9379 9581 9580
f 9379 9580 9380
f 9377 9827 9378
f 9378 9827 9828
f 9378 9828 9829
f 9829 9830 9378
f 9378 9830 9831
f 9378 9831 9832
f 4426 5810 4408
f 4408 5810 5809
f 4408 5809 4699
f 4699 5809 5808
f 4699 5808 4700
f 4700 5808 4701
f 4701 5808 5934
f 4701 5934 4702
f 4702 5934 4703
f 4703 5934 5933
f 4703 5933 4694
f 4694 5933 5932
f 4694 5932 4967
f 4967 5932 5931
f 4967 5931 4968
f 4968 5931 5930
f 4968 5930 4969
f 4969 5930 5929
f 4969 5929 4970
f 4970 5929 5928
f 4970 5928 4971
f 4971 5928 4972
f 4972 5928 5927
f 4972 5927 4973
f 4973 5927 5926
f 4973 5926 4974
f 4974 5926 5925
f 4974 5925 4975
f 4975 5925 5924
f 4975 5924 4962
f 4962 5924 5923
f 4962 5923 5293
f 5293 5923 5922
f 5293 5922 5294
f 5294 5922 5295
f 5295 5922 5364
f 5295 5364 5296
f 5296 5364 5297
f 5297 5364 5363
f 5297 5363 5247
f 5247 5363 5362
f 5247 5362 5248
f 5248 5362 5361
f 5248 5361 5249
f 5249 5361 5360
f 5249 5360 5250
f 5250 5360 5359
f 5250 5359 5251
f 5251 5359 5358
f 5251 5358 5252
f 5252 5358 5253
f 5253 5358 5357
f 5253 5357 5254
f 5254 5357 5356
f 5254 5356 5255
f 5255 5356 5355
f 5255 5355 5256
f 5256 5355 5354
f 5256 5354 5208
f 5208 5354 5353
f 5208 5353 5209
f 5209 5353 5352
f 5209 5352 5210
f 5210 5352 5211
f 5211 5352 5478
f 5211 5478 5212
f 5212 5478 5213
f 5213 5478 5477
f 5213 5477 5152
f 5152 5477 5476
f 5152 5476 5153
f 5153 5476 5475
f 5153 5475 5154
f 5154 5475 5474
f 5154 5474 5155
f 5155 5474 5473
f 5155 5473 5156
f 5156 5473 5472
f 5156 5472 5157
f 5157 5472 5158
f 5158 5472 5471
f 5158 5471 5159
f 5159 5471 5470
f 5159 5470 5160
f 5160 5470 5469
f 5160 5469 5161
f 5161 5469 5468
f 5161 5468 5112
f 5112 5468 5467
f 5112 5467 5113
f 5113 5467 5466
f 5113 5466 5114
f 5114 5466 5115
f 5115 5466 5592
f 5115 5592 5116
f 5116 5592 5117
f 5117 5592 5591
f 5117 5591 5056
f 5056 5591 5590
f 5056 5590 5057
f 5057 5590 5589
f 5057 5589 5058
f 5058 5589 5588
f 5058 5588 5059
f 5059 5588 5587
f 5059 5587 5060
f 5060 5587 5586
f 5060 5586 5061
f 5061 5586 5062
f 5062 5586 5585
f 5062 5585 5063
f 5063 5585 5584
f 5063 5584 5064
f 5064 5584 5583
f 5064 5583 5065
f 5065 5583 5582
f 5065 5582 5016
f 5016 5582 5581
f 5016 5581 5017
f 5017 5581 5580
f 5017 5580 5018
f 5018 5580 5019
f 5019 5580 5706
f 5019 5706 5020
f 5020 5706 5021
f 5021 5706 5705
f 5021 5705 4860
f 4860 5705 5704
f 4860 5704 4861
f 4861 5704 5703
f 4861 5703 4862
f 4862 5703 5702
f 4862 5702 4863
f 4863 5702 5701
f 4863 5701 4864
f 4864 5701 5700
f 4864 5700 4865
f 4865 5700 4866
f 4866 5700 5699
f 4866 5699 4867
f 4867 5699 5698
f 4867 5698 4868
f 4868 5698 5697
f 4868 5697 4869
f 4869 5697 5696
f 4869 5696 4628
f 4628 5696 5695
f 4628 5695 4629
f 4629 5695 5694
f 4629 5694 4630
f 4630 5694 4631
f 4631 5694 5820
f 4631 5820 4632
f 4632 5820 4633
f 4633 5820 5819
f 4633 5819 4417
f 4417 5819 5818
f 4417 5818 4418
f 4418 5818 5817
f 4418 5817 4419
f 4419 5817 5816
f 4419 5816 4420
f 4420 5816 5815
f 4420 5815 4421
f 4421 5815 5814
f 4421 5814 4422
f 4422 5814 4423
f 4423 5814 5813
f 4423 5813 4424
f 4424 5813 5812
f 4424 5812 4425
f 4425 5812 5811
f 4425 5811 4426
f 4426 5811 5810
f 9698 9697 9834
f 9834 9697 9673
f 9834 9673 9833
f 9833 9673 9672
f 9673 9697 9674
f 9674 9697 9696
f 9674 9696 5545
f 5545 9696 5546
f 5545 5546 5464
f 5464 5546 5557
f 5464 5557 5465
f 5465 5557 5593
f 5465 5593 5466
f 5466 5593 5592
f 5580 5579 5706
f 5706 5579 5707
f 5707 5579 5578
f 5707 5578 5671
f 5671 5578 5659
f 5671 5659 5660
f 5660 5659 9132
f 9132 5659 9110
f 9132 9110 9133
f 9133 9110 9109
f 9133 9109 9668
f 9668 9109 9669
f 9669 9109 9108
f 9668 9134 9133
f 5694 5693 5820
f 5820 5693 5821
f 5821 5693 5692
f 5821 5692 5785
f 5785 5692 5773
f 5785 5773 5774
f 5774 5773 8780
f 5774 8780 8802
f 8802 8780 8779
f 8802 8779 8803
f 8803 8779 9099
f 8803 9099 9098
f 8779 8778 9099
f 9098 8804 8803
f 5934 5808 5935
f 5935 5808 5807
f 5935 5807 5899
f 5899 5807 5806
f 5899 5806 5888
f 5888 5806 5887
f 5888 5887 8472
f 8472 5887 8450
f 8472 8450 8473
f 8473 8450 8449
f 8473 8449 8768
f 8768 8449 8769
f 8769 8449 8448
f 8768 8474 8473
f 5922 5921 5364
f 5364 5921 5365
f 5365 5921 5920
f 5365 5920 5329
f 5329 5920 6001
f 5329 6001 5318
f 5318 6001 8117
f 8117 6001 8137
f 8117 8137 8118
f 8118 8137 8136
f 8118 8136 8442
f 8442 8136 8443
f 8443 8136 8135
f 8442 8119 8118
f 5352 5351 5478
f 5478 5351 5479
f 5479 5351 5350
f 5479 5350 5443
f 5443 5350 5431
f 5443 5431 5432
f 5432 5431 7793
f 5432 7793 7815
f 7815 7793 7792
f 7815 7792 7816
f 7816 7792 8105
f 7816 8105 8104
f 7792 7791 8105
f 8104 7817 7816
f 4773 6780 4523
f 4523 6780 6779
f 4523 6779 4524
f 4524 6779 6778
f 4524 6778 4525
f 4525 6778 6777
f 4525 6777 4526
f 4526 6777 6776
f 4526 6776 4527
f 4527 6776 6775
f 4527 6775 4528
f 4528 6775 4529
f 4529 6775 6774
f 4529 6774 4530
f 4530 6774 6773
f 4530 6773 4531
f 4531 6773 6772
f 4531 6772 4532
f 4532 6772 6771
f 4532 6771 4533
f 4533 6771 6770
f 4533 6770 4654
f 4654 6770 6769
f 4654 6769 4655
f 4655 6769 4656
f 4656 6769 6667
f 4656 6667 4657
f 4657 6667 4658
f 4658 6667 6666
f 4658 6666 4659
f 4659 6666 6665
f 4659 6665 4906
f 4906 6665 6664
f 4906 6664 4907
f 4907 6664 6663
f 4907 6663 4908
f 4908 6663 6662
f 4908 6662 4909
f 4909 6662 6661
f 4909 6661 4910
f 4910 6661 4911
f 4911 6661 6660
f 4911 6660 4912
f 4912 6660 6659
f 4912 6659 4913
f 4913 6659 6658
f 4913 6658 4914
f 4914 6658 6657
f 4914 6657 4915
f 4915 6657 6656
f 4915 6656 6108
f 6108 6656 6655
f 6108 6655 6109
f 6109 6655 6110
f 6110 6655 6553
f 6110 6553 6111
f 6111 6553 6112
f 6112 6553 6552
f 6112 6552 6113
f 6113 6552 6551
f 6113 6551 6138
f 6138 6551 6550
f 6138 6550 6139
f 6139 6550 6549
f 6139 6549 6140
f 6140 6549 6548
f 6140 6548 6141
f 6141 6548 6547
f 6141 6547 6142
f 6142 6547 6143
f 6143 6547 6546
f 6143 6546 6144
f 6144 6546 6545
f 6144 6545 6145
f 6145 6545 6544
f 6145 6544 6146
f 6146 6544 6543
f 6146 6543 6147
f 6147 6543 6542
f 6147 6542 6198
f 6198 6542 6541
f 6198 6541 6199
f 6199 6541 6200
f 6200 6541 6439
f 6200 6439 6201
f 6201 6439 6202
f 6202 6439 6438
f 6202 6438 6203
f 6203 6438 6437
f 6203 6437 6234
f 6234 6437 6436
f 6234 6436 6235
f 6235 6436 6435
f 6235 6435 6236
f 6236 6435 6434
f 6236 6434 6237
f 6237 6434 6433
f 6237 6433 6238
f 6238 6433 6239
f 6239 6433 6432
f 6239 6432 6240
f 6240 6432 6431
f 6240 6431 6241
f 6241 6431 6430
f 6241 6430 6242
f 6242 6430 6429
f 6242 6429 6243
f 6243 6429 6428
f 6243 6428 6294
f 6294 6428 6427
f 6294 6427 6295
f 6295 6427 6296
f 6296 6427 7009
f 6296 7009 6297
f 6297 7009 6298
f 6298 7009 7008
f 6298 7008 6299
f 6299 7008 7007
f 6299 7007 6330
f 6330 7007 7006
f 6330 7006 6331
f 6331 7006 7005
f 6331 7005 6332
f 6332 7005 7004
f 6332 7004 6333
f 6333 7004 7003
f 6333 7003 6334
f 6334 7003 6335
f 6335 7003 7002
f 6335 7002 6336
f 6336 7002 7001
f 6336 7001 6337
f 6337 7001 7000
f 6337 7000 6338
f 6338 7000 6999
f 6338 6999 6339
f 6339 6999 6998
f 6339 6998 6389
f 6389 6998 6997
f 6389 6997 6390
f 6390 6997 6391
f 6391 6997 6895
f 6391 6895 6392
f 6392 6895 6393
f 6393 6895 6894
f 6393 6894 6062
f 6062 6894 6893
f 6062 6893 6063
f 6063 6893 6892
f 6063 6892 6064
f 6064 6892 6891
f 6064 6891 6065
f 6065 6891 6890
f 6065 6890 6066
f 6066 6890 6889
f 6066 6889 6067
f 6067 6889 6068
f 6068 6889 6888
f 6068 6888 6069
f 6069 6888 6887
f 6069 6887 6070
f 6070 6887 6886
f 6070 6886 6071
f 6071 6886 6885
f 6071 6885 4768
f 4768 6885 6884
f 4768 6884 4769
f 4769 6884 6883
f 4769 6883 4770
f 4770 6883 4771
f 4771 6883 6781
f 4771 6781 4772
f 4772 6781 4773
f 4773 6781 6780
f 9736 9835 9737
f 9737 9835 9718
f 9737 9718 9717
f 9835 9836 9718
f 9718 9836 9719
f 9737 9717 9738
f 9738 9717 6522
f 9738 6522 6533
f 6533 6522 6441
f 6533 6441 6534
f 6534 6441 6440
f 6534 6440 6540
f 6540 6440 6439
f 6540 6439 6541
f 7009 6427 7010
f 7010 6427 6426
f 7010 6426 7011
f 7011 6426 6420
f 7011 6420 7092
f 7092 6420 6419
f 7092 6419 7857
f 7857 6419 7835
f 7857 7835 7858
f 7858 7835 7834
f 7858 7834 8001
f 8001 7834 8002
f 8002 7834 7833
f 8001 7859 7858
f 6895 6997 6896
f 6896 6997 6996
f 6896 6996 6897
f 6897 6996 6990
f 6897 6990 6978
f 6978 6990 6989
f 6978 6989 8159
f 8159 6989 8180
f 8159 8180 8160
f 8160 8180 8179
f 8160 8179 8446
f 8446 8179 8447
f 8447 8179 8178
f 8446 8161 8160
f 6883 6882 6781
f 6781 6882 6782
f 6782 6882 6876
f 6782 6876 6783
f 6783 6876 6875
f 6783 6875 6864
f 6864 6875 8514
f 6864 8514 8493
f 8493 8514 8513
f 8493 8513 8494
f 8494 8513 8666
f 8494 8666 8665
f 8513 8512 8666
f 8665 8495 8494
f 6667 6769 6668
f 6668 6769 6768
f 6668 6768 6669
f 6669 6768 6762
f 6669 6762 6750
f 6750 6762 6761
f 6750 6761 8823
f 8823 6761 8844
f 8823 8844 8824
f 8824 8844 8843
f 8824 8843 8995
f 8995 8843 8996
f 8996 8843 8842
f 8995 8825 8824
f 6553 6655 6554
f 6554 6655 6654
f 6554 6654 6555
f 6555 6654 6648
f 6555 6648 6636
f 6636 6648 6647
f 6636 6647 9153
f 9153 6647 9174
f 9153 9174 9154
f 9154 9174 9173
f 9154 9173 9670
f 9670 9173 9671
f 9671 9173 9172
f 9670 9155 9154
f 9841 9248 9845
f 9845 9248 9820
f 9845 9820 9819
f 9819 9818 9845
f 9845 9818 9844
f 9845 9844 9848
f 9848 9844 9847
f 9848 9847 9850
f 9850 9847 9849
f 9850 9849 9700
f 9700 9849 9701
f 9701 9849 9842
f 9701 9842 9702
f 9702 9842 9703
f 9703 9842 9704
f 9704 9842 9705
f 9705 9842 9693
f 9693 9842 9838
f 9838 9842 9846
f 9838 9846 9837
f 9837 9846 9843
f 9837 9843 9816
f 9816 9843 9817
f 9817 9843 9844
f 9817 9844 9818
f 9700 9699 9850
f 9850 9699 9839
f 9850 9839 9848
f 9848 9839 9840
f 9848 9840 9845
f 9845 9840 9841
f 9847 9844 9843
f 9849 9847 9846
f 9846 9847 9843
f 9842 9849 9846
f 9837 9816 9853
f 9853 9816 9799
f 9853 9799 9851
f 9853 9851 9854
f 9854 9851 9852
f 9854 9852 9855
f 9855 9852 9760
f 9855 9760 9693
f 9693 9838 9855
f 9855 9838 9854
f 9838 9837 9854
f 9854 9837 9853
f 9851 9799 9862
f 9862 9799 9807
f 9862 9807 9861
f 9861 9807 9806
f 9861 9806 9860
f 9860 9806 9859
f 9860 9859 9865
f 9865 9859 9864
f 9865 9864 9870
f 9870 9864 9869
f 9870 9869 9779
f 9779 9869 9780
f 9780 9869 9868
f 9780 9868 9768
f 9768 9868 9857
f 9857 9868 9863
f 9857 9863 9856
f 9856 9863 9858
f 9856 9858 9804
f 9804 9858 9805
f 9805 9858 9859
f 9805 9859 9806
f 9870 9779 9871
f 9871 9779 9778
f 9871 9778 9872
f 9872 9778 9760
f 9872 9760 9852
f 9872 9852 9867
f 9867 9852 9851
f 9867 9851 9862
f 9864 9859 9858
f 9867 9862 9861
f 9861 9860 9866
f 9866 9860 9865
f 9866 9865 9871
f 9871 9865 9870
f 9869 9864 9863
f 9863 9864 9858
f 9868 9869 9863
f 9872 9867 9866
f 9866 9867 9861
f 9872 9866 9871
f 9856 9804 9875
f 9875 9804 9832
f 9875 9832 9873
f 9875 9873 9876
f 9876 9873 9874
f 9876 9874 9877
f 9877 9874 9741
f 9877 9741 9768
f 9768 9857 9877
f 9877 9857 9876
f 9857 9856 9876
f 9876 9856 9875
f 9873 9832 9883
f 9883 9832 9831
f 9883 9831 9830
f 9883 9830 9882
f 9882 9830 9829
f 9882 9829 9828
f 9882 9828 9881
f 9881 9828 9827
f 9881 9827 9377
f 9377 9878 9881
f 9881 9878 9879
f 9881 9879 9884
f 9884 9879 9880
f 9884 9880 9887
f 9887 9880 9748
f 9887 9748 9747
f 9887 9747 9888
f 9888 9747 9746
f 9888 9746 9745
f 9745 9744 9888
f 9888 9744 9743
f 9888 9743 9889
f 9889 9743 9742
f 9889 9742 9741
f 9741 9874 9889
f 9889 9874 9886
f 9889 9886 9885
f 9885 9886 9882
f 9885 9882 9881
f 9874 9873 9886
f 9886 9873 9883
f 9886 9883 9882
f 9881 9884 9885
f 9885 9884 9888
f 9885 9888 9889
f 9887 9888 9884
f 9878 9377 9896
f 9896 9377 9376
f 9896 9376 9890
f 9890 9891 9896
f 9896 9891 9897
f 9896 9897 9878
f 9878 9897 9895
f 9878 9895 9879
f 9879 9895 9898
f 9879 9898 9880
f 9880 9898 9899
f 9880 9899 9748
f 9748 9899 9894
f 9748 9894 9736
f 9897 9891 9895
f 9895 9891 9892
f 9895 9892 9898
f 9898 9892 9893
f 9898 9893 9899
f 9899 9893 9894
f 9376 9375 9890
f 9890 9375 9891
f 9891 9375 9374
f 9891 9374 9900
f 9900 9374 9373
f 9900 9901 9891
f 9891 9901 9892
f 9892 9901 9893
f 9893 9901 9902
f 9893 9902 9835
f 9835 9902 9836
f 9836 9902 9719
f 9736 9894 9835
f 9835 9894 9893
f 9900 9373 9907
f 9907 9373 9372
f 9907 9372 9903
f 9904 9906 9903
f 9903 9906 9908
f 9903 9908 9907
f 9907 9908 9900
f 9906 9904 9909
f 9909 9904 9905
f 9909 9905 9910
f 9910 9905 9720
f 9910 9720 9719
f 9719 9902 9910
f 9910 9902 9909
f 9902 9901 9909
f 9909 9901 9906
f 9901 9900 9906
f 9906 9900 9908
f 9903 9372 9915
f 9915 9372 9826
f 9915 9826 9914
f 9914 9826 9825
f 9914 9825 9824
f 9914 9824 9913
f 9913 9824 9823
f 9913 9823 9822
f 9821 9911 9822
f 9822 9911 9913
f 9913 9911 9916
f 9916 9911 9912
f 9916 9912 9919
f 9919 9912 9726
f 9919 9726 9725
f 9714 9727 9912
f 9912 9727 9726
f 9725 9724 9919
f 9919 9724 9723
f 9919 9723 9722
f 9919 9722 9920
f 9920 9722 9721
f 9920 9721 9921
f 9921 9721 9720
f 9921 9720 9905
f 9921 9905 9918
f 9918 9905 9904
f 9918 9904 9915
f 9915 9904 9903
f 9918 9915 9914
f 9914 9913 9917
f 9917 9913 9916
f 9917 9916 9920
f 9920 9916 9919
f 9921 9918 9917
f 9917 9918 9914
f 9921 9917 9920
f 9911 9821 9924
f 9924 9821 9787
f 9924 9787 9922
f 9924 9922 9925
f 9925 9922 9923
f 9925 9923 9926
f 9926 9923 9763
f 9926 9763 9714
f 9714 9912 9926
f 9926 9912 9925
f 9912 9911 9925
f 9925 9911 9924
f 9922 9787 9933
f 9933 9787 9795
f 9933 9795 9932
f 9932 9795 9794
f 9932 9794 9931
f 9931 9794 9930
f 9931 9930 9936
f 9936 9930 9935
f 9936 9935 9941
f 9941 9935 9940
f 9941 9940 9770
f 9770 9940 9771
f 9771 9940 9939
f 9771 9939 9757
f 9757 9939 9928
f 9928 9939 9934
f 9928 9934 9927
f 9927 9934 9929
f 9927 9929 9792
f 9792 9929 9793
f 9793 9929 9930
f 9793 9930 9794
f 9941 9770 9942
f 9942 9770 9769
f 9942 9769 9943
f 9943 9769 9763
f 9943 9763 9923
f 9943 9923 9938
f 9938 9923 9922
f 9938 9922 9933
f 9935 9930 9929
f 9938 9933 9932
f 9932 9931 9937
f 9937 9931 9936
f 9937 9936 9942
f 9942 9936 9941
f 9940 9935 9934
f 9934 9935 9929
f 9939 9940 9934
f 9943 9938 9937
f 9937 9938 9932
f 9943 9937 9942
f 9927 9792 9946
f 9946 9792 9815
f 9946 9815 9944
f 9946 9944 9947
f 9947 9944 9945
f 9947 9945 9948
f 9948 9945 9677
f 9948 9677 9757
f 9757 9928 9948
f 9948 9928 9947
f 9928 9927 9947
f 9947 9927 9946
f 9944 9815 9954
f 9954 9815 9814
f 9954 9814 9953
f 9953 9814 9813
f 9953 9813 9812
f 9812 9811 9953
f 9953 9811 9952
f 9953 9952 9956
f 9956 9952 9955
f 9956 9955 9959
f 9959 9955 9958
f 9959 9958 9682
f 9682 9958 9683
f 9683 9958 9684
f 9684 9958 9951
f 9951 9958 9955
f 9951 9955 9950
f 9950 9955 9952
f 9950 9952 9949
f 9949 9952 9253
f 9253 9952 9811
f 9682 9681 9959
f 9959 9681 9680
f 9959 9680 9960
f 9960 9680 9679
f 9960 9679 9678
f 9678 9677 9960
f 9960 9677 9945
f 9960 9945 9957
f 9957 9945 9944
f 9957 9944 9954
f 9957 9954 9953
f 9957 9953 9956
f 9960 9957 9956
f 9960 9956 9959
f 9949 9253 9967
f 9967 9253 9252
f 9967 9252 9961
f 9961 9962 9967
f 9967 9962 9968
f 9967 9968 9949
f 9949 9968 9966
f 9949 9966 9950
f 9950 9966 9969
f 9950 9969 9951
f 9951 9969 9970
f 9951 9970 9684
f 9684 9970 9965
f 9684 9965 9672
f 9968 9962 9966
f 9966 9962 9963
f 9966 9963 9969
f 9969 9963 9964
f 9969 9964 9970
f 9970 9964 9965
f 9252 9251 9961
f 9961 9251 9962
f 9962 9251 9971
f 9962 9971 9963
f 9963 9971 9972
f 9963 9972 9964
f 9964 9972 9973
f 9964 9973 9965
f 9965 9973 9834
f 9965 9834 9833
f 9251 9250 9971
f 9971 9250 9249
f 9973 9698 9834
f 9833 9672 9965
f 9971 9249 9975
f 9975 9249 9248
f 9975 9248 9841
f 9840 9974 9841
f 9841 9974 9976
f 9841 9976 9975
f 9975 9976 9971
f 9974 9840 9977
f 9977 9840 9839
f 9977 9839 9978
f 9978 9839 9699
f 9978 9699 9698
f 9698 9973 9978
f 9978 9973 9977
f 9973 9972 9977
f 9977 9972 9974
f 9972 9971 9974
f 9974 9971 9976
f 4151 9401 1036
f 1036 9401 9400
f 1036 9400 1037
f 1037 9400 9399
f 1037 9399 1038
f 1038 9399 9398
f 1038 9398 1039
f 1039 9398 9397
f 1039 9397 1040
f 1040 9397 9396
f 1040 9396 1041
f 1041 9396 9395
f 1041 9395 1042
f 1042 9395 1043
f 1043 9395 9394
f 1043 9394 1044
f 1044 9394 1045
f 1045 9394 9393
f 1045 9393 1046
f 1046 9393 1047
f 1047 9393 9392
f 1047 9392 2076
f 2076 9392 9391
f 2076 9391 2077
f 2077 9391 9390
f 2077 9390 2078
f 2078 9390 9389
f 2078 9389 2079
f 2079 9389 9388
f 2079 9388 2080
f 2080 9388 9387
f 2080 9387 3115
f 3115 9387 3116
f 3116 9387 9386
f 3116 9386 3117
f 3117 9386 3118
f 3118 9386 9385
f 3118 9385 3119
f 3119 9385 3120
f 3120 9385 9384
f 3120 9384 3121
f 3121 9384 9407
f 3121 9407 3122
f 3122 9407 9406
f 3122 9406 3123
f 3123 9406 9405
f 3123 9405 3124
f 3124 9405 9404
f 3124 9404 3125
f 3125 9404 9403
f 3125 9403 4149
f 4149 9403 9402
f 4149 9402 4150
f 4150 9402 4151
f 4151 9402 9401
f 9980 9982 9979
f 9979 9982 9983
f 9979 9983 10002
f 10002 9983 9984
f 10002 9984 10001
f 10001 9984 9985
f 10001 9985 10000
f 10000 9985 9986
f 10000 9986 9999
f 9999 9986 9987
f 9999 9987 9998
f 9998 9987 9988
f 9998 9988 9997
f 9997 9988 9989
f 9997 9989 9996
f 9996 9989 9990
f 9996 9990 9995
f 9995 9990 9991
f 9995 9991 9994
f 9994 9991 9992
f 9994 9992 9993
f 9980 9981 9982
f 10004 10001 10003
f 10003 10001 10000
f 10003 10000 10026
f 10026 10000 9999
f 10026 9999 10025
f 10025 9999 9998
f 10025 9998 10024
f 10024 9998 9997
f 10024 9997 10023
f 10023 9997 9996
f 10023 9996 10022
f 10022 9996 9995
f 10022 9995 10021
f 10021 9995 9994
f 10021 9994 10020
f 10020 9994 9993
f 10020 9993 10019
f 10019 9993 9992
f 10019 9992 10018
f 10018 9992 9991
f 10018 9991 10017
f 10017 9991 9990
f 10017 9990 10016
f 10016 9990 9989
f 10016 9989 10015
f 10015 9989 9988
f 10015 9988 10014
f 10014 9988 9987
f 10014 9987 10013
f 10013 9987 9986
f 10013 9986 10012
f 10012 9986 9985
f 10012 9985 10011
f 10011 9985 9984
f 10011 9984 10010
f 10010 9984 9983
f 10010 9983 10009
f 10009 9983 9982
f 10009 9982 10008
f 10008 9982 9981
f 10008 9981 10007
f 10007 9981 9980
f 10007 9980 10006
f 10006 9980 9979
f 10006 9979 10005
f 10005 9979 10002
f 10005 10002 10004
f 10004 10002 10001
f 10028 4202 10027
f 10027 4202 4201
f 10027 4201 10050
f 10050 4201 4200
f 10050 4200 10049
f 10049 4200 4199
f 10049 4199 10048
f 10048 4199 4198
f 10048 4198 10047
f 10047 4198 4197
f 10047 4197 10046
f 10046 4197 4196
f 10046 4196 10045
f 10045 4196 4195
f 10045 4195 10044
f 10044 4195 4194
f 10044 4194 10043
f 10043 4194 4193
f 10043 4193 10042
f 10042 4193 4192
f 10042 4192 10041
f 10041 4192 4191
f 10041 4191 10040
f 10040 4191 4190
f 10040 4190 10039
f 10039 4190 4189
f 10039 4189 10038
f 10038 4189 4188
f 10038 4188 10037
f 10037 4188 4187
f 10037 4187 10036
f 10036 4187 4186
f 10036 4186 10035
f 10035 4186 4185
f 10035 4185 10034
f 10034 4185 4184
f 10034 4184 10033
f 10033 4184 4183
f 10033 4183 10032
f 10032 4183 4182
f 10032 4182 10031
f 10031 4182 4181
f 10031 4181 10030
f 10030 4181 4180
f 10030 4180 10029
f 10029 4180 4179
f 10029 4179 10028
f 10028 4179 4202
f 10019 10027 10020
f 10020 10027 10050
f 10020 10050 10021
f 10021 10050 10049
f 10021 10049 10048
f 10021 10048 10022
f 10022 10048 10047
f 10022 10047 10023
f 10031 10030 10015
f 10015 10030 10016
f 10016 10030 10017
f 10017 10030 10029
f 10017 10029 10018
f 10018 10029 10028
f 10018 10028 10027
f 10027 10019 10018
f 10023 10047 10024
f 10024 10047 10046
f 10024 10046 10025
f 10025 10046 10045
f 10025 10045 10044
f 10025 10044 10026
f 10026 10044 10043
f 10026 10043 10003
f 10011 10035 10012
f 10012 10035 10034
f 10012 10034 10013
f 10013 10034 10033
f 10013 10033 10032
f 10013 10032 10014
f 10014 10032 10031
f 10014 10031 10015
f 10003 10043 10004
f 10004 10043 10042
f 10004 10042 10041
f 10004 10041 10005
f 10005 10041 10040
f 10005 10040 10006
f 10006 10040 10007
f 10007 10040 10039
f 10007 10039 10008
f 10008 10039 10038
f 10008 10038 10009
f 10009 10038 10037
f 10009 10037 10036
f 10009 10036 10010
f 10010 10036 10035
f 10010 10035 10011
