mtllib Base_Corpo1.mtl
v 0.005509639978408813 -0.0039288800954818725 0.045
v 0.004964390099048615 -0.00471127986907959 0.045
v 0.0043150800466537475 -0.005410249829292298 0.045
v 0.003575809895992279 -0.006012780070304871 0.045
v 0.0027606800198554994 -0.006509100198745728 0.045
v 0.0018877600133419038 -0.006890159845352173 0.045
v 0.0009725999832153321 -0.007151139974594116 0.045
v 2.8119999915361403e-05 -0.007289320230484009 0.045
v -0.0009247200191020966 -0.007302640080451965 0.045
v -0.0027974000573158264 -0.0069611197710037235 0.045
v -0.004522509872913361 -0.006158530116081238 0.045
v -0.0059976899623870854 -0.004950830042362213 0.045
v -0.0071332198381423954 -0.0034206798672676087 0.045
v -0.0076063799858093264 -0.002174160033464432 0.0449462890625
v -0.00786346971988678 -0.0008658800274133682 0.044892578125
v -0.007897199988365173 0.00046700000762939453 0.044838871955871586
v -0.00770662009716034 0.001786610037088394 0.044785161018371586
v -0.0072971200942993164 0.0030554699897766113 0.044731450080871586
v -0.006680359840393066 0.004237540066242218 0.04467772960662842
v -0.0058738297224044805 0.005299249887466431 0.04462401866912842
v -0.004900459945201874 0.006210430264472961 0.04457030773162842
v -0.003787899911403656 0.006945199966430664 0.0445166015625
v -0.002567729949951172 0.007482690215110779 0.044462890625
v -0.0012746299803256989 0.007807639837265015 0.0444091796875
v 5.4669999517500404e-05 0.007910810112953186 0.04435546875
v 0.0013824200630187988 0.0077892798185348515 0.0443017578125
v 0.002670910060405731 0.007446489930152893 0.04424805164337158
v 0.0038835200667381286 0.006892179846763611 0.04419434070587158
v 0.004985829889774323 0.006142100095748901 0.04414062976837158
v 0.005946509838104248 0.005217559933662415 0.04408690929412842
v 0.006738280057907105 0.004144810140132904 0.04403319835662842
v 0.007338659763336182 0.0029543301463127135 0.043979492187500004
v 0.007730569839477539 0.001679929941892624 0.043925781250000004
v 0.007902899980545044 0.00035780999809503555 0.043872070312500004
v 0.007850750088691712 -0.000974470004439354 0.043818359375
v 0.007575600147247314 -0.0022790800034999848 0.0437646484375
v 0.007085260152816773 -0.0035189399123191833 0.043710942268371585
v 0.006393669843673706 -0.004658850133419037 0.043657231330871585
v 0.005520470142364502 -0.005666429996490478 0.043603520393371585
v 0.004490450024604797 -0.006513050198554993 0.04354979991912842
v 0.003332889974117279 -0.007174659967422486 0.04349608898162842
v 0.00208065003156662 -0.007632480263710022 0.04344237804412842
v 0.0007693099975585938 -0.007873499989509583 0.043388671875
v -0.0005638799816370011 -0.007890880107879639 0.0433349609375
v -0.0018810500204563142 -0.007684109807014465 0.04328125
v -0.003144789934158325 -0.007259079813957215 0.0432275390625
v -0.004319199919700623 -0.00662784993648529 0.043173828125
v -0.005370929837226868 -0.005808359980583191 0.04312012195587158
v -0.006270089745521546 -0.004823879897594452 0.04306641101837158
v -0.006991159915924072 -0.0037023800611495974 0.04301270008087158
v -0.007513639926910401 -0.0024757200479507448 0.042958979606628415
v -0.0078226900100708 -0.0011787299811840057 0.042905268669128416
v -0.007909539937973022 0.0001517399959266186 0.042851557731628416
v -0.007771729826927185 0.0014778999984264374 0.0427978515625
v -0.0074131500720977786 0.002762080132961273 0.042744140625
v -0.006844009757041932 0.003967809975147248 0.0426904296875
v -0.006080459952354431 0.005060830116271973 0.042636718750000004
v -0.005144190192222595 0.006010090112686157 0.042583007812500004
v -0.004061810076236725 0.006788640022277832 0.042529301643371584
v -0.0028640499711036684 0.007374359965324402 0.042475590705871584
v -0.0015849299728870393 0.007750610113143921 0.042421879768371584
v -0.0002607999928295612 0.007906699776649475 0.04236815929412842
v 0.0010707399994134904 0.007838199734687806 0.04231444835662842
v 0.00237186998128891 0.007547060251235962 0.0422607421875
v 0.003605619966983795 0.007041550278663635 0.04220703125
v 0.004736959934234619 0.006336020231246948 0.0421533203125
v 0.005733739733695984 0.005450509786605835 0.042099609375
v 0.006567659974098206 0.004410189986228943 0.0420458984375
v 0.007215020060539245 0.003244589865207672 0.04199219226837158
v 0.007657439708709717 0.001986829936504364 0.04193848133087158
v 0.007882350087165833 0.0006726399809122086 0.04188477039337158
v 0.007883359789848329 -0.0006606700271368027 0.04183104991912842
v 0.007660449743270874 -0.0019752000272274016 0.04177733898162842
v 0.007219939827919007 -0.003233630061149597 0.04172362804412842
v 0.006574349999427796 -0.004400210082530976 0.041669921875
v 0.0057420098781585695 -0.005441799759864807 0.0416162109375
v 0.004746580123901368 -0.006328819990158081 0.0415625
v 0.0036163100600242614 -0.007036070227622986 0.0415087890625
v 0.0023833300173282624 -0.007543449997901916 0.041455078125
v 0.0010826399922370911 -0.007836570143699647 0.04140137195587158
v -0.0002487899921834469 -0.007907090187072753 0.04134766101837158
v -0.0015731599926948547 -0.007753000259399415 0.04129395008087158
v -0.0028528499603271483 -0.0073786997795104985 0.04124022960662842
v -0.004051499962806702 -0.006794800162315369 0.04118651866912842
v -0.005135059952735901 -0.006017900109291077 0.04113280773162842
v -0.00607276976108551 -0.0050700497627258305 0.0410791015625
v -0.006837970018386841 -0.003978199958801269 0.041025390625
v -0.007408949732780457 -0.0027733400464057924 0.0409716796875
v -0.00776947021484375 -0.0014896999299526216 0.04091796875
v -0.00790930986404419 -0.00016374999657273293 0.0408642578125
v -0.007824469804763794 0.0011668500304222106 0.040810551643371586
v -0.007517390251159668 0.0024642999470233917 0.040756840705871586
v -0.0069967699050903324 0.003691760003566742 0.040703129768371586
v -0.0062774097919464115 0.00481436014175415 0.04064940929412842
v -0.005379739999771118 0.00580020010471344 0.04059569835662842
v -0.0043292599916458134 0.006621289849281311 0.0405419921875
v -0.0031558099389076234 0.007254300117492676 0.04048828125
v -0.001892710030078888 0.007681249976158142 0.0404345703125
v -0.0005758599936962127 0.007890009880065918 0.040380859375
v 0.0007573600113391876 0.007874659895896911 0.0403271484375
v 0.002069060057401657 0.007635629773139954 0.04027344226837158
v 0.0033219900727272035 0.007179719805717469 0.04021973133087158
v 0.0044805601239204405 0.006519860029220581 0.04016602039337158
v 0.005511860251426697 0.005674800276756287 0.040112299919128416
v 0.006386590003967285 0.00466854989528656 0.04005858898162842
v 0.007079910039901734 0.003529700040817261 0.04000487804412842
v 0.007572129964828492 0.0022905799746513367 0.03995116949081421
v 0.007849259972572327 0.0009863899648189544 0.039897460937500004
v 0.007903439998626709 -0.00034581001847982406 0.039843750000000004
v 0.00773311972618103 -0.001668190062046051 0.0397900390625
v 0.007343130111694336 -0.002943179905414581 0.03973633050918579
v 0.0067445701360702515 -0.004134570062160492 0.03968261957168579
v 0.0059544301033020025 -0.005208520293235779 0.039628911018371585
v 0.004995149970054627 -0.006134529709815979 0.039575200080871585
v 0.003893980085849762 -0.006886280179023743 0.03952147960662842
v 0.0026822099089622497 -0.007442420125007629 0.03946777105331421
v 0.0013942499458789825 -0.007787169814109802 0.03941406011581421
v 6.668000016361475e-05 -0.007910720109939576 0.039360349178314206
v -0.0012627799808979034 -0.007809569835662842 0.039306640625
v -0.0025563699007034304 -0.007486580014228821 0.0392529296875
v -0.003777349889278412 -0.006950939893722534 0.039199221134185794
v -0.0048910298943519595 -0.006217859983444214 0.039145510196685794
v -0.005865780115127564 -0.005308160185813904 0.039091799259185794
v -0.006673910021781922 -0.004247680008411407 0.03903809070587158
v -0.007292479872703553 -0.0030665498971939086 0.03898437976837158
v -0.007703899741172791 -0.0017983099818229677 0.038930659294128415
v -0.007896490097045898 -0.00047899000346660617 0.03887695074081421
v -0.007864779829978944 0.0008539299666881562 0.03882323980331421
v -0.007609670162200928 0.0021626000106334687 0.03876952886581421
v -0.0071384102106094366 0.0034098398685455324 0.0387158203125
v -0.006464380025863648 0.004560230076313019 0.038662109375
v -0.005606729984283448 0.005581079721450805 0.03860840082168579
v -0.004589830040931702 0.006443399786949158 0.03855468988418579
v -0.003442550003528595 0.007122700214385986 0.03850097894668579
v -0.0021974800527095797 0.00759967029094696 0.038447270393371584
v -0.0008900000154972076 0.007860779762268066 0.03839354991912842
v 0.00044277001172304153 0.007898600101470947 0.03833983898162842
v 0.0017629599571228028 0.00771206021308899 0.03828613042831421
v 0.003033069968223572 0.00730646014213562 0.03823241949081421
v 0.004217030107975007 0.006693320274353027 0.0381787109375
v 0.005281199812889099 0.005890060067176819 0.038125
v 0.006195359826087952 0.004919489920139313 0.0380712890625
v 0.006933540105819702 0.003809190094470978 0.03801758050918579
v 0.007474780082702637 0.0025906801223754884 0.03796386957168579
v 0.00780368983745575 0.0012985800206661224 0.03791016101837158
v 0.007910940051078796 -3.0400000978261235e-05 0.03785645008087158
v 0.007793480157852173 -0.0013585199415683746 0.03780272960662842
v 0.007454649806022644 -0.0026480498909950256 0.03774902105331421
v 0.006904060244560242 -0.003862360119819641 0.03769531011581421
v 0.006157370209693909 -0.004966959953308105 0.03764159917831421
v 0.005235779881477356 -0.005930479764938355 0.037587890625
v 0.004165459871292115 -0.006725540161132812 0.0375341796875
v 0.002976830005645752 -0.007329559922218323 0.03748047113418579
v 0.0017036400735378266 -0.007725380063056946 0.03742676019668579
v 0.00038205001503229143 -0.007901769876480103 0.03737304925918579
v -0.0009503799676895141 -0.007853710055351258 0.03731934070587158
v -0.002255820035934448 -0.007582560181617737 0.03726562976837158
v -0.0034971898794174195 -0.007096030116081238 0.03721190929412842
v -0.004639210104942322 -0.006407930254936218 0.03715820074081421
v -0.005649459958076477 -0.0055378198623657225 0.03710448980331421
v -0.006499239802360535 -0.004510410130023956 0.03705077886581421
v -0.0071644002199172975 -0.003354879915714264 0.0369970703125
v -0.0076260602474212645 -0.0021040600538253787 0.036943359375
v -0.00787110984325409 -0.0007934699952602387 0.03688965082168579
v -0.007892569899559021 0.0005396600067615509 0.03683593988418579
v -0.007689849734306336 0.0018574599921703338 0.03678222894668579
v -0.007268689870834351 0.0031224998831748964 0.036728520393371586
v -0.006641070246696472 0.004298849999904633 0.03667479991912842
v -0.005824810266494751 0.005353080034255981 0.03662108898162842
v -0.004843100011348724 0.00625527024269104 0.03656738042831421
v -0.0037238100171089173 0.006979770064353943 0.03651366949081421
v -0.00249876007437706 0.0075060099363327025 0.0364599609375
v -0.0012027200311422348 0.007819039821624756 0.03640625
v 0.00012748000212013723 0.0079099702835083 0.0363525390625
v 0.0014540499448776245 0.007776219844818116 0.036298830509185795
v 0.0027393299341201783 0.007421590089797973 0.036245119571685795
v 0.003946790099143982 0.006856150031089783 0.03619141101837158
v 0.0050421500205993655 0.006095960140228272 0.03613770008087158
v 0.005994279980659485 0.005162609815597534 0.036083979606628416
v 0.006776149868965149 0.004082620143890381 0.03603027105331421
v 0.007365540266036988 0.002886660099029541 0.03597656011581421
v 0.007745710015296936 0.001608709990978241 0.03592284917831421
v 0.00790585994720459 0.00028505999594926836 0.035869140625000004
v 0.007841449975967408 -0.001046689972281456 0.035815429687500004
v 0.0075542998313903814 -0.002348700016736984 0.03576172113418579
v 0.0070525801181793215 -0.0035839998722076417 0.03570801019668579
v 0.006350520253181458 -0.004717499911785126 0.03565429925918579
v 0.005468080043792725 -0.005716990232467652 0.035600590705871585
v 0.0044303199648857115 -0.006554099917411804 0.035546879768371585
v 0.0032667100429534914 -0.007205029726028442 0.03549315929412842
v 0.0020103099942207336 -0.007651309967041016 0.03543945074081421
v 0.0006968200206756592 -0.007880250215530396 0.03538573980331421
v -0.0006364800035953522 -0.007885349988937378 0.035332028865814206
v -0.0019516900181770324 -0.007666469812393189 0.0352783203125
v -0.0032114699482917787 -0.007229830026626587 0.035224609375
v -0.004380019903182984 -0.006587820053100586 0.035170900821685794
v -0.0054241597652435304 -0.00575868010520935 0.035117189884185794
v -0.006314229965209961 -0.00476597011089325 0.035063478946685794
v -0.007024940252304077 -0.0036378800868988037 0.03500977039337158
v -0.007536110281944275 -0.0024064600467681887 0.03495604991912842
v -0.007833210229873657 -0.0011066800355911256 0.034902338981628415
v -0.007907810211181641 0.00022453000769019128 0.03484863042831421
v -0.007757790088653565 0.0015493699908256532 0.03479491949081421
v -0.0073874199390411375 0.002830199897289276 0.0347412109375
v -0.006807199716567993 0.004030629992485046 0.0346875
v -0.0060336202383041385 0.005116569995880127 0.0346337890625
v -0.0050886601209640505 0.0060571801662445066 0.03458008050918579
v -0.003999159932136536 0.006825739741325379 0.03452636957168579
v -0.0027960500121116637 0.007400410175323486 0.034472661018371584
v -0.0015135300159454346 0.007764869928359986 0.034418950080871584
v -0.0001880200020968914 0.007908769845962525 0.03436522960662842
v 0.001142840012907982 0.007828019857406616 0.03431152105331421
v 0.002441229969263077 0.007524909973144532 0.03425781011581421
v 0.0036702799797058107 0.007008060216903687 0.03420409917831421
v 0.004795069992542267 0.006292150020599366 0.034150390625
v 0.005783669948577881 0.0053975099325180055 0.0340966796875
v 0.006607969999313354 0.0043495500087738035 0.03404297113418579
v 0.007244579792022705 0.003178049921989441 0.03398926019668579
v 0.007675399780273437 0.0019162699580192565 0.03393554925918579
v 0.007888209819793702 0.0006000600010156632 0.03388184070587158
v 0.007876949906349183 -0.0007331900298595429 0.03382812976837158
v 0.0076419502496719366 -0.002045619934797287 0.03377440929412842
v 0.0071898698806762695 -0.003299950063228607 0.03372070074081421
v 0.006533570289611816 -0.004460529983043671 0.03366698980331421
v 0.00569167971611023 -0.005494419932365418 0.03361327886581421
v 0.004688130021095276 -0.00637224018573761 0.0335595703125
v 0.0035514000058174135 -0.007069050073623657 0.033505859375
v 0.0023138000071048735 -0.007565069794654846 0.03345215082168579
v 0.0010104700177907943 -0.007846199870109559 0.03339843988418579
v -0.00032156001776456833 -0.007904459834098817 0.03334472894668579
v -0.0016444499790668487 -0.007738199830055237 0.03329102039337158
v -0.0029206401109695434 -0.007352129817008972 0.03323729991912842
v -0.004113860130310058 -0.006757220029830932 0.03318358898162842
v -0.0051902300119400025 -0.005970379710197449 0.03312988042831421
v -0.0061191701889038086 -0.005013949871063232 0.03307616949081421
v -0.006874300241470337 -0.003915089964866638 0.0330224609375
v -0.007434160113334656 -0.002705030143260956 0.03296875
v -0.0077828502655029295 -0.001418129950761795 0.0329150390625
v -0.007910479903221131 -9.095000103116036e-05 0.03286133050918579
v -0.007813400030136109 0.0012388099730014802 0.03280761957168579
v -0.00749439001083374 0.0025333899259567263 0.032753911018371586
v -0.006962500214576721 0.0037560001015663146 0.032700200080871586
v -0.006232839822769165 0.004871929883956909 0.03264647960662842
v -0.005326129794120789 0.005849469900131226 0.03259277105331421
v -0.004268139898777008 0.006660850048065186 0.03253906011581421
v -0.0030889099836349486 0.007283030152320862 0.03248534917831421
v -0.0018219399452209474 0.0076983398199081425 0.032431640625
v -0.0005032100155949593 0.00789497971534729 0.0323779296875
v 0.0008297999948263168 0.00786736011505127 0.032324221134185795
v 0.0021392500400543215 0.007616270184516907 0.032270510196685795
v 0.0033879300951957705 0.007148839831352234 0.03221679925918579
v 0.004540370106697083 0.006478340029716492 0.03216309070587158
v 0.005563849806785584 0.0056238299608230595 0.03210937976837158
v 0.006429290175437927 0.0046095699071884155 0.032055659294128416
v 0.007112100124359131 0.003464379906654358 0.03200195074081421
v 0.00759289026260376 0.0022207899391651154 0.03194823980331421
v 0.007858009934425354 0.0009141100198030472 0.03189452886581421
v 0.007899919748306275 -0.0004185299947857857 0.031840820312500004
v 0.0077174299955368045 -0.0017392900586128235 0.031787109375
v 0.007315729856491089 -0.0030106401443481447 0.03173340082168579
v 0.006706230044364929 -0.004196470081806183 0.03167968988418579
v 0.005906239748001099 -0.005263109803199768 0.03162597894668579
v 0.004938479959964753 -0.006180239915847778 0.031572270393371585
v 0.0038304400444030763 -0.006921820044517517 0.03151854991912842
v 0.0026135998964309693 -0.007466800212860107 0.03146483898162842
v 0.0013225199282169342 -0.007799670100212097 0.03141113042831421
v -6.130000110715628e-06 -0.00791100025177002 0.031357419490814206
v -0.0013346000015735627 -0.00779761016368866 0.0313037109375
v -0.0026251599192619324 -0.007462739944458008 0.03125
v -0.0038411599397659302 -0.006915879845619202 0.0311962890625
v -0.004948050081729889 -0.006172580122947693 0.03114258050918579
v -0.0059143900871276855 -0.0052539497613906866 0.03108886957168579
v -0.0067127299308776854 -0.004186080098152161 0.031035161018371584
v -0.0073203897476196295 -0.0029993000626564025 0.030981450080871584
v -0.007720119953155518 -0.0017273299396038057 0.03092772960662842
v -0.007900559902191162 -0.0004062899947166443 0.03087402105331421
v -0.007856580018997193 0.0009262800216674804 0.03082031011581421
v -0.007589439749717712 0.0022325499355793 0.03076659917831421
v -0.007106720209121704 0.003475399911403656 0.030712890625
v -0.006422140002250672 0.004619530141353607 0.0306591796875
v -0.005555130243301391 0.005632449984550476 0.030605471134185793
v -0.004530330002307892 0.006485369801521301 0.030551760196685793
v -0.003376849889755249 0.007154080271720886 0.03049804925918579
v -0.0021274399757385256 0.007619569897651672 0.030444340705871584
v -0.0008176100254058839 0.007868639826774597 0.030390629768371584
v 0.0005154500156641006 0.007894189953804016 0.030336909294128418
v 0.001833859980106354 0.007695509791374206 0.03028320074081421
v 0.0031001898646354675 0.007278239727020264 0.03022948980331421
v 0.004278450012207031 0.006654229760169983 0.03017577886581421
v 0.005335190296173096 0.005841209888458252 0.030122070312500002
v 0.006240379810333252 0.0048622599244117735 0.030068359375
v 0.006968309879302978 0.0037452098727226257 0.030014650821685793
v 0.007498310208320618 0.0025217700004577636 0.029960939884185793
v 0.007815309762954713 0.0012267000228166581 0.029907228946685793
v 0.007910330295562745 -0.00010320999659597874 0.029853520393371583
v 0.0077806502580642705 -0.0014301900565624238 0.029799799919128418
v 0.0074299597740173345 -0.002716549932956696 0.029746088981628418
v 0.006868219971656799 -0.003925740122795105 0.029692380428314208
v 0.006111400127410889 -0.0050234198570251465 0.029638669490814208
v 0.005180969834327698 -0.005978410243988037 0.0295849609375
v 0.004103389978408814 -0.006763589978218079 0.029531250000000002
v 0.0029092401266098025 -0.007356650233268738 0.029477539062500002
v 0.0016324600577354432 -0.007740740180015564 0.029423830509185792
v 0.0003093099966645241 -0.007904949784278869 0.029370119571685793
v -0.001022630035877228 -0.007844629883766174 0.029316411018371583
v -0.002325520068407059 -0.00756147027015686 0.029262700080871583
v -0.0035623499751091005 -0.007063540220260621 0.029208979606628417
v -0.004697990119457245 -0.0063649600744247435 0.02915527105331421
v -0.00570019006729126 -0.0054855901002883916 0.02910156011581421
v -0.006540480256080628 -0.0044503998756408696 0.02904784917831421
v -0.0071949797868728635 -0.003288800120353699 0.028994140625
v -0.00764510989189148 -0.0020337800681591036 0.0289404296875
v -0.007878080010414124 -0.000720990002155304 0.02888672113418579
v -0.007887269854545593 0.0006122799962759018 0.028833010196685792
v -0.007672430276870728 0.0019281600415706635 0.028779299259185792
v -0.007239649891853332 0.0031892699003219604 0.028725590705871582
v -0.006601219773292541 0.004359790086746216 0.028671879768371582
v -0.005775300264358521 0.005406469702720642 0.02861815929412842
v -0.0047853198647499085 0.006299579739570618 0.02856445074081421
v -0.0036594200134277347 0.007013739943504333 0.02851073980331421
v -0.002429569959640503 0.007528690099716187 0.02845702886581421
v -0.0011307100206613542 0.007829779982566834 0.0284033203125
v 0.00020027000457048416 0.007908459901809693 0.028349609375
v 0.0015255600214004517 0.0077625101804733275 0.02829590082168579
v 0.0028075200319290163 0.0073960602283477785 0.02824218988418579
v 0.004009729921817779 0.006819530129432678 0.02818847894668579
v 0.005098040103912353 0.006049289703369141 0.028134770393371582
v 0.006041539907455444 0.005107219815254212 0.02808104991912842
v 0.006813439726829529 0.004020079970359802 0.02802733898162842
v 0.0073917901515960695 0.0028187501430511474 0.02797363042831421
v 0.007760189771652222 0.0015373499691486358 0.02791991949081421
v 0.00790814995765686 0.00021228000521659852 0.0278662109375
v 0.00783149003982544 -0.0011188200116157533 0.0278125
v 0.007532370090484619 -0.002418130040168762 0.0277587890625
v 0.00701928973197937 -0.00364876002073288 0.02770508050918579
v 0.006306830048561096 -0.004775750041007996 0.02765136957168579
v 0.005415229797363281 -0.0057670801877975466 0.02759766101837158
v 0.004369809925556183 -0.0065946000814437866 0.02754395008087158
v 0.003200260102748871 -0.007234799861907959 0.02749022960662842
v 0.0019398100674152374 -0.007669489979743958 0.02743652105331421
v 0.0006242600083351135 -0.007886329889297486 0.02738281011581421
v -0.000709030032157898 -0.007879160046577453 0.02732909917831421
v -0.002022169977426529 -0.0076481902599334715 0.027275390625
v -0.0032778701186180117 -0.007199959754943848 0.0272216796875
v -0.004440470039844513 -0.006547229886054993 0.02716797113418579
v -0.005476930141448975 -0.005708510279655457 0.02711426019668579
v -0.0063578200340271 -0.004707649946212768 0.02706054925918579
v -0.0070581197738647464 -0.0035730698704719544 0.027006840705871584
v -0.007557929754257202 -0.002336989939212799 0.02695312976837158
v -0.00784305989742279 -0.0010345400124788285 0.02689940929412842
v -0.007905409932136535 0.0002973099984228611 0.02684570074081421
v -0.007743210196495057 0.0016207100450992586 0.02679198980331421
v -0.007361050248146058 0.00289806991815567 0.02673827886581421
v -0.0067698097229003905 0.004093109965324402 0.0266845703125
v -0.00598626971244812 0.005171890258789062 0.026630859375
v -0.005032699704170227 0.0061037600040435794 0.026577150821685793
v -0.003936159908771515 0.006862249970436096 0.02652343988418579
v -0.0027278199791908263 0.007425829768180847 0.02646972894668579
v -0.0014419999718666076 0.007778469920158387 0.026416020393371584
v -0.00011521999724209309 0.007910159826278686 0.026362299919128418
v 0.0012148399651050567 0.007817170023918152 0.026308588981628418
v 0.0025103801488876344 0.0075021302700042725 0.02625488042831421
v 0.003734619915485382 0.006973990201950073 0.02620116949081421
v 0.004852780103683472 0.006247749924659729 0.026147460937500002
v 0.005833100080490113 0.00534404993057251 0.02609375
v 0.0066477197408676145 0.004288550019264222 0.0260400390625
v 0.007273520231246948 0.003111239969730377 0.025986330509185793
v 0.007692720293998719 0.0018455499410629274 0.025932619571685793
v 0.007893400192260742 0.0005274299904704094 0.025878911018371583
v 0.007869870066642762 -0.0008056599646806717 0.025825200080871583
v 0.007622799873352051 -0.0021158699691295624 0.025771479606628418
v 0.007159199714660645 -0.003365980088710785 0.02571777105331421
v 0.006492239832878113 -0.004520480036735535 0.025664060115814208
v 0.0056408697366714475 -0.00554656982421875 0.025610349178314208
v 0.004629279971122742 -0.006415119767189026 0.025556640625
v 0.003486190140247345 -0.007101439833641052 0.025502929687500002
v 0.0022440700232982634 -0.007586039900779724 0.025449221134185792
v 0.0009382099658250809 -0.007855169773101807 0.025395510196685792
v -0.0003942999988794327 -0.007901170253753663 0.025341799259185793
v -0.0017156000435352326 -0.007722730040550232 0.025288090705871583
v -0.002988179922103882 -0.007324939966201783 0.025234379768371583
v -0.004175879955291748 -0.006719070076942444 0.025180659294128417
v -0.005244960188865662 -0.005922359824180603 0.02512695074081421
v -0.006165059804916382 -0.004957410097122193 0.02507323980331421
v -0.006910039782524109 -0.0038516598939895633 0.02501952886581421
v -0.007458739876747131 -0.0026364898681640624 0.0249658203125
v -0.00779558002948761 -0.0013464400172233581 0.024912109375
v -0.007910979986190796 -1.813999959267676e-05 0.02485840082168579
v -0.007801669836044312 0.001310669928789139 0.024804689884185792
v -0.0074707502126693725 0.002602260112762451 0.024750978946685792
v -0.006927629709243774 0.0038199201226234436 0.024697270393371582
v -0.006187729835510254 0.004929090142250061 0.02464354991912842
v -0.005272070169448853 0.005898240208625794 0.02458983898162842
v -0.004206649959087372 0.0066998499631881715 0.02453613042831421
v -0.0030217498540878298 0.007311149835586548 0.02448241949081421
v -0.0017510099709033967 0.00771477997303009 0.0244287109375
v -0.00043053001165390016 0.007899280190467834 0.024375
v 0.0009021800011396408 0.007859389781951904 0.0243212890625
v 0.0022092600166797637 0.007596259713172912 0.02426758050918579
v 0.003453580141067505 0.007117350101470948 0.02421386957168579
v 0.0045998099446296695 0.006436280012130737 0.02416016101837158
v 0.005615379810333252 0.00557237982749939 0.024106450080871582
v 0.0064714401960372925 0.004550209939479828 0.02405272960662842
v 0.007143679857254028 0.0033987799286842348 0.02399902105331421
v 0.007613009810447693 0.0021508100628852846 0.02394531011581421
v 0.007866089940071106 0.000841749981045723 0.02389159917831421
v 0.007895730137825012 -0.0004912300035357475 0.023837890625
v 0.007701100111007691 -0.0018102499842643739 0.0237841796875
v 0.00728771984577179 -0.0030778399109840393 0.02373047113418579
v 0.006667320132255555 -0.004258019924163818 0.02367676019668579
v 0.005857549905776978 -0.005317239761352539 0.02362304925918579
v 0.004881390035152435 -0.006225429773330689 0.02356934070587158
v 0.003766570091247559 -0.006956790089607239 0.02351562976837158
v 0.0025447601079940795 -0.007490530014038086 0.02346190929412842
v 0.0012506799399852754 -0.007811509966850281 0.02340820074081421
v -7.894000038504601e-05 -0.007910609841346741 0.02335448980331421
v -0.0014063100516796111 -0.007785000205039978 0.02330077886581421
v -0.002693740129470825 -0.007438259720802308 0.0232470703125
v -0.0039046499133110046 -0.006880239844322205 0.023193359375
v -0.005004649758338928 -0.006126779913902283 0.02313965082168579
v -0.00596248984336853 -0.005199289917945862 0.02308593988418579
v -0.006750969886779785 -0.004124119877815247 0.02303222894668579
v -0.007347689867019653 -0.00293179988861084 0.022978520393371584
v -0.007735689878463745 -0.0016561999917030334 0.02292479991912842
v -0.00790395975112915 -0.0003335599973797798 0.02287108898162842
v -0.007847729921340942 0.000998549982905388 0.02281738042831421
v -0.007568569779396057 0.0023023100197315217 0.02276366949081421
v -0.007074440121650696 0.0035406601428985595 0.0227099609375
v -0.006379349827766418 0.0046784400939941405 0.02265625
v -0.005503060221672058 0.0056833398342132566 0.0226025390625
v -0.004470449984073639 0.0065267902612686154 0.022548830509185793
v -0.0033108600974082946 0.007184849977493286 0.02249511957168579
v -0.0020572200417518617 0.0076388299465179445 0.022441411018371583
v -0.0007451499998569488 0.007875829935073853 0.022387700080871584
v 0.0005880799889564514 0.007889109849929809 0.022333979606628418
v 0.0019046099483966828 0.00767831027507782 0.022280271053314208
v 0.0031670400500297545 0.007249400019645691 0.02222656011581421
v 0.004339520037174225 0.006614570021629334 0.02217284917831421
v 0.005388720035552979 0.005791850090026855 0.022119140625000002
v 0.006284859776496887 0.004804620146751404 0.0220654296875
v 0.007002480030059814 0.0036809200048446658 0.022011721134185792
v 0.007521200180053711 0.0024526500701904297 0.021958010196685793
v 0.00782626986503601 0.001154719963669777 0.021904299259185793
v 0.007909039855003358 -0.00017601000145077707 0.021850590705871583
v 0.0077671498060226446 -0.0015017400681972505 0.021796879768371583
v 0.007404639720916748 -0.0027848100662231446 0.021743159294128418
v 0.0068317997455596925 -0.003988789916038514 0.02168945074081421
v 0.006064900159835815 -0.005079460144042969 0.021635739803314208
v 0.005125730037689209 -0.006025850176811219 0.021582028865814208
v 0.004040960073471069 -0.006801069974899292 0.0215283203125
v 0.002841410040855408 -0.007383109927177429 0.021474609375000002
v 0.0015611499547958374 -0.007755429744720459 0.021420900821685792
v 0.0002365400083363056 -0.007907459735870362 0.021367189884185792
v -0.0010947799682617188 -0.007834879755973816 0.021313478946685793
v -0.002395009994506836 -0.007539749741554261 0.021259770393371583
v -0.003627209961414337 -0.0070304501056671145 0.021206049919128417
v -0.004756380021572113 -0.006321460008621216 0.021152338981628417
v -0.0057504397630691526 -0.005432900190353394 0.02109863042831421
v -0.006581159830093384 -0.004390020072460175 0.02104491949081421
v -0.007224940061569214 -0.0032224398851394653 0.0209912109375
v -0.007663499712944031 -0.0019633300602436067 0.0209375
v -0.007884380221366883 -0.0006484500318765641 0.0208837890625
v -0.00788129985332489 0.0006848499923944473 0.02083008050918579
v -0.007654349803924561 0.0019986900687217713 0.020776369571685792
v -0.00720999002456665 0.0032557699084281924 0.020722661018371582
v -0.006560819745063782 0.004420360028743744 0.020668950080871582
v -0.005725290179252625 0.00545939028263092 0.02061522960662842
v -0.0047271400690078735 0.006343349814414978 0.02056152105331421
v -0.0035947099328041076 0.00704712986946106 0.02050781011581421
v -0.002360170036554337 0.0075507301092147825 0.02045409917831421
v -0.0010585899651050568 0.007839850187301637 0.020400390625
v 0.000273049995303154 0.007906290292739869 0.0203466796875
v 0.0015969400107860565 0.007748140096664429 0.02029297113418579
v 0.002875469923019409 0.007369909882545472 0.02023926019668579
v 0.004072319865226746 0.006782339811325073 0.02018554925918579
v 0.005153499841690064 0.006002110242843628 0.02013184070587158
v 0.006088290214538574 0.0050514000654220586 0.020078129768371582
v 0.006850150227546692 0.003957200050354004 0.02002440929412842
v 0.0074174201488494875 0.0027505901455879213 0.019970699548721313
v 0.007774009704589844 0.0014658600091934204 0.01991698980331421
v 0.007909770011901856 0.00013949000276625156 0.019863280057907103
v 0.007820860147476197 -0.0011908499896526336 0.0198095703125
v 0.0075097900629043585 -0.0024873599410057067 0.019755860567092897
v 0.00698540985584259 -0.003713209927082062 0.019702149629592897
v 0.006262609958648682 -0.004833590090274811 0.01964843988418579
v 0.005361919999122619 -0.0058166801929473875 0.019594730138778688
v 0.004308930039405823 -0.00663453996181488 0.01954102039337158
v 0.0031335398554801944 -0.0072639399766922 0.01948729991912842
v 0.0018691399693489075 -0.0076870197057724 0.019433590173721312
v 0.0005516500025987626 -0.007891740202903747 0.01937988042831421
v -0.0007815100252628326 -0.007872300148010254 0.01932616949081421
v -0.0020924699306488037 -0.007629250288009644 0.019272459745407106
v -0.003343999981880188 -0.007169489860534668 0.01921875
v -0.004500539898872375 -0.006506080031394959 0.019165040254592897
v -0.005529239773750305 -0.005657860040664673 0.01911133050918579
v -0.006400880217552185 -0.004648939967155457 0.01905761957168579
v -0.007090709805488586 -0.0035079601407051087 0.019003909826278687
v -0.007579119801521301 -0.0022673299908638 0.018950200080871584
v -0.007852249741554261 -0.0009623099863529205 0.01889647960662842
v -0.007902340292930602 0.00037004999816417697 0.018842769861221315
v -0.007727959752082825 0.0016919000446796418 0.01878906011581421
v -0.0073340702056884765 0.0029657000303268434 0.018735350370407106
v -0.006731849908828735 0.004155249893665313 0.018681639432907106
v -0.005938420295715332 0.005226770043373108 0.0186279296875
v -0.0049763000011444096 0.00614982008934021 0.018574219942092896
v -0.003872840106487274 0.006898189783096313 0.018520510196685793
v -0.002659359872341156 0.00745061993598938 0.018466800451278687
v -0.0013703499734401704 0.007791410088539123 0.018413089513778687
v -4.2409999296069145e-05 0.007910889983177185 0.018359379768371584
v 0.001286730021238327 0.007805650234222412 0.018305660486221315
v 0.0025793200731277464 0.007478700280189514 0.018251949548721315
v 0.003798649907112122 0.006939319968223572 0.01819823980331421
v 0.004910080134868622 0.00620281994342804 0.018144530057907105
v 0.005882040262222291 0.00529013991355896 0.018090820312500002
v 0.006686909794807434 0.004227190017700195 0.018037110567092896
v 0.007301849722862244 0.003044160008430481 0.017983399629592896
v 0.00770937979221344 0.0017746700346469879 0.017929689884185793
v 0.007897920012474061 0.00045476000756025317 0.017875980138778686
v 0.007862120270729064 -0.0008780600130558014 0.017822270393371583
v 0.007602999806404114 -0.0021859399974346163 0.017768549919128417
v 0.0071279102563858035 -0.0034317299723625183 0.017714840173721314
v 0.00645035982131958 -0.004580039978027344 0.01766113042831421
v 0.005589590072631836 -0.005598250031471253 0.017607419490814208
v 0.004570040106773377 -0.006457449793815613 0.017553709745407105
v 0.0034206798672676087 -0.0071332198381423954 0.0175
v 0.004950830042362213 -0.0059976899623870854 0.0175
v 0.006158530116081238 -0.004522509872913361 0.0175
v 0.0069611197710037235 -0.0027974000573158264 0.0175
v 0.007302640080451965 -0.0009247200191020966 0.0175
v 0.007289320230484009 2.8119999915361403e-05 0.0175
v 0.007151139974594116 0.0009725999832153321 0.0175
v 0.006890159845352173 0.0018877600133419038 0.0175
v 0.006509100198745728 0.0027606800198554994 0.0175
v 0.006012780070304871 0.003575809895992279 0.0175
v 0.005410249829292298 0.0043150800466537475 0.0175
v 0.00471127986907959 0.004964390099048615 0.0175
v 0.0039288800954818725 0.005509639978408813 0.0175
v 0.002947799861431122 0.006091200113296509 0.017553709745407105
v 0.0018829900026321412 0.006499739885330201 0.017607419490814208
v 0.0007646899670362472 0.006723650097846985 0.01766113042831421
v -0.00037533000111579897 0.006756579875946045 0.017714840173721314
v -0.0015046900510787965 0.00659758985042572 0.017768549919128417
v -0.0025913000106811525 0.006251189708709717 0.017822270393371583
v -0.003604319989681244 0.005727229714393616 0.017875980138778686
v -0.004514949917793274 0.005040590167045594 0.017929689884185793
v -0.005297330021858215 0.004210770130157471 0.017983399629592896
v -0.005929250121116638 0.0032613399624824525 0.018037110567092896
v -0.00639274001121521 0.002219270020723343 0.018090820312500002
v -0.0066746497154235845 0.001114170029759407 0.018144530057907105
v -0.006766960024833679 -2.2589999716728925e-05 0.01819823980331421
v -0.006667060256004334 -0.0011586999893188478 0.018251949548721315
v -0.006377779841423035 -0.002261900007724762 0.018305660486221315
v -0.005907340049743652 -0.003300850093364716 0.018359379768371584
v -0.005269110202789307 -0.004246029853820801 0.018413089513778687
v -0.004481199979782104 -0.005070610046386719 0.018466800451278687
v -0.0035660099983215333 -0.005751159787178039 0.018520510196685793
v -0.002549520134925842 -0.006268349885940552 0.018574219942092896
v -0.001460610032081604 -0.006607490181922913 0.0186279296875
v -0.0003302200138568878 -0.00675894021987915 0.018681639432907106
v 0.0008095599710941315 -0.006718400120735169 0.018735350370407106
v 0.001926340013742447 -0.006487029790878296 0.01878906011581421
v 0.002988399863243103 -0.00607138991355896 0.018842769861221315
v 0.0039655700325965885 -0.005483289957046509 0.01889647960662842
v 0.0048301100730896 -0.004739449918270112 0.018950200080871584
v 0.005557439923286438 -0.003860970139503479 0.019003909826278687
v 0.006126919984817505 -0.0028728300333023074 0.01905761957168579
v 0.006522359848022461 -0.00180308997631073 0.01911133050918579
v 0.006732529997825623 -0.0006821200251579285 0.019165040254592897
v 0.00675146996974945 0.0004582099989056587 0.01921875
v 0.0065786302089691166 0.0015855400264263154 0.019272459745407106
v 0.0062189197540283205 0.0026678198575973513 0.01932616949081421
v 0.005682569742202759 0.0036743301153182983 0.01937988042831421
v 0.004984799921512604 0.0045764601230621335 0.019433590173721312
v 0.004145439863204956 0.005348610281944275 0.01948729991912842
v 0.0031883299350738527 0.005968819856643677 0.01954102039337158
v 0.0021406599879264833 0.006419489979743957 0.019594730138778688
v 0.0010321799665689469 0.006687819957733154 0.01964843988418579
v -0.00010563000105321408 0.0067661798000335695 0.019702149629592897
v -0.0012404199689626694 0.006652340292930603 0.019755860567092897
v -0.0023399899899959565 0.006349549889564514 0.0198095703125
v -0.0033730900287628172 0.005866389870643616 0.019863280057907103
v -0.004310370087623596 0.005216599702835083 0.01991698980331421
v -0.0051252198219299315 0.00441864013671875 0.019970699548721313
v -0.005794489979743958 0.0034951600432395935 0.02002440929412842
v -0.006299170255661011 0.0024724000692367552 0.020078129768371582
v -0.0066249102354049684 0.0013794200122356414 0.02013184070587158
v -0.006762480139732361 0.00024724999442696574 0.02018554925918579
v -0.006707959771156311 -0.0008919399976730347 0.02023926019668579
v -0.006462900042533875 -0.0020058000087738036 0.02029297113418579
v -0.006034259796142578 -0.0030626800656318666 0.0203466796875
v -0.005434219837188721 -0.004032559990882874 0.020400390625
v -0.004679819941520691 -0.004887900054454803 0.02045409917831421
v -0.003792490065097809 -0.005604400038719177 0.02050781011581421
v -0.002797429859638214 -0.006161710023880005 0.02056152105331421
v -0.0017229099571704864 -0.006543989777565003 0.02061522960662842
v -0.00059944998472929 -0.006740400195121766 0.020668950080871582
v 0.0005410299822688103 -0.0067453402280807494 0.020722661018371582
v 0.0016661499440670015 -0.006558679938316345 0.020776369571685792
v 0.002743940055370331 -0.006185719966888428 0.02083008050918579
v 0.003743779957294464 -0.00563705027103424 0.0208837890625
v 0.004637289941310883 -0.004928269982337952 0.0209375
v 0.005399069786071777 -0.004079500138759613 0.0209912109375
v 0.006007500290870667 -0.003114849925041199 0.02104491949081421
v 0.006445279717445374 -0.0020617200434207917 0.02109863042831421
v 0.006699979901313782 -0.0009500300139188767 0.021152338981628417
v 0.006764370203018189 0.00018865000456571578 0.021206049919128417
v 0.006636620163917542 0.0013219699263572694 0.021259770393371583
v 0.006320350170135498 0.0024177299439907076 0.021313478946685793
v 0.005824559926986695 0.0034448200464248656 0.021367189884185792
v 0.005163319706916809 0.00437406986951828 0.021420900821685792
v 0.004355410039424896 0.005179060101509095 0.021474609375000002
v 0.0034237900376319886 0.005836949944496155 0.0215283203125
v 0.0023949199914932253 0.00632902979850769 0.021582028865814208
v 0.0012980200350284578 0.0066413402557373045 0.021635739803314208
v 0.0001642500050365925 0.006765009760856628 0.02168945074081421
v -0.0009741900116205216 0.006696509718894959 0.021743159294128418
v -0.0020849500596523286 0.00643779993057251 0.021796879768371583
v -0.0031365001201629637 0.005996220111846924 0.021850590705871583
v -0.004098950028419495 0.00538432002067566 0.021904299259185793
v -0.004944959878921509 0.004619480073451996 0.021958010196685793
v -0.005650519728660584 0.003723430037498474 0.022011721134185792
v -0.006195579767227173 0.0027215999364852907 0.0220654296875
v -0.006564639806747437 0.0016424800455570221 0.022119140625000002
v -0.0067472499608993534 0.0005166900157928467 0.02217284917831421
v -0.006738190054893494 -0.0006237699836492539 0.02222656011581421
v -0.006537740230560303 -0.0017465099692344666 0.022280271053314208
v -0.006151580214500427 -0.002819640040397644 0.022333979606628418
v -0.005590689778327942 -0.003812679946422577 0.022387700080871584
v -0.004870989918708802 -0.0046974200010299685 0.022441411018371583
v -0.00401293009519577 -0.005448729991912842 0.02249511957168579
v -0.003040890097618103 -0.0060452699661254885 0.022548830509185793
v -0.001982470005750656 -0.00647009015083313 0.0226025390625
v -0.0008677399903535843 -0.006711130142211914 0.02265625
v 0.0002716399915516377 -0.006761549711227417 0.0227099609375
v 0.001403310000896454 -0.006619899868965149 0.02276366949081421
v 0.002495110034942627 -0.006290209889411927 0.02281738042831421
v 0.0035160401463508605 -0.0057818502187728885 0.02287108898162842
v 0.004437099993228912 -0.0051092499494552615 0.02292479991912842
v 0.005232120156288147 -0.004291529953479767 0.022978520393371584
v 0.005878520011901855 -0.0033518999814987184 0.02303222894668579
v 0.00635794997215271 -0.0023170700669288636 0.02308593988418579
v 0.0066567701101303105 -0.0012164200097322464 0.02313965082168579
v 0.006766510009765625 -8.12199991196394e-05 0.023193359375
v 0.006684049963951111 0.0010562899708747864 0.0232470703125
v 0.006411730051040649 0.0021638000011444092 0.02330077886581421
v 0.005957279801368714 0.0032098400592803955 0.02335448980331421
v 0.005333619713783265 0.00416471004486084 0.02340820074081421
v 0.004558449983596802 0.005001279711723328 0.02346190929412842
v 0.003653799891471863 0.00569579005241394 0.02351562976837158
v 0.002645370066165924 0.0062285101413726805 0.02356934070587158
v 0.0015617899596691131 0.006584309935569763 0.02362304925918579
v 0.0004338600113987923 0.006753079891204834 0.02367676019668579
v -0.0007064100354909897 0.006730030179023743 0.02373047113418579
v -0.0018265999853610993 0.006515809893608094 0.0237841796875
v -0.0028949099779129028 0.006116520166397095 0.023837890625
v -0.003880999982357025 0.005543479919433594 0.02389159917831421
v -0.004756839871406555 0.004812979996204376 0.02394531011581421
v -0.005497559905052185 0.003945769965648651 0.02399902105331421
v -0.006082130074501038 0.0029664799571037293 0.02405272960662842
v -0.006493930220603943 0.0019029200077056885 0.024106450080871582
v -0.006721280217170715 0.0007853200286626815 0.02416016101837158
v -0.0067576998472213745 -0.0003545999899506569 0.02421386957168579
v -0.006602180004119873 -0.0014844399690628052 0.02426758050918579
v -0.006259109973907471 -0.0025721099972724915 0.0243212890625
v -0.0057382601499557494 -0.0035867300629615784 0.024375
v -0.0050544202327728275 -0.004499459862709046 0.0244287109375
v -0.004226999878883362 -0.005284389853477478 0.02448241949081421
v -0.0032795101404190065 -0.005919209718704224 0.02453613042831421
v -0.0022388699650764464 -0.006385899782180786 0.02458983898162842
v -0.0011346399784088136 -0.006671199798583985 0.02464354991912842
v 1.8200000340584665e-06 -0.006766999959945679 0.024697270393371582
v 0.001138240024447441 -0.006670590043067933 0.024750978946685792
v 0.0022423200309276583 -0.006384689807891846 0.024804689884185792
v 0.0032827100157737732 -0.005917440056800842 0.02485840082168579
v 0.004229849874973297 -0.00528210997581482 0.024912109375
v 0.005056840181350708 -0.004496740102767944 0.0249658203125
v 0.005740200281143189 -0.0035836300253868103 0.02501952886581421
v 0.006260499954223633 -0.002568739950656891 0.02507323980331421
v 0.0066029798984527585 -0.001480879932641983 0.02512695074081421
v 0.006757889986038208 -0.0003509499877691269 0.025180659294128417
v 0.0067208498716354375 0.000788939967751503 0.025234379768371583
v 0.006492909789085388 0.0019064199924468995 0.025288090705871583
v 0.006080530285835266 0.002969760000705719 0.025341799259185793
v 0.005495439767837525 0.0039487299323081974 0.025395510196685792
v 0.004754239916801453 0.004815540015697479 0.025449221134185792
v 0.0038780099153518676 0.0055455702543258665 0.025502929687500002
v 0.002891620099544525 0.006118080019950867 0.025556640625
v 0.0018230900168418884 0.006516799926757813 0.025610349178314208
v 0.0007027799636125564 0.006730409860610962 0.025664060115814208
v -0.00043749999254941944 0.006752840280532837 0.02571777105331421
v -0.0015653499960899353 0.006583459973335266 0.025771479606628418
v -0.002648729979991913 0.0062270802259445195 0.025825200080871583
v -0.003656879961490631 0.005693820118904114 0.025878911018371583
v -0.0045611500740051275 0.004998820126056671 0.025932619571685793
v -0.005335860252380371 0.004161829948425293 0.025986330509185793
v -0.005959010124206543 0.003206630051136017 0.0260400390625
v -0.006412889957427979 0.0021603399515151976 0.02609375
v -0.0066846197843551634 0.0010526899993419647 0.026147460937500002
v -0.006766470074653625 -8.48700013011694e-05 0.02620116949081421
v -0.0066561102867126465 -0.0012200099974870682 0.02625488042831421
v -0.00635670006275177 -0.0023205000162124633 0.026308588981628418
v -0.005876709818840027 -0.0033550798892974854 0.026362299919128418
v -0.005229799747467041 -0.004294350147247315 0.026416020393371584
v -0.004434340000152588 -0.005111640095710754 0.02646972894668579
v -0.003512920141220093 -0.005783740282058716 0.02652343988418579
v -0.0024917200207710266 -0.006291549801826477 0.026577150821685793
v -0.001399739980697632 -0.006620650291442871 0.026630859375
v -0.000267999991774559 -0.006761689782142639 0.0266845703125
v 0.0008713600039482117 -0.006710669994354248 0.02673827886581421
v 0.001985960006713867 -0.006469020247459412 0.02679198980331421
v 0.003044149875640869 -0.006043630242347718 0.02684570074081421
v 0.004015870094299316 -0.00544655978679657 0.02689940929412842
v 0.004873520135879517 -0.004694789946079254 0.02695312976837158
v 0.005592740178108215 -0.0038096600770950316 0.027006840705871584
v 0.0061531001329422 -0.002816320061683655 0.02706054925918579
v 0.006538680195808411 -0.001742980033159256 0.02711426019668579
v 0.006738529801368714 -0.0006201300024986267 0.02716797113418579
v 0.006746969819068908 0.0005203299969434738 0.0272216796875
v 0.0065637600421905515 0.0016460199654102325 0.027275390625
v 0.006194109916687012 0.0027249500155448916 0.02732909917831421
v 0.005648509860038758 0.003726469874382019 0.02738281011581421
v 0.0049424698948860165 0.004622150063514709 0.02743652105331421
v 0.00409604012966156 0.00538653016090393 0.02749022960662842
v 0.003133260011672974 0.005997909903526306 0.02754395008087158
v 0.0020814800262451173 0.00643891990184784 0.02759766101837158
v 0.0009705799818038941 0.006697030067443848 0.02765136957168579
v -0.0001678900048136711 0.006764919757843018 0.02770508050918579
v -0.0013016000390052797 0.006640639901161194 0.0277587890625
v -0.0023983299732208254 0.006327739953994751 0.0278125
v -0.003426940143108368 0.005835099816322326 0.0278662109375
v -0.004358200132846832 0.0051767098903656005 0.02791991949081421
v -0.005165680050849914 0.004371280074119568 0.02797363042831421
v -0.005826410055160523 0.003441680073738098 0.02802733898162842
v -0.006321660280227661 0.002414319962263107 0.02808104991912842
v -0.006637330055236816 0.0013183900713920594 0.028134770393371582
v -0.0067644697427749634 0.00018500000238418578 0.02818847894668579
v -0.0066994702816009525 -0.0009536399692296982 0.02824218988418579
v -0.0064441698789596555 -0.002065189927816391 0.02829590082168579
v -0.006005820035934448 -0.003118090033531189 0.028349609375
v -0.0053968697786331175 -0.004082410037517548 0.0284033203125
v -0.004634630084037781 -0.0049307700991630555 0.02845702886581421
v -0.0037407401204109193 -0.005639070272445679 0.02851073980331421
v -0.0027406001091003418 -0.006187199950218201 0.02856445074081421
v -0.0016626100242137908 -0.006559569835662842 0.02861815929412842
v -0.0005373900011181831 -0.006745629906654358 0.028671879768371582
v 0.0006030900031328201 -0.0067400699853897095 0.028725590705871582
v 0.001726440042257309 -0.0065430599451065065 0.028779299259185792
v 0.0028007501363754273 -0.006160200238227845 0.028833010196685792
v 0.0037955099344253542 -0.005602359771728516 0.02888672113418579
v 0.004682449996471405 -0.0048853799700737 0.0289404296875
v 0.005436390042304993 -0.0040296301245689396 0.028994140625
v 0.006035910248756409 -0.0030594199895858766 0.02904784917831421
v 0.006463980078697204 -0.0020023100078105927 0.02910156011581421
v 0.0067084401845932005 -0.0008883199840784073 0.02915527105331421
v 0.006762350201606751 0.0002508999966084957 0.029208979606628417
v 0.006624169945716858 0.0013829900324344635 0.029262700080871583
v 0.006297829747200012 0.0024758000671863557 0.029316411018371583
v 0.005792610049247741 0.0034982898831367494 0.029370119571685793
v 0.005122839808464051 0.004421400129795075 0.029423830509185792
v 0.004307560026645661 0.0052189302444458005 0.029477539062500002
v 0.0033699199557304382 0.005868210196495056 0.029531250000000002
v 0.0023365700244903564 0.006350809931755066 0.0295849609375
v 0.0012368399649858475 0.006653010249137879 0.029638669490814208
v 0.00010197999887168408 0.006766229867935181 0.029692380428314208
v -0.0010357800126075745 0.006687260270118713 0.029746088981628418
v -0.0021441200375556945 0.0064183402061462405 0.029799799919128418
v -0.0031915500760078433 0.005967100262641907 0.029853520393371583
v -0.004148330092430115 0.005346369743347168 0.029907228946685793
v -0.004987269937992096 0.0045737698674201965 0.029960939884185793
v -0.005684549808502197 0.003671259880065918 0.030014650821685793
v -0.006220359802246094 0.002664470076560974 0.030068359375
v -0.006579480171203613 0.001581989973783493 0.030122070312500002
v -0.006751710176467896 0.0004545700177550316 0.03017577886581421
v -0.006732159852981568 -0.0006857600063085557 0.03022948980331421
v -0.006521390080451966 -0.0018065999448299407 0.03028320074081421
v -0.006125370264053345 -0.0028761398792266847 0.030336909294128418
v -0.005555359721183777 -0.0038639700412750246 0.030390629768371584
v -0.004827550053596497 -0.004742049872875214 0.030444340705871584
v -0.003962610065937042 -0.005485429763793946 0.03049804925918579
v -0.0029851201176643374 -0.006072999835014343 0.030551760196685793
v -0.001922840029001236 -0.0064880698919296265 0.030605471134185793
v -0.0008059299737215042 -0.006718840003013611 0.0306591796875
v 0.00033385999500751496 -0.006758760213851929 0.030712890625
v 0.0014641800522804261 -0.006606699824333191 0.03076659917831421
v 0.002552900016307831 -0.006266980171203613 0.03082031011581421
v 0.0035691100358963015 -0.0057492399215698245 0.03087402105331421
v 0.004483929872512817 -0.00506820023059845 0.03092772960662842
v 0.005271400213241577 -0.004243189990520478 0.030981450080871584
v 0.005909119844436646 -0.0032976600527763367 0.031035161018371584
v 0.006378999948501587 -0.00225845992565155 0.03108886957168579
v 0.006667690277099609 -0.001155100017786026 0.03114258050918579
v 0.006766970157623291 -1.8939999863505365e-05 0.0311962890625
v 0.006674050092697143 0.0011177700012922288 0.03125
v 0.006391540169715881 0.0022227199375629424 0.0313037109375
v 0.005927489995956421 0.0032645401358604434 0.031357419490814206
v 0.005295060276985168 0.004213620126247406 0.03141113042831421
v 0.004512229859828949 0.005043020248413086 0.03146483898162842
v 0.0036012300848960875 0.005729179978370667 0.03151854991912842
v 0.002587929964065552 0.006252589821815491 0.031572270393371585
v 0.0015011300146579743 0.006598399877548218 0.03162597894668579
v 0.00037167999893426894 0.006756780147552491 0.03167968988418579
v -0.0007683199644088745 0.00672324001789093 0.03173340082168579
v -0.001886499971151352 0.006498720049858094 0.031787109375
v -0.0029510900378227236 0.006089609861373901 0.031840820312500004
v -0.003931849896907806 0.005507519841194153 0.03189452886581421
v -0.004800939857959747 0.004768989980220795 0.03194823980331421
v -0.005533649921417237 0.003894999921321869 0.03200195074081421
v -0.006109179854393005 0.0029103699326515197 0.032055659294128416
v -0.006511170268058777 0.0018430699408054352 0.03210937976837158
v -0.006728219985961914 0.0007234200090169907 0.03216309070587158
v -0.006754149794578552 -0.0004167800024151802 0.03221679925918579
v -0.006588230133056641 -0.0015451399981975555 0.032270510196685795
v -0.006235179901123047 -0.0026296100020408632 0.032324221134185795
v -0.005705010294914246 -0.0036393898725509645 0.0323779296875
v -0.0050127899646759035 -0.004545789957046509 0.032431640625
v -0.00417818009853363 -0.005323070287704468 0.03248534917831421
v -0.0032249000668525696 -0.00594914972782135 0.03253906011581421
v -0.0021800099313259123 -0.006406239867210388 0.03259277105331421
v -0.0010731899738311767 -0.006681360006332397 0.03264647960662842
v 6.411000154912471e-05 -0.0067667001485824585 0.032700200080871586
v 0.0011995799839496612 -0.006659830212593079 0.032753911018371586
v 0.0023009899258613587 -0.0063637799024581915 0.03280761957168579
v 0.003337030112743378 -0.005886980295181274 0.03286133050918579
v 0.004278280138969422 -0.005242949724197388 0.0329150390625
v 0.00509801983833313 -0.004449999928474426 0.03296875
v 0.005772939920425415 -0.0035306501388549807 0.0330224609375
v 0.00628387987613678 -0.002511009871959686 0.03307616949081421
v 0.006616330146789551 -0.0014200399816036225 0.03312988042831421
v 0.0067608398199081425 -0.0002887400053441525 0.03318358898162842
v 0.006713309884071351 0.000850759968161583 0.03323729991912842
v 0.006475089788436889 0.0019661000370979308 0.03329102039337158
v 0.006052939891815185 0.003025589883327484 0.03334472894668579
v 0.0054588598012924195 0.003999139964580536 0.03339843988418579
v 0.004709720015525818 0.004859099984169006 0.03345215082168579
v 0.0038267999887466432 0.005581030249595643 0.033505859375
v 0.00283517986536026 0.006144430041313172 0.0335595703125
v 0.0017630299925804139 0.006533300280570984 0.03361327886581421
v 0.0006407999992370606 0.006736590266227722 0.03366698980331421
v -0.0004996300116181374 0.006748530268669129 0.03372070074081421
v -0.0016258700191974641 0.006568779945373535 0.03377440929412842
v -0.0027059298753738404 0.006202440261840821 0.03382812976837158
v -0.0037091299891471863 0.00565991997718811 0.03388184070587158
v -0.004606960117816925 0.004956629872322082 0.03393554925918579
v -0.005373939871788025 0.0041125500202178955 0.03398926019668579
v -0.005988270044326782 0.003151650130748749 0.03404297113418579
v -0.006432510018348694 0.002101230025291443 0.0340966796875
v -0.006694020032882691 0.0009911199659109115 0.034150390625
v -0.006765400171279907 -0.00014713999815285205 0.03420409917831421
v -0.006644600033760071 -0.001281220018863678 0.03425781011581421
v -0.006335070133209228 -0.0023789100348949434 0.03431152105331421
v -0.005845590233802795 -0.0034090200066566466 0.03436522960662842
v -0.005190060138702392 -0.004342299997806549 0.034418950080871584
v -0.004387109875679016 -0.005152239799499512 0.034472661018371584
v -0.0034595400094985965 -0.005815830230712891 0.03452636957168579
v -0.0024337099492549898 -0.006314219832420349 0.03458008050918579
v -0.0013387399911880494 -0.006633250117301941 0.0346337890625
v -0.0002057499997317791 -0.006763870120048523 0.0346875
v 0.0009330800175666809 -0.006702359914779663 0.0347412109375
v 0.002045409977436066 -0.006450470089912415 0.03479491949081421
v 0.0030996400117874147 -0.0060153502225875856 0.03484863042831421
v 0.004065830111503601 -0.0054093700647354125 0.034902338981628415
v 0.004916529953479767 -0.004649739861488342 0.03495604991912842
v 0.005627570152282715 -0.0037580299377441406 0.03500977039337158
v 0.006178759932518005 -0.0027595698833465577 0.035063478946685794
v 0.006554440259933472 -0.00168273001909256 0.035117189884185794
v 0.006743950247764588 -0.0005580800026655197 0.035170900821685794
v 0.006741889715194702 0.0005824099853634834 0.035224609375
v 0.006548330187797546 0.0017063599824905396 0.0352783203125
v 0.006168760061264038 0.0027818399667739867 0.035332028865814206
v 0.005613980293273926 0.0037782999873161318 0.03538573980331421
v 0.0048997199535369875 0.004667440056800843 0.03543945074081421
v 0.0040462899208068845 0.005424000024795532 0.03549315929412842
v 0.00307792991399765 0.00602649986743927 0.035546879768371585
v 0.0020221300423145295 0.006457809805870057 0.035600590705871585
v 0.0009088999778032303 0.006705679893493652 0.03565429925918579
v -0.0002301499992609024 0.0067630898952484135 0.03570801019668579
v -0.0013626599311828613 0.006628379821777344 0.03576172113418579
v -0.0024564699828624726 0.006305400133132934 0.035815429687500004
v -0.0034804999828338622 0.00580331027507782 0.035869140625000004
v -0.0044056600332260136 0.005136380195617676 0.03592284917831421
v -0.005205690264701844 0.004323549866676331 0.03597656011581421
v -0.005857840180397034 0.0033879101276397708 0.03603027105331421
v -0.006343610286712646 0.00235604003071785 0.036083979606628416
v -0.006649180054664612 0.0012572400271892547 0.03613770008087158
v -0.006765890121459961 0.0001227299962192774 0.03619141101837158
v -0.006690409779548645 -0.0010152599960565568 0.036245119571685795
v -0.0064248800277709964 -0.0021244199573993683 0.036298830509185795
v -0.00597685992717743 -0.003173229992389679 0.0363525390625
v -0.005359069705009461 -0.004131909906864167 0.03640625
v -0.004589050114154816 -0.004973219931125641 0.0364599609375
v -0.0036886799335479736 -0.00567326009273529 0.03651366949081421
v -0.0026835399866104127 -0.006212159991264343 0.03656738042831421
v -0.0016021700203418731 -0.006574599742889404 0.03662108898162842
v -0.0004752799868583679 -0.006750289797782898 0.03667479991912842
v 0.0006650999933481217 -0.006734240055084229 0.036728520393371586
v 0.0017865900695323944 -0.006526899933815003 0.03678222894668579
v 0.0028573301434516906 -0.006134160161018372 0.03683593988418579
v 0.0038469099998474122 -0.005567190051078796 0.03688965082168579
v 0.004727219939231872 -0.004842079877853393 0.036943359375
v 0.0054732501506805425 -0.00397942990064621 0.0369970703125
v 0.006063809990882874 -0.0030037400126457217 0.03705077886581421
v 0.006482139825820923 -0.001942729949951172 0.03710448980331421
v 0.0067163300514221196 -0.0008265399932861329 0.03715820074081421
v 0.0067597502470016484 0.0003131299838423729 0.03721190929412842
v 0.006611160039901733 0.0014439000189304353 0.03726562976837158
v 0.006274780035018921 0.0025336599349975587 0.03731934070587158
v 0.005760160088539123 0.0035514500737190246 0.03737304925918579
v 0.005081930160522461 0.00446835994720459 0.03742676019668579
v 0.00425933986902237 0.0052583497762680054 0.03748047113418579
v 0.0033157700300216674 0.0058989799022674564 0.0375341796875
v 0.0022780199348926547 0.006372039914131164 0.037587890625
v 0.0011755499988794326 0.006664109826087952 0.03764159917831421
v 3.9699999615550044e-05 0.00676688015460968 0.03769531011581421
v -0.0010972899943590163 0.00667743980884552 0.03774902105331421
v -0.0022031000256538392 0.006398329734802246 0.03780272960662842
v -0.0032463398575782775 0.005937470197677612 0.03785645008087158
v -0.004197359979152679 0.005307959914207459 0.03791016101837158
v -0.005029159784317017 0.004527679979801178 0.03796386957168579
v -0.005718100070953369 0.0036187899112701417 0.03801758050918579
v -0.006244620084762573 0.0026071000099182127 0.0380712890625
v -0.006593769788742066 0.0015213599801063538 0.038125
v -0.006755610108375549 0.00039241001009941105 0.0381787109375
v -0.0067255699634552 -0.0007476899772882462 0.03823241949081421
v -0.006504480242729187 -0.0018665499985218049 0.03828613042831421
v -0.006098639965057373 -0.0029323899745941164 0.03833983898162842
v -0.005519559979438782 -0.003914940059185028 0.03839354991912842
v -0.004783700108528137 -0.00478628009557724 0.038447270393371584
v -0.003911960124969483 -0.005521669983863831 0.03850097894668579
v -0.0029291000962257388 -0.006100220084190369 0.03855468988418579
v -0.001863040030002594 -0.006505489945411683 0.03860840082168579
v -0.000744059979915619 -0.006725969910621643 0.038662109375
v 0.000396060012280941 -0.006755399703979492 0.0387158203125
v 0.001524920016527176 -0.0065929400920867924 0.03876952886581421
v 0.0026104700565338134 -0.006243209838867188 0.03882323980331421
v 0.00362186998128891 -0.0057161498069763185 0.03887695074081421
v 0.004530389904975891 -0.005026710033416748 0.038930659294128415
v 0.005310230255126953 -0.004194500148296356 0.03898437976837158
v 0.005939220190048218 -0.003243130147457123 0.03903809070587158
v 0.006399520039558411 -0.0021996499598026277 0.039091799259185794
v 0.006678029894828796 -0.0010936799645423888 0.039145510196685794
v 0.006766859889030457 4.335000179708004e-05 0.039199221134185794
v 0.006663479804992676 0.0011791499704122545 0.0392529296875
v 0.006370810270309449 0.002281450033187866 0.039306640625
v 0.0058971899747848515 0.0033189499378204344 0.039360349178314206
v 0.005256059765815735 0.004262180030345917 0.03941406011581421
v 0.004465619921684265 0.00508433997631073 0.03946777105331421
v 0.0035483399033546447 0.005762079954147339 0.03952147960662842
v 0.00253028005361557 0.0062761402130126955 0.039575200080871585
v 0.0014403299987316132 0.006611940264701843 0.039628911018371585
v 0.0003094800002872944 0.006759920120239258 0.03968261957168579
v -0.0008301600068807602 0.006715890169143677 0.03973633050918579
v -0.0019462299346923828 0.006481090188026429 0.0397900390625
v -0.0030070099234580996 0.006062189936637878 0.039843750000000004
v -0.003982380032539368 0.005471100211143494 0.039897460937500004
v -0.004844619929790497 0.004724609851837158 0.03995116949081421
v -0.005569260120391846 0.0038439100980758667 0.04000487804412842
v -0.00613569974899292 0.0028540199995040895 0.04005858898162842
v -0.006527860164642334 0.0017830699682235718 0.040112299919128416
v -0.00673458993434906 0.0006614699959754944 0.04016602039337158
v -0.006750029921531678 -0.00047892000526189804 0.04021973133087158
v -0.006573730111122131 -0.0016057099401950835 0.04027344226837158
v -0.006210709810256958 -0.0026868900656700136 0.0403271484375
v -0.00567126989364624 -0.0036917400360107423 0.040380859375
v -0.004970740079879761 -0.004591740071773529 0.0404345703125
v -0.004129010140895843 -0.005361300110816956 0.04048828125
v -0.0031700098514556886 -0.005978569984436036 0.0405419921875
v -0.002120950073003769 -0.006426029801368713 0.04059569835662842
v -0.0010116499662399293 -0.006690949797630311 0.04064940929412842
v 0.00012637999840080737 -0.006765819787979126 0.040703129768371586
v 0.0012608300149440765 -0.006648499965667725 0.040756840705871586
v 0.0023594599962234496 -0.006342340111732483 0.040810551643371586
v 0.003391070067882538 -0.005856019854545594 0.0408642578125
v 0.004326359927654267 -0.0052033597230911255 0.04091796875
v 0.005138760209083557 -0.004402889907360077 0.0409716796875
v 0.005805190205574036 -0.0034773701429367068 0.041025390625
v 0.0063067197799682615 -0.002453069984912872 0.0410791015625
v 0.0066291201114654546 -0.0013590900599956513 0.04113280773162842
v 0.006763210296630859 -0.00022649999707937242 0.04118651866912842
v 0.0067051899433135985 0.0009125199913978577 0.04124022960662842
v 0.0064567202329635625 0.002025610059499741 0.04129395008087158
v 0.006024839878082276 0.0030811798572540285 0.04134766101837158
v 0.005421820282936096 0.004049220085144043 0.04140137195587158
v 0.004664799869060516 0.004902240037918091 0.041455078125
v 0.003775269985198975 0.0056160098314285275 0.0415087890625
v 0.002778509855270386 0.006170259714126587 0.0415625
v 0.001702830046415329 0.006549249887466431 0.0416162109375
v 0.0005787700042128563 0.006742200255393982 0.041669921875
v -0.0005617199838161468 0.006743649840354919 0.04172362804412842
v -0.0016862599551677705 0.006553530097007752 0.04177733898162842
v -0.002762899994850159 0.006177269816398621 0.04183104991912842
v -0.0037610599398612975 0.0056255400180816656 0.04188477039337158
v -0.004652389883995057 0.004914020001888275 0.04193848133087158
v -0.005411559939384461 0.004062910079956055 0.04199219226837158
v -0.0060170298814773565 0.0030963999032974244 0.0420458984375
v -0.006451569795608521 0.0020419299602508546 0.042099609375
v -0.006702859997749329 0.0009294699877500534 0.0421533203125
v -0.006763759851455688 -0.0002094000019133091 0.04220703125
v -0.006632530093193054 -0.0013423199951648713 0.0422607421875
v -0.006312909722328186 -0.0024371099472045897 0.04231444835662842
v -0.005813959836959839 -0.003462679982185364 0.04236815929412842
v -0.005149869918823242 -0.004389890134334564 0.042421879768371584
v -0.004339500069618225 -0.005192400217056275 0.042475590705871584
v -0.0034058699011802673 -0.0058474200963974 0.042529301643371584
v -0.0023754900693893433 -0.006336349844932556 0.042583007812500004
v -0.001277640014886856 -0.00664529025554657 0.042636718750000004
v -0.00014348999597132205 -0.006765480041503906 0.0426904296875
v 0.000994729995727539 -0.0066934901475906375 0.042744140625
v 0.002104700058698654 -0.00643136978149414 0.0427978515625
v 0.0031548801064491274 -0.005986570119857788 0.042851557731628416
v 0.00411543995141983 -0.005371720194816589 0.042905268669128416
v 0.004959110021591186 -0.004604290127754211 0.042958979606628415
v 0.005661919713020325 -0.003706069886684418 0.04301270008087158
v 0.0062038999795913695 -0.0027025800943374636 0.04306641101837158
v 0.006569650173187256 -0.0016223299503326416 0.04312012195587158
v 0.006748800277709961 -0.0004959899932146072 0.043173828125
v 0.006736239790916443 0.0006444299966096879 0.0432275390625
v 0.006532350182533265 0.0017665599286556244 0.04328125
v 0.006142899990081788 0.002838500142097473 0.0433349609375
v 0.005578960180282593 0.0038298100233078005 0.043388671875
v 0.0048565599322319035 0.004712339937686921 0.04344237804412842
v 0.00399619996547699 0.00546101987361908 0.04349608898162842
v 0.0030223301053047182 0.006054570078849793 0.04354979991912842
v 0.00196261003613472 0.006476140022277832 0.043603520393371585
v 0.0008471400290727616 0.006713759899139404 0.043657231330871585
v -0.00029239000752568245 0.006760680079460144 0.043710942268371585
v -0.0014236100018024445 0.006615560054779053 0.0437646484375
v -0.0025143998861312865 0.006282520294189453 0.043818359375
v -0.0035337600111961364 0.005771030187606812 0.043872070312500004
v -0.004452750086784363 0.005095610022544861 0.043925781250000004
v -0.005245260000228882 0.004275459945201874 0.043979492187500004
v -0.0058887797594070436 0.003333849906921387 0.04403319835662842
v -0.006365020275115967 0.002297549992799759 0.04408690929412842
v -0.0066604697704315185 0.0011959899961948395 0.04414062976837158
v -0.006766729950904846 6.045999936759472e-05 0.04419434070587158
v -0.006680780053138733 -0.0010767900198698044 0.04424805164337158
v -0.006405060291290283 -0.002183459997177124 0.0443017578125
v -0.005947409868240356 -0.0032280999422073364 0.04435546875
v -0.005320820212364197 -0.004181050062179566 0.0444091796875
v -0.004543089866638184 -0.0050152397155761716 0.044462890625
v -0.00363631010055542 -0.005706970095634461 0.0445166015625
v -0.0026262500882148743 -0.006236590147018432 0.04457030773162842
v -0.0015415899455547334 -0.006589069962501526 0.04462401866912842
v -0.0004131399840116501 -0.006754379868507385 0.04467772960662842
v 0.0007270500063896179 -0.0067278301715850836 0.044731450080871586
v 0.001846580058336258 -0.0065101802349090574 0.044785161018371586
v 0.0029136699438095095 -0.00610759973526001 0.044838871955871586
v 0.0038979899883270263 -0.005531550049781799 0.044892578125
v 0.004771580100059509 -0.004798359870910644 0.0449462890625
v 0.00511913001537323 -0.006031450033187866 0.0175
v 0.006482329964637756 -0.0045346799492836 0.0175
v 0.007421000003814697 -0.0027409398555755617 0.0175
v 0.00787365972995758 -0.0007676900178194046 0.0175
v 0.007810680270195007 0.0012558400630950928 0.0175
v 0.007236179709434509 0.0031971201300621034 0.0175
v 0.006187779903411865 0.00492902010679245 0.0175
v 0.0047341400384902955 0.006338120102882386 0.0175
v 0.002970469892024994 0.00733214020729065 0.0175
v 0.0010122500360012054 0.007845969796180725 0.0175
v -0.0010122500360012054 0.007845969796180725 0.0175
v -0.002970469892024994 0.00733214020729065 0.0175
v -0.0047341400384902955 0.006338120102882386 0.0175
v -0.006187779903411865 0.00492902010679245 0.0175
v -0.007236179709434509 0.0031971201300621034 0.0175
v -0.007810680270195007 0.0012558400630950928 0.0175
v -0.00787365972995758 -0.0007676900178194046 0.0175
v -0.007421000003814697 -0.0027409398555755617 0.0175
v -0.006482329964637756 -0.0045346799492836 0.0175
v -0.00511913001537323 -0.006031450033187866 0.0175
v -0.0034206798672676087 -0.0071332198381423954 0.0175
v -0.004953080117702484 -0.005995529890060425 0.0175
v -0.006161090135574341 -0.004518429934978485 0.0175
v -0.006963239908218384 -0.002790740132331848 0.0175
v -0.007303029894828797 -0.0009168700128793717 0.0175
v -0.0072887599468231205 3.5280000884085896e-05 0.0175
v -0.007150030136108399 0.0009777499735355378 0.0175
v -0.006887419819831848 0.001895350068807602 0.0175
v -0.00650583028793335 0.0027670100331306457 0.0175
v -0.006009889841079712 0.0035798999667167666 0.0175
v -0.00540697991847992 0.0043185800313949585 0.0175
v -0.004710150063037872 0.004965310096740723 0.0175
v -0.0039288800954818725 0.005509639978408813 0.0175
v -0.0024576200544834136 0.006304950118064881 0.0175
v -0.000836229994893074 0.006715130209922791 0.0175
v 0.000836229994893074 0.006715130209922791 0.0175
v 0.0024576200544834136 0.006304950118064881 0.0175
v 0.005509639978408813 0.0039288800954818725 0.045
v 0.006304950118064881 0.0024576200544834136 0.045
v 0.006715130209922791 0.000836229994893074 0.045
v 0.006715130209922791 -0.000836229994893074 0.045
v 0.006304950118064881 -0.0024576200544834136 0.045
v -0.004798359870910644 0.004771580100059509 0.017553709745407105
v -0.005531550049781799 0.0038979899883270263 0.017607419490814208
v -0.00610759973526001 0.0029136699438095095 0.01766113042831421
v -0.0065101802349090574 0.001846580058336258 0.017714840173721314
v -0.0067278301715850836 0.0007270500063896179 0.017768549919128417
v -0.006754379868507385 -0.0004131399840116501 0.017822270393371583
v -0.006589069962501526 -0.0015415899455547334 0.017875980138778686
v -0.006236590147018432 -0.0026262500882148743 0.017929689884185793
v -0.005706970095634461 -0.00363631010055542 0.017983399629592896
v -0.0050152397155761716 -0.004543089866638184 0.018037110567092896
v -0.004181050062179566 -0.005320820212364197 0.018090820312500002
v -0.0032280999422073364 -0.005947409868240356 0.018144530057907105
v -0.002183459997177124 -0.006405060291290283 0.01819823980331421
v -0.0010767900198698044 -0.006680780053138733 0.018251949548721315
v 6.045999936759472e-05 -0.006766729950904846 0.018305660486221315
v 0.0011959899961948395 -0.0066604697704315185 0.018359379768371584
v 0.002297549992799759 -0.006365020275115967 0.018413089513778687
v 0.003333849906921387 -0.0058887797594070436 0.018466800451278687
v 0.004275459945201874 -0.005245260000228882 0.018520510196685793
v 0.005095610022544861 -0.004452750086784363 0.018574219942092896
v 0.005771030187606812 -0.0035337600111961364 0.0186279296875
v 0.006282520294189453 -0.0025143998861312865 0.018681639432907106
v 0.006615560054779053 -0.0014236100018024445 0.018735350370407106
v 0.006760680079460144 -0.00029239000752568245 0.01878906011581421
v 0.006713759899139404 0.0008471400290727616 0.018842769861221315
v 0.006476140022277832 0.00196261003613472 0.01889647960662842
v 0.006054570078849793 0.0030223301053047182 0.018950200080871584
v 0.00546101987361908 0.00399619996547699 0.019003909826278687
v 0.004712339937686921 0.0048565599322319035 0.01905761957168579
v 0.0038298100233078005 0.005578960180282593 0.01911133050918579
v 0.002838500142097473 0.006142899990081788 0.019165040254592897
v 0.0017665599286556244 0.006532350182533265 0.01921875
v 0.0006444299966096879 0.006736239790916443 0.019272459745407106
v -0.0004959899932146072 0.006748800277709961 0.01932616949081421
v -0.0016223299503326416 0.006569650173187256 0.01937988042831421
v -0.0027025800943374636 0.0062038999795913695 0.019433590173721312
v -0.003706069886684418 0.005661919713020325 0.01948729991912842
v -0.004604290127754211 0.004959110021591186 0.01954102039337158
v -0.005371720194816589 0.00411543995141983 0.019594730138778688
v -0.005986570119857788 0.0031548801064491274 0.01964843988418579
v -0.00643136978149414 0.002104700058698654 0.019702149629592897
v -0.0066934901475906375 0.000994729995727539 0.019755860567092897
v -0.006765480041503906 -0.00014348999597132205 0.0198095703125
v -0.00664529025554657 -0.001277640014886856 0.019863280057907103
v -0.006336349844932556 -0.0023754900693893433 0.01991698980331421
v -0.0058474200963974 -0.0034058699011802673 0.019970699548721313
v -0.005192400217056275 -0.004339500069618225 0.02002440929412842
v -0.004389890134334564 -0.005149869918823242 0.020078129768371582
v -0.003462679982185364 -0.005813959836959839 0.02013184070587158
v -0.0024371099472045897 -0.006312909722328186 0.02018554925918579
v -0.0013423199951648713 -0.006632530093193054 0.02023926019668579
v -0.0002094000019133091 -0.006763759851455688 0.02029297113418579
v 0.0009294699877500534 -0.006702859997749329 0.0203466796875
v 0.0020419299602508546 -0.006451569795608521 0.020400390625
v 0.0030963999032974244 -0.0060170298814773565 0.02045409917831421
v 0.004062910079956055 -0.005411559939384461 0.02050781011581421
v 0.004914020001888275 -0.004652389883995057 0.02056152105331421
v 0.0056255400180816656 -0.0037610599398612975 0.02061522960662842
v 0.006177269816398621 -0.002762899994850159 0.020668950080871582
v 0.006553530097007752 -0.0016862599551677705 0.020722661018371582
v 0.006743649840354919 -0.0005617199838161468 0.020776369571685792
v 0.006742200255393982 0.0005787700042128563 0.02083008050918579
v 0.006549249887466431 0.001702830046415329 0.0208837890625
v 0.006170259714126587 0.002778509855270386 0.0209375
v 0.0056160098314285275 0.003775269985198975 0.0209912109375
v 0.004902240037918091 0.004664799869060516 0.02104491949081421
v 0.004049220085144043 0.005421820282936096 0.02109863042831421
v 0.0030811798572540285 0.006024839878082276 0.021152338981628417
v 0.002025610059499741 0.0064567202329635625 0.021206049919128417
v 0.0009125199913978577 0.0067051899433135985 0.021259770393371583
v -0.00022649999707937242 0.006763210296630859 0.021313478946685793
v -0.0013590900599956513 0.0066291201114654546 0.021367189884185792
v -0.002453069984912872 0.0063067197799682615 0.021420900821685792
v -0.0034773701429367068 0.005805190205574036 0.021474609375000002
v -0.004402889907360077 0.005138760209083557 0.0215283203125
v -0.0052033597230911255 0.004326359927654267 0.021582028865814208
v -0.005856019854545594 0.003391070067882538 0.021635739803314208
v -0.006342340111732483 0.0023594599962234496 0.02168945074081421
v -0.006648499965667725 0.0012608300149440765 0.021743159294128418
v -0.006765819787979126 0.00012637999840080737 0.021796879768371583
v -0.006690949797630311 -0.0010116499662399293 0.021850590705871583
v -0.006426029801368713 -0.002120950073003769 0.021904299259185793
v -0.005978569984436036 -0.0031700098514556886 0.021958010196685793
v -0.005361300110816956 -0.004129010140895843 0.022011721134185792
v -0.004591740071773529 -0.004970740079879761 0.0220654296875
v -0.0036917400360107423 -0.00567126989364624 0.022119140625000002
v -0.0026868900656700136 -0.006210709810256958 0.02217284917831421
v -0.0016057099401950835 -0.006573730111122131 0.02222656011581421
v -0.00047892000526189804 -0.006750029921531678 0.022280271053314208
v 0.0006614699959754944 -0.00673458993434906 0.022333979606628418
v 0.0017830699682235718 -0.006527860164642334 0.022387700080871584
v 0.0028540199995040895 -0.00613569974899292 0.022441411018371583
v 0.0038439100980758667 -0.005569260120391846 0.02249511957168579
v 0.004724609851837158 -0.004844619929790497 0.022548830509185793
v 0.005471100211143494 -0.003982380032539368 0.0226025390625
v 0.006062189936637878 -0.0030070099234580996 0.02265625
v 0.006481090188026429 -0.0019462299346923828 0.0227099609375
v 0.006715890169143677 -0.0008301600068807602 0.02276366949081421
v 0.006759920120239258 0.0003094800002872944 0.02281738042831421
v 0.006611940264701843 0.0014403299987316132 0.02287108898162842
v 0.0062761402130126955 0.00253028005361557 0.02292479991912842
v 0.005762079954147339 0.0035483399033546447 0.022978520393371584
v 0.00508433997631073 0.004465619921684265 0.02303222894668579
v 0.004262180030345917 0.005256059765815735 0.02308593988418579
v 0.0033189499378204344 0.0058971899747848515 0.02313965082168579
v 0.002281450033187866 0.006370810270309449 0.023193359375
v 0.0011791499704122545 0.006663479804992676 0.0232470703125
v 4.335000179708004e-05 0.006766859889030457 0.02330077886581421
v -0.0010936799645423888 0.006678029894828796 0.02335448980331421
v -0.0021996499598026277 0.006399520039558411 0.02340820074081421
v -0.003243130147457123 0.005939220190048218 0.02346190929412842
v -0.004194500148296356 0.005310230255126953 0.02351562976837158
v -0.005026710033416748 0.004530389904975891 0.02356934070587158
v -0.0057161498069763185 0.00362186998128891 0.02362304925918579
v -0.006243209838867188 0.0026104700565338134 0.02367676019668579
v -0.0065929400920867924 0.001524920016527176 0.02373047113418579
v -0.006755399703979492 0.000396060012280941 0.0237841796875
v -0.006725969910621643 -0.000744059979915619 0.023837890625
v -0.006505489945411683 -0.001863040030002594 0.02389159917831421
v -0.006100220084190369 -0.0029291000962257388 0.02394531011581421
v -0.005521669983863831 -0.003911960124969483 0.02399902105331421
v -0.00478628009557724 -0.004783700108528137 0.02405272960662842
v -0.003914940059185028 -0.005519559979438782 0.024106450080871582
v -0.0029323899745941164 -0.006098639965057373 0.02416016101837158
v -0.0018665499985218049 -0.006504480242729187 0.02421386957168579
v -0.0007476899772882462 -0.0067255699634552 0.02426758050918579
v 0.00039241001009941105 -0.006755610108375549 0.0243212890625
v 0.0015213599801063538 -0.006593769788742066 0.024375
v 0.0026071000099182127 -0.006244620084762573 0.0244287109375
v 0.0036187899112701417 -0.005718100070953369 0.02448241949081421
v 0.004527679979801178 -0.005029159784317017 0.02453613042831421
v 0.005307959914207459 -0.004197359979152679 0.02458983898162842
v 0.005937470197677612 -0.0032463398575782775 0.02464354991912842
v 0.006398329734802246 -0.0022031000256538392 0.024697270393371582
v 0.00667743980884552 -0.0010972899943590163 0.024750978946685792
v 0.00676688015460968 3.9699999615550044e-05 0.024804689884185792
v 0.006664109826087952 0.0011755499988794326 0.02485840082168579
v 0.006372039914131164 0.0022780199348926547 0.024912109375
v 0.0058989799022674564 0.0033157700300216674 0.0249658203125
v 0.0052583497762680054 0.00425933986902237 0.02501952886581421
v 0.00446835994720459 0.005081930160522461 0.02507323980331421
v 0.0035514500737190246 0.005760160088539123 0.02512695074081421
v 0.0025336599349975587 0.006274780035018921 0.025180659294128417
v 0.0014439000189304353 0.006611160039901733 0.025234379768371583
v 0.0003131299838423729 0.0067597502470016484 0.025288090705871583
v -0.0008265399932861329 0.0067163300514221196 0.025341799259185793
v -0.001942729949951172 0.006482139825820923 0.025395510196685792
v -0.0030037400126457217 0.006063809990882874 0.025449221134185792
v -0.00397942990064621 0.0054732501506805425 0.025502929687500002
v -0.004842079877853393 0.004727219939231872 0.025556640625
v -0.005567190051078796 0.0038469099998474122 0.025610349178314208
v -0.006134160161018372 0.0028573301434516906 0.025664060115814208
v -0.006526899933815003 0.0017865900695323944 0.02571777105331421
v -0.006734240055084229 0.0006650999933481217 0.025771479606628418
v -0.006750289797782898 -0.0004752799868583679 0.025825200080871583
v -0.006574599742889404 -0.0016021700203418731 0.025878911018371583
v -0.006212159991264343 -0.0026835399866104127 0.025932619571685793
v -0.00567326009273529 -0.0036886799335479736 0.025986330509185793
v -0.004973219931125641 -0.004589050114154816 0.0260400390625
v -0.004131909906864167 -0.005359069705009461 0.02609375
v -0.003173229992389679 -0.00597685992717743 0.026147460937500002
v -0.0021244199573993683 -0.0064248800277709964 0.02620116949081421
v -0.0010152599960565568 -0.006690409779548645 0.02625488042831421
v 0.0001227299962192774 -0.006765890121459961 0.026308588981628418
v 0.0012572400271892547 -0.006649180054664612 0.026362299919128418
v 0.00235604003071785 -0.006343610286712646 0.026416020393371584
v 0.0033879101276397708 -0.005857840180397034 0.02646972894668579
v 0.004323549866676331 -0.005205690264701844 0.02652343988418579
v 0.005136380195617676 -0.0044056600332260136 0.026577150821685793
v 0.00580331027507782 -0.0034804999828338622 0.026630859375
v 0.006305400133132934 -0.0024564699828624726 0.0266845703125
v 0.006628379821777344 -0.0013626599311828613 0.02673827886581421
v 0.0067630898952484135 -0.0002301499992609024 0.02679198980331421
v 0.006705679893493652 0.0009088999778032303 0.02684570074081421
v 0.006457809805870057 0.0020221300423145295 0.02689940929412842
v 0.00602649986743927 0.00307792991399765 0.02695312976837158
v 0.005424000024795532 0.0040462899208068845 0.027006840705871584
v 0.004667440056800843 0.0048997199535369875 0.02706054925918579
v 0.0037782999873161318 0.005613980293273926 0.02711426019668579
v 0.0027818399667739867 0.006168760061264038 0.02716797113418579
v 0.0017063599824905396 0.006548330187797546 0.0272216796875
v 0.0005824099853634834 0.006741889715194702 0.027275390625
v -0.0005580800026655197 0.006743950247764588 0.02732909917831421
v -0.00168273001909256 0.006554440259933472 0.02738281011581421
v -0.0027595698833465577 0.006178759932518005 0.02743652105331421
v -0.0037580299377441406 0.005627570152282715 0.02749022960662842
v -0.004649739861488342 0.004916529953479767 0.02754395008087158
v -0.0054093700647354125 0.004065830111503601 0.02759766101837158
v -0.0060153502225875856 0.0030996400117874147 0.02765136957168579
v -0.006450470089912415 0.002045409977436066 0.02770508050918579
v -0.006702359914779663 0.0009330800175666809 0.0277587890625
v -0.006763870120048523 -0.0002057499997317791 0.0278125
v -0.006633250117301941 -0.0013387399911880494 0.0278662109375
v -0.006314219832420349 -0.0024337099492549898 0.02791991949081421
v -0.005815830230712891 -0.0034595400094985965 0.02797363042831421
v -0.005152239799499512 -0.004387109875679016 0.02802733898162842
v -0.004342299997806549 -0.005190060138702392 0.02808104991912842
v -0.0034090200066566466 -0.005845590233802795 0.028134770393371582
v -0.0023789100348949434 -0.006335070133209228 0.02818847894668579
v -0.001281220018863678 -0.006644600033760071 0.02824218988418579
v -0.00014713999815285205 -0.006765400171279907 0.02829590082168579
v 0.0009911199659109115 -0.006694020032882691 0.028349609375
v 0.002101230025291443 -0.006432510018348694 0.0284033203125
v 0.003151650130748749 -0.005988270044326782 0.02845702886581421
v 0.0041125500202178955 -0.005373939871788025 0.02851073980331421
v 0.004956629872322082 -0.004606960117816925 0.02856445074081421
v 0.00565991997718811 -0.0037091299891471863 0.02861815929412842
v 0.006202440261840821 -0.0027059298753738404 0.028671879768371582
v 0.006568779945373535 -0.0016258700191974641 0.028725590705871582
v 0.006748530268669129 -0.0004996300116181374 0.028779299259185792
v 0.006736590266227722 0.0006407999992370606 0.028833010196685792
v 0.006533300280570984 0.0017630299925804139 0.02888672113418579
v 0.006144430041313172 0.00283517986536026 0.0289404296875
v 0.005581030249595643 0.0038267999887466432 0.028994140625
v 0.004859099984169006 0.004709720015525818 0.02904784917831421
v 0.003999139964580536 0.0054588598012924195 0.02910156011581421
v 0.003025589883327484 0.006052939891815185 0.02915527105331421
v 0.0019661000370979308 0.006475089788436889 0.029208979606628417
v 0.000850759968161583 0.006713309884071351 0.029262700080871583
v -0.0002887400053441525 0.0067608398199081425 0.029316411018371583
v -0.0014200399816036225 0.006616330146789551 0.029370119571685793
v -0.002511009871959686 0.00628387987613678 0.029423830509185792
v -0.0035306501388549807 0.005772939920425415 0.029477539062500002
v -0.004449999928474426 0.00509801983833313 0.029531250000000002
v -0.005242949724197388 0.004278280138969422 0.0295849609375
v -0.005886980295181274 0.003337030112743378 0.029638669490814208
v -0.0063637799024581915 0.0023009899258613587 0.029692380428314208
v -0.006659830212593079 0.0011995799839496612 0.029746088981628418
v -0.0067667001485824585 6.411000154912471e-05 0.029799799919128418
v -0.006681360006332397 -0.0010731899738311767 0.029853520393371583
v -0.006406239867210388 -0.0021800099313259123 0.029907228946685793
v -0.00594914972782135 -0.0032249000668525696 0.029960939884185793
v -0.005323070287704468 -0.00417818009853363 0.030014650821685793
v -0.004545789957046509 -0.0050127899646759035 0.030068359375
v -0.0036393898725509645 -0.005705010294914246 0.030122070312500002
v -0.0026296100020408632 -0.006235179901123047 0.03017577886581421
v -0.0015451399981975555 -0.006588230133056641 0.03022948980331421
v -0.0004167800024151802 -0.006754149794578552 0.03028320074081421
v 0.0007234200090169907 -0.006728219985961914 0.030336909294128418
v 0.0018430699408054352 -0.006511170268058777 0.030390629768371584
v 0.0029103699326515197 -0.006109179854393005 0.030444340705871584
v 0.003894999921321869 -0.005533649921417237 0.03049804925918579
v 0.004768989980220795 -0.004800939857959747 0.030551760196685793
v 0.005507519841194153 -0.003931849896907806 0.030605471134185793
v 0.006089609861373901 -0.0029510900378227236 0.0306591796875
v 0.006498720049858094 -0.001886499971151352 0.030712890625
v 0.00672324001789093 -0.0007683199644088745 0.03076659917831421
v 0.006756780147552491 0.00037167999893426894 0.03082031011581421
v 0.006598399877548218 0.0015011300146579743 0.03087402105331421
v 0.006252589821815491 0.002587929964065552 0.03092772960662842
v 0.005729179978370667 0.0036012300848960875 0.030981450080871584
v 0.005043020248413086 0.004512229859828949 0.031035161018371584
v 0.004213620126247406 0.005295060276985168 0.03108886957168579
v 0.0032645401358604434 0.005927489995956421 0.03114258050918579
v 0.0022227199375629424 0.006391540169715881 0.0311962890625
v 0.0011177700012922288 0.006674050092697143 0.03125
v -1.8939999863505365e-05 0.006766970157623291 0.0313037109375
v -0.001155100017786026 0.006667690277099609 0.031357419490814206
v -0.00225845992565155 0.006378999948501587 0.03141113042831421
v -0.0032976600527763367 0.005909119844436646 0.03146483898162842
v -0.004243189990520478 0.005271400213241577 0.03151854991912842
v -0.00506820023059845 0.004483929872512817 0.031572270393371585
v -0.0057492399215698245 0.0035691100358963015 0.03162597894668579
v -0.006266980171203613 0.002552900016307831 0.03167968988418579
v -0.006606699824333191 0.0014641800522804261 0.03173340082168579
v -0.006758760213851929 0.00033385999500751496 0.031787109375
v -0.006718840003013611 -0.0008059299737215042 0.031840820312500004
v -0.0064880698919296265 -0.001922840029001236 0.03189452886581421
v -0.006072999835014343 -0.0029851201176643374 0.03194823980331421
v -0.005485429763793946 -0.003962610065937042 0.03200195074081421
v -0.004742049872875214 -0.004827550053596497 0.032055659294128416
v -0.0038639700412750246 -0.005555359721183777 0.03210937976837158
v -0.0028761398792266847 -0.006125370264053345 0.03216309070587158
v -0.0018065999448299407 -0.006521390080451966 0.03221679925918579
v -0.0006857600063085557 -0.006732159852981568 0.032270510196685795
v 0.0004545700177550316 -0.006751710176467896 0.032324221134185795
v 0.001581989973783493 -0.006579480171203613 0.0323779296875
v 0.002664470076560974 -0.006220359802246094 0.032431640625
v 0.003671259880065918 -0.005684549808502197 0.03248534917831421
v 0.0045737698674201965 -0.004987269937992096 0.03253906011581421
v 0.005346369743347168 -0.004148330092430115 0.03259277105331421
v 0.005967100262641907 -0.0031915500760078433 0.03264647960662842
v 0.0064183402061462405 -0.0021441200375556945 0.032700200080871586
v 0.006687260270118713 -0.0010357800126075745 0.032753911018371586
v 0.006766229867935181 0.00010197999887168408 0.03280761957168579
v 0.006653010249137879 0.0012368399649858475 0.03286133050918579
v 0.006350809931755066 0.0023365700244903564 0.0329150390625
v 0.005868210196495056 0.0033699199557304382 0.03296875
v 0.0052189302444458005 0.004307560026645661 0.0330224609375
v 0.004421400129795075 0.005122839808464051 0.03307616949081421
v 0.0034982898831367494 0.005792610049247741 0.03312988042831421
v 0.0024758000671863557 0.006297829747200012 0.03318358898162842
v 0.0013829900324344635 0.006624169945716858 0.03323729991912842
v 0.0002508999966084957 0.006762350201606751 0.03329102039337158
v -0.0008883199840784073 0.0067084401845932005 0.03334472894668579
v -0.0020023100078105927 0.006463980078697204 0.03339843988418579
v -0.0030594199895858766 0.006035910248756409 0.03345215082168579
v -0.0040296301245689396 0.005436390042304993 0.033505859375
v -0.0048853799700737 0.004682449996471405 0.0335595703125
v -0.005602359771728516 0.0037955099344253542 0.03361327886581421
v -0.006160200238227845 0.0028007501363754273 0.03366698980331421
v -0.0065430599451065065 0.001726440042257309 0.03372070074081421
v -0.0067400699853897095 0.0006030900031328201 0.03377440929412842
v -0.006745629906654358 -0.0005373900011181831 0.03382812976837158
v -0.006559569835662842 -0.0016626100242137908 0.03388184070587158
v -0.006187199950218201 -0.0027406001091003418 0.03393554925918579
v -0.005639070272445679 -0.0037407401204109193 0.03398926019668579
v -0.0049307700991630555 -0.004634630084037781 0.03404297113418579
v -0.004082410037517548 -0.0053968697786331175 0.0340966796875
v -0.003118090033531189 -0.006005820035934448 0.034150390625
v -0.002065189927816391 -0.0064441698789596555 0.03420409917831421
v -0.0009536399692296982 -0.0066994702816009525 0.03425781011581421
v 0.00018500000238418578 -0.0067644697427749634 0.03431152105331421
v 0.0013183900713920594 -0.006637330055236816 0.03436522960662842
v 0.002414319962263107 -0.006321660280227661 0.034418950080871584
v 0.003441680073738098 -0.005826410055160523 0.034472661018371584
v 0.004371280074119568 -0.005165680050849914 0.03452636957168579
v 0.0051767098903656005 -0.004358200132846832 0.03458008050918579
v 0.005835099816322326 -0.003426940143108368 0.0346337890625
v 0.006327739953994751 -0.0023983299732208254 0.0346875
v 0.006640639901161194 -0.0013016000390052797 0.0347412109375
v 0.006764919757843018 -0.0001678900048136711 0.03479491949081421
v 0.006697030067443848 0.0009705799818038941 0.03484863042831421
v 0.00643891990184784 0.0020814800262451173 0.034902338981628415
v 0.005997909903526306 0.003133260011672974 0.03495604991912842
v 0.00538653016090393 0.00409604012966156 0.03500977039337158
v 0.004622150063514709 0.0049424698948860165 0.035063478946685794
v 0.003726469874382019 0.005648509860038758 0.035117189884185794
v 0.0027249500155448916 0.006194109916687012 0.035170900821685794
v 0.0016460199654102325 0.0065637600421905515 0.035224609375
v 0.0005203299969434738 0.006746969819068908 0.0352783203125
v -0.0006201300024986267 0.006738529801368714 0.035332028865814206
v -0.001742980033159256 0.006538680195808411 0.03538573980331421
v -0.002816320061683655 0.0061531001329422 0.03543945074081421
v -0.0038096600770950316 0.005592740178108215 0.03549315929412842
v -0.004694789946079254 0.004873520135879517 0.035546879768371585
v -0.00544655978679657 0.004015870094299316 0.035600590705871585
v -0.006043630242347718 0.003044149875640869 0.03565429925918579
v -0.006469020247459412 0.001985960006713867 0.03570801019668579
v -0.006710669994354248 0.0008713600039482117 0.03576172113418579
v -0.006761689782142639 -0.000267999991774559 0.035815429687500004
v -0.006620650291442871 -0.001399739980697632 0.035869140625000004
v -0.006291549801826477 -0.0024917200207710266 0.03592284917831421
v -0.005783740282058716 -0.003512920141220093 0.03597656011581421
v -0.005111640095710754 -0.004434340000152588 0.03603027105331421
v -0.004294350147247315 -0.005229799747467041 0.036083979606628416
v -0.0033550798892974854 -0.005876709818840027 0.03613770008087158
v -0.0023205000162124633 -0.00635670006275177 0.03619141101837158
v -0.0012200099974870682 -0.0066561102867126465 0.036245119571685795
v -8.48700013011694e-05 -0.006766470074653625 0.036298830509185795
v 0.0010526899993419647 -0.0066846197843551634 0.0363525390625
v 0.0021603399515151976 -0.006412889957427979 0.03640625
v 0.003206630051136017 -0.005959010124206543 0.0364599609375
v 0.004161829948425293 -0.005335860252380371 0.03651366949081421
v 0.004998820126056671 -0.0045611500740051275 0.03656738042831421
v 0.005693820118904114 -0.003656879961490631 0.03662108898162842
v 0.0062270802259445195 -0.002648729979991913 0.03667479991912842
v 0.006583459973335266 -0.0015653499960899353 0.036728520393371586
v 0.006752840280532837 -0.00043749999254941944 0.03678222894668579
v 0.006730409860610962 0.0007027799636125564 0.03683593988418579
v 0.006516799926757813 0.0018230900168418884 0.03688965082168579
v 0.006118080019950867 0.002891620099544525 0.036943359375
v 0.0055455702543258665 0.0038780099153518676 0.0369970703125
v 0.004815540015697479 0.004754239916801453 0.03705077886581421
v 0.0039487299323081974 0.005495439767837525 0.03710448980331421
v 0.002969760000705719 0.006080530285835266 0.03715820074081421
v 0.0019064199924468995 0.006492909789085388 0.03721190929412842
v 0.000788939967751503 0.0067208498716354375 0.03726562976837158
v -0.0003509499877691269 0.006757889986038208 0.03731934070587158
v -0.001480879932641983 0.0066029798984527585 0.03737304925918579
v -0.002568739950656891 0.006260499954223633 0.03742676019668579
v -0.0035836300253868103 0.005740200281143189 0.03748047113418579
v -0.004496740102767944 0.005056840181350708 0.0375341796875
v -0.00528210997581482 0.004229849874973297 0.037587890625
v -0.005917440056800842 0.0032827100157737732 0.03764159917831421
v -0.006384689807891846 0.0022423200309276583 0.03769531011581421
v -0.006670590043067933 0.001138240024447441 0.03774902105331421
v -0.006766999959945679 1.8200000340584665e-06 0.03780272960662842
v -0.006671199798583985 -0.0011346399784088136 0.03785645008087158
v -0.006385899782180786 -0.0022388699650764464 0.03791016101837158
v -0.005919209718704224 -0.0032795101404190065 0.03796386957168579
v -0.005284389853477478 -0.004226999878883362 0.03801758050918579
v -0.004499459862709046 -0.0050544202327728275 0.0380712890625
v -0.0035867300629615784 -0.0057382601499557494 0.038125
v -0.0025721099972724915 -0.006259109973907471 0.0381787109375
v -0.0014844399690628052 -0.006602180004119873 0.03823241949081421
v -0.0003545999899506569 -0.0067576998472213745 0.03828613042831421
v 0.0007853200286626815 -0.006721280217170715 0.03833983898162842
v 0.0019029200077056885 -0.006493930220603943 0.03839354991912842
v 0.0029664799571037293 -0.006082130074501038 0.038447270393371584
v 0.003945769965648651 -0.005497559905052185 0.03850097894668579
v 0.004812979996204376 -0.004756839871406555 0.03855468988418579
v 0.005543479919433594 -0.003880999982357025 0.03860840082168579
v 0.006116520166397095 -0.0028949099779129028 0.038662109375
v 0.006515809893608094 -0.0018265999853610993 0.0387158203125
v 0.006730030179023743 -0.0007064100354909897 0.03876952886581421
v 0.006753079891204834 0.0004338600113987923 0.03882323980331421
v 0.006584309935569763 0.0015617899596691131 0.03887695074081421
v 0.0062285101413726805 0.002645370066165924 0.038930659294128415
v 0.00569579005241394 0.003653799891471863 0.03898437976837158
v 0.005001279711723328 0.004558449983596802 0.03903809070587158
v 0.00416471004486084 0.005333619713783265 0.039091799259185794
v 0.0032098400592803955 0.005957279801368714 0.039145510196685794
v 0.0021638000011444092 0.006411730051040649 0.039199221134185794
v 0.0010562899708747864 0.006684049963951111 0.0392529296875
v -8.12199991196394e-05 0.006766510009765625 0.039306640625
v -0.0012164200097322464 0.0066567701101303105 0.039360349178314206
v -0.0023170700669288636 0.00635794997215271 0.03941406011581421
v -0.0033518999814987184 0.005878520011901855 0.03946777105331421
v -0.004291529953479767 0.005232120156288147 0.03952147960662842
v -0.0051092499494552615 0.004437099993228912 0.039575200080871585
v -0.0057818502187728885 0.0035160401463508605 0.039628911018371585
v -0.006290209889411927 0.002495110034942627 0.03968261957168579
v -0.006619899868965149 0.001403310000896454 0.03973633050918579
v -0.006761549711227417 0.0002716399915516377 0.0397900390625
v -0.006711130142211914 -0.0008677399903535843 0.039843750000000004
v -0.00647009015083313 -0.001982470005750656 0.039897460937500004
v -0.0060452699661254885 -0.003040890097618103 0.03995116949081421
v -0.005448729991912842 -0.00401293009519577 0.04000487804412842
v -0.0046974200010299685 -0.004870989918708802 0.04005858898162842
v -0.003812679946422577 -0.005590689778327942 0.040112299919128416
v -0.002819640040397644 -0.006151580214500427 0.04016602039337158
v -0.0017465099692344666 -0.006537740230560303 0.04021973133087158
v -0.0006237699836492539 -0.006738190054893494 0.04027344226837158
v 0.0005166900157928467 -0.0067472499608993534 0.0403271484375
v 0.0016424800455570221 -0.006564639806747437 0.040380859375
v 0.0027215999364852907 -0.006195579767227173 0.0404345703125
v 0.003723430037498474 -0.005650519728660584 0.04048828125
v 0.004619480073451996 -0.004944959878921509 0.0405419921875
v 0.00538432002067566 -0.004098950028419495 0.04059569835662842
v 0.005996220111846924 -0.0031365001201629637 0.04064940929412842
v 0.00643779993057251 -0.0020849500596523286 0.040703129768371586
v 0.006696509718894959 -0.0009741900116205216 0.040756840705871586
v 0.006765009760856628 0.0001642500050365925 0.040810551643371586
v 0.0066413402557373045 0.0012980200350284578 0.0408642578125
v 0.00632902979850769 0.0023949199914932253 0.04091796875
v 0.005836949944496155 0.0034237900376319886 0.0409716796875
v 0.005179060101509095 0.004355410039424896 0.041025390625
v 0.00437406986951828 0.005163319706916809 0.0410791015625
v 0.0034448200464248656 0.005824559926986695 0.04113280773162842
v 0.0024177299439907076 0.006320350170135498 0.04118651866912842
v 0.0013219699263572694 0.006636620163917542 0.04124022960662842
v 0.00018865000456571578 0.006764370203018189 0.04129395008087158
v -0.0009500300139188767 0.006699979901313782 0.04134766101837158
v -0.0020617200434207917 0.006445279717445374 0.04140137195587158
v -0.003114849925041199 0.006007500290870667 0.041455078125
v -0.004079500138759613 0.005399069786071777 0.0415087890625
v -0.004928269982337952 0.004637289941310883 0.0415625
v -0.00563705027103424 0.003743779957294464 0.0416162109375
v -0.006185719966888428 0.002743940055370331 0.041669921875
v -0.006558679938316345 0.0016661499440670015 0.04172362804412842
v -0.0067453402280807494 0.0005410299822688103 0.04177733898162842
v -0.006740400195121766 -0.00059944998472929 0.04183104991912842
v -0.006543989777565003 -0.0017229099571704864 0.04188477039337158
v -0.006161710023880005 -0.002797429859638214 0.04193848133087158
v -0.005604400038719177 -0.003792490065097809 0.04199219226837158
v -0.004887900054454803 -0.004679819941520691 0.0420458984375
v -0.004032559990882874 -0.005434219837188721 0.042099609375
v -0.0030626800656318666 -0.006034259796142578 0.0421533203125
v -0.0020058000087738036 -0.006462900042533875 0.04220703125
v -0.0008919399976730347 -0.006707959771156311 0.0422607421875
v 0.00024724999442696574 -0.006762480139732361 0.04231444835662842
v 0.0013794200122356414 -0.0066249102354049684 0.04236815929412842
v 0.0024724000692367552 -0.006299170255661011 0.042421879768371584
v 0.0034951600432395935 -0.005794489979743958 0.042475590705871584
v 0.00441864013671875 -0.0051252198219299315 0.042529301643371584
v 0.005216599702835083 -0.004310370087623596 0.042583007812500004
v 0.005866389870643616 -0.0033730900287628172 0.042636718750000004
v 0.006349549889564514 -0.0023399899899959565 0.0426904296875
v 0.006652340292930603 -0.0012404199689626694 0.042744140625
v 0.0067661798000335695 -0.00010563000105321408 0.0427978515625
v 0.006687819957733154 0.0010321799665689469 0.042851557731628416
v 0.006419489979743957 0.0021406599879264833 0.042905268669128416
v 0.005968819856643677 0.0031883299350738527 0.042958979606628415
v 0.005348610281944275 0.004145439863204956 0.04301270008087158
v 0.0045764601230621335 0.004984799921512604 0.04306641101837158
v 0.0036743301153182983 0.005682569742202759 0.04312012195587158
v 0.0026678198575973513 0.0062189197540283205 0.043173828125
v 0.0015855400264263154 0.0065786302089691166 0.0432275390625
v 0.0004582099989056587 0.00675146996974945 0.04328125
v -0.0006821200251579285 0.006732529997825623 0.0433349609375
v -0.00180308997631073 0.006522359848022461 0.043388671875
v -0.0028728300333023074 0.006126919984817505 0.04344237804412842
v -0.003860970139503479 0.005557439923286438 0.04349608898162842
v -0.004739449918270112 0.0048301100730896 0.04354979991912842
v -0.005483289957046509 0.0039655700325965885 0.043603520393371585
v -0.00607138991355896 0.002988399863243103 0.043657231330871585
v -0.006487029790878296 0.001926340013742447 0.043710942268371585
v -0.006718400120735169 0.0008095599710941315 0.0437646484375
v -0.00675894021987915 -0.0003302200138568878 0.043818359375
v -0.006607490181922913 -0.001460610032081604 0.043872070312500004
v -0.006268349885940552 -0.002549520134925842 0.043925781250000004
v -0.005751159787178039 -0.0035660099983215333 0.043979492187500004
v -0.005070610046386719 -0.004481199979782104 0.04403319835662842
v -0.004246029853820801 -0.005269110202789307 0.04408690929412842
v -0.003300850093364716 -0.005907340049743652 0.04414062976837158
v -0.002261900007724762 -0.006377779841423035 0.04419434070587158
v -0.0011586999893188478 -0.006667060256004334 0.04424805164337158
v -2.2589999716728925e-05 -0.006766960024833679 0.0443017578125
v 0.001114170029759407 -0.0066746497154235845 0.04435546875
v 0.002219270020723343 -0.00639274001121521 0.0444091796875
v 0.0032613399624824525 -0.005929250121116638 0.044462890625
v 0.004210770130157471 -0.005297330021858215 0.0445166015625
v 0.005040590167045594 -0.004514949917793274 0.04457030773162842
v 0.005727229714393616 -0.003604319989681244 0.04462401866912842
v 0.006251189708709717 -0.0025913000106811525 0.04467772960662842
v 0.00659758985042572 -0.0015046900510787965 0.044731450080871586
v 0.006756579875946045 -0.00037533000111579897 0.044785161018371586
v 0.006723650097846985 0.0007646899670362472 0.044838871955871586
v 0.006499739885330201 0.0018829900026321412 0.044892578125
v 0.006091200113296509 0.002947799861431122 0.0449462890625
v -0.0071332198381423954 0.0034206798672676087 0.045
v -0.005995529890060425 0.004953080117702484 0.045
v -0.004518429934978485 0.006161090135574341 0.045
v -0.002790740132331848 0.006963239908218384 0.045
v -0.0009168700128793717 0.007303029894828797 0.045
v 3.5280000884085896e-05 0.0072887599468231205 0.045
v 0.0009777499735355378 0.007150030136108399 0.045
v 0.001895350068807602 0.006887419819831848 0.045
v 0.0027670100331306457 0.00650583028793335 0.045
v 0.0035798999667167666 0.006009889841079712 0.045
v 0.0043185800313949585 0.00540697991847992 0.045
v 0.004965310096740723 0.004710150063037872 0.045
v -0.002174160033464432 -0.0076063799858093264 0.017553709745407105
v -0.0008658800274133682 -0.00786346971988678 0.017607419490814208
v 0.00046700000762939453 -0.007897199988365173 0.01766113042831421
v 0.001786610037088394 -0.00770662009716034 0.017714840173721314
v 0.0030554699897766113 -0.0072971200942993164 0.017768549919128417
v 0.004237540066242218 -0.006680359840393066 0.017822270393371583
v 0.005299249887466431 -0.0058738297224044805 0.017875980138778686
v 0.006210430264472961 -0.004900459945201874 0.017929689884185793
v 0.006945199966430664 -0.003787899911403656 0.017983399629592896
v 0.007482690215110779 -0.002567729949951172 0.018037110567092896
v 0.007807639837265015 -0.0012746299803256989 0.018090820312500002
v 0.007910810112953186 5.4669999517500404e-05 0.018144530057907105
v 0.0077892798185348515 0.0013824200630187988 0.01819823980331421
v 0.007446489930152893 0.002670910060405731 0.018251949548721315
v 0.006892179846763611 0.0038835200667381286 0.018305660486221315
v 0.006142100095748901 0.004985829889774323 0.018359379768371584
v 0.005217559933662415 0.005946509838104248 0.018413089513778687
v 0.004144810140132904 0.006738280057907105 0.018466800451278687
v 0.0029543301463127135 0.007338659763336182 0.018520510196685793
v 0.001679929941892624 0.007730569839477539 0.018574219942092896
v 0.00035780999809503555 0.007902899980545044 0.0186279296875
v -0.000974470004439354 0.007850750088691712 0.018681639432907106
v -0.0022790800034999848 0.007575600147247314 0.018735350370407106
v -0.0035189399123191833 0.007085260152816773 0.01878906011581421
v -0.004658850133419037 0.006393669843673706 0.018842769861221315
v -0.005666429996490478 0.005520470142364502 0.01889647960662842
v -0.006513050198554993 0.004490450024604797 0.018950200080871584
v -0.007174659967422486 0.003332889974117279 0.019003909826278687
v -0.007632480263710022 0.00208065003156662 0.01905761957168579
v -0.007873499989509583 0.0007693099975585938 0.01911133050918579
v -0.007890880107879639 -0.0005638799816370011 0.019165040254592897
v -0.007684109807014465 -0.0018810500204563142 0.01921875
v -0.007259079813957215 -0.003144789934158325 0.019272459745407106
v -0.00662784993648529 -0.004319199919700623 0.01932616949081421
v -0.005808359980583191 -0.005370929837226868 0.01937988042831421
v -0.004823879897594452 -0.006270089745521546 0.019433590173721312
v -0.0037023800611495974 -0.006991159915924072 0.01948729991912842
v -0.0024757200479507448 -0.007513639926910401 0.01954102039337158
v -0.0011787299811840057 -0.0078226900100708 0.019594730138778688
v 0.0001517399959266186 -0.007909539937973022 0.01964843988418579
v 0.0014778999984264374 -0.007771729826927185 0.019702149629592897
v 0.002762080132961273 -0.0074131500720977786 0.019755860567092897
v 0.003967809975147248 -0.006844009757041932 0.0198095703125
v 0.005060830116271973 -0.006080459952354431 0.019863280057907103
v 0.006010090112686157 -0.005144190192222595 0.01991698980331421
v 0.006788640022277832 -0.004061810076236725 0.019970699548721313
v 0.007374359965324402 -0.0028640499711036684 0.02002440929412842
v 0.007750610113143921 -0.0015849299728870393 0.020078129768371582
v 0.007906699776649475 -0.0002607999928295612 0.02013184070587158
v 0.007838199734687806 0.0010707399994134904 0.02018554925918579
v 0.007547060251235962 0.00237186998128891 0.02023926019668579
v 0.007041550278663635 0.003605619966983795 0.02029297113418579
v 0.006336020231246948 0.004736959934234619 0.0203466796875
v 0.005450509786605835 0.005733739733695984 0.020400390625
v 0.004410189986228943 0.006567659974098206 0.02045409917831421
v 0.003244589865207672 0.007215020060539245 0.02050781011581421
v 0.001986829936504364 0.007657439708709717 0.02056152105331421
v 0.0006726399809122086 0.007882350087165833 0.02061522960662842
v -0.0006606700271368027 0.007883359789848329 0.020668950080871582
v -0.0019752000272274016 0.007660449743270874 0.020722661018371582
v -0.003233630061149597 0.007219939827919007 0.020776369571685792
v -0.004400210082530976 0.006574349999427796 0.02083008050918579
v -0.005441799759864807 0.0057420098781585695 0.0208837890625
v -0.006328819990158081 0.004746580123901368 0.0209375
v -0.007036070227622986 0.0036163100600242614 0.0209912109375
v -0.007543449997901916 0.0023833300173282624 0.02104491949081421
v -0.007836570143699647 0.0010826399922370911 0.02109863042831421
v -0.007907090187072753 -0.0002487899921834469 0.021152338981628417
v -0.007753000259399415 -0.0015731599926948547 0.021206049919128417
v -0.0073786997795104985 -0.0028528499603271483 0.021259770393371583
v -0.006794800162315369 -0.004051499962806702 0.021313478946685793
v -0.006017900109291077 -0.005135059952735901 0.021367189884185792
v -0.0050700497627258305 -0.00607276976108551 0.021420900821685792
v -0.003978199958801269 -0.006837970018386841 0.021474609375000002
v -0.0027733400464057924 -0.007408949732780457 0.0215283203125
v -0.0014896999299526216 -0.00776947021484375 0.021582028865814208
v -0.00016374999657273293 -0.00790930986404419 0.021635739803314208
v 0.0011668500304222106 -0.007824469804763794 0.02168945074081421
v 0.0024642999470233917 -0.007517390251159668 0.021743159294128418
v 0.003691760003566742 -0.0069967699050903324 0.021796879768371583
v 0.00481436014175415 -0.0062774097919464115 0.021850590705871583
v 0.00580020010471344 -0.005379739999771118 0.021904299259185793
v 0.006621289849281311 -0.0043292599916458134 0.021958010196685793
v 0.007254300117492676 -0.0031558099389076234 0.022011721134185792
v 0.007681249976158142 -0.001892710030078888 0.0220654296875
v 0.007890009880065918 -0.0005758599936962127 0.022119140625000002
v 0.007874659895896911 0.0007573600113391876 0.02217284917831421
v 0.007635629773139954 0.002069060057401657 0.02222656011581421
v 0.007179719805717469 0.0033219900727272035 0.022280271053314208
v 0.006519860029220581 0.0044805601239204405 0.022333979606628418
v 0.005674800276756287 0.005511860251426697 0.022387700080871584
v 0.00466854989528656 0.006386590003967285 0.022441411018371583
v 0.003529700040817261 0.007079910039901734 0.02249511957168579
v 0.0022905799746513367 0.007572129964828492 0.022548830509185793
v 0.0009863899648189544 0.007849259972572327 0.0226025390625
v -0.00034581001847982406 0.007903439998626709 0.02265625
v -0.001668190062046051 0.00773311972618103 0.0227099609375
v -0.002943179905414581 0.007343130111694336 0.02276366949081421
v -0.004134570062160492 0.0067445701360702515 0.02281738042831421
v -0.005208520293235779 0.0059544301033020025 0.02287108898162842
v -0.006134529709815979 0.004995149970054627 0.02292479991912842
v -0.006886280179023743 0.003893980085849762 0.022978520393371584
v -0.007442420125007629 0.0026822099089622497 0.02303222894668579
v -0.007787169814109802 0.0013942499458789825 0.02308593988418579
v -0.007910720109939576 6.668000016361475e-05 0.02313965082168579
v -0.007809569835662842 -0.0012627799808979034 0.023193359375
v -0.007486580014228821 -0.0025563699007034304 0.0232470703125
v -0.006950939893722534 -0.003777349889278412 0.02330077886581421
v -0.006217859983444214 -0.0048910298943519595 0.02335448980331421
v -0.005308160185813904 -0.005865780115127564 0.02340820074081421
v -0.004247680008411407 -0.006673910021781922 0.02346190929412842
v -0.0030665498971939086 -0.007292479872703553 0.02351562976837158
v -0.0017983099818229677 -0.007703899741172791 0.02356934070587158
v -0.00047899000346660617 -0.007896490097045898 0.02362304925918579
v 0.0008539299666881562 -0.007864779829978944 0.02367676019668579
v 0.0021626000106334687 -0.007609670162200928 0.02373047113418579
v 0.0034098398685455324 -0.0071384102106094366 0.0237841796875
v 0.004560230076313019 -0.006464380025863648 0.023837890625
v 0.005581079721450805 -0.005606729984283448 0.02389159917831421
v 0.006443399786949158 -0.004589830040931702 0.02394531011581421
v 0.007122700214385986 -0.003442550003528595 0.02399902105331421
v 0.00759967029094696 -0.0021974800527095797 0.02405272960662842
v 0.007860779762268066 -0.0008900000154972076 0.024106450080871582
v 0.007898600101470947 0.00044277001172304153 0.02416016101837158
v 0.00771206021308899 0.0017629599571228028 0.02421386957168579
v 0.00730646014213562 0.003033069968223572 0.02426758050918579
v 0.006693320274353027 0.004217030107975007 0.0243212890625
v 0.005890060067176819 0.005281199812889099 0.024375
v 0.004919489920139313 0.006195359826087952 0.0244287109375
v 0.003809190094470978 0.006933540105819702 0.02448241949081421
v 0.0025906801223754884 0.007474780082702637 0.02453613042831421
v 0.0012985800206661224 0.00780368983745575 0.02458983898162842
v -3.0400000978261235e-05 0.007910940051078796 0.02464354991912842
v -0.0013585199415683746 0.007793480157852173 0.024697270393371582
v -0.0026480498909950256 0.007454649806022644 0.024750978946685792
v -0.003862360119819641 0.006904060244560242 0.024804689884185792
v -0.004966959953308105 0.006157370209693909 0.02485840082168579
v -0.005930479764938355 0.005235779881477356 0.024912109375
v -0.006725540161132812 0.004165459871292115 0.0249658203125
v -0.007329559922218323 0.002976830005645752 0.02501952886581421
v -0.007725380063056946 0.0017036400735378266 0.02507323980331421
v -0.007901769876480103 0.00038205001503229143 0.02512695074081421
v -0.007853710055351258 -0.0009503799676895141 0.025180659294128417
v -0.007582560181617737 -0.002255820035934448 0.025234379768371583
v -0.007096030116081238 -0.0034971898794174195 0.025288090705871583
v -0.006407930254936218 -0.004639210104942322 0.025341799259185793
v -0.0055378198623657225 -0.005649459958076477 0.025395510196685792
v -0.004510410130023956 -0.006499239802360535 0.025449221134185792
v -0.003354879915714264 -0.0071644002199172975 0.025502929687500002
v -0.0021040600538253787 -0.0076260602474212645 0.025556640625
v -0.0007934699952602387 -0.00787110984325409 0.025610349178314208
v 0.0005396600067615509 -0.007892569899559021 0.025664060115814208
v 0.0018574599921703338 -0.007689849734306336 0.02571777105331421
v 0.0031224998831748964 -0.007268689870834351 0.025771479606628418
v 0.004298849999904633 -0.006641070246696472 0.025825200080871583
v 0.005353080034255981 -0.005824810266494751 0.025878911018371583
v 0.00625527024269104 -0.004843100011348724 0.025932619571685793
v 0.006979770064353943 -0.0037238100171089173 0.025986330509185793
v 0.0075060099363327025 -0.00249876007437706 0.0260400390625
v 0.007819039821624756 -0.0012027200311422348 0.02609375
v 0.0079099702835083 0.00012748000212013723 0.026147460937500002
v 0.007776219844818116 0.0014540499448776245 0.02620116949081421
v 0.007421590089797973 0.0027393299341201783 0.02625488042831421
v 0.006856150031089783 0.003946790099143982 0.026308588981628418
v 0.006095960140228272 0.0050421500205993655 0.026362299919128418
v 0.005162609815597534 0.005994279980659485 0.026416020393371584
v 0.004082620143890381 0.006776149868965149 0.02646972894668579
v 0.002886660099029541 0.007365540266036988 0.02652343988418579
v 0.001608709990978241 0.007745710015296936 0.026577150821685793
v 0.00028505999594926836 0.00790585994720459 0.026630859375
v -0.001046689972281456 0.007841449975967408 0.0266845703125
v -0.002348700016736984 0.0075542998313903814 0.02673827886581421
v -0.0035839998722076417 0.0070525801181793215 0.02679198980331421
v -0.004717499911785126 0.006350520253181458 0.02684570074081421
v -0.005716990232467652 0.005468080043792725 0.02689940929412842
v -0.006554099917411804 0.0044303199648857115 0.02695312976837158
v -0.007205029726028442 0.0032667100429534914 0.027006840705871584
v -0.007651309967041016 0.0020103099942207336 0.02706054925918579
v -0.007880250215530396 0.0006968200206756592 0.02711426019668579
v -0.007885349988937378 -0.0006364800035953522 0.02716797113418579
v -0.007666469812393189 -0.0019516900181770324 0.0272216796875
v -0.007229830026626587 -0.0032114699482917787 0.027275390625
v -0.006587820053100586 -0.004380019903182984 0.02732909917831421
v -0.00575868010520935 -0.0054241597652435304 0.02738281011581421
v -0.00476597011089325 -0.006314229965209961 0.02743652105331421
v -0.0036378800868988037 -0.007024940252304077 0.02749022960662842
v -0.0024064600467681887 -0.007536110281944275 0.02754395008087158
v -0.0011066800355911256 -0.007833210229873657 0.02759766101837158
v 0.00022453000769019128 -0.007907810211181641 0.02765136957168579
v 0.0015493699908256532 -0.007757790088653565 0.02770508050918579
v 0.002830199897289276 -0.0073874199390411375 0.0277587890625
v 0.004030629992485046 -0.006807199716567993 0.0278125
v 0.005116569995880127 -0.0060336202383041385 0.0278662109375
v 0.0060571801662445066 -0.0050886601209640505 0.02791991949081421
v 0.006825739741325379 -0.003999159932136536 0.02797363042831421
v 0.007400410175323486 -0.0027960500121116637 0.02802733898162842
v 0.007764869928359986 -0.0015135300159454346 0.02808104991912842
v 0.007908769845962525 -0.0001880200020968914 0.028134770393371582
v 0.007828019857406616 0.001142840012907982 0.02818847894668579
v 0.007524909973144532 0.002441229969263077 0.02824218988418579
v 0.007008060216903687 0.0036702799797058107 0.02829590082168579
v 0.006292150020599366 0.004795069992542267 0.028349609375
v 0.0053975099325180055 0.005783669948577881 0.0284033203125
v 0.0043495500087738035 0.006607969999313354 0.02845702886581421
v 0.003178049921989441 0.007244579792022705 0.02851073980331421
v 0.0019162699580192565 0.007675399780273437 0.02856445074081421
v 0.0006000600010156632 0.007888209819793702 0.02861815929412842
v -0.0007331900298595429 0.007876949906349183 0.028671879768371582
v -0.002045619934797287 0.0076419502496719366 0.028725590705871582
v -0.003299950063228607 0.0071898698806762695 0.028779299259185792
v -0.004460529983043671 0.006533570289611816 0.028833010196685792
v -0.005494419932365418 0.00569167971611023 0.02888672113418579
v -0.00637224018573761 0.004688130021095276 0.0289404296875
v -0.007069050073623657 0.0035514000058174135 0.028994140625
v -0.007565069794654846 0.0023138000071048735 0.02904784917831421
v -0.007846199870109559 0.0010104700177907943 0.02910156011581421
v -0.007904459834098817 -0.00032156001776456833 0.02915527105331421
v -0.007738199830055237 -0.0016444499790668487 0.029208979606628417
v -0.007352129817008972 -0.0029206401109695434 0.029262700080871583
v -0.006757220029830932 -0.004113860130310058 0.029316411018371583
v -0.005970379710197449 -0.0051902300119400025 0.029370119571685793
v -0.005013949871063232 -0.0061191701889038086 0.029423830509185792
v -0.003915089964866638 -0.006874300241470337 0.029477539062500002
v -0.002705030143260956 -0.007434160113334656 0.029531250000000002
v -0.001418129950761795 -0.0077828502655029295 0.0295849609375
v -9.095000103116036e-05 -0.007910479903221131 0.029638669490814208
v 0.0012388099730014802 -0.007813400030136109 0.029692380428314208
v 0.0025333899259567263 -0.00749439001083374 0.029746088981628418
v 0.0037560001015663146 -0.006962500214576721 0.029799799919128418
v 0.004871929883956909 -0.006232839822769165 0.029853520393371583
v 0.005849469900131226 -0.005326129794120789 0.029907228946685793
v 0.006660850048065186 -0.004268139898777008 0.029960939884185793
v 0.007283030152320862 -0.0030889099836349486 0.030014650821685793
v 0.0076983398199081425 -0.0018219399452209474 0.030068359375
v 0.00789497971534729 -0.0005032100155949593 0.030122070312500002
v 0.00786736011505127 0.0008297999948263168 0.03017577886581421
v 0.007616270184516907 0.0021392500400543215 0.03022948980331421
v 0.007148839831352234 0.0033879300951957705 0.03028320074081421
v 0.006478340029716492 0.004540370106697083 0.030336909294128418
v 0.0056238299608230595 0.005563849806785584 0.030390629768371584
v 0.0046095699071884155 0.006429290175437927 0.030444340705871584
v 0.003464379906654358 0.007112100124359131 0.03049804925918579
v 0.0022207899391651154 0.00759289026260376 0.030551760196685793
v 0.0009141100198030472 0.007858009934425354 0.030605471134185793
v -0.0004185299947857857 0.007899919748306275 0.0306591796875
v -0.0017392900586128235 0.0077174299955368045 0.030712890625
v -0.0030106401443481447 0.007315729856491089 0.03076659917831421
v -0.004196470081806183 0.006706230044364929 0.03082031011581421
v -0.005263109803199768 0.005906239748001099 0.03087402105331421
v -0.006180239915847778 0.004938479959964753 0.03092772960662842
v -0.006921820044517517 0.0038304400444030763 0.030981450080871584
v -0.007466800212860107 0.0026135998964309693 0.031035161018371584
v -0.007799670100212097 0.0013225199282169342 0.03108886957168579
v -0.00791100025177002 -6.130000110715628e-06 0.03114258050918579
v -0.00779761016368866 -0.0013346000015735627 0.0311962890625
v -0.007462739944458008 -0.0026251599192619324 0.03125
v -0.006915879845619202 -0.0038411599397659302 0.0313037109375
v -0.006172580122947693 -0.004948050081729889 0.031357419490814206
v -0.0052539497613906866 -0.0059143900871276855 0.03141113042831421
v -0.004186080098152161 -0.0067127299308776854 0.03146483898162842
v -0.0029993000626564025 -0.0073203897476196295 0.03151854991912842
v -0.0017273299396038057 -0.007720119953155518 0.031572270393371585
v -0.0004062899947166443 -0.007900559902191162 0.03162597894668579
v 0.0009262800216674804 -0.007856580018997193 0.03167968988418579
v 0.0022325499355793 -0.007589439749717712 0.03173340082168579
v 0.003475399911403656 -0.007106720209121704 0.031787109375
v 0.004619530141353607 -0.006422140002250672 0.031840820312500004
v 0.005632449984550476 -0.005555130243301391 0.03189452886581421
v 0.006485369801521301 -0.004530330002307892 0.03194823980331421
v 0.007154080271720886 -0.003376849889755249 0.03200195074081421
v 0.007619569897651672 -0.0021274399757385256 0.032055659294128416
v 0.007868639826774597 -0.0008176100254058839 0.03210937976837158
v 0.007894189953804016 0.0005154500156641006 0.03216309070587158
v 0.007695509791374206 0.001833859980106354 0.03221679925918579
v 0.007278239727020264 0.0031001898646354675 0.032270510196685795
v 0.006654229760169983 0.004278450012207031 0.032324221134185795
v 0.005841209888458252 0.005335190296173096 0.0323779296875
v 0.0048622599244117735 0.006240379810333252 0.032431640625
v 0.0037452098727226257 0.006968309879302978 0.03248534917831421
v 0.0025217700004577636 0.007498310208320618 0.03253906011581421
v 0.0012267000228166581 0.007815309762954713 0.03259277105331421
v -0.00010320999659597874 0.007910330295562745 0.03264647960662842
v -0.0014301900565624238 0.0077806502580642705 0.032700200080871586
v -0.002716549932956696 0.0074299597740173345 0.032753911018371586
v -0.003925740122795105 0.006868219971656799 0.03280761957168579
v -0.0050234198570251465 0.006111400127410889 0.03286133050918579
v -0.005978410243988037 0.005180969834327698 0.0329150390625
v -0.006763589978218079 0.004103389978408814 0.03296875
v -0.007356650233268738 0.0029092401266098025 0.0330224609375
v -0.007740740180015564 0.0016324600577354432 0.03307616949081421
v -0.007904949784278869 0.0003093099966645241 0.03312988042831421
v -0.007844629883766174 -0.001022630035877228 0.03318358898162842
v -0.00756147027015686 -0.002325520068407059 0.03323729991912842
v -0.007063540220260621 -0.0035623499751091005 0.03329102039337158
v -0.0063649600744247435 -0.004697990119457245 0.03334472894668579
v -0.0054855901002883916 -0.00570019006729126 0.03339843988418579
v -0.0044503998756408696 -0.006540480256080628 0.03345215082168579
v -0.003288800120353699 -0.0071949797868728635 0.033505859375
v -0.0020337800681591036 -0.00764510989189148 0.0335595703125
v -0.000720990002155304 -0.007878080010414124 0.03361327886581421
v 0.0006122799962759018 -0.007887269854545593 0.03366698980331421
v 0.0019281600415706635 -0.007672430276870728 0.03372070074081421
v 0.0031892699003219604 -0.007239649891853332 0.03377440929412842
v 0.004359790086746216 -0.006601219773292541 0.03382812976837158
v 0.005406469702720642 -0.005775300264358521 0.03388184070587158
v 0.006299579739570618 -0.0047853198647499085 0.03393554925918579
v 0.007013739943504333 -0.0036594200134277347 0.03398926019668579
v 0.007528690099716187 -0.002429569959640503 0.03404297113418579
v 0.007829779982566834 -0.0011307100206613542 0.0340966796875
v 0.007908459901809693 0.00020027000457048416 0.034150390625
v 0.0077625101804733275 0.0015255600214004517 0.03420409917831421
v 0.0073960602283477785 0.0028075200319290163 0.03425781011581421
v 0.006819530129432678 0.004009729921817779 0.03431152105331421
v 0.006049289703369141 0.005098040103912353 0.03436522960662842
v 0.005107219815254212 0.006041539907455444 0.034418950080871584
v 0.004020079970359802 0.006813439726829529 0.034472661018371584
v 0.0028187501430511474 0.0073917901515960695 0.03452636957168579
v 0.0015373499691486358 0.007760189771652222 0.03458008050918579
v 0.00021228000521659852 0.00790814995765686 0.0346337890625
v -0.0011188200116157533 0.00783149003982544 0.0346875
v -0.002418130040168762 0.007532370090484619 0.0347412109375
v -0.00364876002073288 0.00701928973197937 0.03479491949081421
v -0.004775750041007996 0.006306830048561096 0.03484863042831421
v -0.0057670801877975466 0.005415229797363281 0.034902338981628415
v -0.0065946000814437866 0.004369809925556183 0.03495604991912842
v -0.007234799861907959 0.003200260102748871 0.03500977039337158
v -0.007669489979743958 0.0019398100674152374 0.035063478946685794
v -0.007886329889297486 0.0006242600083351135 0.035117189884185794
v -0.007879160046577453 -0.000709030032157898 0.035170900821685794
v -0.0076481902599334715 -0.002022169977426529 0.035224609375
v -0.007199959754943848 -0.0032778701186180117 0.0352783203125
v -0.006547229886054993 -0.004440470039844513 0.035332028865814206
v -0.005708510279655457 -0.005476930141448975 0.03538573980331421
v -0.004707649946212768 -0.0063578200340271 0.03543945074081421
v -0.0035730698704719544 -0.0070581197738647464 0.03549315929412842
v -0.002336989939212799 -0.007557929754257202 0.035546879768371585
v -0.0010345400124788285 -0.00784305989742279 0.035600590705871585
v 0.0002973099984228611 -0.007905409932136535 0.03565429925918579
v 0.0016207100450992586 -0.007743210196495057 0.03570801019668579
v 0.00289806991815567 -0.007361050248146058 0.03576172113418579
v 0.004093109965324402 -0.0067698097229003905 0.035815429687500004
v 0.005171890258789062 -0.00598626971244812 0.035869140625000004
v 0.0061037600040435794 -0.005032699704170227 0.03592284917831421
v 0.006862249970436096 -0.003936159908771515 0.03597656011581421
v 0.007425829768180847 -0.0027278199791908263 0.03603027105331421
v 0.007778469920158387 -0.0014419999718666076 0.036083979606628416
v 0.007910159826278686 -0.00011521999724209309 0.03613770008087158
v 0.007817170023918152 0.0012148399651050567 0.03619141101837158
v 0.0075021302700042725 0.0025103801488876344 0.036245119571685795
v 0.006973990201950073 0.003734619915485382 0.036298830509185795
v 0.006247749924659729 0.004852780103683472 0.0363525390625
v 0.00534404993057251 0.005833100080490113 0.03640625
v 0.004288550019264222 0.0066477197408676145 0.0364599609375
v 0.003111239969730377 0.007273520231246948 0.03651366949081421
v 0.0018455499410629274 0.007692720293998719 0.03656738042831421
v 0.0005274299904704094 0.007893400192260742 0.03662108898162842
v -0.0008056599646806717 0.007869870066642762 0.03667479991912842
v -0.0021158699691295624 0.007622799873352051 0.036728520393371586
v -0.003365980088710785 0.007159199714660645 0.03678222894668579
v -0.004520480036735535 0.006492239832878113 0.03683593988418579
v -0.00554656982421875 0.0056408697366714475 0.03688965082168579
v -0.006415119767189026 0.004629279971122742 0.036943359375
v -0.007101439833641052 0.003486190140247345 0.0369970703125
v -0.007586039900779724 0.0022440700232982634 0.03705077886581421
v -0.007855169773101807 0.0009382099658250809 0.03710448980331421
v -0.007901170253753663 -0.0003942999988794327 0.03715820074081421
v -0.007722730040550232 -0.0017156000435352326 0.03721190929412842
v -0.007324939966201783 -0.002988179922103882 0.03726562976837158
v -0.006719070076942444 -0.004175879955291748 0.03731934070587158
v -0.005922359824180603 -0.005244960188865662 0.03737304925918579
v -0.004957410097122193 -0.006165059804916382 0.03742676019668579
v -0.0038516598939895633 -0.006910039782524109 0.03748047113418579
v -0.0026364898681640624 -0.007458739876747131 0.0375341796875
v -0.0013464400172233581 -0.00779558002948761 0.037587890625
v -1.813999959267676e-05 -0.007910979986190796 0.03764159917831421
v 0.001310669928789139 -0.007801669836044312 0.03769531011581421
v 0.002602260112762451 -0.0074707502126693725 0.03774902105331421
v 0.0038199201226234436 -0.006927629709243774 0.03780272960662842
v 0.004929090142250061 -0.006187729835510254 0.03785645008087158
v 0.005898240208625794 -0.005272070169448853 0.03791016101837158
v 0.0066998499631881715 -0.004206649959087372 0.03796386957168579
v 0.007311149835586548 -0.0030217498540878298 0.03801758050918579
v 0.00771477997303009 -0.0017510099709033967 0.0380712890625
v 0.007899280190467834 -0.00043053001165390016 0.038125
v 0.007859389781951904 0.0009021800011396408 0.0381787109375
v 0.007596259713172912 0.0022092600166797637 0.03823241949081421
v 0.007117350101470948 0.003453580141067505 0.03828613042831421
v 0.006436280012130737 0.0045998099446296695 0.03833983898162842
v 0.00557237982749939 0.005615379810333252 0.03839354991912842
v 0.004550209939479828 0.0064714401960372925 0.038447270393371584
v 0.0033987799286842348 0.007143679857254028 0.03850097894668579
v 0.0021508100628852846 0.007613009810447693 0.03855468988418579
v 0.000841749981045723 0.007866089940071106 0.03860840082168579
v -0.0004912300035357475 0.007895730137825012 0.038662109375
v -0.0018102499842643739 0.007701100111007691 0.0387158203125
v -0.0030778399109840393 0.00728771984577179 0.03876952886581421
v -0.004258019924163818 0.006667320132255555 0.03882323980331421
v -0.005317239761352539 0.005857549905776978 0.03887695074081421
v -0.006225429773330689 0.004881390035152435 0.038930659294128415
v -0.006956790089607239 0.003766570091247559 0.03898437976837158
v -0.007490530014038086 0.0025447601079940795 0.03903809070587158
v -0.007811509966850281 0.0012506799399852754 0.039091799259185794
v -0.007910609841346741 -7.894000038504601e-05 0.039145510196685794
v -0.007785000205039978 -0.0014063100516796111 0.039199221134185794
v -0.007438259720802308 -0.002693740129470825 0.0392529296875
v -0.006880239844322205 -0.0039046499133110046 0.039306640625
v -0.006126779913902283 -0.005004649758338928 0.039360349178314206
v -0.005199289917945862 -0.00596248984336853 0.03941406011581421
v -0.004124119877815247 -0.006750969886779785 0.03946777105331421
v -0.00293179988861084 -0.007347689867019653 0.03952147960662842
v -0.0016561999917030334 -0.007735689878463745 0.039575200080871585
v -0.0003335599973797798 -0.00790395975112915 0.039628911018371585
v 0.000998549982905388 -0.007847729921340942 0.03968261957168579
v 0.0023023100197315217 -0.007568569779396057 0.03973633050918579
v 0.0035406601428985595 -0.007074440121650696 0.0397900390625
v 0.0046784400939941405 -0.006379349827766418 0.039843750000000004
v 0.0056833398342132566 -0.005503060221672058 0.039897460937500004
v 0.0065267902612686154 -0.004470449984073639 0.03995116949081421
v 0.007184849977493286 -0.0033108600974082946 0.04000487804412842
v 0.0076388299465179445 -0.0020572200417518617 0.04005858898162842
v 0.007875829935073853 -0.0007451499998569488 0.040112299919128416
v 0.007889109849929809 0.0005880799889564514 0.04016602039337158
v 0.00767831027507782 0.0019046099483966828 0.04021973133087158
v 0.007249400019645691 0.0031670400500297545 0.04027344226837158
v 0.006614570021629334 0.004339520037174225 0.0403271484375
v 0.005791850090026855 0.005388720035552979 0.040380859375
v 0.004804620146751404 0.006284859776496887 0.0404345703125
v 0.0036809200048446658 0.007002480030059814 0.04048828125
v 0.0024526500701904297 0.007521200180053711 0.0405419921875
v 0.001154719963669777 0.00782626986503601 0.04059569835662842
v -0.00017601000145077707 0.007909039855003358 0.04064940929412842
v -0.0015017400681972505 0.0077671498060226446 0.040703129768371586
v -0.0027848100662231446 0.007404639720916748 0.040756840705871586
v -0.003988789916038514 0.0068317997455596925 0.040810551643371586
v -0.005079460144042969 0.006064900159835815 0.0408642578125
v -0.006025850176811219 0.005125730037689209 0.04091796875
v -0.006801069974899292 0.004040960073471069 0.0409716796875
v -0.007383109927177429 0.002841410040855408 0.041025390625
v -0.007755429744720459 0.0015611499547958374 0.0410791015625
v -0.007907459735870362 0.0002365400083363056 0.04113280773162842
v -0.007834879755973816 -0.0010947799682617188 0.04118651866912842
v -0.007539749741554261 -0.002395009994506836 0.04124022960662842
v -0.0070304501056671145 -0.003627209961414337 0.04129395008087158
v -0.006321460008621216 -0.004756380021572113 0.04134766101837158
v -0.005432900190353394 -0.0057504397630691526 0.04140137195587158
v -0.004390020072460175 -0.006581159830093384 0.041455078125
v -0.0032224398851394653 -0.007224940061569214 0.0415087890625
v -0.0019633300602436067 -0.007663499712944031 0.0415625
v -0.0006484500318765641 -0.007884380221366883 0.0416162109375
v 0.0006848499923944473 -0.00788129985332489 0.041669921875
v 0.0019986900687217713 -0.007654349803924561 0.04172362804412842
v 0.0032557699084281924 -0.00720999002456665 0.04177733898162842
v 0.004420360028743744 -0.006560819745063782 0.04183104991912842
v 0.00545939028263092 -0.005725290179252625 0.04188477039337158
v 0.006343349814414978 -0.0047271400690078735 0.04193848133087158
v 0.00704712986946106 -0.0035947099328041076 0.04199219226837158
v 0.0075507301092147825 -0.002360170036554337 0.0420458984375
v 0.007839850187301637 -0.0010585899651050568 0.042099609375
v 0.007906290292739869 0.000273049995303154 0.0421533203125
v 0.007748140096664429 0.0015969400107860565 0.04220703125
v 0.007369909882545472 0.002875469923019409 0.0422607421875
v 0.006782339811325073 0.004072319865226746 0.04231444835662842
v 0.006002110242843628 0.005153499841690064 0.04236815929412842
v 0.0050514000654220586 0.006088290214538574 0.042421879768371584
v 0.003957200050354004 0.006850150227546692 0.042475590705871584
v 0.0027505901455879213 0.0074174201488494875 0.042529301643371584
v 0.0014658600091934204 0.007774009704589844 0.042583007812500004
v 0.00013949000276625156 0.007909770011901856 0.042636718750000004
v -0.0011908499896526336 0.007820860147476197 0.0426904296875
v -0.0024873599410057067 0.0075097900629043585 0.042744140625
v -0.003713209927082062 0.00698540985584259 0.0427978515625
v -0.004833590090274811 0.006262609958648682 0.042851557731628416
v -0.0058166801929473875 0.005361919999122619 0.042905268669128416
v -0.00663453996181488 0.004308930039405823 0.042958979606628415
v -0.0072639399766922 0.0031335398554801944 0.04301270008087158
v -0.0076870197057724 0.0018691399693489075 0.04306641101837158
v -0.007891740202903747 0.0005516500025987626 0.04312012195587158
v -0.007872300148010254 -0.0007815100252628326 0.043173828125
v -0.007629250288009644 -0.0020924699306488037 0.0432275390625
v -0.007169489860534668 -0.003343999981880188 0.04328125
v -0.006506080031394959 -0.004500539898872375 0.0433349609375
v -0.005657860040664673 -0.005529239773750305 0.043388671875
v -0.004648939967155457 -0.006400880217552185 0.04344237804412842
v -0.0035079601407051087 -0.007090709805488586 0.04349608898162842
v -0.0022673299908638 -0.007579119801521301 0.04354979991912842
v -0.0009623099863529205 -0.007852249741554261 0.043603520393371585
v 0.00037004999816417697 -0.007902340292930602 0.043657231330871585
v 0.0016919000446796418 -0.007727959752082825 0.043710942268371585
v 0.0029657000303268434 -0.0073340702056884765 0.0437646484375
v 0.004155249893665313 -0.006731849908828735 0.043818359375
v 0.005226770043373108 -0.005938420295715332 0.043872070312500004
v 0.00614982008934021 -0.0049763000011444096 0.043925781250000004
v 0.006898189783096313 -0.003872840106487274 0.043979492187500004
v 0.00745061993598938 -0.002659359872341156 0.04403319835662842
v 0.007791410088539123 -0.0013703499734401704 0.04408690929412842
v 0.007910889983177185 -4.2409999296069145e-05 0.04414062976837158
v 0.007805650234222412 0.001286730021238327 0.04419434070587158
v 0.007478700280189514 0.0025793200731277464 0.04424805164337158
v 0.006939319968223572 0.003798649907112122 0.0443017578125
v 0.00620281994342804 0.004910080134868622 0.04435546875
v 0.00529013991355896 0.005882040262222291 0.0444091796875
v 0.004227190017700195 0.006686909794807434 0.044462890625
v 0.003044160008430481 0.007301849722862244 0.0445166015625
v 0.0017746700346469879 0.00770937979221344 0.04457030773162842
v 0.00045476000756025317 0.007897920012474061 0.04462401866912842
v -0.0008780600130558014 0.007862120270729064 0.04467772960662842
v -0.0021859399974346163 0.007602999806404114 0.044731450080871586
v -0.0034317299723625183 0.0071279102563858035 0.044785161018371586
v -0.004580039978027344 0.00645035982131958 0.044838871955871586
v -0.005598250031471253 0.005589590072631836 0.044892578125
v -0.006457449793815613 0.004570040106773377 0.0449462890625
v -0.007714110016822815 0.0017539900541305542 0.045
v -0.00791100025177002 0.0 0.045
v -0.007714110016822815 -0.0017539900541305542 0.045
v 0.0017539900541305542 -0.007714110016822815 0.0175
v 0.0 -0.00791100025177002 0.0175
v -0.0017539900541305542 -0.007714110016822815 0.0175
v 0.01041100025177002 0.0 0.015
v 0.010056250095367432 0.0026945701241493226 0.015
v 0.00901619017124176 0.00520550012588501 0.015
v 0.007361689805984497 0.007361689805984497 0.015
v 0.00520550012588501 0.00901619017124176 0.015
v 0.0026945701241493226 0.010056250095367432 0.015
v 0.0 0.01041100025177002 0.015
v -0.0026945701241493226 0.010056250095367432 0.015
v -0.00520550012588501 0.00901619017124176 0.015
v -0.007361689805984497 0.007361689805984497 0.015
v -0.00901619017124176 0.00520550012588501 0.015
v -0.010056250095367432 0.0026945701241493226 0.015
v -0.01041100025177002 0.0 0.015
v -0.010056250095367432 -0.0026945701241493226 0.015
v -0.00901619017124176 -0.00520550012588501 0.015
v -0.007361689805984497 -0.007361689805984497 0.015
v -0.00520550012588501 -0.00901619017124176 0.015
v -0.0026945701241493226 -0.010056250095367432 0.015
v 0.0 -0.01041100025177002 0.015
v 0.0026945701241493226 -0.010056250095367432 0.015
v 0.00520550012588501 -0.00901619017124176 0.015
v 0.007361689805984497 -0.007361689805984497 0.015
v 0.00901619017124176 -0.00520550012588501 0.015
v 0.010056250095367432 -0.0026945701241493226 0.015
v 0.007996190190315246 0.0 0.016852949857711793
v 0.00824594020843506 0.0 0.01625
v 0.008643230199813843 0.0 0.015732229948043824
v 0.00916100025177002 0.0 0.01533493995666504
v 0.009763950109481811 0.0 0.015085190534591675
v -0.003998090028762818 -0.006924899816513062 0.016852949857711793
v -0.00412297010421753 -0.007141190171241761 0.01625
v -0.004321619868278503 -0.007485259771347046 0.015732229948043824
v -0.00458050012588501 -0.00793366014957428 0.01533493995666504
v -0.004881980121135712 -0.008455830216407776 0.015085190534591675
v -0.002527100145816803 -0.009431250095367431 0.015085190534591675
v -0.002371039986610413 -0.008848850131034851 0.01533493995666504
v -0.0022370299696922303 -0.008348720073699951 0.015732229948043824
v -0.0021342100203037262 -0.007964959740638733 0.01625
v -0.0020695699751377104 -0.007723720073699951 0.016852949857711793
v -0.0056541597843170165 -0.0056541597843170165 0.016852949857711793
v -0.00583076000213623 -0.00583076000213623 0.01625
v -0.006111689805984497 -0.006111689805984497 0.015732229948043824
v -0.006477810144424438 -0.006477810144424438 0.01533493995666504
v -0.006904159784317017 -0.006904159784317017 0.015085190534591675
v -0.006924899816513062 -0.003998090028762818 0.016852949857711793
v -0.007141190171241761 -0.00412297010421753 0.01625
v -0.007485259771347046 -0.004321619868278503 0.015732229948043824
v -0.00793366014957428 -0.00458050012588501 0.01533493995666504
v -0.008455830216407776 -0.004881980121135712 0.015085190534591675
v -0.007723720073699951 -0.0020695699751377104 0.016852949857711793
v -0.007964959740638733 -0.0021342100203037262 0.01625
v -0.008348720073699951 -0.0022370299696922303 0.015732229948043824
v -0.008848850131034851 -0.002371039986610413 0.01533493995666504
v -0.009431250095367431 -0.002527100145816803 0.015085190534591675
v -0.007996190190315246 0.0 0.016852949857711793
v -0.00824594020843506 0.0 0.01625
v -0.008643230199813843 0.0 0.015732229948043824
v -0.00916100025177002 0.0 0.01533493995666504
v -0.009763950109481811 0.0 0.015085190534591675
v -0.007723720073699951 0.0020695699751377104 0.016852949857711793
v -0.007964959740638733 0.0021342100203037262 0.01625
v -0.008348720073699951 0.0022370299696922303 0.015732229948043824
v -0.008848850131034851 0.002371039986610413 0.01533493995666504
v -0.009431250095367431 0.002527100145816803 0.015085190534591675
v -0.006924899816513062 0.003998090028762818 0.016852949857711793
v -0.007141190171241761 0.00412297010421753 0.01625
v -0.007485259771347046 0.004321619868278503 0.015732229948043824
v -0.00793366014957428 0.00458050012588501 0.01533493995666504
v -0.008455830216407776 0.004881980121135712 0.015085190534591675
v -0.0056541597843170165 0.0056541597843170165 0.016852949857711793
v -0.00583076000213623 0.00583076000213623 0.01625
v -0.006111689805984497 0.006111689805984497 0.015732229948043824
v -0.006477810144424438 0.006477810144424438 0.01533493995666504
v -0.006904159784317017 0.006904159784317017 0.015085190534591675
v -0.003998090028762818 0.006924899816513062 0.016852949857711793
v -0.00412297010421753 0.007141190171241761 0.01625
v -0.004321619868278503 0.007485259771347046 0.015732229948043824
v -0.00458050012588501 0.00793366014957428 0.01533493995666504
v -0.004881980121135712 0.008455830216407776 0.015085190534591675
v -0.0020695699751377104 0.007723720073699951 0.016852949857711793
v -0.0021342100203037262 0.007964959740638733 0.01625
v -0.0022370299696922303 0.008348720073699951 0.015732229948043824
v -0.002371039986610413 0.008848850131034851 0.01533493995666504
v -0.002527100145816803 0.009431250095367431 0.015085190534591675
v 0.0 0.007996190190315246 0.016852949857711793
v 0.0 0.00824594020843506 0.01625
v 0.0 0.008643230199813843 0.015732229948043824
v 0.0 0.00916100025177002 0.01533493995666504
v 0.0 0.009763950109481811 0.015085190534591675
v 0.0020695699751377104 0.007723720073699951 0.016852949857711793
v 0.0021342100203037262 0.007964959740638733 0.01625
v 0.0022370299696922303 0.008348720073699951 0.015732229948043824
v 0.002371039986610413 0.008848850131034851 0.01533493995666504
v 0.002527100145816803 0.009431250095367431 0.015085190534591675
v 0.003998090028762818 0.006924899816513062 0.016852949857711793
v 0.00412297010421753 0.007141190171241761 0.01625
v 0.004321619868278503 0.007485259771347046 0.015732229948043824
v 0.00458050012588501 0.00793366014957428 0.01533493995666504
v 0.004881980121135712 0.008455830216407776 0.015085190534591675
v 0.0056541597843170165 0.0056541597843170165 0.016852949857711793
v 0.00583076000213623 0.00583076000213623 0.01625
v 0.006111689805984497 0.006111689805984497 0.015732229948043824
v 0.006477810144424438 0.006477810144424438 0.01533493995666504
v 0.006904159784317017 0.006904159784317017 0.015085190534591675
v 0.006924899816513062 0.003998090028762818 0.016852949857711793
v 0.007141190171241761 0.00412297010421753 0.01625
v 0.007485259771347046 0.004321619868278503 0.015732229948043824
v 0.00793366014957428 0.00458050012588501 0.01533493995666504
v 0.008455830216407776 0.004881980121135712 0.015085190534591675
v 0.007723720073699951 0.0020695699751377104 0.016852949857711793
v 0.007964959740638733 0.0021342100203037262 0.01625
v 0.008348720073699951 0.0022370299696922303 0.015732229948043824
v 0.008848850131034851 0.002371039986610413 0.01533493995666504
v 0.009431250095367431 0.002527100145816803 0.015085190534591675
v 0.007723720073699951 -0.0020695699751377104 0.016852949857711793
v 0.007964959740638733 -0.0021342100203037262 0.01625
v 0.008348720073699951 -0.0022370299696922303 0.015732229948043824
v 0.008848850131034851 -0.002371039986610413 0.01533493995666504
v 0.009431250095367431 -0.002527100145816803 0.015085190534591675
v 0.006924899816513062 -0.003998090028762818 0.016852949857711793
v 0.007141190171241761 -0.00412297010421753 0.01625
v 0.007485259771347046 -0.004321619868278503 0.015732229948043824
v 0.00793366014957428 -0.00458050012588501 0.01533493995666504
v 0.008455830216407776 -0.004881980121135712 0.015085190534591675
v 0.0056541597843170165 -0.0056541597843170165 0.016852949857711793
v 0.00583076000213623 -0.00583076000213623 0.01625
v 0.006111689805984497 -0.006111689805984497 0.015732229948043824
v 0.006477810144424438 -0.006477810144424438 0.01533493995666504
v 0.006904159784317017 -0.006904159784317017 0.015085190534591675
v 0.003998090028762818 -0.006924899816513062 0.016852949857711793
v 0.00412297010421753 -0.007141190171241761 0.01625
v 0.004321619868278503 -0.007485259771347046 0.015732229948043824
v 0.00458050012588501 -0.00793366014957428 0.01533493995666504
v 0.004881980121135712 -0.008455830216407776 0.015085190534591675
v 0.0020695699751377104 -0.007723720073699951 0.016852949857711793
v 0.0021342100203037262 -0.007964959740638733 0.01625
v 0.0022370299696922303 -0.008348720073699951 0.015732229948043824
v 0.002371039986610413 -0.008848850131034851 0.01533493995666504
v 0.002527100145816803 -0.009431250095367431 0.015085190534591675
v 0.0 -0.007996190190315246 0.016852949857711793
v 0.0 -0.00824594020843506 0.01625
v 0.0 -0.008643230199813843 0.015732229948043824
v 0.0 -0.00916100025177002 0.01533493995666504
v 0.0 -0.009763950109481811 0.015085190534591675
v 0.02202500104904175 -0.03814841985702515 0.015
v 0.0440500020980835 0.0 0.015
v 0.02202500104904175 0.03814841985702515 0.015
v -0.02202500104904175 0.03814841985702515 0.015
v -0.0440500020980835 0.0 0.015
v -0.02202500104904175 -0.03814841985702515 0.015
v -0.02202500104904175 -0.03814841985702515 0.0
v 0.02202500104904175 -0.03814841985702515 0.0
v -0.0440500020980835 0.0 0.0
v -0.02202500104904175 0.03814841985702515 0.0
v 0.02202500104904175 0.03814841985702515 0.0
v 0.0440500020980835 0.0 0.0
usemtl A__o___Acetinado
f 1 2 1048
f 1048 2 3
f 1048 3 1047
f 1047 3 4
f 1047 4 1046
f 1046 4 5
f 1046 5 1045
f 1045 5 6
f 1045 6 7
f 1045 7 1044
f 1044 7 8
f 1044 8 1043
f 1043 8 9
f 1043 9 1042
f 1042 9 10
f 1042 10 1041
f 1041 10 1040
f 1040 10 11
f 1040 11 1039
f 1039 11 12
f 1039 12 1038
f 1038 12 1037
f 1037 12 13
f 1037 13 1036
f 1036 13 14
f 1036 14 1035
f 1035 14 15
f 1035 15 1034
f 1034 15 16
f 1034 16 1033
f 1033 16 17
f 1033 17 1032
f 1032 17 18
f 1032 18 1031
f 1031 18 19
f 1031 19 1030
f 1030 19 20
f 1030 20 1029
f 1029 20 21
f 1029 21 1028
f 1028 21 22
f 1028 22 1027
f 1027 22 23
f 1027 23 1026
f 1026 23 24
f 1026 24 1025
f 1025 24 25
f 1025 25 1024
f 1024 25 26
f 1024 26 1023
f 1023 26 27
f 1023 27 1022
f 1022 27 28
f 1022 28 1021
f 1021 28 29
f 1021 29 1020
f 1020 29 30
f 1020 30 1019
f 1019 30 31
f 1019 31 1018
f 1018 31 32
f 1018 32 1017
f 1017 32 33
f 1017 33 1016
f 1016 33 34
f 1016 34 1015
f 1015 34 35
f 1015 35 1014
f 1014 35 36
f 1014 36 1013
f 1013 36 37
f 1013 37 1012
f 1012 37 38
f 1012 38 1011
f 1011 38 39
f 1011 39 1010
f 1010 39 40
f 1010 40 1009
f 1009 40 41
f 1009 41 1008
f 1008 41 42
f 1008 42 1007
f 1007 42 43
f 1007 43 1006
f 1006 43 44
f 1006 44 1005
f 1005 44 45
f 1005 45 1004
f 1004 45 46
f 1004 46 1003
f 1003 46 47
f 1003 47 1002
f 1002 47 48
f 1002 48 1001
f 1001 48 49
f 1001 49 1000
f 1000 49 50
f 1000 50 999
f 999 50 51
f 999 51 998
f 998 51 52
f 998 52 997
f 997 52 53
f 997 53 996
f 996 53 54
f 996 54 995
f 995 54 55
f 995 55 994
f 994 55 56
f 994 56 993
f 993 56 57
f 993 57 992
f 992 57 58
f 992 58 991
f 991 58 59
f 991 59 990
f 990 59 60
f 990 60 989
f 989 60 61
f 989 61 988
f 988 61 62
f 988 62 987
f 987 62 63
f 987 63 986
f 986 63 64
f 986 64 985
f 985 64 65
f 985 65 984
f 984 65 66
f 984 66 983
f 983 66 67
f 983 67 982
f 982 67 68
f 982 68 981
f 981 68 69
f 981 69 980
f 980 69 70
f 980 70 979
f 979 70 71
f 979 71 978
f 978 71 72
f 978 72 977
f 977 72 73
f 977 73 976
f 976 73 74
f 976 74 975
f 975 74 75
f 975 75 974
f 974 75 76
f 974 76 973
f 973 76 77
f 973 77 972
f 972 77 78
f 972 78 971
f 971 78 79
f 971 79 970
f 970 79 80
f 970 80 969
f 969 80 81
f 969 81 968
f 968 81 82
f 968 82 967
f 967 82 83
f 967 83 966
f 966 83 84
f 966 84 965
f 965 84 85
f 965 85 964
f 964 85 86
f 964 86 963
f 963 86 87
f 963 87 962
f 962 87 88
f 962 88 961
f 961 88 89
f 961 89 960
f 960 89 90
f 960 90 959
f 959 90 91
f 959 91 958
f 958 91 92
f 958 92 957
f 957 92 93
f 957 93 956
f 956 93 94
f 956 94 955
f 955 94 95
f 955 95 954
f 954 95 96
f 954 96 953
f 953 96 97
f 953 97 952
f 952 97 98
f 952 98 951
f 951 98 99
f 951 99 950
f 950 99 100
f 950 100 949
f 949 100 101
f 949 101 948
f 948 101 102
f 948 102 947
f 947 102 103
f 947 103 946
f 946 103 104
f 946 104 945
f 945 104 105
f 945 105 944
f 944 105 106
f 944 106 943
f 943 106 107
f 943 107 942
f 942 107 108
f 942 108 941
f 941 108 109
f 941 109 940
f 940 109 110
f 940 110 939
f 939 110 111
f 939 111 938
f 938 111 112
f 938 112 937
f 937 112 113
f 937 113 936
f 936 113 114
f 936 114 935
f 935 114 115
f 935 115 934
f 934 115 116
f 934 116 933
f 933 116 117
f 933 117 932
f 932 117 118
f 932 118 931
f 931 118 119
f 931 119 930
f 930 119 120
f 930 120 929
f 929 120 121
f 929 121 928
f 928 121 122
f 928 122 927
f 927 122 123
f 927 123 926
f 926 123 124
f 926 124 925
f 925 124 125
f 925 125 924
f 924 125 126
f 924 126 923
f 923 126 127
f 923 127 922
f 922 127 128
f 922 128 921
f 921 128 129
f 921 129 920
f 920 129 130
f 920 130 919
f 919 130 131
f 919 131 918
f 918 131 132
f 918 132 917
f 917 132 133
f 917 133 916
f 916 133 134
f 916 134 915
f 915 134 135
f 915 135 914
f 914 135 136
f 914 136 913
f 913 136 137
f 913 137 912
f 912 137 138
f 912 138 911
f 911 138 139
f 911 139 910
f 910 139 140
f 910 140 909
f 909 140 141
f 909 141 908
f 908 141 142
f 908 142 907
f 907 142 143
f 907 143 906
f 906 143 144
f 906 144 905
f 905 144 145
f 905 145 904
f 904 145 146
f 904 146 903
f 903 146 147
f 903 147 902
f 902 147 148
f 902 148 901
f 901 148 149
f 901 149 900
f 900 149 150
f 900 150 899
f 899 150 151
f 899 151 898
f 898 151 152
f 898 152 897
f 897 152 153
f 897 153 896
f 896 153 154
f 896 154 895
f 895 154 155
f 895 155 894
f 894 155 156
f 894 156 893
f 893 156 157
f 893 157 892
f 892 157 158
f 892 158 891
f 891 158 159
f 891 159 890
f 890 159 160
f 890 160 889
f 889 160 161
f 889 161 888
f 888 161 162
f 888 162 887
f 887 162 163
f 887 163 886
f 886 163 164
f 886 164 885
f 885 164 165
f 885 165 884
f 884 165 166
f 884 166 883
f 883 166 167
f 883 167 882
f 882 167 168
f 882 168 881
f 881 168 169
f 881 169 880
f 880 169 170
f 880 170 879
f 879 170 171
f 879 171 878
f 878 171 172
f 878 172 877
f 877 172 173
f 877 173 876
f 876 173 174
f 876 174 875
f 875 174 175
f 875 175 874
f 874 175 176
f 874 176 873
f 873 176 177
f 873 177 872
f 872 177 178
f 872 178 871
f 871 178 179
f 871 179 870
f 870 179 180
f 870 180 869
f 869 180 181
f 869 181 868
f 868 181 182
f 868 182 867
f 867 182 183
f 867 183 866
f 866 183 184
f 866 184 865
f 865 184 185
f 865 185 864
f 864 185 186
f 864 186 863
f 863 186 187
f 863 187 862
f 862 187 188
f 862 188 861
f 861 188 189
f 861 189 860
f 860 189 190
f 860 190 859
f 859 190 191
f 859 191 858
f 858 191 192
f 858 192 857
f 857 192 193
f 857 193 856
f 856 193 194
f 856 194 855
f 855 194 195
f 855 195 854
f 854 195 196
f 854 196 853
f 853 196 197
f 853 197 852
f 852 197 198
f 852 198 851
f 851 198 199
f 851 199 850
f 850 199 200
f 850 200 849
f 849 200 201
f 849 201 848
f 848 201 202
f 848 202 847
f 847 202 203
f 847 203 846
f 846 203 204
f 846 204 845
f 845 204 205
f 845 205 844
f 844 205 206
f 844 206 843
f 843 206 207
f 843 207 842
f 842 207 208
f 842 208 841
f 841 208 209
f 841 209 840
f 840 209 210
f 840 210 839
f 839 210 211
f 839 211 838
f 838 211 212
f 838 212 837
f 837 212 213
f 837 213 836
f 836 213 214
f 836 214 835
f 835 214 215
f 835 215 834
f 834 215 216
f 834 216 833
f 833 216 217
f 833 217 832
f 832 217 218
f 832 218 831
f 831 218 219
f 831 219 830
f 830 219 220
f 830 220 829
f 829 220 221
f 829 221 828
f 828 221 222
f 828 222 827
f 827 222 223
f 827 223 826
f 826 223 224
f 826 224 825
f 825 224 225
f 825 225 824
f 824 225 226
f 824 226 823
f 823 226 227
f 823 227 822
f 822 227 228
f 822 228 821
f 821 228 229
f 821 229 820
f 820 229 230
f 820 230 819
f 819 230 231
f 819 231 818
f 818 231 232
f 818 232 817
f 817 232 233
f 817 233 816
f 816 233 234
f 816 234 815
f 815 234 235
f 815 235 814
f 814 235 236
f 814 236 813
f 813 236 237
f 813 237 812
f 812 237 238
f 812 238 811
f 811 238 239
f 811 239 810
f 810 239 240
f 810 240 809
f 809 240 241
f 809 241 808
f 808 241 242
f 808 242 807
f 807 242 243
f 807 243 806
f 806 243 244
f 806 244 805
f 805 244 245
f 805 245 804
f 804 245 246
f 804 246 803
f 803 246 247
f 803 247 802
f 802 247 248
f 802 248 801
f 801 248 249
f 801 249 800
f 800 249 250
f 800 250 799
f 799 250 251
f 799 251 798
f 798 251 252
f 798 252 797
f 797 252 253
f 797 253 796
f 796 253 254
f 796 254 795
f 795 254 255
f 795 255 794
f 794 255 256
f 794 256 793
f 793 256 257
f 793 257 792
f 792 257 258
f 792 258 791
f 791 258 259
f 791 259 790
f 790 259 260
f 790 260 789
f 789 260 261
f 789 261 788
f 788 261 262
f 788 262 787
f 787 262 263
f 787 263 786
f 786 263 264
f 786 264 785
f 785 264 265
f 785 265 784
f 784 265 266
f 784 266 783
f 783 266 267
f 783 267 782
f 782 267 268
f 782 268 781
f 781 268 269
f 781 269 780
f 780 269 270
f 780 270 779
f 779 270 271
f 779 271 778
f 778 271 272
f 778 272 777
f 777 272 273
f 777 273 776
f 776 273 274
f 776 274 775
f 775 274 275
f 775 275 774
f 774 275 276
f 774 276 773
f 773 276 277
f 773 277 772
f 772 277 278
f 772 278 771
f 771 278 279
f 771 279 770
f 770 279 280
f 770 280 769
f 769 280 281
f 769 281 768
f 768 281 282
f 768 282 767
f 767 282 283
f 767 283 766
f 766 283 284
f 766 284 765
f 765 284 285
f 765 285 764
f 764 285 286
f 764 286 763
f 763 286 287
f 763 287 762
f 762 287 288
f 762 288 761
f 761 288 289
f 761 289 760
f 760 289 290
f 760 290 759
f 759 290 291
f 759 291 758
f 758 291 292
f 758 292 757
f 757 292 293
f 757 293 756
f 756 293 294
f 756 294 755
f 755 294 295
f 755 295 754
f 754 295 296
f 754 296 753
f 753 296 297
f 753 297 752
f 752 297 298
f 752 298 751
f 751 298 299
f 751 299 750
f 750 299 300
f 750 300 749
f 749 300 301
f 749 301 748
f 748 301 302
f 748 302 747
f 747 302 303
f 747 303 746
f 746 303 304
f 746 304 745
f 745 304 305
f 745 305 744
f 744 305 306
f 744 306 743
f 743 306 307
f 743 307 742
f 742 307 308
f 742 308 741
f 741 308 309
f 741 309 740
f 740 309 310
f 740 310 739
f 739 310 311
f 739 311 738
f 738 311 312
f 738 312 737
f 737 312 313
f 737 313 736
f 736 313 314
f 736 314 735
f 735 314 315
f 735 315 734
f 734 315 316
f 734 316 733
f 733 316 317
f 733 317 732
f 732 317 318
f 732 318 731
f 731 318 319
f 731 319 730
f 730 319 320
f 730 320 729
f 729 320 321
f 729 321 728
f 728 321 322
f 728 322 727
f 727 322 323
f 727 323 726
f 726 323 324
f 726 324 725
f 725 324 325
f 725 325 724
f 724 325 326
f 724 326 723
f 723 326 327
f 723 327 722
f 722 327 328
f 722 328 721
f 721 328 329
f 721 329 720
f 720 329 330
f 720 330 719
f 719 330 331
f 719 331 718
f 718 331 332
f 718 332 717
f 717 332 333
f 717 333 716
f 716 333 334
f 716 334 715
f 715 334 335
f 715 335 714
f 714 335 336
f 714 336 713
f 713 336 337
f 713 337 712
f 712 337 338
f 712 338 711
f 711 338 339
f 711 339 710
f 710 339 340
f 710 340 709
f 709 340 341
f 709 341 708
f 708 341 342
f 708 342 707
f 707 342 343
f 707 343 706
f 706 343 344
f 706 344 705
f 705 344 345
f 705 345 704
f 704 345 346
f 704 346 703
f 703 346 347
f 703 347 702
f 702 347 348
f 702 348 701
f 701 348 349
f 701 349 700
f 700 349 350
f 700 350 699
f 699 350 351
f 699 351 698
f 698 351 352
f 698 352 697
f 697 352 353
f 697 353 696
f 696 353 354
f 696 354 695
f 695 354 355
f 695 355 694
f 694 355 356
f 694 356 693
f 693 356 357
f 693 357 692
f 692 357 358
f 692 358 691
f 691 358 359
f 691 359 690
f 690 359 360
f 690 360 689
f 689 360 361
f 689 361 688
f 688 361 362
f 688 362 687
f 687 362 363
f 687 363 686
f 686 363 364
f 686 364 685
f 685 364 365
f 685 365 684
f 684 365 366
f 684 366 683
f 683 366 367
f 683 367 682
f 682 367 368
f 682 368 681
f 681 368 369
f 681 369 680
f 680 369 370
f 680 370 679
f 679 370 371
f 679 371 678
f 678 371 372
f 678 372 677
f 677 372 373
f 677 373 676
f 676 373 374
f 676 374 675
f 675 374 375
f 675 375 674
f 674 375 376
f 674 376 673
f 673 376 377
f 673 377 672
f 672 377 378
f 672 378 671
f 671 378 379
f 671 379 670
f 670 379 380
f 670 380 669
f 669 380 381
f 669 381 668
f 668 381 382
f 668 382 667
f 667 382 383
f 667 383 666
f 666 383 384
f 666 384 665
f 665 384 385
f 665 385 664
f 664 385 386
f 664 386 663
f 663 386 387
f 663 387 662
f 662 387 388
f 662 388 661
f 661 388 389
f 661 389 660
f 660 389 390
f 660 390 659
f 659 390 391
f 659 391 658
f 658 391 392
f 658 392 657
f 657 392 393
f 657 393 656
f 656 393 394
f 656 394 655
f 655 394 395
f 655 395 654
f 654 395 396
f 654 396 653
f 653 396 397
f 653 397 652
f 652 397 398
f 652 398 651
f 651 398 399
f 651 399 650
f 650 399 400
f 650 400 649
f 649 400 401
f 649 401 648
f 648 401 402
f 648 402 647
f 647 402 403
f 647 403 646
f 646 403 404
f 646 404 645
f 645 404 405
f 645 405 644
f 644 405 406
f 644 406 643
f 643 406 407
f 643 407 642
f 642 407 408
f 642 408 641
f 641 408 409
f 641 409 640
f 640 409 410
f 640 410 639
f 639 410 411
f 639 411 638
f 638 411 412
f 638 412 637
f 637 412 413
f 637 413 636
f 636 413 414
f 636 414 635
f 635 414 415
f 635 415 634
f 634 415 416
f 634 416 633
f 633 416 417
f 633 417 632
f 632 417 418
f 632 418 631
f 631 418 419
f 631 419 630
f 630 419 420
f 630 420 629
f 629 420 421
f 629 421 628
f 628 421 422
f 628 422 627
f 627 422 423
f 627 423 626
f 626 423 424
f 626 424 625
f 625 424 425
f 625 425 624
f 624 425 426
f 624 426 623
f 623 426 427
f 623 427 622
f 622 427 428
f 622 428 621
f 621 428 429
f 621 429 620
f 620 429 430
f 620 430 619
f 619 430 431
f 619 431 618
f 618 431 432
f 618 432 617
f 617 432 433
f 617 433 616
f 616 433 434
f 616 434 615
f 615 434 435
f 615 435 614
f 614 435 436
f 614 436 613
f 613 436 437
f 613 437 612
f 612 437 438
f 612 438 611
f 611 438 439
f 611 439 610
f 610 439 440
f 610 440 609
f 609 440 441
f 609 441 608
f 608 441 442
f 608 442 607
f 607 442 443
f 607 443 606
f 606 443 444
f 606 444 605
f 605 444 445
f 605 445 604
f 604 445 446
f 604 446 603
f 603 446 447
f 603 447 602
f 602 447 448
f 602 448 601
f 601 448 449
f 601 449 600
f 600 449 450
f 600 450 599
f 599 450 451
f 599 451 598
f 598 451 452
f 598 452 597
f 597 452 453
f 597 453 596
f 596 453 454
f 596 454 595
f 595 454 455
f 595 455 594
f 594 455 456
f 594 456 593
f 593 456 457
f 593 457 592
f 592 457 458
f 592 458 591
f 591 458 459
f 591 459 590
f 590 459 460
f 590 460 589
f 589 460 461
f 589 461 588
f 588 461 462
f 588 462 587
f 587 462 463
f 587 463 586
f 586 463 464
f 586 464 585
f 585 464 465
f 585 465 584
f 584 465 466
f 584 466 583
f 583 466 467
f 583 467 582
f 582 467 468
f 582 468 581
f 581 468 469
f 581 469 580
f 580 469 470
f 580 470 579
f 579 470 471
f 579 471 578
f 578 471 472
f 578 472 577
f 577 472 473
f 577 473 576
f 576 473 474
f 576 474 575
f 575 474 475
f 575 475 574
f 574 475 476
f 574 476 573
f 573 476 477
f 573 477 572
f 572 477 478
f 572 478 571
f 571 478 479
f 571 479 570
f 570 479 480
f 570 480 569
f 569 480 481
f 569 481 568
f 568 481 482
f 568 482 567
f 567 482 483
f 567 483 566
f 566 483 484
f 566 484 565
f 565 484 485
f 565 485 564
f 564 485 486
f 564 486 563
f 563 486 487
f 563 487 562
f 562 487 488
f 562 488 561
f 561 488 489
f 561 489 560
f 560 489 490
f 560 490 559
f 559 490 491
f 559 491 558
f 558 491 492
f 558 492 557
f 557 492 493
f 557 493 556
f 556 493 494
f 556 494 555
f 555 494 495
f 555 495 554
f 554 495 496
f 554 496 553
f 553 496 497
f 553 497 552
f 552 497 498
f 552 498 551
f 551 498 499
f 551 499 550
f 550 499 500
f 550 500 549
f 549 500 501
f 549 501 548
f 548 501 502
f 548 502 547
f 547 502 503
f 547 503 546
f 546 503 504
f 546 504 545
f 545 504 505
f 545 505 544
f 544 505 506
f 544 506 543
f 543 506 507
f 543 507 542
f 542 507 508
f 542 508 541
f 541 508 509
f 541 509 540
f 540 509 510
f 540 510 539
f 539 510 511
f 539 511 538
f 538 511 512
f 538 512 537
f 537 512 513
f 537 513 536
f 536 513 514
f 536 514 535
f 535 514 515
f 535 515 534
f 534 515 516
f 534 516 533
f 533 516 532
f 532 516 517
f 532 517 531
f 531 517 518
f 531 518 530
f 530 518 519
f 530 519 529
f 529 519 520
f 529 520 528
f 528 520 521
f 528 521 527
f 527 521 522
f 527 522 523
f 527 523 526
f 526 523 524
f 526 524 525
f 525 1049 526
f 526 1049 527
f 527 1049 1050
f 527 1050 528
f 528 1050 1051
f 528 1051 529
f 529 1051 1052
f 529 1052 530
f 530 1052 1053
f 530 1053 531
f 531 1053 532
f 532 1053 1054
f 532 1054 533
f 533 1054 534
f 534 1054 1055
f 534 1055 535
f 535 1055 536
f 536 1055 1056
f 536 1056 537
f 537 1056 1057
f 537 1057 1085
f 1085 1057 1058
f 1085 1058 1084
f 1084 1058 1059
f 1084 1059 1083
f 1083 1059 1082
f 1082 1059 1060
f 1082 1060 1081
f 1081 1060 1061
f 1081 1061 1080
f 1080 1061 1062
f 1080 1062 1079
f 1079 1062 1078
f 1078 1062 1063
f 1078 1063 1077
f 1077 1063 1076
f 1076 1063 1064
f 1076 1064 1075
f 1075 1064 1074
f 1074 1064 1065
f 1074 1065 1073
f 1073 1065 1066
f 1073 1066 1072
f 1072 1066 1067
f 1072 1067 1071
f 1071 1067 1068
f 1071 1068 1070
f 1070 1068 1069
f 1086 1087 1601
f 1601 1087 1600
f 1600 1087 1088
f 1600 1088 1599
f 1599 1088 1598
f 1598 1088 1089
f 1598 1089 1597
f 1597 1089 1090
f 1597 1090 1596
f 1596 1090 1595
f 1595 1090 1
f 1595 1 1594
f 1594 1 1048
f 1594 1048 1593
f 1593 1048 1047
f 1593 1047 1592
f 1592 1047 1046
f 1592 1046 1591
f 1591 1046 1045
f 1591 1045 1590
f 1590 1045 1044
f 1590 1044 1589
f 1589 1044 1043
f 1589 1043 1588
f 1588 1043 1042
f 1588 1042 1587
f 1587 1042 1041
f 1587 1041 1586
f 1586 1041 1040
f 1586 1040 1585
f 1585 1040 1039
f 1585 1039 1584
f 1584 1039 1038
f 1584 1038 1583
f 1583 1038 1037
f 1583 1037 1582
f 1582 1037 1036
f 1582 1036 1581
f 1581 1036 1035
f 1581 1035 1580
f 1580 1035 1034
f 1580 1034 1579
f 1579 1034 1033
f 1579 1033 1578
f 1578 1033 1032
f 1578 1032 1577
f 1577 1032 1031
f 1577 1031 1576
f 1576 1031 1030
f 1576 1030 1575
f 1575 1030 1029
f 1575 1029 1574
f 1574 1029 1028
f 1574 1028 1573
f 1573 1028 1027
f 1573 1027 1572
f 1572 1027 1026
f 1572 1026 1571
f 1571 1026 1025
f 1571 1025 1570
f 1570 1025 1024
f 1570 1024 1569
f 1569 1024 1023
f 1569 1023 1568
f 1568 1023 1022
f 1568 1022 1567
f 1567 1022 1021
f 1567 1021 1566
f 1566 1021 1020
f 1566 1020 1565
f 1565 1020 1019
f 1565 1019 1564
f 1564 1019 1018
f 1564 1018 1563
f 1563 1018 1017
f 1563 1017 1562
f 1562 1017 1016
f 1562 1016 1561
f 1561 1016 1015
f 1561 1015 1560
f 1560 1015 1014
f 1560 1014 1559
f 1559 1014 1013
f 1559 1013 1558
f 1558 1013 1012
f 1558 1012 1557
f 1557 1012 1011
f 1557 1011 1556
f 1556 1011 1010
f 1556 1010 1555
f 1555 1010 1009
f 1555 1009 1554
f 1554 1009 1008
f 1554 1008 1553
f 1553 1008 1007
f 1553 1007 1552
f 1552 1007 1006
f 1552 1006 1551
f 1551 1006 1005
f 1551 1005 1550
f 1550 1005 1004
f 1550 1004 1549
f 1549 1004 1003
f 1549 1003 1548
f 1548 1003 1002
f 1548 1002 1547
f 1547 1002 1001
f 1547 1001 1546
f 1546 1001 1000
f 1546 1000 1545
f 1545 1000 999
f 1545 999 1544
f 1544 999 998
f 1544 998 1543
f 1543 998 997
f 1543 997 1542
f 1542 997 996
f 1542 996 1541
f 1541 996 995
f 1541 995 1540
f 1540 995 994
f 1540 994 1539
f 1539 994 993
f 1539 993 1538
f 1538 993 992
f 1538 992 1537
f 1537 992 991
f 1537 991 1536
f 1536 991 990
f 1536 990 1535
f 1535 990 989
f 1535 989 1534
f 1534 989 988
f 1534 988 1533
f 1533 988 987
f 1533 987 1532
f 1532 987 986
f 1532 986 1531
f 1531 986 985
f 1531 985 1530
f 1530 985 984
f 1530 984 1529
f 1529 984 983
f 1529 983 1528
f 1528 983 982
f 1528 982 1527
f 1527 982 981
f 1527 981 1526
f 1526 981 980
f 1526 980 1525
f 1525 980 979
f 1525 979 1524
f 1524 979 978
f 1524 978 1523
f 1523 978 977
f 1523 977 1522
f 1522 977 976
f 1522 976 1521
f 1521 976 975
f 1521 975 1520
f 1520 975 974
f 1520 974 1519
f 1519 974 973
f 1519 973 1518
f 1518 973 972
f 1518 972 1517
f 1517 972 971
f 1517 971 1516
f 1516 971 970
f 1516 970 1515
f 1515 970 969
f 1515 969 1514
f 1514 969 968
f 1514 968 1513
f 1513 968 967
f 1513 967 1512
f 1512 967 966
f 1512 966 1511
f 1511 966 965
f 1511 965 1510
f 1510 965 964
f 1510 964 1509
f 1509 964 963
f 1509 963 1508
f 1508 963 962
f 1508 962 1507
f 1507 962 961
f 1507 961 1506
f 1506 961 960
f 1506 960 1505
f 1505 960 959
f 1505 959 1504
f 1504 959 958
f 1504 958 1503
f 1503 958 957
f 1503 957 1502
f 1502 957 956
f 1502 956 1501
f 1501 956 955
f 1501 955 1500
f 1500 955 954
f 1500 954 1499
f 1499 954 953
f 1499 953 1498
f 1498 953 952
f 1498 952 1497
f 1497 952 951
f 1497 951 1496
f 1496 951 950
f 1496 950 1495
f 1495 950 949
f 1495 949 1494
f 1494 949 948
f 1494 948 1493
f 1493 948 947
f 1493 947 1492
f 1492 947 946
f 1492 946 1491
f 1491 946 945
f 1491 945 1490
f 1490 945 944
f 1490 944 1489
f 1489 944 943
f 1489 943 1488
f 1488 943 942
f 1488 942 1487
f 1487 942 941
f 1487 941 1486
f 1486 941 940
f 1486 940 1485
f 1485 940 939
f 1485 939 1484
f 1484 939 938
f 1484 938 1483
f 1483 938 937
f 1483 937 1482
f 1482 937 936
f 1482 936 1481
f 1481 936 935
f 1481 935 1480
f 1480 935 934
f 1480 934 1479
f 1479 934 933
f 1479 933 1478
f 1478 933 932
f 1478 932 1477
f 1477 932 931
f 1477 931 1476
f 1476 931 930
f 1476 930 1475
f 1475 930 929
f 1475 929 1474
f 1474 929 928
f 1474 928 1473
f 1473 928 927
f 1473 927 1472
f 1472 927 926
f 1472 926 1471
f 1471 926 925
f 1471 925 1470
f 1470 925 924
f 1470 924 1469
f 1469 924 923
f 1469 923 1468
f 1468 923 922
f 1468 922 1467
f 1467 922 921
f 1467 921 1466
f 1466 921 920
f 1466 920 1465
f 1465 920 919
f 1465 919 1464
f 1464 919 918
f 1464 918 1463
f 1463 918 917
f 1463 917 1462
f 1462 917 916
f 1462 916 1461
f 1461 916 915
f 1461 915 1460
f 1460 915 914
f 1460 914 1459
f 1459 914 913
f 1459 913 1458
f 1458 913 912
f 1458 912 1457
f 1457 912 911
f 1457 911 1456
f 1456 911 910
f 1456 910 1455
f 1455 910 909
f 1455 909 1454
f 1454 909 908
f 1454 908 1453
f 1453 908 907
f 1453 907 1452
f 1452 907 906
f 1452 906 1451
f 1451 906 905
f 1451 905 1450
f 1450 905 904
f 1450 904 1449
f 1449 904 903
f 1449 903 1448
f 1448 903 902
f 1448 902 1447
f 1447 902 901
f 1447 901 1446
f 1446 901 900
f 1446 900 1445
f 1445 900 899
f 1445 899 1444
f 1444 899 898
f 1444 898 1443
f 1443 898 897
f 1443 897 1442
f 1442 897 896
f 1442 896 1441
f 1441 896 895
f 1441 895 1440
f 1440 895 894
f 1440 894 1439
f 1439 894 893
f 1439 893 1438
f 1438 893 892
f 1438 892 1437
f 1437 892 891
f 1437 891 1436
f 1436 891 890
f 1436 890 1435
f 1435 890 889
f 1435 889 1434
f 1434 889 888
f 1434 888 1433
f 1433 888 887
f 1433 887 1432
f 1432 887 886
f 1432 886 1431
f 1431 886 885
f 1431 885 1430
f 1430 885 884
f 1430 884 1429
f 1429 884 883
f 1429 883 1428
f 1428 883 882
f 1428 882 1427
f 1427 882 881
f 1427 881 1426
f 1426 881 880
f 1426 880 1425
f 1425 880 879
f 1425 879 1424
f 1424 879 878
f 1424 878 1423
f 1423 878 877
f 1423 877 1422
f 1422 877 876
f 1422 876 1421
f 1421 876 875
f 1421 875 1420
f 1420 875 874
f 1420 874 1419
f 1419 874 873
f 1419 873 1418
f 1418 873 872
f 1418 872 1417
f 1417 872 871
f 1417 871 1416
f 1416 871 870
f 1416 870 1415
f 1415 870 869
f 1415 869 1414
f 1414 869 868
f 1414 868 1413
f 1413 868 867
f 1413 867 1412
f 1412 867 866
f 1412 866 1411
f 1411 866 865
f 1411 865 1410
f 1410 865 864
f 1410 864 1409
f 1409 864 863
f 1409 863 1408
f 1408 863 862
f 1408 862 1407
f 1407 862 861
f 1407 861 1406
f 1406 861 860
f 1406 860 1405
f 1405 860 859
f 1405 859 1404
f 1404 859 858
f 1404 858 1403
f 1403 858 857
f 1403 857 1402
f 1402 857 856
f 1402 856 1401
f 1401 856 855
f 1401 855 1400
f 1400 855 854
f 1400 854 1399
f 1399 854 853
f 1399 853 1398
f 1398 853 852
f 1398 852 1397
f 1397 852 851
f 1397 851 1396
f 1396 851 850
f 1396 850 1395
f 1395 850 849
f 1395 849 1394
f 1394 849 848
f 1394 848 1393
f 1393 848 847
f 1393 847 1392
f 1392 847 846
f 1392 846 1391
f 1391 846 845
f 1391 845 1390
f 1390 845 844
f 1390 844 1389
f 1389 844 843
f 1389 843 1388
f 1388 843 842
f 1388 842 1387
f 1387 842 841
f 1387 841 1386
f 1386 841 840
f 1386 840 1385
f 1385 840 839
f 1385 839 1384
f 1384 839 838
f 1384 838 1383
f 1383 838 837
f 1383 837 1382
f 1382 837 836
f 1382 836 1381
f 1381 836 835
f 1381 835 1380
f 1380 835 834
f 1380 834 1379
f 1379 834 833
f 1379 833 1378
f 1378 833 832
f 1378 832 1377
f 1377 832 831
f 1377 831 1376
f 1376 831 830
f 1376 830 1375
f 1375 830 829
f 1375 829 1374
f 1374 829 828
f 1374 828 1373
f 1373 828 827
f 1373 827 1372
f 1372 827 826
f 1372 826 1371
f 1371 826 825
f 1371 825 1370
f 1370 825 824
f 1370 824 1369
f 1369 824 823
f 1369 823 1368
f 1368 823 822
f 1368 822 1367
f 1367 822 821
f 1367 821 1366
f 1366 821 820
f 1366 820 1365
f 1365 820 819
f 1365 819 1364
f 1364 819 818
f 1364 818 1363
f 1363 818 817
f 1363 817 1362
f 1362 817 816
f 1362 816 1361
f 1361 816 815
f 1361 815 1360
f 1360 815 814
f 1360 814 1359
f 1359 814 813
f 1359 813 1358
f 1358 813 812
f 1358 812 1357
f 1357 812 811
f 1357 811 1356
f 1356 811 810
f 1356 810 1355
f 1355 810 809
f 1355 809 1354
f 1354 809 808
f 1354 808 1353
f 1353 808 807
f 1353 807 1352
f 1352 807 806
f 1352 806 1351
f 1351 806 805
f 1351 805 1350
f 1350 805 804
f 1350 804 1349
f 1349 804 803
f 1349 803 1348
f 1348 803 802
f 1348 802 1347
f 1347 802 801
f 1347 801 1346
f 1346 801 800
f 1346 800 1345
f 1345 800 799
f 1345 799 1344
f 1344 799 798
f 1344 798 1343
f 1343 798 797
f 1343 797 1342
f 1342 797 796
f 1342 796 1341
f 1341 796 795
f 1341 795 1340
f 1340 795 794
f 1340 794 1339
f 1339 794 793
f 1339 793 1338
f 1338 793 792
f 1338 792 1337
f 1337 792 791
f 1337 791 1336
f 1336 791 790
f 1336 790 1335
f 1335 790 789
f 1335 789 1334
f 1334 789 788
f 1334 788 1333
f 1333 788 787
f 1333 787 1332
f 1332 787 786
f 1332 786 1331
f 1331 786 785
f 1331 785 1330
f 1330 785 784
f 1330 784 1329
f 1329 784 783
f 1329 783 1328
f 1328 783 782
f 1328 782 1327
f 1327 782 781
f 1327 781 1326
f 1326 781 780
f 1326 780 1325
f 1325 780 779
f 1325 779 1324
f 1324 779 778
f 1324 778 1323
f 1323 778 777
f 1323 777 1322
f 1322 777 776
f 1322 776 1321
f 1321 776 775
f 1321 775 1320
f 1320 775 774
f 1320 774 1319
f 1319 774 773
f 1319 773 1318
f 1318 773 772
f 1318 772 1317
f 1317 772 771
f 1317 771 1316
f 1316 771 770
f 1316 770 1315
f 1315 770 769
f 1315 769 1314
f 1314 769 768
f 1314 768 1313
f 1313 768 767
f 1313 767 1312
f 1312 767 766
f 1312 766 1311
f 1311 766 765
f 1311 765 1310
f 1310 765 764
f 1310 764 1309
f 1309 764 763
f 1309 763 1308
f 1308 763 762
f 1308 762 1307
f 1307 762 761
f 1307 761 1306
f 1306 761 760
f 1306 760 1305
f 1305 760 759
f 1305 759 1304
f 1304 759 758
f 1304 758 1303
f 1303 758 757
f 1303 757 1302
f 1302 757 756
f 1302 756 1301
f 1301 756 755
f 1301 755 1300
f 1300 755 754
f 1300 754 1299
f 1299 754 753
f 1299 753 1298
f 1298 753 752
f 1298 752 1297
f 1297 752 751
f 1297 751 1296
f 1296 751 750
f 1296 750 1295
f 1295 750 749
f 1295 749 1294
f 1294 749 748
f 1294 748 1293
f 1293 748 747
f 1293 747 1292
f 1292 747 746
f 1292 746 1291
f 1291 746 745
f 1291 745 1290
f 1290 745 744
f 1290 744 1289
f 1289 744 743
f 1289 743 1288
f 1288 743 742
f 1288 742 1287
f 1287 742 741
f 1287 741 1286
f 1286 741 740
f 1286 740 1285
f 1285 740 739
f 1285 739 1284
f 1284 739 738
f 1284 738 1283
f 1283 738 737
f 1283 737 1282
f 1282 737 736
f 1282 736 1281
f 1281 736 735
f 1281 735 1280
f 1280 735 734
f 1280 734 1279
f 1279 734 733
f 1279 733 1278
f 1278 733 732
f 1278 732 1277
f 1277 732 731
f 1277 731 1276
f 1276 731 730
f 1276 730 1275
f 1275 730 729
f 1275 729 1274
f 1274 729 728
f 1274 728 1273
f 1273 728 727
f 1273 727 1272
f 1272 727 726
f 1272 726 1271
f 1271 726 725
f 1271 725 1270
f 1270 725 724
f 1270 724 1269
f 1269 724 723
f 1269 723 1268
f 1268 723 722
f 1268 722 1267
f 1267 722 721
f 1267 721 1266
f 1266 721 720
f 1266 720 1265
f 1265 720 719
f 1265 719 1264
f 1264 719 718
f 1264 718 1263
f 1263 718 717
f 1263 717 1262
f 1262 717 716
f 1262 716 1261
f 1261 716 715
f 1261 715 1260
f 1260 715 714
f 1260 714 1259
f 1259 714 713
f 1259 713 1258
f 1258 713 712
f 1258 712 1257
f 1257 712 711
f 1257 711 1256
f 1256 711 710
f 1256 710 1255
f 1255 710 709
f 1255 709 1254
f 1254 709 708
f 1254 708 1253
f 1253 708 707
f 1253 707 1252
f 1252 707 706
f 1252 706 1251
f 1251 706 705
f 1251 705 1250
f 1250 705 704
f 1250 704 1249
f 1249 704 703
f 1249 703 1248
f 1248 703 702
f 1248 702 1247
f 1247 702 701
f 1247 701 1246
f 1246 701 700
f 1246 700 1245
f 1245 700 699
f 1245 699 1244
f 1244 699 698
f 1244 698 1243
f 1243 698 697
f 1243 697 1242
f 1242 697 696
f 1242 696 1241
f 1241 696 695
f 1241 695 1240
f 1240 695 694
f 1240 694 1239
f 1239 694 693
f 1239 693 1238
f 1238 693 692
f 1238 692 1237
f 1237 692 691
f 1237 691 1236
f 1236 691 690
f 1236 690 1235
f 1235 690 689
f 1235 689 1234
f 1234 689 688
f 1234 688 1233
f 1233 688 687
f 1233 687 1232
f 1232 687 686
f 1232 686 1231
f 1231 686 685
f 1231 685 1230
f 1230 685 684
f 1230 684 1229
f 1229 684 683
f 1229 683 1228
f 1228 683 682
f 1228 682 1227
f 1227 682 681
f 1227 681 1226
f 1226 681 680
f 1226 680 1225
f 1225 680 679
f 1225 679 1224
f 1224 679 678
f 1224 678 1223
f 1223 678 677
f 1223 677 1222
f 1222 677 676
f 1222 676 1221
f 1221 676 675
f 1221 675 1220
f 1220 675 674
f 1220 674 1219
f 1219 674 673
f 1219 673 1218
f 1218 673 672
f 1218 672 1217
f 1217 672 671
f 1217 671 1216
f 1216 671 670
f 1216 670 1215
f 1215 670 669
f 1215 669 1214
f 1214 669 668
f 1214 668 1213
f 1213 668 667
f 1213 667 1212
f 1212 667 666
f 1212 666 1211
f 1211 666 665
f 1211 665 1210
f 1210 665 664
f 1210 664 1209
f 1209 664 663
f 1209 663 1208
f 1208 663 662
f 1208 662 1207
f 1207 662 661
f 1207 661 1206
f 1206 661 660
f 1206 660 1205
f 1205 660 659
f 1205 659 1204
f 1204 659 658
f 1204 658 1203
f 1203 658 657
f 1203 657 1202
f 1202 657 656
f 1202 656 1201
f 1201 656 655
f 1201 655 1200
f 1200 655 654
f 1200 654 1199
f 1199 654 653
f 1199 653 1198
f 1198 653 652
f 1198 652 1197
f 1197 652 651
f 1197 651 1196
f 1196 651 650
f 1196 650 1195
f 1195 650 649
f 1195 649 1194
f 1194 649 648
f 1194 648 1193
f 1193 648 647
f 1193 647 1192
f 1192 647 646
f 1192 646 1191
f 1191 646 645
f 1191 645 1190
f 1190 645 644
f 1190 644 1189
f 1189 644 643
f 1189 643 1188
f 1188 643 642
f 1188 642 1187
f 1187 642 641
f 1187 641 1186
f 1186 641 640
f 1186 640 1185
f 1185 640 639
f 1185 639 1184
f 1184 639 638
f 1184 638 1183
f 1183 638 637
f 1183 637 1182
f 1182 637 636
f 1182 636 1181
f 1181 636 635
f 1181 635 1180
f 1180 635 634
f 1180 634 1179
f 1179 634 633
f 1179 633 1178
f 1178 633 632
f 1178 632 1177
f 1177 632 631
f 1177 631 1176
f 1176 631 630
f 1176 630 1175
f 1175 630 629
f 1175 629 1174
f 1174 629 628
f 1174 628 1173
f 1173 628 627
f 1173 627 1172
f 1172 627 626
f 1172 626 1171
f 1171 626 625
f 1171 625 1170
f 1170 625 624
f 1170 624 1169
f 1169 624 623
f 1169 623 1168
f 1168 623 622
f 1168 622 1167
f 1167 622 621
f 1167 621 1166
f 1166 621 620
f 1166 620 1165
f 1165 620 619
f 1165 619 1164
f 1164 619 618
f 1164 618 1163
f 1163 618 617
f 1163 617 1162
f 1162 617 616
f 1162 616 1161
f 1161 616 615
f 1161 615 1160
f 1160 615 614
f 1160 614 1159
f 1159 614 613
f 1159 613 1158
f 1158 613 612
f 1158 612 1157
f 1157 612 611
f 1157 611 1156
f 1156 611 610
f 1156 610 1155
f 1155 610 609
f 1155 609 1154
f 1154 609 608
f 1154 608 1153
f 1153 608 607
f 1153 607 1152
f 1152 607 606
f 1152 606 1151
f 1151 606 605
f 1151 605 1150
f 1150 605 604
f 1150 604 1149
f 1149 604 603
f 1149 603 1148
f 1148 603 602
f 1148 602 1147
f 1147 602 601
f 1147 601 1146
f 1146 601 600
f 1146 600 1145
f 1145 600 599
f 1145 599 1144
f 1144 599 598
f 1144 598 1143
f 1143 598 597
f 1143 597 1142
f 1142 597 596
f 1142 596 1141
f 1141 596 595
f 1141 595 1140
f 1140 595 594
f 1140 594 1139
f 1139 594 593
f 1139 593 1138
f 1138 593 592
f 1138 592 1137
f 1137 592 591
f 1137 591 1136
f 1136 591 590
f 1136 590 1135
f 1135 590 589
f 1135 589 1134
f 1134 589 588
f 1134 588 1133
f 1133 588 587
f 1133 587 1132
f 1132 587 586
f 1132 586 1131
f 1131 586 585
f 1131 585 1130
f 1130 585 584
f 1130 584 1129
f 1129 584 583
f 1129 583 1128
f 1128 583 582
f 1128 582 1127
f 1127 582 581
f 1127 581 1126
f 1126 581 580
f 1126 580 1125
f 1125 580 579
f 1125 579 1124
f 1124 579 578
f 1124 578 1123
f 1123 578 577
f 1123 577 1122
f 1122 577 576
f 1122 576 1121
f 1121 576 575
f 1121 575 1120
f 1120 575 574
f 1120 574 1119
f 1119 574 573
f 1119 573 1118
f 1118 573 572
f 1118 572 1117
f 1117 572 571
f 1117 571 1116
f 1116 571 570
f 1116 570 1115
f 1115 570 569
f 1115 569 1114
f 1114 569 568
f 1114 568 1113
f 1113 568 567
f 1113 567 1112
f 1112 567 566
f 1112 566 1111
f 1111 566 565
f 1111 565 1110
f 1110 565 564
f 1110 564 1109
f 1109 564 563
f 1109 563 1108
f 1108 563 562
f 1108 562 1107
f 1107 562 561
f 1107 561 1106
f 1106 561 560
f 1106 560 1105
f 1105 560 559
f 1105 559 1104
f 1104 559 558
f 1104 558 1103
f 1103 558 557
f 1103 557 1102
f 1102 557 556
f 1102 556 1101
f 1101 556 555
f 1101 555 1100
f 1100 555 554
f 1100 554 1099
f 1099 554 553
f 1099 553 1098
f 1098 553 552
f 1098 552 1097
f 1097 552 551
f 1097 551 1096
f 1096 551 550
f 1096 550 1095
f 1095 550 549
f 1095 549 1094
f 1094 549 548
f 1094 548 1093
f 1093 548 547
f 1093 547 1092
f 1092 547 546
f 1092 546 1091
f 1091 546 545
f 1091 545 1081
f 1081 545 544
f 1081 544 1082
f 1082 544 543
f 1082 543 542
f 1082 542 1083
f 1083 542 541
f 1083 541 1084
f 1084 541 540
f 1084 540 539
f 1084 539 1085
f 1085 539 538
f 1085 538 537
f 1602 1603 2124
f 2124 1603 2123
f 2123 1603 1604
f 2123 1604 2122
f 2122 1604 2121
f 2121 1604 1605
f 2121 1605 2120
f 2120 1605 1606
f 2120 1606 2119
f 2119 1606 1607
f 2119 1607 2118
f 2118 1607 1608
f 2118 1608 2117
f 2117 1608 1609
f 2117 1609 2116
f 2116 1609 1610
f 2116 1610 1611
f 2116 1611 2115
f 2115 1611 1612
f 2115 1612 2114
f 2114 1612 1613
f 2114 1613 2113
f 2113 1613 1086
f 2113 1086 2112
f 2112 1086 1601
f 2112 1601 2111
f 2111 1601 1600
f 2111 1600 2110
f 2110 1600 1599
f 2110 1599 2109
f 2109 1599 1598
f 2109 1598 2108
f 2108 1598 1597
f 2108 1597 2107
f 2107 1597 1596
f 2107 1596 2106
f 2106 1596 1595
f 2106 1595 2105
f 2105 1595 1594
f 2105 1594 2104
f 2104 1594 1593
f 2104 1593 2103
f 2103 1593 1592
f 2103 1592 2102
f 2102 1592 1591
f 2102 1591 2101
f 2101 1591 1590
f 2101 1590 2100
f 2100 1590 1589
f 2100 1589 2099
f 2099 1589 1588
f 2099 1588 2098
f 2098 1588 1587
f 2098 1587 2097
f 2097 1587 1586
f 2097 1586 2096
f 2096 1586 1585
f 2096 1585 2095
f 2095 1585 1584
f 2095 1584 2094
f 2094 1584 1583
f 2094 1583 2093
f 2093 1583 1582
f 2093 1582 2092
f 2092 1582 1581
f 2092 1581 2091
f 2091 1581 1580
f 2091 1580 2090
f 2090 1580 1579
f 2090 1579 2089
f 2089 1579 1578
f 2089 1578 2088
f 2088 1578 1577
f 2088 1577 2087
f 2087 1577 1576
f 2087 1576 2086
f 2086 1576 1575
f 2086 1575 2085
f 2085 1575 1574
f 2085 1574 2084
f 2084 1574 1573
f 2084 1573 2083
f 2083 1573 1572
f 2083 1572 2082
f 2082 1572 1571
f 2082 1571 2081
f 2081 1571 1570
f 2081 1570 2080
f 2080 1570 1569
f 2080 1569 2079
f 2079 1569 1568
f 2079 1568 2078
f 2078 1568 1567
f 2078 1567 2077
f 2077 1567 1566
f 2077 1566 2076
f 2076 1566 1565
f 2076 1565 2075
f 2075 1565 1564
f 2075 1564 2074
f 2074 1564 1563
f 2074 1563 2073
f 2073 1563 1562
f 2073 1562 2072
f 2072 1562 1561
f 2072 1561 2071
f 2071 1561 1560
f 2071 1560 2070
f 2070 1560 1559
f 2070 1559 2069
f 2069 1559 1558
f 2069 1558 2068
f 2068 1558 1557
f 2068 1557 2067
f 2067 1557 1556
f 2067 1556 2066
f 2066 1556 1555
f 2066 1555 2065
f 2065 1555 1554
f 2065 1554 2064
f 2064 1554 1553
f 2064 1553 2063
f 2063 1553 1552
f 2063 1552 2062
f 2062 1552 1551
f 2062 1551 2061
f 2061 1551 1550
f 2061 1550 2060
f 2060 1550 1549
f 2060 1549 2059
f 2059 1549 1548
f 2059 1548 2058
f 2058 1548 1547
f 2058 1547 2057
f 2057 1547 1546
f 2057 1546 2056
f 2056 1546 1545
f 2056 1545 2055
f 2055 1545 1544
f 2055 1544 2054
f 2054 1544 1543
f 2054 1543 2053
f 2053 1543 1542
f 2053 1542 2052
f 2052 1542 1541
f 2052 1541 2051
f 2051 1541 1540
f 2051 1540 2050
f 2050 1540 1539
f 2050 1539 2049
f 2049 1539 1538
f 2049 1538 2048
f 2048 1538 1537
f 2048 1537 2047
f 2047 1537 1536
f 2047 1536 2046
f 2046 1536 1535
f 2046 1535 2045
f 2045 1535 1534
f 2045 1534 2044
f 2044 1534 1533
f 2044 1533 2043
f 2043 1533 1532
f 2043 1532 2042
f 2042 1532 1531
f 2042 1531 2041
f 2041 1531 1530
f 2041 1530 2040
f 2040 1530 1529
f 2040 1529 2039
f 2039 1529 1528
f 2039 1528 2038
f 2038 1528 1527
f 2038 1527 2037
f 2037 1527 1526
f 2037 1526 2036
f 2036 1526 1525
f 2036 1525 2035
f 2035 1525 1524
f 2035 1524 2034
f 2034 1524 1523
f 2034 1523 2033
f 2033 1523 1522
f 2033 1522 2032
f 2032 1522 1521
f 2032 1521 2031
f 2031 1521 1520
f 2031 1520 2030
f 2030 1520 1519
f 2030 1519 2029
f 2029 1519 1518
f 2029 1518 2028
f 2028 1518 1517
f 2028 1517 2027
f 2027 1517 1516
f 2027 1516 2026
f 2026 1516 1515
f 2026 1515 2025
f 2025 1515 1514
f 2025 1514 2024
f 2024 1514 1513
f 2024 1513 2023
f 2023 1513 1512
f 2023 1512 2022
f 2022 1512 1511
f 2022 1511 2021
f 2021 1511 1510
f 2021 1510 2020
f 2020 1510 1509
f 2020 1509 2019
f 2019 1509 1508
f 2019 1508 2018
f 2018 1508 1507
f 2018 1507 2017
f 2017 1507 1506
f 2017 1506 2016
f 2016 1506 1505
f 2016 1505 2015
f 2015 1505 1504
f 2015 1504 2014
f 2014 1504 1503
f 2014 1503 2013
f 2013 1503 1502
f 2013 1502 2012
f 2012 1502 1501
f 2012 1501 2011
f 2011 1501 1500
f 2011 1500 2010
f 2010 1500 1499
f 2010 1499 2009
f 2009 1499 1498
f 2009 1498 2008
f 2008 1498 1497
f 2008 1497 2007
f 2007 1497 1496
f 2007 1496 2006
f 2006 1496 1495
f 2006 1495 2005
f 2005 1495 1494
f 2005 1494 2004
f 2004 1494 1493
f 2004 1493 2003
f 2003 1493 1492
f 2003 1492 2002
f 2002 1492 1491
f 2002 1491 2001
f 2001 1491 1490
f 2001 1490 2000
f 2000 1490 1489
f 2000 1489 1999
f 1999 1489 1488
f 1999 1488 1998
f 1998 1488 1487
f 1998 1487 1997
f 1997 1487 1486
f 1997 1486 1996
f 1996 1486 1485
f 1996 1485 1995
f 1995 1485 1484
f 1995 1484 1994
f 1994 1484 1483
f 1994 1483 1993
f 1993 1483 1482
f 1993 1482 1992
f 1992 1482 1481
f 1992 1481 1991
f 1991 1481 1480
f 1991 1480 1990
f 1990 1480 1479
f 1990 1479 1989
f 1989 1479 1478
f 1989 1478 1988
f 1988 1478 1477
f 1988 1477 1987
f 1987 1477 1476
f 1987 1476 1986
f 1986 1476 1475
f 1986 1475 1985
f 1985 1475 1474
f 1985 1474 1984
f 1984 1474 1473
f 1984 1473 1983
f 1983 1473 1472
f 1983 1472 1982
f 1982 1472 1471
f 1982 1471 1981
f 1981 1471 1470
f 1981 1470 1980
f 1980 1470 1469
f 1980 1469 1979
f 1979 1469 1468
f 1979 1468 1978
f 1978 1468 1467
f 1978 1467 1977
f 1977 1467 1466
f 1977 1466 1976
f 1976 1466 1465
f 1976 1465 1975
f 1975 1465 1464
f 1975 1464 1974
f 1974 1464 1463
f 1974 1463 1973
f 1973 1463 1462
f 1973 1462 1972
f 1972 1462 1461
f 1972 1461 1971
f 1971 1461 1460
f 1971 1460 1970
f 1970 1460 1459
f 1970 1459 1969
f 1969 1459 1458
f 1969 1458 1968
f 1968 1458 1457
f 1968 1457 1967
f 1967 1457 1456
f 1967 1456 1966
f 1966 1456 1455
f 1966 1455 1965
f 1965 1455 1454
f 1965 1454 1964
f 1964 1454 1453
f 1964 1453 1963
f 1963 1453 1452
f 1963 1452 1962
f 1962 1452 1451
f 1962 1451 1961
f 1961 1451 1450
f 1961 1450 1960
f 1960 1450 1449
f 1960 1449 1959
f 1959 1449 1448
f 1959 1448 1958
f 1958 1448 1447
f 1958 1447 1957
f 1957 1447 1446
f 1957 1446 1956
f 1956 1446 1445
f 1956 1445 1955
f 1955 1445 1444
f 1955 1444 1954
f 1954 1444 1443
f 1954 1443 1953
f 1953 1443 1442
f 1953 1442 1952
f 1952 1442 1441
f 1952 1441 1951
f 1951 1441 1440
f 1951 1440 1950
f 1950 1440 1439
f 1950 1439 1949
f 1949 1439 1438
f 1949 1438 1948
f 1948 1438 1437
f 1948 1437 1947
f 1947 1437 1436
f 1947 1436 1946
f 1946 1436 1435
f 1946 1435 1945
f 1945 1435 1434
f 1945 1434 1944
f 1944 1434 1433
f 1944 1433 1943
f 1943 1433 1432
f 1943 1432 1942
f 1942 1432 1431
f 1942 1431 1941
f 1941 1431 1430
f 1941 1430 1940
f 1940 1430 1429
f 1940 1429 1939
f 1939 1429 1428
f 1939 1428 1938
f 1938 1428 1427
f 1938 1427 1937
f 1937 1427 1426
f 1937 1426 1936
f 1936 1426 1425
f 1936 1425 1935
f 1935 1425 1424
f 1935 1424 1934
f 1934 1424 1423
f 1934 1423 1933
f 1933 1423 1422
f 1933 1422 1932
f 1932 1422 1421
f 1932 1421 1931
f 1931 1421 1420
f 1931 1420 1930
f 1930 1420 1419
f 1930 1419 1929
f 1929 1419 1418
f 1929 1418 1928
f 1928 1418 1417
f 1928 1417 1927
f 1927 1417 1416
f 1927 1416 1926
f 1926 1416 1415
f 1926 1415 1925
f 1925 1415 1414
f 1925 1414 1924
f 1924 1414 1413
f 1924 1413 1923
f 1923 1413 1412
f 1923 1412 1922
f 1922 1412 1411
f 1922 1411 1921
f 1921 1411 1410
f 1921 1410 1920
f 1920 1410 1409
f 1920 1409 1919
f 1919 1409 1408
f 1919 1408 1918
f 1918 1408 1407
f 1918 1407 1917
f 1917 1407 1406
f 1917 1406 1916
f 1916 1406 1405
f 1916 1405 1915
f 1915 1405 1404
f 1915 1404 1914
f 1914 1404 1403
f 1914 1403 1913
f 1913 1403 1402
f 1913 1402 1912
f 1912 1402 1401
f 1912 1401 1911
f 1911 1401 1400
f 1911 1400 1910
f 1910 1400 1399
f 1910 1399 1909
f 1909 1399 1398
f 1909 1398 1908
f 1908 1398 1397
f 1908 1397 1907
f 1907 1397 1396
f 1907 1396 1906
f 1906 1396 1395
f 1906 1395 1905
f 1905 1395 1394
f 1905 1394 1904
f 1904 1394 1393
f 1904 1393 1903
f 1903 1393 1392
f 1903 1392 1902
f 1902 1392 1391
f 1902 1391 1901
f 1901 1391 1390
f 1901 1390 1900
f 1900 1390 1389
f 1900 1389 1899
f 1899 1389 1388
f 1899 1388 1898
f 1898 1388 1387
f 1898 1387 1897
f 1897 1387 1386
f 1897 1386 1896
f 1896 1386 1385
f 1896 1385 1895
f 1895 1385 1384
f 1895 1384 1894
f 1894 1384 1383
f 1894 1383 1893
f 1893 1383 1382
f 1893 1382 1892
f 1892 1382 1381
f 1892 1381 1891
f 1891 1381 1380
f 1891 1380 1890
f 1890 1380 1379
f 1890 1379 1889
f 1889 1379 1378
f 1889 1378 1888
f 1888 1378 1377
f 1888 1377 1887
f 1887 1377 1376
f 1887 1376 1886
f 1886 1376 1375
f 1886 1375 1885
f 1885 1375 1374
f 1885 1374 1884
f 1884 1374 1373
f 1884 1373 1883
f 1883 1373 1372
f 1883 1372 1882
f 1882 1372 1371
f 1882 1371 1881
f 1881 1371 1370
f 1881 1370 1880
f 1880 1370 1369
f 1880 1369 1879
f 1879 1369 1368
f 1879 1368 1878
f 1878 1368 1367
f 1878 1367 1877
f 1877 1367 1366
f 1877 1366 1876
f 1876 1366 1365
f 1876 1365 1875
f 1875 1365 1364
f 1875 1364 1874
f 1874 1364 1363
f 1874 1363 1873
f 1873 1363 1362
f 1873 1362 1872
f 1872 1362 1361
f 1872 1361 1871
f 1871 1361 1360
f 1871 1360 1870
f 1870 1360 1359
f 1870 1359 1869
f 1869 1359 1358
f 1869 1358 1868
f 1868 1358 1357
f 1868 1357 1867
f 1867 1357 1356
f 1867 1356 1866
f 1866 1356 1355
f 1866 1355 1865
f 1865 1355 1354
f 1865 1354 1864
f 1864 1354 1353
f 1864 1353 1863
f 1863 1353 1352
f 1863 1352 1862
f 1862 1352 1351
f 1862 1351 1861
f 1861 1351 1350
f 1861 1350 1860
f 1860 1350 1349
f 1860 1349 1859
f 1859 1349 1348
f 1859 1348 1858
f 1858 1348 1347
f 1858 1347 1857
f 1857 1347 1346
f 1857 1346 1856
f 1856 1346 1345
f 1856 1345 1855
f 1855 1345 1344
f 1855 1344 1854
f 1854 1344 1343
f 1854 1343 1853
f 1853 1343 1342
f 1853 1342 1852
f 1852 1342 1341
f 1852 1341 1851
f 1851 1341 1340
f 1851 1340 1850
f 1850 1340 1339
f 1850 1339 1849
f 1849 1339 1338
f 1849 1338 1848
f 1848 1338 1337
f 1848 1337 1847
f 1847 1337 1336
f 1847 1336 1846
f 1846 1336 1335
f 1846 1335 1845
f 1845 1335 1334
f 1845 1334 1844
f 1844 1334 1333
f 1844 1333 1843
f 1843 1333 1332
f 1843 1332 1842
f 1842 1332 1331
f 1842 1331 1841
f 1841 1331 1330
f 1841 1330 1840
f 1840 1330 1329
f 1840 1329 1839
f 1839 1329 1328
f 1839 1328 1838
f 1838 1328 1327
f 1838 1327 1837
f 1837 1327 1326
f 1837 1326 1836
f 1836 1326 1325
f 1836 1325 1835
f 1835 1325 1324
f 1835 1324 1834
f 1834 1324 1323
f 1834 1323 1833
f 1833 1323 1322
f 1833 1322 1832
f 1832 1322 1321
f 1832 1321 1831
f 1831 1321 1320
f 1831 1320 1830
f 1830 1320 1319
f 1830 1319 1829
f 1829 1319 1318
f 1829 1318 1828
f 1828 1318 1317
f 1828 1317 1827
f 1827 1317 1316
f 1827 1316 1826
f 1826 1316 1315
f 1826 1315 1825
f 1825 1315 1314
f 1825 1314 1824
f 1824 1314 1313
f 1824 1313 1823
f 1823 1313 1312
f 1823 1312 1822
f 1822 1312 1311
f 1822 1311 1821
f 1821 1311 1310
f 1821 1310 1820
f 1820 1310 1309
f 1820 1309 1819
f 1819 1309 1308
f 1819 1308 1818
f 1818 1308 1307
f 1818 1307 1817
f 1817 1307 1306
f 1817 1306 1816
f 1816 1306 1305
f 1816 1305 1815
f 1815 1305 1304
f 1815 1304 1814
f 1814 1304 1303
f 1814 1303 1813
f 1813 1303 1302
f 1813 1302 1812
f 1812 1302 1301
f 1812 1301 1811
f 1811 1301 1300
f 1811 1300 1810
f 1810 1300 1299
f 1810 1299 1809
f 1809 1299 1298
f 1809 1298 1808
f 1808 1298 1297
f 1808 1297 1807
f 1807 1297 1296
f 1807 1296 1806
f 1806 1296 1295
f 1806 1295 1805
f 1805 1295 1294
f 1805 1294 1804
f 1804 1294 1293
f 1804 1293 1803
f 1803 1293 1292
f 1803 1292 1802
f 1802 1292 1291
f 1802 1291 1801
f 1801 1291 1290
f 1801 1290 1800
f 1800 1290 1289
f 1800 1289 1799
f 1799 1289 1288
f 1799 1288 1798
f 1798 1288 1287
f 1798 1287 1797
f 1797 1287 1286
f 1797 1286 1796
f 1796 1286 1285
f 1796 1285 1795
f 1795 1285 1284
f 1795 1284 1794
f 1794 1284 1283
f 1794 1283 1793
f 1793 1283 1282
f 1793 1282 1792
f 1792 1282 1281
f 1792 1281 1791
f 1791 1281 1280
f 1791 1280 1790
f 1790 1280 1279
f 1790 1279 1789
f 1789 1279 1278
f 1789 1278 1788
f 1788 1278 1277
f 1788 1277 1787
f 1787 1277 1276
f 1787 1276 1786
f 1786 1276 1275
f 1786 1275 1785
f 1785 1275 1274
f 1785 1274 1784
f 1784 1274 1273
f 1784 1273 1783
f 1783 1273 1272
f 1783 1272 1782
f 1782 1272 1271
f 1782 1271 1781
f 1781 1271 1270
f 1781 1270 1780
f 1780 1270 1269
f 1780 1269 1779
f 1779 1269 1268
f 1779 1268 1778
f 1778 1268 1267
f 1778 1267 1777
f 1777 1267 1266
f 1777 1266 1776
f 1776 1266 1265
f 1776 1265 1775
f 1775 1265 1264
f 1775 1264 1774
f 1774 1264 1263
f 1774 1263 1773
f 1773 1263 1262
f 1773 1262 1772
f 1772 1262 1261
f 1772 1261 1771
f 1771 1261 1260
f 1771 1260 1770
f 1770 1260 1259
f 1770 1259 1769
f 1769 1259 1258
f 1769 1258 1768
f 1768 1258 1257
f 1768 1257 1767
f 1767 1257 1256
f 1767 1256 1766
f 1766 1256 1255
f 1766 1255 1765
f 1765 1255 1254
f 1765 1254 1764
f 1764 1254 1253
f 1764 1253 1763
f 1763 1253 1252
f 1763 1252 1762
f 1762 1252 1251
f 1762 1251 1761
f 1761 1251 1250
f 1761 1250 1760
f 1760 1250 1249
f 1760 1249 1759
f 1759 1249 1248
f 1759 1248 1758
f 1758 1248 1247
f 1758 1247 1757
f 1757 1247 1246
f 1757 1246 1756
f 1756 1246 1245
f 1756 1245 1755
f 1755 1245 1244
f 1755 1244 1754
f 1754 1244 1243
f 1754 1243 1753
f 1753 1243 1242
f 1753 1242 1752
f 1752 1242 1241
f 1752 1241 1751
f 1751 1241 1240
f 1751 1240 1750
f 1750 1240 1239
f 1750 1239 1749
f 1749 1239 1238
f 1749 1238 1748
f 1748 1238 1237
f 1748 1237 1747
f 1747 1237 1236
f 1747 1236 1746
f 1746 1236 1235
f 1746 1235 1745
f 1745 1235 1234
f 1745 1234 1744
f 1744 1234 1233
f 1744 1233 1743
f 1743 1233 1232
f 1743 1232 1742
f 1742 1232 1231
f 1742 1231 1741
f 1741 1231 1230
f 1741 1230 1740
f 1740 1230 1229
f 1740 1229 1739
f 1739 1229 1228
f 1739 1228 1738
f 1738 1228 1227
f 1738 1227 1737
f 1737 1227 1226
f 1737 1226 1736
f 1736 1226 1225
f 1736 1225 1735
f 1735 1225 1224
f 1735 1224 1734
f 1734 1224 1223
f 1734 1223 1733
f 1733 1223 1222
f 1733 1222 1732
f 1732 1222 1221
f 1732 1221 1731
f 1731 1221 1220
f 1731 1220 1730
f 1730 1220 1219
f 1730 1219 1729
f 1729 1219 1218
f 1729 1218 1728
f 1728 1218 1217
f 1728 1217 1727
f 1727 1217 1216
f 1727 1216 1726
f 1726 1216 1215
f 1726 1215 1725
f 1725 1215 1214
f 1725 1214 1724
f 1724 1214 1213
f 1724 1213 1723
f 1723 1213 1212
f 1723 1212 1722
f 1722 1212 1211
f 1722 1211 1721
f 1721 1211 1210
f 1721 1210 1720
f 1720 1210 1209
f 1720 1209 1719
f 1719 1209 1208
f 1719 1208 1718
f 1718 1208 1207
f 1718 1207 1717
f 1717 1207 1206
f 1717 1206 1716
f 1716 1206 1205
f 1716 1205 1715
f 1715 1205 1204
f 1715 1204 1714
f 1714 1204 1203
f 1714 1203 1713
f 1713 1203 1202
f 1713 1202 1712
f 1712 1202 1201
f 1712 1201 1711
f 1711 1201 1200
f 1711 1200 1710
f 1710 1200 1199
f 1710 1199 1709
f 1709 1199 1198
f 1709 1198 1708
f 1708 1198 1197
f 1708 1197 1707
f 1707 1197 1196
f 1707 1196 1706
f 1706 1196 1195
f 1706 1195 1705
f 1705 1195 1194
f 1705 1194 1704
f 1704 1194 1193
f 1704 1193 1703
f 1703 1193 1192
f 1703 1192 1702
f 1702 1192 1191
f 1702 1191 1701
f 1701 1191 1190
f 1701 1190 1700
f 1700 1190 1189
f 1700 1189 1699
f 1699 1189 1188
f 1699 1188 1698
f 1698 1188 1187
f 1698 1187 1697
f 1697 1187 1186
f 1697 1186 1696
f 1696 1186 1185
f 1696 1185 1695
f 1695 1185 1184
f 1695 1184 1694
f 1694 1184 1183
f 1694 1183 1693
f 1693 1183 1182
f 1693 1182 1692
f 1692 1182 1181
f 1692 1181 1691
f 1691 1181 1180
f 1691 1180 1690
f 1690 1180 1179
f 1690 1179 1689
f 1689 1179 1178
f 1689 1178 1688
f 1688 1178 1177
f 1688 1177 1687
f 1687 1177 1176
f 1687 1176 1686
f 1686 1176 1175
f 1686 1175 1685
f 1685 1175 1174
f 1685 1174 1684
f 1684 1174 1173
f 1684 1173 1683
f 1683 1173 1172
f 1683 1172 1682
f 1682 1172 1171
f 1682 1171 1681
f 1681 1171 1170
f 1681 1170 1680
f 1680 1170 1169
f 1680 1169 1679
f 1679 1169 1168
f 1679 1168 1678
f 1678 1168 1167
f 1678 1167 1677
f 1677 1167 1166
f 1677 1166 1676
f 1676 1166 1165
f 1676 1165 1675
f 1675 1165 1164
f 1675 1164 1674
f 1674 1164 1163
f 1674 1163 1673
f 1673 1163 1162
f 1673 1162 1672
f 1672 1162 1161
f 1672 1161 1671
f 1671 1161 1160
f 1671 1160 1670
f 1670 1160 1159
f 1670 1159 1669
f 1669 1159 1158
f 1669 1158 1668
f 1668 1158 1157
f 1668 1157 1667
f 1667 1157 1156
f 1667 1156 1666
f 1666 1156 1155
f 1666 1155 1665
f 1665 1155 1154
f 1665 1154 1664
f 1664 1154 1153
f 1664 1153 1663
f 1663 1153 1152
f 1663 1152 1662
f 1662 1152 1151
f 1662 1151 1661
f 1661 1151 1150
f 1661 1150 1660
f 1660 1150 1149
f 1660 1149 1659
f 1659 1149 1148
f 1659 1148 1658
f 1658 1148 1147
f 1658 1147 1657
f 1657 1147 1146
f 1657 1146 1656
f 1656 1146 1145
f 1656 1145 1655
f 1655 1145 1144
f 1655 1144 1654
f 1654 1144 1143
f 1654 1143 1653
f 1653 1143 1142
f 1653 1142 1652
f 1652 1142 1141
f 1652 1141 1651
f 1651 1141 1140
f 1651 1140 1650
f 1650 1140 1139
f 1650 1139 1649
f 1649 1139 1138
f 1649 1138 1648
f 1648 1138 1137
f 1648 1137 1647
f 1647 1137 1136
f 1647 1136 1646
f 1646 1136 1135
f 1646 1135 1645
f 1645 1135 1134
f 1645 1134 1644
f 1644 1134 1133
f 1644 1133 1643
f 1643 1133 1132
f 1643 1132 1642
f 1642 1132 1131
f 1642 1131 1641
f 1641 1131 1130
f 1641 1130 1640
f 1640 1130 1129
f 1640 1129 1639
f 1639 1129 1128
f 1639 1128 1638
f 1638 1128 1127
f 1638 1127 1637
f 1637 1127 1126
f 1637 1126 1636
f 1636 1126 1125
f 1636 1125 1635
f 1635 1125 1124
f 1635 1124 1634
f 1634 1124 1123
f 1634 1123 1633
f 1633 1123 1122
f 1633 1122 1632
f 1632 1122 1121
f 1632 1121 1631
f 1631 1121 1120
f 1631 1120 1630
f 1630 1120 1119
f 1630 1119 1629
f 1629 1119 1118
f 1629 1118 1628
f 1628 1118 1117
f 1628 1117 1627
f 1627 1117 1116
f 1627 1116 1626
f 1626 1116 1115
f 1626 1115 1625
f 1625 1115 1114
f 1625 1114 1624
f 1624 1114 1113
f 1624 1113 1623
f 1623 1113 1112
f 1623 1112 1622
f 1622 1112 1111
f 1622 1111 1621
f 1621 1111 1110
f 1621 1110 1620
f 1620 1110 1109
f 1620 1109 1619
f 1619 1109 1108
f 1619 1108 1618
f 1618 1108 1107
f 1618 1107 1617
f 1617 1107 1106
f 1617 1106 1616
f 1616 1106 1105
f 1616 1105 1615
f 1615 1105 1104
f 1615 1104 1614
f 1614 1104 1103
f 1614 1103 1069
f 1069 1103 1102
f 1069 1102 1070
f 1070 1102 1101
f 1070 1101 1100
f 1070 1100 1071
f 1071 1100 1099
f 1071 1099 1072
f 1072 1099 1098
f 1072 1098 1097
f 1072 1097 1073
f 1073 1097 1096
f 1073 1096 1074
f 1074 1096 1095
f 1074 1095 1075
f 1075 1095 1094
f 1075 1094 1076
f 1076 1094 1077
f 1077 1094 1093
f 1077 1093 1078
f 1078 1093 1092
f 1078 1092 1079
f 1079 1092 1091
f 1079 1091 1080
f 1080 1091 1081
f 2127 13 1
f 1 13 12
f 1 12 11
f 10 9 11
f 11 9 8
f 11 8 7
f 7 6 11
f 11 6 5
f 11 5 4
f 4 3 11
f 11 3 2
f 11 2 1
f 2127 1 2126
f 2126 1 1090
f 2126 1090 1089
f 1089 1088 2126
f 2126 1088 1087
f 2126 1087 1086
f 1613 1604 1086
f 1086 1604 1603
f 1086 1603 1602
f 1613 1612 1604
f 1604 1612 1611
f 1604 1611 1610
f 1610 1609 1604
f 1604 1609 1608
f 1604 1608 1607
f 1607 1606 1604
f 1604 1606 1605
f 1602 2125 1086
f 1086 2125 2126
f 1068 2160 1069
f 1069 2160 2169
f 1069 2169 2130
f 2130 2169 2270
f 2130 2270 2129
f 2129 2270 2128
f 2128 2270 2265
f 2128 2265 525
f 525 2265 2260
f 525 2260 1049
f 1049 2260 2255
f 1049 2255 1050
f 1050 2255 2250
f 1050 2250 1051
f 1051 2250 2245
f 1051 2245 1052
f 1052 2245 2155
f 1052 2155 1053
f 1053 2155 2240
f 1053 2240 1054
f 1054 2240 2235
f 1054 2235 1055
f 1055 2235 2230
f 1055 2230 1056
f 1056 2230 2225
f 1056 2225 1057
f 1057 2225 2220
f 1057 2220 1058
f 1058 2220 2215
f 1058 2215 1059
f 1059 2215 2210
f 1059 2210 1060
f 1060 2210 2205
f 1060 2205 1061
f 1061 2205 2200
f 1061 2200 1062
f 1062 2200 2195
f 1062 2195 1063
f 1063 2195 2190
f 1063 2190 1064
f 1064 2190 2185
f 1064 2185 1065
f 1065 2185 2180
f 1065 2180 1066
f 1066 2180 2175
f 1066 2175 1067
f 1067 2175 2170
f 1067 2170 1068
f 1068 2170 2160
f 2132 2244 2131
f 2131 2244 2159
f 2131 2159 2154
f 2154 2159 2249
f 2154 2249 2153
f 2153 2249 2254
f 2153 2254 2152
f 2152 2254 2259
f 2152 2259 2151
f 2151 2259 2264
f 2151 2264 2150
f 2150 2264 2269
f 2150 2269 2149
f 2149 2269 2274
f 2149 2274 2148
f 2148 2274 2165
f 2148 2165 2147
f 2147 2165 2164
f 2147 2164 2146
f 2146 2164 2174
f 2146 2174 2145
f 2145 2174 2179
f 2145 2179 2144
f 2144 2179 2184
f 2144 2184 2143
f 2143 2184 2189
f 2143 2189 2142
f 2142 2189 2194
f 2142 2194 2141
f 2141 2194 2199
f 2141 2199 2140
f 2140 2199 2204
f 2140 2204 2139
f 2139 2204 2209
f 2139 2209 2138
f 2138 2209 2214
f 2138 2214 2137
f 2137 2214 2219
f 2137 2219 2136
f 2136 2219 2224
f 2136 2224 2135
f 2135 2224 2229
f 2135 2229 2134
f 2134 2229 2234
f 2134 2234 2133
f 2133 2234 2239
f 2133 2239 2132
f 2132 2239 2244
f 2155 2156 2240
f 2240 2156 2241
f 2240 2241 2235
f 2235 2241 2236
f 2235 2236 2230
f 2230 2236 2231
f 2230 2231 2225
f 2225 2231 2226
f 2225 2226 2220
f 2220 2226 2221
f 2220 2221 2215
f 2215 2221 2216
f 2215 2216 2210
f 2210 2216 2211
f 2210 2211 2205
f 2205 2211 2206
f 2205 2206 2200
f 2200 2206 2201
f 2200 2201 2195
f 2195 2201 2196
f 2195 2196 2190
f 2190 2196 2191
f 2190 2191 2185
f 2185 2191 2186
f 2185 2186 2180
f 2180 2186 2181
f 2180 2181 2175
f 2175 2181 2176
f 2175 2176 2170
f 2170 2176 2171
f 2170 2171 2160
f 2160 2171 2161
f 2160 2161 2169
f 2169 2161 2168
f 2169 2168 2270
f 2270 2168 2271
f 2270 2271 2265
f 2265 2271 2266
f 2265 2266 2260
f 2260 2266 2261
f 2260 2261 2255
f 2255 2261 2256
f 2255 2256 2250
f 2250 2256 2251
f 2250 2251 2245
f 2245 2251 2246
f 2245 2246 2155
f 2155 2246 2156
f 2156 2157 2241
f 2241 2157 2242
f 2241 2242 2236
f 2236 2242 2237
f 2236 2237 2231
f 2231 2237 2232
f 2231 2232 2226
f 2226 2232 2227
f 2226 2227 2221
f 2221 2227 2222
f 2221 2222 2216
f 2216 2222 2217
f 2216 2217 2211
f 2211 2217 2212
f 2211 2212 2206
f 2206 2212 2207
f 2206 2207 2201
f 2201 2207 2202
f 2201 2202 2196
f 2196 2202 2197
f 2196 2197 2191
f 2191 2197 2192
f 2191 2192 2186
f 2186 2192 2187
f 2186 2187 2181
f 2181 2187 2182
f 2181 2182 2176
f 2176 2182 2177
f 2176 2177 2171
f 2171 2177 2172
f 2171 2172 2161
f 2161 2172 2162
f 2161 2162 2168
f 2168 2162 2167
f 2168 2167 2271
f 2271 2167 2272
f 2271 2272 2266
f 2266 2272 2267
f 2266 2267 2261
f 2261 2267 2262
f 2261 2262 2256
f 2256 2262 2257
f 2256 2257 2251
f 2251 2257 2252
f 2251 2252 2246
f 2246 2252 2247
f 2246 2247 2156
f 2156 2247 2157
f 2157 2158 2242
f 2242 2158 2243
f 2242 2243 2237
f 2237 2243 2238
f 2237 2238 2232
f 2232 2238 2233
f 2232 2233 2227
f 2227 2233 2228
f 2227 2228 2222
f 2222 2228 2223
f 2222 2223 2217
f 2217 2223 2218
f 2217 2218 2212
f 2212 2218 2213
f 2212 2213 2207
f 2207 2213 2208
f 2207 2208 2202
f 2202 2208 2203
f 2202 2203 2197
f 2197 2203 2198
f 2197 2198 2192
f 2192 2198 2193
f 2192 2193 2187
f 2187 2193 2188
f 2187 2188 2182
f 2182 2188 2183
f 2182 2183 2177
f 2177 2183 2178
f 2177 2178 2172
f 2172 2178 2173
f 2172 2173 2162
f 2162 2173 2163
f 2162 2163 2167
f 2167 2163 2166
f 2167 2166 2272
f 2272 2166 2273
f 2272 2273 2267
f 2267 2273 2268
f 2267 2268 2262
f 2262 2268 2263
f 2262 2263 2257
f 2257 2263 2258
f 2257 2258 2252
f 2252 2258 2253
f 2252 2253 2247
f 2247 2253 2248
f 2247 2248 2157
f 2157 2248 2158
f 2158 2159 2243
f 2243 2159 2244
f 2243 2244 2238
f 2238 2244 2239
f 2238 2239 2233
f 2233 2239 2234
f 2233 2234 2228
f 2228 2234 2229
f 2228 2229 2223
f 2223 2229 2224
f 2223 2224 2218
f 2218 2224 2219
f 2218 2219 2213
f 2213 2219 2214
f 2213 2214 2208
f 2208 2214 2209
f 2208 2209 2203
f 2203 2209 2204
f 2203 2204 2198
f 2198 2204 2199
f 2198 2199 2193
f 2193 2199 2194
f 2193 2194 2188
f 2188 2194 2189
f 2188 2189 2183
f 2183 2189 2184
f 2183 2184 2178
f 2178 2184 2179
f 2178 2179 2173
f 2173 2179 2174
f 2173 2174 2163
f 2163 2174 2164
f 2163 2164 2166
f 2166 2164 2165
f 2166 2165 2273
f 2273 2165 2274
f 2273 2274 2268
f 2268 2274 2269
f 2268 2269 2263
f 2263 2269 2264
f 2263 2264 2258
f 2258 2264 2259
f 2258 2259 2253
f 2253 2259 2254
f 2253 2254 2248
f 2248 2254 2249
f 2248 2249 2158
f 2158 2249 2159
f 524 1619 525
f 525 1619 1618
f 525 1618 2128
f 2128 1618 1617
f 2128 1617 1616
f 1619 524 1620
f 1620 524 523
f 1620 523 1621
f 1621 523 522
f 1621 522 1622
f 1622 522 521
f 1622 521 1623
f 1623 521 520
f 1623 520 1624
f 1624 520 519
f 1624 519 1625
f 1625 519 518
f 1625 518 1626
f 1626 518 517
f 1626 517 1627
f 1627 517 516
f 1627 516 1628
f 1628 516 515
f 1628 515 1629
f 1629 515 514
f 1629 514 1630
f 1630 514 513
f 1630 513 1631
f 1631 513 512
f 1631 512 1632
f 1632 512 511
f 1632 511 1633
f 1633 511 510
f 1633 510 1634
f 1634 510 509
f 1634 509 1635
f 1635 509 508
f 1635 508 1636
f 1636 508 507
f 1636 507 1637
f 1637 507 506
f 1637 506 1638
f 1638 506 505
f 1638 505 1639
f 1639 505 504
f 1639 504 1640
f 1640 504 503
f 1640 503 1641
f 1641 503 502
f 1641 502 1642
f 1642 502 501
f 1642 501 1643
f 1643 501 500
f 1643 500 1644
f 1644 500 499
f 1644 499 1645
f 1645 499 498
f 1645 498 1646
f 1646 498 497
f 1646 497 1647
f 1647 497 496
f 1647 496 1648
f 1648 496 495
f 1648 495 1649
f 1649 495 494
f 1649 494 1650
f 1650 494 493
f 1650 493 1651
f 1651 493 492
f 1651 492 1652
f 1652 492 491
f 1652 491 1653
f 1653 491 490
f 1653 490 1654
f 1654 490 489
f 1654 489 1655
f 1655 489 488
f 1655 488 1656
f 1656 488 487
f 1656 487 1657
f 1657 487 486
f 1657 486 1658
f 1658 486 485
f 1658 485 1659
f 1659 485 484
f 1659 484 1660
f 1660 484 483
f 1660 483 1661
f 1661 483 482
f 1661 482 1662
f 1662 482 481
f 1662 481 1663
f 1663 481 480
f 1663 480 1664
f 1664 480 479
f 1664 479 1665
f 1665 479 478
f 1665 478 1666
f 1666 478 477
f 1666 477 1667
f 1667 477 476
f 1667 476 1668
f 1668 476 475
f 1668 475 1669
f 1669 475 474
f 1669 474 1670
f 1670 474 473
f 1670 473 1671
f 1671 473 472
f 1671 472 1672
f 1672 472 471
f 1672 471 1673
f 1673 471 470
f 1673 470 1674
f 1674 470 469
f 1674 469 1675
f 1675 469 468
f 1675 468 1676
f 1676 468 467
f 1676 467 1677
f 1677 467 466
f 1677 466 1678
f 1678 466 465
f 1678 465 1679
f 1679 465 464
f 1679 464 1680
f 1680 464 463
f 1680 463 1681
f 1681 463 462
f 1681 462 1682
f 1682 462 461
f 1682 461 1683
f 1683 461 460
f 1683 460 1684
f 1684 460 459
f 1684 459 1685
f 1685 459 458
f 1685 458 1686
f 1686 458 457
f 1686 457 1687
f 1687 457 456
f 1687 456 1688
f 1688 456 455
f 1688 455 1689
f 1689 455 454
f 1689 454 1690
f 1690 454 453
f 1690 453 1691
f 1691 453 452
f 1691 452 1692
f 1692 452 451
f 1692 451 1693
f 1693 451 450
f 1693 450 1694
f 1694 450 449
f 1694 449 1695
f 1695 449 448
f 1695 448 1696
f 1696 448 447
f 1696 447 1697
f 1697 447 446
f 1697 446 1698
f 1698 446 445
f 1698 445 1699
f 1699 445 444
f 1699 444 1700
f 1700 444 443
f 1700 443 1701
f 1701 443 442
f 1701 442 1702
f 1702 442 441
f 1702 441 1703
f 1703 441 440
f 1703 440 1704
f 1704 440 439
f 1704 439 1705
f 1705 439 438
f 1705 438 1706
f 1706 438 437
f 1706 437 1707
f 1707 437 436
f 1707 436 1708
f 1708 436 435
f 1708 435 1709
f 1709 435 434
f 1709 434 1710
f 1710 434 433
f 1710 433 1711
f 1711 433 432
f 1711 432 1712
f 1712 432 431
f 1712 431 1713
f 1713 431 430
f 1713 430 1714
f 1714 430 429
f 1714 429 1715
f 1715 429 428
f 1715 428 1716
f 1716 428 427
f 1716 427 1717
f 1717 427 426
f 1717 426 1718
f 1718 426 425
f 1718 425 1719
f 1719 425 424
f 1719 424 1720
f 1720 424 423
f 1720 423 1721
f 1721 423 422
f 1721 422 1722
f 1722 422 421
f 1722 421 1723
f 1723 421 420
f 1723 420 1724
f 1724 420 419
f 1724 419 1725
f 1725 419 418
f 1725 418 1726
f 1726 418 417
f 1726 417 1727
f 1727 417 416
f 1727 416 1728
f 1728 416 415
f 1728 415 1729
f 1729 415 414
f 1729 414 1730
f 1730 414 413
f 1730 413 1731
f 1731 413 412
f 1731 412 1732
f 1732 412 411
f 1732 411 1733
f 1733 411 410
f 1733 410 1734
f 1734 410 409
f 1734 409 1735
f 1735 409 408
f 1735 408 1736
f 1736 408 407
f 1736 407 1737
f 1737 407 406
f 1737 406 1738
f 1738 406 405
f 1738 405 1739
f 1739 405 404
f 1739 404 1740
f 1740 404 403
f 1740 403 1741
f 1741 403 402
f 1741 402 1742
f 1742 402 401
f 1742 401 1743
f 1743 401 400
f 1743 400 1744
f 1744 400 399
f 1744 399 1745
f 1745 399 398
f 1745 398 1746
f 1746 398 397
f 1746 397 1747
f 1747 397 396
f 1747 396 1748
f 1748 396 395
f 1748 395 1749
f 1749 395 394
f 1749 394 1750
f 1750 394 393
f 1750 393 1751
f 1751 393 392
f 1751 392 1752
f 1752 392 391
f 1752 391 1753
f 1753 391 390
f 1753 390 1754
f 1754 390 389
f 1754 389 1755
f 1755 389 388
f 1755 388 1756
f 1756 388 387
f 1756 387 1757
f 1757 387 386
f 1757 386 1758
f 1758 386 385
f 1758 385 1759
f 1759 385 384
f 1759 384 1760
f 1760 384 383
f 1760 383 1761
f 1761 383 382
f 1761 382 1762
f 1762 382 381
f 1762 381 1763
f 1763 381 380
f 1763 380 1764
f 1764 380 379
f 1764 379 1765
f 1765 379 378
f 1765 378 1766
f 1766 378 377
f 1766 377 1767
f 1767 377 376
f 1767 376 1768
f 1768 376 375
f 1768 375 1769
f 1769 375 374
f 1769 374 1770
f 1770 374 373
f 1770 373 1771
f 1771 373 372
f 1771 372 1772
f 1772 372 371
f 1772 371 1773
f 1773 371 370
f 1773 370 1774
f 1774 370 369
f 1774 369 1775
f 1775 369 368
f 1775 368 1776
f 1776 368 367
f 1776 367 1777
f 1777 367 366
f 1777 366 1778
f 1778 366 365
f 1778 365 1779
f 1779 365 364
f 1779 364 1780
f 1780 364 363
f 1780 363 1781
f 1781 363 362
f 1781 362 1782
f 1782 362 361
f 1782 361 1783
f 1783 361 360
f 1783 360 1784
f 1784 360 359
f 1784 359 1785
f 1785 359 358
f 1785 358 1786
f 1786 358 357
f 1786 357 1787
f 1787 357 356
f 1787 356 1788
f 1788 356 355
f 1788 355 1789
f 1789 355 354
f 1789 354 1790
f 1790 354 353
f 1790 353 1791
f 1791 353 352
f 1791 352 1792
f 1792 352 351
f 1792 351 1793
f 1793 351 350
f 1793 350 1794
f 1794 350 349
f 1794 349 1795
f 1795 349 348
f 1795 348 1796
f 1796 348 347
f 1796 347 1797
f 1797 347 346
f 1797 346 1798
f 1798 346 345
f 1798 345 1799
f 1799 345 344
f 1799 344 1800
f 1800 344 343
f 1800 343 1801
f 1801 343 342
f 1801 342 1802
f 1802 342 341
f 1802 341 1803
f 1803 341 340
f 1803 340 1804
f 1804 340 339
f 1804 339 1805
f 1805 339 338
f 1805 338 1806
f 1806 338 337
f 1806 337 1807
f 1807 337 336
f 1807 336 1808
f 1808 336 335
f 1808 335 1809
f 1809 335 334
f 1809 334 1810
f 1810 334 333
f 1810 333 1811
f 1811 333 332
f 1811 332 1812
f 1812 332 331
f 1812 331 1813
f 1813 331 330
f 1813 330 1814
f 1814 330 329
f 1814 329 1815
f 1815 329 328
f 1815 328 1816
f 1816 328 327
f 1816 327 1817
f 1817 327 326
f 1817 326 1818
f 1818 326 325
f 1818 325 1819
f 1819 325 324
f 1819 324 1820
f 1820 324 323
f 1820 323 1821
f 1821 323 322
f 1821 322 1822
f 1822 322 321
f 1822 321 1823
f 1823 321 320
f 1823 320 1824
f 1824 320 319
f 1824 319 1825
f 1825 319 318
f 1825 318 1826
f 1826 318 317
f 1826 317 1827
f 1827 317 316
f 1827 316 1828
f 1828 316 315
f 1828 315 1829
f 1829 315 314
f 1829 314 1830
f 1830 314 313
f 1830 313 1831
f 1831 313 312
f 1831 312 1832
f 1832 312 311
f 1832 311 1833
f 1833 311 310
f 1833 310 1834
f 1834 310 309
f 1834 309 1835
f 1835 309 308
f 1835 308 1836
f 1836 308 307
f 1836 307 1837
f 1837 307 306
f 1837 306 1838
f 1838 306 305
f 1838 305 1839
f 1839 305 304
f 1839 304 1840
f 1840 304 303
f 1840 303 1841
f 1841 303 302
f 1841 302 1842
f 1842 302 301
f 1842 301 1843
f 1843 301 300
f 1843 300 1844
f 1844 300 299
f 1844 299 1845
f 1845 299 298
f 1845 298 1846
f 1846 298 297
f 1846 297 1847
f 1847 297 296
f 1847 296 1848
f 1848 296 295
f 1848 295 1849
f 1849 295 294
f 1849 294 1850
f 1850 294 293
f 1850 293 1851
f 1851 293 292
f 1851 292 1852
f 1852 292 291
f 1852 291 1853
f 1853 291 290
f 1853 290 1854
f 1854 290 289
f 1854 289 1855
f 1855 289 288
f 1855 288 1856
f 1856 288 287
f 1856 287 1857
f 1857 287 286
f 1857 286 1858
f 1858 286 285
f 1858 285 1859
f 1859 285 284
f 1859 284 1860
f 1860 284 283
f 1860 283 1861
f 1861 283 282
f 1861 282 1862
f 1862 282 281
f 1862 281 1863
f 1863 281 280
f 1863 280 1864
f 1864 280 279
f 1864 279 1865
f 1865 279 278
f 1865 278 1866
f 1866 278 277
f 1866 277 1867
f 1867 277 276
f 1867 276 1868
f 1868 276 275
f 1868 275 1869
f 1869 275 274
f 1869 274 1870
f 1870 274 273
f 1870 273 1871
f 1871 273 272
f 1871 272 1872
f 1872 272 271
f 1872 271 1873
f 1873 271 270
f 1873 270 1874
f 1874 270 269
f 1874 269 1875
f 1875 269 268
f 1875 268 1876
f 1876 268 267
f 1876 267 1877
f 1877 267 266
f 1877 266 1878
f 1878 266 265
f 1878 265 1879
f 1879 265 264
f 1879 264 1880
f 1880 264 263
f 1880 263 1881
f 1881 263 262
f 1881 262 1882
f 1882 262 261
f 1882 261 1883
f 1883 261 260
f 1883 260 1884
f 1884 260 259
f 1884 259 1885
f 1885 259 258
f 1885 258 1886
f 1886 258 257
f 1886 257 1887
f 1887 257 256
f 1887 256 1888
f 1888 256 255
f 1888 255 1889
f 1889 255 254
f 1889 254 1890
f 1890 254 253
f 1890 253 1891
f 1891 253 252
f 1891 252 1892
f 1892 252 251
f 1892 251 1893
f 1893 251 250
f 1893 250 1894
f 1894 250 249
f 1894 249 1895
f 1895 249 248
f 1895 248 1896
f 1896 248 247
f 1896 247 1897
f 1897 247 246
f 1897 246 1898
f 1898 246 245
f 1898 245 1899
f 1899 245 244
f 1899 244 1900
f 1900 244 243
f 1900 243 1901
f 1901 243 242
f 1901 242 1902
f 1902 242 241
f 1902 241 1903
f 1903 241 240
f 1903 240 1904
f 1904 240 239
f 1904 239 1905
f 1905 239 238
f 1905 238 1906
f 1906 238 237
f 1906 237 1907
f 1907 237 236
f 1907 236 1908
f 1908 236 235
f 1908 235 1909
f 1909 235 234
f 1909 234 1910
f 1910 234 233
f 1910 233 1911
f 1911 233 232
f 1911 232 1912
f 1912 232 231
f 1912 231 1913
f 1913 231 230
f 1913 230 1914
f 1914 230 229
f 1914 229 1915
f 1915 229 228
f 1915 228 1916
f 1916 228 227
f 1916 227 1917
f 1917 227 226
f 1917 226 1918
f 1918 226 225
f 1918 225 1919
f 1919 225 224
f 1919 224 1920
f 1920 224 223
f 1920 223 1921
f 1921 223 222
f 1921 222 1922
f 1922 222 221
f 1922 221 1923
f 1923 221 220
f 1923 220 1924
f 1924 220 219
f 1924 219 1925
f 1925 219 218
f 1925 218 1926
f 1926 218 217
f 1926 217 1927
f 1927 217 216
f 1927 216 1928
f 1928 216 215
f 1928 215 1929
f 1929 215 214
f 1929 214 1930
f 1930 214 213
f 1930 213 1931
f 1931 213 212
f 1931 212 1932
f 1932 212 211
f 1932 211 1933
f 1933 211 210
f 1933 210 1934
f 1934 210 209
f 1934 209 1935
f 1935 209 208
f 1935 208 1936
f 1936 208 207
f 1936 207 1937
f 1937 207 206
f 1937 206 1938
f 1938 206 205
f 1938 205 1939
f 1939 205 204
f 1939 204 1940
f 1940 204 203
f 1940 203 1941
f 1941 203 202
f 1941 202 1942
f 1942 202 201
f 1942 201 1943
f 1943 201 200
f 1943 200 1944
f 1944 200 199
f 1944 199 1945
f 1945 199 198
f 1945 198 1946
f 1946 198 197
f 1946 197 1947
f 1947 197 196
f 1947 196 1948
f 1948 196 195
f 1948 195 1949
f 1949 195 194
f 1949 194 1950
f 1950 194 193
f 1950 193 1951
f 1951 193 192
f 1951 192 1952
f 1952 192 191
f 1952 191 1953
f 1953 191 190
f 1953 190 1954
f 1954 190 189
f 1954 189 1955
f 1955 189 188
f 1955 188 1956
f 1956 188 187
f 1956 187 1957
f 1957 187 186
f 1957 186 1958
f 1958 186 185
f 1958 185 1959
f 1959 185 184
f 1959 184 1960
f 1960 184 183
f 1960 183 1961
f 1961 183 182
f 1961 182 1962
f 1962 182 181
f 1962 181 1963
f 1963 181 180
f 1963 180 1964
f 1964 180 179
f 1964 179 1965
f 1965 179 178
f 1965 178 1966
f 1966 178 177
f 1966 177 1967
f 1967 177 176
f 1967 176 1968
f 1968 176 175
f 1968 175 1969
f 1969 175 174
f 1969 174 1970
f 1970 174 173
f 1970 173 1971
f 1971 173 172
f 1971 172 1972
f 1972 172 171
f 1972 171 1973
f 1973 171 170
f 1973 170 1974
f 1974 170 169
f 1974 169 1975
f 1975 169 168
f 1975 168 1976
f 1976 168 167
f 1976 167 1977
f 1977 167 166
f 1977 166 1978
f 1978 166 165
f 1978 165 1979
f 1979 165 164
f 1979 164 1980
f 1980 164 163
f 1980 163 1981
f 1981 163 162
f 1981 162 1982
f 1982 162 161
f 1982 161 1983
f 1983 161 160
f 1983 160 1984
f 1984 160 159
f 1984 159 1985
f 1985 159 158
f 1985 158 1986
f 1986 158 157
f 1986 157 1987
f 1987 157 156
f 1987 156 1988
f 1988 156 155
f 1988 155 1989
f 1989 155 154
f 1989 154 1990
f 1990 154 153
f 1990 153 1991
f 1991 153 152
f 1991 152 1992
f 1992 152 151
f 1992 151 1993
f 1993 151 150
f 1993 150 1994
f 1994 150 149
f 1994 149 1995
f 1995 149 148
f 1995 148 1996
f 1996 148 147
f 1996 147 1997
f 1997 147 146
f 1997 146 1998
f 1998 146 145
f 1998 145 1999
f 1999 145 144
f 1999 144 2000
f 2000 144 143
f 2000 143 2001
f 2001 143 142
f 2001 142 2002
f 2002 142 141
f 2002 141 2003
f 2003 141 140
f 2003 140 2004
f 2004 140 139
f 2004 139 2005
f 2005 139 138
f 2005 138 2006
f 2006 138 137
f 2006 137 2007
f 2007 137 136
f 2007 136 2008
f 2008 136 135
f 2008 135 2009
f 2009 135 134
f 2009 134 2010
f 2010 134 133
f 2010 133 2011
f 2011 133 132
f 2011 132 2012
f 2012 132 131
f 2012 131 2013
f 2013 131 130
f 2013 130 2014
f 2014 130 129
f 2014 129 2015
f 2015 129 128
f 2015 128 2016
f 2016 128 127
f 2016 127 2017
f 2017 127 126
f 2017 126 2018
f 2018 126 125
f 2018 125 2019
f 2019 125 124
f 2019 124 2020
f 2020 124 123
f 2020 123 2021
f 2021 123 122
f 2021 122 2022
f 2022 122 121
f 2022 121 2023
f 2023 121 120
f 2023 120 2024
f 2024 120 119
f 2024 119 2025
f 2025 119 118
f 2025 118 2026
f 2026 118 117
f 2026 117 2027
f 2027 117 116
f 2027 116 2028
f 2028 116 115
f 2028 115 2029
f 2029 115 114
f 2029 114 2030
f 2030 114 113
f 2030 113 2031
f 2031 113 112
f 2031 112 2032
f 2032 112 111
f 2032 111 2033
f 2033 111 110
f 2033 110 2034
f 2034 110 109
f 2034 109 2035
f 2035 109 108
f 2035 108 2036
f 2036 108 107
f 2036 107 2037
f 2037 107 106
f 2037 106 2038
f 2038 106 105
f 2038 105 2039
f 2039 105 104
f 2039 104 2040
f 2040 104 103
f 2040 103 2041
f 2041 103 102
f 2041 102 2042
f 2042 102 101
f 2042 101 2043
f 2043 101 100
f 2043 100 2044
f 2044 100 99
f 2044 99 2045
f 2045 99 98
f 2045 98 2046
f 2046 98 97
f 2046 97 2047
f 2047 97 96
f 2047 96 2048
f 2048 96 95
f 2048 95 2049
f 2049 95 94
f 2049 94 2050
f 2050 94 93
f 2050 93 2051
f 2051 93 92
f 2051 92 2052
f 2052 92 91
f 2052 91 2053
f 2053 91 90
f 2053 90 2054
f 2054 90 89
f 2054 89 2055
f 2055 89 88
f 2055 88 2056
f 2056 88 87
f 2056 87 2057
f 2057 87 86
f 2057 86 2058
f 2058 86 85
f 2058 85 2059
f 2059 85 84
f 2059 84 2060
f 2060 84 83
f 2060 83 2061
f 2061 83 82
f 2061 82 2062
f 2062 82 81
f 2062 81 2063
f 2063 81 80
f 2063 80 2064
f 2064 80 79
f 2064 79 2065
f 2065 79 78
f 2065 78 2066
f 2066 78 77
f 2066 77 2067
f 2067 77 76
f 2067 76 2068
f 2068 76 75
f 2068 75 2069
f 2069 75 74
f 2069 74 2070
f 2070 74 73
f 2070 73 2071
f 2071 73 72
f 2071 72 2072
f 2072 72 71
f 2072 71 2073
f 2073 71 70
f 2073 70 2074
f 2074 70 69
f 2074 69 2075
f 2075 69 68
f 2075 68 2076
f 2076 68 67
f 2076 67 2077
f 2077 67 66
f 2077 66 2078
f 2078 66 65
f 2078 65 2079
f 2079 65 64
f 2079 64 2080
f 2080 64 63
f 2080 63 2081
f 2081 63 62
f 2081 62 2082
f 2082 62 61
f 2082 61 2083
f 2083 61 60
f 2083 60 2084
f 2084 60 59
f 2084 59 2085
f 2085 59 58
f 2085 58 2086
f 2086 58 57
f 2086 57 2087
f 2087 57 56
f 2087 56 2088
f 2088 56 55
f 2088 55 2089
f 2089 55 54
f 2089 54 2090
f 2090 54 53
f 2090 53 2091
f 2091 53 52
f 2091 52 2092
f 2092 52 51
f 2092 51 2093
f 2093 51 50
f 2093 50 2094
f 2094 50 49
f 2094 49 2095
f 2095 49 48
f 2095 48 2096
f 2096 48 47
f 2096 47 2097
f 2097 47 46
f 2097 46 2098
f 2098 46 45
f 2098 45 2099
f 2099 45 44
f 2099 44 2100
f 2100 44 43
f 2100 43 2101
f 2101 43 42
f 2101 42 2102
f 2102 42 41
f 2102 41 2103
f 2103 41 40
f 2103 40 2104
f 2104 40 39
f 2104 39 2105
f 2105 39 38
f 2105 38 2106
f 2106 38 37
f 2106 37 2107
f 2107 37 36
f 2107 36 2108
f 2108 36 35
f 2108 35 2109
f 2109 35 34
f 2109 34 2110
f 2110 34 33
f 2110 33 2111
f 2111 33 32
f 2111 32 2112
f 2112 32 31
f 2112 31 2113
f 2113 31 30
f 2113 30 2114
f 2114 30 29
f 2114 29 2115
f 2115 29 28
f 2115 28 2116
f 2116 28 27
f 2116 27 2117
f 2117 27 26
f 2117 26 2118
f 2118 26 25
f 2118 25 2119
f 2119 25 24
f 2119 24 2120
f 2120 24 23
f 2120 23 2121
f 2121 23 22
f 2121 22 2122
f 2122 22 21
f 2122 21 2123
f 2123 21 20
f 2123 20 2124
f 2124 20 19
f 2124 19 1602
f 1602 19 18
f 1602 18 2125
f 2125 18 17
f 2125 17 16
f 2125 16 2126
f 2126 16 15
f 2126 15 2127
f 2127 15 14
f 2127 14 13
f 2128 1616 2129
f 2129 1616 1615
f 2129 1615 2130
f 2130 1615 1614
f 2130 1614 1069
f 2276 2153 2275
f 2275 2153 2152
f 2275 2152 2151
f 2277 2133 2276
f 2276 2133 2132
f 2276 2132 2131
f 2278 2137 2277
f 2277 2137 2136
f 2277 2136 2135
f 2279 2141 2278
f 2278 2141 2140
f 2278 2140 2139
f 2280 2145 2279
f 2279 2145 2144
f 2279 2144 2143
f 2275 2149 2280
f 2280 2149 2148
f 2280 2148 2147
f 2131 2154 2276
f 2276 2154 2153
f 2151 2150 2275
f 2275 2150 2149
f 2147 2146 2280
f 2280 2146 2145
f 2143 2142 2279
f 2279 2142 2141
f 2139 2138 2278
f 2278 2138 2137
f 2135 2134 2277
f 2277 2134 2133
f 2281 2282 2280
f 2280 2282 2275
f 2283 2281 2279
f 2279 2281 2280
f 2284 2283 2278
f 2278 2283 2279
f 2285 2284 2277
f 2277 2284 2278
f 2286 2285 2276
f 2276 2285 2277
f 2282 2286 2275
f 2275 2286 2276
f 2282 2281 2286
f 2286 2281 2283
f 2286 2283 2285
f 2285 2283 2284
