mtllib Porca_Corpo1.mtl
v 0.00210207998752594 0.007848629951477051 0.01
v 0.000707859992980957 0.008094360232353211 0.01
v -0.000707859992980957 0.008094360232353211 0.01
v -0.00210207998752594 0.007848629951477051 0.01
v -0.0011255200207233428 0.008046919703483582 0.00996093988418579
v -0.00013202999718487263 0.00812417984008789 0.009921870231628419
v 0.0008634500205516815 0.008079239726066589 0.00988281011581421
v 0.0018459400534629822 0.007912790179252624 0.00984375
v 0.0028006699681282043 0.0076273101568222045 0.00980468988418579
v 0.003713270127773285 0.00722711980342865 0.009765620231628419
v 0.0045700201392173765 0.006718230247497558 0.00972656011581421
v 0.005358039736747742 0.006108279824256897 0.0096875
v 0.006065459847450256 0.005406460165977478 0.00964843988418579
v 0.006681659817695618 0.004623329937458038 0.009609379768371583
v 0.007197350263595581 0.003770650029182434 0.00957031011581421
v 0.007604789733886719 0.002861259877681732 0.00953125
v 0.007897850275039673 0.0019088399410247803 0.00949218988418579
v 0.00807211995124817 0.0009277000278234482 0.009453120231628418
v 0.008124970197677613 -6.738999858498574e-05 0.009414060115814209
v 0.008055620193481446 -0.0010614699870347976 0.009375
v 0.007865099906921387 -0.0020395800471305846 0.009335939884185792
v 0.007556290030479432 -0.002987009882926941 0.009296879768371583
v 0.007133820056915283 -0.0038895198702812196 0.009257810115814209
v 0.0066040498018264775 -0.004733519852161408 0.00921875
v 0.005974950194358826 -0.005506330132484436 0.009179689884185792
v 0.005255979895591736 -0.006196320056915283 0.009140620231628418
v 0.00445796012878418 -0.006793109774589539 0.009101560115814209
v 0.0035928800702095033 -0.00728771984577179 0.0090625
v 0.0026737698912620545 -0.007672719955444336 0.009023439884185792
v 0.0017144399881362914 -0.007942320108413696 0.008984370231628418
v 0.0007293199747800827 -0.008092449903488159 0.008945310115814209
v -0.0002667699940502644 -0.008120869994163513 0.008906250000000001
v -0.0012588399648666383 -0.008027139902114868 0.008867189884185792
v -0.0022319799661636355 -0.007812680006027221 0.008828120231628418
v -0.0031715500354766845 -0.007480700016021729 0.008789060115814208
v -0.004063419997692108 -0.007036209702491761 0.00875
v -0.004894169867038727 -0.006485890150070191 0.008710939884185791
v -0.0056512999534606935 -0.005838019847869873 0.008671879768371582
v -0.006323440074920654 -0.005102329850196838 0.008632810115814208
v -0.006900460124015809 -0.0042899098992347715 0.00859375
v -0.0073737001419067385 -0.0034129500389099123 0.008554689884185791
v -0.007736030220985413 -0.0024846699833869935 0.008515620231628418
v -0.007982000112533569 -0.001519010066986084 0.00847656011581421
v -0.00810791015625 -0.0005305000022053719 0.0084375
v -0.008111879825592042 0.0004659799858927727 0.008398439884185791
v -0.00799382984638214 0.0014554600417613984 0.008359379768371582
v -0.007755550146102906 0.002423039972782135 0.00832031011581421
v -0.007400619983673096 0.003354179859161377 0.00828125
v -0.0069343698024749755 0.0042348700761795045 0.008242189884185791
v -0.006363829970359803 0.005051869750022888 0.008203129768371582
v -0.005697569847106934 0.005792869925498962 0.00816406011581421
v -0.0049456098675727846 0.006446750164031983 0.008125
v -0.004119270145893097 0.007003669738769531 0.008085939884185791
v -0.0032309699058532715 0.00745523989200592 0.008046879768371581
v -0.0022940699756145476 0.00779466986656189 0.00800781011581421
v -0.0013226599991321565 0.008016870021820069 0.00796875
v -0.00033135998994112016 0.008118489980697632 0.00792968988418579
v 0.0006649199873209 0.008098000288009643 0.007890620231628419
v 0.0016512000560760499 0.007955700159072876 0.00785156011581421
v 0.002612639963626862 0.007693750262260437 0.0078125
v 0.003534789979457855 0.007316070199012757 0.0077734398841857915
v 0.0044037699699401855 0.006828359961509704 0.007734379768371582
v 0.005206519961357117 0.0062379401922225955 0.007695310115814209
v 0.005930950045585632 0.0055536901950836185 0.00765625
v 0.006566179990768433 0.0047859099507331845 0.007617189884185791
v 0.007102649807929993 0.0039461499452590944 0.0075781202316284185
v 0.0075322800874710084 0.003047029972076416 0.007539060115814209
v 0.007848629951477051 0.00210207998752594 0.0075
v 0.008046919703483582 0.0011255200207233428 0.007460939884185791
v 0.00812417984008789 0.00013202999718487263 0.007421879768371582
v 0.008079239726066589 -0.0008634500205516815 0.007382810115814209
v 0.007912790179252624 -0.0018459400534629822 0.0073437500000000005
v 0.0076273101568222045 -0.0028006699681282043 0.007304689884185791
v 0.00722711980342865 -0.003713270127773285 0.007265620231628418
v 0.006718230247497558 -0.0045700201392173765 0.007226560115814209
v 0.006108279824256897 -0.005358039736747742 0.0071875
v 0.005406460165977478 -0.006065459847450256 0.007148439884185791
v 0.004623329937458038 -0.006681659817695618 0.007109379768371582
v 0.003770650029182434 -0.007197350263595581 0.007070310115814209
v 0.002861259877681732 -0.007604789733886719 0.00703125
v 0.0019088399410247803 -0.007897850275039673 0.006992189884185791
v 0.0009277000278234482 -0.00807211995124817 0.006953129768371582
v -6.738999858498574e-05 -0.008124970197677613 0.0069140601158142094
v -0.0010614699870347976 -0.008055620193481446 0.006875
v -0.0020395800471305846 -0.007865099906921387 0.0068359398841857915
v -0.002987009882926941 -0.007556290030479432 0.006796870231628418
v -0.0038895198702812196 -0.007133820056915283 0.006757810115814209
v -0.004733519852161408 -0.0066040498018264775 0.00671875
v -0.005506330132484436 -0.005974950194358826 0.006679689884185791
v -0.006196320056915283 -0.005255979895591736 0.006640620231628418
v -0.006793109774589539 -0.00445796012878418 0.006601560115814209
v -0.00728771984577179 -0.0035928800702095033 0.0065625
v -0.007672719955444336 -0.0026737698912620545 0.006523439884185791
v -0.007942320108413696 -0.0017144399881362914 0.006484379768371582
v -0.008092449903488159 -0.0007293199747800827 0.006445310115814209
v -0.008120869994163513 0.0002667699940502644 0.0064062500000000005
v -0.008027139902114868 0.0012588399648666383 0.006367189884185791
v -0.007812680006027221 0.0022319799661636355 0.006328120231628418
v -0.007480700016021729 0.0031715500354766845 0.006289060115814209
v -0.007036209702491761 0.004063419997692108 0.00625
v -0.006485890150070191 0.004894169867038727 0.006210939884185791
v -0.005838019847869873 0.0056512999534606935 0.006171879768371582
v -0.005102329850196838 0.006323440074920654 0.006132810115814209
v -0.0042899098992347715 0.006900460124015809 0.00609375
v -0.0034129500389099123 0.0073737001419067385 0.006054689884185791
v -0.0024846699833869935 0.007736030220985413 0.006015620231628418
v -0.001519010066986084 0.007982000112533569 0.0059765601158142095
v -0.0005305000022053719 0.00810791015625 0.0059375
v 0.0004659799858927727 0.008111879825592042 0.0058984398841857915
v 0.0014554600417613984 0.00799382984638214 0.005859379768371582
v 0.002423039972782135 0.007755550146102906 0.005820310115814209
v 0.003354179859161377 0.007400619983673096 0.00578125
v 0.0042348700761795045 0.0069343698024749755 0.005742189884185791
v 0.005051869750022888 0.006363829970359803 0.005703129768371582
v 0.005792869925498962 0.005697569847106934 0.005664060115814209
v 0.006446750164031983 0.0049456098675727846 0.005625
v 0.007003669738769531 0.004119270145893097 0.005585939884185791
v 0.00745523989200592 0.0032309699058532715 0.005546879768371582
v 0.00779466986656189 0.0022940699756145476 0.005507810115814209
v 0.008016870021820069 0.0013226599991321565 0.0054687500000000005
v 0.008118489980697632 0.00033135998994112016 0.005429689884185791
v 0.008098000288009643 -0.0006649199873209 0.005390620231628418
v 0.007955700159072876 -0.0016512000560760499 0.005351560115814209
v 0.007693750262260437 -0.002612639963626862 0.0053125
v 0.007316070199012757 -0.003534789979457855 0.005273439884185791
v 0.006828359961509704 -0.0044037699699401855 0.0052343797683715824
v 0.0062379401922225955 -0.005206519961357117 0.005195310115814209
v 0.0055536901950836185 -0.005930950045585632 0.00515625
v 0.0047859099507331845 -0.006566179990768433 0.005117189884185791
v 0.0039461499452590944 -0.007102649807929993 0.005078120231628418
v 0.003047029972076416 -0.0075322800874710084 0.0050390601158142095
v 0.00210207998752594 -0.007848629951477051 0.005
v 0.0011255200207233428 -0.008046919703483582 0.004960939884185791
v 0.00013202999718487263 -0.00812417984008789 0.004921869933605195
v -0.0008634500205516815 -0.008079239726066589 0.004882810115814209
v -0.0018459400534629822 -0.007912790179252624 0.00484375
v -0.0028006699681282043 -0.0076273101568222045 0.004804689884185791
v -0.003713270127773285 -0.00722711980342865 0.0047656199336051945
v -0.0045700201392173765 -0.006718230247497558 0.004726560115814209
v -0.005358039736747742 -0.006108279824256897 0.0046875
v -0.006065459847450256 -0.005406460165977478 0.004648439884185791
v -0.006681659817695618 -0.004623329937458038 0.004609369933605194
v -0.007197350263595581 -0.003770650029182434 0.004570310115814209
v -0.007604789733886719 -0.002861259877681732 0.00453125
v -0.007897850275039673 -0.0019088399410247803 0.004492189884185791
v -0.00807211995124817 -0.0009277000278234482 0.004453119933605194
v -0.008124970197677613 6.738999858498574e-05 0.004414060115814209
v -0.008055620193481446 0.0010614699870347976 0.004375
v -0.007865099906921387 0.0020395800471305846 0.004335939884185791
v -0.007556290030479432 0.002987009882926941 0.004296869933605194
v -0.007133820056915283 0.0038895198702812196 0.004257810115814209
v -0.0066040498018264775 0.004733519852161408 0.00421875
v -0.005974950194358826 0.005506330132484436 0.004179689884185791
v -0.005255979895591736 0.006196320056915283 0.004140619933605194
v -0.00445796012878418 0.006793109774589539 0.004101560115814209
v -0.0035928800702095033 0.00728771984577179 0.0040625
v -0.0026737698912620545 0.007672719955444336 0.004023439884185791
v -0.0017144399881362914 0.007942320108413696 0.003984369933605194
v -0.0007293199747800827 0.008092449903488159 0.003945310115814209
v 0.0002667699940502644 0.008120869994163513 0.00390625
v 0.0012588399648666383 0.008027139902114868 0.003867189884185791
v 0.0022319799661636355 0.007812680006027221 0.003828119933605194
v 0.0031715500354766845 0.007480700016021729 0.0037890601158142093
v 0.004063419997692108 0.007036209702491761 0.00375
v 0.004894169867038727 0.006485890150070191 0.003710939884185791
v 0.0056512999534606935 0.005838019847869873 0.0036718699336051944
v 0.006323440074920654 0.005102329850196838 0.003632810115814209
v 0.006900460124015809 0.0042899098992347715 0.00359375
v 0.0073737001419067385 0.0034129500389099123 0.003554689884185791
v 0.007736030220985413 0.0024846699833869935 0.0035156199336051942
v 0.007982000112533569 0.001519010066986084 0.003476560115814209
v 0.00810791015625 0.0005305000022053719 0.0034375
v 0.008111879825592042 -0.0004659799858927727 0.003398439884185791
v 0.00799382984638214 -0.0014554600417613984 0.003359369933605194
v 0.007755550146102906 -0.002423039972782135 0.003320310115814209
v 0.007400619983673096 -0.003354179859161377 0.00328125
v 0.0069343698024749755 -0.0042348700761795045 0.003242189884185791
v 0.006363829970359803 -0.005051869750022888 0.003203119933605194
v 0.005697569847106934 -0.005792869925498962 0.003164060115814209
v 0.0049456098675727846 -0.006446750164031983 0.003125
v 0.004119270145893097 -0.007003669738769531 0.003085939884185791
v 0.0032309699058532715 -0.00745523989200592 0.0030468699336051942
v 0.0022940699756145476 -0.00779466986656189 0.003007810115814209
v 0.0013226599991321565 -0.008016870021820069 0.00296875
v 0.00033135998994112016 -0.008118489980697632 0.002929689884185791
v -0.0006649199873209 -0.008098000288009643 0.002890619933605194
v -0.0016512000560760499 -0.007955700159072876 0.002851560115814209
v -0.002612639963626862 -0.007693750262260437 0.0028125
v -0.003534789979457855 -0.007316070199012757 0.002773439884185791
v -0.0044037699699401855 -0.006828359961509704 0.002734369933605194
v -0.005206519961357117 -0.0062379401922225955 0.002695310115814209
v -0.005930950045585632 -0.0055536901950836185 0.00265625
v -0.006566179990768433 -0.0047859099507331845 0.0026171898841857912
v -0.007102649807929993 -0.0039461499452590944 0.002578130066394806
v -0.0075322800874710084 -0.003047029972076416 0.002539060115814209
v -0.007848629951477051 -0.00210207998752594 0.0025
v -0.008046919703483582 -0.0011255200207233428 0.002460940033197403
v -0.00812417984008789 -0.00013202999718487263 0.002421869933605194
v -0.008079239726066589 0.0008634500205516815 0.0023828099668025972
v -0.007912790179252624 0.0018459400534629822 0.00234375
v -0.0076273101568222045 0.0028006699681282043 0.002304690033197403
v -0.00722711980342865 0.003713270127773285 0.002265630066394806
v -0.006718230247497558 0.0045700201392173765 0.002226559966802597
v -0.006108279824256897 0.005358039736747742 0.0021875
v -0.005406460165977478 0.006065459847450256 0.002148440033197403
v -0.004623329937458038 0.006681659817695618 0.0021093699336051943
v -0.003770650029182434 0.007197350263595581 0.002070309966802597
v -0.002861259877681732 0.007604789733886719 0.00203125
v -0.0019088399410247803 0.007897850275039673 0.001992190033197403
v -0.0009277000278234482 0.00807211995124817 0.0019531199336051941
v 6.738999858498574e-05 0.008124970197677613 0.001914059966802597
v 0.0010614699870347976 0.008055620193481446 0.001875
v 0.0020395800471305846 0.007865099906921387 0.001835940033197403
v 0.002987009882926941 0.007556290030479432 0.0017968699336051942
v 0.0038895198702812196 0.007133820056915283 0.0017578099668025971
v 0.004733519852161408 0.0066040498018264775 0.00171875
v 0.005506330132484436 0.005974950194358826 0.001679690033197403
v 0.006196320056915283 0.005255979895591736 0.001640619933605194
v 0.006793109774589539 0.00445796012878418 0.001601559966802597
v 0.00728771984577179 0.0035928800702095033 0.0015625
v 0.007672719955444336 0.0026737698912620545 0.001523440033197403
v 0.007942320108413696 0.0017144399881362914 0.0014843699336051942
v 0.008092449903488159 0.0007293199747800827 0.001445309966802597
v 0.008120869994163513 -0.0002667699940502644 0.00140625
v 0.008027139902114868 -0.0012588399648666383 0.001367190033197403
v 0.007812680006027221 -0.0022319799661636355 0.001328119933605194
v 0.007480700016021729 -0.0031715500354766845 0.0012890599668025971
v 0.007036209702491761 -0.004063419997692108 0.00125
v 0.006485890150070191 -0.004894169867038727 0.001210940033197403
v 0.005838019847869873 -0.0056512999534606935 0.0011718700081110001
v 0.005102329850196838 -0.006323440074920654 0.001132809966802597
v 0.0042899098992347715 -0.006900460124015809 0.00109375
v 0.0034129500389099123 -0.0073737001419067385 0.001054690033197403
v 0.0024846699833869935 -0.007736030220985413 0.001015620008111
v 0.001519010066986084 -0.007982000112533569 0.0009765599668025971
v 0.0005305000022053719 -0.00810791015625 0.0009375
v -0.0004659799858927727 -0.008111879825592042 0.000898440033197403
v -0.0014554600417613984 -0.00799382984638214 0.0008593700081110001
v -0.002423039972782135 -0.007755550146102906 0.000820309966802597
v -0.003354179859161377 -0.007400619983673096 0.00078125
v -0.0042348700761795045 -0.0069343698024749755 0.0007421900331974029
v -0.005051869750022888 -0.006363829970359803 0.000703120008111
v -0.005792869925498962 -0.005697569847106934 0.000664059966802597
v -0.006446750164031983 -0.0049456098675727846 0.000625
v -0.007003669738769531 -0.004119270145893097 0.0005859399959445
v -0.00745523989200592 -0.0032309699058532715 0.0005468700081110001
v -0.00779466986656189 -0.0022940699756145476 0.0005078100040555
v -0.008016870021820069 -0.0013226599991321565 0.00046875
v -0.008118489980697632 -0.00033135998994112016 0.00042968999594449997
v -0.008098000288009643 0.0006649199873209 0.0003906200081110001
v -0.007955700159072876 0.0016512000560760499 0.0003515600040555
v -0.007693750262260437 0.002612639963626862 0.0003125
v -0.007316070199012757 0.003534789979457855 0.0002734399959445
v -0.006828359961509704 0.0044037699699401855 0.00023437000811100007
v -0.0062379401922225955 0.005206519961357117 0.00019531000405550005
v -0.0055536901950836185 0.005930950045585632 0.00015625
v -0.0047859099507331845 0.006566179990768433 0.00011718999594449997
v -0.0039461499452590944 0.007102649807929993 7.811999879777432e-05
v -0.003047029972076416 0.0075322800874710084 3.905999939888716e-05
v -0.00210207998752594 0.007848629951477051 0.0
v -0.000707859992980957 0.008094360232353211 0.0
v 0.000707859992980957 0.008094360232353211 0.0
v 0.00210207998752594 0.007848629951477051 0.0
v 0.0011255200207233428 0.008046919703483582 3.905999939888716e-05
v 0.00013202999718487263 0.00812417984008789 7.811999879777432e-05
v -0.0008634500205516815 0.008079239726066589 0.00011718999594449997
v -0.0018459400534629822 0.007912790179252624 0.00015625
v -0.0028006699681282043 0.0076273101568222045 0.00019531000405550005
v -0.003713270127773285 0.00722711980342865 0.00023437000811100007
v -0.0045700201392173765 0.006718230247497558 0.0002734399959445
v -0.005358039736747742 0.006108279824256897 0.0003125
v -0.006065459847450256 0.005406460165977478 0.0003515600040555
v -0.006681659817695618 0.004623329937458038 0.0003906200081110001
v -0.007197350263595581 0.003770650029182434 0.00042968999594449997
v -0.007604789733886719 0.002861259877681732 0.00046875
v -0.007897850275039673 0.0019088399410247803 0.0005078100040555
v -0.00807211995124817 0.0009277000278234482 0.0005468700081110001
v -0.008124970197677613 -6.738999858498574e-05 0.0005859399959445
v -0.008055620193481446 -0.0010614699870347976 0.000625
v -0.007865099906921387 -0.0020395800471305846 0.000664059966802597
v -0.007556290030479432 -0.002987009882926941 0.000703120008111
v -0.007133820056915283 -0.0038895198702812196 0.0007421900331974029
v -0.0066040498018264775 -0.004733519852161408 0.00078125
v -0.005974950194358826 -0.005506330132484436 0.000820309966802597
v -0.005255979895591736 -0.006196320056915283 0.0008593700081110001
v -0.00445796012878418 -0.006793109774589539 0.000898440033197403
v -0.0035928800702095033 -0.00728771984577179 0.0009375
v -0.0026737698912620545 -0.007672719955444336 0.0009765599668025971
v -0.0017144399881362914 -0.007942320108413696 0.001015620008111
v -0.0007293199747800827 -0.008092449903488159 0.001054690033197403
v 0.0002667699940502644 -0.008120869994163513 0.00109375
v 0.0012588399648666383 -0.008027139902114868 0.001132809966802597
v 0.0022319799661636355 -0.007812680006027221 0.0011718700081110001
v 0.0031715500354766845 -0.007480700016021729 0.001210940033197403
v 0.004063419997692108 -0.007036209702491761 0.00125
v 0.004894169867038727 -0.006485890150070191 0.0012890599668025971
v 0.0056512999534606935 -0.005838019847869873 0.001328119933605194
v 0.006323440074920654 -0.005102329850196838 0.001367190033197403
v 0.006900460124015809 -0.0042899098992347715 0.00140625
v 0.0073737001419067385 -0.0034129500389099123 0.001445309966802597
v 0.007736030220985413 -0.0024846699833869935 0.0014843699336051942
v 0.007982000112533569 -0.001519010066986084 0.001523440033197403
v 0.00810791015625 -0.0005305000022053719 0.0015625
v 0.008111879825592042 0.0004659799858927727 0.001601559966802597
v 0.00799382984638214 0.0014554600417613984 0.001640619933605194
v 0.007755550146102906 0.002423039972782135 0.001679690033197403
v 0.007400619983673096 0.003354179859161377 0.00171875
v 0.0069343698024749755 0.0042348700761795045 0.0017578099668025971
v 0.006363829970359803 0.005051869750022888 0.0017968699336051942
v 0.005697569847106934 0.005792869925498962 0.001835940033197403
v 0.0049456098675727846 0.006446750164031983 0.001875
v 0.004119270145893097 0.007003669738769531 0.001914059966802597
v 0.0032309699058532715 0.00745523989200592 0.0019531199336051941
v 0.0022940699756145476 0.00779466986656189 0.001992190033197403
v 0.0013226599991321565 0.008016870021820069 0.00203125
v 0.00033135998994112016 0.008118489980697632 0.002070309966802597
v -0.0006649199873209 0.008098000288009643 0.0021093699336051943
v -0.0016512000560760499 0.007955700159072876 0.002148440033197403
v -0.002612639963626862 0.007693750262260437 0.0021875
v -0.003534789979457855 0.007316070199012757 0.002226559966802597
v -0.0044037699699401855 0.006828359961509704 0.002265619933605194
v -0.005206519961357117 0.0062379401922225955 0.002304690033197403
v -0.005930950045585632 0.0055536901950836185 0.00234375
v -0.006566179990768433 0.0047859099507331845 0.0023828099668025972
v -0.007102649807929993 0.0039461499452590944 0.002421869933605194
v -0.0075322800874710084 0.003047029972076416 0.002460940033197403
v -0.007848629951477051 0.00210207998752594 0.0025
v -0.008046919703483582 0.0011255200207233428 0.002539060115814209
v -0.00812417984008789 0.00013202999718487263 0.0025781199336051943
v -0.008079239726066589 -0.0008634500205516815 0.0026171898841857912
v -0.007912790179252624 -0.0018459400534629822 0.00265625
v -0.0076273101568222045 -0.0028006699681282043 0.002695310115814209
v -0.00722711980342865 -0.003713270127773285 0.002734369933605194
v -0.006718230247497558 -0.0045700201392173765 0.002773439884185791
v -0.006108279824256897 -0.005358039736747742 0.0028125
v -0.005406460165977478 -0.006065459847450256 0.002851560115814209
v -0.004623329937458038 -0.006681659817695618 0.002890619933605194
v -0.003770650029182434 -0.007197350263595581 0.002929689884185791
v -0.002861259877681732 -0.007604789733886719 0.00296875
v -0.0019088399410247803 -0.007897850275039673 0.003007810115814209
v -0.0009277000278234482 -0.00807211995124817 0.0030468699336051942
v 6.738999858498574e-05 -0.008124970197677613 0.003085939884185791
v 0.0010614699870347976 -0.008055620193481446 0.003125
v 0.0020395800471305846 -0.007865099906921387 0.003164060115814209
v 0.002987009882926941 -0.007556290030479432 0.003203119933605194
v 0.0038895198702812196 -0.007133820056915283 0.003242189884185791
v 0.004733519852161408 -0.0066040498018264775 0.00328125
v 0.005506330132484436 -0.005974950194358826 0.003320310115814209
v 0.006196320056915283 -0.005255979895591736 0.003359369933605194
v 0.006793109774589539 -0.00445796012878418 0.003398439884185791
v 0.00728771984577179 -0.0035928800702095033 0.0034375
v 0.007672719955444336 -0.0026737698912620545 0.003476560115814209
v 0.007942320108413696 -0.0017144399881362914 0.0035156199336051942
v 0.008092449903488159 -0.0007293199747800827 0.003554689884185791
v 0.008120869994163513 0.0002667699940502644 0.00359375
v 0.008027139902114868 0.0012588399648666383 0.003632810115814209
v 0.007812680006027221 0.0022319799661636355 0.0036718699336051944
v 0.007480700016021729 0.0031715500354766845 0.003710939884185791
v 0.007036209702491761 0.004063419997692108 0.00375
v 0.006485890150070191 0.004894169867038727 0.0037890601158142093
v 0.005838019847869873 0.0056512999534606935 0.003828119933605194
v 0.005102329850196838 0.006323440074920654 0.003867189884185791
v 0.0042899098992347715 0.006900460124015809 0.00390625
v 0.0034129500389099123 0.0073737001419067385 0.003945310115814209
v 0.0024846699833869935 0.007736030220985413 0.003984369933605194
v 0.001519010066986084 0.007982000112533569 0.004023439884185791
v 0.0005305000022053719 0.00810791015625 0.0040625
v -0.0004659799858927727 0.008111879825592042 0.004101560115814209
v -0.0014554600417613984 0.00799382984638214 0.004140619933605194
v -0.002423039972782135 0.007755550146102906 0.004179689884185791
v -0.003354179859161377 0.007400619983673096 0.00421875
v -0.0042348700761795045 0.0069343698024749755 0.004257810115814209
v -0.005051869750022888 0.006363829970359803 0.004296869933605194
v -0.005792869925498962 0.005697569847106934 0.004335939884185791
v -0.006446750164031983 0.0049456098675727846 0.004375
v -0.007003669738769531 0.004119270145893097 0.004414060115814209
v -0.00745523989200592 0.0032309699058532715 0.004453119933605194
v -0.00779466986656189 0.0022940699756145476 0.004492189884185791
v -0.008016870021820069 0.0013226599991321565 0.00453125
v -0.008118489980697632 0.00033135998994112016 0.004570310115814209
v -0.008098000288009643 -0.0006649199873209 0.004609369933605194
v -0.007955700159072876 -0.0016512000560760499 0.004648439884185791
v -0.007693750262260437 -0.002612639963626862 0.0046875
v -0.007316070199012757 -0.003534789979457855 0.004726560115814209
v -0.006828359961509704 -0.0044037699699401855 0.0047656199336051945
v -0.0062379401922225955 -0.005206519961357117 0.004804689884185791
v -0.0055536901950836185 -0.005930950045585632 0.00484375
v -0.0047859099507331845 -0.006566179990768433 0.004882810115814209
v -0.0039461499452590944 -0.007102649807929993 0.004921869933605195
v -0.003047029972076416 -0.0075322800874710084 0.004960939884185791
v -0.00210207998752594 -0.007848629951477051 0.005
v -0.0011255200207233428 -0.008046919703483582 0.0050390601158142095
v -0.00013202999718487263 -0.00812417984008789 0.005078120231628418
v 0.0008634500205516815 -0.008079239726066589 0.005117189884185791
v 0.0018459400534629822 -0.007912790179252624 0.00515625
v 0.0028006699681282043 -0.0076273101568222045 0.005195310115814209
v 0.003713270127773285 -0.00722711980342865 0.005234370231628418
v 0.0045700201392173765 -0.006718230247497558 0.005273439884185791
v 0.005358039736747742 -0.006108279824256897 0.0053125
v 0.006065459847450256 -0.005406460165977478 0.005351560115814209
v 0.006681659817695618 -0.004623329937458038 0.005390620231628418
v 0.007197350263595581 -0.003770650029182434 0.005429689884185791
v 0.007604789733886719 -0.002861259877681732 0.0054687500000000005
v 0.007897850275039673 -0.0019088399410247803 0.005507810115814209
v 0.00807211995124817 -0.0009277000278234482 0.0055468702316284185
v 0.008124970197677613 6.738999858498574e-05 0.005585939884185791
v 0.008055620193481446 0.0010614699870347976 0.005625
v 0.007865099906921387 0.0020395800471305846 0.005664060115814209
v 0.007556290030479432 0.002987009882926941 0.005703120231628418
v 0.007133820056915283 0.0038895198702812196 0.005742189884185791
v 0.0066040498018264775 0.004733519852161408 0.00578125
v 0.005974950194358826 0.005506330132484436 0.005820310115814209
v 0.005255979895591736 0.006196320056915283 0.005859370231628418
v 0.00445796012878418 0.006793109774589539 0.0058984398841857915
v 0.0035928800702095033 0.00728771984577179 0.0059375
v 0.0026737698912620545 0.007672719955444336 0.0059765601158142095
v 0.0017144399881362914 0.007942320108413696 0.006015620231628418
v 0.0007293199747800827 0.008092449903488159 0.006054689884185791
v -0.0002667699940502644 0.008120869994163513 0.00609375
v -0.0012588399648666383 0.008027139902114868 0.006132810115814209
v -0.0022319799661636355 0.007812680006027221 0.006171870231628418
v -0.0031715500354766845 0.007480700016021729 0.006210939884185791
v -0.004063419997692108 0.007036209702491761 0.00625
v -0.004894169867038727 0.006485890150070191 0.006289060115814209
v -0.0056512999534606935 0.005838019847869873 0.006328120231628418
v -0.006323440074920654 0.005102329850196838 0.006367189884185791
v -0.006900460124015809 0.0042899098992347715 0.0064062500000000005
v -0.0073737001419067385 0.0034129500389099123 0.006445310115814209
v -0.007736030220985413 0.0024846699833869935 0.006484379768371582
v -0.007982000112533569 0.001519010066986084 0.006523439884185791
v -0.00810791015625 0.0005305000022053719 0.0065625
v -0.008111879825592042 -0.0004659799858927727 0.006601560115814209
v -0.00799382984638214 -0.0014554600417613984 0.006640620231628418
v -0.007755550146102906 -0.002423039972782135 0.006679689884185791
v -0.007400619983673096 -0.003354179859161377 0.00671875
v -0.0069343698024749755 -0.0042348700761795045 0.006757810115814209
v -0.006363829970359803 -0.005051869750022888 0.006796870231628418
v -0.005697569847106934 -0.005792869925498962 0.0068359398841857915
v -0.0049456098675727846 -0.006446750164031983 0.006875
v -0.004119270145893097 -0.007003669738769531 0.0069140601158142094
v -0.0032309699058532715 -0.00745523989200592 0.006953120231628418
v -0.0022940699756145476 -0.00779466986656189 0.006992189884185791
v -0.0013226599991321565 -0.008016870021820069 0.00703125
v -0.00033135998994112016 -0.008118489980697632 0.007070310115814209
v 0.0006649199873209 -0.008098000288009643 0.007109370231628418
v 0.0016512000560760499 -0.007955700159072876 0.007148439884185791
v 0.002612639963626862 -0.007693750262260437 0.0071875
v 0.003534789979457855 -0.007316070199012757 0.007226560115814209
v 0.0044037699699401855 -0.006828359961509704 0.007265620231628418
v 0.005206519961357117 -0.0062379401922225955 0.007304689884185791
v 0.005930950045585632 -0.0055536901950836185 0.0073437500000000005
v 0.006566179990768433 -0.0047859099507331845 0.007382810115814209
v 0.007102649807929993 -0.0039461499452590944 0.007421870231628418
v 0.0075322800874710084 -0.003047029972076416 0.007460939884185791
v 0.007848629951477051 -0.00210207998752594 0.0075
v 0.008046919703483582 -0.0011255200207233428 0.007539060115814209
v 0.00812417984008789 -0.00013202999718487263 0.0075781202316284185
v 0.008079239726066589 0.0008634500205516815 0.007617189884185791
v 0.007912790179252624 0.0018459400534629822 0.00765625
v 0.0076273101568222045 0.0028006699681282043 0.007695310115814209
v 0.00722711980342865 0.003713270127773285 0.007734379768371582
v 0.006718230247497558 0.0045700201392173765 0.0077734398841857915
v 0.006108279824256897 0.005358039736747742 0.0078125
v 0.005406460165977478 0.006065459847450256 0.00785156011581421
v 0.004623329937458038 0.006681659817695618 0.007890620231628419
v 0.003770650029182434 0.007197350263595581 0.00792968988418579
v 0.002861259877681732 0.007604789733886719 0.00796875
v 0.0019088399410247803 0.007897850275039673 0.00800781011581421
v 0.0009277000278234482 0.00807211995124817 0.008046870231628419
v -6.738999858498574e-05 0.008124970197677613 0.008085939884185791
v -0.0010614699870347976 0.008055620193481446 0.008125
v -0.0020395800471305846 0.007865099906921387 0.00816406011581421
v -0.002987009882926941 0.007556290030479432 0.008203120231628417
v -0.0038895198702812196 0.007133820056915283 0.008242189884185791
v -0.004733519852161408 0.0066040498018264775 0.00828125
v -0.005506330132484436 0.005974950194358826 0.00832031011581421
v -0.006196320056915283 0.005255979895591736 0.008359370231628417
v -0.006793109774589539 0.00445796012878418 0.008398439884185791
v -0.00728771984577179 0.0035928800702095033 0.0084375
v -0.007672719955444336 0.0026737698912620545 0.00847656011581421
v -0.007942320108413696 0.0017144399881362914 0.008515620231628418
v -0.008092449903488159 0.0007293199747800827 0.008554689884185791
v -0.008120869994163513 -0.0002667699940502644 0.00859375
v -0.008027139902114868 -0.0012588399648666383 0.008632810115814208
v -0.007812680006027221 -0.0022319799661636355 0.008671879768371582
v -0.007480700016021729 -0.0031715500354766845 0.008710939884185791
v -0.007036209702491761 -0.004063419997692108 0.00875
v -0.006485890150070191 -0.004894169867038727 0.008789060115814208
v -0.005838019847869873 -0.0056512999534606935 0.008828120231628418
v -0.005102329850196838 -0.006323440074920654 0.008867189884185792
v -0.0042899098992347715 -0.006900460124015809 0.008906250000000001
v -0.0034129500389099123 -0.0073737001419067385 0.008945310115814209
v -0.0024846699833869935 -0.007736030220985413 0.008984379768371582
v -0.001519010066986084 -0.007982000112533569 0.009023439884185792
v -0.0005305000022053719 -0.00810791015625 0.0090625
v 0.0004659799858927727 -0.008111879825592042 0.009101560115814209
v 0.0014554600417613984 -0.00799382984638214 0.009140620231628418
v 0.002423039972782135 -0.007755550146102906 0.009179689884185792
v 0.003354179859161377 -0.007400619983673096 0.00921875
v 0.0042348700761795045 -0.0069343698024749755 0.009257810115814209
v 0.005051869750022888 -0.006363829970359803 0.009296870231628418
v 0.005792869925498962 -0.005697569847106934 0.009335939884185792
v 0.006446750164031983 -0.0049456098675727846 0.009375
v 0.007003669738769531 -0.004119270145893097 0.009414060115814209
v 0.00745523989200592 -0.0032309699058532715 0.009453120231628418
v 0.00779466986656189 -0.0022940699756145476 0.00949218988418579
v 0.008016870021820069 -0.0013226599991321565 0.00953125
v 0.008118489980697632 -0.00033135998994112016 0.00957031011581421
v 0.008098000288009643 0.0006649199873209 0.009609370231628419
v 0.007955700159072876 0.0016512000560760499 0.00964843988418579
v 0.007693750262260437 0.002612639963626862 0.0096875
v 0.007316070199012757 0.003534789979457855 0.00972656011581421
v 0.006828359961509704 0.0044037699699401855 0.009765620231628419
v 0.0062379401922225955 0.005206519961357117 0.00980468988418579
v 0.0055536901950836185 0.005930950045585632 0.00984375
v 0.0047859099507331845 0.006566179990768433 0.00988281011581421
v 0.0039461499452590944 0.007102649807929993 0.009921879768371581
v 0.003047029972076416 0.0075322800874710084 0.00996093988418579
v 0.005310369729995728 -0.0045779401063919065 0.01
v 0.005943130254745484 -0.0038588398694992068 0.01
v 0.006473010182380676 -0.003060370087623596 0.01
v 0.006890990138053894 -0.0021986000239849093 0.01
v 0.007191219925880433 -0.0012885600328445435 0.01
v 0.007369080185890198 -0.00034965001046657565 0.01
v 0.007423719763755799 0.0006046999990940094 0.01
v 0.007354999780654907 0.0015608499944210052 0.01
v 0.007165470123291016 0.002498150020837784 0.01
v 0.006859200000762939 0.0034042000770568848 0.01
v 0.006440709829330445 0.004267329871654511 0.01
v 0.005919529795646667 0.005070059895515442 0.01
v 0.005303869843482971 0.005802429914474487 0.01
v 0.004601399898529053 0.006456210017204284 0.01
v 0.003826189935207367 0.00701928973197937 0.01
v 0.002989960014820099 0.0074848997592926025 0.01
v 0.002990649938583374 0.007484570145606995 0.0
v 0.0038294199109077456 0.0070172202587127685 0.0
v 0.004605849981307983 0.006452530026435852 0.0
v 0.005308169722557068 0.005797899961471557 0.0
v 0.0059242802858352666 0.005063629746437073 0.0
v 0.006444309949874878 0.004260959923267364 0.0
v 0.006861469745635986 0.0033986300230026247 0.0
v 0.007167549729347229 0.002490379959344864 0.0
v 0.0073560398817062375 0.0015532900393009186 0.0
v 0.00742376983165741 0.0005986100062727928 0.0
v 0.007368080019950866 -0.00035773001611232757 0.0
v 0.007189270257949829 -0.0012961100041866303 0.0
v 0.006888740062713623 -0.0022041499614715576 0.0
v 0.006470339894294739 -0.003065060079097748 0.0
v 0.00594211995601654 -0.0038601699471473693 0.0
v 0.005310369729995728 -0.0045779401063919065 0.0
v 0.0058308297395706175 -0.0038934698700904846 3.905999939888716e-05
v 0.006263579726219178 -0.0031504300236701965 7.811999879777432e-05
v 0.00660211980342865 -0.0023600099980831146 0.00011718999594449997
v 0.006841359734535217 -0.001534090042114258 0.00015625
v 0.006977699995040894 -0.0006851000338792801 0.00019531000405550005
v 0.0070090901851654055 0.00017419999465346337 0.00023437000811100007
v 0.006935049891471863 0.0010308700054883957 0.0002734399959445
v 0.006756709814071655 0.0018720500171184541 0.0003125
v 0.006476730108261108 0.002685059905052185 0.0003515600040555
v 0.006099349856376648 0.0034576898813247683 0.0003906200081110001
v 0.005630220174789429 0.004178310036659241 0.00042968999594449997
v 0.005076410174369812 0.004836089909076691 0.00046875
v 0.0044462400674819946 0.0054211199283599855 0.0005078100040555
v 0.0037492001056671142 0.005924620032310486 0.000546879991889
v 0.00299576997756958 0.006339010000228882 0.0005859399959445
v 0.002197279930114746 0.006658049821853638 0.000625
v 0.0013657300174236297 0.006876950263977051 0.000664059966802597
v 0.0005136499926447868 0.006992409825325012 0.000703120008111
v -0.00034616000950336455 0.0070026999711990355 0.0007421900331974029
v -0.001200760006904602 0.006907659769058228 0.00078125
v -0.0020373000204563143 0.006708729863166809 0.000820309966802597
v -0.002843199968338013 0.006408889889717102 0.0008593700081110001
v -0.0036063298583030702 0.00601265013217926 0.000898440033197403
v -0.00431522011756897 0.005525979995727539 0.0009375
v -0.004959209859371185 0.0049561899900436406 0.0009765599668025971
v -0.00552860975265503 0.004311859905719757 0.001015620008111
v -0.00601485013961792 0.003602670133113861 0.001054690033197403
v -0.006410620212554932 0.002839300036430359 0.00109375
v -0.006709970235824585 0.002033219933509827 0.001132809966802597
v -0.006908389925956726 0.0011965499818325043 0.001171879991889
v -0.007002909779548645 0.0003418900072574616 0.001210940033197403
v -0.00699209988117218 -0.00051791001111269 0.00125
v -0.0068761098384857175 -0.001369919925928116 0.0012890599668025971
v -0.006656709909439087 -0.002201330065727234 0.001328119933605194
v -0.006337180137634278 -0.0029996201395988465 0.001367190033197403
v -0.005922340154647827 -0.003752799928188324 0.00140625
v -0.00541841983795166 -0.004449540078639984 0.001445309966802597
v -0.004833000004291535 -0.005079349875450135 0.0014843699336051942
v -0.004174880087375641 -0.005632759928703308 0.001523440033197403
v -0.0034539800882339476 -0.006101449728012085 0.0015625
v -0.002681120038032532 -0.00647836983203888 0.001601559966802597
v -0.001867929995059967 -0.006757839918136597 0.001640619933605194
v -0.001026649996638298 -0.006935679912567139 0.001679690033197403
v -0.00016992999240756035 -0.00700918972492218 0.00171875
v 0.0006893499940633774 -0.006977279782295227 0.0017578099668025971
v 0.0015382599830627442 -0.006840419769287109 0.0017968699336051942
v 0.0023640300333499908 -0.006600679755210876 0.001835940033197403
v 0.0031542399525642394 -0.006261659860610962 0.001875
v 0.003897019922733307 -0.005828459858894348 0.001914059966802597
v 0.004581170082092285 -0.005307589769363403 0.0019531199336051941
v 0.005196430087089539 -0.004706889986991882 0.001992190033197403
v 0.005733519792556763 -0.004035390019416809 0.00203125
v 0.006184380054473877 -0.0033032000064849854 0.002070309966802597
v 0.00654220998287201 -0.0025213199853897097 0.002109380066394806
v 0.0068016499280929565 -0.0017015300691127777 0.002148440033197403
v 0.0069587802886962894 -0.0008561299741268158 0.0021875
v 0.007011250257492066 2.1300000662449746e-06 0.002226559966802597
v 0.0069582599401474 0.0008603700250387192 0.002265619933605194
v 0.006800609827041626 0.0017056599259376527 0.002304690033197403
v 0.0065406799316406255 0.002525300085544586 0.00234375
v 0.0061823600530624395 0.003306959867477417 0.0023828099668025972
v 0.005731059908866882 0.004038879871368408 0.002421880066394806
v 0.005193560123443603 0.00471004992723465 0.002460940033197403
v 0.0045779401063919065 0.005310369729995728 0.0025
v 0.0038934698700904846 0.0058308297395706175 0.002539060115814209
v 0.0031504300236701965 0.006263579726219178 0.0025781199336051943
v 0.0023600099980831146 0.00660211980342865 0.0026171898841857912
v 0.001534090042114258 0.006841359734535217 0.00265625
v 0.0006851000338792801 0.006977699995040894 0.002695310115814209
v -0.00017419999465346337 0.0070090901851654055 0.002734369933605194
v -0.0010308700054883957 0.006935049891471863 0.002773439884185791
v -0.0018720500171184541 0.006756709814071655 0.0028125
v -0.002685059905052185 0.006476730108261108 0.002851560115814209
v -0.0034576898813247683 0.006099349856376648 0.002890619933605194
v -0.004178310036659241 0.005630220174789429 0.002929689884185791
v -0.004836089909076691 0.005076410174369812 0.00296875
v -0.0054211199283599855 0.0044462400674819946 0.003007810115814209
v -0.005924620032310486 0.0037492001056671142 0.0030468699336051942
v -0.006339010000228882 0.00299576997756958 0.003085939884185791
v -0.006658049821853638 0.002197279930114746 0.003125
v -0.006876950263977051 0.0013657300174236297 0.003164060115814209
v -0.006992409825325012 0.0005136499926447868 0.003203119933605194
v -0.0070026999711990355 -0.00034616000950336455 0.003242189884185791
v -0.006907659769058228 -0.001200760006904602 0.00328125
v -0.006708729863166809 -0.0020373000204563143 0.003320310115814209
v -0.006408889889717102 -0.002843199968338013 0.003359369933605194
v -0.00601265013217926 -0.0036063298583030702 0.003398439884185791
v -0.005525979995727539 -0.00431522011756897 0.0034375
v -0.0049561899900436406 -0.004959209859371185 0.003476560115814209
v -0.004311859905719757 -0.00552860975265503 0.0035156199336051942
v -0.003602670133113861 -0.00601485013961792 0.003554689884185791
v -0.002839300036430359 -0.006410620212554932 0.00359375
v -0.002033219933509827 -0.006709970235824585 0.003632810115814209
v -0.0011965499818325043 -0.006908389925956726 0.0036718699336051944
v -0.0003418900072574616 -0.007002909779548645 0.003710939884185791
v 0.00051791001111269 -0.00699209988117218 0.00375
v 0.001369919925928116 -0.0068761098384857175 0.0037890601158142093
v 0.002201330065727234 -0.006656709909439087 0.003828119933605194
v 0.0029996201395988465 -0.006337180137634278 0.003867189884185791
v 0.003752799928188324 -0.005922340154647827 0.00390625
v 0.004449540078639984 -0.00541841983795166 0.003945310115814209
v 0.005079349875450135 -0.004833000004291535 0.003984369933605194
v 0.005632759928703308 -0.004174880087375641 0.004023439884185791
v 0.006101449728012085 -0.0034539800882339476 0.0040625
v 0.00647836983203888 -0.002681120038032532 0.004101560115814209
v 0.006757839918136597 -0.001867929995059967 0.004140619933605194
v 0.006935679912567139 -0.001026649996638298 0.004179689884185791
v 0.00700918972492218 -0.00016992999240756035 0.00421875
v 0.006977279782295227 0.0006893499940633774 0.004257810115814209
v 0.006840419769287109 0.0015382599830627442 0.004296869933605194
v 0.006600679755210876 0.0023640300333499908 0.004335939884185791
v 0.006261659860610962 0.0031542399525642394 0.004375
v 0.005828459858894348 0.003897019922733307 0.004414060115814209
v 0.005307589769363403 0.004581170082092285 0.004453119933605194
v 0.004706889986991882 0.005196430087089539 0.004492189884185791
v 0.004035390019416809 0.005733519792556763 0.00453125
v 0.0033032000064849854 0.006184380054473877 0.004570310115814209
v 0.0025213199853897097 0.00654220998287201 0.004609369933605194
v 0.0017015300691127777 0.0068016499280929565 0.004648439884185791
v 0.0008561299741268158 0.0069587802886962894 0.0046875
v -2.1300000662449746e-06 0.007011250257492066 0.004726560115814209
v -0.0008603700250387192 0.0069582599401474 0.0047656199336051945
v -0.0017056599259376527 0.006800609827041626 0.004804689884185791
v -0.002525300085544586 0.0065406799316406255 0.00484375
v -0.003306959867477417 0.0061823600530624395 0.004882810115814209
v -0.004038879871368408 0.005731059908866882 0.004921869933605195
v -0.00471004992723465 0.005193560123443603 0.004960939884185791
v -0.005310369729995728 0.0045779401063919065 0.005
v -0.0058308297395706175 0.0038934698700904846 0.0050390601158142095
v -0.006263579726219178 0.0031504300236701965 0.005078120231628418
v -0.00660211980342865 0.0023600099980831146 0.005117189884185791
v -0.006841359734535217 0.001534090042114258 0.00515625
v -0.006977699995040894 0.0006851000338792801 0.005195310115814209
v -0.0070090901851654055 -0.00017419999465346337 0.0052343797683715824
v -0.006935049891471863 -0.0010308700054883957 0.005273439884185791
v -0.006756709814071655 -0.0018720500171184541 0.0053125
v -0.006476730108261108 -0.002685059905052185 0.005351560115814209
v -0.006099349856376648 -0.0034576898813247683 0.005390620231628418
v -0.005630220174789429 -0.004178310036659241 0.005429689884185791
v -0.005076410174369812 -0.004836089909076691 0.0054687500000000005
v -0.0044462400674819946 -0.0054211199283599855 0.005507810115814209
v -0.0037492001056671142 -0.005924620032310486 0.005546879768371582
v -0.00299576997756958 -0.006339010000228882 0.005585939884185791
v -0.002197279930114746 -0.006658049821853638 0.005625
v -0.0013657300174236297 -0.006876950263977051 0.005664060115814209
v -0.0005136499926447868 -0.006992409825325012 0.005703120231628418
v 0.00034616000950336455 -0.0070026999711990355 0.005742189884185791
v 0.001200760006904602 -0.006907659769058228 0.00578125
v 0.0020373000204563143 -0.006708729863166809 0.005820310115814209
v 0.002843199968338013 -0.006408889889717102 0.005859370231628418
v 0.0036063298583030702 -0.00601265013217926 0.0058984398841857915
v 0.00431522011756897 -0.005525979995727539 0.0059375
v 0.004959209859371185 -0.0049561899900436406 0.0059765601158142095
v 0.00552860975265503 -0.004311859905719757 0.006015620231628418
v 0.00601485013961792 -0.003602670133113861 0.006054689884185791
v 0.006410620212554932 -0.002839300036430359 0.00609375
v 0.006709970235824585 -0.002033219933509827 0.006132810115814209
v 0.006908389925956726 -0.0011965499818325043 0.006171870231628418
v 0.007002909779548645 -0.0003418900072574616 0.006210939884185791
v 0.00699209988117218 0.00051791001111269 0.00625
v 0.0068761098384857175 0.001369919925928116 0.006289060115814209
v 0.006656709909439087 0.002201330065727234 0.006328120231628418
v 0.006337180137634278 0.0029996201395988465 0.006367189884185791
v 0.005922340154647827 0.003752799928188324 0.0064062500000000005
v 0.00541841983795166 0.004449540078639984 0.006445310115814209
v 0.004833000004291535 0.005079349875450135 0.006484370231628418
v 0.004174880087375641 0.005632759928703308 0.006523439884185791
v 0.0034539800882339476 0.006101449728012085 0.0065625
v 0.002681120038032532 0.00647836983203888 0.006601560115814209
v 0.001867929995059967 0.006757839918136597 0.006640620231628418
v 0.001026649996638298 0.006935679912567139 0.006679689884185791
v 0.00016992999240756035 0.00700918972492218 0.00671875
v -0.0006893499940633774 0.006977279782295227 0.006757810115814209
v -0.0015382599830627442 0.006840419769287109 0.006796870231628418
v -0.0023640300333499908 0.006600679755210876 0.0068359398841857915
v -0.0031542399525642394 0.006261659860610962 0.006875
v -0.003897019922733307 0.005828459858894348 0.0069140601158142094
v -0.004581170082092285 0.005307589769363403 0.006953120231628418
v -0.005196430087089539 0.004706889986991882 0.006992189884185791
v -0.005733519792556763 0.004035390019416809 0.00703125
v -0.006184380054473877 0.0033032000064849854 0.007070310115814209
v -0.00654220998287201 0.0025213199853897097 0.007109370231628418
v -0.0068016499280929565 0.0017015300691127777 0.007148439884185791
v -0.0069587802886962894 0.0008561299741268158 0.0071875
v -0.007011250257492066 -2.1300000662449746e-06 0.007226560115814209
v -0.0069582599401474 -0.0008603700250387192 0.007265620231628418
v -0.006800609827041626 -0.0017056599259376527 0.007304689884185791
v -0.0065406799316406255 -0.002525300085544586 0.0073437500000000005
v -0.0061823600530624395 -0.003306959867477417 0.007382810115814209
v -0.005731059908866882 -0.004038879871368408 0.007421870231628418
v -0.005193560123443603 -0.00471004992723465 0.007460939884185791
v -0.0045779401063919065 -0.005310369729995728 0.0075
v -0.0038934698700904846 -0.0058308297395706175 0.007539060115814209
v -0.0031504300236701965 -0.006263579726219178 0.0075781202316284185
v -0.0023600099980831146 -0.00660211980342865 0.007617189884185791
v -0.001534090042114258 -0.006841359734535217 0.00765625
v -0.0006851000338792801 -0.006977699995040894 0.007695310115814209
v 0.00017419999465346337 -0.0070090901851654055 0.007734370231628418
v 0.0010308700054883957 -0.006935049891471863 0.0077734398841857915
v 0.0018720500171184541 -0.006756709814071655 0.0078125
v 0.002685059905052185 -0.006476730108261108 0.00785156011581421
v 0.0034576898813247683 -0.006099349856376648 0.007890620231628419
v 0.004178310036659241 -0.005630220174789429 0.00792968988418579
v 0.004836089909076691 -0.005076410174369812 0.00796875
v 0.0054211199283599855 -0.0044462400674819946 0.00800781011581421
v 0.005924620032310486 -0.0037492001056671142 0.008046870231628419
v 0.006339010000228882 -0.00299576997756958 0.008085939884185791
v 0.006658049821853638 -0.002197279930114746 0.008125
v 0.006876950263977051 -0.0013657300174236297 0.00816406011581421
v 0.006992409825325012 -0.0005136499926447868 0.008203120231628417
v 0.0070026999711990355 0.00034616000950336455 0.008242189884185791
v 0.006907659769058228 0.001200760006904602 0.00828125
v 0.006708729863166809 0.0020373000204563143 0.00832031011581421
v 0.006408889889717102 0.002843199968338013 0.008359370231628417
v 0.00601265013217926 0.0036063298583030702 0.008398439884185791
v 0.005525979995727539 0.00431522011756897 0.0084375
v 0.0049561899900436406 0.004959209859371185 0.00847656011581421
v 0.004311859905719757 0.00552860975265503 0.008515620231628418
v 0.003602670133113861 0.00601485013961792 0.008554689884185791
v 0.002839300036430359 0.006410620212554932 0.00859375
v 0.002033219933509827 0.006709970235824585 0.008632810115814208
v 0.0011965499818325043 0.006908389925956726 0.008671870231628418
v 0.0003418900072574616 0.007002909779548645 0.008710939884185791
v -0.00051791001111269 0.00699209988117218 0.00875
v -0.001369919925928116 0.0068761098384857175 0.008789060115814208
v -0.002201330065727234 0.006656709909439087 0.008828120231628418
v -0.0029996201395988465 0.006337180137634278 0.008867189884185792
v -0.003752799928188324 0.005922340154647827 0.008906250000000001
v -0.004449540078639984 0.00541841983795166 0.008945310115814209
v -0.005079349875450135 0.004833000004291535 0.008984370231628418
v -0.005632759928703308 0.004174880087375641 0.009023439884185792
v -0.006101449728012085 0.0034539800882339476 0.0090625
v -0.00647836983203888 0.002681120038032532 0.009101560115814209
v -0.006757839918136597 0.001867929995059967 0.009140620231628418
v -0.006935679912567139 0.001026649996638298 0.009179689884185792
v -0.00700918972492218 0.00016992999240756035 0.00921875
v -0.006977279782295227 -0.0006893499940633774 0.009257810115814209
v -0.006840419769287109 -0.0015382599830627442 0.009296870231628418
v -0.006600679755210876 -0.0023640300333499908 0.009335939884185792
v -0.006261659860610962 -0.0031542399525642394 0.009375
v -0.005828459858894348 -0.003897019922733307 0.009414060115814209
v -0.005307589769363403 -0.004581170082092285 0.009453120231628418
v -0.004706889986991882 -0.005196430087089539 0.00949218988418579
v -0.004035390019416809 -0.005733519792556763 0.00953125
v -0.0033032000064849854 -0.006184380054473877 0.00957031011581421
v -0.0025213199853897097 -0.00654220998287201 0.009609370231628419
v -0.0017015300691127777 -0.0068016499280929565 0.00964843988418579
v -0.0008561299741268158 -0.0069587802886962894 0.0096875
v 2.1300000662449746e-06 -0.007011250257492066 0.00972656011581421
v 0.0008603700250387192 -0.0069582599401474 0.009765620231628419
v 0.0017056599259376527 -0.006800609827041626 0.00980468988418579
v 0.002525300085544586 -0.0065406799316406255 0.00984375
v 0.003306959867477417 -0.0061823600530624395 0.00988281011581421
v 0.004038879871368408 -0.005731059908866882 0.009921879768371581
v 0.00471004992723465 -0.005193560123443603 0.00996093988418579
v -0.002990649938583374 0.007484570145606995 0.01
v -0.0038294199109077456 0.0070172202587127685 0.01
v -0.004605849981307983 0.006452530026435852 0.01
v -0.005308169722557068 0.005797899961471557 0.01
v -0.0059242802858352666 0.005063629746437073 0.01
v -0.006444309949874878 0.004260959923267364 0.01
v -0.006861469745635986 0.0033986300230026247 0.01
v -0.007167549729347229 0.002490379959344864 0.01
v -0.0073560398817062375 0.0015532900393009186 0.01
v -0.00742376983165741 0.0005986100062727928 0.01
v -0.007368080019950866 -0.00035773001611232757 0.01
v -0.007189270257949829 -0.0012961100041866303 0.01
v -0.006888740062713623 -0.0022041499614715576 0.01
v -0.006470339894294739 -0.003065060079097748 0.01
v -0.00594211995601654 -0.0038601699471473693 0.01
v -0.005310369729995728 -0.0045779401063919065 0.01
v -0.0058308297395706175 -0.0038934698700904846 0.00996093988418579
v -0.006263579726219178 -0.0031504300236701965 0.009921879768371581
v -0.00660211980342865 -0.0023600099980831146 0.00988281011581421
v -0.006841359734535217 -0.001534090042114258 0.00984375
v -0.006977699995040894 -0.0006851000338792801 0.00980468988418579
v -0.0070090901851654055 0.00017419999465346337 0.009765620231628419
v -0.006935049891471863 0.0010308700054883957 0.00972656011581421
v -0.006756709814071655 0.0018720500171184541 0.0096875
v -0.006476730108261108 0.002685059905052185 0.00964843988418579
v -0.006099349856376648 0.0034576898813247683 0.009609379768371583
v -0.005630220174789429 0.004178310036659241 0.00957031011581421
v -0.005076410174369812 0.004836089909076691 0.00953125
v -0.0044462400674819946 0.0054211199283599855 0.00949218988418579
v -0.0037492001056671142 0.005924620032310486 0.009453120231628418
v -0.00299576997756958 0.006339010000228882 0.009414060115814209
v -0.002197279930114746 0.006658049821853638 0.009375
v -0.0013657300174236297 0.006876950263977051 0.009335939884185792
v -0.0005136499926447868 0.006992409825325012 0.009296879768371583
v 0.00034616000950336455 0.0070026999711990355 0.009257810115814209
v 0.001200760006904602 0.006907659769058228 0.00921875
v 0.0020373000204563143 0.006708729863166809 0.009179689884185792
v 0.002843199968338013 0.006408889889717102 0.009140620231628418
v 0.0036063298583030702 0.00601265013217926 0.009101560115814209
v 0.00431522011756897 0.005525979995727539 0.0090625
v 0.004959209859371185 0.0049561899900436406 0.009023439884185792
v 0.00552860975265503 0.004311859905719757 0.008984370231628418
v 0.00601485013961792 0.003602670133113861 0.008945310115814209
v 0.006410620212554932 0.002839300036430359 0.008906250000000001
v 0.006709970235824585 0.002033219933509827 0.008867189884185792
v 0.006908389925956726 0.0011965499818325043 0.008828120231628418
v 0.007002909779548645 0.0003418900072574616 0.008789060115814208
v 0.00699209988117218 -0.00051791001111269 0.00875
v 0.0068761098384857175 -0.001369919925928116 0.008710939884185791
v 0.006656709909439087 -0.002201330065727234 0.008671870231628418
v 0.006337180137634278 -0.0029996201395988465 0.008632810115814208
v 0.005922340154647827 -0.003752799928188324 0.00859375
v 0.00541841983795166 -0.004449540078639984 0.008554689884185791
v 0.004833000004291535 -0.005079349875450135 0.008515620231628418
v 0.004174880087375641 -0.005632759928703308 0.00847656011581421
v 0.0034539800882339476 -0.006101449728012085 0.0084375
v 0.002681120038032532 -0.00647836983203888 0.008398439884185791
v 0.001867929995059967 -0.006757839918136597 0.008359370231628417
v 0.001026649996638298 -0.006935679912567139 0.00832031011581421
v 0.00016992999240756035 -0.00700918972492218 0.00828125
v -0.0006893499940633774 -0.006977279782295227 0.008242189884185791
v -0.0015382599830627442 -0.006840419769287109 0.008203120231628417
v -0.0023640300333499908 -0.006600679755210876 0.00816406011581421
v -0.0031542399525642394 -0.006261659860610962 0.008125
v -0.003897019922733307 -0.005828459858894348 0.008085939884185791
v -0.004581170082092285 -0.005307589769363403 0.008046870231628419
v -0.005196430087089539 -0.004706889986991882 0.00800781011581421
v -0.005733519792556763 -0.004035390019416809 0.00796875
v -0.006184380054473877 -0.0033032000064849854 0.00792968988418579
v -0.00654220998287201 -0.0025213199853897097 0.007890620231628419
v -0.0068016499280929565 -0.0017015300691127777 0.00785156011581421
v -0.0069587802886962894 -0.0008561299741268158 0.0078125
v -0.007011250257492066 2.1300000662449746e-06 0.0077734398841857915
v -0.0069582599401474 0.0008603700250387192 0.007734370231628418
v -0.006800609827041626 0.0017056599259376527 0.007695310115814209
v -0.0065406799316406255 0.002525300085544586 0.00765625
v -0.0061823600530624395 0.003306959867477417 0.007617189884185791
v -0.005731059908866882 0.004038879871368408 0.0075781202316284185
v -0.005193560123443603 0.00471004992723465 0.007539060115814209
v -0.0045779401063919065 0.005310369729995728 0.0075
v -0.0038934698700904846 0.0058308297395706175 0.007460939884185791
v -0.0031504300236701965 0.006263579726219178 0.007421870231628418
v -0.0023600099980831146 0.00660211980342865 0.007382810115814209
v -0.001534090042114258 0.006841359734535217 0.0073437500000000005
v -0.0006851000338792801 0.006977699995040894 0.007304689884185791
v 0.00017419999465346337 0.0070090901851654055 0.007265620231628418
v 0.0010308700054883957 0.006935049891471863 0.007226560115814209
v 0.0018720500171184541 0.006756709814071655 0.0071875
v 0.002685059905052185 0.006476730108261108 0.007148439884185791
v 0.0034576898813247683 0.006099349856376648 0.007109370231628418
v 0.004178310036659241 0.005630220174789429 0.007070310115814209
v 0.004836089909076691 0.005076410174369812 0.00703125
v 0.0054211199283599855 0.0044462400674819946 0.006992189884185791
v 0.005924620032310486 0.0037492001056671142 0.006953120231628418
v 0.006339010000228882 0.00299576997756958 0.0069140601158142094
v 0.006658049821853638 0.002197279930114746 0.006875
v 0.006876950263977051 0.0013657300174236297 0.0068359398841857915
v 0.006992409825325012 0.0005136499926447868 0.006796870231628418
v 0.0070026999711990355 -0.00034616000950336455 0.006757810115814209
v 0.006907659769058228 -0.001200760006904602 0.00671875
v 0.006708729863166809 -0.0020373000204563143 0.006679689884185791
v 0.006408889889717102 -0.002843199968338013 0.006640620231628418
v 0.00601265013217926 -0.0036063298583030702 0.006601560115814209
v 0.005525979995727539 -0.00431522011756897 0.0065625
v 0.0049561899900436406 -0.004959209859371185 0.006523439884185791
v 0.004311859905719757 -0.00552860975265503 0.006484370231628418
v 0.003602670133113861 -0.00601485013961792 0.006445310115814209
v 0.002839300036430359 -0.006410620212554932 0.0064062500000000005
v 0.002033219933509827 -0.006709970235824585 0.006367189884185791
v 0.0011965499818325043 -0.006908389925956726 0.006328120231628418
v 0.0003418900072574616 -0.007002909779548645 0.006289060115814209
v -0.00051791001111269 -0.00699209988117218 0.00625
v -0.001369919925928116 -0.0068761098384857175 0.006210939884185791
v -0.002201330065727234 -0.006656709909439087 0.006171870231628418
v -0.0029996201395988465 -0.006337180137634278 0.006132810115814209
v -0.003752799928188324 -0.005922340154647827 0.00609375
v -0.004449540078639984 -0.00541841983795166 0.006054689884185791
v -0.005079349875450135 -0.004833000004291535 0.006015620231628418
v -0.005632759928703308 -0.004174880087375641 0.0059765601158142095
v -0.006101449728012085 -0.0034539800882339476 0.0059375
v -0.00647836983203888 -0.002681120038032532 0.0058984398841857915
v -0.006757839918136597 -0.001867929995059967 0.005859370231628418
v -0.006935679912567139 -0.001026649996638298 0.005820310115814209
v -0.00700918972492218 -0.00016992999240756035 0.00578125
v -0.006977279782295227 0.0006893499940633774 0.005742189884185791
v -0.006840419769287109 0.0015382599830627442 0.005703120231628418
v -0.006600679755210876 0.0023640300333499908 0.005664060115814209
v -0.006261659860610962 0.0031542399525642394 0.005625
v -0.005828459858894348 0.003897019922733307 0.005585939884185791
v -0.005307589769363403 0.004581170082092285 0.005546879768371582
v -0.004706889986991882 0.005196430087089539 0.005507810115814209
v -0.004035390019416809 0.005733519792556763 0.0054687500000000005
v -0.0033032000064849854 0.006184380054473877 0.005429689884185791
v -0.0025213199853897097 0.00654220998287201 0.005390620231628418
v -0.0017015300691127777 0.0068016499280929565 0.005351560115814209
v -0.0008561299741268158 0.0069587802886962894 0.0053125
v 2.1300000662449746e-06 0.007011250257492066 0.005273439884185791
v 0.0008603700250387192 0.0069582599401474 0.0052343797683715824
v 0.0017056599259376527 0.006800609827041626 0.005195310115814209
v 0.002525300085544586 0.0065406799316406255 0.00515625
v 0.003306959867477417 0.0061823600530624395 0.005117189884185791
v 0.004038879871368408 0.005731059908866882 0.005078120231628418
v 0.00471004992723465 0.005193560123443603 0.0050390601158142095
v 0.005310369729995728 0.0045779401063919065 0.005
v 0.0058308297395706175 0.0038934698700904846 0.004960939884185791
v 0.006263579726219178 0.0031504300236701965 0.004921869933605195
v 0.00660211980342865 0.0023600099980831146 0.004882810115814209
v 0.006841359734535217 0.001534090042114258 0.00484375
v 0.006977699995040894 0.0006851000338792801 0.004804689884185791
v 0.0070090901851654055 -0.00017419999465346337 0.0047656199336051945
v 0.006935049891471863 -0.0010308700054883957 0.004726560115814209
v 0.006756709814071655 -0.0018720500171184541 0.0046875
v 0.006476730108261108 -0.002685059905052185 0.004648439884185791
v 0.006099349856376648 -0.0034576898813247683 0.004609369933605194
v 0.005630220174789429 -0.004178310036659241 0.004570310115814209
v 0.005076410174369812 -0.004836089909076691 0.00453125
v 0.0044462400674819946 -0.0054211199283599855 0.004492189884185791
v 0.0037492001056671142 -0.005924620032310486 0.004453119933605194
v 0.00299576997756958 -0.006339010000228882 0.004414060115814209
v 0.002197279930114746 -0.006658049821853638 0.004375
v 0.0013657300174236297 -0.006876950263977051 0.004335939884185791
v 0.0005136499926447868 -0.006992409825325012 0.004296869933605194
v -0.00034616000950336455 -0.0070026999711990355 0.004257810115814209
v -0.001200760006904602 -0.006907659769058228 0.00421875
v -0.0020373000204563143 -0.006708729863166809 0.004179689884185791
v -0.002843199968338013 -0.006408889889717102 0.004140619933605194
v -0.0036063298583030702 -0.00601265013217926 0.004101560115814209
v -0.00431522011756897 -0.005525979995727539 0.0040625
v -0.004959209859371185 -0.0049561899900436406 0.004023439884185791
v -0.00552860975265503 -0.004311859905719757 0.003984369933605194
v -0.00601485013961792 -0.003602670133113861 0.003945310115814209
v -0.006410620212554932 -0.002839300036430359 0.00390625
v -0.006709970235824585 -0.002033219933509827 0.003867189884185791
v -0.006908389925956726 -0.0011965499818325043 0.003828119933605194
v -0.007002909779548645 -0.0003418900072574616 0.0037890601158142093
v -0.00699209988117218 0.00051791001111269 0.00375
v -0.0068761098384857175 0.001369919925928116 0.003710939884185791
v -0.006656709909439087 0.002201330065727234 0.0036718699336051944
v -0.006337180137634278 0.0029996201395988465 0.003632810115814209
v -0.005922340154647827 0.003752799928188324 0.00359375
v -0.00541841983795166 0.004449540078639984 0.003554689884185791
v -0.004833000004291535 0.005079349875450135 0.0035156199336051942
v -0.004174880087375641 0.005632759928703308 0.003476560115814209
v -0.0034539800882339476 0.006101449728012085 0.0034375
v -0.002681120038032532 0.00647836983203888 0.003398439884185791
v -0.001867929995059967 0.006757839918136597 0.003359369933605194
v -0.001026649996638298 0.006935679912567139 0.003320310115814209
v -0.00016992999240756035 0.00700918972492218 0.00328125
v 0.0006893499940633774 0.006977279782295227 0.003242189884185791
v 0.0015382599830627442 0.006840419769287109 0.003203119933605194
v 0.0023640300333499908 0.006600679755210876 0.003164060115814209
v 0.0031542399525642394 0.006261659860610962 0.003125
v 0.003897019922733307 0.005828459858894348 0.003085939884185791
v 0.004581170082092285 0.005307589769363403 0.0030468699336051942
v 0.005196430087089539 0.004706889986991882 0.003007810115814209
v 0.005733519792556763 0.004035390019416809 0.00296875
v 0.006184380054473877 0.0033032000064849854 0.002929689884185791
v 0.00654220998287201 0.0025213199853897097 0.002890619933605194
v 0.0068016499280929565 0.0017015300691127777 0.002851560115814209
v 0.0069587802886962894 0.0008561299741268158 0.0028125
v 0.007011250257492066 -2.1300000662449746e-06 0.002773439884185791
v 0.0069582599401474 -0.0008603700250387192 0.002734369933605194
v 0.006800609827041626 -0.0017056599259376527 0.002695310115814209
v 0.0065406799316406255 -0.002525300085544586 0.00265625
v 0.0061823600530624395 -0.003306959867477417 0.0026171898841857912
v 0.005731059908866882 -0.004038879871368408 0.0025781199336051943
v 0.005193560123443603 -0.00471004992723465 0.002539060115814209
v 0.0045779401063919065 -0.005310369729995728 0.0025
v 0.0038934698700904846 -0.0058308297395706175 0.002460940033197403
v 0.0031504300236701965 -0.006263579726219178 0.002421880066394806
v 0.0023600099980831146 -0.00660211980342865 0.0023828099668025972
v 0.001534090042114258 -0.006841359734535217 0.00234375
v 0.0006851000338792801 -0.006977699995040894 0.002304690033197403
v -0.00017419999465346337 -0.0070090901851654055 0.002265619933605194
v -0.0010308700054883957 -0.006935049891471863 0.002226559966802597
v -0.0018720500171184541 -0.006756709814071655 0.0021875
v -0.002685059905052185 -0.006476730108261108 0.002148440033197403
v -0.0034576898813247683 -0.006099349856376648 0.0021093699336051943
v -0.004178310036659241 -0.005630220174789429 0.002070309966802597
v -0.004836089909076691 -0.005076410174369812 0.00203125
v -0.0054211199283599855 -0.0044462400674819946 0.001992190033197403
v -0.005924620032310486 -0.0037492001056671142 0.0019531199336051941
v -0.006339010000228882 -0.00299576997756958 0.001914059966802597
v -0.006658049821853638 -0.002197279930114746 0.001875
v -0.006876950263977051 -0.0013657300174236297 0.001835940033197403
v -0.006992409825325012 -0.0005136499926447868 0.0017968699336051942
v -0.0070026999711990355 0.00034616000950336455 0.0017578099668025971
v -0.006907659769058228 0.001200760006904602 0.00171875
v -0.006708729863166809 0.0020373000204563143 0.001679690033197403
v -0.006408889889717102 0.002843199968338013 0.001640619933605194
v -0.00601265013217926 0.0036063298583030702 0.001601559966802597
v -0.005525979995727539 0.00431522011756897 0.0015625
v -0.0049561899900436406 0.004959209859371185 0.001523440033197403
v -0.004311859905719757 0.00552860975265503 0.0014843699336051942
v -0.003602670133113861 0.00601485013961792 0.001445309966802597
v -0.002839300036430359 0.006410620212554932 0.00140625
v -0.002033219933509827 0.006709970235824585 0.001367190033197403
v -0.0011965499818325043 0.006908389925956726 0.001328119933605194
v -0.0003418900072574616 0.007002909779548645 0.0012890599668025971
v 0.00051791001111269 0.00699209988117218 0.00125
v 0.001369919925928116 0.0068761098384857175 0.001210940033197403
v 0.002201330065727234 0.006656709909439087 0.0011718700081110001
v 0.0029996201395988465 0.006337180137634278 0.001132809966802597
v 0.003752799928188324 0.005922340154647827 0.00109375
v 0.004449540078639984 0.00541841983795166 0.001054690033197403
v 0.005079349875450135 0.004833000004291535 0.001015620008111
v 0.005632759928703308 0.004174880087375641 0.0009765599668025971
v 0.006101449728012085 0.0034539800882339476 0.0009375
v 0.00647836983203888 0.002681120038032532 0.000898440033197403
v 0.006757839918136597 0.001867929995059967 0.0008593700081110001
v 0.006935679912567139 0.001026649996638298 0.000820309966802597
v 0.00700918972492218 0.00016992999240756035 0.00078125
v 0.006977279782295227 -0.0006893499940633774 0.0007421900331974029
v 0.006840419769287109 -0.0015382599830627442 0.000703120008111
v 0.006600679755210876 -0.0023640300333499908 0.000664059966802597
v 0.006261659860610962 -0.0031542399525642394 0.000625
v 0.005828459858894348 -0.003897019922733307 0.0005859399959445
v 0.005307589769363403 -0.004581170082092285 0.000546879991889
v 0.004706889986991882 -0.005196430087089539 0.0005078100040555
v 0.004035390019416809 -0.005733519792556763 0.00046875
v 0.0033032000064849854 -0.006184380054473877 0.00042968999594449997
v 0.0025213199853897097 -0.00654220998287201 0.0003906200081110001
v 0.0017015300691127777 -0.0068016499280929565 0.0003515600040555
v 0.0008561299741268158 -0.0069587802886962894 0.0003125
v -2.1300000662449746e-06 -0.007011250257492066 0.0002734399959445
v -0.0008603700250387192 -0.0069582599401474 0.00023437000811100007
v -0.0017056599259376527 -0.006800609827041626 0.00019531000405550005
v -0.002525300085544586 -0.0065406799316406255 0.00015625
v -0.003306959867477417 -0.0061823600530624395 0.00011718999594449997
v -0.004038879871368408 -0.005731059908866882 7.811999879777432e-05
v -0.00471004992723465 -0.005193560123443603 3.905999939888716e-05
v -0.005310369729995728 -0.0045779401063919065 0.0
v -0.005943130254745484 -0.0038588398694992068 0.0
v -0.006473010182380676 -0.003060370087623596 0.0
v -0.006890990138053894 -0.0021986000239849093 0.0
v -0.007191219925880433 -0.0012885600328445435 0.0
v -0.007369080185890198 -0.00034965001046657565 0.0
v -0.007423719763755799 0.0006046999990940094 0.0
v -0.007354999780654907 0.0015608499944210052 0.0
v -0.007165470123291016 0.002498150020837784 0.0
v -0.006859200000762939 0.0034042000770568848 0.0
v -0.006440709829330445 0.004267329871654511 0.0
v -0.005919529795646667 0.005070059895515442 0.0
v -0.005303869843482971 0.005802429914474487 0.0
v -0.004601399898529053 0.006456210017204284 0.0
v -0.003826189935207367 0.00701928973197937 0.0
v -0.002989960014820099 0.0074848997592926025 0.0
v 0.015 -0.008660249710083008 0.01
v 0.015 0.008660249710083008 0.01
v 0.0 0.017320510149002075 0.01
v -0.015 0.008660249710083008 0.01
v -0.015 -0.008660249710083008 0.01
v 0.0 -0.017320510149002075 0.01
v 0.004212349951267243 -0.0056047898530960085 0.01
v 0.002920660078525543 -0.00637395977973938 0.01
v 0.0014946900308132171 -0.0068500697612762455 0.01
v 0.0 -0.007011250257492066 0.01
v -0.0014946900308132171 -0.0068500697612762455 0.01
v -0.002920660078525543 -0.00637395977973938 0.01
v -0.004212349951267243 -0.0056047898530960085 0.01
v 0.004212349951267243 -0.0056047898530960085 0.0
v 0.002920660078525543 -0.00637395977973938 0.0
v 0.0014946900308132171 -0.0068500697612762455 0.0
v 0.0 -0.007011250257492066 0.0
v -0.0014946900308132171 -0.0068500697612762455 0.0
v -0.002920660078525543 -0.00637395977973938 0.0
v -0.004212349951267243 -0.0056047898530960085 0.0
v 0.0 -0.017320510149002075 0.0
v 0.015 -0.008660249710083008 0.0
v -0.015 -0.008660249710083008 0.0
v -0.015 0.008660249710083008 0.0
v 0.0 0.017320510149002075 0.0
v 0.015 0.008660249710083008 0.0
usemtl A__o___Acetinado
f 2 8 1
f 1 8 9
f 1 9 518
f 518 9 10
f 518 10 517
f 517 10 11
f 517 11 516
f 516 11 12
f 516 12 515
f 515 12 13
f 515 13 514
f 514 13 14
f 514 14 513
f 513 14 15
f 513 15 512
f 512 15 16
f 512 16 511
f 511 16 17
f 511 17 510
f 510 17 18
f 510 18 509
f 509 18 19
f 509 19 508
f 508 19 20
f 508 20 507
f 507 20 21
f 507 21 506
f 506 21 22
f 506 22 505
f 505 22 23
f 505 23 504
f 504 23 24
f 504 24 503
f 503 24 25
f 503 25 502
f 502 25 26
f 502 26 501
f 501 26 27
f 501 27 500
f 500 27 28
f 500 28 499
f 499 28 29
f 499 29 498
f 498 29 30
f 498 30 497
f 497 30 31
f 497 31 496
f 496 31 32
f 496 32 495
f 495 32 33
f 495 33 494
f 494 33 34
f 494 34 493
f 493 34 35
f 493 35 492
f 492 35 36
f 492 36 491
f 491 36 37
f 491 37 490
f 490 37 38
f 490 38 489
f 489 38 39
f 489 39 488
f 488 39 40
f 488 40 487
f 487 40 41
f 487 41 486
f 486 41 42
f 486 42 485
f 485 42 43
f 485 43 484
f 484 43 44
f 484 44 483
f 483 44 45
f 483 45 482
f 482 45 46
f 482 46 481
f 481 46 47
f 481 47 480
f 480 47 48
f 480 48 479
f 479 48 49
f 479 49 478
f 478 49 50
f 478 50 477
f 477 50 51
f 477 51 476
f 476 51 52
f 476 52 475
f 475 52 53
f 475 53 474
f 474 53 54
f 474 54 473
f 473 54 55
f 473 55 472
f 472 55 56
f 472 56 471
f 471 56 57
f 471 57 470
f 470 57 58
f 470 58 469
f 469 58 59
f 469 59 468
f 468 59 60
f 468 60 467
f 467 60 61
f 467 61 466
f 466 61 62
f 466 62 465
f 465 62 63
f 465 63 464
f 464 63 64
f 464 64 463
f 463 64 65
f 463 65 462
f 462 65 66
f 462 66 461
f 461 66 67
f 461 67 460
f 460 67 68
f 460 68 459
f 459 68 69
f 459 69 458
f 458 69 70
f 458 70 457
f 457 70 71
f 457 71 456
f 456 71 72
f 456 72 455
f 455 72 73
f 455 73 454
f 454 73 74
f 454 74 453
f 453 74 75
f 453 75 452
f 452 75 76
f 452 76 451
f 451 76 77
f 451 77 450
f 450 77 78
f 450 78 449
f 449 78 79
f 449 79 448
f 448 79 80
f 448 80 447
f 447 80 81
f 447 81 446
f 446 81 82
f 446 82 445
f 445 82 83
f 445 83 444
f 444 83 84
f 444 84 443
f 443 84 85
f 443 85 442
f 442 85 86
f 442 86 441
f 441 86 87
f 441 87 440
f 440 87 88
f 440 88 439
f 439 88 89
f 439 89 438
f 438 89 90
f 438 90 437
f 437 90 91
f 437 91 436
f 436 91 92
f 436 92 435
f 435 92 93
f 435 93 434
f 434 93 94
f 434 94 433
f 433 94 95
f 433 95 432
f 432 95 96
f 432 96 431
f 431 96 97
f 431 97 430
f 430 97 98
f 430 98 429
f 429 98 99
f 429 99 428
f 428 99 100
f 428 100 427
f 427 100 101
f 427 101 426
f 426 101 102
f 426 102 425
f 425 102 103
f 425 103 424
f 424 103 104
f 424 104 423
f 423 104 105
f 423 105 422
f 422 105 106
f 422 106 421
f 421 106 107
f 421 107 420
f 420 107 108
f 420 108 419
f 419 108 109
f 419 109 418
f 418 109 110
f 418 110 417
f 417 110 111
f 417 111 416
f 416 111 112
f 416 112 415
f 415 112 113
f 415 113 414
f 414 113 114
f 414 114 413
f 413 114 115
f 413 115 412
f 412 115 116
f 412 116 411
f 411 116 117
f 411 117 410
f 410 117 118
f 410 118 409
f 409 118 119
f 409 119 408
f 408 119 120
f 408 120 407
f 407 120 121
f 407 121 406
f 406 121 122
f 406 122 405
f 405 122 123
f 405 123 404
f 404 123 124
f 404 124 403
f 403 124 125
f 403 125 402
f 402 125 126
f 402 126 401
f 401 126 127
f 401 127 400
f 400 127 128
f 400 128 399
f 399 128 129
f 399 129 398
f 398 129 130
f 398 130 397
f 397 130 131
f 397 131 396
f 396 131 132
f 396 132 395
f 395 132 133
f 395 133 394
f 394 133 134
f 394 134 393
f 393 134 135
f 393 135 392
f 392 135 136
f 392 136 391
f 391 136 137
f 391 137 390
f 390 137 138
f 390 138 389
f 389 138 139
f 389 139 388
f 388 139 140
f 388 140 387
f 387 140 141
f 387 141 386
f 386 141 142
f 386 142 385
f 385 142 143
f 385 143 384
f 384 143 144
f 384 144 383
f 383 144 145
f 383 145 382
f 382 145 146
f 382 146 381
f 381 146 147
f 381 147 380
f 380 147 148
f 380 148 379
f 379 148 149
f 379 149 378
f 378 149 150
f 378 150 377
f 377 150 151
f 377 151 376
f 376 151 152
f 376 152 375
f 375 152 153
f 375 153 374
f 374 153 154
f 374 154 373
f 373 154 155
f 373 155 372
f 372 155 156
f 372 156 371
f 371 156 157
f 371 157 370
f 370 157 158
f 370 158 369
f 369 158 159
f 369 159 368
f 368 159 160
f 368 160 367
f 367 160 161
f 367 161 366
f 366 161 162
f 366 162 365
f 365 162 163
f 365 163 364
f 364 163 164
f 364 164 363
f 363 164 165
f 363 165 362
f 362 165 166
f 362 166 361
f 361 166 167
f 361 167 360
f 360 167 168
f 360 168 359
f 359 168 169
f 359 169 358
f 358 169 170
f 358 170 357
f 357 170 171
f 357 171 356
f 356 171 172
f 356 172 355
f 355 172 173
f 355 173 354
f 354 173 174
f 354 174 353
f 353 174 175
f 353 175 352
f 352 175 176
f 352 176 351
f 351 176 177
f 351 177 350
f 350 177 178
f 350 178 349
f 349 178 179
f 349 179 348
f 348 179 180
f 348 180 347
f 347 180 181
f 347 181 346
f 346 181 182
f 346 182 345
f 345 182 183
f 345 183 344
f 344 183 184
f 344 184 343
f 343 184 185
f 343 185 342
f 342 185 186
f 342 186 341
f 341 186 187
f 341 187 340
f 340 187 188
f 340 188 339
f 339 188 189
f 339 189 338
f 338 189 190
f 338 190 337
f 337 190 191
f 337 191 336
f 336 191 192
f 336 192 335
f 335 192 193
f 335 193 334
f 334 193 194
f 334 194 333
f 333 194 195
f 333 195 332
f 332 195 196
f 332 196 331
f 331 196 197
f 331 197 330
f 330 197 198
f 330 198 329
f 329 198 199
f 329 199 328
f 328 199 200
f 328 200 327
f 327 200 201
f 327 201 326
f 326 201 202
f 326 202 325
f 325 202 203
f 325 203 324
f 324 203 204
f 324 204 323
f 323 204 205
f 323 205 322
f 322 205 206
f 322 206 321
f 321 206 207
f 321 207 320
f 320 207 208
f 320 208 319
f 319 208 209
f 319 209 318
f 318 209 210
f 318 210 317
f 317 210 211
f 317 211 316
f 316 211 212
f 316 212 315
f 315 212 213
f 315 213 314
f 314 213 214
f 314 214 313
f 313 214 215
f 313 215 312
f 312 215 216
f 312 216 311
f 311 216 217
f 311 217 310
f 310 217 218
f 310 218 309
f 309 218 219
f 309 219 308
f 308 219 220
f 308 220 307
f 307 220 221
f 307 221 306
f 306 221 222
f 306 222 305
f 305 222 223
f 305 223 304
f 304 223 224
f 304 224 303
f 303 224 225
f 303 225 302
f 302 225 226
f 302 226 301
f 301 226 227
f 301 227 300
f 300 227 228
f 300 228 299
f 299 228 229
f 299 229 298
f 298 229 230
f 298 230 297
f 297 230 231
f 297 231 296
f 296 231 232
f 296 232 295
f 295 232 233
f 295 233 294
f 294 233 234
f 294 234 293
f 293 234 235
f 293 235 292
f 292 235 236
f 292 236 291
f 291 236 237
f 291 237 290
f 290 237 238
f 290 238 289
f 289 238 239
f 289 239 288
f 288 239 240
f 288 240 287
f 287 240 241
f 287 241 286
f 286 241 242
f 286 242 285
f 285 242 243
f 285 243 284
f 284 243 244
f 284 244 283
f 283 244 245
f 283 245 282
f 282 245 246
f 282 246 281
f 281 246 247
f 281 247 280
f 280 247 248
f 280 248 279
f 279 248 249
f 279 249 278
f 278 249 250
f 278 250 277
f 277 250 251
f 277 251 276
f 276 251 252
f 276 252 275
f 275 252 253
f 275 253 274
f 274 253 254
f 274 254 273
f 273 254 255
f 273 255 272
f 272 255 256
f 272 256 271
f 271 256 257
f 271 257 270
f 270 257 258
f 270 258 269
f 269 258 259
f 269 259 268
f 268 259 260
f 268 260 267
f 267 260 261
f 267 261 266
f 266 261 265
f 265 261 262
f 265 262 264
f 264 262 263
f 3 6 2
f 2 6 7
f 2 7 8
f 4 5 3
f 3 5 6
f 520 503 519
f 519 503 502
f 519 502 805
f 805 502 501
f 805 501 804
f 804 501 500
f 804 500 803
f 803 500 499
f 803 499 802
f 802 499 498
f 802 498 801
f 801 498 497
f 801 497 800
f 800 497 496
f 800 496 799
f 799 496 495
f 799 495 798
f 798 495 494
f 798 494 797
f 797 494 493
f 797 493 796
f 796 493 492
f 796 492 795
f 795 492 491
f 795 491 794
f 794 491 490
f 794 490 793
f 793 490 489
f 793 489 792
f 792 489 488
f 792 488 791
f 791 488 487
f 791 487 790
f 790 487 486
f 790 486 789
f 789 486 485
f 789 485 788
f 788 485 484
f 788 484 787
f 787 484 483
f 787 483 786
f 786 483 482
f 786 482 785
f 785 482 481
f 785 481 784
f 784 481 480
f 784 480 783
f 783 480 479
f 783 479 782
f 782 479 478
f 782 478 781
f 781 478 477
f 781 477 780
f 780 477 476
f 780 476 779
f 779 476 475
f 779 475 778
f 778 475 474
f 778 474 777
f 777 474 473
f 777 473 776
f 776 473 472
f 776 472 775
f 775 472 471
f 775 471 774
f 774 471 470
f 774 470 773
f 773 470 469
f 773 469 772
f 772 469 468
f 772 468 771
f 771 468 467
f 771 467 770
f 770 467 466
f 770 466 769
f 769 466 465
f 769 465 768
f 768 465 464
f 768 464 767
f 767 464 463
f 767 463 766
f 766 463 462
f 766 462 765
f 765 462 461
f 765 461 764
f 764 461 460
f 764 460 763
f 763 460 459
f 763 459 762
f 762 459 458
f 762 458 761
f 761 458 457
f 761 457 760
f 760 457 456
f 760 456 759
f 759 456 455
f 759 455 758
f 758 455 454
f 758 454 757
f 757 454 453
f 757 453 756
f 756 453 452
f 756 452 755
f 755 452 451
f 755 451 754
f 754 451 450
f 754 450 753
f 753 450 449
f 753 449 752
f 752 449 448
f 752 448 751
f 751 448 447
f 751 447 750
f 750 447 446
f 750 446 749
f 749 446 445
f 749 445 748
f 748 445 444
f 748 444 747
f 747 444 443
f 747 443 746
f 746 443 442
f 746 442 745
f 745 442 441
f 745 441 744
f 744 441 440
f 744 440 743
f 743 440 439
f 743 439 742
f 742 439 438
f 742 438 741
f 741 438 437
f 741 437 740
f 740 437 436
f 740 436 739
f 739 436 435
f 739 435 738
f 738 435 434
f 738 434 737
f 737 434 433
f 737 433 736
f 736 433 432
f 736 432 735
f 735 432 431
f 735 431 734
f 734 431 430
f 734 430 733
f 733 430 429
f 733 429 732
f 732 429 428
f 732 428 731
f 731 428 427
f 731 427 730
f 730 427 426
f 730 426 729
f 729 426 425
f 729 425 728
f 728 425 424
f 728 424 727
f 727 424 423
f 727 423 726
f 726 423 422
f 726 422 725
f 725 422 421
f 725 421 724
f 724 421 420
f 724 420 723
f 723 420 419
f 723 419 722
f 722 419 418
f 722 418 721
f 721 418 417
f 721 417 720
f 720 417 416
f 720 416 719
f 719 416 415
f 719 415 718
f 718 415 414
f 718 414 717
f 717 414 413
f 717 413 716
f 716 413 412
f 716 412 715
f 715 412 411
f 715 411 714
f 714 411 410
f 714 410 713
f 713 410 409
f 713 409 712
f 712 409 408
f 712 408 711
f 711 408 407
f 711 407 710
f 710 407 406
f 710 406 709
f 709 406 405
f 709 405 708
f 708 405 404
f 708 404 707
f 707 404 403
f 707 403 706
f 706 403 402
f 706 402 705
f 705 402 401
f 705 401 704
f 704 401 400
f 704 400 703
f 703 400 399
f 703 399 702
f 702 399 398
f 702 398 701
f 701 398 397
f 701 397 700
f 700 397 396
f 700 396 699
f 699 396 395
f 699 395 698
f 698 395 394
f 698 394 697
f 697 394 393
f 697 393 696
f 696 393 392
f 696 392 695
f 695 392 391
f 695 391 694
f 694 391 390
f 694 390 693
f 693 390 389
f 693 389 692
f 692 389 388
f 692 388 691
f 691 388 387
f 691 387 690
f 690 387 386
f 690 386 689
f 689 386 385
f 689 385 688
f 688 385 384
f 688 384 687
f 687 384 383
f 687 383 686
f 686 383 382
f 686 382 685
f 685 382 381
f 685 381 684
f 684 381 380
f 684 380 683
f 683 380 379
f 683 379 682
f 682 379 378
f 682 378 681
f 681 378 377
f 681 377 680
f 680 377 376
f 680 376 679
f 679 376 375
f 679 375 678
f 678 375 374
f 678 374 677
f 677 374 373
f 677 373 676
f 676 373 372
f 676 372 675
f 675 372 371
f 675 371 674
f 674 371 370
f 674 370 673
f 673 370 369
f 673 369 672
f 672 369 368
f 672 368 671
f 671 368 367
f 671 367 670
f 670 367 366
f 670 366 669
f 669 366 365
f 669 365 668
f 668 365 364
f 668 364 667
f 667 364 363
f 667 363 666
f 666 363 362
f 666 362 665
f 665 362 361
f 665 361 664
f 664 361 360
f 664 360 663
f 663 360 359
f 663 359 662
f 662 359 358
f 662 358 661
f 661 358 357
f 661 357 660
f 660 357 356
f 660 356 659
f 659 356 355
f 659 355 658
f 658 355 354
f 658 354 657
f 657 354 353
f 657 353 656
f 656 353 352
f 656 352 655
f 655 352 351
f 655 351 654
f 654 351 350
f 654 350 653
f 653 350 349
f 653 349 652
f 652 349 348
f 652 348 651
f 651 348 347
f 651 347 650
f 650 347 346
f 650 346 649
f 649 346 345
f 649 345 648
f 648 345 344
f 648 344 647
f 647 344 343
f 647 343 646
f 646 343 342
f 646 342 645
f 645 342 341
f 645 341 644
f 644 341 340
f 644 340 643
f 643 340 339
f 643 339 642
f 642 339 338
f 642 338 641
f 641 338 337
f 641 337 640
f 640 337 336
f 640 336 639
f 639 336 335
f 639 335 638
f 638 335 334
f 638 334 637
f 637 334 333
f 637 333 636
f 636 333 332
f 636 332 635
f 635 332 331
f 635 331 634
f 634 331 330
f 634 330 633
f 633 330 329
f 633 329 632
f 632 329 328
f 632 328 631
f 631 328 327
f 631 327 630
f 630 327 326
f 630 326 629
f 629 326 325
f 629 325 628
f 628 325 324
f 628 324 627
f 627 324 323
f 627 323 626
f 626 323 322
f 626 322 625
f 625 322 321
f 625 321 624
f 624 321 320
f 624 320 623
f 623 320 319
f 623 319 622
f 622 319 318
f 622 318 621
f 621 318 317
f 621 317 620
f 620 317 316
f 620 316 619
f 619 316 315
f 619 315 618
f 618 315 314
f 618 314 617
f 617 314 313
f 617 313 616
f 616 313 312
f 616 312 615
f 615 312 311
f 615 311 614
f 614 311 310
f 614 310 613
f 613 310 309
f 613 309 612
f 612 309 308
f 612 308 611
f 611 308 307
f 611 307 610
f 610 307 306
f 610 306 609
f 609 306 305
f 609 305 608
f 608 305 304
f 608 304 607
f 607 304 303
f 607 303 606
f 606 303 302
f 606 302 605
f 605 302 301
f 605 301 604
f 604 301 300
f 604 300 603
f 603 300 299
f 603 299 602
f 602 299 298
f 602 298 601
f 601 298 297
f 601 297 600
f 600 297 296
f 600 296 599
f 599 296 295
f 599 295 598
f 598 295 294
f 598 294 597
f 597 294 293
f 597 293 596
f 596 293 292
f 596 292 595
f 595 292 291
f 595 291 594
f 594 291 290
f 594 290 593
f 593 290 289
f 593 289 592
f 592 289 288
f 592 288 591
f 591 288 287
f 591 287 590
f 590 287 286
f 590 286 589
f 589 286 285
f 589 285 588
f 588 285 284
f 588 284 587
f 587 284 283
f 587 283 586
f 586 283 282
f 586 282 585
f 585 282 281
f 585 281 584
f 584 281 280
f 584 280 583
f 583 280 279
f 583 279 582
f 582 279 278
f 582 278 581
f 581 278 277
f 581 277 580
f 580 277 276
f 580 276 579
f 579 276 275
f 579 275 578
f 578 275 274
f 578 274 577
f 577 274 273
f 577 273 576
f 576 273 272
f 576 272 575
f 575 272 271
f 575 271 574
f 574 271 270
f 574 270 573
f 573 270 269
f 573 269 572
f 572 269 268
f 572 268 571
f 571 268 267
f 571 267 570
f 570 267 266
f 570 266 569
f 569 266 265
f 569 265 568
f 568 265 264
f 568 264 567
f 567 264 263
f 567 263 566
f 566 263 535
f 566 535 565
f 565 535 536
f 565 536 564
f 564 536 537
f 564 537 563
f 563 537 538
f 563 538 562
f 562 538 539
f 562 539 561
f 561 539 540
f 561 540 560
f 560 540 541
f 560 541 559
f 559 541 542
f 559 542 558
f 558 542 543
f 558 543 557
f 557 543 544
f 557 544 556
f 556 544 545
f 556 545 555
f 555 545 546
f 555 546 554
f 554 546 547
f 554 547 553
f 553 547 548
f 553 548 552
f 552 548 549
f 552 549 551
f 551 549 550
f 503 520 504
f 504 520 521
f 504 521 505
f 505 521 522
f 505 522 506
f 506 522 523
f 506 523 507
f 507 523 524
f 507 524 508
f 508 524 525
f 508 525 509
f 509 525 526
f 509 526 510
f 510 526 511
f 511 526 527
f 511 527 512
f 512 527 528
f 512 528 513
f 513 528 529
f 513 529 514
f 514 529 530
f 514 530 515
f 515 530 531
f 515 531 516
f 516 531 532
f 516 532 517
f 517 532 533
f 517 533 518
f 518 533 534
f 518 534 1
f 806 837 4
f 4 837 838
f 4 838 5
f 5 838 839
f 5 839 6
f 6 839 840
f 6 840 7
f 7 840 841
f 7 841 8
f 8 841 842
f 8 842 9
f 9 842 843
f 9 843 10
f 10 843 844
f 10 844 11
f 11 844 845
f 11 845 12
f 12 845 846
f 12 846 13
f 13 846 847
f 13 847 14
f 14 847 848
f 14 848 15
f 15 848 849
f 15 849 16
f 16 849 850
f 16 850 17
f 17 850 851
f 17 851 18
f 18 851 852
f 18 852 19
f 19 852 853
f 19 853 20
f 20 853 854
f 20 854 21
f 21 854 855
f 21 855 22
f 22 855 856
f 22 856 23
f 23 856 857
f 23 857 24
f 24 857 858
f 24 858 25
f 25 858 859
f 25 859 26
f 26 859 860
f 26 860 27
f 27 860 861
f 27 861 28
f 28 861 862
f 28 862 29
f 29 862 863
f 29 863 30
f 30 863 864
f 30 864 31
f 31 864 865
f 31 865 32
f 32 865 866
f 32 866 33
f 33 866 867
f 33 867 34
f 34 867 868
f 34 868 35
f 35 868 869
f 35 869 36
f 36 869 870
f 36 870 37
f 37 870 871
f 37 871 38
f 38 871 872
f 38 872 39
f 39 872 873
f 39 873 40
f 40 873 874
f 40 874 41
f 41 874 875
f 41 875 42
f 42 875 876
f 42 876 43
f 43 876 877
f 43 877 44
f 44 877 878
f 44 878 45
f 45 878 879
f 45 879 46
f 46 879 880
f 46 880 47
f 47 880 881
f 47 881 48
f 48 881 882
f 48 882 49
f 49 882 883
f 49 883 50
f 50 883 884
f 50 884 51
f 51 884 885
f 51 885 52
f 52 885 886
f 52 886 53
f 53 886 887
f 53 887 54
f 54 887 888
f 54 888 55
f 55 888 889
f 55 889 56
f 56 889 890
f 56 890 57
f 57 890 891
f 57 891 58
f 58 891 892
f 58 892 59
f 59 892 893
f 59 893 60
f 60 893 894
f 60 894 61
f 61 894 895
f 61 895 62
f 62 895 896
f 62 896 63
f 63 896 897
f 63 897 64
f 64 897 898
f 64 898 65
f 65 898 899
f 65 899 66
f 66 899 900
f 66 900 67
f 67 900 901
f 67 901 68
f 68 901 902
f 68 902 69
f 69 902 903
f 69 903 70
f 70 903 904
f 70 904 71
f 71 904 905
f 71 905 72
f 72 905 906
f 72 906 73
f 73 906 907
f 73 907 74
f 74 907 908
f 74 908 75
f 75 908 909
f 75 909 76
f 76 909 910
f 76 910 77
f 77 910 911
f 77 911 78
f 78 911 912
f 78 912 79
f 79 912 913
f 79 913 80
f 80 913 914
f 80 914 81
f 81 914 915
f 81 915 82
f 82 915 916
f 82 916 83
f 83 916 917
f 83 917 84
f 84 917 918
f 84 918 85
f 85 918 919
f 85 919 86
f 86 919 920
f 86 920 87
f 87 920 921
f 87 921 88
f 88 921 922
f 88 922 89
f 89 922 923
f 89 923 90
f 90 923 924
f 90 924 91
f 91 924 925
f 91 925 92
f 92 925 926
f 92 926 93
f 93 926 927
f 93 927 94
f 94 927 928
f 94 928 95
f 95 928 929
f 95 929 96
f 96 929 930
f 96 930 97
f 97 930 931
f 97 931 98
f 98 931 932
f 98 932 99
f 99 932 933
f 99 933 100
f 100 933 934
f 100 934 101
f 101 934 935
f 101 935 102
f 102 935 936
f 102 936 103
f 103 936 937
f 103 937 104
f 104 937 938
f 104 938 105
f 105 938 939
f 105 939 106
f 106 939 940
f 106 940 107
f 107 940 941
f 107 941 108
f 108 941 942
f 108 942 109
f 109 942 943
f 109 943 110
f 110 943 944
f 110 944 111
f 111 944 945
f 111 945 112
f 112 945 946
f 112 946 113
f 113 946 947
f 113 947 114
f 114 947 948
f 114 948 115
f 115 948 949
f 115 949 116
f 116 949 950
f 116 950 117
f 117 950 951
f 117 951 118
f 118 951 952
f 118 952 119
f 119 952 953
f 119 953 120
f 120 953 954
f 120 954 121
f 121 954 955
f 121 955 122
f 122 955 956
f 122 956 123
f 123 956 957
f 123 957 124
f 124 957 958
f 124 958 125
f 125 958 959
f 125 959 126
f 126 959 960
f 126 960 127
f 127 960 961
f 127 961 128
f 128 961 962
f 128 962 129
f 129 962 963
f 129 963 130
f 130 963 964
f 130 964 131
f 131 964 965
f 131 965 132
f 132 965 966
f 132 966 133
f 133 966 967
f 133 967 134
f 134 967 968
f 134 968 135
f 135 968 969
f 135 969 136
f 136 969 970
f 136 970 137
f 137 970 971
f 137 971 138
f 138 971 972
f 138 972 139
f 139 972 973
f 139 973 140
f 140 973 974
f 140 974 141
f 141 974 975
f 141 975 142
f 142 975 976
f 142 976 143
f 143 976 977
f 143 977 144
f 144 977 978
f 144 978 145
f 145 978 979
f 145 979 146
f 146 979 980
f 146 980 147
f 147 980 981
f 147 981 148
f 148 981 982
f 148 982 149
f 149 982 983
f 149 983 150
f 150 983 984
f 150 984 151
f 151 984 985
f 151 985 152
f 152 985 986
f 152 986 153
f 153 986 987
f 153 987 154
f 154 987 988
f 154 988 155
f 155 988 989
f 155 989 156
f 156 989 990
f 156 990 157
f 157 990 991
f 157 991 158
f 158 991 992
f 158 992 159
f 159 992 993
f 159 993 160
f 160 993 994
f 160 994 161
f 161 994 995
f 161 995 162
f 162 995 996
f 162 996 163
f 163 996 997
f 163 997 164
f 164 997 998
f 164 998 165
f 165 998 999
f 165 999 166
f 166 999 1000
f 166 1000 167
f 167 1000 1001
f 167 1001 168
f 168 1001 1002
f 168 1002 169
f 169 1002 1003
f 169 1003 170
f 170 1003 1004
f 170 1004 171
f 171 1004 1005
f 171 1005 172
f 172 1005 1006
f 172 1006 173
f 173 1006 1007
f 173 1007 174
f 174 1007 1008
f 174 1008 175
f 175 1008 1009
f 175 1009 176
f 176 1009 1010
f 176 1010 177
f 177 1010 1011
f 177 1011 178
f 178 1011 1012
f 178 1012 179
f 179 1012 1013
f 179 1013 180
f 180 1013 1014
f 180 1014 181
f 181 1014 1015
f 181 1015 182
f 182 1015 1016
f 182 1016 183
f 183 1016 1017
f 183 1017 184
f 184 1017 1018
f 184 1018 185
f 185 1018 1019
f 185 1019 186
f 186 1019 1020
f 186 1020 187
f 187 1020 1021
f 187 1021 188
f 188 1021 1022
f 188 1022 189
f 189 1022 1023
f 189 1023 190
f 190 1023 1024
f 190 1024 191
f 191 1024 1025
f 191 1025 192
f 192 1025 1026
f 192 1026 193
f 193 1026 1027
f 193 1027 194
f 194 1027 1028
f 194 1028 195
f 195 1028 1029
f 195 1029 196
f 196 1029 1030
f 196 1030 197
f 197 1030 1031
f 197 1031 198
f 198 1031 1032
f 198 1032 199
f 199 1032 1033
f 199 1033 200
f 200 1033 1034
f 200 1034 201
f 201 1034 1035
f 201 1035 202
f 202 1035 1036
f 202 1036 203
f 203 1036 1037
f 203 1037 204
f 204 1037 1038
f 204 1038 205
f 205 1038 1039
f 205 1039 206
f 206 1039 1040
f 206 1040 207
f 207 1040 1041
f 207 1041 208
f 208 1041 1042
f 208 1042 209
f 209 1042 1043
f 209 1043 210
f 210 1043 1044
f 210 1044 211
f 211 1044 1045
f 211 1045 212
f 212 1045 1046
f 212 1046 213
f 213 1046 1047
f 213 1047 214
f 214 1047 1048
f 214 1048 215
f 215 1048 1049
f 215 1049 216
f 216 1049 1050
f 216 1050 217
f 217 1050 1051
f 217 1051 218
f 218 1051 1052
f 218 1052 219
f 219 1052 1053
f 219 1053 220
f 220 1053 1054
f 220 1054 221
f 221 1054 1055
f 221 1055 222
f 222 1055 1056
f 222 1056 223
f 223 1056 1057
f 223 1057 224
f 224 1057 1058
f 224 1058 225
f 225 1058 1059
f 225 1059 226
f 226 1059 1060
f 226 1060 227
f 227 1060 1061
f 227 1061 228
f 228 1061 1062
f 228 1062 229
f 229 1062 1063
f 229 1063 230
f 230 1063 1064
f 230 1064 231
f 231 1064 1065
f 231 1065 232
f 232 1065 1066
f 232 1066 233
f 233 1066 1067
f 233 1067 234
f 234 1067 1068
f 234 1068 235
f 235 1068 1069
f 235 1069 236
f 236 1069 1070
f 236 1070 237
f 237 1070 1071
f 237 1071 238
f 238 1071 1072
f 238 1072 239
f 239 1072 1073
f 239 1073 240
f 240 1073 1074
f 240 1074 241
f 241 1074 1075
f 241 1075 242
f 242 1075 1076
f 242 1076 243
f 243 1076 1077
f 243 1077 244
f 244 1077 1078
f 244 1078 245
f 245 1078 1079
f 245 1079 246
f 246 1079 1080
f 246 1080 247
f 247 1080 1081
f 247 1081 248
f 248 1081 1082
f 248 1082 249
f 249 1082 1083
f 249 1083 250
f 250 1083 1084
f 250 1084 251
f 251 1084 252
f 252 1084 1085
f 252 1085 253
f 253 1085 1086
f 253 1086 254
f 254 1086 1087
f 254 1087 255
f 255 1087 1088
f 255 1088 256
f 256 1088 1089
f 256 1089 257
f 257 1089 1090
f 257 1090 258
f 258 1090 1091
f 258 1091 259
f 259 1091 1092
f 259 1092 260
f 837 806 836
f 836 806 807
f 836 807 835
f 835 807 808
f 835 808 834
f 834 808 809
f 834 809 833
f 833 809 810
f 833 810 832
f 832 810 811
f 832 811 831
f 831 811 812
f 831 812 830
f 830 812 813
f 830 813 829
f 829 813 814
f 829 814 828
f 828 814 815
f 828 815 827
f 827 815 816
f 827 816 826
f 826 816 817
f 826 817 825
f 825 817 818
f 825 818 824
f 824 818 819
f 824 819 823
f 823 819 820
f 823 820 822
f 822 820 821
f 1094 525 1093
f 1093 525 524
f 1093 524 523
f 1095 533 1094
f 1094 533 532
f 1094 532 531
f 1096 807 1095
f 1095 807 806
f 1095 806 4
f 1097 815 1096
f 1096 815 814
f 1096 814 813
f 1098 1105 1097
f 1097 1105 821
f 1097 821 820
f 1093 1099 1098
f 1098 1099 1100
f 1098 1100 1101
f 820 819 1097
f 1097 819 818
f 1097 818 817
f 817 816 1097
f 1097 816 815
f 813 812 1096
f 1096 812 811
f 1096 811 810
f 810 809 1096
f 1096 809 808
f 1096 808 807
f 4 3 1095
f 1095 3 2
f 1095 2 1
f 1 534 1095
f 1095 534 533
f 531 530 1094
f 1094 530 529
f 1094 529 528
f 528 527 1094
f 1094 527 526
f 1094 526 525
f 523 522 1093
f 1093 522 521
f 1093 521 520
f 520 519 1093
f 1093 519 1099
f 1101 1102 1098
f 1098 1102 1103
f 1098 1103 1104
f 1104 1105 1098
f 1077 1076 1112
f 1112 1076 1075
f 1112 1075 1074
f 1112 1074 1111
f 1111 1074 1073
f 1111 1073 1110
f 1110 1073 1072
f 1110 1072 1071
f 1110 1071 1109
f 1109 1071 1070
f 1109 1070 1069
f 1109 1069 1108
f 1108 1069 1068
f 1108 1068 1067
f 1108 1067 1107
f 1107 1067 1066
f 1107 1066 1106
f 1106 1066 1065
f 1106 1065 1064
f 1106 1064 550
f 550 1064 1063
f 550 1063 1062
f 550 1062 551
f 551 1062 1061
f 551 1061 552
f 552 1061 1060
f 552 1060 553
f 553 1060 1059
f 553 1059 554
f 554 1059 1058
f 554 1058 555
f 555 1058 1057
f 555 1057 556
f 556 1057 1056
f 556 1056 557
f 557 1056 1055
f 557 1055 558
f 558 1055 1054
f 558 1054 559
f 559 1054 1053
f 559 1053 560
f 560 1053 1052
f 560 1052 561
f 561 1052 1051
f 561 1051 562
f 562 1051 1050
f 562 1050 563
f 563 1050 1049
f 563 1049 564
f 564 1049 1048
f 564 1048 565
f 565 1048 1047
f 565 1047 566
f 566 1047 1046
f 566 1046 567
f 567 1046 1045
f 567 1045 568
f 568 1045 1044
f 568 1044 569
f 569 1044 1043
f 569 1043 570
f 570 1043 1042
f 570 1042 571
f 571 1042 1041
f 571 1041 572
f 572 1041 1040
f 572 1040 573
f 573 1040 1039
f 573 1039 574
f 574 1039 1038
f 574 1038 575
f 575 1038 1037
f 575 1037 576
f 576 1037 1036
f 576 1036 577
f 577 1036 1035
f 577 1035 578
f 578 1035 1034
f 578 1034 579
f 579 1034 1033
f 579 1033 580
f 580 1033 1032
f 580 1032 581
f 581 1032 1031
f 581 1031 582
f 582 1031 1030
f 582 1030 583
f 583 1030 1029
f 583 1029 584
f 584 1029 1028
f 584 1028 585
f 585 1028 1027
f 585 1027 586
f 586 1027 1026
f 586 1026 587
f 587 1026 1025
f 587 1025 588
f 588 1025 1024
f 588 1024 589
f 589 1024 1023
f 589 1023 590
f 590 1023 1022
f 590 1022 591
f 591 1022 1021
f 591 1021 592
f 592 1021 1020
f 592 1020 593
f 593 1020 1019
f 593 1019 594
f 594 1019 1018
f 594 1018 595
f 595 1018 1017
f 595 1017 596
f 596 1017 1016
f 596 1016 597
f 597 1016 1015
f 597 1015 598
f 598 1015 1014
f 598 1014 599
f 599 1014 1013
f 599 1013 600
f 600 1013 1012
f 600 1012 601
f 601 1012 1011
f 601 1011 602
f 602 1011 1010
f 602 1010 603
f 603 1010 1009
f 603 1009 604
f 604 1009 1008
f 604 1008 605
f 605 1008 1007
f 605 1007 606
f 606 1007 1006
f 606 1006 607
f 607 1006 1005
f 607 1005 608
f 608 1005 1004
f 608 1004 609
f 609 1004 1003
f 609 1003 610
f 610 1003 1002
f 610 1002 611
f 611 1002 1001
f 611 1001 612
f 612 1001 1000
f 612 1000 613
f 613 1000 999
f 613 999 614
f 614 999 998
f 614 998 615
f 615 998 997
f 615 997 616
f 616 997 996
f 616 996 617
f 617 996 995
f 617 995 618
f 618 995 994
f 618 994 619
f 619 994 993
f 619 993 620
f 620 993 992
f 620 992 621
f 621 992 991
f 621 991 622
f 622 991 990
f 622 990 623
f 623 990 989
f 623 989 624
f 624 989 988
f 624 988 625
f 625 988 987
f 625 987 626
f 626 987 986
f 626 986 627
f 627 986 985
f 627 985 628
f 628 985 984
f 628 984 629
f 629 984 983
f 629 983 630
f 630 983 982
f 630 982 631
f 631 982 981
f 631 981 632
f 632 981 980
f 632 980 633
f 633 980 979
f 633 979 634
f 634 979 978
f 634 978 635
f 635 978 977
f 635 977 636
f 636 977 976
f 636 976 637
f 637 976 975
f 637 975 638
f 638 975 974
f 638 974 639
f 639 974 973
f 639 973 640
f 640 973 972
f 640 972 641
f 641 972 971
f 641 971 642
f 642 971 970
f 642 970 643
f 643 970 969
f 643 969 644
f 644 969 968
f 644 968 645
f 645 968 967
f 645 967 646
f 646 967 966
f 646 966 647
f 647 966 965
f 647 965 648
f 648 965 964
f 648 964 649
f 649 964 963
f 649 963 650
f 650 963 962
f 650 962 651
f 651 962 961
f 651 961 652
f 652 961 960
f 652 960 653
f 653 960 959
f 653 959 654
f 654 959 958
f 654 958 655
f 655 958 957
f 655 957 656
f 656 957 956
f 656 956 657
f 657 956 955
f 657 955 658
f 658 955 954
f 658 954 659
f 659 954 953
f 659 953 660
f 660 953 952
f 660 952 661
f 661 952 951
f 661 951 662
f 662 951 950
f 662 950 663
f 663 950 949
f 663 949 664
f 664 949 948
f 664 948 665
f 665 948 947
f 665 947 666
f 666 947 946
f 666 946 667
f 667 946 945
f 667 945 668
f 668 945 944
f 668 944 669
f 669 944 943
f 669 943 670
f 670 943 942
f 670 942 671
f 671 942 941
f 671 941 672
f 672 941 940
f 672 940 673
f 673 940 939
f 673 939 674
f 674 939 938
f 674 938 675
f 675 938 937
f 675 937 676
f 676 937 936
f 676 936 677
f 677 936 935
f 677 935 678
f 678 935 934
f 678 934 679
f 679 934 933
f 679 933 680
f 680 933 932
f 680 932 681
f 681 932 931
f 681 931 682
f 682 931 930
f 682 930 683
f 683 930 929
f 683 929 684
f 684 929 928
f 684 928 685
f 685 928 927
f 685 927 686
f 686 927 926
f 686 926 687
f 687 926 925
f 687 925 688
f 688 925 924
f 688 924 689
f 689 924 923
f 689 923 690
f 690 923 922
f 690 922 691
f 691 922 921
f 691 921 692
f 692 921 920
f 692 920 693
f 693 920 919
f 693 919 694
f 694 919 918
f 694 918 695
f 695 918 917
f 695 917 696
f 696 917 916
f 696 916 697
f 697 916 915
f 697 915 698
f 698 915 914
f 698 914 699
f 699 914 913
f 699 913 700
f 700 913 912
f 700 912 701
f 701 912 911
f 701 911 702
f 702 911 910
f 702 910 703
f 703 910 909
f 703 909 704
f 704 909 908
f 704 908 705
f 705 908 907
f 705 907 706
f 706 907 906
f 706 906 707
f 707 906 905
f 707 905 708
f 708 905 904
f 708 904 709
f 709 904 903
f 709 903 710
f 710 903 902
f 710 902 711
f 711 902 901
f 711 901 712
f 712 901 900
f 712 900 713
f 713 900 899
f 713 899 714
f 714 899 898
f 714 898 715
f 715 898 897
f 715 897 716
f 716 897 896
f 716 896 717
f 717 896 895
f 717 895 718
f 718 895 894
f 718 894 719
f 719 894 893
f 719 893 720
f 720 893 892
f 720 892 721
f 721 892 891
f 721 891 722
f 722 891 890
f 722 890 723
f 723 890 889
f 723 889 724
f 724 889 888
f 724 888 725
f 725 888 887
f 725 887 726
f 726 887 886
f 726 886 727
f 727 886 885
f 727 885 728
f 728 885 884
f 728 884 729
f 729 884 883
f 729 883 730
f 730 883 882
f 730 882 731
f 731 882 881
f 731 881 732
f 732 881 880
f 732 880 733
f 733 880 879
f 733 879 734
f 734 879 878
f 734 878 735
f 735 878 877
f 735 877 736
f 736 877 876
f 736 876 737
f 737 876 875
f 737 875 738
f 738 875 874
f 738 874 739
f 739 874 873
f 739 873 740
f 740 873 872
f 740 872 741
f 741 872 871
f 741 871 742
f 742 871 870
f 742 870 743
f 743 870 869
f 743 869 744
f 744 869 868
f 744 868 745
f 745 868 867
f 745 867 746
f 746 867 866
f 746 866 747
f 747 866 865
f 747 865 748
f 748 865 864
f 748 864 749
f 749 864 863
f 749 863 750
f 750 863 862
f 750 862 751
f 751 862 861
f 751 861 752
f 752 861 860
f 752 860 753
f 753 860 859
f 753 859 754
f 754 859 858
f 754 858 755
f 755 858 857
f 755 857 756
f 756 857 856
f 756 856 757
f 757 856 855
f 757 855 758
f 758 855 854
f 758 854 759
f 759 854 853
f 759 853 760
f 760 853 852
f 760 852 761
f 761 852 851
f 761 851 762
f 762 851 850
f 762 850 763
f 763 850 849
f 763 849 764
f 764 849 848
f 764 848 765
f 765 848 847
f 765 847 766
f 766 847 846
f 766 846 767
f 767 846 845
f 767 845 768
f 768 845 844
f 768 844 769
f 769 844 843
f 769 843 770
f 770 843 842
f 770 842 771
f 771 842 841
f 771 841 772
f 772 841 840
f 772 840 773
f 773 840 839
f 773 839 774
f 774 839 838
f 774 838 775
f 775 838 837
f 775 837 776
f 776 837 836
f 776 836 777
f 777 836 835
f 777 835 778
f 778 835 834
f 778 834 779
f 779 834 833
f 779 833 780
f 780 833 832
f 780 832 781
f 781 832 831
f 781 831 782
f 782 831 830
f 782 830 783
f 783 830 829
f 783 829 784
f 784 829 828
f 784 828 785
f 785 828 827
f 785 827 786
f 786 827 826
f 786 826 787
f 787 826 825
f 787 825 788
f 788 825 824
f 788 824 789
f 789 824 823
f 789 823 790
f 790 823 822
f 790 822 791
f 791 822 821
f 791 821 792
f 792 821 793
f 793 821 1105
f 793 1105 794
f 794 1105 795
f 795 1105 1104
f 795 1104 796
f 796 1104 1103
f 796 1103 797
f 797 1103 798
f 798 1103 1102
f 798 1102 799
f 799 1102 800
f 800 1102 1101
f 800 1101 801
f 801 1101 802
f 802 1101 1100
f 802 1100 803
f 803 1100 1099
f 803 1099 804
f 804 1099 805
f 805 1099 519
f 1113 1114 1098
f 1098 1114 1093
f 1115 1113 1097
f 1097 1113 1098
f 1116 1115 1096
f 1096 1115 1097
f 1117 1116 1095
f 1095 1116 1096
f 1118 1117 1094
f 1094 1117 1095
f 1114 1118 1093
f 1093 1118 1094
f 261 260 1117
f 1117 260 1092
f 1117 1092 1091
f 1117 1091 1116
f 1116 1091 1090
f 1116 1090 1089
f 1089 1088 1116
f 1116 1088 1087
f 1116 1087 1086
f 1086 1085 1116
f 1116 1085 1084
f 1116 1084 1083
f 1116 1083 1115
f 1115 1083 1082
f 1115 1082 1081
f 1081 1080 1115
f 1115 1080 1079
f 1115 1079 1078
f 1078 1077 1115
f 1115 1077 1112
f 1115 1112 1113
f 1113 1112 1111
f 1113 1111 1110
f 1110 1109 1113
f 1113 1109 1108
f 1113 1108 1107
f 1107 1106 1113
f 1113 1106 1114
f 1114 1106 550
f 1114 550 549
f 549 548 1114
f 1114 548 547
f 1114 547 546
f 546 545 1114
f 1114 545 544
f 1114 544 1118
f 1118 544 543
f 1118 543 542
f 542 541 1118
f 1118 541 540
f 1118 540 539
f 539 538 1118
f 1118 538 537
f 1118 537 536
f 1118 536 1117
f 1117 536 535
f 1117 535 263
f 263 262 1117
f 1117 262 261
