mtllib M8_Nut_Corpo1_Mesh.mtl
v 0.0035216917991638184 0.0016650301218032837 0.0005717743039131165
v 0.0034259035587310793 0.0018402981758117677 0.00023940762877464294
v 0.0036256442070007324 0.0014183491468429566 0.00021546685695648195
v 0.003647279977798462 0.0013515644073486329 0.0005544477701187134
v 0.003647279977798462 0.0013515644073486329 0.0002118600904941559
v 0.0028820483684539795 0.002602479696273804 0.0002872891426086426
v 0.0031764276027679444 0.0022367494106292725 0.00026334840059280394
v 0.0029680874347686767 0.002511327981948853 0.0006237537860870362
v 0.0027360074520111086 0.0027588016986846925 0.0006410802602767944
v 0.0025475969314575197 0.002932265281677246 0.0003112299144268036
v 0.0024836812019348145 0.002986238241195679 0.0006584067344665527
v 0.0021779046058654785 0.003220882892608643 0.0003351706862449646
v 0.0033630456924438478 0.001962807655334473 0.0005891007781028747
v 0.0031778056621551516 0.0022454519271850586 0.0006064272522926331
v 0.0022132248878479004 0.003192002773284912 0.0006757332682609559
v 0.003752980947494507 0.001031631588935852 0.0005371212959289551
v 0.0013521242141723633 0.003653721332550049 0.00038305220007896424
v 0.0017778034210205078 0.0034631094932556154 0.00035911142826080324
v 0.0016263853311538697 0.003531977653503418 0.0007103862166404724
v 0.0019267542362213135 0.0033744609355926512 0.0006930597424507141
v 0.0004454135298728943 0.0038653404712677003 0.0004309337139129639
v 0.0003283170163631439 0.003880350112915039 0.0007796922326087952
v -2.230490371584892e-05 0.0038867940902709962 0.0004548744857311249
v -0.0006830835938453674 0.0038252100944519045 0.0008316717147827149
v -0.0009516463875770569 0.0037666962146759033 0.0005027559995651245
v -0.0004903131723403931 0.0038535313606262206 0.0004788152575492859
v -0.00034728980064392093 0.003872855663299561 0.0008143451809883118
v 0.0009058772325515747 0.0037880277633666995 0.00040699297189712523
v 0.0009924167394638062 0.0037656495571136476 0.0007450392246246339
v -0.001826427698135376 0.003436880350112915 0.0005506375432014466
v -0.0013993395566940308 0.003627431392669678 0.0005266968011856079
v -0.001651939868927002 0.0035166604518890384 0.0008836511969566345
v -0.0019535816907882693 0.0033613789081573487 0.0009009776711463929
v -0.0022259461879730225 0.0031961865425109864 0.0005745782852172852
v -0.0025096564292907716 0.0029771592617034914 0.0009356306791305542
v -0.002591148853302002 0.0029067816734313964 0.0005985190868377686
v -0.0032023439407348636 0.0022016716003417968 0.0006464005708694458
v -0.002917618989944458 0.002573162078857422 0.0006224598288536072
v -0.0029860043525695803 0.0025004255771636963 0.0009702836275100708
v -0.0027590084075927736 0.002749884605407715 0.0009529571533203125
v -0.0010141502618789672 0.003749407768249512 0.0008489981889724732
v 0.0006630488634109497 0.0038385350704193116 0.0007623656988143921
v -0.0034423303604125977 0.0017986801862716676 0.0006703413724899292
v -0.0033684513568878176 0.0019437628984451294 0.0010049365758895874
v -9.309387765824796e-06 0.0038915131092071534 0.0007970187067985535
v 0.0013142342567443847 0.00366291880607605 0.0007277127504348755
v -0.0013379492759704591 0.0036462805271148683 0.0008663246631622314
v -0.0022403340339660644 0.003181267738342285 0.0009183041453361511
v -0.003650586128234863 0.0013272409439086914 0.0010395896434783937
v -0.0037761156558990478 0.0009236741065979004 0.0007182228565216065
v -0.0036345853805541993 0.0013705577850341797 0.0006942821145057679
v -0.0038265130519866946 0.0006714272499084473 0.0010742425918579101
v -0.0038639278411865237 0.00046439889073371886 0.0007421636581420899
v -0.003895029067993164 -8.980641141533852e-07 0.0007661044001579285
v -0.003872806549072266 0.0003352133333683014 0.0010915690660476686
v -0.003189398527145386 0.0022308621406555177 0.000987610161304474
v -0.0035224261283874512 0.0016416988372802736 0.0010222631692886352
v -0.0037521939277648927 0.0010029600858688355 0.0010569161176681519
v -0.0038903374671936035 -3.1106292735785245e-06 0.0011088955402374268
v -0.002470479488372803 -0.0030047495365142824 3.465298563241959e-05
v -0.0023428502082824708 -0.0031049041748046876 0.0
v -0.0026630568504333496 -0.002835049390792847 0.0
v -0.002724308013916016 -0.0027810344696044924 1.7326492816209793e-05
v -0.002956779956817627 -0.0025360939502716063 -4.485545557897505e-19
v -0.001908494234085083 -0.003383997917175293 6.930597126483917e-05
v -0.001624999761581421 -0.0035339429378509523 0.0
v -0.0019954891204833985 -0.003338772296905518 0.0
v -0.0009660575389862061 -0.0037654309272766116 0.00012128545343875885
v -0.001235676169395447 -0.0036881542205810546 0.0
v -0.0012902321815490723 -0.0036647884845733645 0.00010395896434783936
v -0.002197733402252197 -0.0032061147689819336 5.197948217391968e-05
v -0.0016051857471466064 -0.003537266492843628 8.663246780633926e-05
v -0.0004187418818473816 -0.003867044448852539 0.0
v -0.0008320307731628418 -0.003799618721008301 0.0
v -0.0006350859999656677 -0.003838061571121216 0.00013861194252967835
v 3.7551607936620716e-05 -0.003894758224487305 0.00017326493561267852
v 0.00041754961013793944 -0.003867173433303833 0.0
v -5.996052641421556e-07 -0.0038896498680114746 0.0
v 0.0007083709239959717 -0.0038274710178375247 0.00020791792869567872
v 0.0008308593034744262 -0.003799875020980835 0.0
v 0.001234539031982422 -0.0036885349750518798 0.0
v 0.0013586885929107665 -0.003641284704208374 0.0002425709068775177
v 0.0016239101886749267 -0.003534443855285645 0.0
v 0.002341892719268799 -0.0031056263446807863 0.0
v 0.0019944597482681277 -0.0033393874168396 0.0
v 0.002255481719970703 -0.003162688970565796 0.00029455038905143736
v 0.0016704102754592895 -0.0035069754123687744 0.0002598974108695984
v 0.0010372424125671387 -0.0037485675811767577 0.00022524441778659822
v 0.0029516172409057616 -0.00253324556350708 2.7755575615628914e-19
v 0.0026621828079223635 -0.0028358702659606935 0.0
v 0.0027740614414215087 -0.0027265312671661377 0.00032920336723327637
v 0.003002668142318726 -0.0024773826599121095 0.00034652987122535704
v 0.0032329392433166505 -0.0021597912311553955 2.3940762504935265e-05
v 0.0034661908149719238 -0.0017542904615402222 4.788152500987053e-05
v 0.0033870396614074706 -0.0019237240552902222 0.00038118284940719604
v 0.0037823817729949953 -0.0008739758133888244 9.576305001974106e-05
v 0.0036498465538024904 -0.0013234498500823975 7.182228565216065e-05
v 0.003760725498199463 -0.0009836238622665406 0.0004331623315811157
v 0.003539116859436035 -0.0016224839687347412 0.00039850935339927676
v 0.0025242328643798827 -0.0029554176330566406 0.0003118768930435181
v -0.00029974159598350524 -0.0038815481662750244 0.00015593844652175904
v 0.003862271547317505 -0.00041257476806640624 0.00011970381438732147
v 0.003829917907714844 -0.0006513472199440002 0.00045048883557319644
v 0.0003743737041950226 -0.003876642465591431 0.00019059142470359802
v 0.0019701077938079833 -0.0033469924926757813 0.0002772238850593567
v 0.0032077536582946777 -0.002209325075149536 0.00036385637521743776
v 0.0036637351512908934 -0.0013082267045974733 0.00041583585739135743
v 0.003770819664001465 0.000976125955581665 0.00019152610003948212
v 0.003858015298843384 0.0005191825032234192 0.0001675853431224823
v 0.00382532000541687 0.0007010622024536132 0.0005197948217391968
v 0.003869013786315918 0.0003648078441619873 0.0005024682879447937
v 0.003887991189956665 5.4046817123889924e-05 0.0001436445713043213
v 0.003871143102645874 -0.00031406858563423157 0.0004678153395652771
v 0.0038842315673828127 2.5540340691804886e-05 0.0004851418137550354
v 0.0038896501064300537 -9.52689507754197e-19 0.001733895540237427
v 0.0038698866367340087 0.0003780049979686737 0.0014106357097625733
v 0.0038896501064300537 -9.52689507754197e-19 0.001391252040863037
v 0.0037168729305267333 0.001126952290534973 0.0014496982097625733
v 0.003811166048049927 0.0007558297514915467 0.0014301669597625733
v 0.0038163390159606935 0.0007559643983840943 0.0017729580402374267
v 0.0038752243518829347 0.0003795718550682068 0.0017534267902374267
v 0.0034263973236083986 0.001834547996520996 0.0014887607097625734
v 0.0035882141590118407 0.001487736940383911 0.0014692294597625733
v 0.0035895614624023436 0.0014851051568984986 0.0018120205402374267
v 0.003425203800201416 0.0018310574293136598 0.0018315517902374268
v 0.0032326290607452395 0.002163749694824219 0.0015082919597625734
v 0.003720529079437256 0.001125608205795288 0.0017924892902374267
v 0.003229223489761353 0.0021600670814514162 0.0018510830402374268
v 0.0030081167221069336 0.0024717063903808593 0.0015278232097625732
v 0.002754067659378052 0.0027547824382781983 0.0015473544597625732
v 0.003003388166427612 0.002468735933303833 0.0018706142902374268
v 0.003875614881515503 -0.00037987148761749266 0.0017143642902374269
v 0.002471875905990601 0.003009538173675537 0.0015668857097625732
v 0.0027494652271270754 0.0027536661624908447 0.0018901455402374268
v 0.0018355337381362915 0.0034275453090667723 0.0016059482097625733
v 0.0018373589515686035 0.003432791233062744 0.0019487392902374269
v 0.0014887502193450927 0.0035887112617492677 0.0016254794597625733
v 0.002164470911026001 0.0032341408729553225 0.0015864169597625732
v 0.002469222068786621 0.003011459589004517 0.0019096767902374268
v 0.0011309919357299805 0.003718677043914795 0.0019878017902374267
v 0.0007563894391059876 0.0038101675510406495 0.0016645419597625733
v 0.001127806782722473 0.0037165987491607666 0.0016450107097625733
v 0.0007593018412590027 0.0038096048831939696 0.0020073330402374267
v 0.00037818440794944766 0.003868377923965454 0.0016840732097625733
v 0.001491612434387207 0.0035929245948791507 0.0019682705402374267
v -3.122217720374465e-06 0.0038901896476745607 0.0017036044597625733
v 0.00038034656643867493 0.003865264177322388 0.0020268642902374267
v -0.00038414213061332703 0.0038690025806427004 0.0020659267902374268
v -0.0007602956295013428 0.0038204569816589354 0.0017426669597625734
v -0.000383844256401062 0.003874562740325928 0.0017231357097625734
v -0.0007620667815208435 0.003816194534301758 0.0020854580402374268
v -0.0011288638114929199 0.0037271738052368163 0.0017621982097625732
v -2.0695594139397146e-06 0.0038852112293243407 0.0020463955402374267
v -0.001830040454864502 0.0034302005767822266 0.0018012607097625732
v -0.001486422061920166 0.003596266984939575 0.0017817294597625732
v -0.0014902570247650147 0.0035990107059478763 0.002124520540237427
v -0.0024637391567230225 0.0030024588108062745 0.0018403232097625732
v -0.0021567893028259276 0.0032314422130584716 0.0018207919597625732
v -0.002158562421798706 0.0032361619472503662 0.002163583040237427
v -0.0018333001136779787 0.0034347395896911622 0.002144051790237427
v -0.0011320390701293945 0.003726343154907227 0.002104989290237427
v 0.002164427042007446 0.003238720178604126 0.0019292080402374269
v -0.0027479603290557863 0.002745718002319336 0.0018598544597625733
v -0.0024635415077209474 0.003006178140640259 0.002183114290237427
v -0.002745736122131348 0.0027476880550384524 0.002202645540237427
v -0.003236499071121216 0.00215883207321167 0.0018989169597625733
v -0.0032317628860473635 0.002156790018081665 0.002241708040237427
v -0.003434957504272461 0.0018336215019226075 0.0019184482097625733
v -0.0030026438236236573 0.002463592052459717 0.002222176790237427
v -0.003006523609161377 0.0024636867046356203 0.0018793857097625733
v -0.0035989692211151124 0.0014905222654342653 0.0019379794597625733
v -0.0034305913448333743 0.0018301823139190675 0.002261239290237427
v -0.0038157629966735843 0.0007620704174041748 0.0019770419597625734
v -0.0037260143756866456 0.0011321666240692138 0.0019575107097625733
v -0.00372736930847168 0.0011291501522064208 0.002300301790237427
v -0.003596627473831177 0.0014866689443588257 0.002280770540237427
v -0.0038686134815216064 0.00038404276967048644 0.0019965732097625734
v -0.0038203279972076416 0.0007605289816856385 0.002319833040237427
v -0.003874197483062744 0.0003839783668518066 0.002339364290237427
v -0.003889760732650757 3.147764131426811e-06 0.002358895540237427
v -0.0038849639892578128 1.893201027996838e-06 0.0020161044597625734
v -0.003876389026641846 -0.0003805297911167145 0.0007856356501579285
v -0.0038205077648162844 -0.0007602257132530212 0.0011479580402374268
v -0.003722473382949829 -0.001125675082206726 0.0008246981501579285
v -0.0038182425498962404 -0.0007565553784370422 0.0008051669001579285
v -0.0038746926784515383 -0.00038380226492881774 0.0011284267902374268
v -0.0035961639881134035 -0.0014863569736480713 0.0011870205402374268
v -0.0034259037971496585 -0.0018300124406814575 0.0008637606501579285
v -0.00359104061126709 -0.0014845929145812988 0.0008442294001579284
v -0.0034300897121429443 -0.0018300116062164307 0.0012065517902374269
v -0.003229022741317749 -0.002158637523651123 0.0008832919001579285
v -0.003002356767654419 -0.002467172384262085 0.0009028231501579285
v -0.0032313549518585205 -0.002156806707382202 0.0012260830402374269
v -0.0037271215915679933 -0.0011287819147109985 0.0011674892902374268
v -0.0027478652000427245 -0.0027523202896118167 0.0009223544001579285
v -0.0030024151802062987 -0.002463803291320801 0.0012456142902374267
v -0.0021632444858551026 -0.0032392711639404295 0.0009614169001579284
v -0.00246750807762146 -0.0030107853412628172 0.0009418856501579285
v -0.002463744878768921 -0.0030066442489624025 0.0012846767902374267
v -0.0018370898962020875 -0.0034345738887786867 0.0009809481501579286
v -0.002158925771713257 -0.0032366106510162353 0.0013042080402374267
v -0.0027457265853881837 -0.0027480621337890626 0.0012651455402374267
v -0.0011318492889404296 -0.003720531225204468 0.0010200107097625732
v -0.0011321951150894166 -0.0037258918285369876 0.0013628017902374268
v -0.0007603843808174133 -0.0038106989860534667 0.0010395419597625732
v -0.00038145440816879275 -0.003865363359451294 0.0010590732097625732
v -0.0003839957118034363 -0.0038684790134429934 0.0014018642902374268
v 1.117177656851709e-06 -0.0038843021392822264 0.0010786044597625732
v -0.0007620568275451661 -0.003815610408782959 0.0013823330402374268
v -0.00149202561378479 -0.0035950820446014405 0.0010004794597625734
v -0.0018337255716323853 -0.0034350223541259766 0.0013237392902374267
v 0.0007618913054466248 -0.0038141138553619384 0.0011176669597625733
v 0.0003835068941116333 -0.0038672931194305422 0.0010981357097625732
v 0.00038065141439437865 -0.003865198373794556 0.0014409267902374269
v 0.00075961571931839 -0.0038098161220550537 0.0014604580402374269
v 0.0011324468851089478 -0.0037245426177978515 0.0011371982097625733
v 0.0011312594413757325 -0.003719116449356079 0.0014799892902374269
v 0.0014913501739501954 -0.0035983567237854006 0.0011567294597625733
v 0.001491771697998047 -0.003593482971191406 0.0014995205402374267
v 0.0018348406553268433 -0.003435471534729004 0.0011762607097625733
v 0.002464446783065796 -0.0030077984333038332 0.0012153232097625733
v 0.002159987449645996 -0.0032376153469085693 0.0011957919597625733
v 0.002164158582687378 -0.00323894739151001 0.0015385830402374267
v 0.0018373417854309082 -0.0034332988262176516 0.0015190517902374267
v -1.8226890824735165e-06 -0.003884880542755127 0.0014213955402374268
v -0.0014905998706817628 -0.003598940134048462 0.0013432705402374268
v 0.00274588680267334 -0.002749058485031128 0.0012348544597625734
v 0.0024687559604644775 -0.0030113284587860107 0.0015581142902374267
v 0.003230383396148682 -0.002156958818435669 0.0012739169597625732
v 0.003229104995727539 -0.0021596906185150145 0.0016167080402374268
v 0.003428776502609253 -0.0018296740055084228 0.0012934482097625732
v 0.0030030500888824463 -0.0024683303833007812 0.0015971767902374268
v 0.003001976251602173 -0.002464432954788208 0.0012543857097625734
v 0.0037261948585510254 -0.0011278213262557984 0.0013325107097625732
v 0.0035948243141174317 -0.0014856157302856445 0.0013129794597625732
v 0.0035899248123168947 -0.0014849778413772584 0.0016557705402374268
v 0.003721047878265381 -0.001125644326210022 0.0016753017902374268
v 0.0038205568790435794 -0.0007593283653259278 0.0013520419597625732
v 0.003425336837768555 -0.0018307831287384033 0.0016362392902374268
v 0.003875781297683716 -0.00038320842385292054 0.0013715732097625733
v 0.003816884756088257 -0.000756152331829071 0.0016948330402374269
v 0.002748993396759033 -0.002753332853317261 0.0015776455402374268
v 0.0038688693046569824 0.00038410869240760806 0.002660635709762573
v 0.0038896501064300537 -9.52689507754197e-19 0.0026410019397735598
v 0.0038896501064300537 -9.52689507754197e-19 0.0029838955402374267
v 0.003865363597869873 0.0003816879987716675 0.0030034267902374267
v 0.0038160483837127684 0.0007620686292648315 0.002680166959762573
v 0.0038108677864074707 0.000760593056678772 0.0030229580402374267
v 0.0037262341976165773 0.0011320831775665284 0.002699698209762573
v 0.0035990006923675537 0.0014903472661972046 0.002719229459762573
v 0.0037208118438720704 0.0011319921016693115 0.0030424892902374268
v 0.0032391698360443115 0.0021629462242126465 0.003101083040237427
v 0.003006293773651123 0.0024635887145996096 0.002777823209762573
v 0.0032362761497497557 0.002158651828765869 0.002758291959762573
v 0.0034348151683807372 0.0018334078788757324 0.002738760709762573
v 0.0035953757762908936 0.0014920592308044435 0.0030620205402374268
v 0.003434739112854004 0.0018369684219360352 0.003081551790237427
v 0.0027477779388427733 0.0027457287311553956 0.0027973544597625732
v 0.00301052188873291 0.0024671573638916015 0.003120614290237427
v 0.0038669579029083252 -0.00038333627581596373 0.0029643642902374267
v 0.0021567871570587157 0.0032316553592681885 0.0028364169597625733
v 0.0024636390209198 0.0030025808811187746 0.0028168857097625732
v 0.0024669251441955566 0.0030022079944610597 0.003159676790237427
v 0.0021585118770599365 0.0032290508747100832 0.003179208040237427
v 0.001830132007598877 0.0034304616451263426 0.0028559482097625733
v 0.001830045461654663 0.003426108360290527 0.003198739290237427
v 0.0014865840673446656 0.0035965096950531005 0.0028754794597625733
v 0.0011260242462158203 0.0037228736877441405 0.003237801790237427
v 0.0007604517340660096 0.003820377826690674 0.0029145419597625733
v 0.0011290533542633056 0.003727308988571167 0.0028950107097625733
v 0.0014847936630249024 0.0035913820266723633 0.003218270540237427
v 0.0003839351832866669 0.00387432336807251 0.0029340732097625733
v 0.000757004737854004 0.0038185853958129885 0.003257333040237427
v 3.1413717661052942e-06 0.0038899047374725344 0.0029536044597625734
v 0.0003810028731822968 0.0038765189647674563 0.003276864290237427
v -0.0007555580735206604 0.003814457416534424 0.003335458040237427
v -0.0011279617547988892 0.003716578960418701 0.0030121982097625734
v -0.000756501317024231 0.003810020923614502 0.0029926669597625734
v -0.000378720223903656 0.003873616933822632 0.003315926790237427
v -0.00037823551893234256 0.003868133544921875 0.0029731357097625734
v -0.001485750913619995 0.0035886077880859374 0.0033745205402374266
v -0.001835689902305603 0.0034277515411376956 0.0030512607097625735
v -0.0014889227151870727 0.003588818550109863 0.0030317294597625734
v -0.001832131028175354 0.0034250850677490234 0.0033940517902374266
v -0.002164569139480591 0.0032343895435333254 0.0030707919597625735
v -0.0011257307529449463 0.0037189264297485354 0.003354989290237427
v 1.29525747615844e-06 0.0038948214054107667 0.003296395540237427
v 0.0027520177364349367 0.0027475774288177493 0.003140145540237427
v -0.0024718663692474365 0.003009743690490723 0.0030903232097625735
v -0.002161383628845215 0.0032299418449401856 0.0034135830402374267
v -0.00275455641746521 0.002751128911972046 0.0034526455402374267
v -0.0030078623294830325 0.002471630096435547 0.0031293857097625735
v -0.0027538995742797854 0.0027548389434814452 0.0031098544597625735
v -0.0032375268936157228 0.00216495943069458 0.0034917080402374267
v -0.0034262330532073976 0.0018343768119812012 0.003168448209762573
v -0.0032323853969573975 0.0021636011600494384 0.003148916959762573
v -0.0030115017890930177 0.0024706265926361087 0.0034721767902374267
v -0.0037169604301452636 0.0011268448829650879 0.003207510709762573
v -0.003588170051574707 0.001487583041191101 0.003187979459762573
v -0.0035911643505096434 0.0014908663034439087 0.0035307705402374268
v -0.00371747088432312 0.001129980206489563 0.0035503017902374268
v -0.0038113689422607424 0.0007557880282402039 0.003227041959762573
v -0.003809241771697998 0.0007582347989082336 0.003569833040237427
v -0.0038701598644256593 0.0003780377209186554 0.003246573209762573
v -0.0034309675693511964 0.0018371177911758424 0.0035112392902374267
v -0.0024700212478637696 0.0030047619342803956 0.0034331142902374267
v -0.0038658306598663332 0.0003794054090976715 0.003589364290237427
v -0.0038920977115631103 -2.7805555146187545e-06 0.003266104459762573
v -0.00386521315574646 -0.0003805688321590424 0.0020356357097625734
v -0.0038680143356323244 -0.0003782646358013153 0.0023784267902374266
v -0.003809759855270386 -0.0007595338821411133 0.0020551669597625734
v -0.00380995512008667 -0.0007565605640411377 0.0023979580402374266
v -0.003719002723693848 -0.0011311923265457154 0.0020746982097625735
v -0.0035933403968811035 -0.0014917348623275757 0.0020942294597625735
v -0.003588885545730591 -0.0014890104532241822 0.0024370205402374267
v -0.0034331712722778323 -0.0018373520374298097 0.0021137607097625735
v -0.0032388939857482912 -0.002164234161376953 0.0021332919597625735
v -0.0034278686046600344 -0.0018357678651809693 0.0024565517902374267
v -0.003716580152511597 -0.0011280419826507568 0.0024174892902374266
v -0.0032345259189605715 -0.002164616107940674 0.0024760830402374267
v -0.0030113630294799805 -0.0024688782691955568 0.002152823209762573
v -0.0030098538398742676 -0.0024718568325042727 0.0024956142902374267
v -0.002754868745803833 -0.002753809690475464 0.0025151455402374267
v -0.0027534162998199465 -0.0027491145133972167 0.002172354459762573
v -0.0021597816944122317 -0.003229133129119873 0.002211416959762573
v -0.0024684300422668456 -0.0030031352043151855 0.002191885709762573
v -0.0024715914726257324 -0.003007732391357422 0.0025346767902374267
v -0.0021635236740112306 -0.0032322638034820556 0.0025542080402374268
v -0.00183084774017334 -0.0034253005981445313 0.002230948209762573
v -0.001834285616874695 -0.0034261538982391358 0.0025737392902374268
v -0.0014850051403045655 -0.0035898303985595703 0.002250479459762573
v -0.0007561016082763672 -0.003816746711730957 0.002289541959762573
v -0.0011256308555603028 -0.0037209148406982424 0.002270010709762573
v -0.0011267811059951782 -0.003717010498046875 0.002612801790237427
v -0.0007557554244995117 -0.003811476707458496 0.002632333040237427
v -0.0003797942996025086 -0.003875518560409546 0.0023090732097625732
v -0.0014874979257583618 -0.0035881528854370117 0.002593270540237427
v -0.00037804150581359866 -0.0038703017234802246 0.002651864290237427
v -8.5836996731814e-08 -0.0038954226970672606 0.0023286044597625732
v 2.7402816340327263e-06 -0.003892235040664673 0.002671395540237427
v 0.00037964433431625366 -0.0038753242492675782 0.0023481357097625733
v 0.0011275531053543091 -0.003725879430770874 0.002729989290237427
v 0.0014850682020187379 -0.0035896475315093995 0.0024067294597625733
v 0.0011256122589111328 -0.0037206556797027587 0.0023871982097625733
v 0.0007560073137283325 -0.0038164749145507813 0.0023676669597625733
v 0.0003829694986343384 -0.0038760268688201906 0.002690926790237427
v 0.0018296480178833009 -0.0034284234046936036 0.002769051790237427
v 0.002159969329833984 -0.0032291884422302247 0.0024457919597625733
v 0.0018309841156005859 -0.0034252314567565917 0.0024262607097625733
v 0.002157090187072754 -0.0032301504611968995 0.002788583040237427
v 0.002468632698059082 -0.0030032992362976074 0.0024653232097625734
v 0.0014854469299316407 -0.0035944316387176516 0.002749520540237427
v 0.0007590325474739074 -0.003820471286773682 0.002710458040237427
v 0.0027535831928253173 -0.002749344825744629 0.0024848544597625734
v 0.0024647068977355956 -0.0030019075870513917 0.002808114290237427
v -0.003886591911315918 -2.732590772211552e-06 0.003608895540237427
v 0.003238783359527588 -0.00216436505317688 0.0025239169597625734
v 0.0032379450798034667 -0.002160315752029419 0.0028667080402374266
v 0.0034329211711883545 -0.0018373595476150514 0.0025434482097625734
v 0.0030082006454467776 -0.0024646947383880615 0.002847176790237427
v 0.003011430263519287 -0.002469106197357178 0.0025043857097625734
v 0.003593064546585083 -0.0014916564226150513 0.0025629794597625735
v 0.0034355995655059816 -0.001835148572921753 0.0028862392902374266
v 0.0038096542358398437 -0.000759381890296936 0.0026020419597625735
v 0.003718785047531128 -0.0011310619115829468 0.0025825107097625735
v 0.003724158048629761 -0.0011324729919433593 0.0029253017902374267
v 0.0035981612205505374 -0.0014915186166763305 0.0029057705402374266
v 0.003865243673324585 -0.0003804226815700531 0.0026215732097625735
v 0.003813697099685669 -0.0007618035674095154 0.0029448330402374267
v 0.0027494325637817383 -0.002745990514755249 0.002827645540237427
v 0.0038896501064300537 -9.52689507754197e-19 0.004233791828155518
v 0.0038737483024597168 0.00037877357006073 0.003910635709762573
v 0.0038896501064300537 -9.52689507754197e-19 0.003891166687011719
v 0.0038196191787719727 0.0007578234672546387 0.004272958278656006
v 0.0037190351486206057 0.0011257078647613525 0.003949698209762573
v 0.0038145964145660403 0.0007555750608444214 0.003930166959762573
v 0.0038766529560089113 0.0003818936347961426 0.004253427028656006
v 0.0034250741004943847 0.0018320428133010865 0.003988760709762573
v 0.0035886616706848145 0.001485690712928772 0.003969229459762573
v 0.0035926570892333984 0.0014849227666854858 0.004312020778656006
v 0.003426985502243042 0.0018297234773635865 0.004331552028656006
v 0.003229869842529297 0.002161283016204834 0.004008291721343994
v 0.003724244356155396 0.0011265612840652467 0.004292489528656006
v 0.003229357481002808 0.0021577792167663573 0.004351083278656006
v 0.0030046465396881103 0.0024699299335479738 0.004027822971343994
v 0.0027510015964508057 0.002754503011703491 0.004047354221343994
v 0.0030019018650054934 0.002465905427932739 0.004370614528656006
v 0.003872206211090088 -0.00037829244136810305 0.004214364528656006
v 0.0024705328941345217 0.003011520862579346 0.004066885471343994
v 0.002746746301651001 0.002750917911529541 0.004390145778656006
v 0.0018371503353118897 0.0034311060905456545 0.004105947971343994
v 0.00216493821144104 0.0032376337051391603 0.004086416721343994
v 0.0021618492603302 0.0032388646602630614 0.004429208278656006
v 0.00246601939201355 0.0030096323490142823 0.004409677028656006
v 0.0011323425769805908 0.003722240686416626 0.004487802028656006
v 0.0007583145499229432 0.003809250354766846 0.004164541721343994
v 0.0011300606727600098 0.0037175452709197997 0.004145010471343994
v 0.0007612099051475525 0.0038119592666625976 0.004507333278656006
v 0.0003794713020324707 0.003865771293640137 0.0041840729713439944
v -2.6912656612694266e-06 0.003886476755142212 0.004203604221343994
v 0.0003824371099472046 0.003865853548049927 0.004526864528656006
v 0.0014909318685531617 0.003591286897659302 0.004125479221343994
v 0.0014920042753219604 0.0035967228412628173 0.004468270778656006
v -0.0003827057480812073 0.0038660717010498046 0.0045659270286560055
v -0.0007618629336357117 0.0038179190158843996 0.004242666721343994
v -0.00038439530134201053 0.0038707363605499268 0.0042231354713439945
v -0.0007614142894744873 0.003812346458435059 0.004585458278656006
v -0.0011313164234161377 0.003727393627166748 0.0042621979713439945
v -1.450202107662335e-07 0.003883899211883545 0.004546395778656006
v -0.0014919517040252687 0.003597104549407959 0.004624520778656006
v -0.0018320316076278686 0.003433579206466675 0.0043012604713439945
v -0.0014890483617782592 0.003598740577697754 0.004281729221343994
v -0.002463171720504761 0.003004786968231201 0.004340322971343995
v -0.0021576201915740967 0.003234670400619507 0.004320791721343994
v -0.0021614794731140137 0.0032386817932128905 0.004663583278656006
v -0.0018361191749572754 0.0034355390071868896 0.004644052028656006
v -0.0011324398517608644 0.0037226989269256595 0.0046049895286560056
v 0.001836364269256592 0.0034354298114776614 0.004448739528656006
v -0.002746044397354126 0.0027467021942138674 0.004359854221343994
v -0.002465662240982056 0.0030093021392822265 0.004683114528656006
v -0.003003596067428589 0.0024631896018981934 0.004379385471343995
v -0.003001821994781494 0.002465599536895752 0.004722177028656006
v -0.0032331848144531252 0.002157021999359131 0.004398916721343994
v -0.003229462146759033 0.0021575887203216554 0.004741708278656006
v -0.003432168483734131 0.001830972671508789 0.004418447971343995
v -0.0034272518157958984 0.0018296799659729005 0.004761239528656006
v -0.003597905158996582 0.0014878149032592773 0.004437979221343994
v -0.0035930223464965823 0.0014850291013717653 0.004780770778656006
v -0.003727752685546875 0.001130321979522705 0.004457510471343994
v -0.0038765404224395754 0.0003821851909160614 0.004839364528656006
v -0.0038880107402801513 3.0626575462520125e-06 0.004516104221343994
v -0.0038725001811981204 0.0003843455910682678 0.004496572971343994
v -0.0038193500041961673 0.0007613457441329956 0.004477041721343994
v -0.0037246057987213137 0.0011267921924591065 0.004800302028656006
v -0.003819833517074585 0.0007581254839897156 0.004819833278656006
v -0.002746499300003052 0.0027505559921264648 0.004702645778656006
v -0.0038934946060180664 2.235797932371497e-06 0.004858895778656006
v -0.003875946760177612 -0.0003830413818359375 0.0032856357097625732
v -0.003818047285079956 -0.0007618333697319031 0.003647958040237427
v -0.0037259874343872072 -0.0011276378631591797 0.0033246982097625733
v -0.0038205039501190185 -0.000759124517440796 0.0033051669597625732
v -0.003870879411697388 -0.00038440397381782533 0.003628426790237427
v -0.0035986897945404052 -0.0014889472723007202 0.003687020540237427
v -0.00342854118347168 -0.001829659104347229 0.0033637607097625733
v -0.0035945639610290526 -0.0014855016469955446 0.0033442294597625733
v -0.0032345480918884277 -0.0021575582027435303 0.003726083040237427
v -0.0030019280910491943 -0.002464627027511597 0.0034028232097625733
v -0.003230226755142212 -0.002157053232192993 0.0033832919597625733
v -0.003433470964431763 -0.0018319367170333862 0.003706551790237427
v -0.003727449655532837 -0.001131245493888855 0.003667489290237427
v -0.0027459530830383303 -0.0027493233680725097 0.0034223544597625733
v -0.003004683256149292 -0.0024631588459014895 0.003745614290237427
v -0.0021602044105529785 -0.00323785662651062 0.0034614169597625734
v -0.002464609384536743 -0.0030080857276916506 0.0034418857097625734
v -0.0024631783962249755 -0.0030036847591400147 0.003784676790237427
v -0.0021570634841918948 -0.003233304262161255 0.003804208040237427
v -0.0018350460529327393 -0.003435579538345337 0.0034809482097625734
v -0.0014914644956588745 -0.003598245620727539 0.0035004794597625734
v -0.0018310564756393432 -0.003432290554046631 0.003823739290237427
v -0.0011324665546417235 -0.003724296569824219 0.0035200107097625734
v -0.0014879204034805298 -0.0035979905128479006 0.003843270540237427
v -0.0003833947777748108 -0.003867058277130127 0.0035590732097625735
v -0.00038436275720596315 -0.0038723561763763428 0.0039018642902374267
v -9.713105973787607e-07 -0.0038841583728790284 0.0035786044597625735
v -0.0007614033222198487 -0.0038192460536956786 0.0038823330402374266
v -0.0007618349790573121 -0.003813835859298706 0.0035395419597625735
v -0.0027466392517089843 -0.0027460854053497313 0.003765145540237427
v 0.000378815233707428 -0.0038666057586669925 0.003940926790237427
v 0.0007605247497558593 -0.003810772180557251 0.0036176669597625735
v 0.0003816102743148804 -0.0038653314113616943 0.0035981357097625735
v 0.0007574602961540223 -0.0038093411922454834 0.003960458040237427
v 0.0011319469213485719 -0.0037206754684448243 0.003637198209762573
v 0.00112914776802063 -0.003716881275177002 0.003979989290237427
v 0.0014920514822006226 -0.0035952360630035402 0.003656729459762573
v 0.0014901313781738282 -0.003590023994445801 0.003999520540237427
v 0.0018370133638381959 -0.0034346487522125247 0.003676260709762573
v 0.0021650023460388183 -0.0032363097667694094 0.004038583278656006
v 0.002467275381088257 -0.0030105977058410647 0.003715323209762573
v 0.0021630492210388185 -0.0032391788959503175 0.003695791959762573
v 0.0018366650342941284 -0.003429567337036133 0.004019052028656006
v -3.0411777552217245e-06 -0.0038878767490386963 0.003921395540237427
v -0.0011304174661636354 -0.0037277512550354004 0.003862801790237427
v 0.0027476723194122315 -0.002752122402191162 0.003734854459762573
v 0.0024713973999023436 -0.003011048793792725 0.004058114528656006
v 0.003229036808013916 -0.002158591985702515 0.0037739169597625732
v 0.0032307963371276858 -0.002162362575531006 0.0041167082786560056
v 0.003426034450531006 -0.0018300880193710327 0.0037934482097625732
v 0.003005993604660034 -0.0024708347320556642 0.004097177028656006
v 0.0030022542476654053 -0.002467028617858887 0.003754385709762573
v 0.0037227354049682616 -0.0011259813308715822 0.0038325107097625733
v 0.003591262340545654 -0.001484792709350586 0.0038129794597625733
v 0.003588204622268677 -0.001486430883407593 0.004155770778656006
v 0.003717927932739258 -0.0011260682344436646 0.004175302028656006
v 0.0038184683322906496 -0.000756929874420166 0.0038520419597625733
v 0.003425347089767456 -0.0018330451250076294 0.004136239528656006
v 0.003876476526260376 -0.0003809137940406799 0.0038715732097625733
v 0.0038130755424499512 -0.0007555059194564819 0.004194833278656006
v 0.0027523801326751708 -0.002754912853240967 0.0040776457786560055
v -0.0038798069953918457 -0.00028825971484184264 0.005780718803405762
v -0.003887899398803711 -2.7484898455441e-06 0.0057661042213439945
v -0.0038896501064300537 -4.763447538770985e-19 0.006
v -0.0038791539669036867 -0.0002855561673641205 0.006
v -0.003850738763809204 -0.00057191801071167 0.005795333385467529
v -0.0038003489971160887 -0.0008521602153778076 0.005809947967529297
v -0.003847722053527832 -0.0005695711970329284 0.006
v -0.0036300685405731203 -0.0013971325159072875 0.006
v -0.003520881175994873 -0.0016575922966003418 0.005853791236877442
v -0.0036348032951354983 -0.0013963003158569335 0.005839176654815674
v -0.003728301763534546 -0.0011274256706237794 0.005824562549591065
v -0.0037955243587493898 -0.0008505123257637025 0.006
v -0.0037228424549102784 -0.0011268632411956787 0.006
v -0.0035177032947540285 -0.0016598615646362305 0.006
v -0.0033863532543182374 -0.0019136323928833007 0.006
v -0.0033876307010650636 -0.0019101279973983765 0.005868405818939209
v -0.0032367272377014163 -0.0021570754051208497 0.006
v -0.0032361481189727786 -0.002152734041213989 0.0058830204010009764
v -0.0030696325302124023 -0.0023888769149780272 0.006
v -0.002686734676361084 -0.0028126204013824464 0.006
v -0.002469810962677002 -0.003000391721725464 0.005941478252410889
v -0.0028828692436218264 -0.0026034631729125977 0.005912249565124512
v -0.002245914459228516 -0.0031757276058197023 0.006
v -0.002005739688873291 -0.003334131717681885 0.005970707416534424
v -0.0017573134899139405 -0.003474372148513794 0.005985321998596192
v -0.0020067098140716553 -0.003332040309906006 0.006
v -0.0028859713077545165 -0.002607785701751709 0.006
v -0.0024729979038238528 -0.0030022754669189453 0.006
v -0.0017566752433776855 -0.0034703702926635743 0.006
v -0.0014971599578857422 -0.003589970588684082 0.006
v 0.0010275695323944093 -0.004461066722869873 0.005722006320953369
v 0.001301687479019165 -0.0043964476585388185 0.005734180450439453
v 0.001301687479019165 -0.0043964476585388185 0.005630207061767578
v 0.001469686508178711 -0.004338208675384521 0.005741863250732422
v 0.0018018338680267335 -0.004220218181610108 0.005653318881988526
v 0.002275745630264282 -0.003979082345962524 0.005676431179046631
v 0.001896944046020508 -0.0041735959053039555 0.005761719703674317
v 0.002304623365402222 -0.003968025684356689 0.005781576633453369
v 0.0026880059242248536 -0.0037222955226898194 0.005801433086395264
v 0.0027200908660888674 -0.0036845102310180664 0.0056995429992675786
v 0.0031294255256652834 -0.0033416085243225097 0.005722655296325684
v 0.003042583703994751 -0.0034374611377716064 0.005821290016174317
v 0.0033655686378479006 -0.003116684675216675 0.005841146469116211
v 0.003498305082321167 -0.00295548415184021 0.005745767116546631
v 0.0036550130844116213 -0.0027641580104827883 0.005861003398895264
v 0.004307775020599365 -0.0015888417959213257 0.0058151035308837895
v 0.004092924118041992 -0.0020739941596984862 0.0057919912338256834
v 0.004125509738922119 -0.001980645179748535 0.005900716781616211
v 0.003908974170684814 -0.0023840787410736083 0.0058808598518371585
v 0.003821286201477051 -0.0025312438011169435 0.005768879413604737
v 0.004460970878601075 -0.00108109450340271 0.005838215351104736
v 0.004302677154541016 -0.0015580555200576782 0.005920573234558106
v 0.004531138896942139 -0.0006722006797790528 0.005960286617279053
v 0.00455180549621582 -0.0005575116872787476 0.005861327648162842
v 0.004581399440765381 -2.5490600615739823e-05 0.005884439468383789
v 0.004578547954559326 -0.00021733178198337556 0.005980143547058106
v 0.004438534259796143 -0.0011205079555511475 0.0059404301643371585
v 0.004578819751739502 0.00023990051448345186 0.006
v 0.004461385726928711 0.0010342661142349243 0.005930663585662842
v 0.004550882816314697 0.0005075687170028687 0.005907551765441894
v 0.004508263587951661 0.0008358835577964783 0.006
v 0.004360470771789551 0.0014175460338592529 0.006
v 0.004314036846160889 0.0015472017526626588 0.005953775882720947
v 0.004137973308563233 0.001974922776222229 0.006
v 0.004109966278076172 0.002038975477218628 0.005976887702941895
v 0.0038502888679504397 0.0025021727085113524 0.006
v -0.0045830364227294924 -3.2399061601608994e-06 0.005364586353302002
v -0.004554477214813233 -0.0005277612209320068 0.0052835259437561035
v -0.004589632034301758 2.63554765842855e-06 0.005260413646697998
v -0.004387392520904541 -0.0013534042835235596 0.005424156188964844
v -0.004303400039672852 -0.0015630619525909425 0.005329750061035156
v -0.004458159446716309 -0.0010519832372665407 0.005306637763977051
v -0.0044991903305053715 -0.0009116794466972352 0.00540429973602295
v -0.004564071178436279 -0.0004600858688354492 0.005384442806243897
v -0.00422918176651001 -0.0017810511589050294 0.005444013118743897
v -0.0038294382095336913 -0.002517914533615112 0.005375974178314209
v -0.00409291934967041 -0.0020540287494659423 0.005352861881256103
v -0.004027563571929932 -0.002191086769104004 0.005463869571685791
v -0.0037857768535614015 -0.0025800416469573973 0.005483726024627686
v -0.0035156767368316653 -0.0029477512836456297 0.005399086475372314
v -0.0035070619583129885 -0.0029444458484649658 0.0055035829544067385
v -0.0031543557643890384 -0.0033365697860717773 0.005422198295593262
v -0.0028518075942993164 -0.003585724115371704 0.005543296337127686
v -0.002748356103897095 -0.0036775872707366943 0.005445310592651367
v -0.002303011417388916 -0.0039668653011322025 0.005468422412872314
v -0.00248174786567688 -0.003855658769607544 0.00556315279006958
v -0.003194658994674683 -0.003280829906463623 0.005523439407348633
v -0.0020877196788787844 -0.004087164402008057 0.005583009719848633
v -0.0018255761861801147 -0.004202694416046143 0.00549153470993042
v -0.0013233567476272584 -0.0043834238052368165 0.005514646530151367
v -0.0016729627847671508 -0.004276771068572998 0.005602866172790527
v -0.0012407559156417847 -0.004421120166778565 0.00562272310256958
v -0.0008036588430404663 -0.004507402420043946 0.005537758827209473
v -0.00027378857135772704 -0.004572980403900147 0.00556087064743042
v -0.0007951208949089051 -0.004518999576568604 0.0056425795555114745
v 0.00011763150244951248 -0.004578328132629395 0.005682292938232422
v 0.0002589481472969055 -0.004578506946563721 0.005583982944488526
v 0.0005753116011619568 -0.004541372299194336 0.0057021498680114744
v 0.0007872453331947327 -0.004522331237792969 0.005607094764709473
v -0.0003407522141933441 -0.004571136474609375 0.005662436485290527
v 0.004585100173950195 1.6851059799925448e-17 0.004739586353302002
v 0.004569778919219971 0.0004501743018627167 0.004654944896697998
v 0.004585100173950195 1.6851059799925448e-17 0.004635310173034668
v 0.004557190418243409 0.0004509720504283905 0.004759117603302002
v 0.004502547740936279 0.0008933185338974 0.004674476146697998
v 0.00455711030960083 -0.00045093730092048644 0.004720055103302002
v 0.004390120506286621 0.0013279848098754882 0.004694007396697998
v 0.00449379301071167 0.0008974022269248962 0.004778648853302002
v 0.004039713382720947 0.0021568689346313477 0.004733069896697998
v 0.004235006332397461 0.0017504194974899293 0.004713538646697998
v 0.004240071773529053 0.0017586449384689332 0.004817711353302002
v 0.004388090133666992 0.001334797739982605 0.004798180103302002
v 0.003806750535964966 0.002543579339981079 0.004752601146697998
v 0.004049728393554688 0.0021644299030303955 0.004837242603302002
v 0.0038177897930145263 0.0025480287075042725 0.004856773853302002
v 0.0035386269092559817 0.002906796932220459 0.004772132396697998
v 0.0035474653244018557 0.002906623125076294 0.004876305103302002
v 0.003237850904464722 0.0032427682876586916 0.004791663646697998
v 0.0032424845695495606 0.003237668037414551 0.004895836353302002
v 0.0029069314002990723 0.0035477397441864016 0.004811194896697998
v 0.00290657639503479 0.0035386185646057128 0.0049153676033020025
v 0.002548377275466919 0.003817957401275635 0.004830726146697998
v 0.0017587671279907227 0.004239799022674561 0.004869788646697998
v 0.0021646971702575686 0.004049667835235596 0.004850257396697998
v 0.002156893491744995 0.004040056228637696 0.0049544301033020025
v 0.0025434696674346926 0.003806929588317871 0.004934898853302002
v 0.0013347997665405275 0.004387758731842041 0.0048893198966979984
v 0.0017505769729614258 0.004235453605651855 0.004973961353302002
v 0.0008973104357719422 0.004493518352508545 0.004908851146697998
v 0.0013282489776611328 0.004390576362609863 0.004993492603302002
v 0.0004504746496677399 0.0045698204040527345 0.005032555103302002
v -1.7094910435844212e-07 0.004578320980072021 0.004947913646697998
v 0.00045081496238708497 0.004557048797607422 0.0049283823966979985
v 0.0008936384320259094 0.004502879619598389 0.005013023853302002
v -0.00045113161206245423 0.004557306289672851 0.0049674448966979985
v 2.598965773358941e-06 0.0045898532867431644 0.005052086353302002
v -0.0013349144458770753 0.004388298988342285 0.0050065073966979986
v -0.0008975513577461243 0.004493975162506104 0.004986976146697998
v -0.0008906375765800476 0.004494462013244629 0.005091148853302002
v -0.001327594518661499 0.004382369995117188 0.005110680103302002
v -0.0017587051391601562 0.004240248680114746 0.005026038646697998
v -0.0004458391070365906 0.004564178466796875 0.005071617603302002
v -0.002164408206939697 0.0040497961044311526 0.005045569896697998
v -0.001752508044242859 0.004229568958282471 0.005130211353302002
v -0.002549396753311157 0.003808503866195679 0.005169273853302002
v -0.002906510353088379 0.0035473501682281496 0.005084632396697998
v -0.0025479414463043214 0.003817741870880127 0.005065101146697998
v -0.0021611759662628176 0.00403772497177124 0.005149742603302002
v -0.0029129679203033446 0.003543572425842285 0.005188805103302002
v -0.0032476880550384524 0.0032445969581604006 0.005208336353302002
v -0.0035385327339172365 0.0029064362049102785 0.005123694896697998
v -0.00323755955696106 0.0032423415184020996 0.005104163646697998
v -0.003549358606338501 0.0029132468700408935 0.005227867603302002
v -0.0038146846294403076 0.002551955223083496 0.005247398853302002
v -0.004040027141571045 0.002156817674636841 0.005162757396697998
v -0.0038068737983703613 0.0025433547496795657 0.005143226146697998
v -0.004042412281036377 0.0021648831367492676 0.005266930103302002
v -0.004235436916351318 0.0017505449056625366 0.005182288646697998
v -0.004390546798706055 0.0013282570838928224 0.005201819896697998
v -0.004231569290161133 0.0017564290761947633 0.005286461353302002
v -0.0044902806282043455 0.0008929683566093445 0.005325523853302002
v -0.00456964635848999 0.00045051801204681397 0.005240882396697998
v -0.004502800464630127 0.0008936744928359986 0.005221351146697998
v -0.00438118314743042 0.0013309913873672486 0.005305992603302002
v -0.0045578889846801755 0.0004467584490776062 0.005345055103302002
v -0.004583167552947998 3.610245417803526e-06 0.004114586353302002
v -0.004558040142059326 -0.0004464807212352753 0.004134117603302002
v -0.004562973499298096 -0.0004531334638595581 0.0040299448966979986
v -0.00450069522857666 -0.0008980453610420228 0.004049476146697998
v -0.004490460395812988 -0.0008927963376045227 0.004153648853302002
v -0.004393898963928223 -0.0013335065841674806 0.004069007396697998
v -0.004047358512878418 -0.002159477949142456 0.004108069896697998
v -0.004242117404937744 -0.0017551635503768922 0.004088538646697998
v -0.004231777667999268 -0.0017564536333084108 0.004192711353302002
v -0.004381386756896972 -0.0013309246301651 0.004173180103302002
v -0.0038128690719604493 -0.0025433189868927 0.004127601146697998
v -0.00404259204864502 -0.0021649715900421145 0.004212242603302002
v -0.0035493235588073733 -0.0029133260250091553 0.004251305103302002
v -0.003541905641555786 -0.002903559446334839 0.004147132396697998
v -0.0038147876262664797 -0.0025520663261413574 0.004231773853302002
v -0.003247495174407959 -0.0032446231842041015 0.004270836353302002
v -0.003237724542617798 -0.003237071752548218 0.004166663646697998
v -0.002912688970565796 -0.003543597221374512 0.004290367603302002
v -0.0029035825729370117 -0.003540728807449341 0.004186194896697998
v -0.0025427355766296385 -0.0038114027976989748 0.004205726146697998
v -0.002549093008041382 -0.0038085639476776122 0.004309898853302002
v -0.0017539530992507935 -0.004241292953491211 0.004244788646697998
v -0.002158440351486206 -0.004045966625213623 0.004225257396697998
v -0.0021608970165252687 -0.004037840843200684 0.004329430103302002
v -0.0017522902488708496 -0.0042297449111938475 0.004348961353302002
v -0.0013325304985046388 -0.004394254684448242 0.004264319896697998
v -0.000897538423538208 -0.004502108097076416 0.004283851146697998
v -0.0013274624347686767 -0.0043825931549072265 0.004368492603302002
v -0.00045308491587638854 -0.004564714431762695 0.004303382396697998
v -0.000890603244304657 -0.0044947037696838376 0.004388023853302002
v 0.0004465455114841461 -0.004557935237884522 0.004342444896697998
v -3.5849253181368114e-06 -0.004583009719848633 0.004322913646697998
v 2.4513062089681627e-06 -0.004589979648590088 0.0044270863533020025
v -0.00044590213894844056 -0.004564393520355225 0.004407555103302002
v 0.0008928903937339783 -0.004490432262420655 0.004361976146697998
v 0.00045026749372482303 -0.004569779396057129 0.004446617603302002
v 0.0013280581235885621 -0.004390278816223145 0.004485680103302002
v 0.0017565593719482422 -0.004231902122497559 0.0044010386466979984
v 0.0013310337066650391 -0.004381441116333008 0.004381507396697998
v 0.0017504518032073976 -0.004235152721405029 0.004505211353302002
v 0.0021650514602661133 -0.004042757034301758 0.004420569896697998
v 0.0008934153318405152 -0.004502662658691406 0.004466148853302002
v 0.002552093982696533 -0.0038149456977844237 0.0044401011466979985
v 0.0021568522453308107 -0.004039808750152588 0.004524742603302002
v 0.002543515682220459 -0.0038067724704742433 0.004544273853302002
v 0.002906697750091553 -0.0035385682582855225 0.004563805103302002
v 0.002913270950317383 -0.0035494093894958495 0.004459632396697998
v 0.00324265456199646 -0.0032377207279205324 0.004583336353302002
v 0.0035434503555297854 -0.0029126076698303225 0.004498694896697998
v 0.0032444918155670167 -0.0032474775314331053 0.0044791636466979985
v 0.00354764199256897 -0.002906754732131958 0.004602867603302002
v 0.003808446645736694 -0.002548982381820679 0.0045182261466979986
v 0.004229757785797119 -0.0017521972656250001 0.004557288646697998
v 0.004037782192230225 -0.002160784482955933 0.004537757396697998
v 0.004049732685089112 -0.002164566993713379 0.004641930103302002
v 0.0038179161548614502 -0.0025481953620910647 0.004622398853302002
v 0.004382674694061279 -0.0013274035453796388 0.004576819896697998
v 0.004239953994750976 -0.0017587176561355592 0.004661461353302002
v 0.004493652820587158 -0.0008973889946937561 0.004700523853302002
v 0.004564537525177002 -0.00044592925906181336 0.004615882396697998
v 0.004494834423065186 -0.0008905866146087647 0.004596351146697998
v 0.004387930870056152 -0.00133482027053833 0.004680992603302002
v -0.00458149528503418 -3.221164457499981e-06 0.004010413646697998
v 0.004585100173950195 1.6851059799925448e-17 0.0034896485805511477
v 0.004556471347808838 0.0004499318897724152 0.003404945135116577
v 0.004585100173950195 1.6851059799925448e-17 0.003385459661483765
v 0.004566355228424072 0.0004464963972568512 0.003509117364883423
v 0.004492231845855713 0.0008965833187103272 0.003424476385116577
v 0.004569571018218995 -0.00044901928305625914 0.003470054864883423
v 0.0042382111549377445 0.0017588319778442383 0.003463538885116577
v 0.004386074542999267 0.001334386706352234 0.003444007635116577
v 0.004383979797363281 0.0013269788026809694 0.003548179864883423
v 0.004230296611785889 0.0017513248920440674 0.003567711114883423
v 0.004048853397369385 0.0021654093265533448 0.0034830701351165772
v 0.00449662733078003 0.0008906680941581726 0.003528648614883423
v 0.0038183171749114992 0.002549670219421387 0.0035026013851165772
v 0.004037460327148437 0.0021596028804779055 0.003587242364883423
v 0.0038073544502258303 0.0025477094650268556 0.003606773614883423
v 0.003548788070678711 0.0029082727432250977 0.0035221326351165773
v 0.00354186224937439 0.0029115412235260012 0.003626304864883423
v 0.0032440645694732668 0.00323883056640625 0.0035416638851165773
v 0.0032428669929504394 0.0032469942569732665 0.003645836114883423
v 0.0029079990386962893 0.003538987636566162 0.0035611951351165773
v 0.0029122517108917238 0.0035499656200408936 0.003665367364883423
v 0.002544442892074585 0.003806389093399048 0.0035807263851165773
v 0.002165623664855957 0.004044570446014404 0.003704429864883423
v 0.0017502673864364625 0.004233503341674805 0.0036197888851165773
v 0.0021572484970092775 0.004038679599761963 0.0036002576351165773
v 0.002552018165588379 0.0038165063858032226 0.003684898614883423
v 0.001327351689338684 0.004388504981994629 0.0036393201351165774
v 0.0017575031518936158 0.004233391284942627 0.003723961114883423
v 0.000449124276638031 0.004569621086120606 0.0036783826351165774
v 0.0008923534154891968 0.00450132942199707 0.0036588513851165774
v 0.0008938974142074585 0.004490325450897217 0.003763023614883423
v 1.5268430579453707e-06 0.004591196060180664 0.0036979138851165774
v 0.00044731888175010684 0.004556951999664307 0.0037825548648834227
v 0.0013321099281311036 0.004382223606109619 0.003743492364883423
v -0.00044643351435661317 0.004566200256347656 0.0037174451351165774
v -3.1724504660815e-06 0.004581359386444092 0.0038020861148834227
v -0.0004531232416629791 0.004562804698944092 0.0038216173648834228
v -0.0017513958215713502 0.00423023271560669 0.003776038885116577
v -0.0013270058631896973 0.0043838520050048825 0.003756507635116577
v -0.0013335901498794556 0.004393832683563232 0.003860679864883423
v -0.0008906480669975281 0.004496463298797607 0.003736976385116577
v -0.0008980802297592163 0.004500543594360352 0.0038411486148834228
v -0.0021597068309783937 0.004037473201751709 0.003795570135116577
v -0.001755282759666443 0.004242177486419678 0.003880211114883423
v -0.002543391704559326 0.0038130133152008056 0.003919273614883423
v -0.002547828197479248 0.0038074393272399904 0.003815101385116577
v -0.002159589767456055 0.004047486305236816 0.003899742364883423
v -0.0029035744667053223 0.0035420279502868654 0.003938804864883423
v -0.002911648750305176 0.003541998386383057 0.003834632635116577
v -0.00323702335357666 0.0032377989292144776 0.003958336114883423
v -0.0032470574378967287 0.0032430169582366945 0.003854163885116577
v -0.003549943447113037 0.0029123620986938477 0.003873695135116577
v -0.003540624141693115 0.002903595447540283 0.003977867364883423
v -0.003816380500793457 0.0025520434379577637 0.003893226385116577
v -0.004233246326446533 0.0017574256658554077 0.003932288885116577
v -0.004044407367706299 0.0021655852794647216 0.003912757635116578
v -0.004045823097229004 0.002158341407775879 0.004016930103302002
v -0.003811262130737305 0.0025426867008209227 0.003997398614883423
v -0.004382136344909668 0.0013320149183273316 0.003951820135116578
v -0.004241192817687988 0.0017538288831710817 0.004036461353302002
v -0.004502230644226075 0.0008974705338478089 0.004075523853302002
v -0.0045570220947265625 0.0004472412168979645 0.003990882635116577
v -0.004490314960479736 0.000893803358078003 0.003971351385116577
v -0.004394256114959717 0.0013324178457260131 0.004055992603302002
v -0.004564883708953858 0.00045306465029716495 0.004095055103302002
v -0.004568946838378906 -0.00045152726769447327 0.002884117364883423
v -0.004491156101226807 -0.0008918298482894898 0.002799476385116577
v -0.0045595960617065435 -0.0004458964467048645 0.002779945135116577
v -0.004587985515594482 -3.2777050510048867e-06 0.0028645861148834228
v -0.004503591060638428 -0.0008948522210121155 0.002903648614883423
v -0.004585230350494385 3.7105686496943237e-06 0.002760413885116577
v -0.004392175674438476 -0.0013292537927627563 0.002923179864883423
v -0.004230560302734375 -0.0017552380561828614 0.002838538885116577
v -0.004381085872650146 -0.0013297301530838014 0.002819007635116577
v -0.004237254142761231 -0.0017511019706726075 0.002942711114883423
v -0.004040754318237305 -0.002163994073867798 0.002858070135116577
v -0.003812842845916748 -0.002551638603210449 0.002877601385116577
v -0.004041547298431396 -0.0021567931175231936 0.002962242364883423
v -0.0035386579036712647 -0.002905289888381958 0.003001304864883423
v -0.0032474255561828614 -0.0032461771965026855 0.002916663885116577
v -0.0035480008125305176 -0.0029138123989105227 0.002897132635116577
v -0.0038077752590179445 -0.0025427236557006836 0.002981773614883423
v -0.0032369158267974854 -0.003240888833999634 0.003020836114883423
v -0.0029052691459655763 -0.0035459163188934326 0.003040367364883423
v -0.0025503506660461426 -0.0038101763725280763 0.002955726385116577
v -0.0029134995937347414 -0.0035454998016357423 0.002936195135116577
v -0.002546438217163086 -0.003816769361495972 0.003059898614883423
v -0.0021622467041015627 -0.004038733005523681 0.002975257635116577
v -0.0017581309080123902 -0.004241593837738037 0.003098961114883423
v -0.0013282438516616822 -0.004381593227386475 0.0030143201351165772
v -0.00175345516204834 -0.00422969675064087 0.0029947888851165772
v -0.0021631431579589846 -0.004049843788146973 0.003079429864883423
v -0.0008908807635307312 -0.0044929499626159665 0.0030338513851165773
v -0.0013349459171295166 -0.004390182495117188 0.003118492364883423
v 3.2302301842719317e-06 -0.004588147163391113 0.0030729138851165773
v -0.0004456334412097931 -0.004562292098999023 0.0030533826351165773
v -0.0004519438743591309 -0.004558468818664551 0.003157554864883423
v -1.1449761223047972e-06 -0.00457862663269043 0.003177086114883423
v 0.0004514425396919251 -0.0045690412521362305 0.0030924451351165773
v -0.0008980472683906555 -0.004495730876922607 0.003138023614883423
v 0.0008947437405586243 -0.004503552436828613 0.0031119763851165773
v 0.0004498402774333954 -0.00455643367767334 0.003196617364883423
v 0.0008965027332305908 -0.0044921193122863775 0.003216148614883423
v 0.002156780004501343 -0.0040414085388183595 0.0031705701351165774
v 0.0017510374784469604 -0.004237098217010498 0.0031510388851165774
v 0.001758822798728943 -0.0042380461692810055 0.003255211114883423
v 0.0013291538953781128 -0.004392047882080078 0.0031315076351165773
v 0.0013343333005905152 -0.004385913848876953 0.003235679864883423
v 0.0025427670478820803 -0.003807685136795044 0.0031901013851165774
v 0.002165462017059326 -0.004048747062683105 0.0032747423648834227
v 0.0025497915744781495 -0.003818328142166138 0.0032942736148834227
v 0.002908411979675293 -0.003548877716064453 0.0033138048648834227
v 0.0029053843021392823 -0.003538633584976196 0.0032096326351165774
v 0.0032389423847198487 -0.0032441883087158205 0.0033333361148834228
v 0.0032410173416137695 -0.003236959934234619 0.0032291638851165774
v 0.0035460519790649417 -0.0029053699970245364 0.003248695135116577
v 0.0035390424728393554 -0.002908121109008789 0.0033528673648834228
v 0.004049867630004883 -0.002163264036178589 0.003287757635116577
v 0.003816873550415039 -0.0025465693473815916 0.003268226385116577
v 0.003806372404098511 -0.002544537305831909 0.003372398614883423
v 0.0042414946556091305 -0.0017581946849822999 0.003307288885116577
v 0.0040385923385620115 -0.0021572985649108887 0.003391929864883423
v 0.004390018939971924 -0.0013349535465240479 0.003326820135116577
v 0.004233362197875977 -0.001750266194343567 0.003411461114883423
v 0.00450119161605835 -0.0008922651410102844 0.003450523614883423
v 0.0045583505630493164 -0.00045187491178512576 0.003365882635116577
v 0.004495566844940186 -0.0008980102539062501 0.003346351385116577
v 0.004388341903686524 -0.0013273012638092042 0.003430992364883423
v 0.004585100173950195 1.6851059799925448e-17 0.0022394838333129885
v 0.004568095207214355 0.00044743740558624267 0.0021549451351165773
v 0.004585100173950195 1.6851059799925448e-17 0.0021354138851165773
v 0.004560603618621826 0.0004527854323387146 0.002259117364883423
v 0.004498681545257568 0.0008911271095275879 0.0021744763851165774
v 0.004556329727172852 -0.0004484403729438782 0.002220054864883423
v 0.004385741233825684 0.0013268613815307618 0.0021940076351165774
v 0.004498338699340821 0.0008983227014541627 0.0022786486148834227
v 0.004242484092712402 0.001756813883781433 0.0023177111148834227
v 0.004037612915039062 0.0021584413051605224 0.0022330701351165774
v 0.004231357097625733 0.0017506345510482789 0.0022135388851165774
v 0.004392466068267822 0.00133449387550354 0.0022981798648834227
v 0.0038065927028656005 0.002546276092529297 0.002252601385116577
v 0.004048943042755127 0.002161211967468262 0.0023372423648834227
v 0.003814906120300293 0.0025446078777313233 0.0023567736148834228
v 0.0035403790473937987 0.0029101336002349855 0.002272132635116577
v 0.0035438041687011717 0.002904066324234009 0.0023763048648834228
v 0.003241055965423584 0.0032460079193115236 0.002291663885116577
v 0.0032390670776367187 0.0032366511821746826 0.002395836114883423
v 0.0029107065200805666 0.003549893617630005 0.002311195135116577
v 0.002904125452041626 0.0035394272804260257 0.002415367364883423
v 0.0025514156818389894 0.0038177871704101565 0.002330726385116577
v 0.002165869474411011 0.004046556949615479 0.002350257635116577
v 0.002542409896850586 0.003809459209442139 0.002434898614883423
v 0.001333207607269287 0.004383557796478272 0.002389320135116577
v 0.001758305311203003 0.004235321521759033 0.002369788885116577
v 0.0017523778676986695 0.004239547729492188 0.002473961114883423
v 0.002157350540161133 0.004043811321258545 0.002454429864883423
v 0.0013309223651885986 0.004393733501434326 0.002493492364883423
v 0.0004525808990001679 0.0045670332908630375 0.002532554864883423
v -2.4395864456892012e-06 0.0045798678398132325 0.002447913885116577
v 0.0004483506381511688 0.00455635404586792 0.002428382635116577
v 3.70303331874311e-06 0.0045854001045227055 0.002552086114883423
v -0.00045282483100891115 0.004560760974884033 0.002467445135116577
v 0.00089641672372818 0.0045034422874450685 0.002513023614883423
v 0.0008950612545013428 0.004490743160247803 0.002408851385116577
v -0.000898320496082306 0.0044985108375549315 0.002486976385116577
v -0.00044586214423179626 0.004559736251831055 0.002571617364883423
v -0.0021610851287841796 0.004048853874206543 0.0025455701351165773
v -0.0017567075490951538 0.004242496013641357 0.0025260388851165772
v -0.0017551347017288209 0.004230481624603271 0.002630211114883423
v -0.0013344420194625855 0.004392594814300537 0.0025065076351165772
v -0.001329635739326477 0.004381084442138672 0.002610679864883423
v -0.000891759991645813 0.004491233825683594 0.002591148614883423
v -0.0025445024967193602 0.0038147716522216797 0.0025651013851165773
v -0.0021639020442962647 0.004040616512298584 0.002649742364883423
v -0.0025515832901000977 0.0038126821517944338 0.002669273614883423
v -0.002904010534286499 0.003543667793273926 0.0025846326351165773
v -0.0029138238430023193 0.0035478708744049073 0.002688804864883423
v -0.0032366600036621094 0.0032389609813690185 0.0026041638851165773
v -0.0032462832927703856 0.003247390270233154 0.002708336114883423
v -0.003539501428604126 0.0029040701389312744 0.0026236951351165773
v -0.0035456531047821046 0.0029135453701019287 0.002727867364883423
v -0.0038095860481262207 0.0025424134731292726 0.0026432263851165773
v -0.0042396864891052245 0.0017524780035018922 0.0026822888851165774
v -0.00404396390914917 0.0021574099063873292 0.0026627576351165774
v -0.004038826465606689 0.0021623542308807373 0.0027669298648834227
v -0.004229716777801514 0.0017535554170608522 0.0027864611148834227
v -0.00439380407333374 0.0013310365676879883 0.0027018201351165774
v -0.0038103199005126956 0.0025504422187805176 0.002747398614883423
v -0.00450338363647461 0.0008965077996253968 0.0027213513851165774
v -0.004381534576416016 0.0013283191919326782 0.0028059923648834227
v -0.004562125205993652 0.00044562897086143497 0.0028450548648834228
v -0.004566884517669678 0.00045263177156448363 0.002740882635116577
v -0.004492822647094726 0.0008909191489219666 0.0028255236148834227
v -0.0045795760154724125 2.231695922091603e-06 0.001614586114883423
v -0.004567468166351319 -0.00045242419838905333 0.0015299451351165772
v -0.004585910320281983 -3.6667943932116033e-06 0.0015104138851165772
v -0.004556293964385986 -0.0004486126303672791 0.001634117364883423
v -0.004503595352172852 -0.000896150290966034 0.0015494763851165772
v -0.00439351224899292 -0.001330602526664734 0.0015690076351165773
v -0.004490925788879395 -0.0008953347206115723 0.0016536486148834228
v -0.0040433726310729985 -0.0021572086811065673 0.0016080701351165773
v -0.004239140033721924 -0.0017521102428436279 0.0015885388851165773
v -0.004235811710357666 -0.0017584496736526489 0.0016927111148834228
v -0.004383942127227783 -0.0013334438800811767 0.0016731798648834228
v -0.003809105157852173 -0.002542433023452759 0.001627601385116577
v -0.004047005176544189 -0.0021658613681793215 0.0017122423648834228
v -0.0038179919719696044 -0.0025511884689331057 0.0017317736148834229
v -0.003539232015609741 -0.0029043188095092772 0.001647132635116577
v -0.0035497798919677734 -0.002910301446914673 0.0017513048648834229
v -0.0032366487979888915 -0.0032394018173217774 0.0016666638851165771
v -0.003245713233947754 -0.003240642547607422 0.001770836114883423
v -0.0029042501449584963 -0.0035442171096801756 0.0016861951351165771
v -0.0029097731113433838 -0.003540080785751343 0.001790367364883423
v -0.002544930934906006 -0.003815300464630127 0.0017057263851165772
v -0.0017571117877960205 -0.004242412567138672 0.0017447888851165772
v -0.0021615865230560304 -0.004049187183380127 0.0017252576351165772
v -0.002158194065093994 -0.004037727355957032 0.001829429864883423
v -0.0013346259593963624 -0.004392062664031983 0.0017643201351165772
v -0.0017505166530609132 -0.0042316741943359375 0.001848961114883423
v -0.0025459399223327637 -0.003806486129760742 0.001809898614883423
v -0.0013268879652023316 -0.00438619613647461 0.001868492364883423
v -0.00045265221595764164 -0.00456014347076416 0.0018033826351165772
v -0.0008983087539672852 -0.004497822761535645 0.0017838513851165772
v -0.0008912887573242188 -0.004499162197113037 0.001888023614883423
v 0.0004487099647521973 -0.004556276798248291 0.0018424451351165773
v -2.148576779291034e-06 -0.004579477787017823 0.0018229138851165773
v -1.0118421778315678e-07 -0.004591904640197754 0.0019270861148834228
v -0.00044769963622093203 -0.004568441867828369 0.0019075548648834228
v 0.0008954312205314637 -0.004490992069244385 0.001861976385116577
v 0.0004475228190422058 -0.004568212985992432 0.0019466173648834228
v 0.0017584930658340455 -0.004235980033874512 0.0019010388851165771
v 0.0013335230350494385 -0.0043840761184692385 0.001881507635116577
v 0.0013268661499023437 -0.0043858904838562016 0.001985679864883423
v 0.0017505909204483033 -0.00423145866394043 0.002005211114883423
v 0.002165849208831787 -0.0040471553802490234 0.0019205701351165771
v 0.0008911776542663574 -0.004498841762542725 0.001966148614883423
v 0.0025510993003845213 -0.0038180549144744874 0.0019401013851165771
v 0.002158354997634888 -0.004037645816802979 0.002024742364883423
v 0.0025461609363555907 -0.003806551218032837 0.002044273614883423
v 0.0029100117683410645 -0.0035402741432189943 0.002063804864883423
v 0.0029101572036743166 -0.0035497388839721682 0.001959632635116577
v 0.003245910167694092 -0.0032409138679504396 0.002083336114883423
v 0.003539980411529541 -0.0029096555709838866 0.001998695135116577
v 0.00324049973487854 -0.003245615005493164 0.001979163885116577
v 0.003549859046936035 -0.0029105701446533205 0.002102867364883423
v 0.0038178617954254153 -0.002551342725753784 0.002122398614883423
v 0.004037769794464112 -0.0021581180095672607 0.0020377576351165772
v 0.003806452751159668 -0.002545832395553589 0.0020182263851165772
v 0.00404671049118042 -0.002165870189666748 0.002141929864883423
v 0.004231785297393799 -0.0017504844665527344 0.0020572888851165773
v 0.0043863525390625 -0.0013269039392471314 0.0020768201351165773
v 0.004235486507415772 -0.0017583571672439575 0.002161461114883423
v 0.0044908013343811035 -0.0008951555490493775 0.002200523614883423
v 0.0045685553550720214 -0.00044779059290885926 0.0021158826351165773
v 0.004499324798583984 -0.0008913485407829285 0.0020963513851165773
v 0.004383685111999512 -0.0013332901000976563 0.002180992364883423
v -0.0027910642623901367 0.003637733221054077 0.0001822930872440338
v -0.002846787929534912 0.0035826957225799563 8.137932419776917e-05
v -0.0027910642623901367 0.003637733221054077 7.801233232021332e-05
v -0.0031311883926391604 0.003337288856506348 9.765519201755524e-05
v -0.003189581871032715 0.003299245357513428 0.00020507971942424773
v -0.002361787796020508 0.0039354567527771 0.0001595064401626587
v -0.0035415689945220946 0.0029108235836029055 0.00022786635160446168
v -0.00363744068145752 0.002784153461456299 0.0001302069127559662
v -0.00339536190032959 0.003070530891418457 0.00011393105238676072
v -0.003848052740097046 0.0024839279651641846 0.0002506529986858368
v -0.00404784107208252 0.002159467935562134 0.00016275864839553834
v -0.0038555564880371094 0.002479888677597046 0.00014648278057575225
v -0.00421242618560791 0.0018246233463287355 0.0001790345162153244
v -0.004105990886688233 0.002025032758712769 0.00027343961596488955
v -0.0043123412132263185 0.0015406123399734498 0.00029622626304626464
v -0.004464060783386231 0.0010371407270431518 0.0003190128803253174
v -0.004451499938964844 0.001118774175643921 0.00021158623695373535
v -0.004558108329772949 0.0005210923552513122 0.00034179952740669254
v -0.004524689197540283 0.0007521794438362122 0.00022786210477352144
v -0.004567396163940429 0.0003799096941947937 0.0002441379725933075
v -0.004347443580627441 0.0014770867824554445 0.0001953103840351105
v 0.0006765484809875488 0.004537858963012695 2.2786635905504227e-05
v 0.0005995571613311767 0.004545731544494629 0.0
v 0.0011899008750915529 0.00443505859375 6.899535326872975e-20
v 0.00015338057279586792 0.004580653190612793 4.557327181100845e-05
v 7.055161404423416e-07 0.004585100173950195 0.0
v -0.0003725148141384125 0.004564620018005371 6.835990399122239e-05
v -0.0005981581807136536 0.004545915603637696 0.0
v -0.0015442845821380616 0.0043161754608154294 1.6275864094495774e-05
v -0.0011867741346359253 0.004428849697113037 0.0
v -0.001404171347618103 0.004360720157623291 0.00011393317580223084
v -0.0008940584659576416 0.004490921497344971 9.11465436220169e-05
v -0.0018909093141555786 0.0041734914779663086 3.255172818899155e-05
v -0.0045914406776428225 -1.0586335556581617e-06 0.0003645861744880676
v -0.0045800070762634275 4.571918398141861e-06 0.0002604138255119324
v -0.002544029235839844 0.0038050196170806884 6.51034563779831e-05
v -0.002224780321121216 0.004002528667449951 4.882759600877762e-05
v -0.0018957741260528565 0.004175178050994873 0.00013671980798244477
v 0.004585100173950195 1.6851059799925448e-17 0.0009897338151931762
v 0.00455880355834961 0.00045208349823951723 0.0009049450755119324
v 0.004585100173950195 1.6851059799925448e-17 0.0008853581547737122
v 0.004561802864074707 0.00044559040665626524 0.0010091173648834229
v 0.004496225357055664 0.0008981437087059021 0.0009244763255119324
v 0.004568751335144043 -0.00045172417163848877 0.0009700549244880676
v 0.004241921901702881 0.0017580151557922365 0.0009635388255119324
v 0.004390693664550781 0.0013349579572677613 0.0009440075755119323
v 0.004381431102752686 0.0013284457921981811 0.001048179864883423
v 0.004049820423126221 0.002162893056869507 0.0009830700755119324
v 0.0042297692298889165 0.0017537368535995483 0.001067711114883423
v 0.0044925837516784665 0.0008909683227539063 0.0010286486148834229
v 0.00381652569770813 0.002546180009841919 0.0010026013851165772
v 0.00403902006149292 0.002162555932998657 0.001087242364883423
v 0.003810606956481934 0.002550617218017578 0.001106773614883423
v 0.003545588493347168 0.002905105829238892 0.0010221326351165772
v 0.0035459530353546143 0.002913635015487671 0.001126304864883423
v 0.0032405810356140137 0.0032369103431701663 0.0010416638851165772
v 0.0032464811801910403 0.003247323751449585 0.0011458361148834228
v 0.002905076503753662 0.0035388338565826415 0.0010611951351165772
v 0.002913835048675537 0.003547628402709961 0.0011653673648834228
v 0.0025426476001739503 0.0038081157207489015 0.0010807263851165773
v 0.0021637179851531985 0.0040403733253479 0.0012044298648834228
v 0.001751307249069214 0.004237715721130371 0.001119788885116577
v 0.002156866788864136 0.004041996479034424 0.0011002576351165773
v 0.0025514676570892333 0.0038123891353607177 0.0011848986148834228
v 0.0013295413255691529 0.004392513275146484 0.001139320135116577
v 0.0017549313306808472 0.0042303547859191895 0.0012239611148834228
v 0.0008951419591903686 0.004503629207611084 0.001158851385116577
v 0.0013294529914855957 0.004381107807159424 0.0012434923648834229
v 3.3643317874521016e-06 0.004587438106536865 0.0011979138851165771
v 0.00045173051953315734 0.004568585872650147 0.0011783826351165771
v 0.00044580188393592837 0.004560024738311768 0.001282554864883423
v 0.0008916280865669251 0.004491406440734863 0.0012630236148834229
v -0.0004456689357757568 0.004561578750610352 0.0012174451351165772
v -3.6804547999054196e-06 0.004585736274719239 0.001302086114883423
v -0.0008962326645851136 0.004503535270690918 0.001341148614883423
v -0.0013285778760910034 0.004381341457366943 0.0012565076351165772
v -0.000891079604625702 0.004492411613464356 0.0012369763851165772
v -0.0013306989669799804 0.004393573760986328 0.001360679864883423
v -0.0017538741827011109 0.004229773044586182 0.0012760388851165772
v -0.0004524737000465393 0.004567315101623535 0.001321617364883423
v -0.0021626787185668947 0.004039110660552979 0.0012955701351165772
v -0.001752186894416809 0.004239261627197266 0.001380211114883423
v -0.002542412519454956 0.0038092079162597658 0.0014192736148834228
v -0.0025507020950317383 0.0038107583522796634 0.0013151013851165772
v -0.0021572425365447997 0.004043503284454346 0.0013997423648834228
v -0.0029042434692382814 0.003539283514022827 0.0014388048648834228
v -0.002913654088973999 0.003546121120452881 0.0013346326351165773
v -0.003239281892776489 0.00323663854598999 0.0014583361148834228
v -0.003247245311737061 0.003246603012084961 0.0013541638851165773
v -0.003547454357147217 0.0029138677120208742 0.001373695135116577
v -0.0035440750122070312 0.002904181480407715 0.0014778673648834229
v -0.003812190294265747 0.0025514390468597413 0.001393226385116577
v -0.004230253696441651 0.0017548558712005616 0.0014322888851165771
v -0.004040205001831055 0.0021636548042297363 0.0014127576351165771
v -0.004049110889434815 0.002161463975906372 0.0015169298648834229
v -0.003815168857574463 0.002544820547103882 0.0014973986148834229
v -0.004381093025207519 0.0013293832540512086 0.0014518201351165771
v -0.004242446899414063 0.001757020115852356 0.001536461114883423
v -0.0044980025291442875 0.0008983248472213745 0.001575523614883423
v -0.004560165405273438 0.00044578090310096744 0.0014908826351165772
v -0.004491478443145752 0.0008915778994560242 0.0014713513851165772
v -0.004392207145690918 0.0013345924615859985 0.001555992364883423
v -0.004560302257537842 0.0004527077078819275 0.001595054864883423
v -0.0045694680213928226 -0.0004485666155815125 0.00038411742448806764
v -0.004489782333374023 -0.0008931655883789063 0.00029947632551193237
v -0.004555954456329346 -0.00044621741771698 0.0002799450755119324
v -0.004500925540924072 -0.0008918237090110779 0.00040364867448806766
v -0.004233743667602539 -0.0017575180530548097 0.0003385388255119324
v -0.004382156848907471 -0.0013317674398422243 0.0003190075755119324
v -0.0043880329132080075 -0.0013269401788711548 0.0004231799244880676
v -0.004233100414276123 -0.0017500306367874145 0.00044271117448806764
v -0.00404520845413208 -0.00216591215133667 0.00035807007551193237
v -0.0038172166347503664 -0.0025524449348449706 0.0003776013255119324
v -0.004038438320159913 -0.002157209634780884 0.00046224242448806766
v -0.003539163112640381 -0.0029082903861999514 0.0005013049244880676
v -0.0032473392486572264 -0.0032432758808135986 0.00041666382551193236
v -0.0035504937171936036 -0.002912655830383301 0.0003971325755119324
v -0.003806355714797974 -0.0025445911884307863 0.0004817736744880676
v -0.0032391698360443115 -0.0032444212436676025 0.0005208361744880677
v -0.00290868616104126 -0.003549098491668701 0.0005403674244880677
v -0.0025478515625 -0.0038079023361206055 0.0004557263255119324
v -0.0029117608070373534 -0.0035423288345336917 0.0004361950755119324
v -0.0025500218868255617 -0.003818436622619629 0.0005598986744880677
v -0.002165552377700806 -0.00404865837097168 0.0005794299244880676
v -0.001751412034034729 -0.004230962753295898 0.0004947888255119324
v -0.0021597042083740235 -0.004038084506988526 0.00047525757551193236
v -0.0017587922811508178 -0.004237864971160889 0.0005989611744880676
v -0.0013270680904388429 -0.0043846254348754886 0.0005143200755119324
v -0.0008907651901245117 -0.004497160911560058 0.0005338513255119324
v -0.0013342182636260987 -0.004385743618011475 0.0006184924244880676
v 1.3451109407469631e-06 -0.004591199398040771 0.0005729138255119323
v -0.0004465964436531067 -0.004566656112670898 0.0005533825755119324
v -0.0004496565461158753 -0.004556471347808838 0.0006575549244880677
v 0.00044897189736366276 -0.004568987369537354 0.0005924450755119324
v 1.3169234152883291e-06 -0.004578795909881592 0.0006770861744880677
v -0.0008963372707366943 -0.0044920330047607425 0.0006380236744880677
v 0.0008923019766807557 -0.004500321865081787 0.0006119763255119324
v 0.0004520760178565979 -0.004558745861053467 0.0006966174244880676
v 0.0008981136679649353 -0.004496058464050293 0.0007161486744880676
v 0.002157665491104126 -0.004038034915924072 0.0006705700755119324
v 0.0017505314350128175 -0.004232561588287354 0.0006510388255119324
v 0.0017579962015151977 -0.004241724967956543 0.0007552111744880676
v 0.0013274493217468263 -0.0043874187469482425 0.0006315075755119324
v 0.0013349226713180542 -0.004390471935272217 0.0007356799244880676
v 0.002544969320297241 -0.0038061227798461914 0.0006901013255119323
v 0.002162900924682617 -0.004049716472625733 0.0007747424244880677
v 0.00254618239402771 -0.0038164846897125247 0.0007942736744880677
v 0.002908560037612915 -0.0035391099452972414 0.0007096325755119324
v 0.0029050774574279786 -0.0035455777645111083 0.0008138049244880676
v 0.0032368376255035402 -0.0032405765056610107 0.0008333361744880676
v 0.0032445554733276367 -0.0032392802238464355 0.0007291638255119324
v 0.0035490725040435793 -0.0029089181423187257 0.0007486950755119324
v 0.0035387146472930908 -0.0029050612449646 0.0008528674244880676
v 0.0038182289600372315 -0.0025503082275390625 0.0007682263255119324
v 0.004237407684326172 -0.0017590153217315674 0.0008072888255119324
v 0.004048274993896484 -0.0021658165454864504 0.0007877575755119324
v 0.004041824817657471 -0.0021568105220794677 0.0008919299244880677
v 0.003807959794998169 -0.002542612314224243 0.0008723986744880676
v 0.004385304450988769 -0.0013343931436538697 0.0008268200755119323
v 0.004237560749053955 -0.001751236319541931 0.0009114611744880677
v 0.004503653526306152 -0.0008950924873352051 0.0009505236744880676
v 0.004556243896484375 -0.00044972997903823856 0.0008658825755119324
v 0.004491678714752197 -0.0008964608907699585 0.0008463513255119324
v 0.004392419815063477 -0.001329470157623291 0.0009309924244880677
v -0.004585947513580322 -0.0001129356324672699 0.00036946898698806763
v -0.0045914406776428225 -1.0586335556581617e-06 0.0003645861744880676
v -0.003895029067993164 -8.980641141533852e-07 0.0007661044001579285
v 0.003306143522262573 -0.002133124589920044 -5.499014126540171e-19
v 0.0032329392433166505 -0.0021597912311553955 2.3940762504935265e-05
v 0.0034661908149719238 -0.0017542904615402222 4.788152500987053e-05
v 0.003601210117340088 -0.0016881715059280395 -2.5103176644596796e-19
v 0.0036498465538024904 -0.0013234498500823975 7.182228565216065e-05
v 0.0029516172409057616 -0.00253324556350708 2.7755575615628914e-19
v -0.004580454349517822 -0.00022481262683868408 0.00037435179948806763
v -0.003876389026641846 -0.0003805297911167145 0.0007856356501579285
v -0.0045694680213928226 -0.0004485666155815125 0.00038411742448806764
v 0.004006711006164551 -0.0006979019641876221 -5.592278277384381e-19
v 0.0037823817729949953 -0.0008739758133888244 9.576305001974106e-05
v 0.003862271547317505 -0.00041257476806640624 0.00011970381438732147
v 0.004149580955505371 0.00036040571331977846 -2.6220599713971413e-20
v 0.003887991189956665 5.4046817123889924e-05 0.0001436445713043213
v 0.003858015298843384 0.0005191825032234192 0.0001675853431224823
v 0.004117429733276367 0.0008926495909690858 1.830061931099505e-19
v 0.003770819664001465 0.000976125955581665 0.00019152610003948212
v 0.004111895084381104 -0.00017344023287296296 -5.632124824805592e-19
v 0.0038357994556427 -0.0012060626745223999 -4.727820803613876e-19
v 0.003647279977798462 0.0013515644073486329 0.0002118600904941559
v 0.0036256442070007324 0.0014183491468429566 0.00021546685695648195
v 0.004014020442962647 0.0014144012928009033 -2.9819215219914365e-19
v 0.0034259035587310793 0.0018402981758117677 0.00023940762877464294
v 0.0031764276027679444 0.0022367494106292725 0.00026334840059280394
v 0.0036057994365692137 0.0024016761779785158 -1.4404250548268526e-19
v 0.0028820483684539795 0.002602479696273804 0.0002872891426086426
v 0.00331363582611084 0.002851966857910156 -5.735647603432237e-19
v 0.0038413839340209963 0.0019201940298080446 2.9332200392000705e-19
v 0.0025475969314575197 0.002932265281677246 0.0003112299144268036
v 0.0021779046058654785 0.003220882892608643 0.0003351706862449646
v 0.0025791869163513184 0.0036384499073028563 -1.0346906482638774e-19
v 0.0017778034210205078 0.0034631094932556154 0.00035911142826080324
v 0.0013521242141723633 0.003653721332550049 0.00038305220007896424
v 0.001683821201324463 0.0042285661697387695 -1.5995969716458186e-19
v 0.0009058772325515747 0.0037880277633666995 0.00040699297189712523
v 0.0011899008750915529 0.00443505859375 6.899535326872975e-20
v 0.0021487715244293214 0.003961137533187866 -2.8784590779186717e-21
v 0.002969538450241089 0.0032664568424224855 4.2548562670616944e-20
v 0.0004454135298728943 0.0038653404712677003 0.0004309337139129639
v -2.230490371584892e-05 0.0038867940902709962 0.0004548744857311249
v 0.00015338057279586792 0.004580653190612793 4.557327181100845e-05
v -0.0004903131723403931 0.0038535313606262206 0.0004788152575492859
v -0.0009516463875770569 0.0037666962146759033 0.0005027559995651245
v -0.0008940584659576416 0.004490921497344971 9.11465436220169e-05
v -0.0013993395566940308 0.003627431392669678 0.0005266968011856079
v -0.001404171347618103 0.004360720157623291 0.00011393317580223084
v -0.0003725148141384125 0.004564620018005371 6.835990399122239e-05
v -0.001826427698135376 0.003436880350112915 0.0005506375432014466
v -0.0022259461879730225 0.0031961865425109864 0.0005745782852172852
v -0.002361787796020508 0.0039354567527771 0.0001595064401626587
v -0.002591148853302002 0.0029067816734313964 0.0005985190868377686
v -0.002917618989944458 0.002573162078857422 0.0006224598288536072
v -0.003189581871032715 0.003299245357513428 0.00020507971942424773
v -0.0032023439407348636 0.0022016716003417968 0.0006464005708694458
v -0.0035415689945220946 0.0029108235836029055 0.00022786635160446168
v -0.0027910642623901367 0.003637733221054077 0.0001822930872440338
v -0.0018957741260528565 0.004175178050994873 0.00013671980798244477
v -0.0034423303604125977 0.0017986801862716676 0.0006703413724899292
v -0.0036345853805541993 0.0013705577850341797 0.0006942821145057679
v -0.004105990886688233 0.002025032758712769 0.00027343961596488955
v -0.0037761156558990478 0.0009236741065979004 0.0007182228565216065
v -0.0038639278411865237 0.00046439889073371886 0.0007421636581420899
v -0.004464060783386231 0.0010371407270431518 0.0003190128803253174
v -0.003895029067993164 -8.980641141533852e-07 0.0007661044001579285
v -0.004558108329772949 0.0005210923552513122 0.00034179952740669254
v -0.0043123412132263185 0.0015406123399734498 0.00029622626304626464
v -0.0038182425498962404 -0.0007565553784370422 0.0008051669001579285
v -0.003722473382949829 -0.001125675082206726 0.0008246981501579285
v -0.004500925540924072 -0.0008918237090110779 0.00040364867448806766
v -0.00359104061126709 -0.0014845929145812988 0.0008442294001579284
v -0.0043880329132080075 -0.0013269401788711548 0.0004231799244880676
v -0.003848052740097046 0.0024839279651641846 0.0002506529986858368
v 0.0006765484809875488 0.004537858963012695 2.2786635905504227e-05
v -0.0034259037971496585 -0.0018300124406814575 0.0008637606501579285
v -0.003229022741317749 -0.002158637523651123 0.0008832919001579285
v -0.004038438320159913 -0.002157209634780884 0.00046224242448806766
v -0.003002356767654419 -0.002467172384262085 0.0009028231501579285
v -0.0027478652000427245 -0.0027523202896118167 0.0009223544001579285
v -0.003539163112640381 -0.0029082903861999514 0.0005013049244880676
v -0.00246750807762146 -0.0030107853412628172 0.0009418856501579285
v -0.0032391698360443115 -0.0032444212436676025 0.0005208361744880677
v -0.003806355714797974 -0.0025445911884307863 0.0004817736744880676
v -0.0021632444858551026 -0.0032392711639404295 0.0009614169001579284
v -0.0018370898962020875 -0.0034345738887786867 0.0009809481501579286
v -0.0025500218868255617 -0.003818436622619629 0.0005598986744880677
v -0.00149202561378479 -0.0035950820446014405 0.0010004794597625734
v -0.0011318492889404296 -0.003720531225204468 0.0010200107097625732
v -0.0017587922811508178 -0.004237864971160889 0.0005989611744880676
v -0.0007603843808174133 -0.0038106989860534667 0.0010395419597625732
v -0.0013342182636260987 -0.004385743618011475 0.0006184924244880676
v -0.002165552377700806 -0.00404865837097168 0.0005794299244880676
v -0.00290868616104126 -0.003549098491668701 0.0005403674244880677
v -0.00038145440816879275 -0.003865363359451294 0.0010590732097625732
v 1.117177656851709e-06 -0.0038843021392822264 0.0010786044597625732
v -0.0004496565461158753 -0.004556471347808838 0.0006575549244880677
v 0.0003835068941116333 -0.0038672931194305422 0.0010981357097625732
v 0.0007618913054466248 -0.0038141138553619384 0.0011176669597625733
v 0.0004520760178565979 -0.004558745861053467 0.0006966174244880676
v 0.0011324468851089478 -0.0037245426177978515 0.0011371982097625733
v 0.0008981136679649353 -0.004496058464050293 0.0007161486744880676
v 1.3169234152883291e-06 -0.004578795909881592 0.0006770861744880677
v 0.0014913501739501954 -0.0035983567237854006 0.0011567294597625733
v 0.0018348406553268433 -0.003435471534729004 0.0011762607097625733
v 0.0017579962015151977 -0.004241724967956543 0.0007552111744880676
v 0.002159987449645996 -0.0032376153469085693 0.0011957919597625733
v 0.002464446783065796 -0.0030077984333038332 0.0012153232097625733
v 0.00254618239402771 -0.0038164846897125247 0.0007942736744880677
v 0.00274588680267334 -0.002749058485031128 0.0012348544597625734
v 0.0029050774574279786 -0.0035455777645111083 0.0008138049244880676
v 0.002162900924682617 -0.004049716472625733 0.0007747424244880677
v 0.0013349226713180542 -0.004390471935272217 0.0007356799244880676
v -0.0008963372707366943 -0.0044920330047607425 0.0006380236744880677
v 0.003001976251602173 -0.002464432954788208 0.0012543857097625734
v 0.003230383396148682 -0.002156958818435669 0.0012739169597625732
v 0.0035387146472930908 -0.0029050612449646 0.0008528674244880676
v 0.003428776502609253 -0.0018296740055084228 0.0012934482097625732
v 0.0035948243141174317 -0.0014856157302856445 0.0013129794597625732
v 0.004041824817657471 -0.0021568105220794677 0.0008919299244880677
v 0.0037261948585510254 -0.0011278213262557984 0.0013325107097625732
v 0.004237560749053955 -0.001751236319541931 0.0009114611744880677
v 0.003807959794998169 -0.002542612314224243 0.0008723986744880676
v 0.0038205568790435794 -0.0007593283653259278 0.0013520419597625732
v 0.003875781297683716 -0.00038320842385292054 0.0013715732097625733
v 0.004503653526306152 -0.0008950924873352051 0.0009505236744880676
v 0.0038896501064300537 -9.52689507754197e-19 0.001391252040863037
v 0.0038698866367340087 0.0003780049979686737 0.0014106357097625733
v 0.004585100173950195 1.6851059799925448e-17 0.0009897338151931762
v 0.003811166048049927 0.0007558297514915467 0.0014301669597625733
v 0.004561802864074707 0.00044559040665626524 0.0010091173648834229
v 0.004392419815063477 -0.001329470157623291 0.0009309924244880677
v 0.0037168729305267333 0.001126952290534973 0.0014496982097625733
v 0.0035882141590118407 0.001487736940383911 0.0014692294597625733
v 0.004381431102752686 0.0013284457921981811 0.001048179864883423
v 0.0034263973236083986 0.001834547996520996 0.0014887607097625734
v 0.0032326290607452395 0.002163749694824219 0.0015082919597625734
v 0.00403902006149292 0.002162555932998657 0.001087242364883423
v 0.0030081167221069336 0.0024717063903808593 0.0015278232097625732
v 0.003810606956481934 0.002550617218017578 0.001106773614883423
v 0.0042297692298889165 0.0017537368535995483 0.001067711114883423
v 0.002754067659378052 0.0027547824382781983 0.0015473544597625732
v 0.002471875905990601 0.003009538173675537 0.0015668857097625732
v 0.0032464811801910403 0.003247323751449585 0.0011458361148834228
v 0.002164470911026001 0.0032341408729553225 0.0015864169597625732
v 0.002913835048675537 0.003547628402709961 0.0011653673648834228
v 0.0018355337381362915 0.0034275453090667723 0.0016059482097625733
v 0.0014887502193450927 0.0035887112617492677 0.0016254794597625733
v 0.0021637179851531985 0.0040403733253479 0.0012044298648834228
v 0.001127806782722473 0.0037165987491607666 0.0016450107097625733
v 0.0017549313306808472 0.0042303547859191895 0.0012239611148834228
v 0.0025514676570892333 0.0038123891353607177 0.0011848986148834228
v 0.0035459530353546143 0.002913635015487671 0.001126304864883423
v 0.0044925837516784665 0.0008909683227539063 0.0010286486148834229
v 0.0032368376255035402 -0.0032405765056610107 0.0008333361744880676
v -0.004233100414276123 -0.0017500306367874145 0.00044271117448806764
v 0.0007563894391059876 0.0038101675510406495 0.0016645419597625733
v 0.00037818440794944766 0.003868377923965454 0.0016840732097625733
v 0.0008916280865669251 0.004491406440734863 0.0012630236148834229
v -3.122217720374465e-06 0.0038901896476745607 0.0017036044597625733
v -0.000383844256401062 0.003874562740325928 0.0017231357097625734
v -3.6804547999054196e-06 0.004585736274719239 0.001302086114883423
v -0.0007602956295013428 0.0038204569816589354 0.0017426669597625734
v -0.0004524737000465393 0.004567315101623535 0.001321617364883423
v 0.00044580188393592837 0.004560024738311768 0.001282554864883423
v -0.0011288638114929199 0.0037271738052368163 0.0017621982097625732
v -0.001486422061920166 0.003596266984939575 0.0017817294597625732
v -0.0013306989669799804 0.004393573760986328 0.001360679864883423
v -0.001830040454864502 0.0034302005767822266 0.0018012607097625732
v -0.0021567893028259276 0.0032314422130584716 0.0018207919597625732
v -0.0021572425365447997 0.004043503284454346 0.0013997423648834228
v -0.0024637391567230225 0.0030024588108062745 0.0018403232097625732
v -0.002542412519454956 0.0038092079162597658 0.0014192736148834228
v -0.001752186894416809 0.004239261627197266 0.001380211114883423
v -0.0008962326645851136 0.004503535270690918 0.001341148614883423
v -0.0027479603290557863 0.002745718002319336 0.0018598544597625733
v -0.003006523609161377 0.0024636867046356203 0.0018793857097625733
v -0.003239281892776489 0.00323663854598999 0.0014583361148834228
v -0.003236499071121216 0.00215883207321167 0.0018989169597625733
v -0.003434957504272461 0.0018336215019226075 0.0019184482097625733
v -0.003815168857574463 0.002544820547103882 0.0014973986148834229
v -0.0035989692211151124 0.0014905222654342653 0.0019379794597625733
v -0.004049110889434815 0.002161463975906372 0.0015169298648834229
v -0.0035440750122070312 0.002904181480407715 0.0014778673648834229
v -0.0037260143756866456 0.0011321666240692138 0.0019575107097625733
v -0.0038157629966735843 0.0007620704174041748 0.0019770419597625734
v -0.004392207145690918 0.0013345924615859985 0.001555992364883423
v -0.0038686134815216064 0.00038404276967048644 0.0019965732097625734
v -0.0038849639892578128 1.893201027996838e-06 0.0020161044597625734
v -0.004560302257537842 0.0004527077078819275 0.001595054864883423
v -0.0044980025291442875 0.0008983248472213745 0.001575523614883423
v -0.004242446899414063 0.001757020115852356 0.001536461114883423
v -0.0029042434692382814 0.003539283514022827 0.0014388048648834228
v -0.003809759855270386 -0.0007595338821411133 0.0020551669597625734
v -0.004556293964385986 -0.0004486126303672791 0.001634117364883423
v -0.00386521315574646 -0.0003805688321590424 0.0020356357097625734
v -0.003719002723693848 -0.0011311923265457154 0.0020746982097625735
v -0.004490925788879395 -0.0008953347206115723 0.0016536486148834228
v -0.0045795760154724125 2.231695922091603e-06 0.001614586114883423
v -0.0038849639892578128 1.893201027996838e-06 0.0020161044597625734
v 0.0013294529914855957 0.004381107807159424 0.0012434923648834229
v -0.004383942127227783 -0.0013334438800811767 0.0016731798648834228
v -0.0035933403968811035 -0.0014917348623275757 0.0020942294597625735
v -0.0034331712722778323 -0.0018373520374298097 0.0021137607097625735
v -0.004235811710357666 -0.0017584496736526489 0.0016927111148834228
v -0.0032388939857482912 -0.002164234161376953 0.0021332919597625735
v -0.0030113630294799805 -0.0024688782691955568 0.002152823209762573
v -0.0038179919719696044 -0.0025511884689331057 0.0017317736148834229
v -0.0027534162998199465 -0.0027491145133972167 0.002172354459762573
v -0.0035497798919677734 -0.002910301446914673 0.0017513048648834229
v -0.004047005176544189 -0.0021658613681793215 0.0017122423648834228
v -0.0024684300422668456 -0.0030031352043151855 0.002191885709762573
v -0.0021597816944122317 -0.003229133129119873 0.002211416959762573
v -0.0029097731113433838 -0.003540080785751343 0.001790367364883423
v -0.00183084774017334 -0.0034253005981445313 0.002230948209762573
v -0.0014850051403045655 -0.0035898303985595703 0.002250479459762573
v -0.002158194065093994 -0.004037727355957032 0.001829429864883423
v -0.0011256308555603028 -0.0037209148406982424 0.002270010709762573
v -0.0017505166530609132 -0.0042316741943359375 0.001848961114883423
v -0.0025459399223327637 -0.003806486129760742 0.001809898614883423
v -0.003245713233947754 -0.003240642547607422 0.001770836114883423
v -0.0007561016082763672 -0.003816746711730957 0.002289541959762573
v -0.0013268879652023316 -0.00438619613647461 0.001868492364883423
v -0.0003797942996025086 -0.003875518560409546 0.0023090732097625732
v -0.0008912887573242188 -0.004499162197113037 0.001888023614883423
v -8.5836996731814e-08 -0.0038954226970672606 0.0023286044597625732
v 0.00037964433431625366 -0.0038753242492675782 0.0023481357097625733
v -1.0118421778315678e-07 -0.004591904640197754 0.0019270861148834228
v 0.0007560073137283325 -0.0038164749145507813 0.0023676669597625733
v 0.0004475228190422058 -0.004568212985992432 0.0019466173648834228
v -0.00044769963622093203 -0.004568441867828369 0.0019075548648834228
v 0.0011256122589111328 -0.0037206556797027587 0.0023871982097625733
v 0.0014850682020187379 -0.0035896475315093995 0.0024067294597625733
v 0.0013268661499023437 -0.0043858904838562016 0.001985679864883423
v 0.0018309841156005859 -0.0034252314567565917 0.0024262607097625733
v 0.002159969329833984 -0.0032291884422302247 0.0024457919597625733
v 0.002158354997634888 -0.004037645816802979 0.002024742364883423
v 0.002468632698059082 -0.0030032992362976074 0.0024653232097625734
v 0.0025461609363555907 -0.003806551218032837 0.002044273614883423
v 0.0017505909204483033 -0.00423145866394043 0.002005211114883423
v 0.0008911776542663574 -0.004498841762542725 0.001966148614883423
v 0.0027535831928253173 -0.002749344825744629 0.0024848544597625734
v 0.003011430263519287 -0.002469106197357178 0.0025043857097625734
v 0.003245910167694092 -0.0032409138679504396 0.002083336114883423
v 0.003238783359527588 -0.00216436505317688 0.0025239169597625734
v 0.0034329211711883545 -0.0018373595476150514 0.0025434482097625734
v 0.0038178617954254153 -0.002551342725753784 0.002122398614883423
v 0.003593064546585083 -0.0014916564226150513 0.0025629794597625735
v 0.00404671049118042 -0.002165870189666748 0.002141929864883423
v 0.003549859046936035 -0.0029105701446533205 0.002102867364883423
v 0.003718785047531128 -0.0011310619115829468 0.0025825107097625735
v 0.0038096542358398437 -0.000759381890296936 0.0026020419597625735
v 0.004383685111999512 -0.0013332901000976563 0.002180992364883423
v 0.003865243673324585 -0.0003804226815700531 0.0026215732097625735
v 0.0038896501064300537 -9.52689507754197e-19 0.0026410019397735598
v 0.004556329727172852 -0.0004484403729438782 0.002220054864883423
v 0.0038688693046569824 0.00038410869240760806 0.002660635709762573
v 0.004585100173950195 1.6851059799925448e-17 0.0022394838333129885
v 0.0044908013343811035 -0.0008951555490493775 0.002200523614883423
v 0.004235486507415772 -0.0017583571672439575 0.002161461114883423
v 0.0029100117683410645 -0.0035402741432189943 0.002063804864883423
v 0.0038160483837127684 0.0007620686292648315 0.002680166959762573
v 0.0037262341976165773 0.0011320831775665284 0.002699698209762573
v 0.004498338699340821 0.0008983227014541627 0.0022786486148834227
v 0.0035990006923675537 0.0014903472661972046 0.002719229459762573
v 0.0034348151683807372 0.0018334078788757324 0.002738760709762573
v 0.004242484092712402 0.001756813883781433 0.0023177111148834227
v 0.0032362761497497557 0.002158651828765869 0.002758291959762573
v 0.004048943042755127 0.002161211967468262 0.0023372423648834227
v 0.004392466068267822 0.00133449387550354 0.0022981798648834227
v 0.003006293773651123 0.0024635887145996096 0.002777823209762573
v 0.0027477779388427733 0.0027457287311553956 0.0027973544597625732
v 0.0035438041687011717 0.002904066324234009 0.0023763048648834228
v 0.0024636390209198 0.0030025808811187746 0.0028168857097625732
v 0.0021567871570587157 0.0032316553592681885 0.0028364169597625733
v 0.002904125452041626 0.0035394272804260257 0.002415367364883423
v 0.001830132007598877 0.0034304616451263426 0.0028559482097625733
v 0.002542409896850586 0.003809459209442139 0.002434898614883423
v 0.0032390670776367187 0.0032366511821746826 0.002395836114883423
v 0.003814906120300293 0.0025446078777313233 0.0023567736148834228
v 0.0014865840673446656 0.0035965096950531005 0.0028754794597625733
v 0.0011290533542633056 0.003727308988571167 0.0028950107097625733
v 0.0017523778676986695 0.004239547729492188 0.002473961114883423
v 0.0007604517340660096 0.003820377826690674 0.0029145419597625733
v 0.0003839351832866669 0.00387432336807251 0.0029340732097625733
v 0.00089641672372818 0.0045034422874450685 0.002513023614883423
v 3.1413717661052942e-06 0.0038899047374725344 0.0029536044597625734
v 0.0004525808990001679 0.0045670332908630375 0.002532554864883423
v 0.0013309223651885986 0.004393733501434326 0.002493492364883423
v -0.00037823551893234256 0.003868133544921875 0.0029731357097625734
v -0.000756501317024231 0.003810020923614502 0.0029926669597625734
v -0.00044586214423179626 0.004559736251831055 0.002571617364883423
v -0.0011279617547988892 0.003716578960418701 0.0030121982097625734
v -0.000891759991645813 0.004491233825683594 0.002591148614883423
v -0.0014889227151870727 0.003588818550109863 0.0030317294597625734
v -0.001835689902305603 0.0034277515411376956 0.0030512607097625735
v -0.0017551347017288209 0.004230481624603271 0.002630211114883423
v -0.002164569139480591 0.0032343895435333254 0.0030707919597625735
v -0.0021639020442962647 0.004040616512298584 0.002649742364883423
v -0.001329635739326477 0.004381084442138672 0.002610679864883423
v 3.70303331874311e-06 0.0045854001045227055 0.002552086114883423
v 0.002157350540161133 0.004043811321258545 0.002454429864883423
v 0.004560603618621826 0.0004527854323387146 0.002259117364883423
v -0.0024718663692474365 0.003009743690490723 0.0030903232097625735
v -0.0025515832901000977 0.0038126821517944338 0.002669273614883423
v -0.0029138238430023193 0.0035478708744049073 0.002688804864883423
v -0.0027538995742797854 0.0027548389434814452 0.0031098544597625735
v -0.0035456531047821046 0.0029135453701019287 0.002727867364883423
v -0.0030078623294830325 0.002471630096435547 0.0031293857097625735
v -0.0032323853969573975 0.0021636011600494384 0.003148916959762573
v -0.0038103199005126956 0.0025504422187805176 0.002747398614883423
v -0.0034262330532073976 0.0018343768119812012 0.003168448209762573
v -0.0032462832927703856 0.003247390270233154 0.002708336114883423
v -0.0037169604301452636 0.0011268448829650879 0.003207510709762573
v -0.0038113689422607424 0.0007557880282402039 0.003227041959762573
v -0.004381534576416016 0.0013283191919326782 0.0028059923648834227
v -0.0038701598644256593 0.0003780377209186554 0.003246573209762573
v -0.0038920977115631103 -2.7805555146187545e-06 0.003266104459762573
v -0.004562125205993652 0.00044562897086143497 0.0028450548648834228
v -0.004492822647094726 0.0008909191489219666 0.0028255236148834227
v -0.003588170051574707 0.001487583041191101 0.003187979459762573
v -0.004038826465606689 0.0021623542308807373 0.0027669298648834227
v -0.003875946760177612 -0.0003830413818359375 0.0032856357097625732
v -0.0038205039501190185 -0.000759124517440796 0.0033051669597625732
v -0.004568946838378906 -0.00045152726769447327 0.002884117364883423
v -0.0037259874343872072 -0.0011276378631591797 0.0033246982097625733
v -0.0035945639610290526 -0.0014855016469955446 0.0033442294597625733
v -0.004392175674438476 -0.0013292537927627563 0.002923179864883423
v -0.00342854118347168 -0.001829659104347229 0.0033637607097625733
v -0.004237254142761231 -0.0017511019706726075 0.002942711114883423
v -0.004503591060638428 -0.0008948522210121155 0.002903648614883423
v -0.003230226755142212 -0.002157053232192993 0.0033832919597625733
v -0.0030019280910491943 -0.002464627027511597 0.0034028232097625733
v -0.0038077752590179445 -0.0025427236557006836 0.002981773614883423
v -0.0027459530830383303 -0.0027493233680725097 0.0034223544597625733
v -0.002464609384536743 -0.0030080857276916506 0.0034418857097625734
v -0.0032369158267974854 -0.003240888833999634 0.003020836114883423
v -0.0021602044105529785 -0.00323785662651062 0.0034614169597625734
v -0.0029052691459655763 -0.0035459163188934326 0.003040367364883423
v -0.0035386579036712647 -0.002905289888381958 0.003001304864883423
v -0.004041547298431396 -0.0021567931175231936 0.002962242364883423
v -0.004587985515594482 -3.2777050510048867e-06 0.0028645861148834228
v -0.0038920977115631103 -2.7805555146187545e-06 0.003266104459762573
v -0.0018350460529327393 -0.003435579538345337 0.0034809482097625734
v -0.0014914644956588745 -0.003598245620727539 0.0035004794597625734
v -0.0021631431579589846 -0.004049843788146973 0.003079429864883423
v -0.0011324665546417235 -0.003724296569824219 0.0035200107097625734
v -0.0007618349790573121 -0.003813835859298706 0.0035395419597625735
v -0.0013349459171295166 -0.004390182495117188 0.003118492364883423
v -0.0003833947777748108 -0.003867058277130127 0.0035590732097625735
v -0.0008980472683906555 -0.004495730876922607 0.003138023614883423
v -0.0017581309080123902 -0.004241593837738037 0.003098961114883423
v -9.713105973787607e-07 -0.0038841583728790284 0.0035786044597625735
v 0.0003816102743148804 -0.0038653314113616943 0.0035981357097625735
v -1.1449761223047972e-06 -0.00457862663269043 0.003177086114883423
v 0.0007605247497558593 -0.003810772180557251 0.0036176669597625735
v 0.0011319469213485719 -0.0037206754684448243 0.003637198209762573
v 0.0008965027332305908 -0.0044921193122863775 0.003216148614883423
v 0.0014920514822006226 -0.0035952360630035402 0.003656729459762573
v 0.0013343333005905152 -0.004385913848876953 0.003235679864883423
v 0.0004498402774333954 -0.00455643367767334 0.003196617364883423
v -0.0004519438743591309 -0.004558468818664551 0.003157554864883423
v 0.0018370133638381959 -0.0034346487522125247 0.003676260709762573
v 0.0021630492210388185 -0.0032391788959503175 0.003695791959762573
v 0.002165462017059326 -0.004048747062683105 0.0032747423648834227
v 0.002467275381088257 -0.0030105977058410647 0.003715323209762573
v 0.0027476723194122315 -0.002752122402191162 0.003734854459762573
v 0.002908411979675293 -0.003548877716064453 0.0033138048648834227
v 0.0030022542476654053 -0.002467028617858887 0.003754385709762573
v 0.0032389423847198487 -0.0032441883087158205 0.0033333361148834228
v 0.0025497915744781495 -0.003818328142166138 0.0032942736148834227
v 0.003229036808013916 -0.002158591985702515 0.0037739169597625732
v 0.003426034450531006 -0.0018300880193710327 0.0037934482097625732
v 0.003806372404098511 -0.002544537305831909 0.003372398614883423
v 0.003591262340545654 -0.001484792709350586 0.0038129794597625733
v 0.0037227354049682616 -0.0011259813308715822 0.0038325107097625733
v 0.004233362197875977 -0.001750266194343567 0.003411461114883423
v 0.0038184683322906496 -0.000756929874420166 0.0038520419597625733
v 0.004388341903686524 -0.0013273012638092042 0.003430992364883423
v 0.0040385923385620115 -0.0021572985649108887 0.003391929864883423
v 0.0035390424728393554 -0.002908121109008789 0.0033528673648834228
v 0.001758822798728943 -0.0042380461692810055 0.003255211114883423
v -0.002546438217163086 -0.003816769361495972 0.003059898614883423
v 0.003876476526260376 -0.0003809137940406799 0.0038715732097625733
v 0.0038896501064300537 -9.52689507754197e-19 0.003891166687011719
v 0.004585100173950195 1.6851059799925448e-17 0.0034896485805511477
v 0.0038737483024597168 0.00037877357006073 0.003910635709762573
v 0.0038145964145660403 0.0007555750608444214 0.003930166959762573
v 0.004566355228424072 0.0004464963972568512 0.003509117364883423
v 0.0037190351486206057 0.0011257078647613525 0.003949698209762573
v 0.00449662733078003 0.0008906680941581726 0.003528648614883423
v 0.0035886616706848145 0.001485690712928772 0.003969229459762573
v 0.0034250741004943847 0.0018320428133010865 0.003988760709762573
v 0.004230296611785889 0.0017513248920440674 0.003567711114883423
v 0.003229869842529297 0.002161283016204834 0.004008291721343994
v 0.0030046465396881103 0.0024699299335479738 0.004027822971343994
v 0.0038073544502258303 0.0025477094650268556 0.003606773614883423
v 0.0027510015964508057 0.002754503011703491 0.004047354221343994
v 0.00354186224937439 0.0029115412235260012 0.003626304864883423
v 0.004037460327148437 0.0021596028804779055 0.003587242364883423
v 0.004383979797363281 0.0013269788026809694 0.003548179864883423
v 0.0024705328941345217 0.003011520862579346 0.004066885471343994
v 0.00216493821144104 0.0032376337051391603 0.004086416721343994
v 0.0029122517108917238 0.0035499656200408936 0.003665367364883423
v 0.0018371503353118897 0.0034311060905456545 0.004105947971343994
v 0.0014909318685531617 0.003591286897659302 0.004125479221343994
v 0.002165623664855957 0.004044570446014404 0.003704429864883423
v 0.0011300606727600098 0.0037175452709197997 0.004145010471343994
v 0.0017575031518936158 0.004233391284942627 0.003723961114883423
v 0.002552018165588379 0.0038165063858032226 0.003684898614883423
v 0.0007583145499229432 0.003809250354766846 0.004164541721343994
v 0.0003794713020324707 0.003865771293640137 0.0041840729713439944
v 0.0008938974142074585 0.004490325450897217 0.003763023614883423
v -2.6912656612694266e-06 0.003886476755142212 0.004203604221343994
v -0.00038439530134201053 0.0038707363605499268 0.0042231354713439945
v -3.1724504660815e-06 0.004581359386444092 0.0038020861148834227
v -0.0007618629336357117 0.0038179190158843996 0.004242666721343994
v -0.0004531232416629791 0.004562804698944092 0.0038216173648834228
v 0.00044731888175010684 0.004556951999664307 0.0037825548648834227
v 0.0013321099281311036 0.004382223606109619 0.003743492364883423
v 0.0032428669929504394 0.0032469942569732665 0.003645836114883423
v -0.0011313164234161377 0.003727393627166748 0.0042621979713439945
v -0.0014890483617782592 0.003598740577697754 0.004281729221343994
v -0.0013335901498794556 0.004393832683563232 0.003860679864883423
v -0.0018320316076278686 0.003433579206466675 0.0043012604713439945
v -0.0021576201915740967 0.003234670400619507 0.004320791721343994
v -0.002159589767456055 0.004047486305236816 0.003899742364883423
v -0.002463171720504761 0.003004786968231201 0.004340322971343995
v -0.002543391704559326 0.0038130133152008056 0.003919273614883423
v -0.001755282759666443 0.004242177486419678 0.003880211114883423
v -0.002746044397354126 0.0027467021942138674 0.004359854221343994
v -0.003003596067428589 0.0024631896018981934 0.004379385471343995
v -0.00323702335357666 0.0032377989292144776 0.003958336114883423
v -0.0032331848144531252 0.002157021999359131 0.004398916721343994
v -0.003432168483734131 0.001830972671508789 0.004418447971343995
v -0.003811262130737305 0.0025426867008209227 0.003997398614883423
v -0.003597905158996582 0.0014878149032592773 0.004437979221343994
v -0.004045823097229004 0.002158341407775879 0.004016930103302002
v -0.003540624141693115 0.002903595447540283 0.003977867364883423
v -0.0029035744667053223 0.0035420279502868654 0.003938804864883423
v -0.003727752685546875 0.001130321979522705 0.004457510471343994
v -0.0038193500041961673 0.0007613457441329956 0.004477041721343994
v -0.004394256114959717 0.0013324178457260131 0.004055992603302002
v -0.0038725001811981204 0.0003843455910682678 0.004496572971343994
v -0.0038880107402801513 3.0626575462520125e-06 0.004516104221343994
v -0.004564883708953858 0.00045306465029716495 0.004095055103302002
v -0.004502230644226075 0.0008974705338478089 0.004075523853302002
v -0.003866694450378418 -0.0003787602782249451 0.004535635471343994
v -0.0038093650341033936 -0.000757380485534668 0.004555166721343994
v -0.004558040142059326 -0.0004464807212352753 0.004134117603302002
v -0.0037168352603912354 -0.001129055142402649 0.004574697971343994
v -0.004490460395812988 -0.0008927963376045227 0.004153648853302002
v -0.003589918375015259 -0.0014900416135787964 0.004594229221343994
v -0.0034294273853302 -0.0018365970849990845 0.004613760471343994
v -0.004231777667999268 -0.0017564536333084108 0.004192711353302002
v -0.003236175537109375 -0.0021649787425994872 0.004633291721343994
v -0.00404259204864502 -0.0021649715900421145 0.004212242603302002
v -0.004381386756896972 -0.0013309246301651 0.004173180103302002
v -0.004583167552947998 3.610245417803526e-06 0.004114586353302002
v -0.0038880107402801513 3.0626575462520125e-06 0.004516104221343994
v -0.004241192817687988 0.0017538288831710817 0.004036461353302002
v -0.0008980802297592163 0.004500543594360352 0.0038411486148834228
v 0.00450119161605835 -0.0008922651410102844 0.003450523614883423
v -0.0030109760761260988 -0.0024714441299438475 0.004652822971343994
v -0.0027549278736114504 -0.0027524914741516113 0.0046723542213439944
v -0.0035493235588073733 -0.0029133260250091553 0.004251305103302002
v -0.0024709036350250243 -0.0030061182975769044 0.004691885471343994
v -0.002162456512451172 -0.00323089599609375 0.0047114167213439945
v -0.002912688970565796 -0.003543597221374512 0.004290367603302002
v -0.0018331404924392702 -0.0034253969192504885 0.004730947971343994
v -0.002549093008041382 -0.0038085639476776122 0.004309898853302002
v -0.003247495174407959 -0.0032446231842041015 0.004270836353302002
v -0.0014865096807479858 -0.003588193655014038 0.0047504792213439945
v -0.0011261181831359864 -0.0037178587913513183 0.004770010471343994
v -0.0017522902488708496 -0.0042297449111938475 0.004348961353302002
v -0.0007555200457572938 -0.003812964677810669 0.0047895417213439945
v -0.0003782694339752197 -0.003872084140777588 0.004809072971343994
v -0.000890603244304657 -0.0044947037696838376 0.004388023853302002
v 2.0795015152543782e-06 -0.0038937895298004153 0.004828604221343995
v -0.00044590213894844056 -0.004564393520355225 0.004407555103302002
v -0.0013274624347686767 -0.0043825931549072265 0.004368492603302002
v -0.0021608970165252687 -0.004037840843200684 0.004329430103302002
v 0.00038197270035743715 -0.0038766534328460696 0.004848135471343994
v 0.0007579056024551392 -0.003819716453552246 0.004867666721343995
v 0.00045026749372482303 -0.004569779396057129 0.004446617603302002
v 0.0011266233921051025 -0.003724378347396851 0.004887197971343994
v 0.001484950065612793 -0.0035927813053131105 0.004906729221343995
v 0.0013280581235885621 -0.004390278816223145 0.004485680103302002
v 0.0018297094106674195 -0.0034270665645599364 0.004926260471343994
v 0.0017504518032073976 -0.004235152721405029 0.004505211353302002
v 0.0008934153318405152 -0.004502662658691406 0.004466148853302002
v 0.0021577250957489015 -0.0032293760776519777 0.004945791721343994
v 0.0024658212661743165 -0.003001852035522461 0.004965322971343994
v 0.002543515682220459 -0.0038067724704742433 0.004544273853302002
v 0.002750821352005005 -0.002746635913848877 0.004984854221343994
v 0.003009549617767334 -0.002465869665145874 0.005004385471343994
v 0.00324265456199646 -0.0032377207279205324 0.004583336353302002
v 0.0032388296127319337 -0.0021616950035095216 0.005023916721343994
v 0.00354764199256897 -0.002906754732131958 0.004602867603302002
v 0.002906697750091553 -0.0035385682582855225 0.004563805103302002
v 0.0021568522453308107 -0.004039808750152588 0.004524742603302002
v 2.4513062089681627e-06 -0.004589979648590088 0.0044270863533020025
v 0.003435485363006592 -0.0018362540006637573 0.005043447971343994
v 0.0035968544483184813 -0.0014919621944427491 0.005062979221343994
v 0.004049732685089112 -0.002164566993713379 0.004641930103302002
v 0.003722386598587036 -0.0011323599815368653 0.005082510471343994
v 0.0038120732307434083 -0.0007612765431404114 0.005102041721343994
v 0.004387930870056152 -0.00133482027053833 0.004680992603302002
v 0.00386590576171875 -0.00038254088163375857 0.005121572971343994
v 0.004493652820587158 -0.0008973889946937561 0.004700523853302002
v 0.004239953994750976 -0.0017587176561355592 0.004661461353302002
v 0.003883875370025635 1.778787736839149e-08 0.005141104221343994
v 0.003865973472595215 0.0003825703859329224 0.0051606354713439944
v 0.004585100173950195 1.6851059799925448e-17 0.004739586353302002
v 0.003812191963195801 0.000761287808418274 0.005180166721343994
v 0.003722521781921387 0.0011323409080505372 0.0051996979713439945
v 0.00449379301071167 0.0008974022269248962 0.004778648853302002
v 0.0035969543457031253 0.0014919005632400514 0.005219229221343994
v 0.004388090133666992 0.001334797739982605 0.004798180103302002
v 0.004557190418243409 0.0004509720504283905 0.004759117603302002
v 0.00455711030960083 -0.00045093730092048644 0.004720055103302002
v 0.003435481548309326 0.0018361376523971559 0.0052387604713439945
v 0.003238722324371338 0.0021615538597106933 0.005258291721343994
v 0.004049728393554688 0.0021644299030303955 0.004837242603302002
v 0.003009399652481079 0.0024657578468322756 0.0052778229713439945
v 0.0027506773471832275 0.002746591329574585 0.005297354221343994
v 0.0035474653244018557 0.002906623125076294 0.004876305103302002
v 0.0024657182693481445 0.00300189471244812 0.005316885471343995
v 0.0032424845695495606 0.003237668037414551 0.004895836353302002
v 0.0038177897930145263 0.0025480287075042725 0.004856773853302002
v 0.002157686233520508 0.0032295093536376953 0.005336416721343994
v 0.0018297444581985474 0.003427276372909546 0.005355947971343995
v 0.0025434696674346926 0.003806929588317871 0.004934898853302002
v 0.0014850562810897827 0.003593036413192749 0.005375479221343994
v 0.0011267852783203125 0.0037246308326721192 0.005395010471343995
v 0.0017505769729614258 0.004235453605651855 0.004973961353302002
v 0.000758094847202301 0.0038199005126953126 0.005414541721343994
v 0.0013282489776611328 0.004390576362609863 0.004993492603302002
v 0.002156893491744995 0.004040056228637696 0.0049544301033020025
v 0.00290657639503479 0.0035386185646057128 0.0049153676033020025
v 0.004240071773529053 0.0017586449384689332 0.004817711353302002
v 0.0038179161548614502 -0.0025481953620910647 0.004622398853302002
v 0.000382148414850235 0.00387668776512146 0.005434072971343995
v 2.2047648672014475e-06 0.0038936824798583985 0.005453604221343994
v 0.0004504746496677399 0.0045698204040527345 0.005032555103302002
v -0.0003782159686088562 0.0038719019889831546 0.005473135471343994
v -0.0007555491924285889 0.0038127596378326415 0.005492666721343994
v -0.0004458391070365906 0.004564178466796875 0.005071617603302002
v -0.0011262302398681642 0.0037176694869995117 0.005512197971343994
v -0.0008906375765800476 0.004494462013244629 0.005091148853302002
v 2.598965773358941e-06 0.0045898532867431644 0.005052086353302002
v -0.0014866944551467896 0.0035880444049835205 0.005531729221343994
v -0.0018333773612976075 0.0034252984523773194 0.005551260471343994
v -0.001752508044242859 0.004229568958282471 0.005130211353302002
v -0.0021627142429351807 0.0032308449745178224 0.005570791721343994
v -0.0024711403846740723 0.0030060973167419435 0.005590322971343994
v -0.002549396753311157 0.003808503866195679 0.005169273853302002
v -0.002755091428756714 0.002752469301223755 0.005609854221343994
v -0.0029129679203033446 0.003543572425842285 0.005188805103302002
v -0.0021611759662628176 0.00403772497177124 0.005149742603302002
v -0.001327594518661499 0.004382369995117188 0.005110680103302002
v -0.0030110058784484865 0.002471376895904541 0.005629385471343994
v -0.003236088275909424 0.002164884567260742 0.0056489167213439944
v -0.003549358606338501 0.0029132468700408935 0.005227867603302002
v -0.0034292752742767336 0.0018365222215652466 0.005668447971343994
v -0.0035897417068481447 0.0014900208711624147 0.0056879792213439945
v -0.004042412281036377 0.0021648831367492676 0.005266930103302002
v -0.0037166624069213867 0.0011291117668151855 0.005707510471343994
v -0.004231569290161133 0.0017564290761947633 0.005286461353302002
v -0.0038146846294403076 0.002551955223083496 0.005247398853302002
v -0.0038092124462127687 0.0007575263977050782 0.0057270417213439945
v -0.0038665664196014405 0.0003789958655834198 0.005746572971343994
v -0.0044902806282043455 0.0008929683566093445 0.005325523853302002
v -0.003887899398803711 -2.7484898455441e-06 0.0057661042213439945
v -0.0038798069953918457 -0.00028825971484184264 0.005780718803405762
v -0.0045830364227294924 -3.2399061601608994e-06 0.005364586353302002
v -0.0045578889846801755 0.0004467584490776062 0.005345055103302002
v -0.003887899398803711 -2.7484898455441e-06 0.0057661042213439945
v -0.00438118314743042 0.0013309913873672486 0.005305992603302002
v -0.0032476880550384524 0.0032445969581604006 0.005208336353302002
v -0.003850738763809204 -0.00057191801071167 0.005795333385467529
v -0.0038003489971160887 -0.0008521602153778076 0.005809947967529297
v -0.0044991903305053715 -0.0009116794466972352 0.00540429973602295
v -0.0036348032951354983 -0.0013963003158569335 0.005839176654815674
v -0.004387392520904541 -0.0013534042835235596 0.005424156188964844
v -0.003728301763534546 -0.0011274256706237794 0.005824562549591065
v -0.003520881175994873 -0.0016575922966003418 0.005853791236877442
v -0.00422918176651001 -0.0017810511589050294 0.005444013118743897
v -0.0033876307010650636 -0.0019101279973983765 0.005868405818939209
v -0.0032361481189727786 -0.002152734041213989 0.0058830204010009764
v -0.0037857768535614015 -0.0025800416469573973 0.005483726024627686
v -0.002469810962677002 -0.003000391721725464 0.005941478252410889
v -0.003194658994674683 -0.003280829906463623 0.005523439407348633
v -0.0028828692436218264 -0.0026034631729125977 0.005912249565124512
v -0.002005739688873291 -0.003334131717681885 0.005970707416534424
v -0.00248174786567688 -0.003855658769607544 0.00556315279006958
v -0.0035070619583129885 -0.0029444458484649658 0.0055035829544067385
v -0.004027563571929932 -0.002191086769104004 0.005463869571685791
v -0.0017573134899139405 -0.003474372148513794 0.005985321998596192
v -0.0014971599578857422 -0.003589970588684082 0.006
v -0.0020877196788787844 -0.004087164402008057 0.005583009719848633
v -0.0010096060037612915 -0.003810769557952881 0.006
v -0.0016729627847671508 -0.004276771068572998 0.005602866172790527
v -0.0014971599578857422 -0.003589970588684082 0.006
v -0.0004941844642162323 -0.003953351497650147 0.006
v -0.0007951208949089051 -0.004518999576568604 0.0056425795555114745
v 3.726358711719513e-05 -0.004024868488311768 0.006
v -0.0003407522141933441 -0.004571136474609375 0.005662436485290527
v 0.00011763150244951248 -0.004578328132629395 0.005682292938232422
v 0.0005752407908439636 -0.0040270485877990725 0.006
v 0.001469686508178711 -0.004338208675384521 0.005741863250732422
v 0.0011081755161285402 -0.003961755037307739 0.006
v 0.001628126859664917 -0.0038306679725646975 0.006
v 0.0010275695323944093 -0.004461066722869873 0.005722006320953369
v 0.0021270344257354737 -0.003634741544723511 0.006
v 0.001896944046020508 -0.0041735959053039555 0.005761719703674317
v -0.004564071178436279 -0.0004600858688354492 0.005384442806243897
v 0.0008936384320259094 0.004502879619598389 0.005013023853302002
v -0.0038147876262664797 -0.0025520663261413574 0.004231773853302002
v -0.004229716777801514 0.0017535554170608522 0.0027864611148834227
v 0.0011899008750915529 0.00443505859375 6.899535326872975e-20
v 0.004568751335144043 -0.00045172417163848877 0.0009700549244880676
v -0.0045914406776428225 -1.0586335556581617e-06 0.0003645861744880676
v 0.0005753116011619568 -0.004541372299194336 0.0057021498680114744
v -0.0012407559156417847 -0.004421120166778565 0.00562272310256958
v 0.001301687479019165 -0.0043964476585388185 0.005734180450439453
v 0.0025930705070495606 -0.003376574993133545 0.006
v 0.0026880059242248536 -0.0037222955226898194 0.005801433086395264
v 0.0030195720195770265 -0.003058530807495117 0.006
v 0.003403172254562378 -0.0026863248348236086 0.006
v 0.0033655686378479006 -0.003116684675216675 0.005841146469116211
v 0.0036550130844116213 -0.0027641580104827883 0.005861003398895264
v 0.0037382183074951172 -0.002269508123397827 0.006
v 0.003908974170684814 -0.0023840787410736083 0.0058808598518371585
v 0.004125509738922119 -0.001980645179748535 0.005900716781616211
v 0.004022004127502442 -0.0018150153160095216 0.006
v 0.0042518615722656255 -0.0013285523653030395 0.006
v 0.004302677154541016 -0.0015580555200576782 0.005920573234558106
v 0.004423265933990479 -0.0008195321559906006 0.006
v 0.004438534259796143 -0.0011205079555511475 0.0059404301643371585
v 0.004533229351043702 -0.00029501402378082276 0.006
v 0.004531138896942139 -0.0006722006797790528 0.005960286617279053
v 0.003042583703994751 -0.0034374611377716064 0.005821290016174317
v -0.0028518075942993164 -0.003585724115371704 0.005543296337127686
v 0.004569571018218995 -0.00044901928305625914 0.003470054864883423
v 0.002304623365402222 -0.003968025684356689 0.005781576633453369
v 0.004578547954559326 -0.00021733178198337556 0.005980143547058106
v 0.004578819751739502 0.00023990051448345186 0.006
v -0.002577425479888916 0.003633213043212891 -2.6370957326531913e-19
v -0.002544029235839844 0.0038050196170806884 6.51034563779831e-05
v -0.0027910642623901367 0.003637733221054077 7.801233232021332e-05
v -0.004524689197540283 0.0007521794438362122 0.00022786210477352144
v -0.004567396163940429 0.0003799096941947937 0.0002441379725933075
v -0.0041462998390197755 0.0003646925985813141 1.0677011104051536e-19
v -0.0045800070762634275 4.571918398141861e-06 0.0002604138255119324
v -0.004114133358001709 0.0008997253775596619 -3.096173825779629e-19
v -0.004451499938964844 0.001118774175643921 0.00021158623695373535
v -0.0025478515625 -0.0038079023361206055 0.0004557263255119324
v -0.002197733402252197 -0.0032061147689819336 5.197948217391968e-05
v -0.0029117608070373534 -0.0035423288345336917 0.0004361950755119324
v 0.0013274493217468263 -0.0043874187469482425 0.0006315075755119324
v 0.0010372424125671387 -0.0037485675811767577 0.00022524441778659822
v 0.0008923019766807557 -0.004500321865081787 0.0006119763255119324
v 0.004491678714752197 -0.0008964608907699585 0.0008463513255119324
v 0.004556243896484375 -0.00044972997903823856 0.0008658825755119324
v 0.003829917907714844 -0.0006513472199440002 0.00045048883557319644
v 0.003760725498199463 -0.0009836238622665406 0.0004331623315811157
v 0.004385304450988769 -0.0013343931436538697 0.0008268200755119323
v 0.0016704102754592895 -0.0035069754123687744 0.0002598974108695984
v 0.0017505314350128175 -0.004232561588287354 0.0006510388255119324
v 0.002157665491104126 -0.004038034915924072 0.0006705700755119324
v -0.0032473392486572264 -0.0032432758808135986 0.00041666382551193236
v -0.002724308013916016 -0.0027810344696044924 1.7326492816209793e-05
v -0.002224780321121216 0.004002528667449951 4.882759600877762e-05
v -0.0021462855339050295 0.003953525304794312 -2.872182845020926e-19
v -0.0018909093141555786 0.0041734914779663086 3.255172818899155e-05
v -0.004110297679901123 -0.00017031703889369964 -1.9426458446794023e-19
v -0.004555954456329346 -0.00044621741771698 0.0002799450755119324
v -0.00363744068145752 0.002784153461456299 0.0001302069127559662
v -0.0033136026859283446 0.0028539347648620607 6.134213265760133e-20
v -0.00339536190032959 0.003070530891418457 0.00011393105238676072
v -0.004012615203857422 0.0014227293729782106 -3.1944074130462626e-19
v -0.004347443580627441 0.0014770867824554445 0.0001953103840351105
v -0.0036064836978912354 0.0024064819812774658 -2.9751285824522534e-19
v -0.0038555564880371094 0.002479888677597046 0.00014648278057575225
v -0.00404784107208252 0.002159467935562134 0.00016275864839553834
v -0.0038419334888458254 0.0019266377687454225 -1.0052403053045805e-19
v -0.00421242618560791 0.0018246233463287355 0.0001790345162153244
v -0.001908494234085083 -0.003383997917175293 6.930597126483917e-05
v -0.0021597042083740235 -0.004038084506988526 0.00047525757551193236
v -0.0029690492153167727 0.0032642784118652344 -1.1129722818137072e-18
v -0.0031311883926391604 0.003337288856506348 9.765519201755524e-05
v 0.0013586885929107665 -0.003641284704208374 0.0002425709068775177
v 0.003545588493347168 0.002905105829238892 0.0010221326351165772
v 0.0031778056621551516 0.0022454519271850586 0.0006064272522926331
v 0.00381652569770813 0.002546180009841919 0.0010026013851165772
v -0.0004456689357757568 0.004561578750610352 0.0012174451351165772
v -0.00034728980064392093 0.003872855663299561 0.0008143451809883118
v 3.3643317874521016e-06 0.004587438106536865 0.0011979138851165771
v 0.0024836812019348145 0.002986238241195679 0.0006584067344665527
v 0.0032405810356140137 0.0032369103431701663 0.0010416638851165772
v 0.002905076503753662 0.0035388338565826415 0.0010611951351165772
v 0.004585100173950195 1.6851059799925448e-17 0.0008853581547737122
v 0.003871143102645874 -0.00031406858563423157 0.0004678153395652771
v 0.0029680874347686767 0.002511327981948853 0.0006237537860870362
v -0.000891079604625702 0.004492411613464356 0.0012369763851165772
v -0.0013285778760910034 0.004381341457366943 0.0012565076351165772
v -0.0010141502618789672 0.003749407768249512 0.0008489981889724732
v -0.0006830835938453674 0.0038252100944519045 0.0008316717147827149
v 0.0036637351512908934 -0.0013082267045974733 0.00041583585739135743
v 0.004237407684326172 -0.0017590153217315674 0.0008072888255119324
v -0.004040205001831055 0.0021636548042297363 0.0014127576351165771
v -0.0033684513568878176 0.0019437628984451294 0.0010049365758895874
v -0.003812190294265747 0.0025514390468597413 0.001393226385116577
v -0.0040433726310729985 -0.0021572086811065673 0.0016080701351165773
v -0.0035961639881134035 -0.0014863569736480713 0.0011870205402374268
v -0.004239140033721924 -0.0017521102428436279 0.0015885388851165773
v -0.003650586128234863 0.0013272409439086914 0.0010395896434783937
v -0.004230253696441651 0.0017548558712005616 0.0014322888851165771
v -0.004381093025207519 0.0013293832540512086 0.0014518201351165771
v -2.148576779291034e-06 -0.004579477787017823 0.0018229138851165773
v 0.0004487099647521973 -0.004556276798248291 0.0018424451351165773
v -1.8226890824735165e-06 -0.003884880542755127 0.0014213955402374268
v -0.0008983087539672852 -0.004497822761535645 0.0017838513851165772
v -0.00045265221595764164 -0.00456014347076416 0.0018033826351165772
v -0.0007620568275451661 -0.003815610408782959 0.0013823330402374268
v -0.0032313549518585205 -0.002156806707382202 0.0012260830402374269
v -0.003809105157852173 -0.002542433023452759 0.001627601385116577
v -0.003539232015609741 -0.0029043188095092772 0.001647132635116577
v 0.004037769794464112 -0.0021581180095672607 0.0020377576351165772
v 0.004231785297393799 -0.0017504844665527344 0.0020572888851165773
v 0.003425336837768555 -0.0018307831287384033 0.0016362392902374268
v 0.004385741233825684 0.0013268613815307618 0.0021940076351165774
v 0.0038163390159606935 0.0007559643983840943 0.0017729580402374267
v 0.004498681545257568 0.0008911271095275879 0.0021744763851165774
v 0.004231357097625733 0.0017506345510482789 0.0022135388851165774
v 0.003720529079437256 0.001125608205795288 0.0017924892902374267
v 0.001333207607269287 0.004383557796478272 0.002389320135116577
v 0.001491612434387207 0.0035929245948791507 0.0019682705402374267
v 0.001758305311203003 0.004235321521759033 0.002369788885116577
v 0.0008950612545013428 0.004490743160247803 0.002408851385116577
v 0.0004483506381511688 0.00455635404586792 0.002428382635116577
v 0.0007593018412590027 0.0038096048831939696 0.0020073330402374267
v 0.0011309919357299805 0.003718677043914795 0.0019878017902374267
v 0.0035895614624023436 0.0014851051568984986 0.0018120205402374267
v 0.004037612915039062 0.0021584413051605224 0.0022330701351165774
v 0.003539980411529541 -0.0029096555709838866 0.001998695135116577
v 0.003806452751159668 -0.002545832395553589 0.0020182263851165772
v 0.0030030500888824463 -0.0024683303833007812 0.0015971767902374268
v -0.0034300897121429443 -0.0018300116062164307 0.0012065517902374269
v -0.0003839957118034363 -0.0038684790134429934 0.0014018642902374268
v -0.0011321951150894166 -0.0037258918285369876 0.0013628017902374268
v -0.0013346259593963624 -0.004392062664031983 0.0017643201351165772
v -0.0035224261283874512 0.0016416988372802736 0.0010222631692886352
v 0.003229104995727539 -0.0021596906185150145 0.0016167080402374268
v -0.0037271215915679933 -0.0011287819147109985 0.0011674892902374268
v -0.00439351224899292 -0.001330602526664734 0.0015690076351165773
v 0.002748993396759033 -0.002753332853317261 0.0015776455402374268
v 0.00324049973487854 -0.003245615005493164 0.001979163885116577
v -0.003547454357147217 0.0029138677120208742 0.001373695135116577
v -0.003189398527145386 0.0022308621406555177 0.000987610161304474
v 0.004568095207214355 0.00044743740558624267 0.0021549451351165773
v 0.0038752243518829347 0.0003795718550682068 0.0017534267902374267
v -0.0032366600036621094 0.0032389609813690185 0.0026041638851165773
v -0.0024635415077209474 0.003006178140640259 0.002183114290237427
v -0.002904010534286499 0.003543667793273926 0.0025846326351165773
v -0.004585230350494385 3.7105686496943237e-06 0.002760413885116577
v -0.003874197483062744 0.0003839783668518066 0.002339364290237427
v -0.004566884517669678 0.00045263177156448363 0.002740882635116577
v -0.002158562421798706 0.0032361619472503662 0.002163583040237427
v -0.0025445024967193602 0.0038147716522216797 0.0025651013851165773
v -0.0045595960617065435 -0.0004458964467048645 0.002779945135116577
v -0.003889760732650757 3.147764131426811e-06 0.002358895540237427
v -0.0038680143356323244 -0.0003782646358013153 0.0023784267902374266
v -0.004491156101226807 -0.0008918298482894898 0.002799476385116577
v -0.0018333001136779787 0.0034347395896911622 0.002144051790237427
v -0.0021610851287841796 0.004048853874206543 0.0025455701351165773
v 0.002165869474411011 0.004046556949615479 0.002350257635116577
v 0.0018373589515686035 0.003432791233062744 0.0019487392902374269
v -0.002956779956817627 -0.0025360939502716063 -4.485545557897505e-19
v -0.0035504937171936036 -0.002912655830383301 0.0003971325755119324
v 1.3451109407469631e-06 -0.004591199398040771 0.0005729138255119323
v -0.00029974159598350524 -0.0038815481662750244 0.00015593844652175904
v -0.0004465964436531067 -0.004566656112670898 0.0005533825755119324
v -0.0006350859999656677 -0.003838061571121216 0.00013861194252967835
v -0.0008907651901245117 -0.004497160911560058 0.0005338513255119324
v -0.003607149839401245 -0.0016916497945785522 4.228037748113745e-19
v -0.004233743667602539 -0.0017575180530548097 0.0003385388255119324
v -0.00404520845413208 -0.00216591215133667 0.00035807007551193237
v -0.0038172166347503664 -0.0025524449348449706 0.0003776013255119324
v -0.0033122727870941162 -0.0021377832889556887 2.2565322997813065e-19
v 0.0007083709239959717 -0.0038274710178375247 0.00020791792869567872
v 0.00044897189736366276 -0.004568987369537354 0.0005924450755119324
v 3.7551607936620716e-05 -0.003894758224487305 0.00017326493561267852
v -0.002846787929534912 0.0035826957225799563 8.137932419776917e-05
v -0.0015442845821380616 0.0043161754608154294 1.6275864094495774e-05
v -0.001681419849395752 0.0042201924324035646 -5.694063579677971e-19
v 0.0035490725040435793 -0.0029089181423187257 0.0007486950755119324
v 0.0027740614414215087 -0.0027265312671661377 0.00032920336723327637
v 0.0032445554733276367 -0.0032392802238464355 0.0007291638255119324
v 0.004390693664550781 0.0013349579572677613 0.0009440075755119323
v 0.003752980947494507 0.001031631588935852 0.0005371212959289551
v 0.004496225357055664 0.0008981437087059021 0.0009244763255119324
v 0.0013295413255691529 0.004392513275146484 0.001139320135116577
v 0.0013142342567443847 0.00366291880607605 0.0007277127504348755
v 0.001751307249069214 0.004237715721130371 0.001119788885116577
v 0.0033630456924438478 0.001962807655334473 0.0005891007781028747
v 0.004049820423126221 0.002162893056869507 0.0009830700755119324
v 0.003539116859436035 -0.0016224839687347412 0.00039850935339927676
v 0.004048274993896484 -0.0021658165454864504 0.0007877575755119324
v 0.0003283170163631439 0.003880350112915039 0.0007796922326087952
v 0.00045173051953315734 0.004568585872650147 0.0011783826351165771
v 0.003647279977798462 0.0013515644073486329 0.0005544477701187134
v 0.004241921901702881 0.0017580151557922365 0.0009635388255119324
v 0.0008951419591903686 0.004503629207611084 0.001158851385116577
v 0.0009924167394638062 0.0037656495571136476 0.0007450392246246339
v 0.0035216917991638184 0.0016650301218032837 0.0005717743039131165
v 0.0022132248878479004 0.003192002773284912 0.0006757332682609559
v 0.0025426476001739503 0.0038081157207489015 0.0010807263851165773
v 0.0038182289600372315 -0.0025503082275390625 0.0007682263255119324
v 0.0033870396614074706 -0.0019237240552902222 0.00038118284940719604
v 0.0032077536582946777 -0.002209325075149536 0.00036385637521743776
v 0.0006630488634109497 0.0038385350704193116 0.0007623656988143921
v 0.002544969320297241 -0.0038061227798461914 0.0006901013255119323
v 0.0019701077938079833 -0.0033469924926757813 0.0002772238850593567
v 0.0025242328643798827 -0.0029554176330566406 0.0003118768930435181
v 0.002908560037612915 -0.0035391099452972414 0.0007096325755119324
v -0.0012902321815490723 -0.0036647884845733645 0.00010395896434783936
v -0.001751412034034729 -0.004230962753295898 0.0004947888255119324
v -0.0013270680904388429 -0.0043846254348754886 0.0005143200755119324
v -0.0017538741827011109 0.004229773044586182 0.0012760388851165772
v -0.0021626787185668947 0.004039110660552979 0.0012955701351165772
v -0.001651939868927002 0.0035166604518890384 0.0008836511969566345
v 0.0016263853311538697 0.003531977653503418 0.0007103862166404724
v 0.002156866788864136 0.004041996479034424 0.0011002576351165773
v -0.0013379492759704591 0.0036462805271148683 0.0008663246631622314
v -0.0009660575389862061 -0.0037654309272766116 0.00012128545343875885
v -0.0016051857471466064 -0.003537266492843628 8.663246780633926e-05
v -0.004489782333374023 -0.0008931655883789063 0.00029947632551193237
v -0.004007709980010986 -0.0006973431706428528 1.7855885985528159e-19
v -0.004382156848907471 -0.0013317674398422243 0.0003190075755119324
v 0.002255481719970703 -0.003162688970565796 0.00029455038905143736
v 0.00455880355834961 0.00045208349823951723 0.0009049450755119324
v 0.0038842315673828127 2.5540340691804886e-05 0.0004851418137550354
v 0.00382532000541687 0.0007010622024536132 0.0005197948217391968
v 0.0019267542362213135 0.0033744609355926512 0.0006930597424507141
v -0.00383939266204834 -0.0012083142995834351 -5.048244897230705e-19
v -0.0019535816907882693 0.0033613789081573487 0.0009009776711463929
v -0.0025507020950317383 0.0038107583522796634 0.0013151013851165772
v -0.0011867741346359253 0.004428849697113037 0.0
v 0.0045685553550720214 -0.00044779059290885926 0.0021158826351165773
v 0.004585100173950195 1.6851059799925448e-17 0.0021354138851165773
v 0.003875614881515503 -0.00037987148761749266 0.0017143642902374269
v -0.004585910320281983 -3.6667943932116033e-06 0.0015104138851165772
v -0.004567468166351319 -0.00045242419838905333 0.0015299451351165772
v -0.0038903374671936035 -3.1106292735785245e-06 0.0011088955402374268
v -0.002913654088973999 0.003546121120452881 0.0013346326351165773
v -0.0022403340339660644 0.003181267738342285 0.0009183041453361511
v -0.0038205077648162844 -0.0007602257132530212 0.0011479580402374268
v -0.004503595352172852 -0.000896150290966034 0.0015494763851165772
v -0.002158925771713257 -0.0032366106510162353 0.0013042080402374267
v -0.002544930934906006 -0.003815300464630127 0.0017057263851165772
v -0.0021615865230560304 -0.004049187183380127 0.0017252576351165772
v 0.002165849208831787 -0.0040471553802490234 0.0019205701351165771
v 0.001491771697998047 -0.003593482971191406 0.0014995205402374267
v 0.0017584930658340455 -0.004235980033874512 0.0019010388851165771
v -0.003247245311737061 0.003246603012084961 0.0013541638851165773
v -0.0025096564292907716 0.0029771592617034914 0.0009356306791305542
v 0.0029107065200805666 0.003549893617630005 0.002311195135116577
v 0.0027494652271270754 0.0027536661624908447 0.0018901455402374268
v 0.003241055965423584 0.0032460079193115236 0.002291663885116577
v -0.0017567075490951538 0.004242496013641357 0.0025260388851165772
v -0.0014902570247650147 0.0035990107059478763 0.002124520540237427
v -0.000898320496082306 0.0044985108375549315 0.002486976385116577
v -0.00038414213061332703 0.0038690025806427004 0.0020659267902374268
v -0.00045282483100891115 0.004560760974884033 0.002467445135116577
v -2.0695594139397146e-06 0.0038852112293243407 0.0020463955402374267
v -2.4395864456892012e-06 0.0045798678398132325 0.002447913885116577
v -0.00404396390914917 0.0021574099063873292 0.0026627576351165774
v -0.0042396864891052245 0.0017524780035018922 0.0026822888851165774
v -0.0034305913448333743 0.0018301823139190675 0.002261239290237427
v -0.004040754318237305 -0.002163994073867798 0.002858070135116577
v -0.003812842845916748 -0.002551638603210449 0.002877601385116577
v -0.0034278686046600344 -0.0018357678651809693 0.0024565517902374267
v -0.0038203279972076416 0.0007605289816856385 0.002319833040237427
v -0.00450338363647461 0.0008965077996253968 0.0027213513851165774
v -0.003588885545730591 -0.0014890104532241822 0.0024370205402374267
v -0.004230560302734375 -0.0017552380561828614 0.002838538885116577
v -0.0032317628860473635 0.002156790018081665 0.002241708040237427
v -0.0038095860481262207 0.0025424134731292726 0.0026432263851165773
v -0.0029860043525695803 0.0025004255771636963 0.0009702836275100708
v 0.0013335230350494385 -0.0043840761184692385 0.001881507635116577
v 0.0011312594413757325 -0.003719116449356079 0.0014799892902374269
v 0.0018373417854309082 -0.0034332988262176516 0.0015190517902374267
v 0.0025510993003845213 -0.0038180549144744874 0.0019401013851165771
v -0.0014905998706817628 -0.003598940134048462 0.0013432705402374268
v -0.0017571117877960205 -0.004242412567138672 0.0017447888851165772
v -0.003872806549072266 0.0003352133333683014 0.0010915690660476686
v -0.004560165405273438 0.00044578090310096744 0.0014908826351165772
v 0.002164158582687378 -0.00323894739151001 0.0015385830402374267
v 0.0029101572036743166 -0.0035497388839721682 0.001959632635116577
v -0.0027457265853881837 -0.0027480621337890626 0.0012651455402374267
v -0.0032366487979888915 -0.0032394018173217774 0.0016666638851165771
v -0.0029042501449584963 -0.0035442171096801756 0.0016861951351165771
v -0.0030024151802062987 -0.002463803291320801 0.0012456142902374267
v 0.0043863525390625 -0.0013269039392471314 0.0020768201351165773
v 0.0035899248123168947 -0.0014849778413772584 0.0016557705402374268
v -0.0018337255716323853 -0.0034350223541259766 0.0013237392902374267
v 0.00075961571931839 -0.0038098161220550537 0.0014604580402374269
v 0.0008954312205314637 -0.004490992069244385 0.001861976385116577
v 0.00038065141439437865 -0.003865198373794556 0.0014409267902374269
v -0.0038746926784515383 -0.00038380226492881774 0.0011284267902374268
v -0.002463744878768921 -0.0030066442489624025 0.0012846767902374267
v -0.0038265130519866946 0.0006714272499084473 0.0010742425918579101
v -0.004491478443145752 0.0008915778994560242 0.0014713513851165772
v 0.0025514156818389894 0.0038177871704101565 0.002330726385116577
v 0.002164427042007446 0.003238720178604126 0.0019292080402374269
v 0.003816884756088257 -0.000756152331829071 0.0016948330402374269
v 0.004499324798583984 -0.0008913485407829285 0.0020963513851165773
v -0.00372736930847168 0.0011291501522064208 0.002300301790237427
v -0.00439380407333374 0.0013310365676879883 0.0027018201351165774
v -0.0013344420194625855 0.004392594814300537 0.0025065076351165772
v -0.0011320390701293945 0.003726343154907227 0.002104989290237427
v -0.0030026438236236573 0.002463592052459717 0.002222176790237427
v -0.003539501428604126 0.0029040701389312744 0.0026236951351165773
v -0.003716580152511597 -0.0011280419826507568 0.0024174892902374266
v -0.004381085872650146 -0.0013297301530838014 0.002819007635116577
v 0.003003388166427612 0.002468735933303833 0.0018706142902374268
v 0.0035403790473937987 0.0029101336002349855 0.002272132635116577
v 0.002469222068786621 0.003011459589004517 0.0019096767902374268
v 0.003229223489761353 0.0021600670814514162 0.0018510830402374268
v 0.0038065927028656005 0.002546276092529297 0.002252601385116577
v 0.003425203800201416 0.0018310574293136598 0.0018315517902374268
v -0.003596627473831177 0.0014866689443588257 0.002280770540237427
v -0.002745736122131348 0.0027476880550384524 0.002202645540237427
v -0.00380995512008667 -0.0007565605640411377 0.0023979580402374266
v -0.0007620667815208435 0.003816194534301758 0.0020854580402374268
v -0.0035480008125305176 -0.0029138123989105227 0.002897132635116577
v -0.0032345259189605715 -0.002164616107940674 0.0024760830402374267
v 0.00038034656643867493 0.003865264177322388 0.0020268642902374267
v 0.003721047878265381 -0.001125644326210022 0.0016753017902374268
v -0.0030098538398742676 -0.0024718568325042727 0.0024956142902374267
v -0.0032474255561828614 -0.0032461771965026855 0.002916663885116577
v -0.0037521939277648927 0.0010029600858688355 0.0010569161176681519
v 0.0024687559604644775 -0.0030113284587860107 0.0015581142902374267
v -0.0029134995937347414 -0.0035454998016357423 0.002936195135116577
v -0.002754868745803833 -0.002753809690475464 0.0025151455402374267
v -0.0025503506660461426 -0.0038101763725280763 0.002955726385116577
v -0.0021622467041015627 -0.004038733005523681 0.002975257635116577
v -0.0021635236740112306 -0.0032322638034820556 0.0025542080402374268
v -0.001834285616874695 -0.0034261538982391358 0.0025737392902374268
v -0.00175345516204834 -0.00422969675064087 0.0029947888851165772
v 0.0017510374784469604 -0.004237098217010498 0.0031510388851165774
v 0.002156780004501343 -0.0040414085388183595 0.0031705701351165774
v 0.0014854469299316407 -0.0035944316387176516 0.002749520540237427
v 0.0045583505630493164 -0.00045187491178512576 0.003365882635116577
v 0.003813697099685669 -0.0007618035674095154 0.0029448330402374267
v 0.004495566844940186 -0.0008980102539062501 0.003346351385116577
v 0.0011275531053543091 -0.003725879430770874 0.002729989290237427
v 0.0013291538953781128 -0.004392047882080078 0.0031315076351165773
v 0.0029079990386962893 0.003538987636566162 0.0035611951351165773
v 0.0027520177364349367 0.0027475774288177493 0.003140145540237427
v 0.0032440645694732668 0.00323883056640625 0.0035416638851165773
v 0.002544442892074585 0.003806389093399048 0.0035807263851165773
v 0.0024669251441955566 0.0030022079944610597 0.003159676790237427
v -0.0013270058631896973 0.0043838520050048825 0.003756507635116577
v -0.0007555580735206604 0.003814457416534424 0.003335458040237427
v -0.0008906480669975281 0.004496463298797607 0.003736976385116577
v -0.004382136344909668 0.0013320149183273316 0.003951820135116578
v -0.0035911643505096434 0.0014908663034439087 0.0035307705402374268
v -0.004233246326446533 0.0017574256658554077 0.003932288885116577
v -0.001485750913619995 0.0035886077880859374 0.0033745205402374266
v -0.0017513958215713502 0.00423023271560669 0.003776038885116577
v -0.0021597068309783937 0.004037473201751709 0.003795570135116577
v 0.004585100173950195 1.6851059799925448e-17 0.003385459661483765
v 0.0038669579029083252 -0.00038333627581596373 0.0029643642902374267
v -0.0011257307529449463 0.0037189264297485354 0.003354989290237427
v 0.0021572484970092775 0.004038679599761963 0.0036002576351165773
v 0.0021585118770599365 0.0032290508747100832 0.003179208040237427
v -0.004490314960479736 0.000893803358078003 0.003971351385116577
v -0.0045570220947265625 0.0004472412168979645 0.003990882635116577
v -0.003809241771697998 0.0007582347989082336 0.003569833040237427
v -0.00371747088432312 0.001129980206489563 0.0035503017902374268
v 0.0038896501064300537 -9.52689507754197e-19 0.0029838955402374267
v 0.004556471347808838 0.0004499318897724152 0.003404945135116577
v 0.0025427670478820803 -0.003807685136795044 0.0031901013851165774
v 0.0018296480178833009 -0.0034284234046936036 0.002769051790237427
v -0.003541905641555786 -0.002903559446334839 0.004147132396697998
v -0.0032345480918884277 -0.0021575582027435303 0.003726083040237427
v -0.0038128690719604493 -0.0025433189868927 0.004127601146697998
v 0.0004465455114841461 -0.004557935237884522 0.004342444896697998
v -3.0411777552217245e-06 -0.0038878767490386963 0.003921395540237427
v -3.5849253181368114e-06 -0.004583009719848633 0.004322913646697998
v -0.0027466392517089843 -0.0027460854053497313 0.003765145540237427
v -0.003237724542617798 -0.003237071752548218 0.004166663646697998
v -0.0029035825729370117 -0.003540728807449341 0.004186194896697998
v -0.003004683256149292 -0.0024631588459014895 0.003745614290237427
v -0.003433470964431763 -0.0018319367170333862 0.003706551790237427
v -0.004047358512878418 -0.002159477949142456 0.004108069896697998
v 0.0007574602961540223 -0.0038093411922454834 0.003960458040237427
v 0.0008928903937339783 -0.004490432262420655 0.004361976146697998
v 0.0013310337066650391 -0.004381441116333008 0.004381507396697998
v 0.000378815233707428 -0.0038666057586669925 0.003940926790237427
v -0.00045308491587638854 -0.004564714431762695 0.004303382396697998
v -0.00038436275720596315 -0.0038723561763763428 0.0039018642902374267
v -0.0024715914726257324 -0.003007732391357422 0.0025346767902374267
v 0.004037782192230225 -0.002160784482955933 0.004537757396697998
v 0.0032307963371276858 -0.002162362575531006 0.0041167082786560056
v 0.003808446645736694 -0.002548982381820679 0.0045182261466979986
v 0.004235006332397461 0.0017504194974899293 0.004713538646697998
v 0.003724244356155396 0.0011265612840652467 0.004292489528656006
v 0.004390120506286621 0.0013279848098754882 0.004694007396697998
v 0.003588204622268677 -0.001486430883407593 0.004155770778656006
v 0.004229757785797119 -0.0017521972656250001 0.004557288646697998
v 0.004382674694061279 -0.0013274035453796388 0.004576819896697998
v -1.7094910435844212e-07 0.004578320980072021 0.004947913646697998
v -0.00045113161206245423 0.004557306289672851 0.0049674448966979985
v -1.450202107662335e-07 0.003883899211883545 0.004546395778656006
v 0.0008973104357719422 0.004493518352508545 0.004908851146697998
v 0.00045081496238708497 0.004557048797607422 0.0049283823966979985
v 0.0007612099051475525 0.0038119592666625976 0.004507333278656006
v 0.003426985502243042 0.0018297234773635865 0.004331552028656006
v 0.004039713382720947 0.0021568689346313477 0.004733069896697998
v 0.003806750535964966 0.002543579339981079 0.004752601146697998
v -0.0038068737983703613 0.0025433547496795657 0.005143226146697998
v -0.004040027141571045 0.002156817674636841 0.005162757396697998
v -0.003229462146759033 0.0021575887203216554 0.004741708278656006
v -0.004554477214813233 -0.0005277612209320068 0.0052835259437561035
v -0.004458159446716309 -0.0010519832372665407 0.005306637763977051
v -0.003825603485107422 -0.0006901708841323853 0.00489455509185791
v -0.0013233567476272584 -0.0043834238052368165 0.005514646530151367
v -0.0008036588430404663 -0.004507402420043946 0.005537758827209473
v -0.0008719980716705323 -0.003784677028656006 0.005126341819763184
v 0.0027200908660888674 -0.0036845102310180664 0.0056995429992675786
v 0.0021280276775360106 -0.0032523066997528077 0.005286809921264649
v 0.002275745630264282 -0.003979082345962524 0.005676431179046631
v 0.0018018338680267335 -0.004220218181610108 0.005653318881988526
v 0.0018295773267745972 -0.003432559013366699 0.0052689800262451176
v -0.0035385327339172365 0.0029064362049102785 0.005123694896697998
v -0.003001821994781494 0.002465599536895752 0.004722177028656006
v 0.0035434503555297854 -0.0029126076698303225 0.004498694896697998
v 0.003005993604660034 -0.0024708347320556642 0.004097177028656006
v 0.004502547740936279 0.0008933185338974 0.004674476146697998
v 0.0038766529560089113 0.0003818936347961426 0.004253427028656006
v 0.004569778919219971 0.0004501743018627167 0.004654944896697998
v 0.0035926570892333984 0.0014849227666854858 0.004312020778656006
v 0.0003824371099472046 0.003865853548049927 0.004526864528656006
v 0.0038196191787719727 0.0007578234672546387 0.004272958278656006
v 0.003425347089767456 -0.0018330451250076294 0.004136239528656006
v 0.0013347997665405275 0.004387758731842041 0.0048893198966979984
v 0.0011323425769805908 0.003722240686416626 0.004487802028656006
v -0.0018255761861801147 -0.004202694416046143 0.00549153470993042
v -0.0012091118097305297 -0.003691744089126587 0.00510851240158081
v 0.004550882816314697 0.0005075687170028687 0.005907551765441894
v 0.0038709583282470704 0.00032778474688529966 0.00550076675415039
v 0.004581399440765381 -2.5490600615739823e-05 0.005884439468383789
v -0.0037459282875061035 -0.0010301902294158937 0.004912384986877441
v -0.004303400039672852 -0.0015630619525909425 0.005329750061035156
v -0.00323755955696106 0.0032423415184020996 0.005104163646697998
v -0.002746499300003052 0.0027505559921264648 0.004702645778656006
v -0.003875145435333252 -0.00034512418508529663 0.004876725196838379
v -0.004589632034301758 2.63554765842855e-06 0.005260413646697998
v 0.0008573918342590333 -0.003799569606781006 0.0052154908180236815
v 0.0007872453331947327 -0.004522331237792969 0.005607094764709473
v 0.001301687479019165 -0.0043964476585388185 0.005630207061767578
v -0.002465662240982056 0.0030093021392822265 0.004683114528656006
v -0.002906510353088379 0.0035473501682281496 0.005084632396697998
v 3.2302301842719317e-06 -0.004588147163391113 0.0030729138851165773
v -0.00037804150581359866 -0.0038703017234802246 0.002651864290237427
v -0.0004456334412097931 -0.004562292098999023 0.0030533826351165773
v 0.003548788070678711 0.0029082727432250977 0.0035221326351165773
v 0.0032391698360443115 0.0021629462242126465 0.003101083040237427
v 0.0038183171749114992 0.002549670219421387 0.0035026013851165772
v 0.0007590325474739074 -0.003820471286773682 0.002710458040237427
v 0.0008947437405586243 -0.004503552436828613 0.0031119763851165773
v 0.0035953757762908936 0.0014920592308044435 0.0030620205402374268
v 0.0042382111549377445 0.0017588319778442383 0.003463538885116577
v 0.004048853397369385 0.0021654093265533448 0.0034830701351165772
v 0.0017502673864364625 0.004233503341674805 0.0036197888851165773
v 0.001830045461654663 0.003426108360290527 0.003198739290237427
v 0.0030082006454467776 -0.0024646947383880615 0.002847176790237427
v 0.0035460519790649417 -0.0029053699970245364 0.003248695135116577
v 0.003816873550415039 -0.0025465693473815916 0.003268226385116577
v 0.001327351689338684 0.004388504981994629 0.0036393201351165774
v 0.0014847936630249024 0.0035913820266723633 0.003218270540237427
v 0.004390018939971924 -0.0013349535465240479 0.003326820135116577
v 0.003724158048629761 -0.0011324729919433593 0.0029253017902374267
v 0.0035981612205505374 -0.0014915186166763305 0.0029057705402374266
v 0.0042414946556091305 -0.0017581946849822999 0.003307288885116577
v 0.00301052188873291 0.0024671573638916015 0.003120614290237427
v -0.00450069522857666 -0.0008980453610420228 0.004049476146697998
v -0.004393898963928223 -0.0013335065841674806 0.004069007396697998
v -0.003818047285079956 -0.0007618333697319031 0.003647958040237427
v 0.0032444918155670167 -0.0032474775314331053 0.0044791636466979985
v 0.0027523801326751708 -0.002754912853240967 0.0040776457786560055
v 0.0021650023460388183 -0.0032363097667694094 0.004038583278656006
v 0.002552093982696533 -0.0038149456977844237 0.0044401011466979985
v 0.002913270950317383 -0.0035494093894958495 0.004459632396697998
v -0.0014879204034805298 -0.0035979905128479006 0.003843270540237427
v -0.0017539530992507935 -0.004241292953491211 0.004244788646697998
v -0.0013325304985046388 -0.004394254684448242 0.004264319896697998
v -0.000897538423538208 -0.004502108097076416 0.004283851146697998
v -0.0007614033222198487 -0.0038192460536956786 0.0038823330402374266
v -0.0035986897945404052 -0.0014889472723007202 0.003687020540237427
v -0.004242117404937744 -0.0017551635503768922 0.004088538646697998
v -0.00044643351435661317 0.004566200256347656 0.0037174451351165774
v 1.29525747615844e-06 0.0038948214054107667 0.003296395540237427
v 1.5268430579453707e-06 0.004591196060180664 0.0036979138851165774
v -0.0032470574378967287 0.0032430169582366945 0.003854163885116577
v -0.003549943447113037 0.0029123620986938477 0.003873695135116577
v -0.00275455641746521 0.002751128911972046 0.0034526455402374267
v -0.000378720223903656 0.003873616933822632 0.003315926790237427
v 0.0008923534154891968 0.00450132942199707 0.0036588513851165774
v 0.000449124276638031 0.004569621086120606 0.0036783826351165774
v 0.000757004737854004 0.0038185853958129885 0.003257333040237427
v -0.001832131028175354 0.0034250850677490234 0.0033940517902374266
v -0.002547828197479248 0.0038074393272399904 0.003815101385116577
v 0.0004514425396919251 -0.0045690412521362305 0.0030924451351165773
v 0.0003829694986343384 -0.0038760268688201906 0.002690926790237427
v 0.0003810028731822968 0.0038765189647674563 0.003276864290237427
v 0.0029053843021392823 -0.003538633584976196 0.0032096326351165774
v 0.0032410173416137695 -0.003236959934234619 0.0032291638851165774
v 0.0024647068977355956 -0.0030019075870513917 0.002808114290237427
v -0.004562973499298096 -0.0004531334638595581 0.0040299448966979986
v -0.003886591911315918 -2.732590772211552e-06 0.003608895540237427
v -0.00458149528503418 -3.221164457499981e-06 0.004010413646697998
v -0.003816380500793457 0.0025520434379577637 0.003893226385116577
v -0.0030115017890930177 0.0024706265926361087 0.0034721767902374267
v 0.0032379450798034667 -0.002160315752029419 0.0028667080402374266
v 0.004049867630004883 -0.002163264036178589 0.003287757635116577
v 0.0038108677864074707 0.000760593056678772 0.0030229580402374267
v 0.004492231845855713 0.0008965833187103272 0.003424476385116577
v 0.004386074542999267 0.001334386706352234 0.003444007635116577
v 0.002157090187072754 -0.0032301504611968995 0.002788583040237427
v 0.0037208118438720704 0.0011319921016693115 0.0030424892902374268
v -0.002911648750305176 0.003541998386383057 0.003834632635116577
v -0.0024700212478637696 0.0030047619342803956 0.0034331142902374267
v 0.003434739112854004 0.0018369684219360352 0.003081551790237427
v 0.0011260242462158203 0.0037228736877441405 0.003237801790237427
v -0.002161383628845215 0.0032299418449401856 0.0034135830402374267
v 0.003865363597869873 0.0003816879987716675 0.0030034267902374267
v 0.0027494325637817383 -0.002745990514755249 0.002827645540237427
v 2.7402816340327263e-06 -0.003892235040664673 0.002671395540237427
v -0.004044407367706299 0.0021655852794647216 0.003912757635116578
v -0.0032375268936157228 0.00216495943069458 0.0034917080402374267
v -0.002158440351486206 -0.004045966625213623 0.004225257396697998
v -0.0021570634841918948 -0.003233304262161255 0.003804208040237427
v -0.0025427355766296385 -0.0038114027976989748 0.004205726146697998
v 0.0014901313781738282 -0.003590023994445801 0.003999520540237427
v 0.0017565593719482422 -0.004231902122497559 0.0044010386466979984
v 0.0021650514602661133 -0.004042757034301758 0.004420569896697998
v 0.0024713973999023436 -0.003011048793792725 0.004058114528656006
v -0.0011304174661636354 -0.0037277512550354004 0.003862801790237427
v 0.00112914776802063 -0.003716881275177002 0.003979989290237427
v 0.004585100173950195 1.6851059799925448e-17 0.004635310173034668
v -0.0018310564756393432 -0.003432290554046631 0.003823739290237427
v 0.0018366650342941284 -0.003429567337036133 0.004019052028656006
v 0.004494834423065186 -0.0008905866146087647 0.004596351146697998
v 0.004564537525177002 -0.00044592925906181336 0.004615882396697998
v 0.0038130755424499512 -0.0007555059194564819 0.004194833278656006
v 0.003717927932739258 -0.0011260682344436646 0.004175302028656006
v 0.003872206211090088 -0.00037829244136810305 0.004214364528656006
v -0.003870879411697388 -0.00038440397381782533 0.003628426790237427
v -0.0024631783962249755 -0.0030036847591400147 0.003784676790237427
v -0.003727449655532837 -0.001131245493888855 0.003667489290237427
v -0.0008908807635307312 -0.0044929499626159665 0.0030338513851165773
v -0.0007557554244995117 -0.003811476707458496 0.002632333040237427
v -0.0038658306598663332 0.0003794054090976715 0.003589364290237427
v -0.0011267811059951782 -0.003717010498046875 0.002612801790237427
v -0.0013282438516616822 -0.004381593227386475 0.0030143201351165772
v 0.0035386269092559817 0.002906796932220459 0.004772132396697998
v 0.003229357481002808 0.0021577792167663573 0.004351083278656006
v -0.0017587051391601562 0.004240248680114746 0.005026038646697998
v -0.0011324398517608644 0.0037226989269256595 0.0046049895286560056
v -0.0013349144458770753 0.004388298988342285 0.0050065073966979986
v -0.0018361191749572754 0.0034355390071868896 0.004644052028656006
v -0.002164408206939697 0.0040497961044311526 0.005045569896697998
v -0.0025479414463043214 0.003817741870880127 0.005065101146697998
v -0.004502800464630127 0.0008936744928359986 0.005221351146697998
v -0.0037246057987213137 0.0011267921924591065 0.004800302028656006
v -0.004390546798706055 0.0013282570838928224 0.005201819896697998
v 0.0021646971702575686 0.004049667835235596 0.004850257396697998
v 0.0017587671279907227 0.004239799022674561 0.004869788646697998
v 0.001836364269256592 0.0034354298114776614 0.004448739528656006
v 0.0021618492603302 0.0032388646602630614 0.004429208278656006
v 0.002548377275466919 0.003817957401275635 0.004830726146697998
v -0.0003827057480812073 0.0038660717010498046 0.0045659270286560055
v -0.0008975513577461243 0.004493975162506104 0.004986976146697998
v 0.0029069314002990723 0.0035477397441864016 0.004811194896697998
v 0.00246601939201355 0.0030096323490142823 0.004409677028656006
v -0.0034272518157958984 0.0018296799659729005 0.004761239528656006
v -0.004235436916351318 0.0017505449056625366 0.005182288646697998
v -0.0014919517040252687 0.003597104549407959 0.004624520778656006
v -0.0035930223464965823 0.0014850291013717653 0.004780770778656006
v -0.0021614794731140137 0.0032386817932128905 0.004663583278656006
v -0.0007614142894744873 0.003812346458435059 0.004585458278656006
v 0.0014920042753219604 0.0035967228412628173 0.004468270778656006
v -0.00456964635848999 0.00045051801204681397 0.005240882396697998
v -0.003819833517074585 0.0007581254839897156 0.004819833278656006
v -0.004589632034301758 2.63554765842855e-06 0.005260413646697998
v -0.0038765404224395754 0.0003821851909160614 0.004839364528656006
v 0.0035013363361358642 -0.0017017375230789185 0.00539378833770752
v 0.004092924118041992 -0.0020739941596984862 0.0057919912338256834
v 0.004307775020599365 -0.0015888417959213257 0.0058151035308837895
v -0.00409291934967041 -0.0020540287494659423 0.005352861881256103
v -0.003500417232513428 -0.0016842900514602661 0.0049480443000793455
v 0.000515156090259552 -0.0038587036132812502 0.00519766092300415
v 0.0002589481472969055 -0.004578506946563721 0.005583982944488526
v -0.0004233881533145905 0.00419174861907959 0.006
v -0.00014754988253116609 0.0038922801017761233 0.005803872585296631
v 0.00010478248447179794 0.004254631042480469 0.006
v 0.00455180549621582 -0.0005575116872787476 0.005861327648162842
v 0.0038717150688171386 -0.0003698985278606415 0.005465107440948486
v 0.0031294255256652834 -0.0033416085243225097 0.005722655296325684
v 0.0024101359844207765 -0.003046403646469116 0.005304639339447022
v -0.002932642698287964 -0.00255988073348999 0.0050015335083007815
v -0.0035156767368316653 -0.0029477512836456297 0.005399086475372314
v -0.0031543557643890384 -0.0033365697860717773 0.005422198295593262
v -0.002433502435684204 -0.0030415923595428465 0.005037193298339844
v -0.002748356103897095 -0.0036775872707366943 0.005445310592651367
v 0.002746746301651001 0.002750917911529541 0.004390145778656006
v 0.003237850904464722 0.0032427682876586916 0.004791663646697998
v 0.0029168453216552735 -0.0025656003952026366 0.005340299129486084
v 0.003498305082321167 -0.00295548415184021 0.005745767116546631
v -0.0038294382095336913 -0.002517914533615112 0.005375974178314209
v -0.0031470892429351807 -0.002285710573196411 0.004983704090118409
v 0.0031032583713531494 0.00326766300201416 0.006
v 0.0029494884014129637 0.002544128179550171 0.005625575065612793
v 0.0035012743473052978 0.0029081094264984133 0.006
v 0.0033327429294586182 -0.002006060838699341 0.005375958442687989
v 0.003821286201477051 -0.0025312438011169435 0.005768879413604737
v 0.0026633596420288087 0.0035772955417633055 0.006
v 0.002188949823379517 0.00383358907699585 0.006
v 0.0021628658771514894 0.003228050470352173 0.005679064273834229
v 0.0016884157657623292 0.004032759666442871 0.006
v 0.0018628429174423217 0.0034077160358428954 0.00569689416885376
v -0.0018518110513687134 -0.0034210662841796875 0.005072852611541748
v -0.002303011417388916 -0.0039668653011322025 0.005468422412872314
v -0.00027378857135772704 -0.004572980403900147 0.00556087064743042
v -0.0001804697960615158 -0.0038825173377990724 0.005162001609802246
v 0.00019920271635055542 0.003888322114944458 0.0057860426902771
v 0.0006391667723655701 0.004246742725372315 0.006
v -0.0019018819332122803 0.0035949432849884033 0.006
v -0.0014945788383483886 0.0035860083103179934 0.005875191688537598
v -0.0014355913400650024 0.003857046127319336 0.006
v 0.0031649901866912843 0.002271953582763672 0.005607745170593262
v 0.0038502888679504397 0.0025021727085113524 0.006
v -0.0005281688570976257 -0.003848482370376587 0.005144171714782715
v 0.0011921324729919434 -0.003708155155181885 0.005233320713043213
v -0.0021517055034637454 -0.003244607448577881 0.005055022716522217
v 0.004314036846160889 0.0015472017526626588 0.005953775882720947
v 0.004109966278076172 0.002038975477218628 0.005976887702941895
v 0.0035140764713287352 0.0016717679500579835 0.005572085857391358
v 0.002445760250091553 0.0030234098434448243 0.005661234855651855
v 0.004461385726928711 0.0010342661142349243 0.005930663585662842
v 0.0038254990577697755 0.0006745266914367676 0.005518596649169922
v 0.0011698820590972901 0.004171475410461426 0.006
v 0.0012220860719680787 0.0036871964931488037 0.005732553482055664
v 0.003750572443008423 0.0010160259008407592 0.005536426544189454
v 0.0037493226528167727 -0.001053966760635376 0.005429447650909424
v 0.004460970878601075 -0.00108109450340271 0.005838215351104736
v 0.003826132297515869 -0.0007150755524635315 0.005447277545928955
v -0.0009395180940628052 0.004057854175567627 0.006
v -0.0004927764236927032 0.0038629491329193115 0.0058217024803161625
v 0.0031372056007385254 -0.002294678211212158 0.005358128547668457
v 0.0008866893649101257 0.0037845489978790285 0.005750383377075195
v -0.0011687309741973877 0.0037083585262298584 0.0058573617935180665
v -0.003336700439453125 -0.0019929423332214354 0.0049658741950988775
v 0.0030019018650054934 0.002465905427932739 0.004370614528656006
v 0.0038502888679504397 0.0025021727085113524 0.006
v 0.0033533873558044434 0.0019802464246749876 0.005589915752410889
v -0.0014874979257583618 -0.0035881528854370117 0.002593270540237427
v -0.0034309675693511964 0.0018371177911758424 0.0035112392902374267
v 0.0034355995655059816 -0.001835148572921753 0.0028862392902374266
v -0.002956779956817627 -0.0025360939502716063 -4.485545557897505e-19
v -0.002470479488372803 -0.0030047495365142824 3.465298563241959e-05
v 0.0003743737041950226 -0.003876642465591431 0.00019059142470359802
v 0.003002668142318726 -0.0024773826599121095 0.00034652987122535704
v 0.003869013786315918 0.0003648078441619873 0.0005024682879447937
v 0.0027360074520111086 0.0027588016986846925 0.0006410802602767944
v -9.309387765824796e-06 0.0038915131092071534 0.0007970187067985535
v -0.0027590084075927736 0.002749884605407715 0.0009529571533203125
v -0.0038903374671936035 -3.1106292735785245e-06 0.0011088955402374268
v 0.0038896501064300537 -9.52689507754197e-19 0.001733895540237427
v -0.003889760732650757 3.147764131426811e-06 0.002358895540237427
v -0.003886591911315918 -2.732590772211552e-06 0.003608895540237427
v -0.002394324064254761 0.003056199073791504 0.005928680896759034
v -0.0023323583602905275 0.003275367021560669 0.006
v -0.0027183802127838134 0.0029032800197601317 0.006
v -0.002904921770095825 0.002581911325454712 0.005964340686798096
v -0.0030503761768341064 0.002485157489776611 0.006
v 0.0038896501064300537 -9.52689507754197e-19 0.004233791828155518
v -0.0038934946060180664 2.235797932371497e-06 0.004858895778656006
v -0.0038934946060180664 2.235797932371497e-06 0.004858895778656006
v -0.0036371796131134033 -0.0013624680042266847 0.004930214405059814
v -0.002694421052932739 -0.0028127388954162598 0.005019363403320313
v -0.0015366646051406861 -0.0035703260898590087 0.005090682506561279
v 0.00016825370490550996 -0.003886138677597046 0.005179831027984619
v 0.0015169055461883546 -0.003585171461105347 0.005251150131225586
v 0.0026737818717956544 -0.002816838502883911 0.005322469234466553
v 0.003640865802764893 -0.0013836967945098878 0.005411618232727051
v 0.0038865103721618653 -2.1317699924111368e-05 0.005482936859130859
v 0.003646618127822876 0.0013494004011154175 0.0055542559623718265
v 0.002708857297897339 0.00279502534866333 0.005643404960632324
v 0.0015483601093292238 0.0035611751079559326 0.005714724063873291
v 0.0005448386669158936 0.003852001428604126 0.005768213272094726
v -0.0008339835405349732 0.0038011572360992433 0.005839532375335694
v -0.001809087038040161 0.0034355616569519045 0.005893021583557129
v -0.00210981559753418 0.0032584736347198487 0.005910851001739502
v -0.0026601729393005372 0.0028301932811737062 0.005946510791778565
v -0.003321359634399414 0.002024338722229004 0.006
v -0.003126130819320679 0.0023128080368041994 0.005982170104980469
v -0.006500000000000001 -0.003752776861190796 0.006
v -0.0028859713077545165 -0.002607785701751709 0.006
v -0.0030696325302124023 -0.0023888769149780272 0.006
v -0.002686734676361084 -0.0028126204013824464 0.006
v -0.0032367272377014163 -0.0021570754051208497 0.006
v -0.0035177032947540285 -0.0016598615646362305 0.006
v -0.0036300685405731203 -0.0013971325159072875 0.006
v -0.0033863532543182374 -0.0019136323928833007 0.006
v -0.0037228424549102784 -0.0011268632411956787 0.006
v -4.440892098500626e-18 -0.007505553722381592 0.006
v -0.0014971599578857422 -0.003589970588684082 0.006
v -0.0017566752433776855 -0.0034703702926635743 0.006
v -0.0004941844642162323 -0.003953351497650147 0.006
v -0.0010096060037612915 -0.003810769557952881 0.006
v -0.0024729979038238528 -0.0030022754669189453 0.006
v -0.0020067098140716553 -0.003332040309906006 0.006
v -0.002245914459228516 -0.0031757276058197023 0.006
v -0.0038896501064300537 -4.763447538770985e-19 0.006
v -0.0038791539669036867 -0.0002855561673641205 0.006
v -0.003847722053527832 -0.0005695711970329284 0.006
v -0.0037955243587493898 -0.0008505123257637025 0.006
v -0.006500000000000001 0.003752776861190796 0.006
v -0.0038532884120941165 0.0005306087732315064 0.006
v -0.0037448832988739014 0.0010512969493865966 0.006
v -0.003566461801528931 0.0015523295402526855 0.006
v -0.003321359634399414 0.002024338722229004 0.006
v -0.0030503761768341064 0.002485157489776611 0.006
v -0.0027183802127838134 0.0029032800197601317 0.006
v -0.0023323583602905275 0.003275367021560669 0.006
v -0.0019018819332122803 0.0035949432849884033 0.006
v 1.1102230246251566e-18 0.007505553722381592 0.006
v -0.0014355913400650024 0.003857046127319336 0.006
v -0.0009395180940628052 0.004057854175567627 0.006
v 0.0005752407908439636 -0.0040270485877990725 0.006
v 3.726358711719513e-05 -0.004024868488311768 0.006
v 0.0011081755161285402 -0.003961755037307739 0.006
v 0.001628126859664917 -0.0038306679725646975 0.006
v 0.0025930705070495606 -0.003376574993133545 0.006
v 0.0021270344257354737 -0.003634741544723511 0.006
v 0.006500000000000001 -0.003752776861190796 0.006
v 0.003403172254562378 -0.0026863248348236086 0.006
v 0.0030195720195770265 -0.003058530807495117 0.006
v 0.0037382183074951172 -0.002269508123397827 0.006
v 0.004022004127502442 -0.0018150153160095216 0.006
v 0.0042518615722656255 -0.0013285523653030395 0.006
v 0.004533229351043702 -0.00029501402378082276 0.006
v 0.004423265933990479 -0.0008195321559906006 0.006
v 0.004578819751739502 0.00023990051448345186 0.006
v 0.0011698820590972901 0.004171475410461426 0.006
v 0.0016884157657623292 0.004032759666442871 0.006
v 0.002188949823379517 0.00383358907699585 0.006
v 0.0026633596420288087 0.0035772955417633055 0.006
v -0.0004233881533145905 0.00419174861907959 0.006
v 0.00010478248447179794 0.004254631042480469 0.006
v 0.0006391667723655701 0.004246742725372315 0.006
v 0.006500000000000001 0.003752776861190796 0.006
v 0.004137973308563233 0.001974922776222229 0.006
v 0.004360470771789551 0.0014175460338592529 0.006
v 0.004508263587951661 0.0008358835577964783 0.006
v 0.0031032583713531494 0.00326766300201416 0.006
v 0.0035012743473052978 0.0029081094264984133 0.006
v 0.0038502888679504397 0.0025021727085113524 0.006
v 0.003883875370025635 1.778787736839149e-08 0.005141104221343994
v 0.0038709583282470704 0.00032778474688529966 0.00550076675415039
v 0.003865973472595215 0.0003825703859329224 0.0051606354713439944
v 0.003812191963195801 0.000761287808418274 0.005180166721343994
v 0.0038254990577697755 0.0006745266914367676 0.005518596649169922
v 0.003750572443008423 0.0010160259008407592 0.005536426544189454
v 0.003722521781921387 0.0011323409080505372 0.0051996979713439945
v 0.003646618127822876 0.0013494004011154175 0.0055542559623718265
v 0.0035969543457031253 0.0014919005632400514 0.005219229221343994
v 0.003238722324371338 0.0021615538597106933 0.005258291721343994
v 0.003435481548309326 0.0018361376523971559 0.0052387604713439945
v 0.0033533873558044434 0.0019802464246749876 0.005589915752410889
v 0.0035140764713287352 0.0016717679500579835 0.005572085857391358
v 0.0031649901866912843 0.002271953582763672 0.005607745170593262
v 0.0038896501064300537 -9.52689507754197e-19 0.005484024047851563
v 0.0027506773471832275 0.002746591329574585 0.005297354221343994
v 0.003009399652481079 0.0024657578468322756 0.0052778229713439945
v 0.0029494884014129637 0.002544128179550171 0.005625575065612793
v 0.0038865103721618653 -2.1317699924111368e-05 0.005482936859130859
v 0.0024657182693481445 0.00300189471244812 0.005316885471343995
v 0.002445760250091553 0.0030234098434448243 0.005661234855651855
v 0.002157686233520508 0.0032295093536376953 0.005336416721343994
v 0.0018628429174423217 0.0034077160358428954 0.00569689416885376
v 0.0018297444581985474 0.003427276372909546 0.005355947971343995
v 0.0015483601093292238 0.0035611751079559326 0.005714724063873291
v 0.0014850562810897827 0.003593036413192749 0.005375479221343994
v -0.003866694450378418 -0.0003787602782249451 0.004535635471343994
v 0.0012220860719680787 0.0036871964931488037 0.005732553482055664
v 0.0011267852783203125 0.0037246308326721192 0.005395010471343995
v 0.0008866893649101257 0.0037845489978790285 0.005750383377075195
v 0.000758094847202301 0.0038199005126953126 0.005414541721343994
v 0.0005448386669158936 0.003852001428604126 0.005768213272094726
v 0.000382148414850235 0.00387668776512146 0.005434072971343995
v -0.0003782159686088562 0.0038719019889831546 0.005473135471343994
v 2.2047648672014475e-06 0.0038936824798583985 0.005453604221343994
v -0.00014754988253116609 0.0038922801017761233 0.005803872585296631
v 0.00019920271635055542 0.003888322114944458 0.0057860426902771
v -0.0011687309741973877 0.0037083585262298584 0.0058573617935180665
v -0.0014866944551467896 0.0035880444049835205 0.005531729221343994
v -0.0011262302398681642 0.0037176694869995117 0.005512197971343994
v -0.0021627142429351807 0.0032308449745178224 0.005570791721343994
v -0.0018333773612976075 0.0034252984523773194 0.005551260471343994
v -0.00210981559753418 0.0032584736347198487 0.005910851001739502
v -0.0014945788383483886 0.0035860083103179934 0.005875191688537598
v -0.0007555491924285889 0.0038127596378326415 0.005492666721343994
v -0.0008339835405349732 0.0038011572360992433 0.005839532375335694
v -0.0004927764236927032 0.0038629491329193115 0.0058217024803161625
v 0.002708857297897339 0.00279502534866333 0.005643404960632324
v -0.0024711403846740723 0.0030060973167419435 0.005590322971343994
v -0.002394324064254761 0.003056199073791504 0.005928680896759034
v 0.0021628658771514894 0.003228050470352173 0.005679064273834229
v -0.001809087038040161 0.0034355616569519045 0.005893021583557129
v -0.002904921770095825 0.002581911325454712 0.005964340686798096
v -0.0030110058784484865 0.002471376895904541 0.005629385471343994
v -0.002755091428756714 0.002752469301223755 0.005609854221343994
v -0.003321359634399414 0.002024338722229004 0.006
v -0.0034292752742767336 0.0018365222215652466 0.005668447971343994
v -0.003236088275909424 0.002164884567260742 0.0056489167213439944
v -0.003126130819320679 0.0023128080368041994 0.005982170104980469
v -0.003566461801528931 0.0015523295402526855 0.006
v -0.0037166624069213867 0.0011291117668151855 0.005707510471343994
v -0.0035897417068481447 0.0014900208711624147 0.0056879792213439945
v -0.0037448832988739014 0.0010512969493865966 0.006
v -0.0038092124462127687 0.0007575263977050782 0.0057270417213439945
v -0.0038665664196014405 0.0003789958655834198 0.005746572971343994
v -0.0038532884120941165 0.0005306087732315064 0.006
v -0.0026601729393005372 0.0028301932811737062 0.005946510791778565
v -0.003825603485107422 -0.0006901708841323853 0.00489455509185791
v -0.0038093650341033936 -0.000757380485534668 0.004555166721343994
v -0.0037168352603912354 -0.001129055142402649 0.004574697971343994
v -0.0037459282875061035 -0.0010301902294158937 0.004912384986877441
v -0.0036371796131134033 -0.0013624680042266847 0.004930214405059814
v -0.003589918375015259 -0.0014900416135787964 0.004594229221343994
v -0.0034294273853302 -0.0018365970849990845 0.004613760471343994
v -0.003336700439453125 -0.0019929423332214354 0.0049658741950988775
v -0.003236175537109375 -0.0021649787425994872 0.004633291721343994
v -0.0030109760761260988 -0.0024714441299438475 0.004652822971343994
v -0.0031470892429351807 -0.002285710573196411 0.004983704090118409
v -0.003500417232513428 -0.0016842900514602661 0.0049480443000793455
v -0.002932642698287964 -0.00255988073348999 0.0050015335083007815
v -0.0027549278736114504 -0.0027524914741516113 0.0046723542213439944
v -0.003875145435333252 -0.00034512418508529663 0.004876725196838379
v -0.002694421052932739 -0.0028127388954162598 0.005019363403320313
v -0.0024709036350250243 -0.0030061182975769044 0.004691885471343994
v -0.002433502435684204 -0.0030415923595428465 0.005037193298339844
v -0.0015366646051406861 -0.0035703260898590087 0.005090682506561279
v -0.0014865096807479858 -0.003588193655014038 0.0047504792213439945
v -0.0018331404924392702 -0.0034253969192504885 0.004730947971343994
v -0.0021517055034637454 -0.003244607448577881 0.005055022716522217
v -0.002162456512451172 -0.00323089599609375 0.0047114167213439945
v -0.0008719980716705323 -0.003784677028656006 0.005126341819763184
v -0.0007555200457572938 -0.003812964677810669 0.0047895417213439945
v -0.0011261181831359864 -0.0037178587913513183 0.004770010471343994
v -0.0005281688570976257 -0.003848482370376587 0.005144171714782715
v -0.0003782694339752197 -0.003872084140777588 0.004809072971343994
v -0.0012091118097305297 -0.003691744089126587 0.00510851240158081
v 2.0795015152543782e-06 -0.0038937895298004153 0.004828604221343995
v -0.0001804697960615158 -0.0038825173377990724 0.005162001609802246
v 0.00016825370490550996 -0.003886138677597046 0.005179831027984619
v 0.00038197270035743715 -0.0038766534328460696 0.004848135471343994
v 0.0011266233921051025 -0.003724378347396851 0.004887197971343994
v 0.0007579056024551392 -0.003819716453552246 0.004867666721343995
v 0.0008573918342590333 -0.003799569606781006 0.0052154908180236815
v 0.000515156090259552 -0.0038587036132812502 0.00519766092300415
v 0.0021280276775360106 -0.0032523066997528077 0.005286809921264649
v 0.0021577250957489015 -0.0032293760776519777 0.004945791721343994
v 0.0018297094106674195 -0.0034270665645599364 0.004926260471343994
v 0.002750821352005005 -0.002746635913848877 0.004984854221343994
v 0.0024658212661743165 -0.003001852035522461 0.004965322971343994
v 0.0026737818717956544 -0.002816838502883911 0.005322469234466553
v 0.0024101359844207765 -0.003046403646469116 0.005304639339447022
v 0.0015169055461883546 -0.003585171461105347 0.005251150131225586
v 0.001484950065612793 -0.0035927813053131105 0.004906729221343995
v 0.0011921324729919434 -0.003708155155181885 0.005233320713043213
v 0.003009549617767334 -0.002465869665145874 0.005004385471343994
v 0.0029168453216552735 -0.0025656003952026366 0.005340299129486084
v -0.0018518110513687134 -0.0034210662841796875 0.005072852611541748
v 0.0018295773267745972 -0.003432559013366699 0.0052689800262451176
v 0.003435485363006592 -0.0018362540006637573 0.005043447971343994
v 0.0032388296127319337 -0.0021616950035095216 0.005023916721343994
v 0.0033327429294586182 -0.002006060838699341 0.005375958442687989
v 0.0035968544483184813 -0.0014919621944427491 0.005062979221343994
v 0.0035013363361358642 -0.0017017375230789185 0.00539378833770752
v 0.0038120732307434083 -0.0007612765431404114 0.005102041721343994
v 0.003722386598587036 -0.0011323599815368653 0.005082510471343994
v 0.0037493226528167727 -0.001053966760635376 0.005429447650909424
v 0.003640865802764893 -0.0013836967945098878 0.005411618232727051
v 0.00386590576171875 -0.00038254088163375857 0.005121572971343994
v 0.003826132297515869 -0.0007150755524635315 0.005447277545928955
v 0.0031372056007385254 -0.002294678211212158 0.005358128547668457
v 0.0038717150688171386 -0.0003698985278606415 0.005465107440948486
v -4.440892098500626e-18 -0.007505553722381592 0.0
v 0.006500000000000001 -0.003752776861190796 0.0
v 0.006500000000000001 -0.003752776861190796 0.006
v -4.440892098500626e-18 -0.007505553722381592 0.006
v -0.006500000000000001 -0.003752776861190796 0.0
v -4.440892098500626e-18 -0.007505553722381592 0.0
v -4.440892098500626e-18 -0.007505553722381592 0.006
v -0.006500000000000001 -0.003752776861190796 0.006
v -0.006500000000000001 0.003752776861190796 0.0
v -0.006500000000000001 -0.003752776861190796 0.0
v -0.006500000000000001 -0.003752776861190796 0.006
v -0.006500000000000001 0.003752776861190796 0.006
v 1.1102230246251566e-18 0.007505553722381592 0.0
v -0.006500000000000001 0.003752776861190796 0.0
v -0.006500000000000001 0.003752776861190796 0.006
v 1.1102230246251566e-18 0.007505553722381592 0.006
v 0.006500000000000001 0.003752776861190796 0.0
v 1.1102230246251566e-18 0.007505553722381592 0.0
v 1.1102230246251566e-18 0.007505553722381592 0.006
v 0.006500000000000001 0.003752776861190796 0.006
v 0.006500000000000001 -0.003752776861190796 0.0
v 0.006500000000000001 0.003752776861190796 0.0
v 0.006500000000000001 0.003752776861190796 0.006
v 0.006500000000000001 -0.003752776861190796 0.006
v -0.0026630568504333496 -0.002835049390792847 0.0
v -0.0023428502082824708 -0.0031049041748046876 0.0
v -0.006500000000000001 -0.003752776861190796 0.0
v -0.0019954891204833985 -0.003338772296905518 0.0
v -0.002956779956817627 -0.0025360939502716063 -4.485545557897505e-19
v -0.00383939266204834 -0.0012083142995834351 -5.048244897230705e-19
v -0.003607149839401245 -0.0016916497945785522 4.228037748113745e-19
v -0.0033122727870941162 -0.0021377832889556887 2.2565322997813065e-19
v -0.004007709980010986 -0.0006973431706428528 1.7855885985528159e-19
v -5.996052641421556e-07 -0.0038896498680114746 0.0
v -4.440892098500626e-18 -0.007505553722381592 0.0
v -0.0004187418818473816 -0.003867044448852539 0.0
v -0.0008320307731628418 -0.003799618721008301 0.0
v 0.00041754961013793944 -0.003867173433303833 0.0
v -0.001624999761581421 -0.0035339429378509523 0.0
v -0.001235676169395447 -0.0036881542205810546 0.0
v -0.006500000000000001 0.003752776861190796 0.0
v -0.0041462998390197755 0.0003646925985813141 1.0677011104051536e-19
v -0.004110297679901123 -0.00017031703889369964 -1.9426458446794023e-19
v -0.004012615203857422 0.0014227293729782106 -3.1944074130462626e-19
v -0.004114133358001709 0.0008997253775596619 -3.096173825779629e-19
v -0.0038419334888458254 0.0019266377687454225 -1.0052403053045805e-19
v -0.0036064836978912354 0.0024064819812774658 -2.9751285824522534e-19
v -0.0033136026859283446 0.0028539347648620607 6.134213265760133e-20
v -0.002577425479888916 0.003633213043212891 -2.6370957326531913e-19
v -0.0029690492153167727 0.0032642784118652344 -1.1129722818137072e-18
v 1.1102230246251566e-18 0.007505553722381592 0.0
v -0.0021462855339050295 0.003953525304794312 -2.872182845020926e-19
v -0.0011867741346359253 0.004428849697113037 0.0
v -0.001681419849395752 0.0042201924324035646 -5.694063579677971e-19
v -0.0005981581807136536 0.004545915603637696 0.0
v 0.0008308593034744262 -0.003799875020980835 0.0
v 0.001234539031982422 -0.0036885349750518798 0.0
v 0.0019944597482681277 -0.0033393874168396 0.0
v 0.0016239101886749267 -0.003534443855285645 0.0
v 0.006500000000000001 -0.003752776861190796 0.0
v 0.002341892719268799 -0.0031056263446807863 0.0
v 0.0026621828079223635 -0.0028358702659606935 0.0
v 0.003306143522262573 -0.002133124589920044 -5.499014126540171e-19
v 0.0029516172409057616 -0.00253324556350708 2.7755575615628914e-19
v 0.003601210117340088 -0.0016881715059280395 -2.5103176644596796e-19
v 0.0038357994556427 -0.0012060626745223999 -4.727820803613876e-19
v 0.004006711006164551 -0.0006979019641876221 -5.592278277384381e-19
v 0.004111895084381104 -0.00017344023287296296 -5.632124824805592e-19
v 0.004149580955505371 0.00036040571331977846 -2.6220599713971413e-20
v 0.006500000000000001 0.003752776861190796 0.0
v 0.0021487715244293214 0.003961137533187866 -2.8784590779186717e-21
v 0.001683821201324463 0.0042285661697387695 -1.5995969716458186e-19
v 0.0005995571613311767 0.004545731544494629 0.0
v 7.055161404423416e-07 0.004585100173950195 0.0
v 0.0011899008750915529 0.00443505859375 6.899535326872975e-20
v 0.0025791869163513184 0.0036384499073028563 -1.0346906482638774e-19
v 0.004014020442962647 0.0014144012928009033 -2.9819215219914365e-19
v 0.0038413839340209963 0.0019201940298080446 2.9332200392000705e-19
v 0.004117429733276367 0.0008926495909690858 1.830061931099505e-19
v 0.00331363582611084 0.002851966857910156 -5.735647603432237e-19
v 0.002969538450241089 0.0032664568424224855 4.2548562670616944e-20
v 0.0036057994365692137 0.0024016761779785158 -1.4404250548268526e-19
usemtl Diffuse
f 1 2 3
f 4 3 5
f 6 7 8
f 9 10 6
f 10 11 12
f 13 7 2
f 1 3 4
f 13 2 1
f 14 7 13
f 14 8 7
f 9 6 8
f 10 9 11
f 15 12 11
f 16 4 5
f 17 18 19
f 20 18 12
f 21 22 23
f 24 25 26
f 23 27 26
f 28 17 29
f 30 31 32
f 33 34 30
f 35 36 34
f 37 38 39
f 38 36 40
f 31 25 41
f 42 21 28
f 43 37 44
f 20 12 15
f 19 18 20
f 29 42 28
f 45 23 22
f 21 42 22
f 17 46 29
f 45 27 23
f 27 24 26
f 41 25 24
f 30 32 33
f 41 47 31
f 47 32 31
f 46 17 19
f 35 34 48
f 40 36 35
f 49 50 51
f 52 53 50
f 38 40 39
f 48 34 33
f 54 53 55
f 39 56 37
f 44 37 56
f 44 57 43
f 49 51 57
f 52 50 58
f 49 58 50
f 52 55 53
f 55 59 54
f 43 57 51
f 60 61 62
f 63 62 64
f 65 66 67
f 68 69 70
f 70 69 66
f 71 67 61
f 60 71 61
f 62 63 60
f 65 72 66
f 67 71 65
f 70 66 72
f 73 74 75
f 68 74 69
f 76 77 78
f 79 80 77
f 81 82 83
f 84 85 86
f 85 83 87
f 80 88 81
f 89 90 91
f 89 92 93
f 94 93 95
f 96 97 98
f 94 99 97
f 84 100 90
f 101 78 73
f 102 96 103
f 75 74 68
f 101 76 78
f 79 88 80
f 81 88 82
f 79 77 104
f 104 77 76
f 87 83 82
f 105 85 87
f 90 100 91
f 100 84 86
f 105 86 85
f 73 75 101
f 106 93 92
f 95 93 106
f 99 107 97
f 108 109 110
f 111 109 112
f 94 95 99
f 92 89 91
f 107 98 97
f 98 103 96
f 113 102 103
f 114 112 113
f 108 110 16
f 110 109 111
f 114 111 112
f 16 5 108
f 102 113 112
f 115 116 117
f 118 119 120
f 119 116 121
f 122 123 124
f 125 126 122
f 127 123 118
f 126 128 129
f 119 121 120
f 118 120 127
f 121 116 115
f 124 125 122
f 123 127 124
f 128 126 125
f 130 129 131
f 129 128 131
f 132 115 117
f 133 130 134
f 135 136 137
f 138 133 139
f 140 141 142
f 143 144 141
f 137 145 142
f 146 144 147
f 148 149 150
f 151 152 149
f 146 153 150
f 154 155 156
f 157 158 159
f 158 154 160
f 161 155 152
f 138 162 135
f 163 157 164
f 134 139 133
f 147 144 143
f 162 136 135
f 140 142 145
f 141 140 143
f 136 145 137
f 139 162 138
f 146 147 153
f 151 149 148
f 148 150 153
f 154 156 160
f 158 160 159
f 156 155 161
f 151 161 152
f 134 130 131
f 164 165 163
f 166 167 168
f 169 166 170
f 157 159 164
f 171 168 172
f 173 174 175
f 174 171 176
f 177 173 178
f 170 165 169
f 168 167 172
f 167 166 169
f 174 176 175
f 178 179 177
f 173 175 178
f 179 180 181
f 176 171 172
f 181 177 179
f 163 165 170
f 59 182 54
f 183 184 185
f 186 185 182
f 187 188 189
f 190 191 188
f 192 191 193
f 194 189 184
f 186 182 59
f 194 184 183
f 186 183 185
f 187 190 188
f 189 194 187
f 193 191 190
f 195 192 196
f 192 193 196
f 197 198 199
f 200 197 201
f 202 198 195
f 203 204 205
f 206 207 208
f 209 206 205
f 210 200 211
f 212 213 214
f 215 216 212
f 217 218 216
f 218 219 220
f 221 222 223
f 224 222 220
f 208 225 213
f 210 226 203
f 227 221 228
f 202 195 196
f 201 197 199
f 202 199 198
f 209 205 204
f 206 209 207
f 226 204 203
f 211 226 210
f 225 208 207
f 213 225 214
f 216 215 217
f 224 220 219
f 219 218 217
f 214 215 212
f 200 201 211
f 223 228 221
f 229 230 231
f 232 229 233
f 222 224 223
f 234 235 236
f 237 238 234
f 231 239 235
f 240 238 241
f 228 242 227
f 232 233 242
f 229 232 230
f 239 231 230
f 238 237 241
f 240 241 132
f 239 236 235
f 236 237 234
f 132 117 240
f 227 242 233
f 243 244 245
f 246 247 243
f 248 249 247
f 250 249 251
f 252 253 254
f 255 250 256
f 254 255 257
f 248 247 246
f 251 249 248
f 246 243 245
f 256 257 255
f 250 251 256
f 252 254 257
f 258 253 259
f 253 252 259
f 260 245 244
f 261 262 263
f 264 265 261
f 266 267 265
f 268 269 270
f 271 270 267
f 272 269 273
f 274 272 275
f 276 277 278
f 279 278 280
f 281 282 283
f 284 285 282
f 277 286 283
f 287 280 274
f 288 262 258
f 289 285 290
f 263 262 288
f 261 263 264
f 264 266 265
f 267 266 271
f 273 275 272
f 271 268 270
f 288 258 259
f 279 276 278
f 277 276 286
f 287 279 280
f 281 283 286
f 287 274 275
f 281 284 282
f 284 290 285
f 273 269 268
f 291 292 293
f 294 295 296
f 297 296 292
f 298 299 300
f 301 302 298
f 302 303 304
f 305 299 295
f 291 293 306
f 294 296 297
f 291 297 292
f 305 295 294
f 300 299 305
f 298 300 301
f 303 302 301
f 307 304 303
f 308 304 307
f 289 290 306
f 306 293 289
f 309 180 310
f 311 309 310
f 312 313 311
f 314 315 316
f 317 316 318
f 314 313 319
f 317 320 321
f 319 313 312
f 314 319 315
f 311 310 312
f 318 320 317
f 316 315 318
f 322 321 320
f 323 324 322
f 324 321 322
f 325 326 327
f 328 329 325
f 330 331 329
f 332 333 334
f 332 335 336
f 333 331 337
f 338 339 336
f 340 341 339
f 342 343 344
f 345 341 346
f 347 348 349
f 350 351 348
f 343 352 349
f 353 344 345
f 324 323 326
f 354 351 355
f 325 327 328
f 329 328 330
f 330 337 331
f 333 337 334
f 336 335 338
f 335 332 334
f 326 323 327
f 345 346 353
f 308 307 356
f 343 342 352
f 349 352 347
f 344 353 342
f 346 341 340
f 338 340 339
f 350 355 351
f 357 358 359
f 360 357 361
f 348 347 350
f 362 359 363
f 364 365 366
f 365 362 367
f 368 364 369
f 370 354 355
f 357 360 358
f 360 361 370
f 367 362 363
f 366 369 364
f 365 367 366
f 363 359 358
f 369 260 368
f 260 244 368
f 370 361 354
f 180 309 181
f 371 372 373
f 374 375 376
f 377 376 372
f 378 379 380
f 381 382 378
f 383 379 375
f 384 385 382
f 376 377 374
f 375 374 383
f 377 372 371
f 380 381 378
f 379 383 380
f 384 382 381
f 386 385 387
f 385 384 387
f 388 371 373
f 389 386 390
f 391 392 393
f 392 389 394
f 395 396 397
f 398 399 396
f 400 399 401
f 402 403 397
f 404 405 406
f 405 407 408
f 406 400 409
f 410 411 412
f 413 414 415
f 414 411 416
f 417 412 408
f 391 418 402
f 419 413 420
f 390 386 387
f 393 418 391
f 390 394 389
f 401 399 398
f 396 395 398
f 395 397 403
f 418 403 402
f 400 401 409
f 405 404 407
f 404 406 409
f 410 412 417
f 414 416 415
f 416 411 410
f 407 417 408
f 392 394 393
f 421 422 423
f 424 425 423
f 426 427 425
f 427 428 429
f 430 431 432
f 433 429 434
f 432 433 435
f 420 436 419
f 422 421 436
f 423 422 424
f 427 426 428
f 433 434 435
f 432 435 430
f 434 429 428
f 424 426 425
f 430 437 431
f 413 415 420
f 419 436 421
f 438 308 356
f 439 440 441
f 441 438 442
f 443 444 445
f 446 447 448
f 449 448 444
f 450 445 440
f 442 438 356
f 450 440 439
f 442 439 441
f 443 449 444
f 445 450 443
f 446 448 449
f 451 447 452
f 447 446 452
f 453 454 455
f 456 457 453
f 458 457 459
f 460 458 461
f 462 463 464
f 465 462 466
f 454 451 467
f 468 469 470
f 471 472 469
f 472 473 474
f 475 476 474
f 477 478 479
f 476 480 479
f 481 470 464
f 460 482 466
f 483 478 484
f 455 454 467
f 456 453 455
f 467 451 452
f 461 482 460
f 465 463 462
f 482 465 466
f 456 459 457
f 481 464 463
f 470 481 468
f 471 469 468
f 476 475 480
f 471 473 472
f 473 475 474
f 458 459 461
f 477 484 478
f 485 486 487
f 488 485 489
f 479 480 477
f 490 491 492
f 493 494 490
f 487 495 491
f 496 494 497
f 488 486 485
f 489 498 488
f 484 498 483
f 487 486 495
f 493 490 492
f 496 497 388
f 491 495 492
f 493 497 494
f 388 373 496
f 483 498 489
f 499 500 501
f 499 502 503
f 504 503 505
f 506 507 508
f 509 504 510
f 508 509 511
f 502 499 501
f 510 504 505
f 502 505 503
f 511 506 508
f 509 510 511
f 512 507 506
f 512 513 514
f 514 507 512
f 515 516 513
f 514 513 516
f 516 515 517
f 518 519 520
f 521 522 519
f 517 520 516
f 523 522 524
f 520 517 525
f 519 518 526
f 518 520 525
f 522 521 524
f 523 527 528
f 527 523 524
f 521 519 526
f 529 530 531
f 531 530 532
f 533 531 532
f 534 533 535
f 533 532 535
f 536 537 538
f 536 534 535
f 538 534 536
f 539 538 540
f 541 542 539
f 541 543 542
f 541 539 540
f 544 545 546
f 547 545 548
f 548 542 543
f 549 544 550
f 537 540 538
f 547 548 543
f 547 546 545
f 549 551 552
f 553 552 554
f 550 544 546
f 551 549 555
f 552 551 554
f 550 555 549
f 554 556 553
f 557 558 559
f 560 561 557
f 561 562 563
f 558 556 559
f 561 560 562
f 563 562 564
f 560 557 559
f 553 556 558
f 565 566 567
f 568 569 570
f 571 570 566
f 566 565 572
f 570 571 568
f 571 566 572
f 568 573 569
f 574 575 576
f 577 578 574
f 577 579 578
f 576 575 573
f 580 581 582
f 574 576 577
f 583 582 584
f 579 580 578
f 569 573 575
f 585 580 579
f 585 581 580
f 586 587 583
f 588 587 589
f 584 582 581
f 587 586 589
f 588 589 590
f 584 586 583
f 590 591 588
f 592 591 593
f 594 595 592
f 595 596 597
f 598 592 593
f 592 598 594
f 594 596 595
f 596 529 597
f 529 531 597
f 590 593 591
f 599 600 601
f 600 602 603
f 599 602 600
f 604 599 601
f 605 603 606
f 607 608 609
f 608 605 610
f 611 607 612
f 606 603 602
f 609 608 610
f 606 610 605
f 612 613 611
f 607 609 612
f 614 613 615
f 615 616 614
f 611 613 614
f 617 618 616
f 618 619 620
f 617 619 618
f 615 617 616
f 621 622 623
f 622 620 624
f 625 621 626
f 624 620 619
f 626 621 623
f 624 623 622
f 627 625 628
f 629 630 631
f 632 631 627
f 625 626 628
f 633 630 634
f 632 627 628
f 630 629 634
f 629 631 632
f 635 636 637
f 638 639 635
f 640 633 634
f 640 636 633
f 641 639 642
f 638 635 637
f 639 638 642
f 636 640 637
f 643 644 645
f 645 646 643
f 643 647 644
f 641 642 646
f 646 645 641
f 648 649 650
f 650 647 648
f 651 649 648
f 644 647 650
f 652 653 654
f 655 656 653
f 651 654 649
f 657 656 658
f 653 652 655
f 656 655 658
f 652 654 651
f 659 660 661
f 661 662 659
f 660 659 663
f 567 660 663
f 657 658 662
f 662 661 657
f 664 665 666
f 667 665 668
f 666 665 667
f 669 667 668
f 670 671 672
f 671 669 673
f 674 670 675
f 673 669 668
f 675 670 672
f 673 672 671
f 676 677 678
f 674 675 678
f 676 679 680
f 680 677 676
f 678 677 674
f 679 681 682
f 683 681 684
f 682 681 683
f 680 679 682
f 685 686 687
f 688 689 685
f 683 684 686
f 690 689 691
f 688 685 687
f 689 688 691
f 686 684 687
f 692 690 693
f 694 695 696
f 695 692 697
f 690 691 693
f 698 694 699
f 697 692 693
f 699 694 696
f 697 696 695
f 700 701 702
f 703 704 701
f 698 699 705
f 705 702 698
f 706 704 707
f 700 702 705
f 663 565 567
f 703 707 704
f 701 700 703
f 708 706 707
f 708 709 710
f 708 710 706
f 711 712 713
f 713 709 711
f 714 712 711
f 710 709 713
f 715 712 714
f 716 717 718
f 717 715 719
f 720 716 721
f 719 715 714
f 721 716 718
f 719 718 717
f 722 723 724
f 725 722 724
f 604 723 722
f 604 601 723
f 720 721 725
f 725 724 720
f 666 726 664
f 727 728 729
f 728 730 731
f 727 730 728
f 732 727 729
f 733 734 735
f 736 737 733
f 731 738 734
f 739 737 740
f 735 734 738
f 733 735 736
f 731 730 738
f 740 741 739
f 737 736 740
f 742 741 743
f 743 744 742
f 739 741 742
f 745 746 744
f 746 747 748
f 745 747 746
f 743 745 744
f 749 750 751
f 752 751 748
f 753 750 754
f 751 752 749
f 750 749 754
f 752 748 747
f 755 756 757
f 758 755 759
f 760 756 753
f 753 754 760
f 761 758 762
f 759 755 757
f 762 758 759
f 757 756 760
f 762 763 761
f 764 765 766
f 765 767 768
f 763 767 761
f 769 764 770
f 768 767 763
f 770 764 766
f 768 766 765
f 771 772 773
f 769 770 773
f 771 774 775
f 775 772 771
f 773 772 769
f 774 776 777
f 778 776 779
f 777 776 778
f 775 774 777
f 780 778 779
f 781 782 783
f 782 780 784
f 785 781 786
f 784 780 779
f 786 781 783
f 784 783 782
f 787 788 789
f 790 787 789
f 791 788 787
f 726 788 791
f 785 786 790
f 790 789 785
f 792 793 794
f 794 795 792
f 796 793 792
f 797 795 794
f 798 799 800
f 801 802 799
f 796 800 793
f 803 802 804
f 799 798 801
f 802 801 804
f 798 800 796
f 805 806 807
f 807 808 805
f 805 809 806
f 803 804 808
f 808 807 803
f 810 811 812
f 812 809 810
f 813 811 810
f 806 809 812
f 814 811 813
f 815 816 817
f 818 817 814
f 819 816 820
f 818 814 813
f 816 815 820
f 815 817 818
f 821 822 823
f 824 825 821
f 819 826 822
f 819 820 826
f 827 825 828
f 824 821 823
f 825 824 828
f 822 826 823
f 828 829 827
f 830 831 832
f 831 833 834
f 829 833 827
f 835 830 836
f 833 829 834
f 726 791 664
f 830 832 836
f 835 836 837
f 838 839 837
f 832 831 834
f 839 835 837
f 838 840 841
f 842 840 843
f 841 840 842
f 839 838 841
f 844 845 846
f 847 844 848
f 843 845 842
f 849 847 850
f 848 844 846
f 850 847 848
f 846 845 843
f 851 852 853
f 853 854 851
f 852 851 732
f 732 729 852
f 849 850 854
f 854 853 849
f 855 856 857
f 856 858 859
f 855 858 856
f 860 855 857
f 861 859 862
f 863 864 865
f 866 865 861
f 867 864 868
f 862 859 858
f 863 865 866
f 862 866 861
f 868 869 867
f 864 863 868
f 870 869 871
f 871 872 870
f 867 869 870
f 873 874 872
f 874 875 876
f 873 875 874
f 871 873 872
f 877 876 878
f 879 880 881
f 880 877 882
f 879 881 883
f 878 876 875
f 881 880 882
f 878 882 877
f 884 885 886
f 887 888 885
f 889 886 890
f 879 883 890
f 891 888 892
f 886 889 884
f 885 884 887
f 889 890 883
f 887 892 888
f 893 894 895
f 894 896 897
f 891 898 896
f 899 893 900
f 897 896 898
f 894 897 895
f 898 891 892
f 900 901 899
f 893 895 900
f 902 901 903
f 903 904 902
f 899 901 902
f 905 906 904
f 906 907 908
f 905 907 906
f 903 905 904
f 909 910 911
f 912 913 909
f 908 914 910
f 915 913 916
f 911 910 914
f 909 911 912
f 908 907 914
f 917 797 918
f 919 915 916
f 918 919 917
f 917 795 797
f 913 912 916
f 915 919 918
f 920 921 922
f 921 923 924
f 920 923 921
f 925 924 926
f 927 928 929
f 928 925 930
f 931 927 932
f 926 924 923
f 929 928 930
f 926 930 925
f 932 933 931
f 927 929 932
f 934 933 935
f 935 936 934
f 931 933 934
f 937 938 936
f 938 939 940
f 937 939 938
f 935 937 936
f 941 942 943
f 944 941 945
f 946 942 940
f 944 945 947
f 943 942 946
f 941 943 945
f 940 939 946
f 948 949 950
f 951 952 953
f 952 948 954
f 944 947 949
f 955 951 956
f 950 949 947
f 953 952 954
f 950 954 948
f 957 958 959
f 960 961 957
f 956 951 953
f 955 962 958
f 963 961 964
f 959 958 962
f 956 962 955
f 960 964 961
f 957 959 960
f 965 963 964
f 965 966 967
f 963 965 967
f 968 969 970
f 970 966 968
f 971 969 968
f 967 966 970
f 972 973 974
f 975 976 973
f 971 974 969
f 977 976 978
f 973 972 975
f 976 975 978
f 972 974 971
f 979 980 981
f 982 979 981
f 860 980 979
f 860 857 980
f 977 978 982
f 982 981 977
f 983 984 985
f 986 983 987
f 984 983 986
f 988 983 985
f 989 990 991
f 992 993 994
f 990 989 994
f 986 987 991
f 995 993 996
f 992 994 989
f 992 996 993
f 997 995 996
f 987 989 991
f 997 998 999
f 1000 1001 998
f 999 998 1001
f 1002 1001 1000
f 1003 997 999
f 997 1003 995
f 1004 1005 1006
f 1005 1004 1007
f 1007 1008 1005
f 1009 1010 1008
f 1011 1012 1013
f 1014 1012 1010
f 1007 1009 1008
f 1015 1011 1013
f 1014 1010 1009
f 1000 1016 1017
f 1002 1000 1017
f 988 1018 1019
f 1020 1015 1013
f 1019 1020 988
f 988 985 1018
f 1012 1014 1013
f 1020 1019 1015
f 1021 1022 1023
f 1022 1024 1025
f 1021 1024 1022
f 1026 1021 1023
f 1027 1028 1029
f 1030 1027 1031
f 1032 1028 1025
f 1033 1030 1034
f 1029 1028 1032
f 1027 1029 1031
f 1025 1024 1032
f 1034 1035 1033
f 1030 1031 1034
f 1036 1035 1037
f 1037 1038 1036
f 1033 1035 1036
f 1039 1040 1038
f 1040 1041 1042
f 1039 1041 1040
f 1037 1039 1038
f 1043 1044 1045
f 1046 1045 1042
f 1047 1044 1048
f 1043 1045 1046
f 1044 1043 1048
f 1042 1041 1046
f 1049 1047 1050
f 1051 1052 1053
f 1052 1049 1054
f 1047 1048 1050
f 1055 1051 1056
f 1054 1049 1050
f 1056 1051 1053
f 1054 1053 1052
f 1057 1058 1059
f 1060 1061 1058
f 1055 1056 1062
f 1062 1059 1055
f 1063 1061 1064
f 1058 1057 1060
f 1061 1060 1064
f 1057 1059 1062
f 1065 1066 1067
f 1063 1064 1067
f 1065 1068 1069
f 1069 1066 1065
f 1067 1066 1063
f 1068 1070 1071
f 1072 1070 1073
f 1071 1070 1072
f 1069 1068 1071
f 1074 1072 1073
f 1075 1076 1077
f 1076 1074 1078
f 1079 1075 1080
f 1078 1074 1073
f 1080 1075 1077
f 1078 1077 1076
f 1081 1082 1083
f 1084 1081 1083
f 1085 1082 1081
f 922 1082 1085
f 1079 1080 1084
f 1084 1083 1079
f 1086 1087 1088
f 1088 1016 1086
f 1089 1087 1086
f 1017 1016 1088
f 1090 1091 1092
f 1093 1094 1090
f 1087 1089 1091
f 1095 1094 1096
f 1093 1090 1092
f 1094 1093 1096
f 1091 1089 1092
f 1097 1098 1099
f 1099 1100 1097
f 1097 1101 1098
f 1095 1096 1100
f 1100 1099 1095
f 1102 1103 1104
f 1104 1101 1102
f 1105 1103 1102
f 1098 1101 1104
f 1106 1107 1108
f 1109 1110 1107
f 1105 1108 1103
f 1111 1110 1112
f 1107 1106 1109
f 1110 1109 1112
f 1106 1108 1105
f 1113 1114 1115
f 1116 1113 1117
f 1118 1114 1111
f 1111 1112 1118
f 1119 1116 1120
f 1117 1113 1115
f 1120 1116 1117
f 1115 1114 1118
f 1120 1121 1119
f 1122 1123 1124
f 1123 1125 1126
f 1121 1125 1119
f 1127 1122 1128
f 1125 1121 1126
f 922 1085 920
f 1128 1122 1124
f 1127 1128 1129
f 1124 1123 1126
f 1130 1129 1131
f 1130 1127 1129
f 1131 1132 1133
f 1134 1132 1135
f 1133 1132 1134
f 1130 1131 1133
f 1136 1134 1135
f 1137 1138 1139
f 1138 1136 1140
f 1141 1137 1142
f 1140 1136 1135
f 1142 1137 1139
f 1140 1139 1138
f 1143 1144 1145
f 1145 1146 1143
f 1144 1143 1026
f 1026 1023 1144
f 1141 1142 1146
f 1146 1145 1141
f 1147 1148 1149
f 1150 1151 1152
f 1153 1152 1154
f 1151 1150 1155
f 1156 1157 1158
f 1159 1160 1161
f 1162 1163 1164
f 1165 1164 1166
f 1163 1167 1161
f 1160 1168 1154
f 1169 1170 1171
f 1172 1173 1174
f 1173 1175 1176
f 1177 1170 1172
f 1178 1179 1180
f 1181 1182 1183
f 1182 1184 1185
f 1186 1179 1181
f 1187 1175 1178
f 1171 1166 1169
f 1188 1189 1190
f 1191 1192 1193
f 1192 1194 1195
f 1196 1189 1191
f 1197 1198 1199
f 1200 1201 1202
f 1201 1203 1204
f 1205 1198 1200
f 1206 1194 1197
f 1207 1208 1209
f 1210 1211 1212
f 1211 1213 1214
f 1215 1208 1210
f 1147 1149 1156
f 1216 1217 1218
f 1217 1219 1220
f 1158 1157 1216
f 1221 1203 1207
f 1222 1184 1188
f 1223 1224 1225
f 1226 1227 1228
f 1227 1229 1230
f 1231 1224 1226
f 1232 1233 1234
f 1235 1236 1237
f 1236 1238 1239
f 1240 1233 1235
f 1241 1229 1232
f 1242 1243 1244
f 1245 1246 1247
f 1246 1248 1249
f 1250 1243 1245
f 1251 1252 1253
f 1254 1255 1256
f 1255 1257 1258
f 1259 1252 1254
f 1260 1248 1251
f 1261 1238 1242
f 1262 1263 1264
f 1265 1266 1267
f 1266 1268 1269
f 1270 1263 1265
f 1271 1272 1273
f 1274 1275 1276
f 1275 1277 1278
f 1276 1272 1274
f 1279 1268 1271
f 1280 1281 1282
f 1283 1284 1285
f 1284 1286 1287
f 1288 1281 1283
f 1289 1290 1291
f 1290 1292 1293
f 1294 1295 1296
f 1295 1297 1298
f 1299 1292 1294
f 1300 1286 1289
f 1301 1277 1280
f 1302 1257 1262
f 1303 1219 1223
f 1304 1305 1306
f 1307 1308 1309
f 1308 1310 1311
f 1312 1305 1307
f 1313 1314 1315
f 1316 1317 1318
f 1317 1319 1320
f 1321 1314 1316
f 1322 1310 1313
f 1323 1324 1325
f 1326 1327 1328
f 1327 1329 1330
f 1331 1324 1326
f 1332 1333 1334
f 1335 1336 1337
f 1338 1333 1335
f 1339 1329 1332
f 1340 1319 1323
f 1159 1168 1160
f 1341 1342 1343
f 1344 1345 1341
f 1161 1167 1159
f 1168 1153 1154
f 1165 1162 1164
f 1343 1346 1347
f 1304 1348 1297
f 1167 1163 1162
f 1349 1344 1350
f 1350 1351 1352
f 1353 1354 1355
f 1354 1356 1357
f 1358 1351 1353
f 1359 1360 1361
f 1362 1363 1364
f 1363 1365 1366
f 1367 1360 1362
f 1368 1356 1359
f 1369 1370 1365
f 1153 1150 1152
f 1369 1371 1372
f 1373 1374 1375
f 1374 1376 1377
f 1378 1371 1373
f 1379 1380 1381
f 1382 1383 1384
f 1383 1385 1386
f 1387 1380 1382
f 1388 1376 1379
f 1389 1390 1391
f 1392 1393 1394
f 1393 1395 1396
f 1397 1390 1392
f 1398 1399 1400
f 1401 1402 1403
f 1402 1404 1405
f 1406 1399 1401
f 1407 1395 1398
f 1408 1385 1389
f 1409 1410 1411
f 1412 1413 1414
f 1413 1415 1416
f 1417 1410 1412
f 1418 1419 1420
f 1421 1422 1423
f 1422 1424 1425
f 1426 1419 1421
f 1427 1415 1418
f 1428 1429 1430
f 1431 1432 1433
f 1432 1434 1435
f 1436 1429 1431
f 1437 1438 1439
f 1438 1440 1441
f 1442 1443 1444
f 1443 1445 1446
f 1447 1440 1442
f 1448 1434 1437
f 1449 1424 1428
f 1450 1404 1409
f 1451 1452 1445
f 1453 1451 1454
f 1455 1456 1457
f 1458 1457 1459
f 1456 1460 1454
f 1461 1462 1463
f 1464 1465 1466
f 1467 1462 1464
f 1468 1469 1459
f 1470 1471 1472
f 1473 1474 1475
f 1474 1476 1477
f 1478 1471 1473
f 1479 1480 1481
f 1482 1483 1484
f 1483 1485 1486
f 1487 1480 1482
f 1488 1476 1479
f 1489 1490 1470
f 1491 1492 1493
f 1494 1495 1496
f 1495 1497 1498
f 1499 1492 1494
f 1500 1501 1502
f 1503 1504 1505
f 1504 1506 1507
f 1508 1501 1503
f 1509 1497 1500
f 1510 1511 1512
f 1513 1514 1515
f 1514 1516 1517
f 1518 1511 1513
f 1519 1520 1521
f 1522 1523 1524
f 1523 1525 1526
f 1527 1520 1522
f 1528 1516 1519
f 1529 1506 1510
f 1530 1485 1491
f 1531 1532 1533
f 1534 1535 1536
f 1535 1537 1538
f 1533 1532 1534
f 1539 1540 1541
f 1542 1543 1544
f 1543 1545 1546
f 1547 1540 1542
f 1548 1537 1539
f 1549 1550 1551
f 1552 1553 1554
f 1553 1555 1556
f 1557 1550 1552
f 1558 1559 1560
f 1561 1562 1563
f 1562 1564 1565
f 1566 1559 1561
f 1567 1555 1558
f 1568 1545 1549
f 1569 1570 1571
f 1572 1573 1574
f 1573 1575 1576
f 1577 1570 1572
f 1578 1579 1580
f 1581 1582 1583
f 1582 1584 1585
f 1586 1579 1581
f 1587 1575 1578
f 1588 1589 1590
f 1591 1592 1593
f 1594 1589 1591
f 1595 1596 1597
f 1596 1598 1599
f 1600 1601 1602
f 1601 1603 1604
f 1605 1598 1600
f 1606 1607 1595
f 1608 1584 1588
f 1609 1564 1569
f 1610 1525 1531
f 1611 1612 1613
f 1614 1615 1616
f 1615 1617 1618
f 1619 1612 1614
f 1620 1621 1622
f 1623 1624 1625
f 1624 1626 1627
f 1628 1621 1623
f 1629 1617 1620
f 1630 1631 1632
f 1633 1634 1635
f 1634 1636 1637
f 1638 1631 1633
f 1639 1640 1641
f 1642 1643 1644
f 1643 1645 1646
f 1647 1640 1642
f 1648 1636 1639
f 1649 1626 1630
f 1650 1651 1652
f 1653 1654 1655
f 1654 1656 1657
f 1658 1651 1653
f 1659 1660 1661
f 1662 1663 1664
f 1663 1665 1666
f 1667 1660 1662
f 1668 1656 1659
f 1669 1670 1671
f 1672 1673 1674
f 1673 1675 1676
f 1677 1670 1672
f 1678 1679 1680
f 1681 1682 1683
f 1682 1684 1685
f 1686 1679 1681
f 1687 1675 1678
f 1688 1665 1669
f 1689 1645 1650
f 1690 1691 1692
f 1693 1694 1695
f 1694 1696 1697
f 1698 1691 1693
f 1699 1700 1701
f 1702 1703 1704
f 1703 1705 1706
f 1707 1700 1702
f 1708 1696 1699
f 1709 1710 1711
f 1712 1713 1714
f 1713 1715 1716
f 1717 1710 1712
f 1718 1719 1720
f 1721 1722 1723
f 1724 1719 1725
f 1726 1715 1718
f 1727 1705 1709
f 1728 1729 1730
f 1731 1732 1733
f 1731 1734 1735
f 1732 1729 1733
f 1736 1737 1738
f 1739 1740 1741
f 1742 1743 1739
f 1737 1741 1744
f 1734 1736 1745
f 1746 1747 1748
f 1749 1750 1751
f 1752 1753 1749
f 1748 1742 1746
f 1754 1755 1752
f 1756 1754 1757
f 1758 1759 1760
f 1761 1757 1759
f 1762 1763 1760
f 1722 1728 1764
f 1684 1690 1765
f 1603 1611 1766
f 1461 1767 1468
f 1165 1166 1171
f 1174 1177 1172
f 1206 1197 1199
f 1174 1173 1176
f 1178 1180 1187
f 1186 1181 1183
f 1222 1768 1184
f 1182 1185 1183
f 1180 1179 1186
f 1222 1188 1190
f 1200 1202 1205
f 1187 1176 1175
f 1257 1302 1258
f 1212 1211 1214
f 1209 1221 1207
f 1261 1239 1238
f 1196 1191 1193
f 1204 1203 1221
f 1276 1769 1272
f 1279 1269 1268
f 1244 1261 1242
f 1302 1262 1264
f 1770 1214 1213
f 1189 1196 1190
f 1291 1300 1289
f 1218 1217 1220
f 1240 1234 1233
f 1241 1232 1234
f 1237 1236 1239
f 1157 1156 1149
f 1208 1215 1209
f 1220 1219 1303
f 1218 1158 1216
f 1235 1237 1240
f 1224 1231 1225
f 1202 1201 1204
f 1301 1278 1277
f 1280 1282 1301
f 1276 1275 1278
f 1259 1253 1252
f 1259 1254 1256
f 1256 1255 1258
f 1293 1292 1299
f 1273 1272 1769
f 1243 1250 1244
f 1253 1260 1251
f 1291 1290 1293
f 1195 1193 1192
f 1303 1223 1225
f 1296 1299 1294
f 1330 1329 1339
f 1334 1339 1332
f 1354 1357 1355
f 1358 1353 1355
f 1378 1373 1375
f 1315 1322 1313
f 1322 1311 1310
f 1335 1337 1338
f 1368 1359 1361
f 1364 1367 1362
f 1367 1361 1360
f 1379 1381 1388
f 1376 1388 1377
f 1435 1434 1448
f 1400 1399 1406
f 1474 1477 1475
f 1767 1469 1468
f 1439 1438 1441
f 1457 1458 1455
f 1412 1414 1417
f 1426 1420 1419
f 1387 1382 1384
f 1387 1381 1380
f 1427 1416 1415
f 1407 1398 1400
f 1407 1396 1395
f 1394 1397 1392
f 1431 1433 1436
f 1317 1320 1318
f 1336 1346 1337
f 1396 1394 1393
f 1297 1348 1298
f 1416 1414 1413
f 1401 1403 1406
f 1421 1423 1426
f 1316 1318 1321
f 1319 1340 1320
f 1342 1346 1343
f 1314 1321 1315
f 1377 1375 1374
f 1357 1356 1368
f 1333 1338 1334
f 1454 1460 1453
f 1437 1439 1448
f 1471 1478 1472
f 1459 1469 1458
f 1477 1476 1488
f 1451 1453 1452
f 1455 1460 1456
f 1767 1461 1463
f 1478 1473 1475
f 1447 1441 1440
f 1435 1433 1432
f 1472 1489 1470
f 1418 1420 1427
f 1298 1296 1295
f 1479 1481 1488
f 1263 1270 1264
f 1487 1481 1480
f 1206 1195 1194
f 1210 1212 1215
f 1205 1199 1198
f 1231 1226 1228
f 1246 1249 1247
f 1304 1306 1348
f 1271 1273 1279
f 1330 1328 1327
f 1308 1311 1309
f 1229 1241 1230
f 1228 1227 1230
f 1325 1340 1323
f 1260 1249 1248
f 1247 1250 1245
f 1267 1270 1265
f 1269 1267 1266
f 1287 1285 1284
f 1312 1306 1305
f 1300 1287 1286
f 1331 1325 1324
f 1328 1331 1326
f 1309 1312 1307
f 1285 1288 1283
f 1342 1341 1345
f 1349 1350 1352
f 1383 1386 1384
f 1366 1364 1363
f 1391 1408 1389
f 1450 1409 1411
f 1369 1372 1370
f 1402 1405 1403
f 1425 1423 1422
f 1447 1442 1444
f 1463 1462 1467
f 1449 1428 1430
f 1446 1445 1452
f 1465 1489 1466
f 1349 1345 1344
f 1370 1366 1365
f 1352 1351 1358
f 1391 1390 1397
f 1408 1386 1385
f 1372 1371 1378
f 1411 1410 1417
f 1449 1425 1424
f 1430 1429 1436
f 1446 1444 1443
f 1467 1464 1466
f 1450 1405 1404
f 1282 1281 1288
f 1482 1484 1487
f 1520 1527 1521
f 1521 1528 1519
f 1556 1555 1567
f 1538 1537 1548
f 1551 1568 1549
f 1560 1559 1566
f 1511 1518 1512
f 1509 1500 1502
f 1550 1557 1551
f 1567 1558 1560
f 1576 1575 1587
f 1577 1572 1574
f 1577 1571 1570
f 1587 1578 1580
f 1513 1515 1518
f 1548 1539 1541
f 1501 1508 1502
f 1580 1579 1586
f 1591 1593 1594
f 1637 1635 1634
f 1616 1615 1618
f 1618 1617 1629
f 1629 1620 1622
f 1606 1595 1597
f 1597 1596 1599
f 1605 1599 1598
f 1638 1632 1631
f 1637 1636 1648
f 1619 1613 1612
f 1589 1594 1590
f 1639 1641 1648
f 1652 1651 1658
f 1509 1498 1497
f 1528 1517 1516
f 1538 1536 1535
f 1498 1496 1495
f 1515 1514 1517
f 1505 1508 1503
f 1522 1524 1527
f 1557 1552 1554
f 1541 1540 1547
f 1553 1556 1554
f 1573 1576 1574
f 1619 1614 1616
f 1621 1628 1622
f 1647 1641 1640
f 1635 1638 1633
f 1606 1593 1592
f 1561 1563 1566
f 1499 1494 1496
f 1533 1534 1536
f 1653 1655 1658
f 1740 1744 1741
f 1744 1738 1737
f 1756 1757 1771
f 1772 1750 1749
f 1759 1758 1773
f 1762 1774 1775
f 1772 1749 1753
f 1715 1726 1716
f 1671 1670 1677
f 1659 1661 1668
f 1697 1696 1708
f 1680 1687 1678
f 1701 1708 1699
f 1691 1698 1692
f 1675 1687 1676
f 1773 1761 1759
f 1720 1726 1718
f 1776 1777 1778
f 1779 1780 1781
f 1782 1780 1783
f 1779 1777 1780
f 1784 1785 1783
f 1784 1786 1787
f 1786 1788 1789
f 1783 1785 1782
f 1781 1780 1782
f 1774 1776 1790
f 1668 1657 1656
f 1695 1694 1697
f 1714 1713 1716
f 1712 1714 1717
f 1686 1680 1679
f 1677 1672 1674
f 1676 1674 1673
f 1693 1695 1698
f 1707 1701 1700
f 1661 1660 1667
f 1745 1736 1738
f 1731 1735 1732
f 1779 1778 1777
f 1771 1757 1761
f 1790 1776 1778
f 1730 1729 1732
f 1791 1740 1739
f 1754 1756 1755
f 1775 1774 1790
f 1753 1752 1755
f 1735 1734 1745
f 1724 1720 1719
f 1717 1711 1710
f 1654 1657 1655
f 1581 1583 1586
f 1499 1493 1492
f 1493 1530 1491
f 1506 1529 1507
f 1530 1486 1485
f 1507 1505 1504
f 1512 1529 1510
f 1524 1523 1526
f 1565 1564 1609
f 1630 1632 1649
f 1623 1625 1628
f 1600 1602 1605
f 1543 1546 1544
f 1533 1792 1531
f 1584 1608 1585
f 1531 1792 1610
f 1526 1525 1610
f 1568 1546 1545
f 1544 1547 1542
f 1565 1563 1562
f 1571 1609 1569
f 1590 1608 1588
f 1604 1602 1601
f 1613 1766 1611
f 1627 1625 1624
f 1649 1627 1626
f 1766 1604 1603
f 1585 1583 1582
f 1646 1645 1689
f 1683 1686 1681
f 1667 1662 1664
f 1646 1644 1643
f 1666 1664 1663
f 1689 1650 1652
f 1765 1685 1684
f 1742 1748 1743
f 1784 1787 1785
f 1789 1787 1786
f 1707 1702 1704
f 1730 1764 1728
f 1743 1791 1739
f 1727 1706 1705
f 1724 1725 1723
f 1688 1666 1665
f 1642 1644 1647
f 1688 1669 1671
f 1685 1683 1682
f 1765 1690 1692
f 1706 1704 1703
f 1764 1723 1722
f 1727 1709 1711
f 1750 1748 1747
f 1763 1758 1760
f 1793 1763 1762
f 1794 1788 1795
f 1775 1793 1762
f 1789 1788 1794
f 1483 1486 1484
f 1171 1170 1177
f 1796 1797 1798
f 1799 1800 1801
f 1801 1800 1802
f 1803 1804 1799
f 1805 1806 1807
f 1808 1809 1810
f 1811 1812 1813
f 1811 1814 1815
f 1816 1817 1818
f 1819 1807 1820
f 1821 1822 1823
f 1824 1802 1825
f 1826 1827 1828
f 1804 1829 1830
f 1831 1832 1833
f 1834 1833 1835
f 1836 1805 1837
f 1829 1835 1830
f 1838 1839 1828
f 1817 1840 1808
f 1841 1842 1843
f 1844 1845 1846
f 1847 1848 1849
f 1812 1850 1851
f 1841 1848 1852
f 1853 1854 1855
f 1856 1844 1853
f 1857 1858 1815
f 1831 1826 1832
f 1797 1822 1821
f 1859 1860 1861
f 1862 1863 1864
f 1865 1866 1867
f 1868 1869 1870
f 1871 1872 1873
f 1874 1875 1876
f 1877 1878 1879
f 1880 1881 1882
f 1883 1884 1880
f 1885 1886 1887
f 1888 1889 1890
f 1885 1888 1891
f 1892 1883 1893
f 1894 1895 1896
f 1875 1897 1862
f 1898 1872 1868
f 1899 1900 1871
f 1866 1901 1859
f 1877 1902 1895
f 1864 1903 1904
f 1894 1905 1906
f 1907 1861 1908
f 1909 1882 1910
f 1911 1912 1913
f 1914 1915 1916
f 1917 1918 1913
f 1914 1919 1920
f 1921 1919 1922
f 1918 1923 1924
f 1925 1887 1926
f 1819 1927 1928
f 1929 1930 1931
f 1932 1933 1931
f 1934 1935 1936
f 1937 1938 1936
f 1810 1939 1940
f 1929 1940 1941
f 1942 1839 1838
f 1943 1823 1944
f 1945 1946 1947
f 1948 1949 1950
f 1951 1952 1953
f 1843 1954 1955
f 1858 1956 1957
f 1958 1959 1846
f 1960 1948 1961
f 1951 1962 1963
f 1964 1961 1955
f 1965 1849 1966
f 1967 1957 1968
f 1945 1967 1969
f 1962 1959 1970
f 1818 1971 1972
f 1796 1822 1797
f 1838 1796 1942
f 1796 1798 1942
f 1828 1827 1838
f 1822 1944 1823
f 1827 1826 1831
f 1803 1799 1801
f 1804 1803 1829
f 1829 1834 1835
f 1801 1802 1824
f 1973 1974 1947
f 1975 1976 1977
f 1978 1979 1980
f 1953 1981 1982
f 1983 1854 1978
f 1933 1984 1977
f 1976 1985 1837
f 1825 1986 1987
f 1988 1987 1986
f 1971 1974 1989
f 1937 1928 1938
f 1850 1990 1991
f 1990 1950 1992
f 1966 1982 1993
f 1825 1987 1824
f 1988 1935 1994
f 1995 1979 1996
f 1833 1834 1831
f 1944 1997 1943
f 1998 1999 2000
f 2001 2002 2003
f 1996 2004 2005
f 2006 2007 1904
f 2008 2009 2010
f 2011 2012 2013
f 2004 2014 2015
f 2016 2017 2018
f 2019 1924 2020
f 2021 2022 2023
f 2023 2024 2025
f 2026 2027 2028
f 2029 2030 2031
f 1916 2032 2033
f 2034 2035 2029
f 2036 2037 2026
f 1907 2038 2014
f 2039 2013 2040
f 2041 2011 2042
f 2043 2044 1900
f 2045 2046 2001
f 2047 2042 2048
f 2049 2050 2051
f 1876 2050 2052
f 2053 2054 1878
f 2010 2044 2055
f 2056 2057 2039
f 2058 1869 2057
f 2002 2007 2059
f 2051 2009 2060
f 2046 2061 2062
f 2063 1925 2064
f 2065 2066 1998
f 2067 2068 2033
f 2069 2019 2070
f 2037 2071 2072
f 2035 2073 2074
f 2018 2075 2076
f 2063 2077 2016
f 2076 2078 2079
f 2080 1893 2079
f 1910 1999 1909
f 2027 2068 2081
f 2082 1911 2072
f 2083 1922 2074
f 2021 2069 2084
f 2085 2086 2030
f 1889 2025 2087
f 2053 2066 2088
f 2089 2085 2090
f 2062 2091 1867
f 1906 2092 2048
f 2093 2094 2090
f 2095 2096 2097
f 2098 2096 2099
f 2100 2101 2102
f 2103 2104 2105
f 2106 2107 2100
f 2108 2109 2110
f 2111 2112 2108
f 2113 2114 2115
f 2116 2117 2118
f 2119 2120 2121
f 2103 2122 2123
f 2120 2124 2113
f 2125 2126 2111
f 2127 2128 2129
f 2130 2116 2127
f 2131 2122 2132
f 2101 2133 2134
f 2135 2136 2137
f 2138 2139 2140
f 2141 2142 2143
f 2135 2142 2144
f 2137 2145 2146
f 2147 2148 2149
f 2148 2150 2138
f 2151 2140 2152
f 2153 2093 2095
f 2154 2155 2156
f 2157 2158 2159
f 2160 2161 2162
f 2163 2164 2165
f 2166 2167 2168
f 2169 2170 2171
f 2172 2173 2174
f 2175 2176 2177
f 2178 2179 2180
f 2181 2182 2183
f 2184 2183 2185
f 2186 2172 2187
f 2188 2156 2189
f 2190 2191 2192
f 2193 2157 2170
f 2194 2167 2163
f 2195 2190 2159
f 2196 2154 2161
f 2197 2166 2198
f 2199 2178 2200
f 2201 2202 2203
f 2204 2176 2205
f 2206 2186 2207
f 2208 2209 2175
f 2210 2211 2212
f 2206 2213 2214
f 2215 2216 2217
f 2218 2219 2220
f 2221 2222 2107
f 2223 2224 2225
f 2226 2227 2125
f 2228 2229 2230
f 2231 2232 2226
f 2233 2105 2234
f 2233 2235 2236
f 2218 2110 2237
f 2238 2239 2240
f 2241 2188 2242
f 2243 2244 2245
f 2246 2247 2248
f 2249 2151 2250
f 2146 2251 2252
f 2253 2254 2255
f 2256 2257 2258
f 2115 2259 2253
f 2260 2261 2262
f 2263 2121 2264
f 2265 2222 2266
f 2267 2261 2255
f 2268 2269 2270
f 2271 2272 2273
f 2274 2275 2257
f 2276 2230 2277
f 2278 2279 2280
f 2281 2133 2268
f 2224 2282 2280
f 2283 2256 2284
f 2220 2285 2225
f 2231 2260 2286
f 2283 2287 2264
f 2288 2132 2279
f 2289 2269 2229
f 2290 2215 2265
f 2291 2292 2274
f 2293 2294 2295
f 2296 2297 2298
f 2299 2245 2241
f 2300 2248 2249
f 2297 2301 2149
f 2192 2191 2302
f 2293 2247 2303
f 2298 2244 2304
f 2305 2306 2307
f 2308 2162 2305
f 2302 2309 2306
f 2238 2310 2271
f 2295 2311 2143
f 2312 2239 2252
f 2313 2217 2314
f 2315 2128 2273
f 2316 2317 2313
f 2318 2319 2171
f 2320 2321 2322
f 2323 2324 2325
f 2326 2327 2328
f 2329 2330 2331
f 2332 2333 2329
f 2334 2164 2335
f 2336 2333 2337
f 2338 2173 2339
f 2324 2340 2320
f 2339 2328 2341
f 2325 2214 2342
f 2343 2335 2322
f 2344 2330 2197
f 2326 2345 2346
f 2347 2348 2345
f 2349 2350 2351
f 2352 2353 2205
f 2211 2354 2355
f 2356 2357 2358
f 2359 2203 2360
f 2181 2361 2362
f 2363 2364 2365
f 2366 2365 2367
f 2368 2369 2336
f 2370 2361 2371
f 2372 2364 2373
f 2374 2375 2376
f 2377 2378 2350
f 2379 2380 2381
f 2380 2382 2383
f 2384 2385 2199
f 2386 2355 2387
f 2358 2388 2389
f 2390 2391 2392
f 2393 2394 2376
f 2386 2395 2179
f 2396 2212 2184
f 2397 2367 2385
f 2398 2399 2400
f 2401 2374 2379
f 2201 2402 2403
f 2404 2405 2382
f 2402 2398 2406
f 2407 2351 2408
f 2409 2408 2359
f 2410 2411 2356
f 2412 2371 2378
f 2404 2389 2413
f 2410 2392 2414
f 2352 2372 2415
f 2318 2369 2416
f 2399 2417 2418
f 2419 2099 2317
f 2420 2291 2118
f 2277 2236 2421
f 1994 1987 1988
f 1938 1934 1936
f 1928 2422 1938
f 1927 1819 1820
f 1820 1807 2423
f 1806 1805 1836
f 1836 1837 1985
f 2423 1807 1806
f 1976 1975 1985
f 1975 1977 1984
f 1932 1931 1930
f 1930 1929 1941
f 1984 1933 1932
f 2424 1940 1939
f 1809 1808 1840
f 1840 1817 1816
f 1939 1810 1809
f 1941 1940 2424
f 1818 1972 1816
f 1972 1971 1989
f 1973 1947 1946
f 1946 1945 2425
f 1989 1974 1973
f 1969 1967 1968
f 1956 1858 1857
f 1857 1815 1814
f 1968 1957 1956
f 2425 1945 1969
f 1813 1812 1851
f 1991 1990 2426
f 2426 1990 1992
f 1851 1850 1991
f 1949 1948 1960
f 1960 1961 1964
f 1954 1843 1842
f 1842 1841 1852
f 1964 1955 1954
f 1992 1950 1949
f 1814 1811 1813
f 1848 2427 1852
f 2427 1848 1847
f 1965 1966 1993
f 1993 1982 1981
f 1847 1849 1965
f 1952 1951 1963
f 1970 1959 1958
f 1958 1846 2428
f 1963 1962 1970
f 1981 1953 1952
f 1845 1844 1856
f 1855 1854 1983
f 1983 1978 1980
f 1856 1853 1855
f 1995 1996 2005
f 2005 2004 2015
f 2429 2014 2038
f 2038 1907 1908
f 2015 2014 2429
f 1980 1979 1995
f 2428 1846 1845
f 1860 1859 1901
f 1865 1867 2091
f 2091 2062 2061
f 1901 1866 1865
f 2045 2001 2430
f 2003 2002 2059
f 2059 2007 2006
f 2061 2046 2045
f 1903 1864 1863
f 1897 1875 1874
f 1874 1876 2052
f 1863 1862 1897
f 2049 2051 2060
f 2060 2009 2008
f 2055 2044 2043
f 2043 1900 1899
f 2008 2010 2055
f 2052 2050 2049
f 2006 1904 1903
f 1908 1861 1860
f 1871 1873 1899
f 1873 1872 1898
f 1870 1869 2058
f 2058 2057 2056
f 1898 1868 1870
f 2040 2013 2012
f 2041 2042 2047
f 2047 2048 2092
f 2012 2011 2041
f 2056 2039 2040
f 1905 1894 1896
f 1902 1877 1879
f 1879 1878 2054
f 1896 1895 1902
f 2088 2066 2065
f 2000 1999 2431
f 2431 1999 1910
f 2065 1998 2000
f 2054 2053 2088
f 2092 1906 1905
f 1881 1880 1884
f 1892 1893 2080
f 2080 2079 2078
f 1884 1883 1892
f 2075 2018 2017
f 2077 2063 2064
f 2064 1925 1926
f 2017 2016 2077
f 2078 2076 2075
f 1886 1885 1891
f 1890 1889 2087
f 2087 2025 2024
f 1891 1888 1890
f 2022 2021 2084
f 2084 2069 2070
f 2020 1924 1923
f 1923 1918 1917
f 2070 2019 2020
f 2024 2023 2022
f 1926 1887 1886
f 1910 1882 1881
f 1912 1911 2082
f 2071 2037 2036
f 2036 2026 2028
f 2082 2072 2071
f 2081 2068 2067
f 2032 1916 1915
f 1915 1914 2432
f 2067 2033 2032
f 2028 2027 2081
f 1920 1919 1921
f 2083 2074 2073
f 2073 2035 2034
f 1921 1922 2083
f 2031 2030 2086
f 2086 2085 2089
f 2094 2093 2153
f 2153 2095 2097
f 2089 2090 2094
f 2034 2029 2031
f 2098 2099 2419
f 2316 2313 2314
f 2314 2217 2216
f 2419 2317 2316
f 2290 2265 2266
f 2221 2107 2106
f 2106 2100 2102
f 2266 2222 2221
f 2216 2215 2290
f 2134 2133 2281
f 2270 2269 2289
f 2289 2229 2228
f 2281 2268 2270
f 2276 2277 2421
f 2421 2236 2235
f 2234 2105 2104
f 2103 2123 2104
f 2235 2233 2234
f 2228 2230 2276
f 2102 2101 2134
f 2097 2096 2098
f 1917 1913 1912
f 2122 2131 2123
f 2288 2279 2278
f 2282 2224 2223
f 2223 2225 2285
f 2278 2280 2282
f 2219 2218 2237
f 2109 2108 2112
f 2112 2111 2126
f 2237 2110 2109
f 2285 2220 2219
f 2227 2226 2232
f 2286 2260 2262
f 2262 2261 2267
f 2232 2231 2286
f 2254 2253 2259
f 2114 2113 2124
f 2124 2120 2119
f 2259 2115 2114
f 2267 2255 2254
f 2126 2125 2227
f 2263 2264 2287
f 2284 2256 2258
f 2258 2257 2275
f 2287 2283 2284
f 2292 2291 2420
f 2117 2116 2130
f 2130 2127 2129
f 2420 2118 2117
f 2275 2274 2292
f 2315 2273 2433
f 2272 2271 2310
f 2310 2238 2240
f 2312 2252 2251
f 2251 2146 2145
f 2136 2135 2144
f 2144 2142 2141
f 2145 2137 2136
f 2240 2239 2312
f 2129 2128 2315
f 2119 2121 2263
f 2311 2295 2294
f 2303 2247 2246
f 2246 2248 2300
f 2294 2293 2303
f 2250 2151 2152
f 2139 2138 2150
f 2150 2148 2147
f 2152 2140 2139
f 2300 2249 2250
f 2301 2297 2296
f 2434 2435 2436
f 2437 2436 2438
f 2304 2296 2298
f 2301 2147 2149
f 2304 2244 2243
f 2243 2245 2299
f 2242 2188 2189
f 2189 2156 2155
f 2299 2241 2242
f 2155 2154 2196
f 2311 2141 2143
f 2196 2161 2160
f 2308 2305 2307
f 2307 2306 2309
f 2160 2162 2308
f 2439 2302 2191
f 2195 2159 2158
f 2158 2157 2193
f 2191 2190 2195
f 2309 2302 2439
f 2169 2171 2319
f 2416 2369 2368
f 2368 2336 2337
f 2319 2318 2416
f 2332 2329 2331
f 2331 2330 2344
f 2198 2166 2168
f 2168 2167 2194
f 2344 2197 2198
f 2337 2333 2332
f 2193 2170 2169
f 2194 2163 2165
f 2288 2131 2132
f 2165 2164 2334
f 2343 2322 2321
f 2321 2320 2340
f 2334 2335 2343
f 2323 2325 2342
f 2213 2206 2207
f 2207 2186 2187
f 2342 2214 2213
f 2340 2324 2323
f 2174 2173 2338
f 2341 2328 2327
f 2327 2326 2346
f 2338 2339 2341
f 2348 2347 2440
f 2208 2175 2177
f 2177 2176 2204
f 2441 2209 2208
f 2346 2345 2348
f 2187 2172 2174
f 2442 2205 2353
f 2415 2372 2373
f 2373 2364 2363
f 2353 2352 2415
f 2443 2365 2366
f 2397 2385 2384
f 2384 2199 2444
f 2366 2367 2397
f 2363 2365 2443
f 2200 2178 2180
f 2395 2386 2387
f 2387 2355 2445
f 2180 2179 2395
f 2354 2211 2210
f 2210 2212 2396
f 2446 2184 2185
f 2185 2183 2182
f 2396 2184 2446
f 2445 2355 2354
f 2444 2199 2200
f 2204 2205 2442
f 2362 2361 2447
f 2370 2371 2412
f 2412 2378 2377
f 2447 2361 2370
f 2349 2351 2448
f 2407 2408 2409
f 2409 2359 2360
f 2448 2351 2407
f 2377 2350 2349
f 2449 2203 2202
f 2403 2402 2406
f 2406 2398 2450
f 2202 2201 2403
f 2400 2399 2418
f 2418 2417 2393
f 2375 2374 2451
f 2451 2374 2401
f 2393 2376 2375
f 2450 2398 2400
f 2360 2203 2449
f 2381 2380 2383
f 2452 2382 2405
f 2405 2404 2413
f 2383 2382 2452
f 2453 2389 2388
f 2357 2356 2411
f 2411 2410 2454
f 2388 2358 2357
f 2413 2389 2453
f 2414 2392 2391
f 2455 2390 2456
f 2390 2435 2456
f 2391 2390 2455
f 2436 2457 2434
f 2436 2437 2457
f 2438 2458 2459
f 2438 2459 2437
f 2435 2434 2456
f 2454 2410 2414
f 2401 2379 2381
f 2182 2181 2362
f 1994 1935 1934
f 2460 2461 2462
f 2461 2460 2463
f 2460 2462 2464
f 2465 2466 2460
f 2464 2467 2460
f 2465 2460 2467
f 2460 2466 2468
f 2469 2470 2471
f 2469 2472 2473
f 2473 2470 2469
f 2474 2463 2460
f 2475 2476 2460
f 2474 2460 2476
f 2469 2471 2475
f 2475 2460 2469
f 2477 2460 2478
f 2479 2460 2480
f 2460 2479 2478
f 2481 2477 2482
f 2481 2460 2477
f 2482 2483 2481
f 2481 2483 2484
f 2480 2460 2468
f 2484 2485 2481
f 2486 2487 2481
f 2485 2486 2481
f 2488 2489 2481
f 2490 2489 2491
f 2481 2489 2490
f 2487 2488 2481
f 2490 2491 2492
f 2469 2493 2494
f 2493 2469 2495
f 2496 2495 2469
f 2497 2498 2469
f 2496 2469 2498
f 2469 2499 2497
f 2500 2501 2499
f 2502 2499 2503
f 2499 2502 2500
f 2501 2497 2499
f 2504 2503 2499
f 2505 2506 2499
f 2504 2499 2506
f 2499 2507 2505
f 2508 2509 2490
f 2510 2511 2490
f 2509 2510 2490
f 2512 2490 2492
f 2490 2512 2513
f 2513 2514 2490
f 2490 2514 2508
f 2511 2515 2490
f 2516 2517 2515
f 2518 2507 2515
f 2517 2518 2515
f 2519 2520 2515
f 2521 2515 2520
f 2515 2521 2516
f 2519 2515 2511
f 2507 2499 2515
f 2494 2472 2469
f 2522 2523 2524
f 2525 2524 2526
f 2527 2528 2525
f 2528 2529 2530
f 2531 2532 2533
f 2530 2534 2532
f 2531 2533 2535
f 2526 2524 2523
f 2525 2526 2527
f 2522 2536 2523
f 2529 2534 2530
f 2528 2527 2529
f 2533 2532 2534
f 2537 2538 2539
f 2531 2535 2538
f 2540 2536 2522
f 2541 2542 2543
f 2544 2545 2543
f 2545 2546 2547
f 2548 431 437
f 2549 2550 2547
f 2551 2552 2550
f 2553 2554 2552
f 2555 2556 2557
f 2558 2556 2554
f 2559 2560 2561
f 2562 2563 2564
f 2560 2565 2563
f 2566 2567 2561
f 2568 2566 2555
f 2541 2537 2569
f 2570 2562 2571
f 2569 2542 2541
f 2543 2542 2572
f 2539 2569 2537
f 2544 2543 2572
f 2547 2546 2549
f 2544 2546 2545
f 2549 2551 2550
f 2553 2552 2551
f 2555 2557 2568
f 2553 2558 2554
f 2561 2567 2559
f 2559 2565 2560
f 2573 2563 2565
f 2568 2567 2566
f 2557 2556 2558
f 2539 2538 2535
f 2574 2575 2576
f 2577 2578 2579
f 2580 2579 2575
f 2581 2582 2583
f 2584 2585 2582
f 2586 2585 2587
f 2581 2583 2578
f 2564 2571 2562
f 2574 2576 2588
f 2570 2571 2588
f 2577 2579 2580
f 2575 2574 2580
f 2578 2577 2581
f 2581 2584 2582
f 2585 2584 2587
f 2587 501 2586
f 2563 2573 2564
f 2588 2576 2570
f 2548 2589 2590
f 2591 2590 2592
f 2593 2594 2591
f 2595 2596 2597
f 2598 2597 2599
f 2595 2594 2600
f 2598 2601 2602
f 2589 2548 2603
f 2592 2590 2589
f 2591 2592 2593
f 2600 2594 2593
f 2598 2599 2601
f 2602 2601 2604
f 2599 2597 2596
f 2600 2596 2595
f 2604 2605 2602
f 2606 2605 2604
f 2607 2608 2609
f 2610 2609 2611
f 2612 2613 2614
f 2615 2616 2613
f 2608 2617 2614
f 2618 2616 2619
f 2620 2621 2618
f 2622 2623 2624
f 2625 2623 2621
f 2626 2627 2628
f 2629 2630 2631
f 2627 2632 2630
f 2633 2628 2634
f 2634 2622 2635
f 2606 2611 2605
f 2636 2629 2637
f 2609 2610 2638
f 2609 2638 2607
f 2607 2617 2608
f 2612 2614 2617
f 2616 2615 2619
f 2612 2615 2613
f 2611 2606 2610
f 2625 2621 2620
f 2586 501 500
f 2634 2635 2633
f 2639 2626 2628
f 2633 2639 2628
f 2622 2624 2635
f 2624 2623 2625
f 2619 2620 2618
f 2631 2637 2629
f 2631 2630 2632
f 2640 2641 2642
f 2627 2626 2632
f 2643 2640 2644
f 2645 2646 2647
f 2646 2643 2648
f 2649 2645 2650
f 2651 2636 2637
f 2640 2642 2644
f 2642 2641 2651
f 2647 2646 2648
f 2650 2652 2649
f 2645 2647 2650
f 2648 2643 2644
f 2540 2522 2652
f 2522 2649 2652
f 2641 2636 2651
f 2548 437 2603
f 2653 2654 2655
f 2655 2656 2653
f 2657 2658 2659
f 2659 2660 2657
f 2661 2662 2663
f 2663 2664 2661
f 2665 2666 2667
f 2667 2668 2665
f 2669 2670 2671
f 2671 2672 2669
f 2673 2674 2675
f 2675 2676 2673
f 2677 2678 2679
f 2680 2679 2678
f 2681 2677 2679
f 2679 2682 2683
f 2679 2684 2681
f 2684 2679 2683
f 2685 2682 2679
f 2686 2687 2688
f 2689 2688 2687
f 2690 2687 2686
f 2687 2680 2691
f 2687 2692 2689
f 2692 2687 2691
f 2679 2680 2687
f 2679 2693 2694
f 2695 2679 2694
f 2696 2697 2693
f 2694 2693 2697
f 2693 2698 2696
f 2699 2698 2693
f 2685 2679 2695
f 2693 2700 2699
f 2693 2701 2702
f 2693 2702 2700
f 2703 2704 2693
f 2705 2706 2703
f 2706 2704 2703
f 2693 2704 2701
f 2707 2705 2703
f 2708 2687 2690
f 2709 2687 2708
f 2710 2687 2711
f 2712 2713 2714
f 2713 2712 2710
f 2709 2711 2687
f 2715 2712 2716
f 2714 2716 2712
f 2717 2712 2715
f 2712 2717 2718
f 2712 2719 2720
f 2719 2712 2718
f 2720 2721 2712
f 2710 2712 2687
f 2722 2723 2703
f 2703 2723 2724
f 2725 2726 2703
f 2707 2703 2726
f 2703 2727 2725
f 2724 2727 2703
f 2722 2728 2723
f 2722 2729 2730
f 2722 2721 2731
f 2722 2731 2729
f 2722 2732 2733
f 2732 2722 2734
f 2730 2734 2722
f 2728 2722 2733
f 2722 2712 2721
