v -0.0017507640954935594 -0.0035254422908626015 0.025000001187436283
v -0.0008985891768970022 -0.0038289722830779638 0.025000001187436283
v -0.0008095130112815291 -0.0038462898173935445 0.025050553558001454
v -3.529643749363555e-07 -0.003933000274545517 0.025000001187436283
v 0.0008979019353100998 -0.0038291334540450916 0.025000001187436283
v 0.0001871390431598674 -0.003923239655872074 0.02510106968894088
v 0.001170617755224465 -0.0037574002143250795 0.025151585819880307
v 0.001748694502919368 -0.003522862124877013 0.025000001187436283
v 0.0020739649327213006 -0.0033473819892075596 0.025202101950819733
v 0.002841267005451592 -0.0027134653426583166 0.02525261808175916
v 0.002643177873270647 -0.0029040595480306353 0.02505520939623529
v 0.0033386086619170696 -0.0020647460010853047 0.02511041951238302
v 0.0034329737863332543 -0.001908031911877564 0.025303132305349862
v 0.003785860956719983 -0.0010747153077372146 0.025165627721182027
v 0.003810858430670361 -0.0009860586992362433 0.02535364843628929
v 0.003936752029484458 -3.9040040682109054e-06 0.025220837837329757
v 0.003937523075205895 -2.616675462061951e-06 0.025404164567228715
v -0.003933000274545517 9.633072173817834e-19 0.026029343887694623
v -0.003933000274545517 9.633072173817834e-19 0.02584602669453928
v -0.0038513640802535776 -0.0007651900416470042 0.025884900368871033
v -0.003629011088124995 -0.0015063448667745893 0.025923962870726402
v -0.00385148853475778 -0.0007652269369238726 0.02606822709876999
v -0.0032715648774521433 -0.002189462050481289 0.02596302537258177
v -0.003628906422363798 -0.0015062695265000148 0.02610728960062536
v -0.0032713476781162654 -0.0021893766966259165 0.02614635210248073
v -0.0027861915958074523 -0.002784367216753514 0.02600208787443714
v -0.003862705175762954 0.0007699342735732403 0.025990102095059253
v -0.002187613352731127 -0.0032676407458723244 0.02604115037629251
v -0.0027861324679970267 -0.0027844251524709873 0.0261854146043361
v -0.0021876915540287867 -0.0032677084567520054 0.02622447710619147
v -0.0007637668614761048 -0.003853927556937836 0.02611927538000325
v -0.0015038222788785888 -0.0036275820070939824 0.026263539608046838
v -0.0015037302493026844 -0.0036276454264390356 0.02608021287814788
v -0.0007637980943114506 -0.00385373372262382 0.026302602109902207
v 3.0522203591309776e-06 -0.003936033435852915 0.026158337881858618
v 3.1076820180674786e-06 -0.003935851284049829 0.026341664611757576
v 0.0007675102121597333 -0.0038635589527352687 0.026197400383713987
v 0.0015017266986780409 -0.003634687834763034 0.026236462885569356
v 0.0007676268584550991 -0.0038636552738458008 0.026380727113612945
v 0.0015017877338371899 -0.003634936982190029 0.026419789615468314
v 0.0021806672655176607 -0.003265893137604503 0.026275525387424725
v 0.002180601461986703 -0.0032660547854088118 0.026458852117323683
v 0.0027796622642900504 -0.0027759927637648063 0.026314587889280094
v 0.002779496801788295 -0.0027759686834871733 0.026497914619179053
v 0.003274042285025258 -0.002183805092586255 0.026353650391135464
v 0.003639151269194396 -0.0015081541062480358 0.026392712892990833
v 0.00327390328698704 -0.0021836391532473187 0.026536977121034422
v 0.0036392566502113644 -0.0015080296517438335 0.02657603962288979
v 0.003857028667543505 -0.0007708660730292721 0.026431775394846202
v 0.003857253734692867 -0.0007708663710525102 0.02661510212474516
v 0.003927232213587345 -1.6222983437936861e-06 0.02647083789670157
v 0.0038553459091322795 0.0007633024220619553 0.025443227069084084
v 0.0038545531673191136 0.0007619243030046463 0.025259900339185126
v 0.0036272219950224394 0.0015016669748211392 0.025298962841040495
v 0.0036276575857871474 0.001502562117418893 0.025482289570939454
v 0.003266267216372881 0.0021862150276982795 0.025338025342895865
v 0.002783197058311704 0.0027864588630473197 0.025377087844751234
v 0.0027828458677280066 0.0027860881221392075 0.025560414574650192
v 0.00326623288409586 0.0021864086235937052 0.025521352072794823
v 0.002189935788220465 0.003273799813318795 0.025416150346606603
v 0.0021896167841464753 0.003273272431396773 0.02559947707650556
v 0.00150761611469874 0.0036309532459626037 0.025455212848461972
v 0.001507410121036612 0.0036303939159494647 0.02563853957836093
v -3.1987975008214496e-06 0.003930369563818759 0.02553333785217271
v 0.0007662980324413607 0.0038512150686345614 0.0256776020802163
v 0.0007663933402728834 0.0038517212313020355 0.02549427535031734
v -3.2092592806296568e-06 0.003930037923559476 0.02571666458207167
v -0.0007706267603691322 0.0038611647532502125 0.02557240035402808
v -0.0007706013091846042 0.0038611642764130316 0.025755727083927038
v -0.0015054811954307717 0.003638757640101603 0.02561146285588345
v 0.003927331157302372 -1.7043361085663898e-06 0.02665416462660053
v -0.002181317433013752 0.003270069754471583 0.025650525357738818
v -0.0021812399469718635 0.003270630753414855 0.025833852087637776
v -0.0015054705858034978 0.0036392137348650877 0.025794789585782407
v -0.0027763883002063228 0.002776561392102972 0.025689587859594187
v -0.0027762116320308172 0.0027769221194302862 0.025872914589493146
v -0.0032692186001037626 0.0021805368505486977 0.025728650361449557
v -0.003638333731847826 0.0015042989968501452 0.025767712863304926
v -0.0032690040233723794 0.002180572374918671 0.025911977091348515
v -0.0036382359802257513 0.0015040657042594135 0.025951039593203884
v -0.0038624848769854003 0.0007702145346262859 0.025806775365160295
v -0.003933000274545517 9.633072173817834e-19 0.027279090269686224
v -0.003933000274545517 9.633072173817834e-19 0.027095757817741095
v -0.003857015316102441 -0.0007708298334035274 0.027134900428242847
v -0.003856803123556962 -0.0007707970508473438 0.027318227158141806
v -0.0036391510307758057 -0.001508139681923315 0.027173962930098217
v -0.003639045411340247 -0.0015082329035921715 0.027357289659997175
v -0.003274063981116987 -0.0021838186824459094 0.027213025431953586
v -0.0032742003565507105 -0.002183976992389952 0.027396352161852544
v -0.0027796746620567525 -0.0027760201819027053 0.027252087933808955
v -0.0038522810381523553 0.0007687635786896019 0.027240102154431067
v -0.0027798329720007953 -0.0027760650045977053 0.027435414663707913
v -0.0021806548677509585 -0.0032659262777885723 0.027291150435664324
v -0.002180707319840852 -0.003265808022167721 0.027474477165563282
v -0.0007674698002086561 -0.003863607828546306 0.027369275439375063
v -0.0015016109464523891 -0.00363452880956322 0.02751353966741865
v -0.0015016910550987722 -0.003634725981737502 0.027330212937519693
v -0.0007673321730773328 -0.003863549654410242 0.02755260216927402
v -3.035355037826206e-06 -0.003936077304873553 0.027408337941230432
v -2.968379437352851e-06 -0.003936274238629245 0.02759166467112939
v 0.0007637480860121088 -0.00385391301340382 0.0274474004430858
v 0.0015036792277243333 -0.003627556019467626 0.02748646294494117
v 0.0007637078528749744 -0.0038540822906030225 0.02763072717298476
v 0.0015035554884759023 -0.0036275512510958174 0.02766978967484013
v 0.0021875487412931216 -0.0032674991252296115 0.02752552544679654
v 0.002187422379440196 -0.003267331993797723 0.027708852176695498
v 0.0027861474883682236 -0.0027842360865287796 0.02756458794865191
v 0.0027861565482746597 -0.0027840763460731943 0.027747914678550867
v 0.0032715705994983135 -0.002189421757739507 0.027603650450507278
v 0.0036290506656110055 -0.0015064196110026878 0.027642712952362647
v 0.0032717692021841382 -0.002189460858388337 0.027786977180406236
v 0.00362918203425433 -0.0015065423965767571 0.027826039682261605
v 0.0038514229696454128 -0.0007653673058689858 0.027681775454218016
v 0.00385136551076512 -0.0007654721504441256 0.027865102184116974
v 0.003931615777790914 3.514124247450687e-06 0.027720837956073385
v 0.0038521496695090307 0.0007686269648372879 0.02650990039855694
v 0.0038520464342593763 0.0007685240872155191 0.0266932271284559
v 0.0036341685590730866 0.0015089315892714145 0.02654896290041231
v 0.0032756778365555794 0.002188342436780649 0.02658802540226768
v 0.0036339563665276076 0.0015088866473671192 0.026732289630311268
v 0.003275618708745154 0.002188451394076474 0.026771352132166637
v 0.0027841571699753487 0.002779210699479784 0.026627087904123048
v 0.0027842847239212265 0.0027793651947263798 0.026810414634022006
v 0.0021836899364070794 0.003264587557403331 0.026849477135877375
v 0.0021835549914848984 0.003264566814985964 0.026666150405978417
v 0.0015011440036430401 0.0036295966441830807 0.026705212907833786
v 0.001501186442152136 0.0036294497783313784 0.026888539637732745
v 0.0007641977434736519 0.0038594862863736146 0.026744275409689156
v -1.3962361053172853e-07 0.003939420887185685 0.026966664641443483
v -1.1012876325491039e-08 0.003939421364022866 0.026783337911544525
v -0.0007642110353100681 0.003859503929349306 0.026822400413399894
v 0.0007641259198732861 0.003859283868990343 0.026927602139588114
v -0.0007642842894219765 0.0038597125456159287 0.027005727143298852
v -0.0015011389968526412 0.0036296009357177084 0.026861462915255263
v -0.0015010959622970693 0.003629752569941219 0.02704478964515422
v 0.0039314114530589195 3.4914763440054702e-06 0.027904164685972344
v -0.00218353353381176 0.0032645463109871875 0.026900525417110632
v -0.00218339358209918 0.0032645229459653258 0.02708385214700959
v -0.002784133328116306 0.002779173267761087 0.026939587918966
v -0.0027839957605896304 0.0027790066131663793 0.02712291464886496
v -0.0032756768828812177 0.0021883162107357024 0.02697865042082137
v -0.0032757214671576274 0.0021881857957667394 0.02716197715072033
v -0.0036341914472577674 0.0015089375497361751 0.02701771292267674
v -0.0036344036398032464 0.0015089704515016539 0.027201039652575698
v -0.003852166597228951 0.0007686559923006722 0.02705677542453211
v -0.003933000274545517 9.633072173817834e-19 0.028345712100743548
v -0.003863015358349098 -0.0007665004498246322 0.02838490048761466
v -0.003933000274545517 9.633072173817834e-19 0.02852903501594506
v -0.0036333252725187504 -0.0015012168405224152 0.02842396298947003
v -0.0032651917101114702 -0.0021811228834439644 0.0284630254913254
v -0.0036335217294372613 -0.0015012701270773754 0.02860728971936899
v -0.003863122408296199 -0.0007666346198863944 0.02856822721751362
v -0.003265280640245699 -0.002181044205309124 0.028646352221224358
v -0.002776463402062307 -0.002780827177522871 0.02850208799318077
v -0.0038549961490601248 0.0007635656361857854 0.02849010221380288
v -0.0027763847239274664 -0.0027806621918582963 0.028685414723079727
v -0.0021849893177249002 -0.0032749387389252593 0.02854115049503614
v -0.002184820040525698 -0.003274830020048025 0.028724477224935097
v -0.0015087065221220525 -0.003638244801713597 0.028580212996891508
v -0.0015086411954282758 -0.003638393098076842 0.028763539726790466
v -0.0007705706127910869 -0.0038557474060385566 0.028802602228645835
v -0.0007705149420502225 -0.003855547134422599 0.028619275498746877
v -8.074869785288665e-07 -0.003926768489428967 0.028658338000602246
v -9.204029775602274e-07 -0.0039268149810541 0.028841664730501204
v 0.0007694012292096958 -0.0038530857008950425 0.028697400502457615
v 0.0007693015702388978 -0.0038529407423920636 0.028880727232356573
v 0.0015090965749359891 -0.00363567655665753 0.028736463004312984
v 0.001509087515029553 -0.003635470562995402 0.028919789734211943
v 0.0021873136605629617 -0.003275802529478372 0.028775525506168353
v 0.002187466010042244 -0.0032758101588732658 0.028958852236067312
v 0.002778061998711112 -0.0027830995451082197 0.028814588008023723
v 0.0027782079108884528 -0.0027832523714246826 0.02899791473792268
v 0.0032644893289440757 -0.002182588919356493 0.028853650509879092
v 0.0036307231720228428 -0.0015009420630969494 0.02889271301173446
v 0.0032644802690376395 -0.0021827152812094186 0.02903697723977805
v 0.0038608910487084036 -0.0007648304468079944 0.02893177551358983
v 0.0036305550869165926 -0.0015009561297937846 0.02907603974163342
v 0.003860704843789281 -0.0007647318607208534 0.02911510224348879
v 0.003939158865154807 -9.268970319738112e-07 0.0289708380154452
v 0.003939226576034488 -8.003046766999518e-07 0.029154164745344158
v 0.0038625573562368898 0.0007700040706155875 0.027759900457928754
v 0.00363839190598389 0.001504216027180677 0.027798962959784124
v 0.0032692011955466616 0.0021806424699842564 0.027838025461639493
v 0.0036385211288599006 0.0015043631314509698 0.027982289689683082
v 0.0038624116824781396 0.000770090020517436 0.027943227187827713
v 0.0032693802479080714 0.0021806958757485118 0.02802135219153845
v 0.0027762726671899662 0.0027768551238063766 0.027877087963494862
v 0.002776340854906828 0.002776759517951616 0.02806041469339382
v 0.0021811269365600017 0.003270489848027913 0.02791615046535023
v 0.002181044205309124 0.0032703065041318757 0.02809947719524919
v 0.0015052845000936704 0.0036391817867739706 0.0279552129672056
v 0.0015051317929865027 0.0036390897571980663 0.02813853969710456
v 0.0007704680331925562 0.003861579840016144 0.028177602198959928
v 0.0007705297836074765 0.003861401264491915 0.02799427546906097
v 3.2704872235607733e-06 0.003930220790618333 0.02803333797091634
v 3.3162242445418876e-06 0.003930408664467588 0.028216664700815297
v -0.0007661489612176969 0.003851147596173471 0.028072400472771708
v -0.0007660342818757021 0.0038511676233350667 0.028255727202670666
v -0.001507258367603806 0.0036300868328049962 0.028111462974627077
v -0.001507145834029125 0.0036299268539308205 0.028294789704526035
v -0.0021895876970784434 0.0032729426984862142 0.028150525476482446
v -0.002189580782939321 0.0032727557783113204 0.028333852206381405
v -0.0027830335031586717 0.002786065472373117 0.028189587978337816
v -0.0032663973929232537 0.002186606034186578 0.028228650480193185
v -0.0027832113634271294 0.002786096705208463 0.028372914708236774
v -0.003627650671648025 0.0015028395174488535 0.028267712982048554
v -0.003855184976583742 0.0007635500793727601 0.028306775483903923
v -0.0036276189619754984 0.001502951812604944 0.028451039711947512
v -0.0032665399672403284 0.0021867445553876153 0.028411977210092143
v -0.003933000274545517 9.633072173817834e-19 0.029596009706516213
v -0.0038528162878878613 -0.00076414350324433 0.029634900546986476
v -0.003933000274545517 9.633072173817834e-19 0.029779334529066448
v -0.0036277713114547805 -0.0015046035765994142 0.029673963048841845
v -0.003852954332251718 -0.0007640777593180201 0.029818227276885434
v -0.0036277226740623336 -0.0015044729232118609 0.029857289778740803
v -0.003268797791291661 -0.0021883767690576705 0.029713025550697214
v -0.0032686094406052246 -0.002188271864877883 0.029896352280596172
v -0.00278523839828293 -0.002785866154431521 0.029752088052552583
v -0.0038637613701185403 0.0007683152921349537 0.029740102273174696
v -0.0021889892664164745 -0.0032701231602358383 0.029791150554407952
v -0.002785117043220403 -0.002785928143265032 0.02993541478245154
v -0.0021890631761795065 -0.003270322955014615 0.02997447728430691
v -0.0015054940700346547 -0.0036282545859375737 0.02983021305626332
v -0.0015056244850036177 -0.0036283475691878397 0.03001353978616228
v -0.0007647598749052284 -0.0038519098204070623 0.03005260228801765
v -0.0007646710639802948 -0.0038520085257034986 0.02986927555811869
v 3.5590128335260282e-06 -0.003933136888397831 0.02990833805997406
v 3.5654918121547194e-06 -0.003932922788503629 0.03009166478987302
v 0.0007692753441939509 -0.0038633908676290185 0.02994740056182943
v 0.0007693865664663846 -0.0038633002685646567 0.030130727291728387
v 0.001503207039705995 -0.003637309724001947 0.0299864630636848
v 0.0015033393620236812 -0.0036374728023177982 0.030169789793583757
v 0.0021803999982777933 -0.0032679516437142397 0.030025525565540168
v 0.0021804178796720752 -0.0032681182983089474 0.030208852295439126
v 0.0027776597865490638 -0.0027759238607921732 0.030064588067395537
v 0.002777536762556404 -0.002775956285720471 0.030247914797294495
v 0.0032717978124149893 -0.002181855066935162 0.030103650569250906
v 0.00327161899847217 -0.002181740864430348 0.030286977299149864
v 0.003639624291677801 -0.0015063747883076878 0.030142713071106275
v 0.0036395875752148754 -0.0015062268495723286 0.030326039801005233
v 0.0038599979326686684 -0.0007708495029372375 0.030181775572961644
v 0.0038602017805634825 -0.0007708185681251298 0.030365102302860603
v 0.00392897052353014 -2.8389700639876224e-06 0.030220838074817014
v 0.003929130979241496 -2.9088236841838815e-06 0.030404164804715972
v 0.0038580214425540382 0.000763772285499037 0.02900990051730057
v 0.0036286849314932923 0.001501544785293546 0.029048963019155938
v 0.003264906561477321 0.0021845689857499795 0.029088025521011307
v 0.0036287981803237446 0.0015014762399487985 0.029232289749054896
v 0.0038582298204020704 0.0007638197904031793 0.029193227247199527
v 0.003264839327434821 0.002184422596735458 0.029271352250910265
v 0.0027804433235922854 0.0027850238215515466 0.029127088022866676
v 0.0021890586462262884 0.003275095379939169 0.029166150524722045
v 0.0027802611717892 0.0027849122416512273 0.029310414752765634
v 0.002188974484463868 0.0032752026683048607 0.029349477254621004
v 0.0015085420132946586 0.003632688456463723 0.029205213026577415
v 0.0015086085320813875 0.0036328930196143083 0.029388539756476373
v 0.000767934478041396 0.003851588193728578 0.029427602258331742
v 0.0007678159243973068 0.0038515164297328597 0.029244275528432784
v -2.289536052165863e-06 0.003928001590378649 0.029283338030288153
v -2.198482968027355e-06 0.003927877851130218 0.02946666476018711
v -0.0007709442147222842 0.0038585664674517517 0.029322400532143522
v -0.0007709413536991991 0.0038583509370460067 0.02950572726204248
v -0.0015073182106700028 0.0036396335900028276 0.02936146303399889
v -0.0015074450493601094 0.003639597350377083 0.02954478976389785
v -0.0021827281558133016 0.003272961533554858 0.02940052553585426
v -0.0021828697764560145 0.003273123896614938 0.02958385226575322
v -0.002775847090006056 0.0027787205108578683 0.029622914767608588
v -0.0027758389837739816 0.002778575313936299 0.02943958803770963
v -0.0032668882968009405 0.0021804061971611444 0.029478650539565
v -0.0036361128626780093 0.0015023861644991587 0.029517713041420368
v -0.0032667433382979616 0.0021804259859041497 0.029661977269463957
v -0.0038637496876076094 0.0007684466607782783 0.029556775543275737
v -0.003635925704084525 0.0015022780416684006 0.029701039771319326
v -0.003933000274545517 9.633072173817834e-19 0.03102916483440188
v -0.003933000274545517 9.633072173817834e-19 0.03084583810450292
v -0.0038542632503131558 -0.0007700475820083402 0.03088490060635829
v -0.003854087058974831 -0.0007699664600829478 0.031068227336257248
v -0.003637094193596202 -0.001509016943126787 0.03092396310821366
v -0.0036369070350027177 -0.0015090431691717338 0.031107289838112617
v -0.0032755209571230792 -0.0021861406410980666 0.030963025610069028
v -0.0032755819922822282 -0.002186308249367136 0.031146352339967986
v -0.002781947029642101 -0.0027771266825808716 0.031002088111924397
v -0.003854363624539725 0.0007700918086568642 0.03099010233254651
v -0.002181754215871412 -0.0032647198797210175 0.031041150613779767
v -0.0027821101079579524 -0.0027772425540158185 0.031185414841823356
v -0.0021818603121441515 -0.0032646705270727994 0.031224477343678725
v -0.0007656326061554822 -0.0038621148513330594 0.031119275617490505
v -0.0015009542224450612 -0.0036318303879567804 0.031263539845534094
v -0.001500972580676524 -0.0036320173081316742 0.031080213115635136
v -0.0007655128604184408 -0.0038619591639935114 0.03130260234738946
v -1.7882426885891452e-06 -0.003938417144919992 0.031158338119345874
v -1.6757300686670741e-06 -0.0039385432683543276 0.03134166484924483
v 0.0007635540132795021 -0.003856525365899116 0.031197400621201243
v 0.0015021402357231345 -0.0036280171210215095 0.031236463123056613
v 0.0007635709409994224 -0.0038567294522125206 0.0313807273511002
v 0.0015020477293100493 -0.0036280926997146745 0.03141978985295557
v 0.0021856320942446883 -0.0032655507685086516 0.03127552562491198
v 0.002185485228392986 -0.0032654449106545025 0.03145885235481094
v 0.002785691393604739 -0.0027817849050006116 0.03131458812676735
v 0.002785614145981441 -0.0027815977464071273 0.03149791485666631
v 0.0032741130953466147 -0.002189479931875571 0.03135365062862272
v 0.0036312722500365935 -0.001507954907515735 0.03139271313047809
v 0.003274267829011801 -0.0021894405928081506 0.03153697735852168
v 0.0036314598854672586 -0.0015080464602544585 0.03157603986037705
v 0.00385117501431137 -0.0007669493920304041 0.03143177563233346
v 0.0038512029092864497 -0.0007670694357906835 0.03161510236223242
v 0.0039290403801771345 2.869926529346263e-06 0.03147083813418883
v 0.0038511864584037103 0.000767001963329593 0.030259900576672383
v 0.003851161662870306 0.0007668819791739612 0.03044322730657134
v 0.0036313540276131095 0.0015079954386761074 0.030298963078527752
v 0.003274181521482067 0.0021894634809928315 0.03033802558038312
v 0.0036311675842753965 0.0015079018593793653 0.03048228980842671
v 0.0032740234499566145 0.002189499005362805 0.03052135231028208
v 0.0027856582534206697 0.0027817031274240955 0.03037708808223849
v 0.0027857319247651113 0.002781889809180399 0.03056041481213745
v 0.0021857141102397948 0.0032656122805049814 0.030599477313992818
v 0.0021855679596438637 0.003265504038464928 0.03041615058409386
v 0.0015020993469348765 0.003628049784368398 0.03045521308594923
v 0.0015021932838595042 0.003627976589861137 0.030638539815848187
v 0.0007635609274186245 0.003856614772870526 0.030494275587804598
v -1.8503857724086101e-06 0.003938342519901189 0.030716664819558925
v -1.7392971447707621e-06 0.003938473411707333 0.030533338089659967
v -0.0007655799156469981 0.003862047378871969 0.030572400591515336
v 0.0007635462646753133 0.0038564106865571213 0.030677602317703556
v -0.0007657009130816392 0.0038621994899326606 0.030755727321414295
v -0.0015009641168165638 0.0036319352921365677 0.030611463093370705
v -0.0015009848592339309 0.0036321226891486424 0.030794789823269664
v 0.003928881831814501 2.7983597411926277e-06 0.031654164864087786
v -0.0021818002306593642 0.0032646979452106983 0.030650525595226075
v -0.0021816955648981673 0.0032647496820448207 0.030833852325125033
v -0.002782018555219229 0.0027771769889034514 0.030689588097081444
v -0.002781854523229016 0.002777063024817228 0.030872914826980402
v -0.0032755486136795686 0.002186214312442508 0.030728650598936813
v -0.003275483286985792 0.002186045750499077 0.03091197732883577
v -0.003637012892856867 0.0015090291024748986 0.030767713100792182
v -0.0036371974288458564 0.0015089998961975715 0.03095103983069114
v -0.0038541857642712674 0.0007700124748709 0.03080677560264755
v -0.003933000274545517 9.633072173817834e-19 0.03209566650248963
v -0.003863756124909551 -0.0007683894403165761 0.032134900665730104
v -0.003933000274545517 9.633072173817834e-19 0.032278993232388586
v -0.0036360313235200836 -0.0015023384807810736 0.03217396316758547
v -0.003266824639037297 -0.002180414303393219 0.03221302566944084
v -0.0036362165747648445 -0.0015024483917512599 0.03235728989748443
v -0.003863737766678088 -0.000768519557262301 0.03231822739562906
v -0.0032669710280518183 -0.002180397137254708 0.0323963523993398
v -0.002775842083215657 -0.0027786387332813522 0.03225208817129621
v -0.0038527402323575155 0.0007641817694280933 0.032240102391918324
v -0.0027758365995880774 -0.002778494251615554 0.03243541490119517
v -0.002182789906228222 -0.0032730330591319856 0.03229115067315158
v -0.002182649477678461 -0.003272868788723182 0.03247447740305054
v -0.001507374239038753 -0.0036396190464688116 0.03233021317500695
v -0.0015072451353720373 -0.0036396493256297957 0.03251353990490591
v -0.0007709438570943986 -0.0038586868688399167 0.03255260240676128
v -0.0007709434994665129 -0.0038584722921085335 0.03236927567686232
v -2.249966948058744e-06 -0.003927946992521442 0.03240833817871769
v -2.339680324610035e-06 -0.003928073115955777 0.03259166490861665
v 0.0007678678996500196 -0.0038515471857310246 0.03244740068057306
v 0.0007677489287733971 -0.0038514782827583915 0.032630727410472016
v 0.0015085716964091667 -0.0036327778634351326 0.03248646318242843
v 0.0015085027934365336 -0.003632573777121728 0.032669789912327385
v 0.002189022645019134 -0.0032751433020758447 0.032525525684283796
v 0.0021891029920841076 -0.0032750312453383446 0.032708852414182754
v 0.002780363691783083 -0.0027849756609962806 0.032564588186139165
v 0.0032648765207349273 -0.002184504851149155 0.032603650687994534
v 0.002780546082004759 -0.0027850843798735148 0.03274791491603812
v 0.00362873404572292 -0.0015015143869232667 0.0326427131898499
v 0.0032649461389633316 -0.002184651478582267 0.03278697741789349
v 0.0036286229426597816 -0.0015015847204074423 0.03282603991974886
v 0.0038581127568741713 -0.0007637926106838708 0.03268177569170527
v 0.0038579039021889583 -0.0007637473111516899 0.03286510242160423
v 0.003939189621152972 8.716507996005832e-07 0.03272083819356064
v 0.003939116188227121 9.974593304753522e-07 0.0329041649234596
v 0.0038600875780586685 0.0007708365687287069 0.0315099006360442
v 0.0038598820612337215 0.00077086488093632 0.031693227365943155
v 0.003639609271306604 0.0015063102960789776 0.031548963137899566
v 0.0036396407425605404 0.0015064570427213847 0.031732289867798524
v 0.00327171984953592 0.0021818047606125823 0.031588025639754935
v 0.003271897232967197 0.0021819206320475293 0.031771352369653894
v 0.002777605665529037 0.0027759374506518275 0.031627088141610304
v 0.0027777301200332394 0.002775907409909434 0.03181041487150926
v 0.0021804073892540965 0.0032680243613843196 0.031666150643465674
v 0.0015032646177955827 0.0036373817264162556 0.03170521314532104
v 0.0021803916536271284 0.0032678584220453832 0.03184947737336463
v 0.0015031336067801437 0.003637215787077319 0.03188853987522
v 0.0007692113884070692 0.0038634373592541515 0.03192760237707537
v 0.0007693244584235787 0.0038633522438173695 0.03174427564717641
v 3.5623567473890125e-06 0.003933043189891794 0.03178333814903178
v 3.5535564471328353e-06 0.003933257051367406 0.03196666487893074
v -0.0007647096877919438 0.0038519648951014507 0.03182240065088715
v -0.0007646222477739051 0.0038520662230023817 0.03200572738078611
v -0.001505551290496357 0.003628294640260765 0.03186146315274252
v -0.0015054203986902132 0.0036282040411964034 0.03204478988264148
v -0.0021890221681819533 0.0032702106598585245 0.03190052565459789
v -0.002188945397395836 0.0032700106266611573 0.03208385238449685
v -0.0027851861846116266 0.0027858942878251913 0.03193958815645326
v -0.0032687152984593737 0.0021883314695254896 0.03197865065830863
v -0.0027853032481395257 0.0027858272922012817 0.032122914886352216
v -0.0036277496153630517 0.001504546356137712 0.032017713160163996
v -0.0038528761309540582 0.0007641143565716504 0.032056775662019366
v -0.0036278008753599933 0.0015046770095252654 0.032201039890062955
v -0.0032689043644015814 0.002188434227937963 0.032161977388207585
v -0.003933000274545517 9.633072173817834e-19 0.033345964108262294
v -0.0038551022453328643 -0.0007635563974654064 0.03338490072510192
v -0.003933000274545517 9.633072173817834e-19 0.033529287023463805
v -0.0036276363665325995 -0.0015028883932598908 0.03342396322695729
v -0.003855291788112253 -0.0007635430460243425 0.033568227455000876
v -0.003627670698809621 -0.001502777051778162 0.033607289956856246
v -0.0032664593817567644 -0.0021866668309271364 0.033463025728812656
v -0.0032663189532070036 -0.002186527117633147 0.033646352458711615
v -0.0027831117044563314 -0.002786080015907133 0.033502088230668026
v -0.003862951700585454 0.0007664254075732957 0.03349010245129014
v -0.002189585312892539 -0.003272861397746879 0.033541150732523395
v -0.0027829321752577407 -0.0027860444915371596 0.033685414960566984
v -0.002189588650752805 -0.0032730459337358686 0.03372447746242235
v -0.0015072093725834734 -0.00363001626090223 0.033580213234378764
v -0.0015073203564373167 -0.0036301781471251293 0.03376353996427772
v -0.0007662136918649975 -0.003851138774685625 0.03380260246613309
v -0.0007660985952904695 -0.003851155940824136 0.03361927573623413
v 3.2909886612001935e-06 -0.003930302806613439 0.0336583382380895
v 3.2432946985662186e-06 -0.003930116363275726 0.03384166496798846
v 0.0007705033191439392 -0.0038614804194639363 0.03369740073994487
v 0.0007705626257683076 -0.003861298744498032 0.03388072746984383
v 0.0015052177428883512 -0.003639142686125141 0.03373646324180024
v 0.0015053702115769285 -0.003639230185747827 0.0339197899716992
v 0.002181090220097076 -0.00327040973938153 0.03377552574365561
v 0.002181175335533858 -0.0032705923680217963 0.03395885247355457
v 0.0027763019926765886 -0.0027768126852972808 0.03381458824551098
v 0.002776236189145631 -0.002776910198500765 0.03399791497540994
v 0.0032692793968443212 -0.002180665119750347 0.03385365074736635
v 0.003269100582901502 -0.0021806138597534053 0.03403697747726531
v 0.003638449126445592 -0.0015042800425722064 0.03389271324922172
v 0.003638316327290725 -0.0015041332959297993 0.034076039979120676
v 0.0038624944137290174 -0.0007700420983807604 0.03393177575107709
v 0.00386263579595314 -0.0007699537642930077 0.034115102480976045
v 0.0039317311723886805 -3.525206986615013e-06 0.034154164982831414
v 0.003931526132400914 -3.5047260380732077e-06 0.033970838252932456
v 0.003860809986387659 0.0007647868758105941 0.03275990069541601
v 0.0036306492622598108 0.0015009477851431197 0.03279896319727138
v 0.0032644847989908576 0.0021826439940508813 0.03283802569912675
v 0.003630818539459013 0.0015009359834228936 0.03298228992717034
v 0.0038609935687022867 0.0007648871904325158 0.03294322742531497
v 0.0032644964815017885 0.0021825185858723173 0.03302135242902571
v 0.002778125656474756 0.0027831667791507197 0.03287708820098212
v 0.002777981413227548 0.0027830125223227142 0.03306041493088108
v 0.0021873806561868714 0.003275806821013 0.03291615070283749
v 0.002187226399358866 0.0032757941848277072 0.033099477432736446
v 0.0015090932370757232 0.0036355866728489394 0.03295521320469286
v 0.001509099316749779 0.003635791235999525 0.033138539934591815
v 0.0007694561846947889 0.003853168908983101 0.033177602436447184
v 0.0007693578966308859 0.0038530218047128084 0.032994275706548226
v -8.570295001459331e-07 0.003926788039753382 0.033033338208403595
v -7.436370131797026e-07 0.003926744409151334 0.033216664938302554
v -0.0007705397971882744 0.003855634634045285 0.033072400710258965
v -0.0007704820402847437 0.003855435316103689 0.03325572744015792
v -0.0015086785079376774 0.0036383106052445546 0.033111463212114334
v -0.0015087408543990738 0.0036381582557652725 0.03329478994201329
v -0.002184915169543278 0.003274892008881536 0.0331505257139697
v -0.00218508444674248 0.0032749969130613232 0.03333385244386866
v -0.0027765096552688495 0.0027809199223545467 0.03337291494572403
v -0.0027764283545295143 0.002780754936689972 0.03318958821582507
v -0.003265230095504529 0.002181087835911172 0.03322865071768044
v -0.003633411341629894 0.0015012396094978009 0.03326771321953581
v -0.003265143311137614 0.0021811684213947358 0.0334119774475794
v -0.0038630632804857734 0.0007665590411932294 0.03330677572139118
v -0.0036332144078742024 0.0015011884687101545 0.03345103994943477
v -0.003933000274545517 9.633072173817834e-19 0.03477924893586115
v -0.003933000274545517 9.633072173817834e-19 0.0345959145765673
v -0.003852216903551531 -0.0007687009342049675 0.03463490078447373
v -0.0036342856226009856 -0.0015089497090842868 0.0346739632863291
v -0.003852106277325573 -0.000768589235095353 0.03481822751437269
v -0.0032756985789729465 -0.0021882575597624576 0.03471302578818447
v -0.0036340746221484588 -0.0015089102508075714 0.03485729001622806
v -0.0032756494647433188 -0.0021883817758480695 0.03489635251808343
v -0.0027840737234686996 -0.002779099834835236 0.03475208829003984
v -0.0038571347638162445 0.0007708462842862668 0.03474010251066195
v -0.002183471306559659 -0.003264537727917932 0.03479115079189521
v -0.0027842091452280615 -0.002779267443104305 0.0349354150199388
v -0.0021836105430164676 -0.0032645665765673737 0.03497447752179417
v -0.0007642405396106333 -0.0038596009657156094 0.03486927579560595
v -0.0015011604545257795 -0.0036295277412104476 0.035013540023649536
v -0.0015011180160166837 -0.0036296715076204744 0.03483021329375058
v -0.0007641660934057729 -0.0038593983099137474 0.035052602525504906
v -6.562930814418435e-08 -0.003939427086069036 0.03490833829746132
v 6.562930814418435e-08 -0.003939426609231855 0.035091665027360275
v 0.0007641661530104205 -0.0038593987867509283 0.034947400799316686
v 0.0015011605737350747 -0.003629527979629038 0.034986463301172055
v 0.0007642404800059857 -0.003859600727297019 0.035130727529215644
v 0.0015011178968073885 -0.0036296710307832936 0.03516979003107101
v 0.002183610781435058 -0.003264566814985964 0.035025525803027424
v 0.0021834710681410685 -0.0032645374894993417 0.03520885253292638
v 0.002784209383646652 -0.0027792676815228956 0.03506458830488279
v 0.002784073485050109 -0.0027790995964166454 0.03524791503478175
v 0.003275649703161909 -0.00218838201426666 0.03510365080673816
v 0.003275698340554356 -0.0021882575597624576 0.03528697753663712
v 0.003634074860567049 -0.0015089103700168666 0.03514271330859353
v 0.0036342853841823952 -0.0015089495898749916 0.03532604003849249
v 0.003852106754162754 -0.0007685892947000006 0.0351817758104489
v 0.0038522166651329404 -0.0007687008746003199 0.03536510254034786
v 0.003927281089398382 1.6426888376261357e-06 0.03522083831230427
v 0.0038513972204376468 0.0007654127842151096 0.034009900754787825
v 0.0038514575403410245 0.0007653086548957411 0.03419322748468678
v 0.0036291078860727077 0.0015064732551855337 0.034048963256643194
v 0.0032716578607024094 0.002189439162296608 0.034088025758498564
v 0.003628978663196697 0.0015063488006813314 0.03423228998654215
v 0.0032714585427608134 0.002189396485368922 0.03427135248839752
v 0.0027861524951586225 0.0027841664683003753 0.03412708826035393
v 0.002786139382136149 0.0027843228708956946 0.03431041499025289
v 0.0021876185979401164 0.003267594492665782 0.03434947749210826
v 0.0021874939050173237 0.0032674256923037603 0.0341661507622093
v 0.001503624749076421 0.0036275536352817217 0.03420521326406467
v 0.0015037489651620328 0.003627561741513796 0.03438853999396363
v 0.0007637297873852936 0.003853987400004033 0.03424427576592004
v -3.0720563667592288e-06 0.003935966440229005 0.03446666499767437
v -3.006794865565869e-06 0.003936164804496239 0.03428333826777541
v -0.0007674097783285164 0.0038635839866872634 0.03432240076963078
v 0.0007637716298479133 0.003853820506990735 0.034427602495819
v -0.0007675475842737825 0.003863637392451519 0.03450572749952974
v -0.0015016555307287988 0.0036346399126263584 0.03436146327148615
v -0.0015017375467239052 0.0036348358927076885 0.034544790001385106
v 0.003927194066612877 1.5382633576648566e-06 0.03540416504220323
v -0.002180677040679868 0.003265873587280088 0.03440052577334152
v -0.0021806262575201074 0.0032659925581567106 0.034583852503240475
v -0.002779743326610795 0.002776037824878397 0.034439588275196886
v -0.002779584778248162 0.0027759939558577584 0.034622915005095845
v -0.003274123824183184 0.0021838863933255903 0.034478650777052255
v -0.0036391054928250344 0.0015081800938743922 0.034517713278907625
v -0.003273983872470604 0.0021837268912885954 0.034661977506951214
v -0.0036392051517958324 0.0015080824614616128 0.03470104000880658
v -0.003856922332852175 0.0007708159455206351 0.034556775780762994
v -0.003933000274545517 9.633072173817834e-19 0.03602898959580658
v -0.003933000274545517 9.633072173817834e-19 0.03584565905121018
v -0.0038626360343717303 -0.0007699538238976553 0.035884900843845546
v -0.0036383165657093153 -0.0015041334151390945 0.035923963345700916
v -0.0032691008213200923 -0.0021806140981719957 0.035963025847556285
v -0.0036384488880270016 -0.0015042799233629112 0.036107290075599874
v -0.003862494175310427 -0.0007700419791714652 0.036068227573744505
v -0.003269279158425731 -0.0021806648813317564 0.03614635257745524
v -0.0027762364275642215 -0.0027769104369193554 0.036002088349411654
v -0.0038513969820190563 0.000765412724610462 0.035990102570033766
v -0.002776301754257998 -0.0027768124468786903 0.03618541507931061
v -0.0021811755739524485 -0.0032705926064403867 0.03604115085126702
v -0.0021810899816784857 -0.0032704095009629397 0.03622447758116598
v -0.0007705626853729552 -0.003861298982916622 0.03611927585497776
v -0.001505217623679056 -0.00363914220928796 0.03626354008302135
v -0.0015053703307862237 -0.0036392304241664175 0.03608021335312239
v -0.0007705032595392916 -0.0038614799426267554 0.03630260258487672
v -3.2432949313968733e-06 -0.003930116840112907 0.03615833835683313
v -3.2909884283695387e-06 -0.003930302568194849 0.03634166508673209
v 0.0007662137514696452 -0.003851139251522806 0.0361974008586885
v 0.0015073204756466119 -0.0036301783855437197 0.03623646336054387
v 0.0007660985356858219 -0.003851155463986955 0.03638072758858746
v 0.0015072092533741782 -0.0036300160224836397 0.03641979009044283
v 0.0021895888891713955 -0.003273046172154459 0.03627552586239924
v 0.0021895850744739487 -0.0032728611593282886 0.036458852592298197
v 0.002782932413676331 -0.00278604472995575 0.03631458836425461
v 0.003266319191625594 -0.0021865273560517373 0.03635365086610998
v 0.002783111466037741 -0.0027860797774885426 0.036497915094153566
v 0.0036276711756468016 -0.0015027771709874571 0.036392713367965346
v 0.0038552922649494337 -0.0007635431056289901 0.036431775869820715
v 0.003627636128114009 -0.0015028882740505956 0.036576040097864304
v 0.003266459143338174 -0.002186666592508546 0.036536977596008935
v 0.0038551017684956834 -0.0007635563378607588 0.03661510259971967
v 0.00393748635874297 2.4259906483120445e-06 0.036470838371676084
v 0.003857135002234835 0.0007708463438909144 0.03525990081415964
v 0.0038569220944335847 0.0007708158859159875 0.0354432275440586
v 0.003639205390214423 0.001508082580670908 0.03529896331601501
v 0.003639105254406444 0.001508179974665097 0.03548229004591397
v 0.0032739841108891943 0.0021837268912885954 0.03533802581787038
v 0.0032741235857645934 0.002183886154907 0.035521352547769336
v 0.0027795850166667524 0.002775994194276349 0.03537708831972575
v 0.0027797430881922047 0.002776037824878397 0.035560415049624705
v 0.002180626495938698 0.003265992796575301 0.035416150821581116
v 0.0021806768022612777 0.0032658731104429073 0.035599477551480074
v 0.0015017376659332005 0.0036348363695448693 0.035455213323436485
v 0.0015016554115195035 0.003634639674207768 0.035638540053335444
v 3.0720565995898835e-06 0.003935966917066186 0.035533338327147224
v 0.0007674097187238688 0.003863583748268673 0.03567760255519081
v 0.0007675476438784301 0.0038636376308701093 0.035494275825291854
v 3.006794632735214e-06 0.0039361643276590585 0.03571666505704618
v -0.0007637716894525609 0.0038538207454093254 0.03557240082900259
v -0.000763729727780646 0.0038539871615854426 0.03575572755890155
v -0.001503749084371328 0.0036275619799323866 0.03561146333085796
v -0.0015036246298671258 0.0036275533968631313 0.03579479006075692
v 0.003937316366287996 2.5173203352683513e-06 0.03665416510157504
v -0.0021876185979401164 0.0032675947310843723 0.03565052583271333
v -0.0021874936665987332 0.00326742545388517 0.03583385256261229
v -0.0027861396205547395 0.002784323109314285 0.0356895883345687
v -0.002786152256740032 0.002784166229881785 0.03587291506446766
v -0.003271458781179404 0.0021893967237875123 0.03572865083642407
v -0.0036289789016152874 0.0015063489198906266 0.03576771333827944
v -0.003271657622283819 0.002189439162296608 0.03591197756632303
v -0.003629107409235527 0.0015064731359762384 0.0359510400681784
v -0.003851457778759615 0.0007653087145003887 0.03580677584013481
v -0.003933000274545517 9.633072173817834e-19 0.03709583840136199
v -0.0038579041406075487 -0.0007637473707563375 0.03713490090321736
v -0.003933000274545517 9.633072173817834e-19 0.03727916513126095
v -0.0036286234194969624 -0.0015015848396167375 0.03717396340507273
v -0.003264946377381922 -0.002184651478582267 0.0372130259069281
v -0.0036287338073043296 -0.0015015142677139715 0.03735729013497169
v -0.003858112518455581 -0.0007637925510792232 0.03731822763311632
v -0.003264876282316337 -0.002184504851149155 0.03739635263682706
v -0.0027805463204233494 -0.0027850843798735148 0.03725208840878347
v -0.0038608097479690684 0.0007647868162059465 0.03724010262940558
v -0.0021891029920841076 -0.003275031483756935 0.03729115091063884
v -0.0027803634533644928 -0.00278497542257769 0.037435415138682426
v -0.0021890224066005437 -0.0032751430636572543 0.037474477640537796
v -0.0015085029126458288 -0.0036325740155403186 0.037330213412494206
v -0.0015085715771998714 -0.0036327776250165422 0.037513540142393165
v -0.000767867840045372 -0.003851546947312434 0.037552602644248534
v -0.0007677489883780447 -0.003851478521176982 0.037369275914349576
v 2.339680324610035e-06 -0.003928073354374367 0.037408338416204945
v 2.249966715228089e-06 -0.003927946515684261 0.0375916651461039
v 0.0007709439166990462 -0.003858687107258507 0.037447400918060314
v 0.0007709434398618653 -0.003858472053689943 0.03763072764795927
v 0.0015072452545813325 -0.003639649564048386 0.03748646341991568
v 0.0015073741198294577 -0.003639618808050221 0.03766979014981464
v 0.002182649477678461 -0.0032728690271417726 0.03752552592177105
v 0.0021827896678096315 -0.003273032820713395 0.03770885265167001
v 0.002775836838006668 -0.0027784944900341446 0.03756458842362642
v 0.0027758418447970667 -0.002778638494862762 0.03774791515352538
v 0.0032669712664704087 -0.002180397137254708 0.03760365092548179
v 0.0036362170516020254 -0.001502448510960555 0.03764271342733716
v 0.0032668244006187064 -0.0021804140649746284 0.03778697765538075
v 0.0038637380050966785 -0.0007685196168669486 0.03768177592919253
v 0.003636031085101493 -0.0015023383615717784 0.03782604015723612
v 0.0038637558864909605 -0.0007683893807119285 0.03786510265909149
v 0.003934470363574083 -3.425682591935437e-06 0.0377208384310479
v 0.0039346823177009715 -3.3893272493553176e-06 0.03790416516094686
v 0.0038629519390040445 0.0007664254671779433 0.03650990087353145
v 0.003633214884711383 0.0015011885879194498 0.03654896337538682
v 0.0032651435495562042 0.002181168659813326 0.03658802587724219
v 0.0036334111032113037 0.0015012394902885057 0.03673229010528578
v 0.0038630628036485926 0.0007665589219839342 0.03669322760343041
v 0.0032652298570859384 0.002181087835911172 0.03677135260714115
v 0.00277650989368744 0.002780920160773137 0.03662708837909756
v 0.002776428116110924 0.002780754936689972 0.03681041510899652
v 0.00218508444674248 0.003274997389898504 0.03666615088095293
v 0.0021849149311246874 0.0032748917704629454 0.03684947761085189
v 0.001508740973608369 0.003638158494183863 0.0367052133828083
v 0.0015086783887283822 0.003638310366825964 0.03688854011270726
v 0.0007705397375836268 0.0038556343956266947 0.03692760261456263
v 0.0007704820998893913 0.0038554355545222796 0.03674427588466367
v 7.436370713873662e-07 0.0039267448859885146 0.03678333838651904
v 8.570294419382694e-07 0.003926787801334791 0.036966665116417996
v -0.0007694562442994365 0.0038531691474016916 0.03682240088837441
v -0.0007693578370262383 0.003853021566294218 0.037005727618273365
v -0.0015090994359590743 0.0036357917128367057 0.036861463390229776
v -0.001509093117866428 0.003635586434430349 0.037044790120128734
v -0.002187226399358866 0.0032757944232462977 0.036900525892085145
v -0.0021873806561868714 0.0032758065825944094 0.037083852621984104
v -0.0027781254180561654 0.0027831665407321293 0.03712291512383947
v -0.0027779816516461386 0.0027830127607413047 0.036939588393940515
v -0.0032644969583389694 0.0021825188242909077 0.036978650895795884
v -0.0036308187778776035 0.0015009361026321888 0.03701771339765125
v -0.003264484560572267 0.002182643755632291 0.03716197762569484
v -0.003860993807120877 0.0007648872500371634 0.03705677589950662
v -0.0036306490238412203 0.0015009476659338244 0.03720104012755021
v -0.003933000274545517 9.633072173817834e-19 0.03852931014913574
v -0.003933000274545517 9.633072173817834e-19 0.03834597960453934
v -0.00385120314770504 -0.0007670694953953311 0.038384900962589175
v -0.003631460123885849 -0.0015080465794637538 0.038423963464444544
v -0.0038511747758927795 -0.0007669493324257565 0.03856822769248813
v -0.0032742680674303914 -0.002189440831226741 0.03846302596629991
v -0.003631272011618003 -0.0015079547883064398 0.0386072901943435
v -0.0032741128569280242 -0.0021894796934569805 0.03864635269619887
v -0.0027856143844000314 -0.0027815979848257177 0.03850208846815528
v -0.003860087339640078 0.0007708364495194117 0.038490102688777394
v -0.002185485228392986 -0.003265445149073093 0.03854115097001065
v -0.0027856911551861485 -0.002781784666582021 0.03868541519805424
v -0.002185631855826098 -0.003265550530090061 0.03872447769990961
v -0.00076357100060407 -0.0038567299290497015 0.03861927597372139
v -0.0015021401165138393 -0.003628016882602919 0.03876354020176498
v -0.0015020478485193445 -0.0036280931765518554 0.03858021347186602
v -0.0007635539536748545 -0.0038565251274805257 0.03880260270362035
v 1.6757303014977289e-06 -0.003938543745191508 0.03865833847557676
v 1.7882424557584905e-06 -0.0039384166680828114 0.03884166520547572
v 0.0007655129200230884 -0.003861959640830692 0.03869740097743213
v 0.0015009543416543564 -0.003631830626375371 0.0387364634792875
v 0.0007656325465508346 -0.0038621143744958786 0.038880727707331086
v 0.0015009724614672287 -0.0036320168312944934 0.038919790209186456
v 0.002181860550562742 -0.0032646710039099802 0.038775525981142867
v 0.0021817539774528216 -0.003264719641302427 0.038958852711041825
v 0.002782110346376543 -0.002777242792434409 0.038814588482998236
v 0.0027819467912235107 -0.002777126444162281 0.038997915212897194
v 0.0032755822307008187 -0.0021863084877857264 0.038853650984853605
v 0.003275520718704489 -0.002186140402679476 0.03903697771475256
v 0.003636907273421308 -0.001509043288381029 0.038892713486708974
v 0.0036370939551776116 -0.0015090168239174917 0.03907604021660793
v 0.0038540872973934215 -0.0007699665196875954 0.03893177598856434
v 0.0038542630118945653 -0.0007700475224036926 0.0391151027184633
v 0.0039266166167868655 9.081011807435733e-08 0.03897083849041971
v 0.003852875892535468 0.0007641142969670028 0.037943227662802226
v 0.0038527407091946964 0.000764181829032741 0.03775990093290327
v 0.003627801352197174 0.0015046771287345606 0.03779896343475864
v 0.003268904602820172 0.002188434227937963 0.037838025936614006
v 0.003627749138525871 0.0015045462369284168 0.037982290164657595
v 0.002785303486558116 0.002785827530619872 0.037877088438469375
v 0.0032687150600407833 0.002188331231106899 0.038021352666512964
v 0.002785185946193036 0.002785894049406601 0.03806041516836833
v 0.0021889456358144266 0.003270011103498338 0.037916150940324744
v 0.0015054205178995084 0.0036282045180335842 0.037955213442180114
v 0.0021890221681819533 0.003270210421439934 0.0380994776702237
v 0.0015055511712870617 0.0036282944018421748 0.03813854017207907
v 0.0007646223073785527 0.003852066461420972 0.03799427594403548
v -3.5623565145583578e-06 0.0039330429514732035 0.03821666517578981
v -3.5535569127941448e-06 0.003933257528204587 0.03803333844589085
v -0.0007692114480117168 0.003863437597672742 0.03807240094774622
v 0.0007647096281872962 0.00385196441826427 0.03817760267393444
v -0.0007693243988189311 0.003863352005398779 0.03825572767764518
v -0.001503133725989439 0.0036372160254959096 0.03811146344960159
v -0.0015032644985862875 0.003637381487997665 0.03829479017950055
v 0.003926614471019552 -2.544819047125769e-08 0.03915416522031867
v -0.002180391892045719 0.003267858898882564 0.03815052595145696
v -0.002180407150835506 0.003268024122965729 0.03833385268135592
v -0.00277773035845183 0.0027759076483280243 0.03818958845331233
v -0.0027776054271104467 0.002775937212233237 0.03837291518321129
v -0.0032718974713857873 0.0021819208704661197 0.0382286509551677
v -0.003639640980979131 0.00150645716193068 0.03826771345702307
v -0.0032717196111173297 0.002181804522193992 0.038411977685066656
v -0.0036396090328880137 0.0015063101768696824 0.038451040186922025
v -0.003859882299652312 0.0007708649405409676 0.038306775958878436
v -0.003933000274545517 9.633072173817834e-19 0.039779024106199046
v -0.003933000274545517 9.633072173817834e-19 0.03959569356160264
v -0.003860202018982073 -0.000770818687334425 0.03963490102196099
v -0.003859997694250078 -0.0007708494433325899 0.03981822775185995
v -0.003639587813633466 -0.0015062269687816238 0.03967396352381636
v -0.0036396240532592106 -0.0015063746690983926 0.039857290253715316
v -0.0032716192368907604 -0.0021817411028489386 0.03971302602567173
v -0.0032717973355778085 -0.0021818548285165718 0.039896352755570685
v -0.0027775370009749945 -0.0027759565241390616 0.039752088527527096
v -0.00385118621998512 0.0007670019037249454 0.03974010274814921
v -0.0027776595481304733 -0.002775923622373583 0.039935415257426055
v -0.0021804181180906657 -0.003268118536727538 0.039791151029382466
v -0.002180399759859203 -0.0032679514052956493 0.039974477759281424
v -0.0007693866260710322 -0.003863300506983247 0.039869276033093204
v -0.0015032069204966997 -0.0036373094855833565 0.04001354026113679
v -0.0015033394812329764 -0.0036374730407363887 0.039830213531237835
v -0.0007692752845893033 -0.003863390629210428 0.04005260276299216
v -3.565492044985374e-06 -0.003932923026922219 0.03990833853494857
v -3.5590126006953735e-06 -0.003933136649979241 0.04009166526484753
v 0.0007647599941145236 -0.0038519100588256527 0.03994740103680394
v 0.0015056246042129129 -0.0036283480460250206 0.03998646353865931
v 0.0007646710043756472 -0.003852008287284908 0.0401307277667029
v 0.0015054939508253595 -0.003628254109100393 0.04016979026855827
v 0.002189063414598097 -0.0032703231934332055 0.04002552604051468
v 0.002188989027997884 -0.003270122921817248 0.04020885277041364
v 0.0027851172816389935 -0.0027859283816836222 0.04006458854237005
v 0.003268609679023815 -0.0021882721032964736 0.04010365104422542
v 0.0027852381598643394 -0.0027858659160129307 0.04024791527226901
v 0.003627722912480924 -0.001504473042421156 0.04014271354608079
v 0.0038529545706703083 -0.0007640778189226677 0.04018177604793616
v 0.00362777107303619 -0.001504603457390119 0.040326040275979746
v 0.0032687975528730706 -0.0021883767690576705 0.04028697777412438
v 0.003852816049469271 -0.0007641433840350348 0.040365102777835116
v 0.0039348015269961845 3.367084471249301e-06 0.04022083854979153
v 0.0038543638629583155 0.0007700919278661594 0.03900990099227508
v 0.003854185525852677 0.0007700124152662524 0.03919322772217404
v 0.003637197667264447 0.0015090000154068667 0.03904896349413045
v 0.0036370126544382764 0.0015090289832656034 0.03923229022402941
v 0.0032754835254043824 0.0021860459889176675 0.03908802599598582
v 0.003275548375260978 0.0021862140740239178 0.03927135272588478
v 0.0027818547616476064 0.0027770632632358183 0.03912708849784119
v 0.0027820183168006385 0.002777176750484861 0.03931041522774015
v 0.0021816958033167577 0.003264749920463411 0.03916615099969656
v 0.0021818002306593642 0.0032646974683735175 0.03934947772959552
v 0.001500984978443226 0.003632122927567233 0.03920521350155193
v 0.0015009639976072686 0.0036319350537179773 0.039388540231450886
v 1.8503860052392648e-06 0.003938342758319779 0.039283338505262666
v 0.0007655798560423505 0.0038620471404533785 0.039427602733306255
v 0.0007657009726862868 0.003862199728351251 0.0392442760034073
v 1.7392970283554348e-06 0.003938472934870152 0.039466665235161624
v -0.0007635463242799609 0.0038564109249757117 0.039322401007118035
v -0.0007635608678139769 0.0038566145344519354 0.039505727737016993
v -0.0015021934030687994 0.0036279768282797276 0.039361463508973404
v -0.0015020992277255812 0.0036280495459498074 0.03954479023887236
v 0.003934589572869296 3.405746699956314e-06 0.040404165279690485
v -0.002185714348658385 0.003265612518923572 0.039400526010828774
v -0.0021855677212252733 0.0032655038000463377 0.03958385274072773
v -0.0027857321631837018 0.002781889809180399 0.03943958851268414
v -0.0027856580150020793 0.002781702889005505 0.0396229152425831
v -0.003274023688375205 0.0021894992437813954 0.03947865101453951
v -0.003631167822693987 0.0015079019785886605 0.03951771351639488
v -0.0032741812830634764 0.0021894634809928315 0.03966197774443847
v -0.003631353789194519 0.0015079953194668122 0.03970104024629384
v -0.0038511619012888965 0.0007668820387786088 0.03955677601825025
v -0.003933000274545517 9.633072173817834e-19 0.040845838579477434
v -0.003860705320626462 -0.000764731920325501 0.0408849010813328
v -0.003933000274545517 9.633072173817834e-19 0.04102916530937639
v -0.003630555325335183 -0.0015009562490030798 0.04092396358318817
v -0.00326448050745623 -0.002182715519628009 0.04096302608504354
v -0.003630722695185662 -0.0015009419438876542 0.04110729031308713
v -0.0038608905718712228 -0.0007648303872033468 0.04106822781123176
v -0.0032644890905254853 -0.0021825886809379025 0.0411463528149425
v -0.002778208149307043 -0.002783252609843273 0.04100208858689891
v -0.003858021204135448 0.0007637722258943894 0.04099010280752102
v -0.0027780617602925217 -0.0027830993066896292 0.04118541531679787
v -0.002187466010042244 -0.003275810397291856 0.04104115108875428
v -0.0021873134221443713 -0.0032758022910597817 0.04122447781865324
v -0.0015090876342388482 -0.0036354708014139925 0.04108021359060965
v -0.001509096455726694 -0.0036356763182389396 0.04126354032050861
v -0.0007694011696050482 -0.003853085462476452 0.041302602822363976
v -0.0007693016298435454 -0.003852940980810654 0.04111927609246502
v 9.204030939755547e-07 -0.00392681521947269 0.04115833859432039
v 8.074868621135391e-07 -0.003926768012591786 0.041341665324219345
v 0.0007705706723957345 -0.0038557478828757374 0.041197401096175756
v 0.0007705148824455749 -0.0038555468960040085 0.041380727826074715
v 0.001508641314637571 -0.0036383933364954324 0.041236463598031126
v 0.0015087064029127573 -0.0036382445632950067 0.041419790327930084
v 0.0021848202789442883 -0.003274830496885206 0.041275526099886495
v 0.00218498907930631 -0.003274938500506669 0.04145885282978545
v 0.002776384962346057 -0.0027806624302768868 0.041314588601741864
v 0.0027764631636437165 -0.0027808269391042806 0.04149791533164082
v 0.0032652808786642895 -0.002181044205309124 0.04135365110359723
v 0.0036335219678558517 -0.0015012702462866706 0.0413927136054526
v 0.00326519147169288 -0.002181122645025374 0.04153697783349619
v 0.0038631226467147894 -0.000766634679491042 0.04143177610730797
v 0.0036333247956815695 -0.00150121672131312 0.04157604033535156
v 0.0038630151199305074 -0.0007665003902199846 0.04161510283720693
v 0.003937219329921693 -2.5672008105807333e-06 0.04147083860916334
v 0.00393739122972539 -2.4777696247829542e-06 0.0416541653390623
v 0.0038637616085371307 0.0007683153517396013 0.040259901051646896
v 0.0036359259425031154 0.0015022781608776958 0.040298963553502265
v 0.003266743576716552 0.0021804259859041497 0.040338026055357634
v 0.003636112624259419 0.0015023860452898635 0.04048229028340122
v 0.0038637492107704285 0.0007684466011736307 0.040443227781545854
v 0.00326688805838235 0.0021804061971611444 0.04052135278525659
v 0.0027758473284246465 0.0027787207492764587 0.040377088557213
v 0.0027758389837739816 0.0027785750755177085 0.04056041528711196
v 0.002182870014874605 0.0032731241350335283 0.04041615105906837
v 0.002182727917394711 0.0032729612951362674 0.04059947778896733
v 0.0015074451685694046 0.0036395975887956733 0.04045521356092374
v 0.0015073180914607076 0.003639633351584237 0.0406385402908227
v 0.0007709441551176366 0.003858565990614571 0.04067760279267807
v 0.0007709414133038467 0.0038583514138831876 0.04049427606277911
v 2.19848320085801e-06 0.003927878089548809 0.04053333856463448
v 2.289536052165863e-06 0.003928001351960059 0.04071666529453344
v -0.0007679345376460436 0.0038515886705657587 0.04057240106648985
v -0.0007678158647926592 0.0038515161913142693 0.04075572779638881
v -0.0015086086512906827 0.0036328932580328988 0.04061146356834522
v -0.0015085418940853634 0.0036326882180451325 0.04079479029824418
v -0.0021889747228824585 0.003275202906723451 0.04065052607020059
v -0.002189058407807698 0.0032750951415205787 0.040833852800099546
v -0.0027802614102077905 0.0027849124800698177 0.04068958857205596
v -0.0032648395658534113 0.0021844228351540484 0.040728651073911326
v -0.002780443085173695 0.002785023583132956 0.040872915301954915
v -0.003628798418742335 0.0015014763591580937 0.040767713575766695
v -0.00326490608464014 0.0021845689857499795 0.040911977803810284
v -0.003628684693074702 0.0015015446660842507 0.040951040305665654
v -0.003858230058820661 0.0007638198500078269 0.040806776077622064
v -0.003933000274545517 9.633072173817834e-19 0.04227934084483076
v -0.003933000274545517 9.633072173817834e-19 0.0420960141149318
v -0.0038513657491837106 -0.0007654722100487732 0.04213490114070462
v -0.003629182511091511 -0.0015065425157860524 0.042173963642559986
v -0.003851422492808232 -0.0007653672462643382 0.042318227870603575
v -0.0032717694406027287 -0.0021894610968069272 0.042213026144415355
v -0.0036290501887738247 -0.0015064194917933926 0.042357290372458944
v -0.003271570361079723 -0.002189421757739507 0.042396352874314314
v -0.00278615678669325 -0.0027840765844917847 0.042252088646270725
v -0.003862556879399709 0.0007700040110109399 0.04224010286689284
v -0.0021874226178587863 -0.0032673322322163134 0.042291151148126094
v -0.002786147249949633 -0.002784235848110189 0.04243541537616968
v -0.0021875487412931216 -0.003267498886811021 0.04247447787802505
v -0.000763707912479622 -0.003854082529021613 0.04236927615183683
v -0.001503679108515038 -0.003627555542630445 0.04251354037988042
v -0.0015035556076851975 -0.003627551489514408 0.04233021364998146
v -0.0007637480264074611 -0.0038539125365666393 0.04255260288173579
v 2.9683799030141606e-06 -0.003936274477047835 0.0424083386536922
v 3.0353541065035873e-06 -0.003936076828036372 0.04259166538359116
v 0.0007673322326819804 -0.0038635498928288325 0.04244740115554757
v 0.0015016110656616843 -0.003634529286400401 0.04248646365740294
v 0.0007674697406040085 -0.003863607351709125 0.04263072788544653
v 0.001501690935889477 -0.0036347257433189117 0.0426697903873019
v 0.002180707319840852 -0.0032658082605863115 0.04252552615925831
v 0.002180654629332368 -0.003265926039369982 0.04270885288915727
v 0.0027798332104193857 -0.0027760652430162958 0.04256458866111368
v 0.002779674423638162 -0.002776019943484115 0.042747915391012636
v 0.003274200594969301 -0.0021839772308085426 0.04260365116296905
v 0.0036390456497588375 -0.0015082330228014668 0.042642713664824416
v 0.0032740637426983965 -0.002183818444027319 0.042786977892868006
v 0.003639150553938625 -0.0015081395627140198 0.042826040394723375
v 0.0038568033619755526 -0.0007707971104519915 0.042681776166679786
v 0.0038570150776838508 -0.0007708297737988798 0.042865102896578744
v 0.003927148051824925 -1.4785456707755342e-06 0.042720838668535155
v 0.0038551847381651516 0.0007635500197681125 0.04169322784091767
v 0.003854996387478715 0.000763565695790433 0.04150990111101871
v 0.0036276194388126792 0.0015029519318142393 0.04154896361287408
v 0.0032665402056589188 0.0021867445553876153 0.04158802611472945
v 0.0036276504332294346 0.0015028393982395583 0.04173229034277304
v 0.00278321160184572 0.0027860969436270533 0.04162708861658482
v 0.0032663971545046633 0.0021866057957679874 0.04177135284462841
v 0.0027830332647400813 0.0027860652339545267 0.041810415346483776
v 0.002189580782939321 0.003272756255148501 0.04166615111844019
v 0.0015071459532384202 0.003629927092349411 0.041705213620295556
v 0.002189587458659853 0.003272942460067624 0.041849477848339145
v 0.0015072582483945107 0.0036300863559678154 0.041888540350194514
v 0.0007660344010849973 0.003851167861753657 0.041744276122150925
v -3.2704869907301186e-06 0.003930220552199742 0.04196666535390525
v -3.3162244773725423e-06 0.003930408902886179 0.041783338624006294
v -0.0007704680927972038 0.0038615803168533247 0.041822401125861663
v 0.0007661488420084017 0.0038511473577548805 0.04192760285204988
v -0.0007705297240028289 0.0038614010260733245 0.04200572785576062
v -0.001505131912195798 0.0036390899956166567 0.04186146362771703
v 0.003927230544657212 -1.5821667208247808e-06 0.04290416539843411
v -0.0021810444437277143 0.0032703069809690566 0.0419005261295724
v -0.0021811269365600017 0.0032704896096093228 0.04208385285947136
v -0.0015052843808843752 0.00363918154835538 0.04204479035761599
v -0.0027763410933254185 0.0027767597563702062 0.04193958863142777
v -0.0027762726671899662 0.002776854885387786 0.04212291536132673
v -0.003269380486326662 0.0021806958757485118 0.04197865113328314
v -0.003638521367278491 0.001504363250660265 0.04201771363513851
v -0.003269200957128071 0.002180642231565666 0.0421619778631821
v -0.0036383916675652994 0.0015042159079713818 0.04220104036503747
v -0.00386241192089673 0.0007700900801220836 0.04205677613699388
v -0.003933000274545517 9.633072173817834e-19 0.04352908531947364
v -0.003933000274545517 9.633072173817834e-19 0.043345750960179785
v -0.0038572539731114575 -0.0007708663710525102 0.04338490120007643
v -0.0038570284291249146 -0.0007708660730292721 0.04356822792997539
v -0.0036392568886299548 -0.0015080297709531287 0.0434239637019318
v -0.0036391510307758057 -0.0015081541062480358 0.04360729043183076
v -0.0032739035254056303 -0.002183639391665909 0.04346302620378717
v -0.0032740420466066678 -0.002183805092586255 0.04364635293368613
v -0.0027794970402068853 -0.0027759689219057637 0.04350208870564254
v -0.0038521494310904403 0.0007686269052326403 0.04349010292626465
v -0.00277966202587146 -0.002775992525346216 0.0436854154355415
v -0.002180601461986703 -0.003266055023827402 0.04354115120749791
v -0.0021806670270990702 -0.003265892660767322 0.043724477937396866
v -0.0007676269180597467 -0.0038636557506829816 0.043619276211208646
v -0.0015017265794687457 -0.003634687357925853 0.043763540439252235
v -0.001501787853046485 -0.0036349372206086195 0.04358021370935328
v -0.0007675101525550856 -0.003863558475898088 0.043802602941107605
v -3.1076820180674786e-06 -0.00393585152246842 0.043658338713064015
v -3.052227344050619e-06 -0.003936033197434324 0.043841665442962974
v 0.0007637981539160982 -0.0038537339610424104 0.043697401214919385
v 0.001503822398087884 -0.003627582245512573 0.043736463716774754
v 0.0007637667422668096 -0.0038539273185192457 0.04388072794481834
v 0.001503730010884094 -0.0036276454264390356 0.04391979044667371
v 0.002187691792447377 -0.003267708695170596 0.04377552621863012
v 0.0021876131143125366 -0.0032676407458723244 0.04395885294852908
v 0.002786132706415617 -0.0027844253908895777 0.04381458872048549
v 0.002786191357388862 -0.0027843669783349234 0.04399791545038445
v 0.003271347916534856 -0.0021893766966259165 0.04385365122234086
v 0.0036289066607823883 -0.00150626964570931 0.04389271372419623
v 0.003271564639033553 -0.002189462050481289 0.04403697795223982
v 0.0036290108497064044 -0.001506344628355999 0.04407604045409519
v 0.0038514890115949607 -0.0007652269965285202 0.0439317762260516
v 0.003851363841834987 -0.0007651897436237662 0.04411510295595056
v 0.003931839891265915 3.5684664565993293e-06 0.04397083872790697
v 0.0038522812765709458 0.0007687636382942495 0.042759901170390524
v 0.00385216612039177 0.0007686559326960246 0.04294322790028948
v 0.003634403878221837 0.001508970570710949 0.04279896367224589
v 0.003275721943994808 0.00218818603418533 0.04283802617410126
v 0.003634191208839177 0.00150893743052688 0.04298229040214485
v 0.0032756766444626273 0.002188315972317112 0.04302135290400022
v 0.002783995999008221 0.0027790068515849697 0.04287708867595663
v 0.0027841330896977157 0.0027791730293424965 0.04306041540585559
v 0.0021835332953931696 0.0032645458341500067 0.04309947790771096
v 0.00218339358209918 0.003264523184383916 0.042916151177812
v 0.0015010960815063645 0.0036297528083598096 0.04295521367966737
v 0.001501138877643346 0.003629600697299118 0.04313854040956633
v 0.0007642844086312717 0.003859712784034519 0.04299427618152274
v 1.1015164614269388e-08 0.0039394211256042755 0.04321666541327707
v 1.396235814278967e-07 0.0039394211256042755 0.04303333868337811
v -0.0007641259794779337 0.0038592841074089335 0.04307240118523348
v 0.0007642109757054205 0.0038595036909307157 0.0431776029114217
v -0.0007641976838690043 0.0038594858095364337 0.043255727915132436
v -0.0015011865613614311 0.0036294502551685592 0.04311146368708885
v -0.001501143884433745 0.0036295964057644903 0.043294790416987805
v 0.003931547113236872 3.74827505197564e-06 0.04415416545780593
v -0.00218369017482567 0.0032645877958219216 0.043150526188944216
v -0.002183554753066308 0.0032645665765673737 0.043333852918843174
v -0.002784284962339817 0.00277936543314497 0.043189588690799585
v -0.0027841569315567583 0.0027792104610611934 0.04337291542069854
v -0.0032756189471637442 0.0021884516324950642 0.043228651192654954
v -0.003275677598136989 0.002188342198362059 0.04341197792255391
v -0.003633956604946198 0.0015088867665764144 0.043267713694510324
v -0.003634168320654496 0.0015089314700621193 0.04345104042440928
v -0.0038520466726779667 0.0007685241468201667 0.04330677619636569
v 0.0014751848683081797 0.0028653007914594686 0.04478199599299737
v 0.0006485676477448535 0.0031605555128197405 0.044836588128158716
v 0.0014751848683081797 0.0028653007914594686 0.04500000213738531
v -0.0002298373391122592 0.0032107740973583154 0.044891058193001765
v -0.0010938426775727178 0.0030287555702650237 0.04494553207254226
v -0.000983393835046406 0.0030690478352098094 0.04500000213738531
v -5.730481624840339e-07 0.0032227501015739957 0.04500000213738531
v 0.0009823023547394366 0.0030693973568633737 0.04500000213738531
v -0.0018755701479074294 0.0026272083576653338 0.04500000213738531
v 0.0018715866500985945 0.002623601084392191 0.04500000213738531
v 0.0032215596775519995 3.0713839518284184e-06 0.04456423017454858
v 0.00310773601987821 0.0008728754935009853 0.04461870023939163
v 0.0032274564845490017 -3.4769439858609204e-07 0.04481077407053613
v 0.002751703869865174 0.0016746706565918396 0.04467317030423468
v 0.002191321953905201 0.0023561547921634174 0.04472764418377517
v 0.0028601688313005524 0.0014698602659281995 0.04490539001130944
v 0.0031311310824823357 0.0007545481682586994 0.04485808394827151
v 0.0024338828289210968 0.0021060555981554374 0.044952696074347376
v -0.0032227501015739957 -3.4949453846471186e-16 0.04393914622151884
v -0.002981966398731134 -0.0012358005633818225 0.04401735514857341
v -0.0031652714325383635 -0.0006280721724328392 0.04422483654270559
v -0.0032227501015739957 -3.4949453846471186e-16 0.04418564434113703
v -0.002977023266095835 -0.0012300210583313098 0.04426389904456096
v -0.00268279136048849 -0.0017894374982093536 0.04405641765042878
v -0.0029725488644093134 0.0012312186349110188 0.044107649037139485
v -0.0017906545059041823 -0.0026832317196250066 0.04438108655012707
v -0.0022776902803799126 -0.002274683345117462 0.04409548015228415
v -0.0012305337775100206 -0.0029783088191354112 0.04417360515599489
v -0.0022752312310382605 -0.002278430570103185 0.0443420240482717
v -4.596867293063757e-07 -0.003218040619157314 0.04449827405569318
v -0.0006289075315690437 -0.0031658486439457845 0.04421266765785026
v -2.5010338309711957e-06 -0.0032252353769605946 0.04425173015970563
v -0.0012363645425574749 -0.0029808451161003613 0.04442014905198244
v 0.0012321754087143977 -0.002972538612409925 0.044329855163416365
v 0.0012367541185342307 -0.0029800540432173284 0.044576399059403915
v 0.001792288626922961 -0.0026846665227021893 0.044615461561259284
v 0.0026807614646096045 -0.0017940728324444127 0.04444704266898247
v 0.002973657272436203 -0.0012343179573772595 0.04448610517083784
v 0.0029749156457564707 -0.001228526292978635 0.04473264906682539
v 0.0022830403935490684 -0.002281545747405689 0.044407980167127103
v 0.002276235450141134 -0.0022801834235799956 0.04465452406311465
v 0.003163478286319771 -0.0006254720984949502 0.04477171156868076
v 0.0032180224993444417 -1.2964474187407784e-06 0.043314230115176766
v 0.002977902315438735 0.0012364423862272489 0.043392355118887505
v 0.003165149600638656 0.0006308939160551766 0.043599836513019685
v 0.003221799526653968 2.9240466180503093e-06 0.043560774011164316
v 0.0029812170491014256 0.001232450543767749 0.043638899014875054
v 0.0026841307961295024 0.0017931339400353158 0.043431417620742874
v 0.002281353820440396 0.002277289737147997 0.04347048012259824
v 0.0012300521719573604 0.0029741407853375867 0.04354860512630898
v 0.002274863112734643 0.0022754455693510534 0.04371702401858579
v 9.025965001794224e-09 0.003228011523027513 0.04362673013001972
v 0.0006314404906737278 0.003163887174202351 0.0438342115241519
v 0.0012336017479316203 0.0029820181355652564 0.04379514902229653
v 2.629695585104142e-06 0.0032203230003234606 0.04387327402600727
v -0.0012300563442826928 0.0029741372090587304 0.04370485513373046
v -0.0012351910462553989 0.002974790952833678 0.04395139902971801
v -0.0022802992950149426 0.0022829559933680577 0.044029524033428746
v -0.0022813736091834014 0.0022773202547275717 0.043782980137441196
v -0.002684131749803864 0.001793155278499159 0.043822042639296566
v -0.0029778834803700915 0.0012364376178554404 0.043861105141151935
v -0.0017941999095531097 0.002682160981735404 0.04399046153157338
v -0.0032227501015739957 -3.4949453846471186e-16 0.04268940556157341
v -0.002973689697364501 -0.0012343791117457037 0.0427673550892016
v -0.0032227501015739957 -3.4949453846471186e-16 0.04293569005813458
v -0.002982053183098049 -0.0012356987586437107 0.04301389898518915
v -0.002680766232981413 -0.0017940398114696388 0.04280641759105697
v -0.002682678111658038 -0.0017893018380314013 0.04305296148704452
v -0.0031650280071575387 0.0006309510173075836 0.04265016758363549
v -0.002283004392341914 -0.0022814379822028164 0.042845480092912336
v -0.0006290031970284521 -0.0031659282757549867 0.04320921149446599
v -0.0012321336854610732 -0.0029724649410654835 0.042923605096623074
v 2.4872076482023895e-06 -0.003225271378167749 0.04300173010033381
v -0.002277555097039141 -0.0022746640332116375 0.043092023988899886
v -2.5464739928675512e-06 -0.003225086603760169 0.04324827399632136
v 0.0006288744509896221 -0.0031658889366875664 0.04304079260218918
v -0.0012305839646233052 -0.002978513620704587 0.043170148992610624
v 0.0012322511066168579 -0.0029724868755758027 0.0433263990000321
v 0.0012305045712326934 -0.0029783402903893474 0.04307985510404455
v 0.002277700532379301 -0.002274705756464962 0.04315798010775529
v 0.002282992471412393 -0.002281593431123774 0.04340452400374284
v 0.002682809241882772 -0.0017894484654645132 0.04319704260961066
v 0.0026805838427597373 -0.0017940030950067132 0.04344358650559821
v 0.0029819661603125436 -0.0012357886424523012 0.04323610511146603
v 0.002973572156999421 -0.0012342564453809296 0.04348264900745358
v 0.0032179550268833512 -1.2115390848261215e-06 0.0423107739517925
v 0.0029725426655259624 0.0012314456094091042 0.04214235505951569
v 0.0029780765994283365 0.0012364695659465574 0.04238889895550324
v 0.0032263483149407024 -2.030315905386681e-06 0.04206423005580495
v 0.002684167989429609 0.0017930272477161002 0.04242796145735861
v 0.0022812415252843055 0.0022771533617142736 0.04246702395921398
v 0.002280452836587177 0.002282937158299414 0.04222048006322643
v 0.0017941757100661815 0.002681890376635271 0.0422595425650818
v 0.0012300171244245678 0.0029742654782603795 0.04254514896292472
v 1.1440932391898263e-07 0.003228011523027513 0.042623273966635455
v -2.6798785074369958e-06 0.0032204724887796576 0.042376730070647906
v -0.0006313817800958355 0.0031640810085163673 0.042415792572503275
v 0.0006262643038662877 0.003162697465436126 0.042584211464780086
v 0.0012350664725419014 0.0029745387059650075 0.04229860506693717
v -0.0012300912726061902 0.0029740175229263366 0.042701398970346194
v -0.0012334490408244525 0.0029819914326831287 0.042454855074358644
v -0.002684083589248598 0.001793244923889159 0.0428185864759123
v -0.002274912942220042 0.002275390017819484 0.04253298007806938
v -0.0029813441262101226 0.0012325735677604088 0.04261110508178012
v -0.002977710150054852 0.00123640102060181 0.04285764897776767
v -0.0022814782749445983 0.0022774473318362687 0.04277952397405693
v -0.0032227501015739957 -3.4949453846471186e-16 0.041439230026119045
v -0.00316366258389017 -0.0006267116963512218 0.041478292527974414
v -0.0032227501015739957 -3.4949453846471186e-16 0.041685953212886595
v -0.0029737979394045544 -0.001234480082018749 0.04176389892581733
v -0.0029750601274222688 -0.0012298908817809373 0.04151735502982978
v -0.0026809293112972643 -0.0017940721171886415 0.0418029614276727
v -0.0031649092746995067 0.000631021529605702 0.041646711420251226
v -0.002283012260155398 -0.0022813075672338534 0.04184202392952807
v -0.0022763789781325705 -0.002280506719188613 0.04159548003354052
v -0.0017923123495727084 -0.0026842337929605664 0.04163454253539589
v 6.616649648592915e-07 -0.0032176434137856647 0.041751730040962
v -0.0012320324767694374 -0.0029724616032052176 0.04192014893323881
v -0.0012365726819869166 -0.0029791192039242687 0.04167360503725126
v 0.0006287617386009983 -0.003165841729806662 0.04203733643880492
v 0.0012362530818664508 -0.002981223486403367 0.04182985504467274
v 0.0012304391253296215 -0.0029781791194222196 0.04207639894066029
v 0.0017904077426630916 -0.002683525928165592 0.041868917546528106
v 2.4323280659026704e-06 -0.003225433264390648 0.04199827393694955
v 0.002277830470511083 -0.0022747429497650684 0.042154523944371025
v 0.0026829215370388626 -0.0017895785228055905 0.042193586446226394
v 0.002275069106396771 -0.0022786449084159777 0.041907980048383475
v 0.0029771925432950375 -0.0012301159489302993 0.041986105052094214
v 0.0029818800912014 -0.0012358652940291232 0.042232648948081764
v 0.0031654035164374594 -0.0006280800998509709 0.04202516755394958
v 0.003166005046541104 0.0006296748818023293 0.04085329249828851
v 0.002979476593391317 0.0012310741532452207 0.040892355000143876
v 0.002972517154736787 0.001231537877403599 0.041138898896131426
v 0.003224052582333492 2.7907119526772786e-06 0.04081422999643314
v 0.0032262071711351703 -2.1035967928203115e-06 0.04106077389242069
v 0.002274557460101717 0.0022767995485260817 0.040970480003854615
v 0.0022805987487645174 0.0022829631459257704 0.041217023899842165
v 0.001234974442965997 0.0029744082909960445 0.0412951489035529
v 0.001235115586771529 0.00298236169675406 0.04104860500756535
v 0.0006317214073778971 0.003161757857771258 0.04108766750942072
v 0.001794170345647897 0.0026817377887373983 0.041256086401697534
v -0.0012361183753628602 0.0029766706450005953 0.04120485501498683
v -0.0006313312949593128 0.003164227635949479 0.04141233640911901
v 1.8760747934503573e-06 0.0032186540701904798 0.04112673001127609
v -2.7173563266034853e-06 0.003220626745607663 0.04137327390726364
v -0.0012333241094830694 0.002981916569245735 0.04145139891097438
v -0.0017937422650687873 0.0026836544357858316 0.0412439175168422
v -0.002274968970588792 0.002275312054940415 0.04152952391468512
v -0.002278330434295206 0.0022820836197456895 0.04128298001869757
v -0.002973390243614926 0.0012303846466817092 0.04136110502240831
v -0.0029814504609014525 0.0012326943267764595 0.041607648918395856
v -0.0032227501015739957 -3.4949453846471186e-16 0.04018908500824425
v -0.0031629311156547435 -0.0006316438021267134 0.0402282924686026
v -0.0032227501015739957 -3.4949453846471186e-16 0.04043577386273478
v -0.0031635107112480687 -0.0006266309916583626 0.04047483636459015
v -0.002974923036732774 -0.0012299025642918682 0.04051389886644552
v -0.0029823540673591664 -0.0012343425144920733 0.04026735497045797
v -0.0029734832268651923 0.0012303287375222544 0.04035764885902404
v -0.0017924374001233867 -0.0026842404686810983 0.04063108637201163
v -0.002276049483640602 -0.002274626839911531 0.04034547997416871
v -0.001231746732088812 -0.002980457447472329 0.040423604977879446
v -0.0022764989026835547 -0.0022806323657857674 0.04059202387015626
v 7.541899461892298e-07 -0.0032176820375973136 0.040748273877577734
v -0.0006303538979478621 -0.0031657110764191088 0.040462667479734815
v -2.916300109337362e-06 -0.0032228619198929054 0.040501729981590184
v -0.0012365655294292038 -0.002978950880399428 0.040670148873866996
v 0.0012336208214188543 -0.002973037384101096 0.04057985498530092
v 0.0012361997953114906 -0.002981345556721665 0.04082639888128847
v 0.0017902694598806446 -0.002683437474868544 0.04086546138314384
v 0.0017936852830256755 -0.0026795801004940445 0.04061891748715629
v 0.0022822593342468334 -0.0022827738415649723 0.04065797998901166
v 0.002972641609240989 -0.0012328910221135608 0.0407361049927224
v 0.0022750049717959464 -0.0022785099634937966 0.04090452388499921
v 0.0029773539526807558 -0.0012301598179509377 0.04098264888870995
v 0.0031654914928973266 -0.0006281901300304524 0.04102171139056532
v 0.0031660150601219017 0.0006295673550180472 0.03984983633490424
v 0.0032175177671885102 -2.085256991359034e-08 0.039564229937061324
v 0.0029802142605100945 0.001236517488083233 0.03964235494077206
v 0.002979323767074854 0.0012309856999481728 0.03988889883675961
v 0.002684025891949715 0.0017914114849287843 0.03968141744262743
v 0.003224226151067322 2.759031616813136e-06 0.039810773833048874
v 0.0022745643742408395 0.002276918996239885 0.03996702384047035
v 0.002279620994125181 0.002275653708780495 0.0397204799444828
v 0.0012299088823845145 0.0029760536176885732 0.03979860494819354
v 0.00123521965648625 0.0029823323712674377 0.04004514884418109
v 1.425202072304955e-06 0.0032272347552599057 0.03987672995190428
v 0.000631719142401288 0.0031615819048515237 0.04008421134603646
v 0.0006273258626401587 0.0031646102977871127 0.03983766745004891
v 1.8014649086396266e-06 0.0032185529807081392 0.04012327384789183
v -0.001230839191724356 0.002972869537413436 0.039954854955615016
v -0.0012361729732200677 0.0029768387301068455 0.040201398851602566
v -0.002682905562993304 0.0017940740245373649 0.04007204246118112
v -0.0029755772573449024 0.00123567038683145 0.04011110496303649
v -0.002282603372272818 0.0022793625483731594 0.040032979959325754
v -0.00227818142267619 0.002281992543844147 0.040279523855313304
v -0.0017936736005147447 0.002683742650664289 0.040240461353457935
v -0.0032227501015739957 -3.4949453846471186e-16 0.038939374865878396
v -0.0029755102617209928 -0.0012356372466473808 0.039017354911086155
v -0.0031630984855052224 -0.0006316185893607759 0.039224836305218336
v -0.0032227501015739957 -3.4949453846471186e-16 0.03918562884485999
v -0.002982324265035363 -0.001234221397848137 0.039263898807073705
v -0.002682849534624554 -0.001794087495187724 0.039056417412941524
v -0.0031630045485805947 0.0006316331924994395 0.03890016740552005
v -0.0022759491094140327 -0.0022746540196308396 0.03934202381078444
v -0.0006304451526633476 -0.003165637405074667 0.03945921131635055
v -0.0012308725703270157 -0.002972843072949899 0.03917360491850763
v 1.4653085495631513e-06 -0.003227188502053363 0.03925172992221837
v -0.0022826305519921264 -0.002279429543997069 0.03909547991479689
v -2.9216093467567764e-06 -0.003222686920647533 0.03949827381820592
v 0.0006273690164050258 -0.003164665372481501 0.03929079242407374
v -0.0012318554509660462 -0.002980591438720148 0.03942014881449518
v 0.0012337278713659555 -0.002973114154887213 0.03957639882191666
v 0.001229915915732932 -0.002976120613312483 0.03932985492592911
v 0.0017937463181848246 -0.0026797441324842575 0.03961546132377203
v 0.0022821603905318066 -0.002282825101561914 0.0396545238256274
v 0.0022795623431519363 -0.0022756124623643514 0.03940797992963985
v 0.0026840032421836246 -0.0017913511650254066 0.039447042431495216
v 0.002972602270173569 -0.00123278421058505 0.039732648829338135
v 0.0029802807792968233 -0.0012365075937117304 0.039486104933350585
v 0.003217519436118643 7.441096012011057e-08 0.03856077377367706
v 0.002972623727846707 0.0012328441728605422 0.03839235488140025
v 0.0029803658947336054 0.0012364937654334857 0.0386388987773878
v 0.003224128637863838 -2.7772576004640487e-06 0.03831422987768951
v 0.00268397272460405 0.0017912736789835182 0.03867796127924317
v 0.0022794870028773617 0.002275560725530229 0.038717023781098536
v 0.002282216657319147 0.0022827969681682436 0.038470479885110986
v 0.001233667670671873 0.0029730702858665747 0.038548604888821725
v 0.0012299260485230251 0.0029762076360979883 0.038795148784809275
v 0.0017937123435356889 0.0026796518644897627 0.038509542386966356
v -2.9190400604820214e-06 0.0032227851491067883 0.03862672989253246
v -0.0006303941310849964 0.0031656796051651725 0.03866579239438783
v 1.516229661486772e-06 0.003227127943731395 0.03887327378852001
v 0.0006274250447737759 0.0031647354675470862 0.038834211286664644
v -0.0012309163201383588 0.00297281017118442 0.03895139879223075
v -0.0012317940581790116 0.002980516336864164 0.0387048548962432
v -0.0026827765785358837 0.0017941034692332825 0.03906858629779686
v -0.002276005137782783 0.002274638045585281 0.03878297989995394
v -0.0029823416695924643 0.0012342895855649988 0.03886110490366468
v -0.0029754249078656203 0.0012355939736732185 0.03910764879965223
v -0.0022826641690133764 0.0022795158515268032 0.03902952379594149
v -0.0032227501015739957 -3.4949453846471186e-16 0.0376892298480036
v -0.0029734302979381178 -0.0012303597319390097 0.03776735485171434
v -0.0032227501015739957 -3.4949453846471186e-16 0.037935914887796685
v -0.0029756645185489983 -0.0012357124677126602 0.03801389874770189
v -0.002682976611733251 -0.0017940555470966069 0.03805296124955726
v -0.002278264869182839 -0.002282044042259679 0.03784547985542508
v -0.0031628364634743444 0.0006316564979166536 0.03789671124213578
v -0.002282567609484254 -0.0022792764792620157 0.03809202375141263
v -0.0012307969916338507 -0.0029729055386205905 0.03817014875512337
v -0.0012361425748497884 -0.0029767440779264465 0.03792360485913582
v 1.8436512621363717e-06 -0.0032186092474954797 0.038001729862846556
v -0.0017937128203728697 -0.002683693774853252 0.03788454235728045
v 1.3731145952165509e-06 -0.0032272924525587887 0.038248273758834106
v 0.000631720811331421 -0.0031616808485665504 0.038040792364701925
v 0.001235161482350186 -0.0029823497758245388 0.038079854866557294
v 0.0006272710263643608 -0.0031645385337913945 0.038287336260689475
v 0.0012299010145710304 -0.0029759680254146104 0.038326398762544844
v 0.0022745598442876214 -0.0022768515237787945 0.03815797987026803
v 0.0026840535485062045 -0.0017914887325520823 0.03844358626811095
v 0.0029794098361859978 -0.001231035052596391 0.03823610487397877
v 0.0029801279529803604 -0.001236529170594164 0.03848264876996632
v 0.0031660105301686836 -0.000629627972944663 0.03827516737583414
v 0.0022796963343997556 -0.0022757078298005218 0.03840452376625558
v 0.0031654426170862893 0.000628128081592294 0.037103292320173065
v 0.002977262876779213 0.0012301346647896477 0.037142354822028434
v 0.002972666166355803 0.0012329514612262338 0.037388898718015984
v 0.0032239548307114174 -2.8070478170732333e-06 0.037310773714305245
v 0.00227504049616592 0.002278585780605552 0.03722047982573917
v 0.0022823127400110887 0.002282742370311036 0.03746702372172672
v 0.0017903470651318282 0.002683487781191124 0.03725954232759454
v 0.0017936496394464069 0.0026794883093367305 0.03750608622358209
v 0.00123623019368177 0.0029812776074233938 0.03729860482944991
v 0.0012335606207247718 0.002972996614522133 0.03754514872543746
v -0.0012365699401731267 0.002979045532579827 0.03745485483687139
v -0.0006303015650672636 0.0031657497002307577 0.03766233623100357
v 7.022607939460304e-07 0.0032176596262498136 0.03737672983316065
v -0.00123168676981332 0.002980380915104802 0.03770139873285894
v -0.0017923673050578015 0.002684237369239423 0.03749391733872676
v -2.911829527936223e-06 0.003222960863607932 0.0376232737291482
v -0.0022761074193580755 0.0022746137268890576 0.037779523736569676
v -0.0022764311918038738 0.0022805617938830014 0.037532979840582126
v -0.002974999807518891 0.0012298955309434506 0.037611104844292864
v -0.002982367895637411 0.001234410106162459 0.037857648740280414
v -0.0031635963035220316 0.0006266759931673055 0.03765016734614823
v 0.0032262868029443725 2.0627243027081103e-06 0.037064229818317695
v -0.0032227501015739957 -3.4949453846471186e-16 0.03643905049785179
v -0.0031649765087420068 -0.0006309821905382818 0.03647829229048716
v -0.0032227501015739957 -3.4949453846471186e-16 0.03668577368461934
v -0.0029733399372923464 -0.001230417548447188 0.03676389868833008
v -0.0029813910946724365 -0.0012326260198503025 0.03651735479234253
v -0.0022749367840790846 -0.0022753554471238724 0.036595479796053265
v -0.003163747222489771 0.00062675830718565 0.03664671118276397
v -0.0017937787431131225 -0.0026836022221145284 0.036881086193896184
v -0.0022784148344762167 -0.0022821334492310885 0.036842023692040815
v -0.0012333943237579498 -0.0029819592461734212 0.036673604799764004
v -2.6966777048358288e-06 -0.0032205397228221577 0.03675172980347474
v 1.9171638160714414e-06 -0.003218712959582315 0.03699827369946229
v -0.0006313601436087543 -0.0031641456199543727 0.03671266730161937
v -0.0012360864272717431 -0.0029765771849131484 0.03692014869575155
v 0.0006317212285639542 -0.003161857039904875 0.03703733620131766
v 0.0012350264182187098 -0.002974481247084715 0.03682985480718548
v 0.0012350558629146274 -0.0029823748097765335 0.03707639870317303
v 0.001794173802717458 -0.002681823857848542 0.03686891730904085
v 0.002274555791171584 -0.0022767335065765337 0.03715452370688377
v 0.002280516732769411 -0.0022829490792289353 0.03690797981089622
v 0.0029725309830150315 -0.0012314856637322957 0.03698610481460696
v 0.00297956218566528 -0.001231125294032867 0.03723264871059451
v 0.0031659959866346676 -0.0006297346652638786 0.037271711212449876
v 0.003165351779603337 0.0006280187070639362 0.0360998361567888
v 0.003217992458602048 1.2604724050351322e-06 0.03581422975894588
v 0.0029819287285938467 0.0012358217826363704 0.03589235476265662
v 0.002977102182649266 0.0012300929415363232 0.03613889865864417
v 0.0026828583561123998 0.0017895040169960824 0.03593141726451199
v 0.0032264262778197716 1.9878874080090346e-06 0.03606077365493343
v 0.002275107253371239 0.002278721202364914 0.03621702366235491
v 0.0017904859439607512 0.0026835743271394485 0.03625608616421028
v 0.0022777567991666414 0.0022747205384175684 0.03597047976636736
v 0.0012304754841646615 0.0029782697184865814 0.036048604770078096
v 2.463805606266558e-06 0.0032253429037448766 0.036126729773788835
v 6.093455884387936e-07 0.0032176243402984306 0.036373273669776385
v 0.0006288252771553468 0.0031658693863631515 0.036087667271933466
v 0.0012362814536787115 0.0029811531529191915 0.036295148666065646
v -0.0012320891011846635 0.00297246303371676 0.03620485477749957
v -0.001236575185382116 0.0029792136176860773 0.03645139867348712
v -0.001792241062414171 0.0026842275940772153 0.03649046117534249
v -0.002680837758558541 0.0017940541165850643 0.03632204228306568
v -0.002973736665826815 0.0012344230999756373 0.03636110478492105
v -0.0029751388055571093 0.0012298859941998336 0.0366076486809086
v -0.0022830084454579513 0.0022813810001597046 0.03628297978121031
v -0.0022763134130202034 0.0022804359088672566 0.03652952367719786
v -0.0032227501015739957 -3.4949453846471186e-16 0.03518930983790636
v -0.0029778067095839744 -0.0012364202132983393 0.03526735473297071
v -0.0031650928570141346 -0.0006309098901007351 0.03547483612710289
v -0.0032227501015739957 -3.4949453846471186e-16 0.03543559814916497
v -0.0029812826142137927 -0.001232505976090023 0.03551389862895826
v -0.002684108623200593 -0.001793187822636752 0.03530641723482608
v -0.0029736312848098467 0.0012343214144468206 0.035357648621536786
v -0.002274883139896239 -0.0022754355557702555 0.035592023632669
v -0.0012300699341423471 -0.00297408094227139 0.03542360474039219
v 5.37774856715944e-08 -0.003228016052980731 0.03550172974410293
v -0.0006314088406058488 -0.003163997323591128 0.03570921113823511
v -0.0022814162861110876 -0.002277366984771295 0.03534547973668145
v -2.6575970794422967e-06 -0.0032203873733428756 0.03574827364009048
v 0.000626228362263781 -0.0031626056742788122 0.0355407922459583
v -0.0012335194935179233 -0.0029820314870063203 0.03567014863637974
v 0.0012351174941202525 -0.002974614046239582 0.035826398643801216
v 0.0012300350058188497 -0.00297419848263647 0.035579854747813666
v 0.0017941769021591336 -0.002681975492072053 0.035865461145656585
v 0.002280370105336299 -0.0022829202305794938 0.035904523647511954
v 0.0022813049446293587 -0.0022772294172446195 0.035657979751524405
v 0.0026841486775237844 -0.001793085898689345 0.035697042253379774
v 0.0029725595932458826 -0.001231394587830753 0.03598264865122269
v 0.0029779793246434427 -0.0012364523998080468 0.03573610475523514
v 0.0029736310463912563 0.0012343212952375254 0.034642354703284806
v 0.002680674441824099 0.001794019188261567 0.034681417205140175
v 0.0029820109830075436 0.001235742031617873 0.034888898599272355
v 0.003218063984179176 1.3460401153639356e-06 0.03481077359556162
v 0.0026827439151889954 0.0017893734828178243 0.034927961101127725
v 0.002282997716621382 0.002281509507779944 0.034720479706995544
v 0.0032217103581011486 -2.8885990821929147e-06 0.03456422969957407
v 0.0022776270994534498 0.0022746847756290045 0.034967023602983094
v 0.0012321909059227754 0.0029724699478558825 0.03479860471070628
v 0.001230542956625752 0.0029784308894537093 0.03504514860669383
v -0.000628938227962561 0.00316591325538379 0.03491579221627239
v 2.5172821510409784e-06 0.0032251810175219775 0.03512327361040457
v -2.5172819182103236e-06 0.003225180779103387 0.03487672971441702
v 0.0006289382875672087 0.0031659134938023803 0.0350842111085492
v -0.0012321910251320706 0.002972470186274473 0.03520139861411531
v -0.0012305428374164568 0.002978430651035119 0.03495485471812776
v -0.0022829979550399726 0.0022815097461985345 0.03527952361782605
v -0.0022776268610348593 0.002274684537210414 0.0350329797218385
v -0.0026827439151889954 0.001789373363608529 0.03507204222369387
v -0.0026806746802426895 0.0017940193074708621 0.03531858611968142
v -0.002982010744588953 0.0012357419124085778 0.035111104725549236
v -0.0032227501015739957 -3.4949453846471186e-16 0.03393935174020646
v -0.002972559354827292 -0.0012313944686214578 0.0340173546735989
v -0.0032227501015739957 -3.4949453846471186e-16 0.03418585367452209
v -0.002977979563062033 -0.001236452519017342 0.03426389856958645
v -0.002684148915942375 -0.0017930860178986402 0.03430296107144182
v -0.0022803698669177086 -0.0022829202305794938 0.03409547967730964
v -0.0031653515411847466 0.0006280186474592886 0.03390016716803279
v -0.002281305183047949 -0.00227722965566321 0.03434202357329719
v -0.0017941767829498384 -0.0026819752536534625 0.034134542179165006
v -5.377748930957338e-08 -0.0032280162913993216 0.034498273580718664
v 2.657596846611642e-06 -0.003220387134924285 0.034251729684731114
v 0.0006314087810012012 -0.0031639970851725374 0.03429079218658648
v -0.0006262284218684286 -0.0031626059126974027 0.034459211078863294
v -0.0012351173749109573 -0.0029746138078209916 0.034173604681020375
v -0.001230035125028145 -0.0029741987210550602 0.034420148577007925
v 0.0012300700533516423 -0.0029740811806899803 0.0345763985844294
v 0.0012335194935179233 -0.00298203124858773 0.03432985468844185
v 0.002274883139896239 -0.002275435317351665 0.03440797969215259
v 0.002281416524529678 -0.002277366984771295 0.03465452358814014
v 0.002977806948002565 -0.0012364202132983393 0.03473264859185088
v 0.003165092618595544 -0.0006309098304960875 0.0345251671977187
v 0.0029812823757952023 -0.0012325058568807279 0.03448610469586333
v 0.0026841088616191833 -0.0017931879418460472 0.03469358608999551
v 0.0031637469840711807 0.0006267582475810024 0.03335329214205762
v 0.002975138567138519 0.0012298858749905384 0.03339235464391299
v 0.0029737369042454054 0.0012344232191849325 0.03363889853990054
v 0.0032277616603447468 8.173308257794661e-07 0.03331422964020225
v 0.0032215422729948984 -2.8718168814318757e-06 0.0335607735361898
v 0.002680837996977131 0.0017940542357943595 0.03367796104175591
v 0.002276313174601613 0.002280435670448666 0.03347047964762373
v 0.0022830086838765418 0.002281381238578295 0.03371702354361128
v 0.0017922409432048758 0.002684227355658625 0.0335095421494791
v 0.0012320892203939587 0.0029724632721353506 0.03379514854732202
v -6.093455884387936e-07 0.00321762410187984 0.03362672965504521
v 0.0012365750661728209 0.002979213379267487 0.03354860465133447
v -0.0006288252771553468 0.003165869624781742 0.033912336052888126
v -0.0012362813344694162 0.002981152914500601 0.033704854658755945
v -2.463805839097213e-06 0.003225343142163467 0.033873273551032757
v -0.001790485824751456 0.002683574088720858 0.033743917160611314
v -0.0012304754841646615 0.002978269956905172 0.033951398554743495
v -0.002277757037585232 0.0022747205384175684 0.03402952355845423
v -0.00268285859453099 0.0017895041362053776 0.0340685860603096
v -0.0022751070149526487 0.0022787209639463235 0.03378297966246668
v -0.0029771019442306756 0.001230092822327028 0.03386110466617742
v -0.002981928967012437 0.0012358219018456656 0.03410764856216497
v -0.0032227501015739957 -3.4949453846471186e-16 0.03268905413443379
v -0.003165995748216077 -0.0006297346652638786 0.032728292112371715
v -0.0032227501015739957 -3.4949453846471186e-16 0.03293590320621709
v -0.002972531221433622 -0.001231485782941591 0.033013898510214634
v -0.0029795619472466894 -0.001231125294032867 0.032767354614227084
v -0.002274555791171584 -0.0022767332681579433 0.03284547961793782
v -0.0031654428555048797 0.0006281281411969417 0.03289671100464853
v -0.0017941739219267533 -0.0026818240962671325 0.03313108601578074
v -0.0022805169711880013 -0.0022829490792289353 0.03309202351392537
v -0.0012350557437053322 -0.002982374571357943 0.03292360462164856
v -1.9171635832407867e-06 -0.0032187127211637245 0.0330017296253593
v 2.6966779376664835e-06 -0.003220539961240748 0.03324827352134685
v -0.0006317211689593066 -0.0031618568014862847 0.03296266712350393
v -0.001235026537428005 -0.0029744814855033053 0.03317014851763611
v 0.0006313601436087543 -0.003164145858372963 0.03328733602320222
v 0.001236086308062448 -0.002976576946494558 0.03307985462907004
v 0.001233394442967245 -0.0029819594845920117 0.03332639852505759
v 0.0017937786239038273 -0.002683601983695938 0.03311891713092541
v 0.002274937022497675 -0.0022753554471238724 0.033404523528768326
v 0.0022784145960576263 -0.002282133210812498 0.033157979632780776
v 0.002973339698873756 -0.001230417548447188 0.033236104636491515
v 0.002981391333091027 -0.0012326261390595977 0.033482648532479065
v 0.003164976747160597 -0.0006309822501429294 0.033521711034334434
v 0.0032278219802481245 7.142416773609108e-07 0.03231077347681799
v 0.0032193755248451084 2.2930112825181054e-06 0.03206422958083044
v 0.003162836225055754 0.000631656438312006 0.03210329208268581
v 0.0031635967803592124 0.0006266760527719531 0.03234983597867336
v 0.0029823676572188207 0.0012344099869531638 0.03214235458454118
v 0.0029750000459374815 0.0012298956501527458 0.03238889848052873
v 0.002276107180939485 0.0022746137268890576 0.032220479588251916
v 0.001792367543476392 0.0026842376076580132 0.032506085986094835
v 0.0022764311918038738 0.002280562032301592 0.032467023484239466
v 0.0012316866506040247 0.0029803806766862118 0.032298604591962654
v 2.911829295105568e-06 0.0032229606251893417 0.03237672959567339
v -7.02260852153694e-07 0.003217659864668404 0.03262327349166094
v 0.0006303015650672636 0.0031657494618121673 0.03233766709381802
v 0.001236570059382422 0.0029790457709984175 0.032545148487950204
v -0.0012335605015154766 0.0029729963761035427 0.03245485459938413
v -0.0012362303128910651 0.002981277845841984 0.03270139849537168
v -0.0017903471843411234 0.0026834880196097144 0.03274046099722705
v -0.0017936495202371117 0.0026794883093367305 0.0324939171012395
v -0.0022823127400110887 0.0022827421318924457 0.03253297960309487
v -0.0029726659279372125 0.0012329513420169386 0.03261110460680561
v -0.00227504049616592 0.002278585780605552 0.03277952349908242
v -0.0029772631151978035 0.001230134783998943 0.03285764850279316
v -0.0032227501015739957 -3.4949453846471186e-16 0.03143922764379581
v -0.00298012771456177 -0.001236529170594164 0.03151735264750655
v -0.003166010768587274 -0.0006296280325493106 0.031724837856336174
v -0.0032227501015739957 -3.4949453846471186e-16 0.0316856036930957
v -0.002979410074604588 -0.0012310351718056861 0.031763900358191544
v -0.002684053310087614 -0.001791488613342787 0.031556415149361916
v -0.0029726239662652976 0.0012328442920698374 0.03160765035077007
v -0.002274560082706212 -0.002276851762197385 0.03184202536190228
v -0.0012351616015594813 -0.002982350014243129 0.03192015036561302
v -0.0012299008953617352 -0.00297596778699602 0.031673602654928024
v -0.0006272709667597132 -0.003164538295372804 0.03171266515678339
v -0.002279696095981165 -0.0022757075913819313 0.031595477651217285
v -0.0006317208709360686 -0.003161681086985141 0.03195921286746839
v -1.3731144788012235e-06 -0.0032272922141401983 0.03175172765863876
v 0.0012307968724245555 -0.002972905300202 0.0318298526623495
v -1.843651378551699e-06 -0.00321860948591407 0.03199827536932376
v 0.0012361426940590836 -0.002976744316345037 0.032076398465685774
v 0.001793712939582165 -0.0026836940132718423 0.03211546096754114
v 0.0026829763733146605 -0.0017940554278873116 0.03194704016791561
v 0.002975664280130408 -0.001235712348503365 0.03198610266977098
v 0.002973430536356708 -0.001230359851148305 0.03223264847310725
v 0.0022825673710656635 -0.0022792764792620157 0.03190797766606024
v 0.0022782651076014293 -0.0022820442806782693 0.03215452346939651
v 0.00297542466944703 0.0012355938544639233 0.03089235261782064
v 0.0026827763401172933 0.001794103230814692 0.03093141511967601
v 0.0029823419080110547 0.001234289704774294 0.031138900328505636
v 0.0032195054629768904 2.3516541066899465e-06 0.031060775324794898
v 0.003219579611158513 -2.3835269935055365e-06 0.0308142276141099
v 0.003163004786999185 0.0006316331924994395 0.031099837826650267
v 0.0022760053762013732 0.0022746382840038715 0.031217025332216375
v 0.0022826641690133764 0.002279515613108213 0.030970477621531378
v 0.0012309162009290636 0.0029728099327658297 0.031048602625242117
v 0.0012317940581790116 0.0029805165752827545 0.03129515033592711
v -0.0006274250447737759 0.0031647349907099054 0.031165790130808224
v 2.919040293312676e-06 0.0032227853875253787 0.03137327533963785
v -1.5162295450714446e-06 0.0032271277053128045 0.031126727628952855
v 0.000630394190689644 0.003165679843583763 0.03133421283778248
v -0.0012336677898811682 0.002973070524285165 0.03145140034334859
v -0.00122992592931373 0.002976207397679398 0.031204852632663593
v -0.0022822168957377376 0.0022827969681682436 0.03152952534705933
v -0.0022794867644587713 0.002275560725530229 0.03128297763637433
v -0.0026839724861854597 0.001791273559774223 0.0313220401382297
v -0.002980365656315015 0.0012364936462241904 0.03136110264008507
v -0.0017937125819542793 0.0026796518644897627 0.03149046284520396
v -0.0032227501015739957 -3.4949453846471186e-16 0.030189397338460378
v -0.0029726020317549784 -0.0012327840913757548 0.030267352588134733
v -0.0032227501015739957 -3.4949453846471186e-16 0.03043577529510899
v -0.0029802810177154138 -0.0012365075937117304 0.03051390029881973
v -0.002684003480602215 -0.0017913512842347018 0.0305529628006751
v -0.002282160152113216 -0.0022828248631433234 0.03034547759184547
v -0.0031660148217033113 0.0006295672954133996 0.030150165082568625
v -0.0012337277521566603 -0.0029731139164686227 0.03042360259555621
v -0.0012299160349422272 -0.0029761208517310733 0.030670150306241206
v -0.0017937461989755293 -0.002679743894065667 0.03038454009370084
v -0.0022795625815705267 -0.002275612700782942 0.030592025302530468
v 2.9216091139261217e-06 -0.0032226866822289424 0.030501727599266948
v 0.0006304450930586999 -0.0031656371666560768 0.030540790101122317
v -1.4653086659784787e-06 -0.0032271887404719535 0.030748275309951945
v -0.0006273690760096734 -0.003164665849318682 0.030709212808096575
v 0.001230872689536311 -0.0029728433113684893 0.030826400313662683
v 0.001231855331756751 -0.0029805912003015578 0.030579852602977686
v 0.0022759488709954423 -0.002274653781212249 0.030657977606688425
v 0.002282630790410717 -0.0022794297824156595 0.03090452531737342
v 0.002975510500139583 -0.001235637365856676 0.03098265032108416
v 0.003163098247086632 -0.0006316185297561283 0.030775165112254532
v 0.0029823240266167728 -0.0012342212786388418 0.030736102610399163
v 0.0026828497730431444 -0.0017940876143970191 0.03094358781922879
v 0.003227852020990518 -6.557797626077815e-07 0.029564227554738087
v 0.002973482988446602 0.0012303286183129591 0.029642352558448826
v 0.0032194482425151882 -2.326288138181613e-06 0.029810775265423084
v 0.002975577495763493 0.0012356705060407452 0.029888900269133822
v 0.0026829058014118945 0.00179407414374666 0.02992796277098919
v 0.0022781811842575994 0.0022819923054255564 0.029720477562159564
v 0.0022826036106914083 0.00227936278679175 0.02996702527284456
v 0.0017936734813054495 0.0026837424122456988 0.029759540064014933
v -1.4252021887202823e-06 0.003227234993678496 0.030123275280266038
v -1.8014647922242992e-06 0.003218552742289549 0.02987672756958104
v -0.0006317190827966404 0.0031615816664329333 0.02991579007143641
v 0.0012308393109336513 0.0029728697758320266 0.0300451502765553
v 0.0012361729732200677 0.002976838491688255 0.029798602565870302
v -0.0006273258626401587 0.003164610536205703 0.030162337782121407
v -0.0012352195372769548 0.0029823321328488472 0.02995485257329178
v -0.0012299090015938097 0.0029760538561071637 0.030201400283976776
v -0.0026840261303683055 0.0017914116041380795 0.030318587789542883
v -0.002274564135822249 0.0022769187578212946 0.030032977577002518
v -0.0029793235286562636 0.0012309856999481728 0.030111102580713256
v -0.002980214498928685 0.0012365176072925282 0.030357650291398253
v -0.0022796212325437715 0.0022756539471990855 0.030279525287687514
v -0.0032227501015739957 -3.4949453846471186e-16 0.02893909782533899
v -0.003165491254478736 -0.0006281900704258048 0.02897829002690755
v -0.0032227501015739957 -3.4949453846471186e-16 0.029185946897122284
v -0.0029726418476595795 -0.001232891141322856 0.029263900239447915
v -0.0029773537142621653 -0.0012301598179509377 0.02901735252876292
v -0.002275004733377356 -0.002278509725075206 0.029095477532473657
v -0.0031660052849596942 0.0006296749414069769 0.029146712733881808
v -0.002282259572665424 -0.0022827738415649723 0.029342025243158654
v -0.0017902693406713494 -0.0026834372364499537 0.029134540034329026
v -0.0017936854022349707 -0.002679580338912635 0.029381087745014023
v -7.541898879815661e-07 -0.003217681799178723 0.029251727539895134
v -0.0012336209406281495 -0.0029730376225196864 0.029420150246869392
v -0.0012361996761021954 -0.0029813453183030747 0.029173602536184395
v 0.0006303539575525097 -0.003165711314837699 0.0295373377524355
v 0.0012365654102199086 -0.0029789506419808376 0.029329852543605872
v 0.0012317468512981072 -0.0029804576858909193 0.02957640025429087
v 0.0017924372809140915 -0.002684240230262508 0.02936891504546124
v 2.9163003421680167e-06 -0.003222862158311496 0.02949827525058013
v 0.0022760497220591924 -0.0022746270783301215 0.029654525258001607
v 0.0022764986642649643 -0.002280632127367177 0.02940797754731661
v 0.0029749227983141835 -0.001229902445082573 0.02948610255102735
v 0.002982354305777757 -0.0012343425144920733 0.029732650261712346
v 0.0031635104728294783 -0.0006266309916583626 0.029525165052882718
v 0.003162931354073334 -0.0006316438617313611 0.029771712763567715
v 0.003227796469458949 -7.595111743873619e-07 0.02856077520605127
v 0.0032214483360702706 2.860959988002621e-06 0.028314227495366273
v 0.0031649090362809162 0.0006310214700010544 0.028353289997221642
v 0.0029733904820335166 0.0012303847658910044 0.028638900209762008
v 0.002981450222482862 0.0012326942075671643 0.02839235249907701
v 0.0022749687321702017 0.0022753118165218245 0.02847047750278775
v 0.002278330434295206 0.00228208385816428 0.028717025213472747
v 0.0012361184945721554 0.0029766708834191857 0.028795150217183485
v 0.0012333239902737742 0.0029819163308271446 0.02854860250649849
v 0.0006313312353546652 0.0031642273975308888 0.028587665008353857
v 0.0017937423842780825 0.002683654674204422 0.028756087715328116
v -0.001234974442965997 0.002974408052577454 0.028704852513919965
v -0.0006317214669825447 0.0031617580961898484 0.028912337722749593
v 2.7173560937728306e-06 0.0032206265071890727 0.028626727510209227
v -1.8760749098656847e-06 0.00321865430860907 0.028873275220894223
v -0.001235115586771529 0.0029823619351726505 0.028951400224604962
v -0.0017941701072293065 0.002681737550318808 0.028743915015775334
v -0.0022745576985203075 0.002276799786944672 0.0290295252283157
v -0.0022805987487645174 0.00228296290750718 0.028782977517630703
v -0.0029725169163181964 0.0012315377581943038 0.028861102521341442
v -0.0029794768318099074 0.001231074272454516 0.02910765023202644
v -0.0032227501015739957 -3.4949453846471186e-16 0.027689153079080153
v -0.0029818798527828094 -0.001235865174819828 0.027767352469391104
v -0.00316540375485605 -0.0006280801594556185 0.027974837678220732
v -0.0032227501015739957 -3.4949453846471186e-16 0.027935649291349618
v -0.002977192781713628 -0.0012301160681395945 0.0280139001800761
v -0.002682921298620272 -0.0017895784035962953 0.027806414971246474
v -0.002972542903944553 0.0012314457286183994 0.027857650172654624
v -0.0017904078618723868 -0.0026835261665841825 0.02813108768564221
v -0.002277830470511083 -0.002274742711346478 0.027845477473101843
v -0.0012304391253296215 -0.002978178881003629 0.02792360247681258
v -0.0022750693448153614 -0.002278645146834568 0.02809202518378684
v -6.616650230669552e-07 -0.003217643652204255 0.028248275191208316
v -0.0006287616789963507 -0.0031658414913880717 0.02796266497866795
v -2.4323278330720156e-06 -0.003225432787553467 0.02800172748052332
v -0.001236253201075746 -0.0029812237248219575 0.028170150187497578
v 0.0012320323575601422 -0.002972461364786627 0.028079852484234058
v 0.0012365728011962118 -0.002979119442342859 0.028326400194919055
v 0.0017923124687820036 -0.002684234031379157 0.028365462696774424
v 0.002680929072878674 -0.001794071878770051 0.028197039989800166
v 0.002973797700985964 -0.0012344799628094538 0.028236102491655535
v 0.002975060365840859 -0.0012298910009902325 0.02848265020234053
v 0.0022830120217368077 -0.002281307328815263 0.028157977487944796
v 0.002276379216551161 -0.0022805069576072035 0.028404525198629793
v 0.003163663060727351 -0.0006267117559558694 0.0285217127041959
v 0.003165028245576129 0.0006309510769122312 0.027349837648534825
v 0.003218104992176729 -1.3965545885491005e-06 0.02706422743599446
v 0.0029777099116362615 0.0012364009013925148 0.027142352439705197
v 0.002981344364628713 0.001232573686969704 0.027388900150390194
v 0.0026840833508300077 0.0017932448046798638 0.027181414941560567
v 0.0032216157059207495 2.879517988167154e-06 0.027310775146679456
v 0.0022749131806386325 0.0022753902562380746 0.027467025154100932
v 0.002281478036526008 0.0022774470934176783 0.027220477443415936
v 0.001230091153396895 0.002974017284507746 0.027298602447126674
v 0.0012334491600337477 0.002981991671101719 0.02754515015781167
v -0.0006262642442616401 0.0031626972270175358 0.027415789952692782
v 2.6798787402676505e-06 0.003220472727198248 0.02762327516152241
v -1.1440935302281447e-07 0.0032280112846089226 0.027376727450837413
v 0.0006313818397004831 0.0031640812469349577 0.02758421265966704
v -0.0012350665917511966 0.002974538944383598 0.027701400165233148
v -0.0012300171244245678 0.002974265239841789 0.02745485245454815
v -0.002280452836587177 0.002282937158299414 0.027779525168943886
v -0.002281241286865715 0.002277153123295683 0.02753297745825889
v -0.0026841677510110185 0.001793027128506805 0.02757203996011426
v -0.002978076361009746 0.0012364694467372622 0.027611102461969628
v -0.0017941758292754767 0.0026818906150538613 0.027740462667088517
v -0.0032227501015739957 -3.4949453846471186e-16 0.026439406697088552
v -0.0029735719185808307 -0.0012342563261716344 0.02651735241001929
v -0.0032227501015739957 -3.4949453846471186e-16 0.026685695008347166
v -0.002981966398731134 -0.0012357887616615965 0.026763900120704287
v -0.002680583604341147 -0.0017940028565881228 0.02655641491187466
v -0.0026828094803013625 -0.0017894487038831036 0.026802962622559656
v -0.0031651493622200655 0.0006308939160551766 0.026400164904453183
v -0.0012322509874075627 -0.0029724866371572123 0.026673602417440767
v -0.002277700532379301 -0.0022747059948835524 0.026842025124415025
v -0.0022829922329938024 -0.0022815931927051836 0.02659547741373003
v 2.5464739928675512e-06 -0.0032250863653415784 0.026751727421151505
v 0.0006290031374238045 -0.0031659280373363963 0.026790789923006875
v -2.4872083466943536e-06 -0.0032252716165863393 0.026998275131836502
v -0.0006288745105942697 -0.003165889175106157 0.026959212629981133
v 0.0012321338046703684 -0.002972465179484074 0.02707640013554724
v 0.00123058384541401 -0.0029785133822859966 0.026829852424862244
v -0.0012305045712326934 -0.002978340528807938 0.026920150128125764
v 0.0022830046307605045 -0.0022814382206214068 0.02715452513925798
v 0.0022775548586205507 -0.002274663794793047 0.026907977428572982
v 0.0026826778732394474 -0.0017893015996128109 0.02694703993042835
v 0.0026807664714000035 -0.001794039930678934 0.027193587641113348
v 0.0029820529446794586 -0.0012356986394344155 0.02698610243228372
v 0.0029736899357830915 -0.001234379230954999 0.027232650142968717
v 0.0032264563185621653 -2.1441370335882376e-06 0.025814227376622645
v 0.002972548625990723 0.0012312183964924284 0.025892352380333383
v 0.0032180239298559843 -1.3293318383357679e-06 0.02606077508730764
v 0.002977883718788682 0.0012364376178554404 0.02613890009101838
v 0.0026841319882224546 0.0017931553977084541 0.02617796259287375
v 0.002280299056596352 0.0022829559933680577 0.02597047738404412
v 0.0022813736091834014 0.002277320493146162 0.02621702509472912
v 0.0017941996711345193 0.002682160981735404 0.02600953988589949
v -9.024090533124837e-09 0.0032280117614461035 0.026373275102150595
v -2.629707692298187e-06 0.00322032276190487 0.0261267273914656
v -0.0006314404310690802 0.0031638866973651703 0.026165789893320968
v 0.001230056463491988 0.002974137447477321 0.026295150098439857
v 0.0012351909270461037 0.0029747907144150876 0.02604860238775486
v -0.0012300522911666556 0.002974141023756177 0.026451400105861334
v -0.001233601628722325 0.0029820176587280756 0.026204852395176337
v -0.002684131034548093 0.001793134059244611 0.02656858761142744
v -0.0022748628743160526 0.002275445330932463 0.026282977398887075
v -0.002981216810682835 0.001232450543767749 0.026361102402597814
v -0.0029779025538573256 0.001236442505436544 0.02660765011328281
v -0.0022813540588589865 0.002277289737147997 0.026529525109572072
v 0.0021115492393160296 -0.0032387301075972874 0.04500000213738531
v 0.001792288626922961 -0.0026846665227021893 0.044615461561259284
v 0.0024744039757126912 -0.0029545978518989713 0.04500000213738531
v 0.00150761611469874 0.0036309532459626037 0.025455212848461972
v 0.0018715866500985945 0.002623601084392191 0.025000001187436283
v 0.0009098215535291443 0.0030876812017259503 0.025066369293615942
v 0.0012367541185342307 -0.0029800540432173284 0.044576399059403915
v 0.0019301218711176987 -0.0033807961162371503 0.04500000213738531
v 0.001748694502919368 -0.003522862124877013 0.04500000213738531
v 0.0038919755876909434 -0.00038613783167025864 0.04270130741760747
v 0.0038568033619755526 -0.0007707971104519915 0.042681776166679786
v 0.0032179550268833512 -1.2115390848261215e-06 0.0423107739517925
v 0.003909561819757934 -0.00019380819227939224 0.04271107304307131
v -2.4872083466943536e-06 -0.0032252716165863393 0.026998275131836502
v -0.0007674698002086561 -0.003863607828546306 0.027369275439375063
v -0.0006288745105942697 -0.003165889175106157 0.026959212629981133
v 0.003922751613017472 -4.956095528566148e-05 0.042718397262169194
v 0.003918354935791429 -9.764336513337808e-05 0.042715955855803234
v -0.002684131034548093 0.001793134059244611 0.02656858761142744
v -0.0029779025538573256 0.001236442505436544 0.02660765011328281
v -0.0032756768828812177 0.0021883162107357024 0.02697865042082137
v 0.0029736899357830915 -0.001234379230954999 0.027232650142968717
v 0.0032715705994983135 -0.002189421757739507 0.027603650450507278
v 0.0026807664714000035 -0.001794039930678934 0.027193587641113348
v 0.0039260489421230615 -1.349914789987403e-05 0.042720228316943665
v 0.0039249498324211984 -2.551975036180318e-05 0.042719617965352175
v 0.003926598496973993 -7.488847134570764e-06 0.04272053349273941
v 0.0022749131806386325 0.0022753902562380746 0.027467025154100932
v 0.0032692011955466616 0.0021806424699842564 0.027838025461639493
v 0.002981344364628713 0.001232573686969704 0.027388900150390194
v 0.0021811269365600017 0.003270489848027913 0.02791615046535023
v 0.0012334491600337477 0.002981991671101719 0.02754515015781167
v 0.0032262071711351703 -2.1035967928203115e-06 0.04106077389242069
v 0.003900170988318241 -0.0003846009258317261 0.041451307358235656
v 0.0031654914928973266 -0.0006281901300304524 0.04102171139056532
v 0.003918695159119967 -0.00019358406390323005 0.0414610729836995
v -0.002972542903944553 0.0012314457286183994 0.027857650172654624
v -0.0032663973929232537 0.002186606034186578 0.028228650480193185
v -0.002280452836587177 0.002282937158299414 0.027779525168943886
v -0.0032227501015739957 -3.4949453846471186e-16 0.027935649291349618
v -0.003855184976583742 0.0007635500793727601 0.028306775483903923
v -0.00316540375485605 -0.0006280801594556185 0.027974837678220732
v -0.003933000274545517 9.633072173817834e-19 0.028345712100743548
v -0.002977192781713628 -0.0012301160681395945 0.0280139001800761
v -0.003863015358349098 -0.0007665004498246322 0.02838490048761466
v 0.003932588287221261 -5.032141745685802e-05 0.04146839720279738
v 0.00392795724452083 -9.807563293898203e-05 0.04146595579643142
v 0.0032262071711351703 -2.1035967928203115e-06 0.04106077389242069
v 2.6798787402676505e-06 0.003220472727198248 0.02762327516152241
v -0.0012350665917511966 0.002974538944383598 0.027701400165233148
v -0.0007661489612176969 0.003851147596173471 0.028072400472771708
v 0.0007637480860121088 -0.00385391301340382 0.0274474004430858
v 0.0012321338046703684 -0.002972465179484074 0.02707640013554724
v -0.0027763883002063228 0.002776561392102972 0.025689587859594187
v -0.0021056059406938943 0.0024336289131222932 0.025265250452354282
v -0.00279126275922581 0.0016093502809078064 0.02533154417193373
v -0.0031683632448190058 0.0006132865839429333 0.025397837891513175
v -0.003638333731847826 0.0015042989968501452 0.025767712863304926
v -0.0013387017885910235 -0.002926568408734148 0.025663012769830962
v -0.00030385748995163595 -0.003207860860601902 0.02572930648941041
v -0.0007637668614761048 -0.003853927556937836 0.02611927538000325
v -0.0022285896406118444 -0.0023341873800787616 0.025596719050251515
v -0.0032715648774521433 -0.002189462050481289 0.02596302537258177
v -0.002862922566019971 -0.0014783594118396998 0.02553042533067207
v 0.00253461301444588 -0.001989762877559198 0.02592818764814875
v 0.0027796622642900504 -0.0027759927637648063 0.026314587889280094
v 0.001738454901297759 -0.0027080735062358363 0.0258618939285693
v -0.003629011088124995 -0.0015063448667745893 0.025923962870726402
v -0.0031856977068545067 -0.0004555368639830304 0.025464131611092622
v -0.00015485756834758037 0.003218202982217394 0.02513266301319539
v -0.0011971742483376374 0.002996724271059903 0.025198956732774835
v -0.0007706267603691322 0.0038611647532502125 0.02557240035402808
v 0.0007589376929270295 -0.003136507660115029 0.025795600208989855
v 0.0015017266986780409 -0.003634687834763034 0.026236462885569356
v 3.0522203591309776e-06 -0.003936033435852915 0.026158337881858618
v -0.003933000274545517 9.633072173817834e-19 0.02584602669453928
v -0.002187613352731127 -0.0032676407458723244 0.02604115037629251
v -0.00218353353381176 0.0032645463109871875 0.026900525417110632
v -0.0012300522911666556 0.002974141023756177 0.026451400105861334
v -0.0022813540588589865 0.002277289737147997 0.026529525109572072
v -0.003274063981116987 -0.0021838186824459094 0.027213025431953586
v -0.0026828094803013625 -0.0017894487038831036 0.026802962622559656
v -0.002277700532379301 -0.0022747059948835524 0.026842025124415025
v -0.002784133328116306 0.002779173267761087 0.026939587918966
v 0.003857028667543505 -0.0007708660730292721 0.026431775394846202
v 0.0030489319818984006 -0.0010570961739047452 0.025994481367728195
v 0.0032180239298559843 -1.3293318383357679e-06 0.02606077508730764
v 0.0026841319882224546 0.0017931553977084541 0.02617796259287375
v 0.0022813736091834014 0.002277320493146162 0.02621702509472912
v 0.0032756778365555794 0.002188342436780649 0.02658802540226768
v -0.002181317433013752 0.003270069754471583 0.025650525357738818
v 0.003274042285025258 -0.002183805092586255 0.026353650391135464
v 0.0007663933402728834 0.0038517212313020355 0.02549427535031734
v 0.0032216157059207495 2.879517988167154e-06 0.027310775146679456
v 0.003165028245576129 0.0006309510769122312 0.027349837648534825
v 0.0038625573562368898 0.0007700040706155875 0.027759900457928754
v 0.002276379216551161 -0.0022805069576072035 0.028404525198629793
v 0.0021873136605629617 -0.003275802529478372 0.028775525506168353
v 0.0017923124687820036 -0.002684234031379157 0.028365462696774424
v 0.003936061569246585 -1.450575491394239e-05 0.04147022825757185
v 0.003934903808571477 -2.6444309715796012e-05 0.04146961790598036
v 0.003936640449584139 -8.53647797867689e-06 0.041470533433367596
v 0.0012361184945721554 0.0029766708834191857 0.028795150217183485
v -1.8760749098656847e-06 0.00321865430860907 0.028873275220894223
v 0.0007678159243973068 0.0038515164297328597 0.029244275528432784
v 0.0038903519570901435 -0.0003849378411023216 0.03895130723949203
v 0.0038540872973934215 -0.0007699665196875954 0.03893177598856434
v 0.003217519436118643 7.441096012011057e-08 0.03856077377367706
v -0.001236253201075746 -0.0029812237248219575 0.028170150187497578
v -0.0021849893177249002 -0.0032749387389252593 0.02854115049503614
v -0.0017904078618723868 -0.0026835261665841825 0.02813108768564221
v -0.001235115586771529 0.0029823619351726505 0.028951400224604962
v -0.0022745576985203075 0.002276799786944672 0.0290295252283157
v -0.0021827281558133016 0.003272961533554858 0.02940052553585426
v -0.0032227501015739957 -3.4949453846471186e-16 0.029185946897122284
v -0.0029726418476595795 -0.001232891141322856 0.029263900239447915
v -0.0038528162878878613 -0.00076414350324433 0.029634900546986476
v -0.003933000274545517 9.633072173817834e-19 0.029596009706516213
v -0.0031660052849596942 0.0006296749414069769 0.029146712733881808
v 0.003917550511467333 -9.616635451510907e-05 0.03896595567768779
v 0.003908484167729209 -0.00019242351671084658 0.03896107286495587
v -0.0038637496876076094 0.0007684466607782783 0.029556775543275737
v 0.003922083564127099 -4.8037773417240314e-05 0.03896839708405375
v -0.0012336209406281495 -0.0029730376225196864 0.029420150246869392
v -0.0021889892664164745 -0.0032701231602358383 0.029791150554407952
v -0.0017936854022349707 -0.002679580338912635 0.029381087745014023
v 0.0022760497220591924 -0.0022746270783301215 0.029654525258001607
v 0.0021803999982777933 -0.0032679516437142397 0.030025525565540168
v 0.0012317468512981072 -0.0029804576858909193 0.02957640025429087
v 0.0022826036106914083 0.00227936278679175 0.02996702527284456
v 0.003274181521482067 0.0021894634809928315 0.03033802558038312
v 0.0026829058014118945 0.00179407414374666 0.02992796277098919
v 0.003911727375814772 -0.00019484160275843113 0.03021107244935317
v 0.003894484228099404 -0.0003868442361513666 0.03020130682388933
v 0.0032194482425151882 -2.326288138181613e-06 0.029810775265423084
v 0.0039254834132265715 -1.194133573119351e-05 0.03897022813882822
v 0.003924349971247687 -2.39734810056607e-05 0.03896961778723673
v 0.0032717978124149893 -0.002181855066935162 0.030103650569250906
v 0.002982354305777757 -0.0012343425144920733 0.029732650261712346
v 0.0032239548307114174 -2.8070478170732333e-06 0.037310773714305245
v 0.003899104303544676 -0.00038597263738941734 0.037701307180120214
v 0.0031659959866346676 -0.0006297346652638786 0.037271711212449876
v -0.0012299090015938097 0.0029760538561071637 0.030201400283976776
v -0.0007655799156469981 0.003862047378871969 0.030572400591515336
v -0.0006273258626401587 0.003164610536205703 0.030162337782121407
v 0.0039167873335593795 -0.0001946991625518136 0.037711072805584056
v -0.002980214498928685 0.0012365176072925282 0.030357650291398253
v -0.0032755486136795686 0.002186214312442508 0.030728650598936813
v -0.0026840261303683055 0.0017914116041380795 0.030318587789542883
v 0.003925628848566731 -9.906242513301172e-05 0.03771595561831598
v 0.0032239548307114174 -2.8070478170732333e-06 0.037310773714305245
v -0.002684003480602215 -0.0017913512842347018 0.0305529628006751
v -0.0022795625815705267 -0.002275612700782942 0.030592025302530468
v -0.0032755209571230792 -0.0021861406410980666 0.030963025610069028
v 0.0021855679596438637 0.003265504038464928 0.03041615058409386
v 0.0012308393109336513 0.0029728697758320266 0.0300451502765553
v 0.003926049895797423 -5.9252626282986064e-06 0.03897053331462397
v 0.003930049606070407 -5.12440526983203e-05 0.03771839702468194
v 0.001230872689536311 -0.0029728433113684893 0.030826400313662683
v 0.002282630790410717 -0.0022794297824156595 0.03090452531737342
v 0.0021856320942446883 -0.0032655507685086516 0.03127552562491198
v 0.0022760053762013732 0.0022746382840038715 0.031217025332216375
v 0.00327171984953592 0.0021818047606125823 0.031588025639754935
v 0.0029823419080110547 0.001234289704774294 0.031138900328505636
v 0.0032195054629768904 2.3516541066899465e-06 0.031060775324794898
v 0.003163004786999185 0.0006316331924994395 0.031099837826650267
v 0.0039290403801771345 2.869926529346263e-06 0.03147083813418883
v 0.003933365054988869 -1.538027523494698e-05 0.03772022807945641
v 0.003932259984822245 -2.7334868343619834e-05 0.03771961772786492
v 0.002975510500139583 -0.001235637365856676 0.03098265032108416
v 0.0032195054629768904 2.3516541066899465e-06 0.031060775324794898
v 0.00385117501431137 -0.0007669493920304041 0.03143177563233346
v 0.003889693921780568 -0.0003834732953059833 0.035201307061376585
v 0.003852106754162754 -0.0007685892947000006 0.0351817758104489
v 0.003218063984179176 1.3460401153639356e-06 0.03481077359556162
v -0.0012336677898811682 0.002973070524285165 0.03145140034334859
v -0.0007647096877919438 0.0038519648951014507 0.03182240065088715
v 2.919040293312676e-06 0.0032227853875253787 0.03137327533963785
v 0.003908487505589475 -0.00019091531051013653 0.03521107268684043
v -0.0032227501015739957 -3.4949453846471186e-16 0.0316856036930957
v -0.003166010768587274 -0.0006296280325493106 0.031724837856336174
v -0.003933000274545517 9.633072173817834e-19 0.03209566650248963
v 0.003917884297493929 -9.463631066163221e-05 0.03521595549957235
v -0.002979410074604588 -0.0012310351718056861 0.031763900358191544
v -0.003863756124909551 -0.0007683894403165761 0.032134900665730104
v -0.0022822168957377376 0.0022827969681682436 0.03152952534705933
v -0.0029726239662652976 0.0012328442920698374 0.03160765035077007
v -0.0032687152984593737 0.0021883314695254896 0.03197865065830863
v 0.003933917709281476 -9.402978680610554e-06 0.03772053325525215
v -0.0006273690760096734 -0.003164665849318682 0.030709212808096575
v -1.4653086659784787e-06 -0.0032271887404719535 0.030748275309951945
v -0.0007656326061554822 -0.0038621148513330594 0.031119275617490505
v 0.003922582812655451 -4.6496810737380045e-05 0.03521839690593831
v 0.0022782651076014293 -0.0022820442806782693 0.03215452346939651
v 0.002189022645019134 -0.0032751433020758447 0.032525525684283796
v 0.001793712939582165 -0.0026836940132718423 0.03211546096754114
v 0.0039266938644101634 -4.374748303659403e-06 0.035220533136508525
v 0.003927281089398382 1.6426888376261357e-06 0.03522083831230427
v 0.0022764311918038738 0.002280562032301592 0.032467023484239466
v 0.0032644847989908576 0.0021826439940508813 0.03283802569912675
v 0.0029750000459374815 0.0012298956501527458 0.03238889848052873
v 0.0032278219802481245 7.142416773609108e-07 0.03231077347681799
v 0.0031635967803592124 0.0006266760527719531 0.03234983597867336
v 0.003860809986387659 0.0007647868758105941 0.03275990069541601
v 0.003926106401003354 -1.0392185794190923e-05 0.03522022796071278
v 0.0039249319510269165 -2.2427060775253964e-05 0.03521961760912129
v 0.0032648765207349273 -0.002184504851149155 0.032603650687994534
v 0.002973430536356708 -0.001230359851148305 0.03223264847310725
v 0.0032215422729948984 -2.8718168814318757e-06 0.0335607735361898
v 0.003897010273064966 -0.0003867734258300101 0.03395130700200477
v 0.003164976747160597 -0.0006309822501429294 0.033521711034334434
v -0.0012362303128910651 0.002981277845841984 0.03270139849537168
v -0.0007705397971882744 0.003855634634045285 0.033072400710258965
v -7.02260852153694e-07 0.003217659864668404 0.03262327349166094
v 0.001236570059382422 0.0029790457709984175 0.032545148487950204
v 0.0007693578966308859 0.0038530218047128084 0.032994275706548226
v -0.0007709434994665129 -0.0038584722921085335 0.03236927567686232
v -0.0006317208709360686 -0.003161681086985141 0.03195921286746839
v -1.843651378551699e-06 -0.00321860948591407 0.03199827536932376
v -0.0029772631151978035 0.001230134783998943 0.03285764850279316
v -0.003265230095504529 0.002181087835911172 0.03322865071768044
v -0.00227504049616592 0.002278585780605552 0.03277952349908242
v -0.0031654428555048797 0.0006281281411969417 0.03289671100464853
v -0.0032227501015739957 -3.4949453846471186e-16 0.03293590320621709
v -0.003933000274545517 9.633072173817834e-19 0.033345964108262294
v 0.002274937022497675 -0.0022753554471238724 0.033404523528768326
v 0.002181090220097076 -0.00327040973938153 0.03377552574365561
v 0.001233394442967245 -0.0029819594845920117 0.03332639852505759
v -0.0017941739219267533 -0.0026818240962671325 0.03313108601578074
v -0.001235026537428005 -0.0029744814855033053 0.03317014851763611
v -0.002189585312892539 -0.003272861397746879 0.033541150732523395
v 0.003927211709588568 -5.141331127107027e-05 0.033968396846566495
v 0.003922897048357632 -9.932189906520453e-05 0.033965955440200535
v 0.0032215422729948984 -2.8718168814318757e-06 0.0335607735361898
v -0.0038551022453328643 -0.0007635563974654064 0.03338490072510192
v -0.002972531221433622 -0.001231485782941591 0.033013898510214634
v 0.00391426820273294 -0.00019513907465347306 0.033961072627468614
v 0.0032692793968443212 -0.002180665119750347 0.03385365074736635
v 0.002981391333091027 -0.0012326261390595977 0.033482648532479065
v 0.003930447526697828 -1.548187228811481e-05 0.033970227901340966
v 0.003929368920994741 -2.7459019236648376e-05 0.033969617549749476
v 0.003162931354073334 -0.0006316438617313611 0.029771712763567715
v 0.0022830086838765418 0.002281381238578295 0.03371702354361128
v 0.0032716578607024094 0.002189439162296608 0.034088025758498564
v 0.002680837996977131 0.0017940542357943595 0.03367796104175591
v 0.003415995283253259 -0.0013705491478536308 0.025000001187436283
v 0.003785860956719983 -0.0010747153077372146 0.025165627721182027
v 0.0033386086619170696 -0.0020647460010853047 0.02511041951238302
v 0.0030391289247158615 -0.0022130786039559203 0.025000001187436283
v 0.0034753865462212874 0.0004503436898510224 0.025000001187436283
v 0.003144300133324507 0.0013139408258823482 0.025000001187436283
v 0.0038545531673191136 0.0007619243030046463 0.025259900339185126
v 0.003936752029484458 -3.9040040682109054e-06 0.025220837837329757
v 0.003570412805388723 -0.00046518116418666974 0.025000001187436283
v 0.002643177873270647 -0.0029040595480306353 0.02505520939623529
v 0.0024721196871978213 -0.002946606537585078 0.025000001187436283
v 0.001748694502919368 -0.003522862124877013 0.025000001187436283
v 0.0036272219950224394 0.0015016669748211392 0.025298962841040495
v 0.003266267216372881 0.0021862150276982795 0.025338025342895865
v 0.002783197058311704 0.0027864588630473197 0.025377087844751234
v 0.002601538543289955 0.0020632973697298773 0.025000001187436283
v -0.0038513640802535776 -0.0007651900416470042 0.025884900368871033
v 0.0021835549914848984 0.003264566814985964 0.026666150405978417
v 0.0027841571699753487 0.002779210699479784 0.026627087904123048
v 0.0036341685590730866 0.0015089315892714145 0.02654896290041231
v 0.002977883718788682 0.0012364376178554404 0.02613890009101838
v 0.0038521496695090307 0.0007686269648372879 0.02650990039855694
v 0.0032180239298559843 -1.3293318383357679e-06 0.02606077508730764
v 0.003927232213587345 -1.6222983437936861e-06 0.02647083789670157
v 0.0039266838508293656 -7.632015169814932e-06 0.026470532720905826
v 0.002189935788220465 0.003273799813318795 0.025416150346606603
v 0.0018715866500985945 0.002623601084392191 0.025000001187436283
v -3.1987975008214496e-06 0.003930369563818759 0.02553333785217271
v -0.0015054811954307717 0.003638757640101603 0.02561146285588345
v -0.0032692186001037626 0.0021805368505486977 0.025728650361449557
v -0.0038624848769854003 0.0007702145346262859 0.025806775365160295
v -0.0027861915958074523 -0.002784367216753514 0.02600208787443714
v -0.0015037302493026844 -0.0036276454264390356 0.02608021287814788
v 0.0007675102121597333 -0.0038635589527352687 0.026197400383713987
v 0.0021806672655176607 -0.003265893137604503 0.026275525387424725
v 0.003639151269194396 -0.0015081541062480358 0.026392712892990833
v 0.003926135249652796 -1.3641732461497488e-05 0.02647022754511008
v 0.003925038285718246 -2.566116611353998e-05 0.02646961719351859
v 0.001230056463491988 0.002974137447477321 0.026295150098439857
v 0.0007641977434736519 0.0038594862863736146 0.026744275409689156
v 0.0015011440036430401 0.0036295966441830807 0.026705212907833786
v -9.024090533124837e-09 0.0032280117614461035 0.026373275102150595
v -6.616650230669552e-07 -0.003217643652204255 0.028248275191208316
v 0.0012365728011962118 -0.002979119442342859 0.028326400194919055
v 0.0007694012292096958 -0.0038530857008950425 0.028697400502457615
v -0.0022750693448153614 -0.002278645146834568 0.02809202518378684
v -0.002776463402062307 -0.002780827177522871 0.02850208799318077
v 0.0032644893289440757 -0.002182588919356493 0.028853650509879092
v 0.002975060365840859 -0.0012298910009902325 0.02848265020234053
v 0.0015090965749359891 -0.00363567655665753 0.028736463004312984
v 0.0017937423842780825 0.002683654674204422 0.028756087715328116
v 0.0021890586462262884 0.003275095379939169 0.029166150524722045
v -0.0032668882968009405 0.0021804061971611444 0.029478650539565
v -0.0029794768318099074 0.001231074272454516 0.02910765023202644
v -2.289536052165863e-06 0.003928001590378649 0.029283338030288153
v -0.0006317214669825447 0.0031617580961898484 0.028912337722749593
v 0.003163663060727351 -0.0006267117559558694 0.0285217127041959
v 0.0036307231720228428 -0.0015009420630969494 0.02889271301173446
v -0.0036361128626780093 0.0015023861644991587 0.029517713041420368
v -0.002282259572665424 -0.0022827738415649723 0.029342025243158654
v -0.00278523839828293 -0.002785866154431521 0.029752088052552583
v -0.0007709442147222842 0.0038585664674517517 0.029322400532143522
v -0.001507258367603806 0.0036300868328049962 0.028111462974627077
v -0.0017941758292754767 0.0026818906150538613 0.027740462667088517
v 0.0007705297836074765 0.003861401264491915 0.02799427546906097
v 0.0006313818397004831 0.0031640812469349577 0.02758421265966704
v -0.0032651917101114702 -0.0021811228834439644 0.0284630254913254
v -0.0007705149420502225 -0.003855547134422599 0.028619275498746877
v -0.0022796212325437715 0.0022756539471990855 0.030279525287687514
v -0.002782018555219229 0.0027771769889034514 0.030689588097081444
v -1.4252021887202823e-06 0.003227234993678496 0.030123275280266038
v -1.7392971447707621e-06 0.003938473411707333 0.030533338089659967
v -0.0029802810177154138 -0.0012365075937117304 0.03051390029881973
v -0.003637094193596202 -0.001509016943126787 0.03092396310821366
v -0.0021818002306593642 0.0032646979452106983 0.030650525595226075
v 0.0038599979326686684 -0.0007708495029372375 0.030181775572961644
v 0.0026828497730431444 -0.0017940876143970191 0.03094358781922879
v 0.002785691393604739 -0.0027817849050006116 0.03131458812676735
v -0.0021895876970784434 0.0032729426984862142 0.028150525476482446
v 0.0027861474883682236 -0.0027842360865287796 0.02756458794865191
v 0.0022830046307605045 -0.0022814382206214068 0.02715452513925798
v -0.001500972580676524 -0.0036320173081316742 0.031080213115635136
v -0.0012299160349422272 -0.0029761208517310733 0.030670150306241206
v 0.0007693244584235787 0.0038633522438173695 0.03174427564717641
v 0.000630394190689644 0.003165679843583763 0.03133421283778248
v 0.0015032646177955827 0.0036373817264162556 0.03170521314532104
v 0.0012317940581790116 0.0029805165752827545 0.03129515033592711
v -0.0038528761309540582 0.0007641143565716504 0.032056775662019366
v -0.0017937125819542793 0.0026796518644897627 0.03149046284520396
v -0.0021890221681819533 0.0032702106598585245 0.03190052565459789
v -2.463805839097213e-06 0.003225343142163467 0.033873273551032757
v 0.0007637297873852936 0.003853987400004033 0.03424427576592004
v 0.0012320892203939587 0.0029724632721353506 0.03379514854732202
v 0.0012361426940590836 -0.002976744316345037 0.032076398465685774
v 0.0015085716964091667 -0.0036327778634351326 0.03248646318242843
v -0.0022805169711880013 -0.0022829490792289353 0.03309202351392537
v -0.0027831117044563314 -0.002786080015907133 0.033502088230668026
v -0.001505551290496357 0.003628294640260765 0.03186146315274252
v 0.0038600875780586685 0.0007708365687287069 0.0315099006360442
v 0.0021804073892540965 0.0032680243613843196 0.031666150643465674
v 0.0007705033191439392 -0.0038614804194639363 0.03369740073994487
v 0.0006313601436087543 -0.003164145858372963 0.03328733602320222
v 0.0038624944137290174 -0.0007700420983807604 0.03393177575107709
v -0.0038630632804857734 0.0007665590411932294 0.03330677572139118
v 2.6966779376664835e-06 -0.003220539961240748 0.03324827352134685
v -0.0007660985952904695 -0.003851155940824136 0.03361927573623413
v -0.002184915169543278 0.003274892008881536 0.0331505257139697
v -0.0017903471843411234 0.0026834880196097144 0.03274046099722705
v 0.0029737369042454054 0.0012344232191849325 0.03363889853990054
v 0.0036291078860727077 0.0015064732551855337 0.034048963256643194
v 0.0021873806561868714 0.003275806821013 0.03291615070283749
v 0.001792367543476392 0.0026842376076580132 0.032506085986094835
v -0.003266824639037297 -0.002180414303393219 0.03221302566944084
v -0.002274560082706212 -0.002276851762197385 0.03184202536190228
v 0.0032741130953466147 -0.002189479931875571 0.03135365062862272
v 0.003638449126445592 -0.0015042800425722064 0.03389271324922172
v 0.002975577495763493 0.0012356705060407452 0.029888900269133822
v 0.0036313540276131095 0.0015079954386761074 0.030298963078527752
v -0.002981966398731134 -0.0012357887616615965 0.026763900120704287
v -0.0036391510307758057 -0.001508139681923315 0.027173962930098217
v -0.0012305045712326934 -0.002978340528807938 0.026920150128125764
v -0.0021806548677509585 -0.0032659262777885723 0.027291150435664324
v 0.0038514229696454128 -0.0007653673058689858 0.027681775454218016
v 0.0032216157059207495 2.879517988167154e-06 0.027310775146679456
v 0.0021875487412931216 -0.0032674991252296115 0.02752552544679654
v 0.0027804433235922854 0.0027850238215515466 0.029127088022866676
v 0.002278330434295206 0.00228208385816428 0.028717025213472747
v 0.0015052845000936704 0.0036391817867739706 0.0279552129672056
v -0.003268797791291661 -0.0021883767690576705 0.029713025550697214
v 0.0038608910487084036 -0.0007648304468079944 0.02893177551358983
v 0.003227796469458949 -7.595111743873619e-07 0.02856077520605127
v 0.003264906561477321 0.0021845689857499795 0.029088025521011307
v 0.0029733904820335166 0.0012303847658910044 0.028638900209762008
v -0.0015016910550987722 -0.003634725981737502 0.027330212937519693
v -0.0015011389968526412 0.0036296009357177084 0.026861462915255263
v -0.0007642110353100681 0.003859503929349306 0.026822400413399894
v 0.0038580214425540382 0.000763772285499037 0.02900990051730057
v 0.003227796469458949 -7.595111743873619e-07 0.02856077520605127
v -0.0032227501015739957 -3.4949453846471186e-16 0.026685695008347166
v -0.003852166597228951 0.0007686559923006722 0.02705677542453211
v -0.003857015316102441 -0.0007708298334035274 0.027134900428242847
v -1.1012876325491039e-08 0.003939421364022866 0.026783337911544525
v 2.9163003421680167e-06 -0.003222862158311496 0.02949827525058013
v -0.0007646710639802948 -0.0038520085257034986 0.02986927555811869
v -0.002181754215871412 -0.0032647198797210175 0.031041150613779767
v 0.003639624291677801 -0.0015063747883076878 0.030142713071106275
v -0.0012351616015594813 -0.002982350014243129 0.03192015036561302
v -0.002182789906228222 -0.0032730330591319856 0.03229115067315158
v 0.0007678678996500196 -0.0038515471857310246 0.03244740068057306
v -0.0015086785079376774 0.0036383106052445546 0.033111463212114334
v -0.003633411341629894 0.0015012396094978009 0.03326771321953581
v 0.0032278219802481245 7.142416773609108e-07 0.03231077347681799
v 0.0038581127568741713 -0.0007637926106838708 0.03268177569170527
v -0.0032664593817567644 -0.0021866668309271364 0.033463025728812656
v 0.0007635609274186245 0.003856614772870526 0.030494275587804598
v -0.001507374239038753 -0.0036396190464688116 0.03233021317500695
v 0.0032194482425151882 -2.326288138181613e-06 0.029810775265423084
v 0.0038511864584037103 0.000767001963329593 0.030259900576672383
v 0.0007635540132795021 -0.003856525365899116 0.031197400621201243
v -0.0038541857642712674 0.0007700124748709 0.03080677560264755
v -0.0032227501015739957 -3.4949453846471186e-16 0.03043577529510899
v 0.003928431697515777 -8.83905259034751e-06 0.03022053289902127
v 0.00392897052353014 -2.8389700639876224e-06 0.030220838074817014
v -0.0038542632503131558 -0.0007700475820083402 0.03088490060635829
v 0.003931526132400914 -3.5047260380732077e-06 0.033970838252932456
v 3.2909886612001935e-06 -0.003930302806613439 0.0336583382380895
v 0.002778125656474756 0.0027831667791507197 0.03287708820098212
v 0.0038513972204376468 0.0007654127842151096 0.034009900754787825
v 0.0006303539575525097 -0.003165711314837699 0.0295373377524355
v 3.5590128335260282e-06 -0.003933136888397831 0.02990833805997406
v 0.0021874939050173237 0.0032674256923037603 0.0341661507622093
v 0.0007692753441939509 -0.0038633908676290185 0.02994740056182943
v -3.006794865565869e-06 0.003936164804496239 0.03428333826777541
v -0.0006288252771553468 0.003165869624781742 0.033912336052888126
v -0.0007674097783285164 0.0038635839866872634 0.03432240076963078
v -0.0012304754841646615 0.002978269956905172 0.033951398554743495
v -0.002183471306559659 -0.003264537727917932 0.03479115079189521
v -0.002281305183047949 -0.00227722965566321 0.03434202357329719
v -0.001230035125028145 -0.0029741987210550602 0.034420148577007925
v 0.00392465967699665 -5.0839627713729525e-05 0.030218396668451053
v 0.003920348830463161 -9.884028606196339e-05 0.030215955262085092
v -0.002981928967012437 0.0012358219018456656 0.03410764856216497
v -0.003274123824183184 0.0021838863933255903 0.034478650777052255
v -0.00268285859453099 0.0017895041362053776 0.0340685860603096
v 0.002977806948002565 -0.0012364202132983393 0.03473264859185088
v 0.003927892871501415 -1.4839134883876744e-05 0.030220227723225523
v 0.00392681521947269 -2.6839298539612592e-05 0.030219617371634033
v 0.0026827439151889954 0.0017893734828178243 0.034927961101127725
v 0.0022776270994534498 0.0022746847756290045 0.034967023602983094
v 0.0032739841108891943 0.0021837268912885954 0.03533802581787038
v 0.0038921305597747202 -0.00038624419616391237 0.026451306645773887
v 0.0006289382875672087 0.0031659134938023803 0.0350842111085492
v 2.5172821510409784e-06 0.0032251810175219775 0.03512327361040457
v 0.0007675476438784301 0.0038636376308701093 0.035494275825291854
v 0.0007641661530104205 -0.0038593987867509283 0.034947400799316686
v -5.377748930957338e-08 -0.0032280162913993216 0.034498273580718664
v 0.0012300700533516423 -0.0029740811806899803 0.0345763985844294
v 0.003909681267471737 -0.0001939332428300706 0.02646107227123773
v -0.0026806746802426895 0.0017940193074708621 0.03531858611968142
v -0.0029736312848098467 0.0012343214144468206 0.035357648621536786
v -0.003271458781179404 0.0021893967237875123 0.03572865083642407
v -0.0007705626853729552 -0.003861298982916622 0.03611927585497776
v -0.0006314088406058488 -0.003163997323591128 0.03570921113823511
v -2.6575970794422967e-06 -0.0032203873733428756 0.03574827364009048
v 0.003922844596267738 -4.97000352802702e-05 0.02646839649033561
v 0.003918456740529541 -9.777777361373065e-05 0.02646595508396965
v -0.0038626360343717303 -0.0007699538238976553 0.035884900843845546
v -0.0031650928570141346 -0.0006309098901007351 0.03547483612710289
v -0.0029812826142137927 -0.001232505976090023 0.03551389862895826
v 0.0032264262778197716 1.9878874080090346e-06 0.03606077365493343
v 0.003165351779603337 0.0006280187070639362 0.0360998361567888
v 0.0038629519390040445 0.0007664254671779433 0.03650990087353145
v 0.0038613063738929254 -0.0005393096464730712 0.025193232779255892
v 0.0007704820998893913 0.0038554355545222796 0.03674427588466367
v 0.0012362814536787115 0.0029811531529191915 0.036295148666065646
v 6.093455884387936e-07 0.0032176243402984306 0.036373273669776385
v 0.0032651435495562042 0.002181168659813326 0.03658802587724219
v 0.002977102182649266 0.0012300929415363232 0.03613889865864417
v 0.002275107253371239 0.002278721202364914 0.03621702366235491
v 0.003266319191625594 -0.0021865273560517373 0.03635365086610998
v 0.002280370105336299 -0.0022829202305794938 0.035904523647511954
v 0.0029725595932458826 -0.001231394587830753 0.03598264865122269
v -0.003933000274545517 9.633072173817834e-19 0.03709583840136199
v -0.003163747222489771 0.00062675830718565 0.03664671118276397
v -0.0032227501015739957 -3.4949453846471186e-16 0.03668577368461934
v 0.003899029201688692 -0.00027160681584099955 0.025207036261967186
v 0.00391789073479587 -0.0001377554154261256 0.02521393704964847
v -0.0017937787431131225 -0.0026836022221145284 0.036881086193896184
v -0.0012360864272717431 -0.0029765771849131484 0.03692014869575155
v -0.0021891029920841076 -0.003275031483756935 0.03729115091063884
v 0.003927321382140164 -7.08297077681077e-05 0.025217387443489114
v 0.0012350558629146274 -0.0029823748097765335 0.03707639870317303
v 0.002274555791171584 -0.0022767335065765337 0.03715452370688377
v 0.002182649477678461 -0.0032728690271417726 0.03752552592177105
v 0.003936752029484458 -3.9040040682109054e-06 0.025220837837329757
v -0.0007692114480117168 0.003863437597672742 0.03807240094774622
v -0.0006303015650672636 0.0031657497002307577 0.03766233623100357
v -0.00123168676981332 0.002980380915104802 0.03770139873285894
v 0.0021889456358144266 0.003270011103498338 0.037916150940324744
v 0.0017936496394464069 0.0026794883093367305 0.03750608622358209
v 0.0012335606207247718 0.002972996614522133 0.03754514872543746
v -0.002282567609484254 -0.0022792764792620157 0.03809202375141263
v -0.0012307969916338507 -0.0029729055386205905 0.03817014875512337
v -0.002185485228392986 -0.003265445149073093 0.03854115097001065
v 0.0012299010145710304 -0.0029759680254146104 0.038326398762544844
v 0.0022796963343997556 -0.0022757078298005218 0.03840452376625558
v 0.002181860550562742 -0.0032646710039099802 0.038775525981142867
v 0.0029801279529803604 -0.001236529170594164 0.03848264876996632
v 0.00268397272460405 0.0017912736789835182 0.03867796127924317
v 0.0022794870028773617 0.002275560725530229 0.038717023781098536
v 0.0032754835254043824 0.0021860459889176675 0.03908802599598582
v -0.003274023688375205 0.0021894992437813954 0.03947865101453951
v -0.0026827765785358837 0.0017941034692332825 0.03906858629779686
v -0.0029754249078656203 0.0012355939736732185 0.03910764879965223
v 0.0007657009726862868 0.003862199728351251 0.0392442760034073
v 0.0006274250447737759 0.0031647354675470862 0.038834211286664644
v 1.516229661486772e-06 0.003227127943731395 0.03887327378852001
v -0.003859882299652312 0.0007708649405409676 0.038306775958878436
v -0.0031628364634743444 0.0006316564979166536 0.03789671124213578
v -0.0032227501015739957 -3.4949453846471186e-16 0.037935914887796685
v -0.0032644969583389694 0.0021825188242909077 0.036978650895795884
v -0.0022763134130202034 0.0022804359088672566 0.03652952367719786
v -0.0029751388055571093 0.0012298859941998336 0.0366076486809086
v -0.0006304451526633476 -0.003165637405074667 0.03945921131635055
v -2.9216093467567764e-06 -0.003222686920647533 0.03949827381820592
v -0.0007693866260710322 -0.003863300506983247 0.039869276033093204
v 0.0022821603905318066 -0.002282825101561914 0.0396545238256274
v 0.002972602270173569 -0.00123278421058505 0.039732648829338135
v 0.003268609679023815 -0.0021882721032964736 0.04010365104422542
v 0.003224226151067322 2.759031616813136e-06 0.039810773833048874
v 0.0031660150601219017 0.0006295673550180472 0.03984983633490424
v 0.0038637616085371307 0.0007683153517396013 0.040259901051646896
v 1.8014649086396266e-06 0.0032185529807081392 0.04012327384789183
v -0.0012361729732200677 0.0029768387301068455 0.040201398851602566
v -0.0007679345376460436 0.0038515886705657587 0.04057240106648985
v -0.00227818142267619 0.002281992543844147 0.040279523855313304
v -0.0029734832268651923 0.0012303287375222544 0.04035764885902404
v -0.0032648395658534113 0.0021844228351540484 0.040728651073911326
v -0.003933000274545517 9.633072173817834e-19 0.040845838579477434
v -0.0032227501015739957 -3.4949453846471186e-16 0.04043577386273478
v -0.0031635107112480687 -0.0006266309916583626 0.04047483636459015
v 0.003266743576716552 0.0021804259859041497 0.040338026055357634
v 0.002979323767074854 0.0012309856999481728 0.03988889883675961
v 0.0022745643742408395 0.002276918996239885 0.03996702384047035
v -0.0017924374001233867 -0.0026842404686810983 0.04063108637201163
v -0.0012365655294292038 -0.002978950880399428 0.040670148873866996
v -0.002187466010042244 -0.003275810397291856 0.04104115108875428
v 0.0022750049717959464 -0.0022785099634937966 0.04090452388499921
v 0.0029773539526807558 -0.0012301598179509377 0.04098264888870995
v 0.0032652808786642895 -0.002181044205309124 0.04135365110359723
v 0.001794170345647897 0.0026817377887373983 0.041256086401697534
v 0.001234974442965997 0.0029744082909960445 0.0412951489035529
v 0.002189580782939321 0.003272756255148501 0.04166615111844019
v -0.00386241192089673 0.0007700900801220836 0.04205677613699388
v -0.0031649092746995067 0.000631021529605702 0.041646711420251226
v -0.0032227501015739957 -3.4949453846471186e-16 0.041685953212886595
v -0.0007704680927972038 0.0038615803168533247 0.041822401125861663
v -0.0006313312949593128 0.003164227635949479 0.04141233640911901
v -0.0012333241094830694 0.002981916569245735 0.04145139891097438
v -0.003860705320626462 -0.000764731920325501 0.0408849010813328
v -0.002974923036732774 -0.0012299025642918682 0.04051389886644552
v 0.0012304391253296215 -0.0029781791194222196 0.04207639894066029
v 0.002277830470511083 -0.0022747429497650684 0.042154523944371025
v 0.002180707319840852 -0.0032658082605863115 0.04252552615925831
v 0.0029818800912014 -0.0012358652940291232 0.042232648948081764
v 0.002684167989429609 0.0017930272477161002 0.04242796145735861
v 0.0022812415252843055 0.0022771533617142736 0.04246702395921398
v 0.003275721943994808 0.00218818603418533 0.04283802617410126
v 0.0006262643038662877 0.003162697465436126 0.042584211464780086
v 1.1440932391898263e-07 0.003228011523027513 0.042623273966635455
v 0.0007642844086312717 0.003859712784034519 0.04299427618152274
v -0.0032739035254056303 -0.002183639391665909 0.04346302620378717
v -0.002682678111658038 -0.0017893018380314013 0.04305296148704452
v -0.002277555097039141 -0.0022746640332116375 0.043092023988899886
v -0.0032756189471637442 0.0021884516324950642 0.043228651192654954
v -0.002684083589248598 0.001793244923889159 0.0428185864759123
v -0.002977710150054852 0.00123640102060181 0.04285764897776767
v 0.002973572156999421 -0.0012342564453809296 0.04348264900745358
v 0.003221799526653968 2.9240466180503093e-06 0.043560774011164316
v 0.0038514890115949607 -0.0007652269965285202 0.0439317762260516
v 0.003221799526653968 2.9240466180503093e-06 0.043560774011164316
v 0.003165149600638656 0.0006308939160551766 0.043599836513019685
v 0.003931839891265915 3.5684664565993293e-06 0.04397083872790697
v 0.0031364189683993904 0.0023646622827255825 0.044099474140510964
v 0.0029812170491014256 0.001232450543767749 0.043638899014875054
v 0.002274863112734643 0.0022754455693510534 0.04371702401858579
v -0.003337549606538398 0.0020737527401758216 0.044485384193020394
v -0.0022802992950149426 0.0022829559933680577 0.044029524033428746
v -0.0029725488644093134 0.0012312186349110188 0.044107649037139485
v -0.002977023266095835 -0.0012300210583313098 0.04426389904456096
v -0.0022752312310382605 -0.002278430570103185 0.0443420240482717
v -0.002904716629665849 -0.0026444743935653825 0.04474265501822838
v -0.0012363645425574749 -0.0029808451161003613 0.04442014905198244
v -4.596867293063757e-07 -0.003218040619157314 0.04449827405569318
v -0.0007312046636747532 -0.0038626887248802144 0.04487129043083238
v -0.003598462990970913 -0.0015804166352387933 0.04467833921927511
v -0.0031652714325383635 -0.0006280721724328392 0.04422483654270559
v -0.000176797592096661 0.003924672074763352 0.04429242916676568
v 2.629695585104142e-06 0.0032203230003234606 0.04387327402600727
v -0.0012351910462553989 0.002974790952833678 0.04395139902971801
v -0.0007676269180597467 -0.0038636557506829816 0.043619276211208646
v -0.0006290031970284521 -0.0031659282757549867 0.04320921149446599
v -2.5464739928675512e-06 -0.003225086603760169 0.04324827399632136
v -0.0021874226178587863 -0.0032673322322163134 0.042291151148126094
v -0.002283012260155398 -0.0022813075672338534 0.04184202392952807
v -0.0012320324767694374 -0.0029724616032052176 0.04192014893323881
v -0.003860202018982073 -0.000770818687334425 0.03963490102196099
v -0.0031630984855052224 -0.0006316185893607759 0.039224836305218336
v -0.002982324265035363 -0.001234221397848137 0.039263898807073705
v -0.0007642405396106333 -0.0038596009657156094 0.03486927579560595
v -0.0006262284218684286 -0.0031626059126974027 0.034459211078863294
v 0.0015017376659332005 0.0036348363695448693 0.035455213323436485
v 0.001230542956625752 0.0029784308894537093 0.03504514860669383
v 0.00218508444674248 0.003274997389898504 0.03666615088095293
v 0.0017904859439607512 0.0026835743271394485 0.03625608616421028
v 0.0021895888891713955 -0.003273046172154459 0.03627552586239924
v 0.0017941769021591336 -0.002681975492072053 0.035865461145656585
v -0.0022829979550399726 0.0022815097461985345 0.03527952361782605
v -0.0027861396205547395 0.002784323109314285 0.0356895883345687
v -0.002684148915942375 -0.0017930860178986402 0.03430296107144182
v -0.0032756985789729465 -0.0021882575597624576 0.03471302578818447
v 0.002281416524529678 -0.002277366984771295 0.03465452358814014
v 0.0026841088616191833 -0.0017931879418460472 0.03469358608999551
v 0.002784209383646652 -0.0027792676815228956 0.03506458830488279
v -0.001236575185382116 0.0029792136176860773 0.03645139867348712
v -0.001792241062414171 0.0026842275940772153 0.03649046117534249
v -0.0015090994359590743 0.0036357917128367057 0.036861463390229776
v -0.0022784148344762167 -0.0022821334492310885 0.036842023692040815
v -0.003264946377381922 -0.002184651478582267 0.0372130259069281
v -0.0029733399372923464 -0.001230417548447188 0.03676389868833008
v -0.0036308187778776035 0.0015009361026321888 0.03701771339765125
v -0.003860993807120877 0.0007648872500371634 0.03705677589950662
v -0.002187226399358866 0.0032757944232462977 0.036900525892085145
v 1.9171638160714414e-06 -0.003218712959582315 0.03699827369946229
v -0.0007677489883780447 -0.003851478521176982 0.037369275914349576
v -0.0038579041406075487 -0.0007637473707563375 0.03713490090321736
v 0.002183610781435058 -0.003264566814985964 0.035025525803027424
v -0.002779743326610795 0.002776037824878397 0.034439588275196886
v -0.002277757037585232 0.0022747205384175684 0.03402952355845423
v -0.0027805463204233494 -0.0027850843798735148 0.03725208840878347
v 0.0038637380050966785 -0.0007685196168669486 0.03768177592919253
v -0.0032742680674303914 -0.002189440831226741 0.03846302596629991
v -0.002682976611733251 -0.0017940555470966069 0.03805296124955726
v 0.001500984978443226 0.003632122927567233 0.03920521350155193
v 0.0012299260485230251 0.0029762076360979883 0.038795148784809275
v -0.0022826641690133764 0.0022795158515268032 0.03902952379594149
v -0.002185714348658385 0.003265612518923572 0.039400526010828774
v -0.0012309163201383588 0.00297281017118442 0.03895139879223075
v 0.002182870014874605 0.0032731241350335283 0.04041615105906837
v 0.00123521965648625 0.0029823323712674377 0.04004514884418109
v 0.002785303486558116 0.002785827530619872 0.037877088438469375
v 0.0022823127400110887 0.002282742370311036 0.03746702372172672
v 0.0032755822307008187 -0.0021863084877857264 0.038853650984853605
v 0.0026840535485062045 -0.0017914887325520823 0.03844358626811095
v 0.00297956218566528 -0.001231125294032867 0.03723264871059451
v 0.0032669712664704087 -0.002180397137254708 0.03760365092548179
v 0.0036362170516020254 -0.001502448510960555 0.03764271342733716
v -0.0027857321631837018 0.002781889809180399 0.03943958851268414
v -0.0015033394812329764 -0.0036374730407363887 0.039830213531237835
v -0.0012318554509660462 -0.002980591438720148 0.03942014881449518
v 0.0038529545706703083 -0.0007640778189226677 0.04018177604793616
v 0.003224226151067322 2.759031616813136e-06 0.039810773833048874
v 0.0012337278713659555 -0.002973114154887213 0.03957639882191666
v 0.0007647599941145236 -0.0038519100588256527 0.03994740103680394
v -0.0022759491094140327 -0.0022746540196308396 0.03934202381078444
v -0.0021804181180906657 -0.003268118536727538 0.039791151029382466
v 0.002189063414598097 -0.0032703231934332055 0.04002552604051468
v 0.0017937463181848246 -0.0026797441324842575 0.03961546132377203
v -0.0032227501015739957 -3.4949453846471186e-16 0.03918562884485999
v 0.0007709439166990462 -0.003858687107258507 0.037447400918060314
v 0.0006317212285639542 -0.003161857039904875 0.03703733620131766
v 0.0029820109830075436 0.001235742031617873 0.034888898599272355
v 0.003639205390214423 0.001508082580670908 0.03529896331601501
v -0.0021876185979401164 0.0032675947310843723 0.03565052583271333
v -0.0012321910251320706 0.002972470186274473 0.03520139861411531
v -0.0007637716894525609 0.0038538207454093254 0.03557240082900259
v 0.0032264262778197716 1.9878874080090346e-06 0.03606077365493343
v 0.0038552922649494337 -0.0007635431056289901 0.036431775869820715
v -0.0015053703307862237 -0.0036392304241664175 0.03608021335312239
v -0.0012335194935179233 -0.0029820314870063203 0.03567014863637974
v 0.0007662137514696452 -0.003851139251522806 0.0361974008586885
v 0.0012351174941202525 -0.002974614046239582 0.035826398643801216
v -0.002274883139896239 -0.0022754355557702555 0.035592023632669
v -0.0032691008213200923 -0.0021806140981719957 0.035963025847556285
v -0.0032227501015739957 -3.4949453846471186e-16 0.03543559814916497
v 0.00277650989368744 0.002780920160773137 0.03662708837909756
v 0.002180626495938698 0.003265992796575301 0.035416150821581116
v -0.0015011180160166837 -0.0036296715076204744 0.03483021329375058
v -0.0036342856226009856 -0.0015089497090842868 0.0346739632863291
v -0.002977979563062033 -0.001236452519017342 0.03426389856958645
v -0.003856922332852175 0.0007708159455206351 0.034556775780762994
v -0.0032227501015739957 -3.4949453846471186e-16 0.03418585367452209
v -0.003851457778759615 0.0007653087145003887 0.03580677584013481
v 2.339680324610035e-06 -0.003928073354374367 0.037408338416204945
v -0.0021811755739524485 -0.0032705926064403867 0.03604115085126702
v 0.003934470363574083 -3.425682591935437e-06 0.0377208384310479
v 0.0015073204756466119 -0.0036301783855437197 0.03623646336054387
v 0.0038527407091946964 0.000764181829032741 0.03775990093290327
v 0.002972666166355803 0.0012329514612262338 0.037388898718015984
v 0.003857135002234835 0.0007708463438909144 0.03525990081415964
v -0.0029756645185489983 -0.0012357124677126602 0.03801389874770189
v -0.00385120314770504 -0.0007670694953953311 0.038384900962589175
v -0.003639640980979131 0.00150645716193068 0.03826771345702307
v -0.002982367895637411 0.001234410106162459 0.037857648740280414
v -0.002180391892045719 0.003267858898882564 0.03815052595145696
v -0.0022761074193580755 0.0022746137268890576 0.037779523736569676
v 1.3731145952165509e-06 -0.0032272924525587887 0.038248273758834106
v -0.00076357100060407 -0.0038567299290497015 0.03861927597372139
v 0.0007655129200230884 -0.003861959640830692 0.03869740097743213
v 0.0006272710263643608 -0.0031645385337913945 0.038287336260689475
v -0.0032716192368907604 -0.0021817411028489386 0.03971302602567173
v 0.0029803658947336054 0.0012364937654334857 0.0386388987773878
v 0.003637197667264447 0.0015090000154068667 0.03904896349413045
v 0.002782110346376543 -0.002777242792434409 0.038814588482998236
v -0.0007635463242799609 0.0038564109249757117 0.039322401007118035
v 1.6757303014977289e-06 -0.003938543745191508 0.03865833847557676
v -3.5535569127941448e-06 0.003933257528204587 0.03803333844589085
v -2.911829527936223e-06 0.003222960863607932 0.0376232737291482
v 0.0039266166167868655 9.081011807435733e-08 0.03897083849041971
v 0.003268904602820172 0.002188434227937963 0.037838025936614006
v 0.0007646223073785527 0.003852066461420972 0.03799427594403548
v 0.0015074451685694046 0.0036395975887956733 0.04045521356092374
v 0.000631719142401288 0.0031615819048515237 0.04008421134603646
v 0.0021816958033167577 0.003264749920463411 0.03916615099969656
v -0.0017936736005147447 0.002683742650664289 0.040240461353457935
v -0.0015086086512906827 0.0036328932580328988 0.04061146356834522
v -0.0038511619012888965 0.0007668820387786088 0.03955677601825025
v 0.0038543638629583155 0.0007700919278661594 0.03900990099227508
v 0.0015056246042129129 -0.0036283480460250206 0.03998646353865931
v -0.003631460123885849 -0.0015080465794637538 0.038423963464444544
v -0.0032718974713857873 0.0021819208704661197 0.0382286509551677
v 0.0007709414133038467 0.0038583514138831876 0.04049427606277911
v -0.0007694562442994365 0.0038531691474016916 0.03682240088837441
v -0.002180677040679868 0.003265873587280088 0.03440052577334152
v -0.0021889747228824585 0.003275202906723451 0.04065052607020059
v -0.0032717694406027287 -0.0021894610968069272 0.042213026144415355
v -0.0026809293112972643 -0.0017940721171886415 0.0418029614276727
v -0.003269380486326662 0.0021806958757485118 0.04197865113328314
v -0.002274968970588792 0.002275312054940415 0.04152952391468512
v -0.0029814504609014525 0.0012326943267764595 0.041607648918395856
v -0.002784284962339817 0.00277936543314497 0.043189588690799585
v -0.0022814782749445983 0.0022774473318362687 0.04277952397405693
v 0.0015010960815063645 0.0036297528083598096 0.04295521367966737
v 0.0012300171244245678 0.0029742654782603795 0.04254514896292472
v -0.001501787853046485 -0.0036349372206086195 0.04358021370935328
v -0.0012305839646233052 -0.002978513620704587 0.043170148992610624
v -0.002514389395931599 0.0030327474127245235 0.04442106457936967
v -0.0017941999095531097 0.002682160981735404 0.04399046153157338
v 0.00278321160184572 0.0027860969436270533 0.04162708861658482
v 0.0022805987487645174 0.0022829631459257704 0.041217023899842165
v 0.0026829215370388626 -0.0017895785228055905 0.042193586446226394
v 0.0027798332104193857 -0.0027760652430162958 0.04256458866111368
v 2.9683799030141606e-06 -0.003936274477047835 0.0424083386536922
v 2.4323280659026704e-06 -0.003225433264390648 0.04199827393694955
v 0.0006287617386009983 -0.003165841729806662 0.04203733643880492
v -0.003638521367278491 0.001504363250660265 0.04201771363513851
v -0.000763707912479622 -0.003854082529021613 0.04236927615183683
v -0.0007641259794779337 0.0038592841074089335 0.04307240118523348
v -0.0012300912726061902 0.0029740175229263366 0.042701398970346194
v 0.003634403878221837 0.001508970570710949 0.04279896367224589
v 0.0029780765994283365 0.0012364695659465574 0.04238889895550324
v 0.003274200594969301 -0.0021839772308085426 0.04260365116296905
v -0.00218369017482567 0.0032645877958219216 0.043150526188944216
v 0.0007673322326819804 -0.0038635498928288325 0.04244740115554757
v -0.002778208149307043 -0.002783252609843273 0.04100208858689891
v -0.0022764989026835547 -0.0022806323657857674 0.04059202387015626
v 0.003735176979092897 0.0012499957678371865 0.04403515834155769
v 0.002276235450141134 -0.0022801834235799956 0.04465452406311465
v 0.0031311310824823357 0.0007545481682586994 0.04485808394827151
v 0.0028601688313005524 0.0014698602659281995 0.04490539001130944
v 0.0031453591887031784 0.0013107302811436738 0.04500000213738531
v 0.0034782044155415304 0.00045187311530628035 0.04500000213738531
v 0.0032274564845490017 -3.4769439858609204e-07 0.04481077407053613
v 0.003569635083946754 -0.0004616200249107742 0.04500000213738531
v 0.003163478286319771 -0.0006254720984949502 0.04477171156868076
v 0.0032274564845490017 -3.4769439858609204e-07 0.04481077407053613
v -0.0017906545059041823 -0.0026832317196250066 0.04438108655012707
v 0.0005390092986537823 -0.003891413158236129 0.0449356100444831
v 0.0024338828289210968 0.0021060555981554374 0.044952696074347376
v 0.0018715866500985945 0.002623601084392191 0.04500000213738531
v 0.0025989934248371593 0.002056902744716066 0.04500000213738531
v 0.0029749156457564707 -0.001228526292978635 0.04473264906682539
v 0.0030382696641159668 -0.002217944488967921 0.04500000213738531
v 0.003413210792535676 -0.0013701711351785106 0.04500000213738531
v -0.001920508237505253 -0.0034388298237512938 0.044806974631879104
v -0.003922847934128004 -0.0003601321153032938 0.04461401960562439
v -0.0032227501015739957 -3.4949453846471186e-16 0.04418564434113703
v -0.0029737979394045544 -0.001234480082018749 0.04176389892581733
v -0.0038513657491837106 -0.0007654722100487732 0.04213490114070462
v -0.003858230058820661 0.0007638198500078269 0.040806776077622064
v 7.541899461892298e-07 -0.0032176820375973136 0.040748273877577734
v -0.0007693016298435454 -0.003852940980810654 0.04111927609246502
v 0.0036335219678558517 -0.0015012702462866706 0.0413927136054526
v 0.0038631226467147894 -0.000766634679491042 0.04143177610730797
v -0.0021810444437277143 0.0032703069809690566 0.0419005261295724
v -2.7173563266034853e-06 0.003220626745607663 0.04137327390726364
v 0.0007660344010849973 0.003851167861753657 0.041744276122150925
v 0.0032665402056589188 0.0021867445553876153 0.04158802611472945
v 0.002972517154736787 0.001231537877403599 0.041138898896131426
v 0.00218339358209918 0.003264523184383916 0.042916151177812
v -0.002982053183098049 -0.0012356987586437107 0.04301389898518915
v -0.0036392568886299548 -0.0015080297709531287 0.0434239637019318
v 0.0007705706723957345 -0.0038557478828757374 0.041197401096175756
v 0.0012361997953114906 -0.002981345556721665 0.04082639888128847
v 0.0021848202789442883 -0.003274830496885206 0.041275526099886495
v 0.0017902694598806446 -0.002683437474868544 0.04086546138314384
v 0.003937219329921693 -2.5672008105807333e-06 0.04147083860916334
v 0.001508641314637571 -0.0036383933364954324 0.041236463598031126
v -0.003629182511091511 -0.0015065425157860524 0.042173963642559986
v 0.0038522812765709458 0.0007687636382942495 0.042759901170390524
v -0.0038572539731114575 -0.0007708663710525102 0.04338490120007643
v -0.0032227501015739957 -3.4949453846471186e-16 0.04293569005813458
v -0.0038520466726779667 0.0007685241468201667 0.04330677619636569
v 0.003927148051824925 -1.4785456707755342e-06 0.042720838668535155
v 0.003854996387478715 0.000763565695790433 0.04150990111101871
v -0.00326448050745623 -0.002182715519628009 0.04096302608504354
v -0.002180601461986703 -0.003266055023827402 0.04354115120749791
v 0.0012336017479316203 0.0029820181355652564 0.04379514902229653
v 0.0006314404906737278 0.003163887174202351 0.0438342115241519
v 0.0010803689277719825 0.0037881142508180976 0.04422810955311496
v 0.0007637981539160982 -0.0038537339610424104 0.043697401214919385
v 0.0012322511066168579 -0.0029724868755758027 0.0433263990000321
v 0.002219664917516434 0.0032441491237390763 0.044163793754161684
v -0.001420449324364692 0.0036644043278737104 0.0443567487804164
v -0.003824555578690325 0.0009000078271146836 0.04454969999197367
v 0.002282992471412393 -0.002281593431123774 0.04340452400374284
v 0.002187691792447377 -0.003267708695170596 0.04377552621863012
v 0.0026805838427597373 -0.0017940030950067132 0.04344358650559821
v 0.002786132706415617 -0.0027844253908895777 0.04381458872048549
v 0.003271347916534856 -0.0021893766966259165 0.04385365122234086
v -3.3162244773725423e-06 0.003930408902886179 0.041783338624006294
v 0.003927281089398382 1.6426888376261357e-06 0.03522083831230427
v 0.003275649703161909 -0.00218838201426666 0.03510365080673816
v -0.003852216903551531 -0.0007687009342049675 0.03463490078447373
v -0.0036341914472577674 0.0015089375497361751 0.02701771292267674
v -0.003933000274545517 9.633072173817834e-19 0.027095757817741095
v -0.0027796746620567525 -0.0027760201819027053 0.027252087933808955
v -3.035355037826206e-06 -0.003936077304873553 0.027408337941230432
v 0.0015036792277243333 -0.003627556019467626 0.02748646294494117
v 0.0036290506656110055 -0.0015064196110026878 0.027642712952362647
v 0.003931615777790914 3.514124247450687e-06 0.027720837956073385
v 0.003931615777790914 3.514124247450687e-06 0.027720837956073385
v 0.00363839190598389 0.001504216027180677 0.027798962959784124
v 0.0027762726671899662 0.0027768551238063766 0.027877087963494862
v 3.2704872235607733e-06 0.003930220790618333 0.02803333797091634
v -0.0027830335031586717 0.002786065472373117 0.028189587978337816
v -0.003627650671648025 0.0015028395174488535 0.028267712982048554
v -0.0036333252725187504 -0.0015012168405224152 0.02842396298947003
v -0.0015087065221220525 -0.003638244801713597 0.028580212996891508
v -8.074869785288665e-07 -0.003926768489428967 0.028658338000602246
v 0.002778061998711112 -0.0027830995451082197 0.028814588008023723
v 0.0036286849314932923 0.001501544785293546 0.029048963019155938
v 0.003939158865154807 -9.268970319738112e-07 0.0289708380154452
v 0.003939158865154807 -9.268970319738112e-07 0.0289708380154452
v 0.0015085420132946586 0.003632688456463723 0.029205213026577415
v -0.0015073182106700028 0.0036396335900028276 0.02936146303399889
v -0.0027758389837739816 0.002778575313936299 0.02943958803770963
v -0.0036277713114547805 -0.0015046035765994142 0.029673963048841845
v -0.0015054940700346547 -0.0036282545859375737 0.02983021305626332
v 0.001503207039705995 -0.003637309724001947 0.0299864630636848
v 0.0027776597865490638 -0.0027759238607921732 0.030064588067395537
v 0.0027856582534206697 0.0027817031274240955 0.03037708808223849
v 0.0015020993469348765 0.003628049784368398 0.03045521308594923
v -0.0015009641168165638 0.0036319352921365677 0.030611463093370705
v -0.003637012892856867 0.0015090291024748986 0.030767713100792182
v -0.003933000274545517 9.633072173817834e-19 0.03084583810450292
v -0.002781947029642101 -0.0027771266825808716 0.031002088111924397
v -1.7882426885891452e-06 -0.003938417144919992 0.031158338119345874
v 0.0015021402357231345 -0.0036280171210215095 0.031236463123056613
v 0.0036312722500365935 -0.001507954907515735 0.03139271313047809
v 0.003639609271306604 0.0015063102960789776 0.031548963137899566
v 0.0039290403801771345 2.869926529346263e-06 0.03147083813418883
v 0.002777605665529037 0.0027759374506518275 0.031627088141610304
v 3.5623567473890125e-06 0.003933043189891794 0.03178333814903178
v -0.0027851861846116266 0.0027858942878251913 0.03193958815645326
v -0.0036277496153630517 0.001504546356137712 0.032017713160163996
v -0.0036360313235200836 -0.0015023384807810736 0.03217396316758547
v -0.002775842083215657 -0.0027786387332813522 0.03225208817129621
v -2.249966948058744e-06 -0.003927946992521442 0.03240833817871769
v 0.002780363691783083 -0.0027849756609962806 0.032564588186139165
v 0.00362873404572292 -0.0015015143869232667 0.0326427131898499
v 0.003939189621152972 8.716507996005832e-07 0.03272083819356064
v 0.0036306492622598108 0.0015009477851431197 0.03279896319727138
v 0.003939189621152972 8.716507996005832e-07 0.03272083819356064
v 0.0015090932370757232 0.0036355866728489394 0.03295521320469286
v -8.570295001459331e-07 0.003926788039753382 0.033033338208403595
v -0.0027764283545295143 0.002780754936689972 0.03318958821582507
v -0.0036276363665325995 -0.0015028883932598908 0.03342396322695729
v -0.0015072093725834734 -0.00363001626090223 0.033580213234378764
v 0.0015052177428883512 -0.003639142686125141 0.03373646324180024
v 0.0027763019926765886 -0.0027768126852972808 0.03381458824551098
v 0.0027861524951586225 0.0027841664683003753 0.03412708826035393
v 0.001503624749076421 0.0036275536352817217 0.03420521326406467
v -0.0015016555307287988 0.0036346399126263584 0.03436146327148615
v -0.0036391054928250344 0.0015081800938743922 0.034517713278907625
v -0.003933000274545517 9.633072173817834e-19 0.0345959145765673
v -0.0027840737234686996 -0.002779099834835236 0.03475208829003984
v -6.562930814418435e-08 -0.003939427086069036 0.03490833829746132
v 0.0015011605737350747 -0.003629527979629038 0.034986463301172055
v 0.003634074860567049 -0.0015089103700168666 0.03514271330859353
v 0.0027795850166667524 0.002775994194276349 0.03537708831972575
v 3.0720565995898835e-06 0.003935966917066186 0.035533338327147224
v -0.001503749084371328 0.0036275619799323866 0.03561146333085796
v -0.0036289789016152874 0.0015063489198906266 0.03576771333827944
v -0.003933000274545517 9.633072173817834e-19 0.03584565905121018
v -0.0036383165657093153 -0.0015041334151390945 0.035923963345700916
v -0.0027762364275642215 -0.0027769104369193554 0.036002088349411654
v -3.2432949313968733e-06 -0.003930116840112907 0.03615833835683313
v 0.002782932413676331 -0.00278604472995575 0.03631458836425461
v 0.0036276711756468016 -0.0015027771709874571 0.036392713367965346
v 0.00393748635874297 2.4259906483120445e-06 0.036470838371676084
v 0.00393748635874297 2.4259906483120445e-06 0.036470838371676084
v 0.003633214884711383 0.0015011885879194498 0.03654896337538682
v 0.001508740973608369 0.003638158494183863 0.0367052133828083
v 7.436370713873662e-07 0.0039267448859885146 0.03678333838651904
v -0.0027779816516461386 0.0027830127607413047 0.036939588393940515
v -0.0036286234194969624 -0.0015015848396167375 0.03717396340507273
v -0.0015085029126458288 -0.0036325740155403186 0.037330213412494206
v 0.0015072452545813325 -0.003639649564048386 0.03748646341991568
v 0.002775836838006668 -0.0027784944900341446 0.03756458842362642
v 0.003627801352197174 0.0015046771287345606 0.03779896343475864
v 0.0015054205178995084 0.0036282045180335842 0.037955213442180114
v -0.001503133725989439 0.0036372160254959096 0.03811146344960159
v -0.00277773035845183 0.0027759076483280243 0.03818958845331233
v -0.003933000274545517 9.633072173817834e-19 0.03834597960453934
v -0.0027856143844000314 -0.0027815979848257177 0.03850208846815528
v -0.0015020478485193445 -0.0036280931765518554 0.03858021347186602
v 0.0015009543416543564 -0.003631830626375371 0.0387364634792875
v 0.003636907273421308 -0.001509043288381029 0.038892713486708974
v 0.0027818547616476064 0.0027770632632358183 0.03912708849784119
v 1.8503860052392648e-06 0.003938342758319779 0.039283338505262666
v -0.0015021934030687994 0.0036279768282797276 0.039361463508973404
v -0.003631167822693987 0.0015079019785886605 0.03951771351639488
v -0.003933000274545517 9.633072173817834e-19 0.03959569356160264
v -0.003639587813633466 -0.0015062269687816238 0.03967396352381636
v -0.0027775370009749945 -0.0027759565241390616 0.039752088527527096
v -3.565492044985374e-06 -0.003932923026922219 0.03990833853494857
v 0.0027851172816389935 -0.0027859283816836222 0.04006458854237005
v 0.003627722912480924 -0.001504473042421156 0.04014271354608079
v 0.0039348015269961845 3.367084471249301e-06 0.04022083854979153
v 0.0036359259425031154 0.0015022781608776958 0.040298963553502265
v 0.0027758473284246465 0.0027787207492764587 0.040377088557213
v 0.0039348015269961845 3.367084471249301e-06 0.04022083854979153
v 2.19848320085801e-06 0.003927878089548809 0.04053333856463448
v -0.0027802614102077905 0.0027849124800698177 0.04068958857205596
v -0.003628798418742335 0.0015014763591580937 0.040767713575766695
v -0.003630555325335183 -0.0015009562490030798 0.04092396358318817
v -0.0015090876342388482 -0.0036354708014139925 0.04108021359060965
v 9.204030939755547e-07 -0.00392681521947269 0.04115833859432039
v 0.002776384962346057 -0.0027806624302768868 0.041314588601741864
v 0.0036276194388126792 0.0015029519318142393 0.04154896361287408
v 0.0015071459532384202 0.003629927092349411 0.041705213620295556
v -0.001505131912195798 0.0036390899956166567 0.04186146362771703
v -0.0027763410933254185 0.0027767597563702062 0.04193958863142777
v -0.003933000274545517 9.633072173817834e-19 0.0420960141149318
v -0.00278615678669325 -0.0027840765844917847 0.042252088646270725
v -0.0015035556076851975 -0.003627551489514408 0.04233021364998146
v 0.0015016110656616843 -0.003634529286400401 0.04248646365740294
v 0.0036390456497588375 -0.0015082330228014668 0.042642713664824416
v 0.002783995999008221 0.0027790068515849697 0.04287708867595663
v 1.396235814278967e-07 0.0039394211256042755 0.04303333868337811
v -0.0015011865613614311 0.0036294502551685592 0.04311146368708885
v -0.003633956604946198 0.0015088867665764144 0.043267713694510324
v -0.003933000274545517 9.633072173817834e-19 0.043345750960179785
v -0.0027794970402068853 -0.0027759689219057637 0.04350208870564254
v -3.1076820180674786e-06 -0.00393585152246842 0.043658338713064015
v 0.001503822398087884 -0.003627582245512573 0.043736463716774754
v 0.0036289066607823883 -0.00150626964570931 0.04389271372419623
v 0.003931839891265915 3.5684664565993293e-06 0.04397083872790697
v -0.0037422541965310974 -0.0012099688627835448 0.025000001187436283
v -0.003414220256847539 -0.0013668627196084665 0.025000001187436283
v -0.00356978409556577 -0.0004578263082999183 0.025000001187436283
v -0.0032931803836973306 -0.0021502219267760525 0.025000001187436283
v -0.003928656764665139 -0.00018478738649204025 0.025000001187436283
v -0.0034775981170660775 0.00045437946093580817 0.025000001187436283
v -0.0038393046295312483 0.0008533644485488392 0.025000001187436283
v -0.0017507640954935594 -0.0035254422908626015 0.025000001187436283
v -0.0024754644616029053 -0.0029535111399638103 0.025000001187436283
v -0.002612956171166858 -0.0029395493473084733 0.025000001187436283
v -0.003039460564975144 -0.0022159317592275463 0.025000001187436283
v -0.0031436366143873518 0.0013138801483510848 0.025000001187436283
v -0.0034804691537319854 0.001831618038390312 0.025000001187436283
v -0.0025973132890304285 0.002058647968797983 0.025000001187436283
v -0.0028773375924157074 0.002681309350530403 0.025000001187436283
v -0.0018715866500985945 0.002623601084392191 0.025000001187436283
v -0.000982575224816179 0.003069310095659278 0.025000001187436283
v -0.0020722437889170164 0.0033427976765508516 0.025000001187436283
v -0.0011216978367479397 0.003769653022524244 0.025000001187436283
v -9.241921893635759e-05 0.003931914277866128 0.025000001187436283
v -2.917939872832893e-17 0.0032227501015739957 0.025000001187436283
v 0.0024721196871978213 -0.002946606537585078 0.025000001187436283
v 0.001748694502919368 -0.003522862124877013 0.025000001187436283
v 0.0026469239061634176 -0.0029090005348986203 0.025000001187436283
v 0.0033426117100503194 -0.002072543719503772 0.025000001187436283
v 0.0030391289247158615 -0.0022130786039559203 0.025000001187436283
v 0.003415995283253259 -0.0013705491478536308 0.025000001187436283
v 0.003782524526965564 -0.0010774965798038272 0.025000001187436283
v 0.003570412805388723 -0.00046518116418666974 0.025000001187436283
v 0.0034753865462212874 0.0004503436898510224 0.025000001187436283
v 0.003933000274545517 -4.816536086908917e-19 0.025000001187436283
v 0.003794970215804383 0.001032807280005113 0.025000001187436283
v 0.000982575224816179 0.003069310095659278 0.025000001187436283
v 0.0018715866500985945 0.002623601084392191 0.025000001187436283
v 0.001912897796889565 0.0034364680491945354 0.025000001187436283
v 0.0009433463067846926 0.0038181917096746787 0.025000001187436283
v 0.0027481817120288132 0.002813536539199163 0.025000001187436283
v 0.003144300133324507 0.0013139408258823482 0.025000001187436283
v 0.0033905691326772958 0.001993121122614641 0.025000001187436283
v 0.002601538543289955 0.0020632973697298773 0.025000001187436283
v -0.0032227501015739957 -3.4949453846471186e-16 0.025189225439588014
v -0.0032192584613172093 -0.00023084099197098057 0.025203557257895692
v -0.0032227501015739957 -3.4949453846471186e-16 0.025435876147104075
v -0.0031856977068545067 -0.0004555368639830304 0.025464131611092622
v -0.003050195838846248 -0.0010330826534770549 0.025254447229184906
v -0.0031683632448190058 0.0006132865839429333 0.025397837891513175
v -0.0026844796025272954 -0.0017727967150626966 0.025305335293125397
v -0.002862922566019971 -0.0014783594118396998 0.02553042533067207
v -0.0021510420867271174 -0.0024012073226846453 0.02535622526441461
v -0.0014788597332517084 -0.002869613783760272 0.025407115235703825
v -0.0022285896406118444 -0.0023341873800787616 0.025596719050251515
v -0.0013387017885910235 -0.002926568408734148 0.025663012769830962
v -0.0007048499918983764 -0.0031430503430734946 0.025458003299644316
v 0.00011694808114725338 -0.003216160926990397 0.02550889327093353
v -0.00030385748995163595 -0.003207860860601902 0.02572930648941041
v 0.0007589376929270295 -0.003136507660115029 0.025795600208989855
v 0.0009302686298673021 -0.0030874411142053915 0.02555978133487402
v 0.0016789762579163398 -0.0027556423065604185 0.025610671306163235
v 0.001738454901297759 -0.0027080735062358363 0.0258618939285693
v 0.002315672269183472 -0.002236656295200312 0.025661559370103726
v 0.00253461301444588 -0.001989762877559198 0.02592818764814875
v 0.0018715866500985945 0.002623601084392191 0.025000001187436283
v 0.000982575224816179 0.003069310095659278 0.025000001187436283
v 0.0009098215535291443 0.0030876812017259503 0.025066369293615942
v -2.917939872832893e-17 0.0032227501015739957 0.025000001187436283
v -0.00015485756834758037 0.003218202982217394 0.02513266301319539
v -0.000982575224816179 0.003069310095659278 0.025000001187436283
v -0.0011971742483376374 0.002996724271059903 0.025198956732774835
v -0.0018715866500985945 0.002623601084392191 0.025000001187436283
v -0.0024711679201848413 0.0020615333105793165 0.025050891158725497
v -0.002911666531576762 0.0013656293802401936 0.025101779222665987
v -0.00279126275922581 0.0016093502809078064 0.02533154417193373
v -0.0021056059406938943 0.0024336289131222932 0.025265250452354282
v -0.0031690405920344056 0.000585100857392086 0.0251526691939552
v 0.0028070534608883035 -0.0015740284475269234 0.02571244934139294
v 0.0031210960440113122 -0.0008138136654202779 0.025763339312682154
v 0.0030489319818984006 -0.0010570961739047452 0.025994481367728195
v 0.00011694808114725338 -0.003216160926990397 0.02550889327093353
v -0.0008095130112815291 -0.0038462898173935445 0.025050553558001454
v 0.0001871390431598674 -0.003923239655872074 0.02510106968894088
v 0.0009302686298673021 -0.0030874411142053915 0.02555978133487402
v 0.001170617755224465 -0.0037574002143250795 0.025151585819880307
v -0.0021131142189435848 -0.003239476834622501 0.025000001187436283
v -0.0014788597332517084 -0.002869613783760272 0.025407115235703825
v -0.0024754644616029053 -0.0029535111399638103 0.025000001187436283
v -0.0019319392168232197 -0.0033824595627425513 0.025000001187436283
v 0.002315672269183472 -0.002236656295200312 0.025661559370103726
v 0.0020739649327213006 -0.0033473819892075596 0.025202101950819733
v 0.002841267005451592 -0.0027134653426583166 0.02525261808175916
v 0.0031210960440113122 -0.0008138136654202779 0.025763339312682154
v 0.0034329737863332543 -0.001908031911877564 0.025303132305349862
v 0.003810858430670361 -0.0009860586992362433 0.02535364843628929
v 0.0028070534608883035 -0.0015740284475269234 0.02571244934139294
v 0.003889688676571579 0.00038340987596093 0.026673695877528214
v 0.0038520464342593763 0.0007685240872155191 0.0266932271284559
v 0.003218104992176729 -1.3965545885491005e-06 0.02706422743599446
v 0.0016789762579163398 -0.0027556423065604185 0.025610671306163235
v 0.003908509916936975 0.00019085277033363546 0.02666393025206437
v 0.0032264563185621653 -2.1441370335882376e-06 0.025814227376622645
v 0.003937523075205895 -2.616675462061951e-06 0.025404164567228715
v 0.0038553459091322795 0.0007633024220619553 0.025443227069084084
v 0.002972548625990723 0.0012312183964924284 0.025892352380333383
v 0.0036276575857871474 0.001502562117418893 0.025482289570939454
v 0.00326623288409586 0.0021864086235937052 0.025521352072794823
v 0.002280299056596352 0.0022829559933680577 0.02597047738404412
v 0.0027828458677280066 0.0027860881221392075 0.025560414574650192
v 0.0021896167841464753 0.003273272431396773 0.02559947707650556
v 0.003922625966420318 4.643494111316454e-05 0.02665660603296649
v 0.0039179205371196735 9.457421751998818e-05 0.02665904743933245
v 0.003937523075205895 -2.616675462061951e-06 0.025404164567228715
v 0.0012351909270461037 0.0029747907144150876 0.02604860238775486
v 0.001507410121036612 0.0036303939159494647 0.02563853957836093
v 0.0007662980324413607 0.0038512150686345614 0.0256776020802163
v -2.629707692298187e-06 0.00322032276190487 0.0261267273914656
v -3.2092592806296568e-06 0.003930037923559476 0.02571666458207167
v 0.003926154799977211 1.0330482876724193e-05 0.02665477497819202
v 0.0039249784426520495 2.236530290975272e-05 0.02665538532978351
v 0.003926742978639791 4.313073325871238e-06 0.026654469802396275
v -0.0006314404310690802 0.0031638866973651703 0.026165789893320968
v -0.0007706013091846042 0.0038611642764130316 0.025755727083927038
v -0.0015054705858034978 0.0036392137348650877 0.025794789585782407
v -0.0022748628743160526 0.002275445330932463 0.026282977398887075
v -0.0021812399469718635 0.003270630753414855 0.025833852087637776
v -0.0027762116320308172 0.0027769221194302862 0.025872914589493146
v -0.001233601628722325 0.0029820176587280756 0.026204852395176337
v 0.0032214483360702706 2.860959988002621e-06 0.028314227495366273
v 0.0038969115677685295 0.0003867907409801398 0.027923695936900028
v 0.0031649090362809162 0.0006310214700010544 0.028353289997221642
v 0.003927331157302372 -1.7043361085663898e-06 0.02665416462660053
v -0.002981216810682835 0.001232450543767749 0.026361102402597814
v -0.0032690040233723794 0.002180572374918671 0.025911977091348515
v -0.0036382359802257513 0.0015040657042594135 0.025951039593203884
v -0.003862705175762954 0.0007699342735732403 0.025990102095059253
v 0.003922786422131674 9.931629622832953e-05 0.027909047498704265
v 0.003914161391204429 0.00019514111611265358 0.027913930311436186
v 0.0032214483360702706 2.860959988002621e-06 0.028314227495366273
v 0.003927098937595297 5.14038862861675e-05 0.027906606092338304
v -0.0032227501015739957 -3.4949453846471186e-16 0.026439406697088552
v -0.003933000274545517 9.633072173817834e-19 0.026029343887694623
v -0.00385148853475778 -0.0007652269369238726 0.02606822709876999
v 0.003929255195327108 2.7447681315086484e-05 0.027905385389155324
v -0.0029735719185808307 -0.0012342563261716344 0.02651735241001929
v -0.003628906422363798 -0.0015062695265000148 0.02610728960062536
v -0.0032713476781162654 -0.0021893766966259165 0.02614635210248073
v 0.0017941996711345193 0.002682160981735404 0.02600953988589949
v 0.003930333324193014 1.5469578829545977e-05 0.027904775037563834
v -0.0022829922329938024 -0.0022815931927051836 0.02659547741373003
v -0.0027861324679970267 -0.0027844251524709873 0.0261854146043361
v -0.0021876915540287867 -0.0032677084567520054 0.02622447710619147
v -0.0012322509874075627 -0.0029724866371572123 0.026673602417440767
v -0.0015038222788785888 -0.0036275820070939824 0.026263539608046838
v 2.5464739928675512e-06 -0.0032250863653415784 0.026751727421151505
v -0.0007637980943114506 -0.00385373372262382 0.026302602109902207
v 3.1076820180674786e-06 -0.003935851284049829 0.026341664611757576
v 0.003911631769960011 0.00019481498928327484 0.03166393048955163
v 0.0032193755248451084 2.2930112825181054e-06 0.03206422958083044
v 0.003920256800887256 9.88066764912943e-05 0.03165904767681971
v 0.0006290031374238045 -0.0031659280373363963 0.026790789923006875
v 0.0007676268584550991 -0.0038636552738458008 0.026380727113612945
v 0.0015017877338371899 -0.003634936982190029 0.026419789615468314
v 0.0032193755248451084 2.2930112825181054e-06 0.03206422958083044
v 0.0038943819465241114 0.00038683162976839783 0.03167369611501547
v 0.003162836225055754 0.000631656438312006 0.03210329208268581
v 0.003924569316350879 5.0802516370013553e-05 0.03165660627045375
v 0.0022775548586205507 -0.002274663794793047 0.026907977428572982
v 0.002180601461986703 -0.0032660547854088118 0.026458852117323683
v 0.002779496801788295 -0.0027759686834871733 0.026497914619179053
v 0.00327390328698704 -0.0021836391532473187 0.026536977121034422
v 0.0029820529446794586 -0.0012356986394344155 0.02698610243228372
v 0.0036392566502113644 -0.0015080296517438335 0.02657603962288979
v 0.003857253734692867 -0.0007708663710525102 0.02661510212474516
v 0.00392672557408269 2.6800438172018418e-05 0.031655385567270766
v 0.003927803702948596 1.479939907302085e-05 0.031654775215679276
v 0.0026826778732394474 -0.0017893015996128109 0.02694703993042835
v 0.00123058384541401 -0.0029785133822859966 0.026829852424862244
v 0.0029777099116362615 0.0012364009013925148 0.027142352439705197
v 0.0036339563665276076 0.0015088866473671192 0.026732289630311268
v 0.003275618708745154 0.002188451394076474 0.026771352132166637
v 0.0026840833508300077 0.0017932448046798638 0.027181414941560567
v 0.0027842847239212265 0.0027793651947263798 0.026810414634022006
v 0.001230091153396895 0.002974017284507746 0.027298602447126674
v 0.0021836899364070794 0.003264587557403331 0.026849477135877375
v 0.001501186442152136 0.0036294497783313784 0.026888539637732745
v 0.003909626192777349 0.0001938576641369056 0.03541393066766707
v 0.0038920580805232308 0.0003861770813307075 0.03542369629313091
v 0.003217992458602048 1.2604724050351322e-06 0.03581422975894588
v -1.1440935302281447e-07 0.0032280112846089226 0.027376727450837413
v 0.0007641259198732861 0.003859283868990343 0.026927602139588114
v -1.3962361053172853e-07 0.003939420887185685 0.026966664641443483
v 0.002281478036526008 0.0022774470934176783 0.027220477443415936
v 0.0038569220944335847 0.0007708158859159875 0.0354432275440586
v 0.003918410010485818 9.76979629905856e-05 0.03540904785493515
v -0.0006262642442616401 0.0031626972270175358 0.027415789952692782
v -0.0007642842894219765 0.0038597125456159287 0.027005727143298852
v -0.0015010959622970693 0.003629752569941219 0.02704478964515422
v 0.0039228021577586425 4.9618116142716075e-05 0.03540660644856919
v -0.002281241286865715 0.002277153123295683 0.02753297745825889
v -0.00218339358209918 0.0032645229459653258 0.02708385214700959
v -0.0027839957605896304 0.0027790066131663793 0.02712291464886496
v -0.0012300171244245678 0.002974265239841789 0.02745485245454815
v 0.0039249979929764645 2.5578188993490838e-05 0.03540538574538621
v -0.0026841677510110185 0.001793027128506805 0.02757203996011426
v -0.0032757214671576274 0.0021881857957667394 0.02716197715072033
v -0.0036344036398032464 0.0015089704515016539 0.027201039652575698
v 0.003926096149003966 1.3558226350200838e-05 0.03540477539379472
v -0.0032227501015739957 -3.4949453846471186e-16 0.027689153079080153
v -0.0038522810381523553 0.0007687635786896019 0.027240102154431067
v -0.003933000274545517 9.633072173817834e-19 0.027279090269686224
v -0.002978076361009746 0.0012364694467372622 0.027611102461969628
v 0.0039283427673815485 8.798879057860757e-06 0.03165447003988353
v -0.002680583604341147 -0.0017940028565881228 0.02655641491187466
v 0.003926644988599126 7.548244562894529e-06 0.03540447021799897
v -0.0029818798527828094 -0.001235865174819828 0.027767352469391104
v -0.003856803123556962 -0.0007707970508473438 0.027318227158141806
v -0.003639045411340247 -0.0015082329035921715 0.027357289659997175
v -0.0032742003565507105 -0.002183976992389952 0.027396352161852544
v 0.0032262868029443725 2.0627243027081103e-06 0.037064229818317695
v 0.0039001895849682944 0.0003845381323354727 0.03667369635250273
v 0.0031654426170862893 0.000628128081592294 0.037103292320173065
v 0.00391875285641885 0.00019352772261008004 0.036663930727038885
v -0.002277830470511083 -0.002274742711346478 0.027845477473101843
v -0.0027798329720007953 -0.0027760650045977053 0.027435414663707913
v -0.002180707319840852 -0.003265808022167721 0.027474477165563282
v -0.0012304391253296215 -0.002978178881003629 0.02792360247681258
v -0.0015016109464523891 -0.00363452880956322 0.02751353966741865
v -0.0007673321730773328 -0.003863549654410242 0.02755260216927402
v -0.002682921298620272 -0.0017895784035962953 0.027806414971246474
v -2.4323278330720156e-06 -0.003225432787553467 0.02800172748052332
v -2.968379437352851e-06 -0.003936274238629245 0.02759166467112939
v 0.0007637078528749744 -0.0038540822906030225 0.02763072717298476
v 0.0012320323575601422 -0.002972461364786627 0.028079852484234058
v 0.0015035554884759023 -0.0036275512510958174 0.02766978967484013
v 0.003932675548425357 5.0269919041326036e-05 0.036656606507941
v 0.0032262868029443725 2.0627243027081103e-06 0.037064229818317695
v 0.0039349958381473815 2.6393619688297194e-05 0.03665538580475802
v 0.003936156221426984 1.4455470011782772e-05 0.03665477545316653
v 0.0022830120217368077 -0.002281307328815263 0.028157977487944796
v 0.002187422379440196 -0.003267331993797723 0.027708852176695498
v 0.0027861565482746597 -0.0027840763460731943 0.027747914678550867
v 0.00393673629385749 8.486395173525562e-06 0.03665447027737079
v 0.002680929072878674 -0.001794071878770051 0.028197039989800166
v 0.0032717692021841382 -0.002189460858388337 0.027786977180406236
v 0.00362918203425433 -0.0015065423965767571 0.027826039682261605
v -0.0006287616789963507 -0.0031658414913880717 0.02796266497866795
v 0.003928034730562718 9.802251774738372e-05 0.036659047914306964
v 0.0038904001176454095 0.00038499348204086223 0.039173696471246355
v 0.003854185525852677 0.0007700124152662524 0.03919322772217404
v 0.0032175177671885102 -2.085256991359034e-08 0.039564229937061324
v 0.0039085072943324806 0.00019248401542816714 0.03916393084578251
v 0.002981450222482862 0.0012326942075671643 0.02839235249907701
v 0.0036385211288599006 0.0015043631314509698 0.027982289689683082
v 0.0032693802479080714 0.0021806958757485118 0.02802135219153845
v 0.003917560763466721 9.622928212181959e-05 0.03915904803305059
v 0.0022749687321702017 0.0022753118165218245 0.02847047750278775
v 0.002776340854906828 0.002776759517951616 0.02806041469339382
v 0.002181044205309124 0.0032703065041318757 0.02809947719524919
v 0.0038624116824781396 0.000770090020517436 0.027943227187827713
v 0.003922087617243136 4.810191919393629e-05 0.03915660662668463
v 0.0012333239902737742 0.0029819163308271446 0.02854860250649849
v 0.0015051317929865027 0.0036390897571980663 0.02813853969710456
v 0.0007704680331925562 0.003861579840016144 0.028177602198959928
v 0.0006313312353546652 0.0031642273975308888 0.028587665008353857
v 3.3162242445418876e-06 0.003930408664467588 0.028216664700815297
v -0.001234974442965997 0.002974408052577454 0.028704852513919965
v -0.0007660342818757021 0.0038511676233350667 0.028255727202670666
v -0.001507145834029125 0.0036299268539308205 0.028294789704526035
v -0.0017941701072293065 0.002681737550318808 0.028743915015775334
v -0.002189580782939321 0.0032727557783113204 0.028333852206381405
v -0.0027832113634271294 0.002786096705208463 0.028372914708236774
v 0.0039254826979708 1.2006393272733342e-05 0.03915477557191016
v 0.003924351163340639 2.4038235867349404e-05 0.03915538592350165
v 2.7173560937728306e-06 0.0032206265071890727 0.028626727510209227
v 0.00385136551076512 -0.0007654721504441256 0.027865102184116974
v 0.002973797700985964 -0.0012344799628094538 0.028236102491655535
v -0.0029725169163181964 0.0012315377581943038 0.028861102521341442
v -0.0032665399672403284 0.0021867445553876153 0.028411977210092143
v -0.0036276189619754984 0.001502951812604944 0.028451039711947512
v -0.0038549961490601248 0.0007635656361857854 0.02849010221380288
v 0.003224052582333492 2.7907119526772786e-06 0.04081422999643314
v 0.0038991693918198622 0.0003859261755666081 0.04042369653061817
v 0.003166005046541104 0.0006296748818023293 0.04085329249828851
v 0.003916879363135284 0.0001946659627630968 0.04041393090515433
v -0.003165491254478736 -0.0006281900704258048 0.02897829002690755
v -0.003863122408296199 -0.0007666346198863944 0.02856822721751362
v -0.0036335217294372613 -0.0015012701270773754 0.02860728971936899
v -0.002275004733377356 -0.002278509725075206 0.029095477532473657
v -0.003265280640245699 -0.002181044205309124 0.028646352221224358
v -0.0027763847239274664 -0.0027806621918582963 0.028685414723079727
v -0.0029773537142621653 -0.0012301598179509377 0.02901735252876292
v -0.0017902693406713494 -0.0026834372364499537 0.029134540034329026
v -0.002184820040525698 -0.003274830020048025 0.028724477224935097
v -0.0015086411954282758 -0.003638393098076842 0.028763539726790466
v -0.0012361996761021954 -0.0029813453183030747 0.029173602536184395
v -0.0007705706127910869 -0.0038557474060385566 0.028802602228645835
v 0.003930162139645088 5.122079943517283e-05 0.040406606686056445
v 0.003224052582333492 2.7907119526772786e-06 0.04081422999643314
v 0.003932375856257192 2.731327283473392e-05 0.040405385982873465
v 0.003933482595353949 1.535951046583708e-05 0.040404775631281975
v -7.541898879815661e-07 -0.003217681799178723 0.029251727539895134
v -9.204029775602274e-07 -0.0039268149810541 0.028841664730501204
v 0.0007693015702388978 -0.0038529407423920636 0.028880727232356573
v 0.0039340362033209175 9.382628350066043e-06 0.04040447045548623
v 0.0012365654102199086 -0.0029789506419808376 0.029329852543605872
v 0.001509087515029553 -0.003635470562995402 0.028919789734211943
v 0.002187466010042244 -0.0032758101588732658 0.028958852236067312
v 0.00392573446800229 9.903585636134114e-05 0.040409048092422406
v 0.0022764986642649643 -0.002280632127367177 0.02940797754731661
v 0.0027782079108884528 -0.0027832523714246826 0.02899791473792268
v 0.0032644802690376395 -0.0021827152812094186 0.02903697723977805
v 0.0029749227983141835 -0.001229902445082573 0.02948610255102735
v 0.0036305550869165926 -0.0015009561297937846 0.02907603974163342
v 0.003889698213315196 0.0003835368934649794 0.0429236966493618
v 0.00385216612039177 0.0007686559326960246 0.04294322790028948
v 0.0032180224993444417 -1.2964474187407784e-06 0.043314230115176766
v 0.003227852020990518 -6.557797626077815e-07 0.029564227554738087
v 0.003860704843789281 -0.0007647318607208534 0.02911510224348879
v 0.003939226576034488 -8.003046766999518e-07 0.029154164745344158
v 0.003227852020990518 -6.557797626077815e-07 0.029564227554738087
v 0.003939226576034488 -8.003046766999518e-07 0.029154164745344158
v 0.0038582298204020704 0.0007638197904031793 0.029193227247199527
v 0.003908464378986204 0.00019097735894829486 0.042913931023897955
v 0.002973482988446602 0.0012303286183129591 0.029642352558448826
v 0.0036287981803237446 0.0015014762399487985 0.029232289749054896
v 0.003264839327434821 0.002184422596735458 0.029271352250910265
v 0.0022781811842575994 0.0022819923054255564 0.029720477562159564
v 0.0027802611717892 0.0027849122416512273 0.029310414752765634
v 0.002188974484463868 0.0032752026683048607 0.029349477254621004
v 0.003922538943634812 4.655771551136242e-05 0.042906606804800074
v 0.003917847581031003 9.469759914053355e-05 0.042909048211166034
v 0.0012361729732200677 0.002976838491688255 0.029798602565870302
v 0.0015086085320813875 0.0036328930196143083 0.029388539756476373
v 0.000767934478041396 0.003851588193728578 0.029427602258331742
v 0.0039266440349247644 4.435318267160301e-06 0.04290447057422986
v 0.003927230544657212 -1.5821667208247808e-06 0.04290416539843411
v -1.8014647922242992e-06 0.003218552742289549 0.02987672756958104
v -2.198482968027355e-06 0.003927877851130218 0.02946666476018711
v -0.0007709413536991991 0.0038583509370460067 0.02950572726204248
v 0.003926057763610907 1.0452803720806692e-05 0.0429047757500256
v 0.003924884744146012 2.2487773696776856e-05 0.04290538610161709
v 0.0017936734813054495 0.0026837424122456988 0.029759540064014933
v 0.0017924372809140915 -0.002684240230262508 0.02936891504546124
v -0.0022805987487645174 0.00228296290750718 0.028782977517630703
v 0.003926048703704471 5.99047244108662e-06 0.039154470396114416
v 0.0032215596775519995 3.0713839518284184e-06 0.04456423017454858
v 0.0038663091111758308 0.000519259894715858 0.0441805974964149
v 0.00310773601987821 0.0008728754935009853 0.04461870023939163
v -0.0012352195372769548 0.0029823321328488472 0.02995485257329178
v -0.0015074450493601094 0.003639597350377083 0.02954478976389785
v -0.0021828697764560145 0.003273123896614938 0.02958385226575322
v -0.002274564135822249 0.0022769187578212946 0.030032977577002518
v -0.002775847090006056 0.0027787205108578683 0.029622914767608588
v 0.0038989281122063513 0.0002615040664902951 0.044167383384459136
v 0.0039152376127216115 0.00013262618217983746 0.04416077251378381
v -0.0029793235286562636 0.0012309856999481728 0.030111102580713256
v -0.0032667433382979616 0.0021804259859041497 0.029661977269463957
v -0.003635925704084525 0.0015022780416684006 0.029701039771319326
v 0.003923392482188537 6.818722512344673e-05 0.04415746898579487
v -0.0038637613701185403 0.0007683152921349537 0.029740102273174696
v -0.0029726020317549784 -0.0012327840913757548 0.030267352588134733
v -0.0036277226740623336 -0.0015044729232118609 0.029857289778740803
v -0.0032686094406052246 -0.002188271864877883 0.029896352280596172
v -0.002282160152113216 -0.0022828248631433234 0.03034547759184547
v -0.002785117043220403 -0.002785928143265032 0.02993541478245154
v -0.0017937461989755293 -0.002679743894065667 0.03038454009370084
v -0.0021890631761795065 -0.003270322955014615 0.02997447728430691
v -0.0015056244850036177 -0.0036283475691878397 0.03001353978616228
v 2.9216091139261217e-06 -0.0032226866822289424 0.030501727599266948
v -0.0007647598749052284 -0.0038519098204070623 0.03005260228801765
v 3.5654918121547194e-06 -0.003932922788503629 0.03009166478987302
v -0.0012337277521566603 -0.0029731139164686227 0.03042360259555621
v 0.0039295083958701404 1.9858012919089394e-05 0.044154993247151886
v 0.0032215596775519995 3.0713839518284184e-06 0.04456423017454858
v 0.003930527873762801 1.1803144218363172e-05 0.04415457744513018
v 0.003927469678503409 3.596775032054184e-05 0.0441558172218004
v -0.003852954332251718 -0.0007640777593180201 0.029818227276885434
v 0.0006304450930586999 -0.0031656371666560768 0.030540790101122317
v 0.0007693865664663846 -0.0038633002685646567 0.030130727291728387
v 0.0015033393620236812 -0.0036374728023177982 0.030169789793583757
v 0.001231855331756751 -0.0029805912003015578 0.030579852602977686
v 0.0021804178796720752 -0.0032681182983089474 0.030208852295439126
v 0.0022759488709954423 -0.002274653781212249 0.030657977606688425
v 0.002777536762556404 -0.002775956285720471 0.030247914797294495
v 0.00327161899847217 -0.002181740864430348 0.030286977299149864
v 0.0029823240266167728 -0.0012342212786388418 0.030736102610399163
v 0.0036395875752148754 -0.0015062268495723286 0.030326039801005233
v 0.0038602017805634825 -0.0007708185681251298 0.030365102302860603
v 0.003219579611158513 -2.3835269935055365e-06 0.0308142276141099
v 0.003929130979241496 -2.9088236841838815e-06 0.030404164804715972
v 0.003851161662870306 0.0007668819791739612 0.03044322730657134
v 0.00297542466944703 0.0012355938544639233 0.03089235261782064
v 0.0036311675842753965 0.0015079018593793653 0.03048228980842671
v 0.0032740234499566145 0.002189499005362805 0.03052135231028208
v 0.0022826641690133764 0.002279515613108213 0.030970477621531378
v 0.0027857319247651113 0.002781889809180399 0.03056041481213745
v 0.0021857141102397948 0.0032656122805049814 0.030599477313992818
v 0.0026827763401172933 0.001794103230814692 0.03093141511967601
v 0.003929130979241496 -2.9088236841838815e-06 0.030404164804715972
v 0.003163098247086632 -0.0006316185297561283 0.030775165112254532
v 0.003931037374290541 7.775709402338751e-06 0.044154371451468055
v 0.0012309162009290636 0.0029728099327658297 0.031048602625242117
v 0.0015021932838595042 0.003627976589861137 0.030638539815848187
v 0.0007635462646753133 0.0038564106865571213 0.030677602317703556
v -1.5162295450714446e-06 0.0032271277053128045 0.031126727628952855
v -1.8503857724086101e-06 0.003938342519901189 0.030716664819558925
v -0.0006274250447737759 0.0031647349907099054 0.031165790130808224
v -0.0007657009130816392 0.0038621994899326606 0.030755727321414295
v -0.0015009848592339309 0.0036321226891486424 0.030794789823269664
v -0.0022794867644587713 0.002275560725530229 0.03128297763637433
v -0.0021816955648981673 0.0032647496820448207 0.030833852325125033
v -0.002781854523229016 0.002777063024817228 0.030872914826980402
v -0.00122992592931373 0.002976207397679398 0.031204852632663593
v -0.0026839724861854597 0.001791273559774223 0.0313220401382297
v -0.003275483286985792 0.002186045750499077 0.03091197732883577
v -0.0036371974288458564 0.0015089998961975715 0.03095103983069114
v -0.002980365656315015 0.0012364936462241904 0.03136110264008507
v -0.003854363624539725 0.0007700918086568642 0.03099010233254651
v -0.0032227501015739957 -3.4949453846471186e-16 0.03143922764379581
v -0.003933000274545517 9.633072173817834e-19 0.03102916483440188
v -0.003854087058974831 -0.0007699664600829478 0.031068227336257248
v -0.00298012771456177 -0.001236529170594164 0.03151735264750655
v -0.0036369070350027177 -0.0015090431691717338 0.031107289838112617
v -0.0032755819922822282 -0.002186308249367136 0.031146352339967986
v -0.002279696095981165 -0.0022757075913819313 0.031595477651217285
v -0.0027821101079579524 -0.0027772425540158185 0.031185414841823356
v -0.0021818603121441515 -0.0032646705270727994 0.031224477343678725
v -0.0012299008953617352 -0.00297596778699602 0.031673602654928024
v -0.0015009542224450612 -0.0036318303879567804 0.031263539845534094
v -0.0006272709667597132 -0.003164538295372804 0.03171266515678339
v -0.0007655128604184408 -0.0038619591639935114 0.03130260234738946
v -1.6757300686670741e-06 -0.0039385432683543276 0.03134166484924483
v 0.0012307968724245555 -0.002972905300202 0.0318298526623495
v 0.0007635709409994224 -0.0038567294522125206 0.0313807273511002
v 0.0015020477293100493 -0.0036280926997146745 0.03141978985295557
v -1.3731144788012235e-06 -0.0032272922141401983 0.03175172765863876
v 0.0022825673710656635 -0.0022792764792620157 0.03190797766606024
v 0.002185485228392986 -0.0032654449106545025 0.03145885235481094
v 0.002785614145981441 -0.0027815977464071273 0.03149791485666631
v 0.0026829763733146605 -0.0017940554278873116 0.03194704016791561
v 0.003274267829011801 -0.0021894405928081506 0.03153697735852168
v 0.0036314598854672586 -0.0015080464602544585 0.03157603986037705
v 0.0038598820612337215 0.00077086488093632 0.031693227365943155
v 0.0036396407425605404 0.0015064570427213847 0.031732289867798524
v 0.0038512029092864497 -0.0007670694357906835 0.03161510236223242
v 0.002975664280130408 -0.001235712348503365 0.03198610266977098
v -0.002684053310087614 -0.001791488613342787 0.031556415149361916
v 0.002276107180939485 0.0022746137268890576 0.032220479588251916
v 0.003271897232967197 0.0021819206320475293 0.031771352369653894
v 0.0027777301200332394 0.002775907409909434 0.03181041487150926
v 0.0021803916536271284 0.0032678584220453832 0.03184947737336463
v 0.0012316866506040247 0.0029803806766862118 0.032298604591962654
v 0.0015031336067801437 0.003637215787077319 0.03188853987522
v 0.0007692113884070692 0.0038634373592541515 0.03192760237707537
v 2.911829295105568e-06 0.0032229606251893417 0.03237672959567339
v 3.5535564471328353e-06 0.003933257051367406 0.03196666487893074
v -0.0007646222477739051 0.0038520662230023817 0.03200572738078611
v 0.0006303015650672636 0.0031657494618121673 0.03233766709381802
v -0.0012335605015154766 0.0029729963761035427 0.03245485459938413
v -0.0015054203986902132 0.0036282040411964034 0.03204478988264148
v -0.002188945397395836 0.0032700106266611573 0.03208385238449685
v -0.0017936495202371117 0.0026794883093367305 0.0324939171012395
v -0.0027853032481395257 0.0027858272922012817 0.032122914886352216
v -0.0029726659279372125 0.0012329513420169386 0.03261110460680561
v -0.0032689043644015814 0.002188434227937963 0.032161977388207585
v -0.0036278008753599933 0.0015046770095252654 0.032201039890062955
v -0.0038527402323575155 0.0007641817694280933 0.032240102391918324
v -0.0022823127400110887 0.0022827421318924457 0.03253297960309487
v -0.0029795619472466894 -0.001231125294032867 0.032767354614227084
v -0.0036362165747648445 -0.0015024483917512599 0.03235728989748443
v -0.0032669710280518183 -0.002180397137254708 0.0323963523993398
v -0.002274555791171584 -0.0022767332681579433 0.03284547961793782
v -0.0027758365995880774 -0.002778494251615554 0.03243541490119517
v -0.0012350557437053322 -0.002982374571357943 0.03292360462164856
v -0.002182649477678461 -0.003272868788723182 0.03247447740305054
v -0.0015072451353720373 -0.0036396493256297957 0.03251353990490591
v -0.0006317211689593066 -0.0031618568014862847 0.03296266712350393
v -0.0007709438570943986 -0.0038586868688399167 0.03255260240676128
v -2.339680324610035e-06 -0.003928073115955777 0.03259166490861665
v 0.001236086308062448 -0.002976576946494558 0.03307985462907004
v 0.0007677489287733971 -0.0038514782827583915 0.032630727410472016
v 0.0015085027934365336 -0.003632573777121728 0.032669789912327385
v 0.0021891029920841076 -0.0032750312453383446 0.032708852414182754
v 0.0022784145960576263 -0.002282133210812498 0.033157979632780776
v 0.002780546082004759 -0.0027850843798735148 0.03274791491603812
v 0.0032649461389633316 -0.002184651478582267 0.03278697741789349
v 0.002973339698873756 -0.001230417548447188 0.033236104636491515
v 0.0036286229426597816 -0.0015015847204074423 0.03282603991974886
v 0.0038579039021889583 -0.0007637473111516899 0.03286510242160423
v 0.0017937786239038273 -0.002683601983695938 0.03311891713092541
v -1.9171635832407867e-06 -0.0032187127211637245 0.0330017296253593
v -0.003165995748216077 -0.0006297346652638786 0.032728292112371715
v -0.003863737766678088 -0.000768519557262301 0.03231822739562906
v 0.0032277616603447468 8.173308257794661e-07 0.03331422964020225
v 0.003939116188227121 9.974593304753522e-07 0.0329041649234596
v 0.0038609935687022867 0.0007648871904325158 0.03294322742531497
v 0.002975138567138519 0.0012298858749905384 0.03339235464391299
v 0.003630818539459013 0.0015009359834228936 0.03298228992717034
v 0.0032644964815017885 0.0021825185858723173 0.03302135242902571
v 0.002276313174601613 0.002280435670448666 0.03347047964762373
v 0.002777981413227548 0.0027830125223227142 0.03306041493088108
v 0.002187226399358866 0.0032757941848277072 0.033099477432736446
v 0.0031637469840711807 0.0006267582475810024 0.03335329214205762
v 0.0012365750661728209 0.002979213379267487 0.03354860465133447
v 0.001509099316749779 0.003635791235999525 0.033138539934591815
v 0.0007694561846947889 0.003853168908983101 0.033177602436447184
v -6.093455884387936e-07 0.00321762410187984 0.03362672965504521
v -7.436370131797026e-07 0.003926744409151334 0.033216664938302554
v -0.0012362813344694162 0.002981152914500601 0.033704854658755945
v -0.0007704820402847437 0.003855435316103689 0.03325572744015792
v -0.0015087408543990738 0.0036381582557652725 0.03329478994201329
v -0.001790485824751456 0.002683574088720858 0.033743917160611314
v -0.00218508444674248 0.0032749969130613232 0.03333385244386866
v -0.0027765096552688495 0.0027809199223545467 0.03337291494572403
v 0.0017922409432048758 0.002684227355658625 0.0335095421494791
v -0.0029771019442306756 0.001230092822327028 0.03386110466617742
v -0.003265143311137614 0.0021811684213947358 0.0334119774475794
v -0.0036332144078742024 0.0015011884687101545 0.03345103994943477
v -0.003862951700585454 0.0007664254075732957 0.03349010245129014
v -0.002972559354827292 -0.0012313944686214578 0.0340173546735989
v -0.003855291788112253 -0.0007635430460243425 0.033568227455000876
v -0.003627670698809621 -0.001502777051778162 0.033607289956856246
v -0.0022803698669177086 -0.0022829202305794938 0.03409547967730964
v -0.0032663189532070036 -0.002186527117633147 0.033646352458711615
v -0.0027829321752577407 -0.0027860444915371596 0.033685414960566984
v -0.0017941767829498384 -0.0026819752536534625 0.034134542179165006
v -0.002189588650752805 -0.0032730459337358686 0.03372447746242235
v -0.0015073203564373167 -0.0036301781471251293 0.03376353996427772
v 2.657596846611642e-06 -0.003220387134924285 0.034251729684731114
v -0.0007662136918649975 -0.003851138774685625 0.03380260246613309
v 3.2432946985662186e-06 -0.003930116363275726 0.03384166496798846
v -0.0012351173749109573 -0.0029746138078209916 0.034173604681020375
v 0.0006314087810012012 -0.0031639970851725374 0.03429079218658648
v 0.0007705626257683076 -0.003861298744498032 0.03388072746984383
v 0.0015053702115769285 -0.003639230185747827 0.0339197899716992
v 0.002274883139896239 -0.002275435317351665 0.03440797969215259
v 0.002181175335533858 -0.0032705923680217963 0.03395885247355457
v 0.002776236189145631 -0.002776910198500765 0.03399791497540994
v 0.0012335194935179233 -0.00298203124858773 0.03432985468844185
v -0.0022751070149526487 0.0022787209639463235 0.03378297966246668
v 0.003939116188227121 9.974593304753522e-07 0.0329041649234596
v 0.0032277616603447468 8.173308257794661e-07 0.03331422964020225
v 0.0029823676572188207 0.0012344099869531638 0.03214235458454118
v -0.0006317190827966404 0.0031615816664329333 0.02991579007143641
v 0.0029812823757952023 -0.0012325058568807279 0.03448610469586333
v 0.003269100582901502 -0.0021806138597534053 0.03403697747726531
v 0.003638316327290725 -0.0015041332959297993 0.034076039979120676
v 0.00386263579595314 -0.0007699537642930077 0.034115102480976045
v 0.0029736310463912563 0.0012343212952375254 0.034642354703284806
v 0.0038514575403410245 0.0007653086548957411 0.03419322748468678
v 0.003628978663196697 0.0015063488006813314 0.03423228998654215
v 0.0032217103581011486 -2.8885990821929147e-06 0.03456422969957407
v 0.0039317311723886805 -3.525206986615013e-06 0.034154164982831414
v 0.0039317311723886805 -3.525206986615013e-06 0.034154164982831414
v 0.0032217103581011486 -2.8885990821929147e-06 0.03456422969957407
v 0.002680674441824099 0.001794019188261567 0.034681417205140175
v 0.0032714585427608134 0.002189396485368922 0.03427135248839752
v 0.002786139382136149 0.0027843228708956946 0.03431041499025289
v 0.002282997716621382 0.002281509507779944 0.034720479706995544
v 0.0021876185979401164 0.003267594492665782 0.03434947749210826
v 0.0012321909059227754 0.0029724699478558825 0.03479860471070628
v 0.0015037489651620328 0.003627561741513796 0.03438853999396363
v 0.0007637716298479133 0.003853820506990735 0.034427602495819
v -2.5172819182103236e-06 0.003225180779103387 0.03487672971441702
v -3.0720563667592288e-06 0.003935966440229005 0.03446666499767437
v -0.0007675475842737825 0.003863637392451519 0.03450572749952974
v -0.0012305428374164568 0.002978430651035119 0.03495485471812776
v -0.0015017375467239052 0.0036348358927076885 0.034544790001385106
v -0.0021806262575201074 0.0032659925581567106 0.034583852503240475
v -0.0022776268610348593 0.002274684537210414 0.0350329797218385
v -0.002779584778248162 0.0027759939558577584 0.034622915005095845
v -0.0026827439151889954 0.001789373363608529 0.03507204222369387
v -0.003273983872470604 0.0021837268912885954 0.034661977506951214
v -0.0036392051517958324 0.0015080824614616128 0.03470104000880658
v -0.0032227501015739957 -3.4949453846471186e-16 0.03518930983790636
v -0.0038571347638162445 0.0007708462842862668 0.03474010251066195
v -0.003933000274545517 9.633072173817834e-19 0.03477924893586115
v -0.002982010744588953 0.0012357419124085778 0.035111104725549236
v -0.0029778067095839744 -0.0012364202132983393 0.03526735473297071
v -0.003852106277325573 -0.000768589235095353 0.03481822751437269
v -0.0036340746221484588 -0.0015089102508075714 0.03485729001622806
v -0.0032756494647433188 -0.0021883817758480695 0.03489635251808343
v -0.0022814162861110876 -0.002277366984771295 0.03534547973668145
v -0.0027842091452280615 -0.002779267443104305 0.0349354150199388
v -0.0021836105430164676 -0.0032645665765673737 0.03497447752179417
v -0.0012300699341423471 -0.00297408094227139 0.03542360474039219
v -0.0015011604545257795 -0.0036295277412104476 0.035013540023649536
v -0.0007641660934057729 -0.0038593983099137474 0.035052602525504906
v -0.002684108623200593 -0.001793187822636752 0.03530641723482608
v -0.000628938227962561 0.00316591325538379 0.03491579221627239
v 5.37774856715944e-08 -0.003228016052980731 0.03550172974410293
v 6.562930814418435e-08 -0.003939426609231855 0.035091665027360275
v 0.0007642404800059857 -0.003859600727297019 0.035130727529215644
v 0.000626228362263781 -0.0031626056742788122 0.0355407922459583
v 0.0015011178968073885 -0.0036296710307832936 0.03516979003107101
v 0.0022813049446293587 -0.0022772294172446195 0.035657979751524405
v 0.0021834710681410685 -0.0032645374894993417 0.03520885253292638
v 0.002784073485050109 -0.0027790995964166454 0.03524791503478175
v 0.0026841486775237844 -0.001793085898689345 0.035697042253379774
v 0.003275698340554356 -0.0021882575597624576 0.03528697753663712
v 0.0036342853841823952 -0.0015089495898749916 0.03532604003849249
v 0.0012300350058188497 -0.00297419848263647 0.035579854747813666
v 0.0029819287285938467 0.0012358217826363704 0.03589235476265662
v 0.003639105254406444 0.001508179974665097 0.03548229004591397
v 0.0032741235857645934 0.002183886154907 0.035521352547769336
v 0.0022777567991666414 0.0022747205384175684 0.03597047976636736
v 0.0027797430881922047 0.002776037824878397 0.035560415049624705
v 0.0021806768022612777 0.0032658731104429073 0.035599477551480074
v 0.0026828583561123998 0.0017895040169960824 0.03593141726451199
v 0.0038522166651329404 -0.0007687008746003199 0.03536510254034786
v 0.0029779793246434427 -0.0012364523998080468 0.03573610475523514
v 0.0012304754841646615 0.0029782697184865814 0.036048604770078096
v 0.0015016554115195035 0.003634639674207768 0.035638540053335444
v 0.0007674097187238688 0.003863583748268673 0.03567760255519081
v 0.0006288252771553468 0.0031658693863631515 0.036087667271933466
v 3.006794632735214e-06 0.0039361643276590585 0.03571666505704618
v -0.0012320891011846635 0.00297246303371676 0.03620485477749957
v -0.000763729727780646 0.0038539871615854426 0.03575572755890155
v -0.0015036246298671258 0.0036275533968631313 0.03579479006075692
v -0.0022830084454579513 0.0022813810001597046 0.03628297978121031
v -0.0021874936665987332 0.00326742545388517 0.03583385256261229
v -0.002786152256740032 0.002784166229881785 0.03587291506446766
v 2.463805606266558e-06 0.0032253429037448766 0.036126729773788835
v -0.002680837758558541 0.0017940541165850643 0.03632204228306568
v -0.003271657622283819 0.002189439162296608 0.03591197756632303
v -0.003629107409235527 0.0015064731359762384 0.0359510400681784
v -0.0032227501015739957 -3.4949453846471186e-16 0.03643905049785179
v -0.0038513969820190563 0.000765412724610462 0.035990102570033766
v -0.003933000274545517 9.633072173817834e-19 0.03602898959580658
v -0.002973736665826815 0.0012344230999756373 0.03636110478492105
v -0.0031649765087420068 -0.0006309821905382818 0.03647829229048716
v -0.003862494175310427 -0.0007700419791714652 0.036068227573744505
v -0.0036384488880270016 -0.0015042799233629112 0.036107290075599874
v -0.0022749367840790846 -0.0022753554471238724 0.036595479796053265
v -0.003269279158425731 -0.0021806648813317564 0.03614635257745524
v -0.002776301754257998 -0.0027768124468786903 0.03618541507931061
v -0.0029813910946724365 -0.0012326260198503025 0.03651735479234253
v -0.0012333943237579498 -0.0029819592461734212 0.036673604799764004
v -0.0021810899816784857 -0.0032704095009629397 0.03622447758116598
v -0.001505217623679056 -0.00363914220928796 0.03626354008302135
v -0.0007705032595392916 -0.0038614799426267554 0.03630260258487672
v -2.6966777048358288e-06 -0.0032205397228221577 0.03675172980347474
v -3.2909884283695387e-06 -0.003930302568194849 0.03634166508673209
v 0.0007660985356858219 -0.003851155463986955 0.03638072758858746
v 0.0012350264182187098 -0.002974481247084715 0.03682985480718548
v 0.0015072092533741782 -0.0036300160224836397 0.03641979009044283
v 0.0021895850744739487 -0.0032728611593282886 0.036458852592298197
v -0.0006313601436087543 -0.0031641456199543727 0.03671266730161937
v 0.002280516732769411 -0.0022829490792289353 0.03690797981089622
v 0.002783111466037741 -0.0027860797774885426 0.036497915094153566
v 0.003266459143338174 -0.002186666592508546 0.036536977596008935
v 0.0029725309830150315 -0.0012314856637322957 0.03698610481460696
v 0.003627636128114009 -0.0015028882740505956 0.036576040097864304
v 0.0038630628036485926 0.0007665589219839342 0.03669322760343041
v 0.0036334111032113037 0.0015012394902885057 0.03673229010528578
v 0.0038551017684956834 -0.0007635563378607588 0.03661510259971967
v 0.001794173802717458 -0.002681823857848542 0.03686891730904085
v 0.00227504049616592 0.002278585780605552 0.03722047982573917
v 0.0032652298570859384 0.002181087835911172 0.03677135260714115
v 0.002776428116110924 0.002780754936689972 0.03681041510899652
v 0.0021849149311246874 0.0032748917704629454 0.03684947761085189
v 0.00123623019368177 0.0029812776074233938 0.03729860482944991
v 0.0015086783887283822 0.003638310366825964 0.03688854011270726
v 0.0007705397375836268 0.0038556343956266947 0.03692760261456263
v 7.022607939460304e-07 0.0032176596262498136 0.03737672983316065
v 8.570294419382694e-07 0.003926787801334791 0.036966665116417996
v -0.0007693578370262383 0.003853021566294218 0.037005727618273365
v 0.0017903470651318282 0.002683487781191124 0.03725954232759454
v -0.0012365699401731267 0.002979045532579827 0.03745485483687139
v -0.001509093117866428 0.003635586434430349 0.037044790120128734
v -0.0021873806561868714 0.0032758065825944094 0.037083852621984104
v -0.0017923673050578015 0.002684237369239423 0.03749391733872676
v -0.0027781254180561654 0.0027831665407321293 0.03712291512383947
v -0.002974999807518891 0.0012298955309434506 0.037611104844292864
v -0.003264484560572267 0.002182643755632291 0.03716197762569484
v -0.0036306490238412203 0.0015009476659338244 0.03720104012755021
v -0.0038608097479690684 0.0007647868162059465 0.03724010262940558
v -0.0022764311918038738 0.0022805617938830014 0.037532979840582126
v 0.002977262876779213 0.0012301346647896477 0.037142354822028434
v -0.0029734302979381178 -0.0012303597319390097 0.03776735485171434
v -0.0036287338073043296 -0.0015015142677139715 0.03735729013497169
v -0.003264876282316337 -0.002184504851149155 0.03739635263682706
v -0.002278264869182839 -0.002282044042259679 0.03784547985542508
v -0.0027803634533644928 -0.00278497542257769 0.037435415138682426
v -0.0017937128203728697 -0.002683693774853252 0.03788454235728045
v -0.0021890224066005437 -0.0032751430636572543 0.037474477640537796
v -0.0015085715771998714 -0.0036327776250165422 0.037513540142393165
v 1.8436512621363717e-06 -0.0032186092474954797 0.038001729862846556
v -0.000767867840045372 -0.003851546947312434 0.037552602644248534
v 2.249966715228089e-06 -0.003927946515684261 0.0375916651461039
v -0.0012361425748497884 -0.0029767440779264465 0.03792360485913582
v 0.000631720811331421 -0.0031616808485665504 0.038040792364701925
v 0.0007709434398618653 -0.003858472053689943 0.03763072764795927
v 0.0015073741198294577 -0.003639618808050221 0.03766979014981464
v 0.001235161482350186 -0.0029823497758245388 0.038079854866557294
v 0.0021827896678096315 -0.003273032820713395 0.03770885265167001
v 0.0022745598442876214 -0.0022768515237787945 0.03815797987026803
v 0.0027758418447970667 -0.002778638494862762 0.03774791515352538
v 0.0032668244006187064 -0.0021804140649746284 0.03778697765538075
v 0.0029794098361859978 -0.001231035052596391 0.03823610487397877
v 0.003636031085101493 -0.0015023383615717784 0.03782604015723612
v 0.0038637558864909605 -0.0007683893807119285 0.03786510265909149
v 0.003224128637863838 -2.7772576004640487e-06 0.03831422987768951
v 0.0039346823177009715 -3.3893272493553176e-06 0.03790416516094686
v 0.003852875892535468 0.0007641142969670028 0.037943227662802226
v 0.002972623727846707 0.0012328441728605422 0.03839235488140025
v 0.003627749138525871 0.0015045462369284168 0.037982290164657595
v 0.0032687150600407833 0.002188331231106899 0.038021352666512964
v 0.002282216657319147 0.0022827969681682436 0.038470479885110986
v 0.002785185946193036 0.002785894049406601 0.03806041516836833
v 0.0021890221681819533 0.003270210421439934 0.0380994776702237
v 0.001233667670671873 0.0029730702858665747 0.038548604888821725
v 0.0015055511712870617 0.0036282944018421748 0.03813854017207907
v 0.0007647096281872962 0.00385196441826427 0.03817760267393444
v -2.9190400604820214e-06 0.0032227851491067883 0.03862672989253246
v -3.5623565145583578e-06 0.0039330429514732035 0.03821666517578981
v -0.0007693243988189311 0.003863352005398779 0.03825572767764518
v -0.0012317940581790116 0.002980516336864164 0.0387048548962432
v -0.0015032644985862875 0.003637381487997665 0.03829479017950055
v -0.002180407150835506 0.003268024122965729 0.03833385268135592
v -0.002276005137782783 0.002274638045585281 0.03878297989995394
v -0.0027776054271104467 0.002775937212233237 0.03837291518321129
v -0.0032717196111173297 0.002181804522193992 0.038411977685066656
v -0.0006303941310849964 0.0031656796051651725 0.03866579239438783
v 0.0017937123435356889 0.0026796518644897627 0.038509542386966356
v 0.0039346823177009715 -3.3893272493553176e-06 0.03790416516094686
v 0.003224128637863838 -2.7772576004640487e-06 0.03831422987768951
v -0.003858112518455581 -0.0007637925510792232 0.03731822763311632
v -0.0029823416695924643 0.0012342895855649988 0.03886110490366468
v -0.0036396090328880137 0.0015063101768696824 0.038451040186922025
v -0.003860087339640078 0.0007708364495194117 0.038490102688777394
v -0.0032227501015739957 -3.4949453846471186e-16 0.038939374865878396
v -0.003933000274545517 9.633072173817834e-19 0.03852931014913574
v -0.0029755102617209928 -0.0012356372466473808 0.039017354911086155
v -0.0038511747758927795 -0.0007669493324257565 0.03856822769248813
v -0.003631272011618003 -0.0015079547883064398 0.0386072901943435
v -0.002682849534624554 -0.001794087495187724 0.039056417412941524
v -0.0032741128569280242 -0.0021894796934569805 0.03864635269619887
v -0.0027856911551861485 -0.002781784666582021 0.03868541519805424
v -0.0012308725703270157 -0.002972843072949899 0.03917360491850763
v -0.002185631855826098 -0.003265550530090061 0.03872447769990961
v -0.0015021401165138393 -0.003628016882602919 0.03876354020176498
v -0.0007635539536748545 -0.0038565251274805257 0.03880260270362035
v 1.4653085495631513e-06 -0.003227188502053363 0.03925172992221837
v 1.7882424557584905e-06 -0.0039384166680828114 0.03884166520547572
v 0.0007656325465508346 -0.0038621143744958786 0.038880727707331086
v 0.001229915915732932 -0.002976120613312483 0.03932985492592911
v 0.0015009724614672287 -0.0036320168312944934 0.038919790209186456
v 0.0021817539774528216 -0.003264719641302427 0.038958852711041825
v 0.0006273690164050258 -0.003164665372481501 0.03929079242407374
v -0.0022826305519921264 -0.002279429543997069 0.03909547991479689
v 0.0022795623431519363 -0.0022756124623643514 0.03940797992963985
v 0.0027819467912235107 -0.002777126444162281 0.038997915212897194
v 0.003275520718704489 -0.002186140402679476 0.03903697771475256
v 0.0026840032421836246 -0.0017913511650254066 0.039447042431495216
v 0.0036370939551776116 -0.0015090168239174917 0.03907604021660793
v 0.0029802142605100945 0.001236517488083233 0.03964235494077206
v 0.0036370126544382764 0.0015090289832656034 0.03923229022402941
v 0.0038542630118945653 -0.0007700475224036926 0.0391151027184633
v 0.0029802807792968233 -0.0012365075937117304 0.039486104933350585
v 0.002684025891949715 0.0017914114849287843 0.03968141744262743
v 0.003275548375260978 0.0021862140740239178 0.03927135272588478
v 0.0027820183168006385 0.002777176750484861 0.03931041522774015
v 0.002279620994125181 0.002275653708780495 0.0397204799444828
v 0.0021818002306593642 0.0032646974683735175 0.03934947772959552
v 0.0012299088823845145 0.0029760536176885732 0.03979860494819354
v 0.0015009639976072686 0.0036319350537179773 0.039388540231450886
v 0.0007655798560423505 0.0038620471404533785 0.039427602733306255
v 1.425202072304955e-06 0.0032272347552599057 0.03987672995190428
v 1.7392970283554348e-06 0.003938472934870152 0.039466665235161624
v -0.0007635608678139769 0.0038566145344519354 0.039505727737016993
v 0.0006273258626401587 0.0031646102977871127 0.03983766745004891
v -0.001230839191724356 0.002972869537413436 0.039954854955615016
v -0.0015020992277255812 0.0036280495459498074 0.03954479023887236
v -0.0021855677212252733 0.0032655038000463377 0.03958385274072773
v -0.002282603372272818 0.0022793625483731594 0.040032979959325754
v -0.0027856580150020793 0.002781702889005505 0.0396229152425831
v -0.002682905562993304 0.0017940740245373649 0.04007204246118112
v -0.0032741812830634764 0.0021894634809928315 0.03966197774443847
v -0.003631353789194519 0.0015079953194668122 0.03970104024629384
v -0.0032227501015739957 -3.4949453846471186e-16 0.04018908500824425
v -0.00385118621998512 0.0007670019037249454 0.03974010274814921
v -0.003933000274545517 9.633072173817834e-19 0.039779024106199046
v -0.0029755772573449024 0.00123567038683145 0.04011110496303649
v -0.0031629311156547435 -0.0006316438021267134 0.0402282924686026
v -0.003859997694250078 -0.0007708494433325899 0.03981822775185995
v -0.0036396240532592106 -0.0015063746690983926 0.039857290253715316
v -0.0029823540673591664 -0.0012343425144920733 0.04026735497045797
v -0.0032717973355778085 -0.0021818548285165718 0.039896352755570685
v -0.002276049483640602 -0.002274626839911531 0.04034547997416871
v -0.0027776595481304733 -0.002775923622373583 0.039935415257426055
v -0.002180399759859203 -0.0032679514052956493 0.039974477759281424
v -0.001231746732088812 -0.002980457447472329 0.040423604977879446
v -0.0015032069204966997 -0.0036373094855833565 0.04001354026113679
v -0.0007692752845893033 -0.003863390629210428 0.04005260276299216
v -2.916300109337362e-06 -0.0032228619198929054 0.040501729981590184
v -3.5590126006953735e-06 -0.003933136649979241 0.04009166526484753
v 0.0007646710043756472 -0.003852008287284908 0.0401307277667029
v 0.0012336208214188543 -0.002973037384101096 0.04057985498530092
v 0.0015054939508253595 -0.003628254109100393 0.04016979026855827
v 0.0017936852830256755 -0.0026795801004940445 0.04061891748715629
v 0.002188989027997884 -0.003270122921817248 0.04020885277041364
v 0.0027852381598643394 -0.0027858659160129307 0.04024791527226901
v 0.002972641609240989 -0.0012328910221135608 0.0407361049927224
v 0.0032687975528730706 -0.0021883767690576705 0.04028697777412438
v 0.00362777107303619 -0.001504603457390119 0.040326040275979746
v 0.0022822593342468334 -0.0022827738415649723 0.04065797998901166
v 0.0038637492107704285 0.0007684466011736307 0.040443227781545854
v 0.003636112624259419 0.0015023860452898635 0.04048229028340122
v 0.002274557460101717 0.0022767995485260817 0.040970480003854615
v 0.00326688805838235 0.0021804061971611444 0.04052135278525659
v 0.0027758389837739816 0.0027785750755177085 0.04056041528711196
v 0.001235115586771529 0.00298236169675406 0.04104860500756535
v 0.002182727917394711 0.0032729612951362674 0.04059947778896733
v 0.0015073180914607076 0.003639633351584237 0.0406385402908227
v 0.002979476593391317 0.0012310741532452207 0.040892355000143876
v 0.003852816049469271 -0.0007641433840350348 0.040365102777835116
v -0.0006303538979478621 -0.0031657110764191088 0.040462667479734815
v 0.0006317214073778971 0.003161757857771258 0.04108766750942072
v 0.0007709441551176366 0.003858565990614571 0.04067760279267807
v 2.289536052165863e-06 0.003928001351960059 0.04071666529453344
v 1.8760747934503573e-06 0.0032186540701904798 0.04112673001127609
v -0.0007678158647926592 0.0038515161913142693 0.04075572779638881
v -0.0012361183753628602 0.0029766706450005953 0.04120485501498683
v -0.0015085418940853634 0.0036326882180451325 0.04079479029824418
v -0.002189058407807698 0.0032750951415205787 0.040833852800099546
v -0.002278330434295206 0.0022820836197456895 0.04128298001869757
v -0.002780443085173695 0.002785023583132956 0.040872915301954915
v -0.00326490608464014 0.0021845689857499795 0.040911977803810284
v -0.0017937422650687873 0.0026836544357858316 0.0412439175168422
v -0.002973390243614926 0.0012303846466817092 0.04136110502240831
v -0.003628684693074702 0.0015015446660842507 0.040951040305665654
v -0.003858021204135448 0.0007637722258943894 0.04099010280752102
v -0.0029750601274222688 -0.0012298908817809373 0.04151735502982978
v -0.003630722695185662 -0.0015009419438876542 0.04110729031308713
v -0.0032644890905254853 -0.0021825886809379025 0.0411463528149425
v -0.0022763789781325705 -0.002280506719188613 0.04159548003354052
v -0.0027780617602925217 -0.0027830993066896292 0.04118541531679787
v -0.0021873134221443713 -0.0032758022910597817 0.04122447781865324
v -0.00316366258389017 -0.0006267116963512218 0.041478292527974414
v -0.0038608905718712228 -0.0007648303872033468 0.04106822781123176
v -0.0012365726819869166 -0.0029791192039242687 0.04167360503725126
v -0.001509096455726694 -0.0036356763182389396 0.04126354032050861
v -0.0007694011696050482 -0.003853085462476452 0.041302602822363976
v 6.616649648592915e-07 -0.0032176434137856647 0.041751730040962
v 8.074868621135391e-07 -0.003926768012591786 0.041341665324219345
v 0.0012362530818664508 -0.002981223486403367 0.04182985504467274
v 0.0007705148824455749 -0.0038555468960040085 0.041380727826074715
v 0.0015087064029127573 -0.0036382445632950067 0.041419790327930084
v 0.0017904077426630916 -0.002683525928165592 0.041868917546528106
v 0.00218498907930631 -0.003274938500506669 0.04145885282978545
v 0.0027764631636437165 -0.0027808269391042806 0.04149791533164082
v 0.0029771925432950375 -0.0012301159489302993 0.041986105052094214
v 0.00326519147169288 -0.002181122645025374 0.04153697783349619
v 0.0036333247956815695 -0.00150121672131312 0.04157604033535156
v 0.0038630151199305074 -0.0007665003902199846 0.04161510283720693
v 0.0029725426655259624 0.0012314456094091042 0.04214235505951569
v 0.0038551847381651516 0.0007635500197681125 0.04169322784091767
v 0.0036276504332294346 0.0015028393982395583 0.04173229034277304
v 0.0032263483149407024 -2.030315905386681e-06 0.04206423005580495
v 0.00393739122972539 -2.4777696247829542e-06 0.0416541653390623
v 0.00393739122972539 -2.4777696247829542e-06 0.0416541653390623
v 0.0032263483149407024 -2.030315905386681e-06 0.04206423005580495
v 0.002275069106396771 -0.0022786449084159777 0.041907980048383475
v -0.0017923123495727084 -0.0026842337929605664 0.04163454253539589
v 0.002280452836587177 0.002282937158299414 0.04222048006322643
v 0.0032663971545046633 0.0021866057957679874 0.04177135284462841
v 0.0027830332647400813 0.0027860652339545267 0.041810415346483776
v 0.002189587458659853 0.003272942460067624 0.041849477848339145
v 0.0012350664725419014 0.0029745387059650075 0.04229860506693717
v 0.0015072582483945107 0.0036300863559678154 0.041888540350194514
v 0.0007661488420084017 0.0038511473577548805 0.04192760285204988
v -2.6798785074369958e-06 0.0032204724887796576 0.042376730070647906
v -3.2704869907301186e-06 0.003930220552199742 0.04196666535390525
v -0.0007705297240028289 0.0038614010260733245 0.04200572785576062
v 0.0017941757100661815 0.002681890376635271 0.0422595425650818
v -0.0012334490408244525 0.0029819914326831287 0.042454855074358644
v -0.0015052843808843752 0.00363918154835538 0.04204479035761599
v -0.0021811269365600017 0.0032704896096093228 0.04208385285947136
v -0.002274912942220042 0.002275390017819484 0.04253298007806938
v -0.0027762726671899662 0.002776854885387786 0.04212291536132673
v -0.0029813441262101226 0.0012325735677604088 0.04261110508178012
v -0.003269200957128071 0.002180642231565666 0.0421619778631821
v -0.0036383916675652994 0.0015042159079713818 0.04220104036503747
v -0.0032227501015739957 -3.4949453846471186e-16 0.04268940556157341
v -0.003862556879399709 0.0007700040110109399 0.04224010286689284
v -0.003933000274545517 9.633072173817834e-19 0.04227934084483076
v -0.0006313817800958355 0.0031640810085163673 0.042415792572503275
v -0.002973689697364501 -0.0012343791117457037 0.0427673550892016
v -0.003851422492808232 -0.0007653672462643382 0.042318227870603575
v -0.0036290501887738247 -0.0015064194917933926 0.042357290372458944
v -0.003271570361079723 -0.002189421757739507 0.042396352874314314
v -0.002283004392341914 -0.0022814379822028164 0.042845480092912336
v -0.002786147249949633 -0.002784235848110189 0.04243541537616968
v -0.0021875487412931216 -0.003267498886811021 0.04247447787802505
v -0.0012321336854610732 -0.0029724649410654835 0.042923605096623074
v -0.001503679108515038 -0.003627555542630445 0.04251354037988042
v -0.0007637480264074611 -0.0038539125365666393 0.04255260288173579
v -0.002680766232981413 -0.0017940398114696388 0.04280641759105697
v 2.4872076482023895e-06 -0.003225271378167749 0.04300173010033381
v 3.0353541065035873e-06 -0.003936076828036372 0.04259166538359116
v 0.0007674697406040085 -0.003863607351709125 0.04263072788544653
v 0.0012305045712326934 -0.0029783402903893474 0.04307985510404455
v 0.001501690935889477 -0.0036347257433189117 0.0426697903873019
v 0.002180654629332368 -0.003265926039369982 0.04270885288915727
v 0.0006288744509896221 -0.0031658889366875664 0.04304079260218918
v 0.002277700532379301 -0.002274705756464962 0.04315798010775529
v 0.002779674423638162 -0.002776019943484115 0.042747915391012636
v 0.0032740637426983965 -0.002183818444027319 0.042786977892868006
v 0.0029819661603125436 -0.0012357886424523012 0.04323610511146603
v 0.003639150553938625 -0.0015081395627140198 0.042826040394723375
v 0.0038570150776838508 -0.0007708297737988798 0.042865102896578744
v 0.002682809241882772 -0.0017894484654645132 0.04319704260961066
v -0.003039460564975144 -0.0022159317592275463 0.025000001187436283
v -0.0026844796025272954 -0.0017727967150626966 0.025305335293125397
v -0.003414220256847539 -0.0013668627196084665 0.025000001187436283
v -0.0021510420867271174 -0.0024012073226846453 0.02535622526441461
v -0.0007048499918983764 -0.0031430503430734946 0.025458003299644316
v -0.0017507640954935594 -0.0035254422908626015 0.025000001187436283
v -0.00356978409556577 -0.0004578263082999183 0.025000001187436283
v -0.003050195838846248 -0.0010330826534770549 0.025254447229184906
v -0.0025973132890304285 0.002058647968797983 0.025000001187436283
v -0.0031436366143873518 0.0013138801483510848 0.025000001187436283
v -0.002911666531576762 0.0013656293802401936 0.025101779222665987
v -0.0034775981170660775 0.00045437946093580817 0.025000001187436283
v -0.0031690405920344056 0.000585100857392086 0.0251526691939552
v -0.0032227501015739957 -3.4949453846471186e-16 0.025189225439588014
v 0.003927331157302372 -1.7043361085663898e-06 0.02665416462660053
v -0.003933000274545517 9.633072173817834e-19 0.02852903501594506
v 0.0039314114530589195 3.4914763440054702e-06 0.027904164685972344
v 0.0031635104728294783 -0.0006266309916583626 0.029525165052882718
v -0.0024711679201848413 0.0020615333105793165 0.025050891158725497
v -0.0032192584613172093 -0.00023084099197098057 0.025203557257895692
v -0.0018715866500985945 0.002623601084392191 0.025000001187436283
v -0.0031651493622200655 0.0006308939160551766 0.026400164904453183
v -0.0032227501015739957 -3.4949453846471186e-16 0.02893909782533899
v 0.003928881831814501 2.7983597411926277e-06 0.031654164864087786
v -0.0032227501015739957 -3.4949453846471186e-16 0.030189397338460378
v -0.003933000274545517 9.633072173817834e-19 0.029779334529066448
v -0.0032227501015739957 -3.4949453846471186e-16 0.03268905413443379
v -0.0032227501015739957 -3.4949453846471186e-16 0.03393935174020646
v -0.003933000274545517 9.633072173817834e-19 0.033529287023463805
v 0.003927194066612877 1.5382633576648566e-06 0.03540416504220323
v -0.003933000274545517 9.633072173817834e-19 0.032278993232388586
v 0.003165092618595544 -0.0006309098304960875 0.0345251671977187
v 0.003219579611158513 -2.3835269935055365e-06 0.0308142276141099
v -0.0031660148217033113 0.0006295672954133996 0.030150165082568625
v -0.0031653515411847466 0.0006280186474592886 0.03390016716803279
v 0.003937316366287996 2.5173203352683513e-06 0.03665416510157504
v -0.0032227501015739957 -3.4949453846471186e-16 0.0376892298480036
v -0.003933000274545517 9.633072173817834e-19 0.03727916513126095
v 0.003934589572869296 3.405746699956314e-06 0.040404165279690485
v 0.003926614471019552 -2.544819047125769e-08 0.03915416522031867
v 0.003634191208839177 0.00150893743052688 0.04298229040214485
v 0.002977902315438735 0.0012364423862272489 0.043392355118887505
v 0.0032756766444626273 0.002188315972317112 0.04302135290400022
v 0.0027841330896977157 0.0027791730293424965 0.04306041540585559
v 0.0026841307961295024 0.0017931339400353158 0.043431417620742874
v 0.0007642109757054205 0.0038595036909307157 0.0431776029114217
v 0.0012300521719573604 0.0029741407853375867 0.04354860512630898
v 0.001501138877643346 0.003629600697299118 0.04313854040956633
v 0.0021835332953931696 0.0032645458341500067 0.04309947790771096
v 9.025965001794224e-09 0.003228011523027513 0.04362673013001972
v 0.003927230544657212 -1.5821667208247808e-06 0.04290416539843411
v 0.002281353820440396 0.002277289737147997 0.04347048012259824
v -0.003933000274545517 9.633072173817834e-19 0.04102916530937639
v -0.0031635963035220316 0.0006266759931673055 0.03765016734614823
v 0.0031654035164374594 -0.0006280800998509709 0.04202516755394958
v -0.0032227501015739957 -3.4949453846471186e-16 0.041439230026119045
v 1.1015164614269388e-08 0.0039394211256042755 0.04321666541327707
v -0.0007641976838690043 0.0038594858095364337 0.043255727915132436
v -0.001501143884433745 0.0036295964057644903 0.043294790416987805
v -0.0012300563442826928 0.0029741372090587304 0.04370485513373046
v -0.0027841569315567583 0.0027792104610611934 0.04337291542069854
v -0.003275677598136989 0.002188342198362059 0.04341197792255391
v -0.0022813736091834014 0.0022773202547275717 0.043782980137441196
v -0.002684131749803864 0.001793155278499159 0.043822042639296566
v -0.003634168320654496 0.0015089314700621193 0.04345104042440928
v -0.0029778834803700915 0.0012364376178554404 0.043861105141151935
v -0.002183554753066308 0.0032645665765673737 0.043333852918843174
v -0.0032227501015739957 -3.4949453846471186e-16 0.04393914622151884
v -0.0038521494310904403 0.0007686269052326403 0.04349010292626465
v -0.003933000274545517 9.633072173817834e-19 0.04352908531947364
v -0.0038570284291249146 -0.0007708660730292721 0.04356822792997539
v -0.0032740420466066678 -0.002183805092586255 0.04364635293368613
v -0.00277966202587146 -0.002775992525346216 0.0436854154355415
v -0.00268279136048849 -0.0017894374982093536 0.04405641765042878
v -0.0022776902803799126 -0.002274683345117462 0.04409548015228415
v -0.0021806670270990702 -0.003265892660767322 0.043724477937396866
v -0.002981966398731134 -0.0012358005633818225 0.04401735514857341
v -0.0036391510307758057 -0.0015081541062480358 0.04360729043183076
v -0.0007675101525550856 -0.003863558475898088 0.043802602941107605
v -3.052227344050619e-06 -0.003936033197434324 0.043841665442962974
v -0.0006289075315690437 -0.0031658486439457845 0.04421266765785026
v -2.5010338309711957e-06 -0.0032252353769605946 0.04425173015970563
v 0.0007637667422668096 -0.0038539273185192457 0.04388072794481834
v 0.001503730010884094 -0.0036276454264390356 0.04391979044667371
v 0.0012321754087143977 -0.002972538612409925 0.044329855163416365
v 0.002786191357388862 -0.0027843669783349234 0.04399791545038445
v 0.003271564639033553 -0.002189462050481289 0.04403697795223982
v 0.0022830403935490684 -0.002281545747405689 0.044407980167127103
v 0.0021876131143125366 -0.0032676407458723244 0.04395885294852908
v 0.0026807614646096045 -0.0017940728324444127 0.04444704266898247
v 0.0036290108497064044 -0.001506344628355999 0.04407604045409519
v 0.002973657272436203 -0.0012343179573772595 0.04448610517083784
v 0.003851363841834987 -0.0007651897436237662 0.04411510295595056
v 0.0033912700833331477 0.0019894972792494636 0.04425989361224181
v 0.0027433444372476634 0.0028092929267081734 0.044312761504157194
v 0.002751703869865174 0.0016746706565918396 0.04467317030423468
v 0.0038010711091147897 0.0010347714915623363 0.04420702953502387
v -0.0012305337775100206 -0.0029783088191354112 0.04417360515599489
v -0.0015017265794687457 -0.003634687357925853 0.043763540439252235
v 0.0019105237437753997 0.0034388751232834747 0.044365625581375134
v 0.002191321953905201 0.0023561547921634174 0.04472764418377517
v 0.003931547113236872 3.74827505197564e-06 0.04415416545780593
v 0.0009460922332952745 0.003823132219705483 0.044418489658593074
v -8.966307022871111e-05 0.003928624578155432 0.044471353735811014
v 0.0006485676477448535 0.0031605555128197405 0.044836588128158716
v -0.0011226697501318106 0.003764580428594344 0.044524217813028955
v -0.0002298373391122592 0.0032107740973583154 0.044891058193001765
v -0.0020772450956883792 0.003345212141616094 0.04457708570494434
v -0.0018755701479074294 0.0026272083576653338 0.04500000213738531
v -0.0010938426775727178 0.0030287555702650237 0.04494553207254226
v 0.0014751848683081797 0.0028653007914594686 0.04478199599299737
v -0.002878669875499007 0.002685914405604478 0.04462994978216228
v -0.0025998665137152988 0.0020650447395791083 0.04500000213738531
v -0.0034747230272841323 0.0018297270213403494 0.04468281385938022
v -0.0031425901951939728 0.001317106905553908 0.04500000213738531
v -0.0038358766470381056 0.0008475715920572627 0.04473567793659816
v -0.0035705408361717816 -0.000461394838552117 0.04500000213738531
v -0.003933604427253656 -0.00018839905560794415 0.0447885420138161
v -0.0037443851818923235 -0.0012067919350661205 0.04484140609103404
v -0.003040327931807113 -0.002211080179330971 0.04500000213738531
v -0.003288502134115995 -0.0021428640906569207 0.04489427398294943
v -0.002608895187316135 -0.0029353121721194253 0.04494713806016737
v -0.0034170059396580743 -0.001367262786003201 0.04500000213738531
v -0.003474779294071473 0.0004528579927010057 0.04500000213738531
v -0.001748694502919368 -0.003522862124877013 0.04500000213738531
v -0.0024731854182970248 -0.0029455210177428692 0.04500000213738531
v 0.0031660105301686836 -0.000629627972944663 0.03827516737583414
v -0.0031630045485805947 0.0006316331924994395 0.03890016740552005
v -0.0031650280071575387 0.0006309510173075836 0.04265016758363549
v 0.0031453591887031784 0.0013107302811436738 0.04500000213738531
v 0.003413210792535676 -0.0013701711351785106 0.04500000213738531
v 0.0034782044155415304 0.00045187311530628035 0.04500000213738531
v 0.0018715866500985945 0.002623601084392191 0.04500000213738531
v 0.0025989934248371593 0.002056902744716066 0.04500000213738531
v 0.0014751848683081797 0.0028653007914594686 0.04500000213738531
v 0.0009823023547394366 0.0030693973568633737 0.04500000213738531
v 4.215686143334306e-18 -0.003933000274545517 0.04500000213738531
v 0.0030382696641159668 -0.002217944488967921 0.04500000213738531
v 0.003569635083946754 -0.0004616200249107742 0.04500000213738531
v 0.0024744039757126912 -0.0029545978518989713 0.04500000213738531
v 0.0008980737755091492 -0.0038290931613033097 0.04500000213738531
v 0.001748694502919368 -0.003522862124877013 0.04500000213738531
v -5.730481624840339e-07 0.0032227501015739957 0.04500000213738531
v -0.000983393835046406 0.0030690478352098094 0.04500000213738531
v -0.0018755701479074294 0.0026272083576653338 0.04500000213738531
v -0.0031425901951939728 0.001317106905553908 0.04500000213738531
v -0.003474779294071473 0.0004528579927010057 0.04500000213738531
v -0.0025998665137152988 0.0020650447395791083 0.04500000213738531
v -0.0034170059396580743 -0.001367262786003201 0.04500000213738531
v -0.0008980737755091492 -0.0038290931613033097 0.04500000213738531
v -0.0024731854182970248 -0.0029455210177428692 0.04500000213738531
v -0.001748694502919368 -0.003522862124877013 0.04500000213738531
v -0.003040327931807113 -0.002211080179330971 0.04500000213738531
v -0.0035705408361717816 -0.000461394838552117 0.04500000213738531
v -0.011924399942294106 0.0011744509301120365 0.015192147976532122
v -0.013865909281337019 0.0013656728916329464 0.01500000071246177
v -0.01393300027268285 -3.4126008271290807e-18 0.01500000071246177
v -0.011466152735775115 0.0034782191974941368 0.015192147976532122
v -0.013333050407455804 0.004044536782681352 0.01500000071246177
v -0.0136652819448424 0.002718193660143642 0.01500000071246177
v -0.011751864991472183 0.0023375912822942713 0.015192147976532122
v -0.010567266012477261 0.005648321420014257 0.015192147976532122
v -0.01228780995558787 0.0065679710646779355 0.01500000071246177
v -0.012872414246660746 0.005331928506426831 0.01500000071246177
v -0.00996274995440638 0.006656896430534964 0.015192147976532122
v -0.010770354782499436 0.008839002075408664 0.01500000071246177
v -0.01158486707399431 0.007740760217214704 0.01500000071246177
v -0.009911979192412379 0.0019716151697117545 0.01576120546816051
v -0.009670998078976645 0.0029336651764967636 0.01576120546816051
v -0.010057502270613417 0.0009905775063852318 0.01576120546816051
v -0.011924399942294106 -0.0011744509301120365 0.015192147976532122
v -0.010057502270613417 -0.0009905775063852318 0.01576120546816051
v -0.011070014525736416 0.004585350254413534 0.015192147976532122
v -0.0093368801737026 0.0038674623418977205 0.01576120546816051
v -0.00840296975947119 0.005614684848439799 0.01576120546816051
v -0.009262286626153249 0.007601362112601706 0.015192147976532122
v -0.008912843173886631 0.004764013516683763 0.01576120546816051
v -0.007812172307093412 0.006411283797561618 0.01576120546816051
v -0.009852118960076983 0.009852118960076983 0.01500000071246177
v -0.00833695928117717 0.0008211188110309256 0.016685305434233078
v -0.006828890647993802 -0.0006725870094280093 0.01792893304151999
v -0.006828890647993802 0.0006725870094280093 0.01792893304151999
v -0.007601362112601706 0.009262286626153249 0.015192147976532122
v -0.008839002075408664 0.010770354782499436 0.01500000071246177
v -0.005648321420014257 0.010567266012477261 0.015192147976532122
v -0.0065679710646779355 0.01228780995558787 0.01500000071246177
v -0.007740760217214704 0.01158486707399431 0.01500000071246177
v -0.006656896430534964 0.00996274995440638 0.015192147976532122
v -0.0034782191974941368 0.011466152735775115 0.015192147976532122
v -0.004044536782681352 0.013333050407455804 0.01500000071246177
v -0.005331928506426831 0.012872414246660746 0.01500000071246177
v -0.0011744509301120365 0.011924399942294106 0.015192147976532122
v -0.0013656728916329464 0.013865909281337019 0.01500000071246177
v -0.002718193660143642 0.0136652819448424 0.01500000071246177
v -0.0023375912822942713 0.011751864991472183 0.015192147976532122
v -0.008472622320152556 0.008472622320152556 0.015192147976532122
v -0.007146138530646495 0.007146138530646495 0.01576120546816051
v -0.005614684848439799 0.00840296975947119 0.01576120546816051
v -0.006411283797561618 0.007812172307093412 0.01576120546816051
v -0.004585350254413534 0.011070014525736416 0.015192147976532122
v -0.0038674623418977205 0.0093368801737026 0.01576120546816051
v -0.0019716151697117545 0.009911979192412379 0.01576120546816051
v -7.336918740076092e-19 0.011982097241177159 0.015192147976532122
v -0.0009905775063852318 0.010057502270613417 0.01576120546816051
v -0.0029336651764967636 0.009670998078976645 0.01576120546816051
v -0.004764013516683763 0.008912843173886631 0.01576120546816051
v 2.5594507791654957e-18 0.01393300027268285 0.01500000071246177
v -6.18824195327315e-19 0.010106166365942415 0.01576120546816051
v -0.008016574286711653 0.0024318011962080888 0.016685305434233078
v -0.006730082354726441 0.0013386966625913294 0.01792893304151999
v -0.008216330918514037 0.001634329754254607 0.016685305434233078
v -0.007739614377469117 0.003205853137651926 0.016685305434233078
v -0.0069654687375192426 0.004654177409934845 0.016685305434233078
v -0.007388117187464571 0.00394903106372857 0.016685305434233078
v -0.0064757388329717 0.0053145015379782445 0.016685305434233078
v -0.0065664599676518165 0.00199191389008202 0.01792893304151999
v -0.005376381652611728 0.0016309076130169298 0.01944429871408193
v -0.006339598956815462 0.0026259478385777524 0.01792893304151999
v -0.005510350012246368 0.0010960767789743031 0.01944429871408193
v -0.005705488475952203 0.0038122853659340594 0.01792893304151999
v -0.00605168419018004 0.003234692488768426 0.01792893304151999
v -0.005304345382863285 0.004353163925941428 0.01792893304151999
v -0.005923644347214929 0.005923644347214929 0.016685305434233078
v -0.005591250685186844 -0.0005506900810498677 0.01944429871408193
v -0.0053145015379782445 0.0064757388329717 0.016685305434233078
v -0.00394903106372857 0.007388117187464571 0.016685305434233078
v -0.004654177409934845 0.0069654687375192426 0.016685305434233078
v -0.0024318011962080888 0.008016574286711653 0.016685305434233078
v -0.0008211188110309256 0.00833695928117717 0.016685305434233078
v -0.001634329754254607 0.008216330918514037 0.016685305434233078
v -0.003205853137651926 0.007739614377469117 0.016685305434233078
v -0.0048521191994269075 0.0048521191994269075 0.01792893304151999
v -0.0038122853659340594 0.005705488475952203 0.01792893304151999
v -0.004353163925941428 0.005304345382863285 0.01792893304151999
v -0.00199191389008202 0.0065664599676518165 0.01792893304151999
v -0.0013386966625913294 0.006730082354726441 0.01792893304151999
v -5.129615890347951e-19 0.008377297799328498 0.016685305434233078
v -0.0026259478385777524 0.006339598956815462 0.01792893304151999
v -0.003234692488768426 0.00605168419018004 0.01792893304151999
v -0.0006725870094280093 0.006828890647993802 0.01792893304151999
v 0.0009905775063852318 0.010057502270613417 0.01576120546816051
v 0.0011744509301120365 0.011924399942294106 0.015192147976532122
v -0.005591250685186844 0.0005506900810498677 0.01944429871408193
v 0.0013656728916329464 0.013865909281337019 0.01500000071246177
v 0.004044536782681352 0.013333050407455804 0.01500000071246177
v 0.002718193660143642 0.0136652819448424 0.01500000071246177
v 0.0034782191974941368 0.011466152735775115 0.015192147976532122
v 0.0023375912822942713 0.011751864991472183 0.015192147976532122
v 0.008839002075408664 0.010770354782499436 0.01500000071246177
v 0.007740760217214704 0.01158486707399431 0.01500000071246177
v 0.007601362112601706 0.009262286626153249 0.015192147976532122
v 0.0065679710646779355 0.01228780995558787 0.01500000071246177
v 0.005648321420014257 0.010567266012477261 0.015192147976532122
v 0.005331928506426831 0.012872414246660746 0.01500000071246177
v 0.004585350254413534 0.011070014525736416 0.015192147976532122
v 0.0019716151697117545 0.009911979192412379 0.01576120546816051
v 0.0038674623418977205 0.0093368801737026 0.01576120546816051
v 0.0029336651764967636 0.009670998078976645 0.01576120546816051
v 0.006656896430534964 0.00996274995440638 0.015192147976532122
v 0.005614684848439799 0.00840296975947119 0.01576120546816051
v 0.008472622320152556 0.008472622320152556 0.015192147976532122
v 0.007146138530646495 0.007146138530646495 0.01576120546816051
v 0.006411283797561618 0.007812172307093412 0.01576120546816051
v 0.004764013516683763 0.008912843173886631 0.01576120546816051
v 0.009852118960076983 0.009852118960076983 0.01500000071246177
v 0.01158486707399431 0.007740760217214704 0.01500000071246177
v 0.010567266012477261 0.005648321420014257 0.015192147976532122
v 0.01228780995558787 0.0065679710646779355 0.01500000071246177
v 0.010770354782499436 0.008839002075408664 0.01500000071246177
v 0.00996274995440638 0.006656896430534964 0.015192147976532122
v 0.009262286626153249 0.007601362112601706 0.015192147976532122
v 0.012872414246660746 0.005331928506426831 0.01500000071246177
v 0.011070014525736416 0.004585350254413534 0.015192147976532122
v 0.013865909281337019 0.0013656728916329464 0.01500000071246177
v 0.0136652819448424 0.002718193660143642 0.01500000071246177
v 0.011924399942294106 0.0011744509301120365 0.015192147976532122
v 0.01393300027268285 1.7063004135645403e-18 0.01500000071246177
v 0.011982097241177159 -1.4673837480152185e-18 0.015192147976532122
v 0.00840296975947119 0.005614684848439799 0.01576120546816051
v 0.0093368801737026 0.0038674623418977205 0.01576120546816051
v 0.008912843173886631 0.004764013516683763 0.01576120546816051
v 0.011751864991472183 0.0023375912822942713 0.015192147976532122
v 0.013333050407455804 0.004044536782681352 0.01500000071246177
v 0.011466152735775115 0.0034782191974941368 0.015192147976532122
v 0.010057502270613417 0.0009905775063852318 0.01576120546816051
v 0.009911979192412379 0.0019716151697117545 0.01576120546816051
v 0.009670998078976645 0.0029336651764967636 0.01576120546816051
v 0.007812172307093412 0.006411283797561618 0.01576120546816051
v 0.013865909281337019 -0.0013656728916329464 0.01500000071246177
v 0.001634329754254607 0.008216330918514037 0.016685305434233078
v 0.003205853137651926 0.007739614377469117 0.016685305434233078
v 0.0024318011962080888 0.008016574286711653 0.016685305434233078
v 0.004654177409934845 0.0069654687375192426 0.016685305434233078
v 0.005923644347214929 0.005923644347214929 0.016685305434233078
v 0.0053145015379782445 0.0064757388329717 0.016685305434233078
v 0.00394903106372857 0.007388117187464571 0.016685305434233078
v 0.0006725870094280093 0.006828890647993802 0.01792893304151999
v 0.0008211188110309256 0.00833695928117717 0.016685305434233078
v 0.00199191389008202 0.0065664599676518165 0.01792893304151999
v 0.0013386966625913294 0.006730082354726441 0.01792893304151999
v 0.003234692488768426 0.00605168419018004 0.01792893304151999
v 0.004353163925941428 0.005304345382863285 0.01792893304151999
v 0.0038122853659340594 0.005705488475952203 0.01792893304151999
v 0.0026259478385777524 0.006339598956815462 0.01792893304151999
v 0.0069654687375192426 0.004654177409934845 0.016685305434233078
v 0.007739614377469117 0.003205853137651926 0.016685305434233078
v 0.007388117187464571 0.00394903106372857 0.016685305434233078
v 0.008216330918514037 0.001634329754254607 0.016685305434233078
v 0.00833695928117717 0.0008211188110309256 0.016685305434233078
v 0.010106166365942415 -1.23764839065463e-18 0.01576120546816051
v 0.008016574286711653 0.0024318011962080888 0.016685305434233078
v 0.005304345382863285 0.004353163925941428 0.01792893304151999
v 0.0064757388329717 0.0053145015379782445 0.016685305434233078
v 0.00605168419018004 0.003234692488768426 0.01792893304151999
v 0.005705488475952203 0.0038122853659340594 0.01792893304151999
v 0.0065664599676518165 0.00199191389008202 0.01792893304151999
v 0.006828890647993802 0.0006725870094280093 0.01792893304151999
v 0.008377297799328498 -1.0259231780695902e-18 0.016685305434233078
v 0.006730082354726441 0.0013386966625913294 0.01792893304151999
v 0.006339598956815462 0.0026259478385777524 0.01792893304151999
v 0.0048521191994269075 0.0048521191994269075 0.01792893304151999
v 0.00833695928117717 -0.0008211188110309256 0.016685305434233078
v -4.2017219575026084e-19 0.006861932603603738 0.01792893304151999
v 0.010057502270613417 -0.0009905775063852318 0.01576120546816051
v -0.00519063640453149 0.002150031907159483 0.01944429871408193
v -0.004492074226118414 0.0013626557043711074 0.021173167280695848
v -0.0046040069859515365 0.0009157939392193115 0.021173167280695848
v -0.004954901930596667 0.0026484502619793238 0.01944429871408193
v -0.004343007770826468 0.003564214398874832 0.01944429871408193
v -0.004671449406299655 0.0031213625959954083 0.01944429871408193
v -0.003972741077290648 0.003972741077290648 0.01944429871408193
v -0.004671601040523166 0.00046011253396583546 0.021173167280695848
v -0.004336879936215343 0.0017963944334686843 0.021173167280695848
v -0.003947519966702451 0.0011974670263666803 0.023049098155930592
v -0.004045883847717258 0.000804776349145539 0.023049098155930592
v -0.004139919000804293 0.0022128327943891912 0.021173167280695848
v -0.0036286694342849146 0.00297797217208573 0.021173167280695848
v -0.0039030887550278726 0.0026079605864416655 0.021173167280695848
v -0.0038111392877698824 0.0015786255155782192 0.023049098155930592
v -0.004105283455335951 0.0004043351603868345 0.023049098155930592
v -0.004105283455335951 -0.0004043351603868345 0.023049098155930592
v -0.003933000274545517 -9.633072173817834e-19 0.025000001187436283
v -0.0031213625959954083 0.004671449406299655 0.01944429871408193
v -0.002150031907159483 0.00519063640453149 0.01944429871408193
v -0.0026484502619793238 0.004954901930596667 0.01944429871408193
v -0.0010960767789743031 0.005510350012246368 0.01944429871408193
v -3.440219184719056e-19 0.0056183040426424635 0.01944429871408193
v -0.0005506900810498677 0.005591250685186844 0.01944429871408193
v -0.0016309076130169298 0.005376381652611728 0.01944429871408193
v -0.00331930414706888 0.00331930414706888 0.021173167280695848
v -0.003564214398874832 0.004343007770826468 0.01944429871408193
v -0.0026079605864416655 0.0039030887550278726 0.021173167280695848
v -0.00297797217208573 0.0036286694342849146 0.021173167280695848
v -0.0017963944334686843 0.004336879936215343 0.021173167280695848
v -0.0009157939392193115 0.0046040069859515365 0.021173167280695848
v -0.00046011253396583546 0.004671601040523166 0.021173167280695848
v -0.0013626557043711074 0.004492074226118414 0.021173167280695848
v -0.0022128327943891912 0.004139919000804293 0.021173167280695848
v 0.0005506900810498677 0.005591250685186844 0.01944429871408193
v -2.874371502923708e-19 0.004694205030244258 0.021173167280695848
v -0.0038393046295312483 0.0008533644485488392 0.025000001187436283
v -0.0036380552589342086 0.001944581004952664 0.023049098155930592
v -0.0031887821281588458 0.00261696589502064 0.023049098155930592
v -0.003429934664561096 0.0022918091908863403 0.023049098155930592
v -0.0029169196083796145 0.0029169196083796145 0.023049098155930592
v -0.0034804691537319854 0.001831618038390312 0.025000001187436283
v -0.0028773375924157074 0.002681309350530403 0.025000001187436283
v -0.00261696589502064 0.0031887821281588458 0.023049098155930592
v -0.003928656764665139 -0.00018478738649204025 0.025000001187436283
v -0.0022918091908863403 0.003429934664561096 0.023049098155930592
v -0.001944581004952664 0.0036380552589342086 0.023049098155930592
v -0.0015786255155782192 0.0038111392877698824 0.023049098155930592
v -0.000804776349145539 0.004045883847717258 0.023049098155930592
v -0.0011974670263666803 0.003947519966702451 0.023049098155930592
v -0.0004043351603868345 0.004105283455335951 0.023049098155930592
v -0.0020722437889170164 0.0033427976765508516 0.025000001187436283
v -0.0011216978367479397 0.003769653022524244 0.025000001187436283
v -9.241921893635759e-05 0.003931914277866128 0.025000001187436283
v -2.525924366487804e-19 0.00412514753861587 0.023049098155930592
v 0.0010960767789743031 0.005510350012246368 0.01944429871408193
v 0.0016309076130169298 0.005376381652611728 0.01944429871408193
v 0.00046011253396583546 0.004671601040523166 0.021173167280695848
v 0.002150031907159483 0.00519063640453149 0.01944429871408193
v 0.0031213625959954083 0.004671449406299655 0.01944429871408193
v 0.0026484502619793238 0.004954901930596667 0.01944429871408193
v 0.003564214398874832 0.004343007770826468 0.01944429871408193
v 0.0009157939392193115 0.0046040069859515365 0.021173167280695848
v 0.000804776349145539 0.004045883847717258 0.023049098155930592
v 0.0013626557043711074 0.004492074226118414 0.021173167280695848
v 0.0004043351603868345 0.004105283455335951 0.023049098155930592
v 0.0022128327943891912 0.004139919000804293 0.021173167280695848
v 0.0017963944334686843 0.004336879936215343 0.021173167280695848
v 0.0026079605864416655 0.0039030887550278726 0.021173167280695848
v 0.004343007770826468 0.003564214398874832 0.01944429871408193
v 0.004954901930596667 0.0026484502619793238 0.01944429871408193
v 0.004671449406299655 0.0031213625959954083 0.01944429871408193
v 0.005376381652611728 0.0016309076130169298 0.01944429871408193
v 0.005591250685186844 0.0005506900810498677 0.01944429871408193
v 0.005510350012246368 0.0010960767789743031 0.01944429871408193
v 0.00519063640453149 0.002150031907159483 0.01944429871408193
v 0.00297797217208573 0.0036286694342849146 0.021173167280695848
v 0.003972741077290648 0.003972741077290648 0.01944429871408193
v 0.0036286694342849146 0.00297797217208573 0.021173167280695848
v 0.00331930414706888 0.00331930414706888 0.021173167280695848
v 0.004139919000804293 0.0022128327943891912 0.021173167280695848
v 0.004492074226118414 0.0013626557043711074 0.021173167280695848
v 0.0046040069859515365 0.0009157939392193115 0.021173167280695848
v 0.004336879936215343 0.0017963944334686843 0.021173167280695848
v 0.0039030887550278726 0.0026079605864416655 0.021173167280695848
v 0.0056183040426424635 -6.880438369438112e-19 0.01944429871408193
v 0.006861932603603738 -8.403443915005217e-19 0.01792893304151999
v 0.004671601040523166 0.00046011253396583546 0.021173167280695848
v 0.0009433463067846926 0.0038181917096746787 0.025000001187436283
v 0.0015786255155782192 0.0038111392877698824 0.023049098155930592
v 0.0011974670263666803 0.003947519966702451 0.023049098155930592
v 0.001944581004952664 0.0036380552589342086 0.023049098155930592
v 0.00261696589502064 0.0031887821281588458 0.023049098155930592
v 0.0022918091908863403 0.003429934664561096 0.023049098155930592
v 0.0029169196083796145 0.0029169196083796145 0.023049098155930592
v 0.001912897796889565 0.0034364680491945354 0.025000001187436283
v 0.0027481817120288132 0.002813536539199163 0.025000001187436283
v 0.0031887821281588458 0.00261696589502064 0.023049098155930592
v 0.0036380552589342086 0.001944581004952664 0.023049098155930592
v 0.003429934664561096 0.0022918091908863403 0.023049098155930592
v 0.0038111392877698824 0.0015786255155782192 0.023049098155930592
v 0.004045883847717258 0.000804776349145539 0.023049098155930592
v 0.003947519966702451 0.0011974670263666803 0.023049098155930592
v 0.004105283455335951 0.0004043351603868345 0.023049098155930592
v 0.0033905691326772958 0.001993121122614641 0.025000001187436283
v 0.003794970215804383 0.001032807280005113 0.025000001187436283
v 0.003933000274545517 -4.816536086908917e-19 0.025000001187436283
v 0.004694205030244258 -5.748743005847416e-19 0.021173167280695848
v -0.004671601040523166 -0.00046011253396583546 0.021173167280695848
v 0.011924399942294106 -0.0011744509301120365 0.015192147976532122
v 0.0136652819448424 -0.002718193660143642 0.01500000071246177
v 0.011751864991472183 -0.0023375912822942713 0.015192147976532122
v 0.013333050407455804 -0.004044536782681352 0.01500000071246177
v 0.012872414246660746 -0.005331928506426831 0.01500000071246177
v 0.011466152735775115 -0.0034782191974941368 0.015192147976532122
v 0.01158486707399431 -0.007740760217214704 0.01500000071246177
v 0.01228780995558787 -0.0065679710646779355 0.01500000071246177
v 0.010567266012477261 -0.005648321420014257 0.015192147976532122
v 0.010770354782499436 -0.008839002075408664 0.01500000071246177
v 0.00996274995440638 -0.006656896430534964 0.015192147976532122
v 0.009670998078976645 -0.0029336651764967636 0.01576120546816051
v 0.008216330918514037 -0.001634329754254607 0.016685305434233078
v 0.009911979192412379 -0.0019716151697117545 0.01576120546816051
v 0.0093368801737026 -0.0038674623418977205 0.01576120546816051
v 0.011070014525736416 -0.004585350254413534 0.015192147976532122
v 0.00840296975947119 -0.005614684848439799 0.01576120546816051
v 0.008912843173886631 -0.004764013516683763 0.01576120546816051
v 0.008016574286711653 -0.0024318011962080888 0.016685305434233078
v 0.009262286626153249 -0.007601362112601706 0.015192147976532122
v 0.008472622320152556 -0.008472622320152556 0.015192147976532122
v 0.008839002075408664 -0.010770354782499436 0.01500000071246177
v 0.009852118960076983 -0.009852118960076983 0.01500000071246177
v 0.005648321420014257 -0.010567266012477261 0.015192147976532122
v 0.0065679710646779355 -0.01228780995558787 0.01500000071246177
v 0.007740760217214704 -0.01158486707399431 0.01500000071246177
v 0.006656896430534964 -0.00996274995440638 0.015192147976532122
v 0.004585350254413534 -0.011070014525736416 0.015192147976532122
v 0.004044536782681352 -0.013333050407455804 0.01500000071246177
v 0.005331928506426831 -0.012872414246660746 0.01500000071246177
v 0.0011744509301120365 -0.011924399942294106 0.015192147976532122
v 0.0013656728916329464 -0.013865909281337019 0.01500000071246177
v 0.002718193660143642 -0.0136652819448424 0.01500000071246177
v 0.0023375912822942713 -0.011751864991472183 0.015192147976532122
v 0.007812172307093412 -0.006411283797561618 0.01576120546816051
v 0.007601362112601706 -0.009262286626153249 0.015192147976532122
v 0.006411283797561618 -0.007812172307093412 0.01576120546816051
v 0.007146138530646495 -0.007146138530646495 0.01576120546816051
v 0.004764013516683763 -0.008912843173886631 0.01576120546816051
v 0.0034782191974941368 -0.011466152735775115 0.015192147976532122
v 0.0029336651764967636 -0.009670998078976645 0.01576120546816051
v 0.0019716151697117545 -0.009911979192412379 0.01576120546816051
v 0.0038674623418977205 -0.0093368801737026 0.01576120546816051
v 0.005614684848439799 -0.00840296975947119 0.01576120546816051
v -8.531502067822702e-19 -0.01393300027268285 0.01500000071246177
v 0.0009905775063852318 -0.010057502270613417 0.01576120546816051
v 0.007739614377469117 -0.003205853137651926 0.016685305434233078
v 0.0065664599676518165 -0.00199191389008202 0.01792893304151999
v 0.006730082354726441 -0.0013386966625913294 0.01792893304151999
v 0.0069654687375192426 -0.004654177409934845 0.016685305434233078
v 0.00605168419018004 -0.003234692488768426 0.01792893304151999
v 0.007388117187464571 -0.00394903106372857 0.016685305434233078
v 0.006339598956815462 -0.0026259478385777524 0.01792893304151999
v 0.005591250685186844 -0.0005506900810498677 0.01944429871408193
v 0.006828890647993802 -0.0006725870094280093 0.01792893304151999
v 0.005376381652611728 -0.0016309076130169298 0.01944429871408193
v 0.005510350012246368 -0.0010960767789743031 0.01944429871408193
v 0.004671449406299655 -0.0031213625959954083 0.01944429871408193
v 0.005705488475952203 -0.0038122853659340594 0.01792893304151999
v 0.005304345382863285 -0.004353163925941428 0.01792893304151999
v 0.0064757388329717 -0.0053145015379782445 0.016685305434233078
v 0.004954901930596667 -0.0026484502619793238 0.01944429871408193
v 0.00519063640453149 -0.002150031907159483 0.01944429871408193
v 0.005923644347214929 -0.005923644347214929 0.016685305434233078
v 0.004654177409934845 -0.0069654687375192426 0.016685305434233078
v 0.0053145015379782445 -0.0064757388329717 0.016685305434233078
v 0.003205853137651926 -0.007739614377469117 0.016685305434233078
v 0.001634329754254607 -0.008216330918514037 0.016685305434233078
v 0.0024318011962080888 -0.008016574286711653 0.016685305434233078
v 0.00394903106372857 -0.007388117187464571 0.016685305434233078
v 0.0048521191994269075 -0.0048521191994269075 0.01792893304151999
v 0.004353163925941428 -0.005304345382863285 0.01792893304151999
v 0.0038122853659340594 -0.005705488475952203 0.01792893304151999
v 0.0026259478385777524 -0.006339598956815462 0.01792893304151999
v 0.00199191389008202 -0.0065664599676518165 0.01792893304151999
v 0.003234692488768426 -0.00605168419018004 0.01792893304151999
v 0.0013386966625913294 -0.006730082354726441 0.01792893304151999
v 0.0008211188110309256 -0.00833695928117717 0.016685305434233078
v 0.004343007770826468 -0.003564214398874832 0.01944429871408193
v -0.0011744509301120365 -0.011924399942294106 0.015192147976532122
v -0.0013656728916329464 -0.013865909281337019 0.01500000071246177
v -0.0034782191974941368 -0.011466152735775115 0.015192147976532122
v -0.004044536782681352 -0.013333050407455804 0.01500000071246177
v -0.002718193660143642 -0.0136652819448424 0.01500000071246177
v -0.0023375912822942713 -0.011751864991472183 0.015192147976532122
v -0.004585350254413534 -0.011070014525736416 0.015192147976532122
v -0.0065679710646779355 -0.01228780995558787 0.01500000071246177
v -0.005331928506426831 -0.012872414246660746 0.01500000071246177
v -0.006656896430534964 -0.00996274995440638 0.015192147976532122
v -0.008839002075408664 -0.010770354782499436 0.01500000071246177
v -0.007740760217214704 -0.01158486707399431 0.01500000071246177
v 1.8564726918610683e-18 -0.010106166365942415 0.01576120546816051
v 2.201075569083266e-18 -0.011982097241177159 0.015192147976532122
v -0.0019716151697117545 -0.009911979192412379 0.01576120546816051
v -0.0009905775063852318 -0.010057502270613417 0.01576120546816051
v -0.0029336651764967636 -0.009670998078976645 0.01576120546816051
v -0.005648321420014257 -0.010567266012477261 0.015192147976532122
v -0.004764013516683763 -0.008912843173886631 0.01576120546816051
v -0.0038674623418977205 -0.0093368801737026 0.01576120546816051
v -0.005614684848439799 -0.00840296975947119 0.01576120546816051
v -0.007601362112601706 -0.009262286626153249 0.015192147976532122
v -0.009262286626153249 -0.007601362112601706 0.015192147976532122
v -0.010770354782499436 -0.008839002075408664 0.01500000071246177
v -0.009852118960076983 -0.009852118960076983 0.01500000071246177
v -0.010567266012477261 -0.005648321420014257 0.015192147976532122
v -0.01228780995558787 -0.0065679710646779355 0.01500000071246177
v -0.01158486707399431 -0.007740760217214704 0.01500000071246177
v -0.00996274995440638 -0.006656896430534964 0.015192147976532122
v -0.011070014525736416 -0.004585350254413534 0.015192147976532122
v -0.013333050407455804 -0.004044536782681352 0.01500000071246177
v -0.012872414246660746 -0.005331928506426831 0.01500000071246177
v -0.011751864991472183 -0.0023375912822942713 0.015192147976532122
v -0.013865909281337019 -0.0013656728916329464 0.01500000071246177
v -0.0136652819448424 -0.002718193660143642 0.01500000071246177
v -0.006411283797561618 -0.007812172307093412 0.01576120546816051
v -0.008472622320152556 -0.008472622320152556 0.015192147976532122
v -0.007812172307093412 -0.006411283797561618 0.01576120546816051
v -0.007146138530646495 -0.007146138530646495 0.01576120546816051
v -0.008912843173886631 -0.004764013516683763 0.01576120546816051
v -0.011466152735775115 -0.0034782191974941368 0.015192147976532122
v -0.009670998078976645 -0.0029336651764967636 0.01576120546816051
v -0.009911979192412379 -0.0019716151697117545 0.01576120546816051
v -0.0093368801737026 -0.0038674623418977205 0.01576120546816051
v -0.00840296975947119 -0.005614684848439799 0.01576120546816051
v -0.0008211188110309256 -0.00833695928117717 0.016685305434233078
v -0.0024318011962080888 -0.008016574286711653 0.016685305434233078
v -0.001634329754254607 -0.008216330918514037 0.016685305434233078
v -0.00394903106372857 -0.007388117187464571 0.016685305434233078
v -0.0053145015379782445 -0.0064757388329717 0.016685305434233078
v -0.004654177409934845 -0.0069654687375192426 0.016685305434233078
v -0.003205853137651926 -0.007739614377469117 0.016685305434233078
v 0.0006725870094280093 -0.006828890647993802 0.01792893304151999
v 1.538884661225262e-18 -0.008377297799328498 0.016685305434233078
v -0.0006725870094280093 -0.006828890647993802 0.01792893304151999
v 1.2605165872507825e-18 -0.006861932603603738 0.01792893304151999
v -0.00199191389008202 -0.0065664599676518165 0.01792893304151999
v -0.003234692488768426 -0.00605168419018004 0.01792893304151999
v -0.0026259478385777524 -0.006339598956815462 0.01792893304151999
v -0.0013386966625913294 -0.006730082354726441 0.01792893304151999
v -0.0064757388329717 -0.0053145015379782445 0.016685305434233078
v -0.007388117187464571 -0.00394903106372857 0.016685305434233078
v -0.0069654687375192426 -0.004654177409934845 0.016685305434233078
v -0.008016574286711653 -0.0024318011962080888 0.016685305434233078
v -0.00833695928117717 -0.0008211188110309256 0.016685305434233078
v -0.008216330918514037 -0.001634329754254607 0.016685305434233078
v -0.007739614377469117 -0.003205853137651926 0.016685305434233078
v -0.004353163925941428 -0.005304345382863285 0.01792893304151999
v -0.005923644347214929 -0.005923644347214929 0.016685305434233078
v -0.005304345382863285 -0.004353163925941428 0.01792893304151999
v -0.0048521191994269075 -0.0048521191994269075 0.01792893304151999
v -0.00605168419018004 -0.003234692488768426 0.01792893304151999
v -0.0065664599676518165 -0.00199191389008202 0.01792893304151999
v -0.006730082354726441 -0.0013386966625913294 0.01792893304151999
v -0.006339598956815462 -0.0026259478385777524 0.01792893304151999
v -0.005705488475952203 -0.0038122853659340594 0.01792893304151999
v -0.0038122853659340594 -0.005705488475952203 0.01792893304151999
v 0.004671601040523166 -0.00046011253396583546 0.021173167280695848
v 0.004492074226118414 -0.0013626557043711074 0.021173167280695848
v 0.0046040069859515365 -0.0009157939392193115 0.021173167280695848
v 0.0039030887550278726 -0.0026079605864416655 0.021173167280695848
v 0.004139919000804293 -0.0022128327943891912 0.021173167280695848
v 0.003972741077290648 -0.003972741077290648 0.01944429871408193
v 0.004336879936215343 -0.0017963944334686843 0.021173167280695848
v 0.004045883847717258 -0.000804776349145539 0.023049098155930592
v 0.0038111392877698824 -0.0015786255155782192 0.023049098155930592
v 0.003947519966702451 -0.0011974670263666803 0.023049098155930592
v 0.0031887821281588458 -0.00261696589502064 0.023049098155930592
v 0.0036286694342849146 -0.00297797217208573 0.021173167280695848
v 0.00331930414706888 -0.00331930414706888 0.021173167280695848
v 0.003429934664561096 -0.0022918091908863403 0.023049098155930592
v 0.0036380552589342086 -0.001944581004952664 0.023049098155930592
v 0.0031213625959954083 -0.004671449406299655 0.01944429871408193
v 0.002150031907159483 -0.00519063640453149 0.01944429871408193
v 0.0026484502619793238 -0.004954901930596667 0.01944429871408193
v 0.0010960767789743031 -0.005510350012246368 0.01944429871408193
v 1.0320657554157168e-18 -0.0056183040426424635 0.01944429871408193
v 0.0005506900810498677 -0.005591250685186844 0.01944429871408193
v 0.0016309076130169298 -0.005376381652611728 0.01944429871408193
v 0.003564214398874832 -0.004343007770826468 0.01944429871408193
v 0.0026079605864416655 -0.0039030887550278726 0.021173167280695848
v 0.00297797217208573 -0.0036286694342849146 0.021173167280695848
v 0.0017963944334686843 -0.004336879936215343 0.021173167280695848
v 0.0009157939392193115 -0.0046040069859515365 0.021173167280695848
v 0.00046011253396583546 -0.004671601040523166 0.021173167280695848
v 0.0013626557043711074 -0.004492074226118414 0.021173167280695848
v 0.0022128327943891912 -0.004139919000804293 0.021173167280695848
v -0.0005506900810498677 -0.005591250685186844 0.01944429871408193
v 8.623114508771124e-19 -0.004694205030244258 0.021173167280695848
v 0.00412514753861587 -5.051848732975608e-19 0.023049098155930592
v 0.004105283455335951 -0.0004043351603868345 0.023049098155930592
v 0.003782524526965564 -0.0010774965798038272 0.025000001187436283
v 0.00261696589502064 -0.0031887821281588458 0.023049098155930592
v 0.0029169196083796145 -0.0029169196083796145 0.023049098155930592
v 0.0033426117100503194 -0.002072543719503772 0.025000001187436283
v 0.0026469239061634176 -0.0029090005348986203 0.025000001187436283
v 0.0022918091908863403 -0.003429934664561096 0.023049098155930592
v 0.0015786255155782192 -0.0038111392877698824 0.023049098155930592
v 0.001944581004952664 -0.0036380552589342086 0.023049098155930592
v 0.0011974670263666803 -0.003947519966702451 0.023049098155930592
v 0.0004043351603868345 -0.004105283455335951 0.023049098155930592
v 0.000804776349145539 -0.004045883847717258 0.023049098155930592
v 7.577772570067795e-19 -0.00412514753861587 0.023049098155930592
v 0.001748694502919368 -0.003522862124877013 0.025000001187436283
v 0.0008979019353100998 -0.0038291334540450916 0.025000001187436283
v -3.529643749363555e-07 -0.003933000274545517 0.025000001187436283
v -0.0004043351603868345 -0.004105283455335951 0.023049098155930592
v -0.00046011253396583546 -0.004671601040523166 0.021173167280695848
v -0.0010960767789743031 -0.005510350012246368 0.01944429871408193
v -0.0016309076130169298 -0.005376381652611728 0.01944429871408193
v -0.002150031907159483 -0.00519063640453149 0.01944429871408193
v -0.0031213625959954083 -0.004671449406299655 0.01944429871408193
v -0.0026484502619793238 -0.004954901930596667 0.01944429871408193
v -0.003564214398874832 -0.004343007770826468 0.01944429871408193
v -0.0013626557043711074 -0.004492074226118414 0.021173167280695848
v -0.000804776349145539 -0.004045883847717258 0.023049098155930592
v -0.0009157939392193115 -0.0046040069859515365 0.021173167280695848
v -0.0017963944334686843 -0.004336879936215343 0.021173167280695848
v -0.0026079605864416655 -0.0039030887550278726 0.021173167280695848
v -0.0022128327943891912 -0.004139919000804293 0.021173167280695848
v -0.0011974670263666803 -0.003947519966702451 0.023049098155930592
v -0.004343007770826468 -0.003564214398874832 0.01944429871408193
v -0.004954901930596667 -0.0026484502619793238 0.01944429871408193
v -0.004671449406299655 -0.0031213625959954083 0.01944429871408193
v -0.005376381652611728 -0.0016309076130169298 0.01944429871408193
v -0.005510350012246368 -0.0010960767789743031 0.01944429871408193
v -0.00519063640453149 -0.002150031907159483 0.01944429871408193
v -0.00297797217208573 -0.0036286694342849146 0.021173167280695848
v -0.003972741077290648 -0.003972741077290648 0.01944429871408193
v -0.0036286694342849146 -0.00297797217208573 0.021173167280695848
v -0.00331930414706888 -0.00331930414706888 0.021173167280695848
v -0.004139919000804293 -0.0022128327943891912 0.021173167280695848
v -0.004492074226118414 -0.0013626557043711074 0.021173167280695848
v -0.0046040069859515365 -0.0009157939392193115 0.021173167280695848
v -0.004336879936215343 -0.0017963944334686843 0.021173167280695848
v -0.0039030887550278726 -0.0026079605864416655 0.021173167280695848
v -0.0015786255155782192 -0.0038111392877698824 0.023049098155930592
v -0.0008985891768970022 -0.0038289722830779638 0.025000001187436283
v -0.001944581004952664 -0.0036380552589342086 0.023049098155930592
v -0.00261696589502064 -0.0031887821281588458 0.023049098155930592
v -0.0022918091908863403 -0.003429934664561096 0.023049098155930592
v -0.0029169196083796145 -0.0029169196083796145 0.023049098155930592
v -0.0017507640954935594 -0.0035254422908626015 0.025000001187436283
v -0.002612956171166858 -0.0029395493473084733 0.025000001187436283
v -0.0031887821281588458 -0.00261696589502064 0.023049098155930592
v -0.003429934664561096 -0.0022918091908863403 0.023049098155930592
v -0.0036380552589342086 -0.001944581004952664 0.023049098155930592
v -0.0038111392877698824 -0.0015786255155782192 0.023049098155930592
v -0.004045883847717258 -0.000804776349145539 0.023049098155930592
v -0.003947519966702451 -0.0011974670263666803 0.023049098155930592
v -0.0032931803836973306 -0.0021502219267760525 0.025000001187436283
v -0.0037422541965310974 -0.0012099688627835448 0.025000001187436283
v -0.003933000274545517 9.633072173817834e-19 0.04459577009303883
v -0.003922847934128004 -0.0003601321153032938 0.04461401960562439
v -0.003933604427253656 -0.00018839905560794415 0.0447885420138161
v -0.003933000274545517 9.633072173817834e-19 0.044779009084896515
v -0.0037443851818923235 -0.0012067919350661205 0.04484140609103404
v -0.0038358766470381056 0.0008475715920572627 0.04473567793659816
v 0.0038010711091147897 0.0010347714915623363 0.04420702953502387
v -0.003288502134115995 -0.0021428640906569207 0.04489427398294943
v -0.003598462990970913 -0.0015804166352387933 0.04467833921927511
v -0.002904716629665849 -0.0026444743935653825 0.04474265501822838
v -0.002608895187316135 -0.0029353121721194253 0.04494713806016737
v -0.001920508237505253 -0.0034388298237512938 0.044806974631879104
v -0.001748694502919368 -0.003522862124877013 0.04500000213738531
v -0.0007312046636747532 -0.0038626887248802144 0.04487129043083238
v -0.0008980737755091492 -0.0038290931613033097 0.04500000213738531
v 0.0005390092986537823 -0.003891413158236129 0.0449356100444831
v 4.215686143334306e-18 -0.003933000274545517 0.04500000213738531
v 0.0008980737755091492 -0.0038290931613033097 0.04500000213738531
v 0.001748694502919368 -0.003522862124877013 0.04500000213738531
v 0.003735176979092897 0.0012499957678371865 0.04403515834155769
v 0.0031364189683993904 0.0023646622827255825 0.044099474140510964
v 0.0033912700833331477 0.0019894972792494636 0.04425989361224181
v 0.0027433444372476634 0.0028092929267081734 0.044312761504157194
v 0.002219664917516434 0.0032441491237390763 0.044163793754161684
v 0.0010803689277719825 0.0037881142508180976 0.04422810955311496
v 0.0019105237437753997 0.0034388751232834747 0.044365625581375134
v -0.000176797592096661 0.003924672074763352 0.04429242916676568
v 0.0009460922332952745 0.003823132219705483 0.044418489658593074
v -0.0011226697501318106 0.003764580428594344 0.044524217813028955
v -0.001420449324364692 0.0036644043278737104 0.0443567487804164
v -8.966307022871111e-05 0.003928624578155432 0.044471353735811014
v -0.002514389395931599 0.0030327474127245235 0.04442106457936967
v -0.0020772450956883792 0.003345212141616094 0.04457708570494434
v -0.002878669875499007 0.002685914405604478 0.04462994978216228
v -0.003337549606538398 0.0020737527401758216 0.044485384193020394
v -0.003824555578690325 0.0009000078271146836 0.04454969999197367
v -0.0034747230272841323 0.0018297270213403494 0.04468281385938022
v -0.01228780995558787 -0.0065679710646779355 0.01500000071246177
v -0.04405000132932324 4.440892309431682e-18 0.01500000071246177
v -0.01158486707399431 -0.007740760217214704 0.01500000071246177
v -0.02202500066466162 -0.03814842023846632 0.01500000071246177
v -0.010770354782499436 -0.008839002075408664 0.01500000071246177
v -0.009852118960076983 -0.009852118960076983 0.01500000071246177
v -0.013333050407455804 -0.004044536782681352 0.01500000071246177
v -0.0136652819448424 -0.002718193660143642 0.01500000071246177
v -0.012872414246660746 -0.005331928506426831 0.01500000071246177
v -0.013865909281337019 -0.0013656728916329464 0.01500000071246177
v -0.002718193660143642 -0.0136652819448424 0.01500000071246177
v -0.004044536782681352 -0.013333050407455804 0.01500000071246177
v -8.531502067822702e-19 -0.01393300027268285 0.01500000071246177
v -0.0013656728916329464 -0.013865909281337019 0.01500000071246177
v -0.008839002075408664 -0.010770354782499436 0.01500000071246177
v -0.0065679710646779355 -0.01228780995558787 0.01500000071246177
v -0.007740760217214704 -0.01158486707399431 0.01500000071246177
v -0.005331928506426831 -0.012872414246660746 0.01500000071246177
v 0.02202500066466162 -0.03814842023846632 0.01500000071246177
v -0.01393300027268285 -3.4126008271290807e-18 0.01500000071246177
v -0.013865909281337019 0.0013656728916329464 0.01500000071246177
v -0.0136652819448424 0.002718193660143642 0.01500000071246177
v -0.013333050407455804 0.004044536782681352 0.01500000071246177
v -0.012872414246660746 0.005331928506426831 0.01500000071246177
v -0.01228780995558787 0.0065679710646779355 0.01500000071246177
v -0.01158486707399431 0.007740760217214704 0.01500000071246177
v -0.02202500066466162 0.03814842023846632 0.01500000071246177
v -0.010770354782499436 0.008839002075408664 0.01500000071246177
v -0.009852118960076983 0.009852118960076983 0.01500000071246177
v -0.008839002075408664 0.010770354782499436 0.01500000071246177
v -0.007740760217214704 0.01158486707399431 0.01500000071246177
v -0.0065679710646779355 0.01228780995558787 0.01500000071246177
v -0.005331928506426831 0.012872414246660746 0.01500000071246177
v -0.002718193660143642 0.0136652819448424 0.01500000071246177
v -0.0013656728916329464 0.013865909281337019 0.01500000071246177
v -0.004044536782681352 0.013333050407455804 0.01500000071246177
v 2.5594507791654957e-18 0.01393300027268285 0.01500000071246177
v 0.002718193660143642 -0.0136652819448424 0.01500000071246177
v 0.0013656728916329464 -0.013865909281337019 0.01500000071246177
v 0.005331928506426831 -0.012872414246660746 0.01500000071246177
v 0.004044536782681352 -0.013333050407455804 0.01500000071246177
v 0.007740760217214704 -0.01158486707399431 0.01500000071246177
v 0.0065679710646779355 -0.01228780995558787 0.01500000071246177
v 0.009852118960076983 -0.009852118960076983 0.01500000071246177
v 0.008839002075408664 -0.010770354782499436 0.01500000071246177
v 0.01158486707399431 -0.007740760217214704 0.01500000071246177
v 0.010770354782499436 -0.008839002075408664 0.01500000071246177
v 0.04405000132932324 0.0 0.01500000071246177
v 0.01228780995558787 -0.0065679710646779355 0.01500000071246177
v 0.013333050407455804 -0.004044536782681352 0.01500000071246177
v 0.012872414246660746 -0.005331928506426831 0.01500000071246177
v 0.0136652819448424 -0.002718193660143642 0.01500000071246177
v 0.013865909281337019 -0.0013656728916329464 0.01500000071246177
v 0.01393300027268285 1.7063004135645403e-18 0.01500000071246177
v 0.0065679710646779355 0.01228780995558787 0.01500000071246177
v 0.007740760217214704 0.01158486707399431 0.01500000071246177
v 0.02202500066466162 0.03814842023846632 0.01500000071246177
v 0.008839002075408664 0.010770354782499436 0.01500000071246177
v 0.009852118960076983 0.009852118960076983 0.01500000071246177
v 0.0013656728916329464 0.013865909281337019 0.01500000071246177
v 0.004044536782681352 0.013333050407455804 0.01500000071246177
v 0.005331928506426831 0.012872414246660746 0.01500000071246177
v 0.002718193660143642 0.0136652819448424 0.01500000071246177
v 0.0136652819448424 0.002718193660143642 0.01500000071246177
v 0.013333050407455804 0.004044536782681352 0.01500000071246177
v 0.013865909281337019 0.0013656728916329464 0.01500000071246177
v 0.010770354782499436 0.008839002075408664 0.01500000071246177
v 0.01158486707399431 0.007740760217214704 0.01500000071246177
v 0.012872414246660746 0.005331928506426831 0.01500000071246177
v 0.01228780995558787 0.0065679710646779355 0.01500000071246177
v 0.02202500066466162 0.03814842023846632 0.0
v -0.04405000132932324 4.2804303802822954e-18 0.0
v -0.02202500066466162 0.03814842023846632 0.0
v -0.02202500066466162 -0.03814842023846632 0.0
v 0.02202500066466162 -0.03814842023846632 0.0
v 0.04405000132932324 0.0 0.0
v 0.02202500066466162 -0.03814842023846632 0.0
v 0.04405000132932324 0.0 0.0
v 0.04405000132932324 0.0 0.01500000071246177
v 0.02202500066466162 -0.03814842023846632 0.01500000071246177
v 0.04405000132932324 0.0 0.0
v 0.02202500066466162 0.03814842023846632 0.0
v 0.02202500066466162 0.03814842023846632 0.01500000071246177
v 0.04405000132932324 0.0 0.01500000071246177
v 0.02202500066466162 0.03814842023846632 0.0
v -0.02202500066466162 0.03814842023846632 0.0
v -0.02202500066466162 0.03814842023846632 0.01500000071246177
v 0.02202500066466162 0.03814842023846632 0.01500000071246177
v -0.02202500066466162 0.03814842023846632 0.0
v -0.04405000132932324 4.2804303802822954e-18 0.0
v -0.04405000132932324 4.440892309431682e-18 0.01500000071246177
v -0.02202500066466162 0.03814842023846632 0.01500000071246177
v -0.04405000132932324 4.440892309431682e-18 0.01500000071246177
v -0.04405000132932324 4.2804303802822954e-18 0.0
v -0.02202500066466162 -0.03814842023846632 0.01500000071246177
v -0.02202500066466162 -0.03814842023846632 0.0
v -0.02202500066466162 -0.03814842023846632 0.0
v 0.02202500066466162 -0.03814842023846632 0.0
v 0.02202500066466162 -0.03814842023846632 0.01500000071246177
v -0.02202500066466162 -0.03814842023846632 0.01500000071246177
f 1 2 3
f 4 5 6
f 2 4 3
f 3 4 6
f 7 8 9
f 7 6 5
f 8 7 5
f 10 9 11
f 11 9 8
f 10 11 12
f 13 12 14
f 10 12 13
f 15 16 17
f 15 13 14
f 16 15 14
f 18 19 20
f 20 21 22
f 23 24 21
f 18 20 22
f 25 24 23
f 21 24 22
f 23 26 25
f 19 18 27
f 26 28 29
f 29 28 30
f 31 32 33
f 28 33 30
f 34 31 35
f 36 35 37
f 26 29 25
f 30 33 32
f 35 36 34
f 34 32 31
f 37 38 39
f 37 39 36
f 40 39 38
f 41 42 40
f 40 38 41
f 42 43 44
f 43 45 44
f 46 47 45
f 44 45 47
f 48 49 50
f 48 47 46
f 51 50 49
f 49 48 46
f 43 42 41
f 52 17 53
f 53 17 16
f 52 53 54
f 55 54 56
f 55 52 54
f 57 58 59
f 55 56 59
f 59 56 57
f 60 61 58
f 61 62 63
f 60 62 61
f 64 65 66
f 62 66 63
f 67 64 68
f 69 68 70
f 60 58 57
f 65 64 67
f 67 68 69
f 63 66 65
f 71 50 51
f 72 73 74
f 69 70 74
f 73 75 76
f 75 77 76
f 78 79 77
f 76 77 79
f 80 81 27
f 80 79 78
f 27 81 19
f 81 80 78
f 75 73 72
f 70 72 74
f 82 83 84
f 85 84 86
f 87 86 88
f 85 82 84
f 89 87 88
f 85 86 87
f 88 90 89
f 83 82 91
f 92 90 93
f 94 92 93
f 95 96 97
f 93 97 94
f 98 95 99
f 100 99 101
f 90 92 89
f 94 97 96
f 99 100 98
f 98 96 95
f 101 102 103
f 101 103 100
f 103 102 104
f 104 105 106
f 104 102 105
f 106 107 108
f 109 110 111
f 108 107 109
f 108 109 111
f 112 113 114
f 112 111 110
f 115 114 113
f 113 112 110
f 107 106 105
f 71 116 117
f 116 118 117
f 119 120 118
f 117 118 120
f 121 122 123
f 121 120 119
f 122 121 119
f 124 125 126
f 124 126 127
f 126 128 127
f 123 125 124
f 129 130 131
f 132 128 130
f 133 131 134
f 125 123 122
f 127 128 132
f 133 134 135
f 133 129 131
f 136 114 115
f 137 138 135
f 132 130 129
f 138 139 140
f 140 139 141
f 142 141 143
f 140 141 142
f 144 145 91
f 144 142 143
f 91 145 83
f 145 144 143
f 139 138 137
f 134 137 135
f 51 116 71
f 146 147 148
f 149 150 151
f 147 149 152
f 148 147 152
f 151 152 149
f 153 151 150
f 150 154 153
f 146 148 155
f 156 154 157
f 158 159 160
f 158 157 159
f 156 157 158
f 161 162 163
f 160 159 162
f 164 163 165
f 154 156 153
f 160 162 161
f 163 164 161
f 166 165 167
f 168 167 169
f 164 165 166
f 170 168 169
f 166 167 168
f 169 171 170
f 172 171 173
f 173 174 175
f 176 177 174
f 172 173 175
f 176 178 177
f 177 175 174
f 178 179 180
f 178 176 179
f 171 172 170
f 136 115 181
f 182 183 184
f 185 181 182
f 185 136 181
f 184 185 182
f 183 186 184
f 183 187 186
f 188 187 189
f 190 189 191
f 192 190 191
f 188 189 190
f 193 194 195
f 192 191 194
f 196 195 197
f 187 188 186
f 192 194 193
f 195 196 193
f 198 197 199
f 200 199 201
f 196 197 198
f 199 200 198
f 201 202 200
f 203 204 205
f 206 207 208
f 204 206 209
f 202 203 205
f 204 209 205
f 208 209 206
f 207 155 208
f 207 146 155
f 203 202 201
f 210 211 212
f 211 213 214
f 215 213 216
f 212 211 214
f 217 215 216
f 213 215 214
f 216 218 217
f 210 212 219
f 218 220 221
f 222 223 224
f 220 223 222
f 221 220 222
f 225 226 227
f 224 223 226
f 228 227 229
f 218 221 217
f 224 226 225
f 227 228 225
f 230 229 231
f 232 231 233
f 229 230 228
f 232 230 231
f 234 232 233
f 233 235 234
f 236 235 237
f 238 237 239
f 240 239 241
f 238 236 237
f 241 242 240
f 240 238 239
f 243 244 242
f 242 241 243
f 235 236 234
f 179 245 180
f 246 247 248
f 245 246 249
f 180 245 249
f 249 246 248
f 247 250 248
f 247 251 250
f 251 252 253
f 254 255 256
f 252 255 254
f 253 252 254
f 257 258 259
f 256 255 258
f 260 259 261
f 251 253 250
f 256 258 257
f 259 260 257
f 262 261 263
f 264 263 265
f 264 262 263
f 261 262 260
f 265 266 264
f 267 268 269
f 269 270 271
f 272 273 270
f 266 268 267
f 273 271 270
f 219 273 272
f 269 271 267
f 272 210 219
f 268 266 265
f 274 275 276
f 277 276 278
f 279 278 280
f 277 274 276
f 281 279 280
f 277 278 279
f 280 282 281
f 275 274 283
f 282 284 285
f 285 284 286
f 287 288 289
f 284 289 286
f 290 287 291
f 292 291 293
f 282 285 281
f 286 289 288
f 291 292 290
f 290 288 287
f 293 294 295
f 293 295 292
f 295 294 296
f 296 297 298
f 296 294 297
f 298 299 300
f 301 302 303
f 300 299 301
f 300 301 303
f 304 305 306
f 304 303 302
f 307 306 305
f 305 304 302
f 299 298 297
f 244 308 309
f 308 310 309
f 311 312 310
f 309 310 312
f 313 314 315
f 313 312 311
f 314 313 311
f 316 317 318
f 316 318 319
f 318 320 319
f 315 317 316
f 321 322 323
f 324 320 322
f 325 323 326
f 317 315 314
f 319 320 324
f 327 325 326
f 321 323 325
f 328 306 307
f 329 330 327
f 324 322 321
f 330 331 332
f 332 331 333
f 334 333 335
f 332 333 334
f 336 337 283
f 336 334 335
f 283 337 275
f 337 336 335
f 331 330 329
f 326 329 327
f 243 308 244
f 338 339 340
f 341 342 343
f 339 341 344
f 340 339 344
f 343 344 341
f 345 343 342
f 342 346 345
f 338 340 347
f 348 346 349
f 350 349 351
f 352 350 351
f 348 349 350
f 353 354 355
f 352 351 354
f 356 355 357
f 346 348 345
f 352 354 353
f 355 356 353
f 358 357 359
f 360 359 361
f 356 357 358
f 362 360 361
f 358 359 360
f 361 363 362
f 363 364 365
f 364 366 367
f 368 366 369
f 365 364 367
f 369 370 368
f 368 367 366
f 370 371 372
f 370 369 371
f 363 365 362
f 328 307 373
f 374 373 375
f 376 375 377
f 374 328 373
f 376 374 375
f 377 378 376
f 377 379 378
f 380 379 381
f 381 382 383
f 382 384 383
f 380 381 383
f 385 386 387
f 384 382 386
f 388 387 389
f 379 380 378
f 384 386 385
f 387 388 385
f 390 389 391
f 392 391 393
f 388 389 390
f 391 392 390
f 393 394 392
f 395 396 397
f 398 399 400
f 396 398 401
f 394 395 397
f 396 401 397
f 398 400 401
f 347 400 399
f 399 338 347
f 395 394 393
f 402 403 404
f 403 405 406
f 407 405 408
f 404 403 406
f 406 405 407
f 408 409 407
f 408 410 409
f 402 404 411
f 410 412 413
f 414 415 416
f 412 415 414
f 413 412 414
f 417 418 419
f 416 415 418
f 420 419 421
f 410 413 409
f 416 418 417
f 419 420 417
f 422 421 423
f 424 423 425
f 420 421 422
f 424 422 423
f 425 426 424
f 425 427 426
f 428 427 429
f 430 429 431
f 432 431 433
f 430 428 429
f 433 434 432
f 435 434 436
f 430 431 432
f 434 433 436
f 427 428 426
f 371 437 372
f 438 439 440
f 437 438 441
f 372 437 441
f 441 438 440
f 439 442 440
f 439 443 442
f 444 443 445
f 446 447 448
f 446 445 447
f 444 445 446
f 449 450 451
f 448 447 450
f 452 451 453
f 443 444 442
f 448 450 449
f 451 452 449
f 454 453 455
f 456 455 457
f 456 454 455
f 453 454 452
f 457 458 456
f 459 460 461
f 461 462 463
f 464 465 462
f 458 460 459
f 459 461 463
f 411 465 464
f 462 465 463
f 464 402 411
f 460 458 457
f 466 467 468
f 468 469 470
f 471 472 469
f 470 466 468
f 473 472 471
f 470 469 472
f 471 474 473
f 467 466 475
f 474 476 477
f 477 476 478
f 479 480 481
f 476 481 478
f 482 479 483
f 484 483 485
f 474 477 473
f 478 481 480
f 483 484 482
f 482 480 479
f 485 486 487
f 485 487 484
f 487 486 488
f 488 489 490
f 488 486 489
f 490 491 492
f 492 491 493
f 494 493 495
f 492 493 494
f 496 497 498
f 496 494 495
f 499 498 497
f 497 496 495
f 491 490 489
f 435 500 501
f 500 502 501
f 503 504 502
f 501 502 504
f 505 506 507
f 505 504 503
f 506 505 503
f 508 509 510
f 508 510 511
f 510 512 511
f 507 509 508
f 513 514 515
f 516 512 514
f 517 515 518
f 509 507 506
f 511 512 516
f 519 517 518
f 514 513 516
f 520 498 499
f 521 522 519
f 513 515 517
f 522 523 524
f 523 525 524
f 526 527 525
f 524 525 527
f 528 529 475
f 528 527 526
f 475 529 467
f 529 528 526
f 523 522 521
f 518 521 519
f 436 500 435
f 530 531 532
f 533 534 535
f 536 532 533
f 536 530 532
f 535 536 533
f 534 537 535
f 534 538 537
f 531 530 539
f 540 538 541
f 542 540 541
f 543 544 545
f 541 545 542
f 546 543 547
f 548 547 549
f 538 540 537
f 542 545 544
f 543 546 544
f 549 550 551
f 552 550 553
f 547 548 546
f 549 551 548
f 550 552 551
f 553 554 552
f 555 556 557
f 558 559 560
f 556 558 561
f 554 555 557
f 556 561 557
f 560 561 558
f 559 562 560
f 562 559 563
f 555 554 553
f 520 564 565
f 565 564 566
f 567 566 568
f 565 566 567
f 569 567 568
f 570 571 569
f 569 568 570
f 571 572 573
f 572 574 573
f 574 575 573
f 576 577 578
f 574 578 575
f 579 576 580
f 581 580 582
f 572 571 570
f 581 582 583
f 581 579 580
f 577 576 579
f 584 562 563
f 585 586 583
f 575 578 577
f 586 587 588
f 589 590 591
f 588 587 589
f 588 589 591
f 592 593 539
f 592 591 590
f 539 593 531
f 593 592 590
f 587 586 585
f 582 585 583
f 499 564 520
f 594 595 596
f 597 598 599
f 595 597 600
f 596 595 600
f 600 597 599
f 598 601 599
f 598 602 601
f 594 596 603
f 602 604 605
f 606 607 608
f 604 607 606
f 605 604 606
f 609 610 611
f 608 607 610
f 612 611 613
f 602 605 601
f 608 610 609
f 611 612 609
f 614 613 615
f 616 615 617
f 612 613 614
f 616 614 615
f 617 618 616
f 617 619 618
f 620 619 621
f 621 622 623
f 624 625 622
f 620 621 623
f 624 626 625
f 625 623 622
f 626 627 628
f 626 624 627
f 619 620 618
f 563 629 584
f 630 631 632
f 629 630 633
f 584 629 633
f 632 633 630
f 634 632 631
f 631 635 634
f 636 635 637
f 638 639 640
f 638 637 639
f 636 637 638
f 641 642 643
f 640 639 642
f 644 643 645
f 635 636 634
f 640 642 641
f 643 644 641
f 646 645 647
f 648 647 649
f 648 646 647
f 645 646 644
f 649 650 648
f 651 652 653
f 653 654 655
f 656 657 654
f 650 652 651
f 651 653 655
f 603 657 656
f 654 657 655
f 656 594 603
f 652 650 649
f 658 659 660
f 660 661 662
f 663 664 661
f 662 658 660
f 665 664 663
f 662 661 664
f 663 666 665
f 659 658 667
f 666 668 669
f 669 668 670
f 671 672 673
f 668 673 670
f 674 671 675
f 676 675 677
f 666 669 665
f 670 673 672
f 675 676 674
f 674 672 671
f 677 678 679
f 677 679 676
f 680 679 678
f 681 682 680
f 680 678 681
f 682 683 684
f 684 683 685
f 686 685 687
f 684 685 686
f 688 689 690
f 688 686 687
f 691 690 689
f 689 688 687
f 683 682 681
f 692 693 694
f 694 695 696
f 697 698 695
f 628 693 692
f 698 696 695
f 694 696 692
f 697 699 698
f 693 628 627
f 700 701 702
f 702 701 703
f 704 703 701
f 699 700 702
f 705 706 707
f 708 704 706
f 709 707 710
f 700 699 697
f 703 704 708
f 711 709 710
f 706 705 708
f 712 690 691
f 713 714 711
f 705 707 709
f 714 715 716
f 715 717 716
f 718 719 717
f 716 717 719
f 720 721 667
f 720 719 718
f 667 721 659
f 721 720 718
f 715 714 713
f 710 713 711
f 722 723 724
f 725 724 726
f 727 726 728
f 725 722 724
f 727 725 726
f 728 729 727
f 728 730 729
f 723 722 731
f 732 730 733
f 734 732 733
f 735 736 737
f 733 737 734
f 738 735 739
f 740 739 741
f 730 732 729
f 734 737 736
f 735 738 736
f 741 742 743
f 744 742 745
f 739 740 738
f 741 743 740
f 742 744 743
f 745 746 744
f 747 748 749
f 750 751 752
f 748 750 753
f 746 747 749
f 748 753 749
f 750 752 753
f 754 752 751
f 754 751 755
f 747 746 745
f 712 756 757
f 757 756 758
f 759 758 760
f 759 757 758
f 761 759 760
f 761 762 763
f 761 760 762
f 763 764 765
f 764 766 765
f 766 767 765
f 768 769 770
f 766 770 767
f 771 768 772
f 773 772 774
f 764 763 762
f 768 771 769
f 775 773 774
f 773 771 772
f 776 754 755
f 777 778 775
f 767 770 769
f 778 779 780
f 781 782 783
f 780 779 781
f 780 781 783
f 784 785 731
f 784 783 782
f 731 785 723
f 785 784 782
f 779 778 777
f 774 777 775
f 691 756 712
f 786 787 788
f 789 790 791
f 787 789 792
f 788 787 792
f 792 789 791
f 790 793 791
f 790 794 793
f 786 788 795
f 796 794 797
f 798 799 800
f 798 797 799
f 796 797 798
f 801 802 803
f 800 799 802
f 804 803 805
f 794 796 793
f 800 802 801
f 803 804 801
f 806 805 807
f 808 807 809
f 804 805 806
f 810 808 809
f 806 807 808
f 809 811 810
f 812 811 813
f 813 814 815
f 816 817 814
f 812 813 815
f 816 818 817
f 817 815 814
f 818 819 820
f 818 816 819
f 811 812 810
f 755 821 776
f 822 823 824
f 821 822 825
f 776 821 825
f 824 825 822
f 826 824 823
f 823 827 826
f 828 827 829
f 830 829 831
f 832 830 831
f 828 829 830
f 833 834 835
f 832 831 834
f 836 835 837
f 827 828 826
f 832 834 833
f 835 836 833
f 838 837 839
f 840 839 841
f 840 838 839
f 837 838 836
f 841 842 840
f 843 844 845
f 844 846 847
f 848 846 849
f 842 843 845
f 845 844 847
f 847 846 848
f 849 795 848
f 849 786 795
f 843 842 841
f 850 851 852
f 852 853 854
f 855 856 853
f 850 852 854
f 857 856 855
f 853 856 854
f 855 858 857
f 851 850 859
f 858 860 861
f 861 860 862
f 863 864 865
f 860 865 862
f 866 863 867
f 868 867 869
f 858 861 857
f 862 865 864
f 867 868 866
f 866 864 863
f 869 870 871
f 869 871 868
f 872 871 870
f 873 874 872
f 872 870 873
f 874 875 876
f 875 877 876
f 878 879 877
f 876 877 879
f 880 881 882
f 880 879 878
f 883 882 881
f 881 880 878
f 875 874 873
f 884 885 886
f 886 887 888
f 889 890 887
f 820 885 884
f 884 886 888
f 887 890 888
f 889 891 890
f 885 820 819
f 892 893 894
f 894 893 895
f 896 895 893
f 891 892 894
f 897 898 899
f 900 896 898
f 901 899 902
f 892 891 889
f 900 898 897
f 897 899 901
f 895 896 900
f 903 882 883
f 904 905 906
f 901 902 906
f 905 907 908
f 907 909 908
f 910 911 909
f 908 909 911
f 912 913 859
f 912 911 910
f 859 913 851
f 913 912 910
f 907 905 904
f 902 904 906
f 914 915 916
f 917 916 918
f 919 918 920
f 917 914 916
f 921 919 920
f 917 918 919
f 920 922 921
f 915 914 923
f 924 922 925
f 926 924 925
f 927 928 929
f 925 929 926
f 930 927 931
f 932 931 933
f 922 924 921
f 926 929 928
f 931 932 930
f 930 928 927
f 933 934 935
f 933 935 932
f 935 934 936
f 936 937 938
f 936 934 937
f 938 939 940
f 941 942 943
f 940 939 941
f 940 941 943
f 944 945 946
f 944 943 942
f 947 946 945
f 945 944 942
f 939 938 937
f 903 948 949
f 948 950 949
f 951 952 950
f 949 950 952
f 953 954 955
f 953 952 951
f 954 953 951
f 956 957 958
f 956 958 959
f 958 960 959
f 955 957 956
f 961 962 963
f 964 960 962
f 965 963 966
f 957 955 954
f 959 960 964
f 967 965 966
f 963 965 961
f 968 946 947
f 969 970 967
f 964 962 961
f 970 971 972
f 972 971 973
f 974 973 975
f 972 973 974
f 976 977 923
f 976 974 975
f 923 977 915
f 977 976 975
f 971 970 969
f 966 969 967
f 883 948 903
f 978 979 980
f 981 982 983
f 979 981 984
f 985 980 979
f 983 984 981
f 986 983 982
f 985 979 984
f 978 980 987
f 988 989 990
f 991 992 993
f 989 991 994
f 990 989 994
f 994 991 993
f 993 992 995
f 995 978 987
f 995 992 978
f 996 997 998
f 996 998 999
f 998 997 1000
f 997 1001 1000
f 996 999 1002
f 1003 1004 1005
f 1004 1006 1001
f 1007 1008 1009
f 1005 1008 1010
f 1001 1006 1000
f 1007 1009 1011
f 1005 1010 1003
f 1010 1008 1007
f 1012 1007 1011
f 1012 1011 1013
f 1006 1004 1003
f 1014 1015 1016
f 1017 1014 1018
f 1016 1018 1014
f 1019 1016 1015
f 1015 988 1019
f 1017 1018 1013
f 1017 1013 1011
f 1020 1021 1022
f 1022 1023 1020
f 1024 1022 1021
f 1021 1025 1024
f 1026 1027 1028
f 1025 1026 1028
f 1029 1030 1027
f 1027 1031 1028
f 1032 1029 1033
f 1025 1028 1024
f 1029 1032 1030
f 1032 1033 1034
f 990 1019 988
f 1030 1031 1027
f 1035 1036 1037
f 1002 1037 1038
f 1036 1035 1039
f 1035 1037 1002
f 1038 996 1002
f 1039 1034 1033
f 1033 1036 1039
f 1040 1041 1042
f 1043 1042 1041
f 1044 1045 1043
f 1043 1041 1044
f 1040 1042 1046
f 1044 1047 1045
f 1048 1049 1050
f 1049 1051 1047
f 1047 1051 1045
f 1052 1050 1053
f 1049 1054 1051
f 1055 1053 1056
f 1049 1048 1054
f 1052 1048 1050
f 1053 1055 1052
f 1056 1057 1055
f 1058 1057 1059
f 1060 1059 1061
f 1059 1060 1058
f 1060 1061 1062
f 1062 1061 1020
f 1057 1058 1055
f 1063 1064 1065
f 1064 1063 1066
f 1064 1067 1065
f 1068 1067 1069
f 1067 1064 1069
f 1068 1070 1071
f 1069 1070 1068
f 1072 1073 1074
f 1073 1075 1076
f 1070 1076 1071
f 1077 1074 1078
f 1071 1076 1075
f 1072 1074 1077
f 1020 1023 1062
f 1075 1073 1072
f 1079 1080 1081
f 1082 1081 1046
f 1079 1083 1080
f 1082 1079 1081
f 1046 1042 1082
f 1080 1083 1077
f 1077 1078 1080
f 1084 1085 1086
f 1085 1087 1086
f 1087 1085 1088
f 1087 1088 1089
f 1084 1086 1090
f 1091 1089 1092
f 1093 1091 1092
f 1094 1095 1096
f 1093 1096 1095
f 1097 1094 1098
f 1092 1089 1088
f 1093 1095 1091
f 1099 1098 1100
f 1094 1101 1095
f 1097 1101 1094
f 1098 1099 1097
f 1100 1102 1099
f 1103 1104 1105
f 1106 1105 1107
f 1103 1102 1104
f 1106 1103 1105
f 1107 1063 1106
f 1104 1102 1100
f 1108 1109 1110
f 1111 1108 1112
f 1108 1110 1112
f 1110 1109 1113
f 1110 1113 1114
f 1115 1116 1117
f 1118 1113 1116
f 1119 1120 1121
f 1117 1121 1122
f 1123 1119 1124
f 1113 1118 1114
f 1117 1122 1115
f 1115 1118 1116
f 1066 1063 1107
f 1121 1120 1122
f 1123 1124 1125
f 1123 1120 1119
f 1125 1126 1127
f 1128 1125 1127
f 1090 1128 1127
f 1127 1084 1090
f 1126 1125 1124
f 1129 1130 1131
f 1130 1132 1131
f 1133 1132 1134
f 1132 1130 1134
f 1129 1131 1135
f 1136 1137 1138
f 1139 1133 1137
f 1140 1141 1142
f 1138 1141 1143
f 1137 1133 1134
f 1140 1142 1144
f 1143 1136 1138
f 1143 1141 1140
f 1145 1140 1144
f 1146 1145 1147
f 1136 1139 1137
f 1148 1149 1150
f 1148 1150 1146
f 1151 1150 1149
f 1152 1151 1149
f 1149 1111 1152
f 1148 1146 1147
f 1144 1147 1145
f 1153 1154 1155
f 1156 1155 1157
f 1154 1153 1158
f 1153 1155 1156
f 1157 1159 1156
f 1159 1160 1161
f 1162 1159 1161
f 1163 1164 1165
f 1161 1165 1162
f 1166 1163 1167
f 1160 1159 1157
f 1163 1166 1164
f 1166 1167 1168
f 1112 1152 1111
f 1164 1162 1165
f 1169 1170 1135
f 1171 1169 1172
f 1171 1172 1173
f 1172 1169 1135
f 1170 1129 1135
f 1173 1168 1167
f 1167 1171 1173
f 1174 1175 1176
f 1176 1177 1174
f 1178 1176 1175
f 1175 1179 1178
f 1174 1177 1180
f 1178 1179 1181
f 1182 1183 1184
f 1183 1181 1185
f 1179 1185 1181
f 1186 1184 1187
f 1183 1188 1181
f 1189 1187 1190
f 1183 1182 1188
f 1186 1182 1184
f 1187 1189 1186
f 1190 1191 1189
f 1192 1193 1194
f 1195 1194 1196
f 1193 1192 1191
f 1192 1194 1195
f 1195 1196 1154
f 1193 1191 1190
f 1197 1198 1199
f 1198 1197 1200
f 1198 1201 1199
f 1202 1201 1203
f 1201 1198 1203
f 1204 1205 1206
f 1203 1206 1202
f 1207 1208 1209
f 1207 1210 1204
f 1206 1205 1202
f 1211 1208 1212
f 1205 1204 1210
f 1209 1208 1211
f 1154 1158 1195
f 1210 1207 1209
f 1213 1214 1215
f 1216 1215 1180
f 1214 1213 1217
f 1213 1215 1216
f 1180 1177 1216
f 1214 1217 1211
f 1211 1212 1214
f 1218 1219 1220
f 1221 1220 1219
f 1222 1221 1219
f 1219 1223 1222
f 1218 1220 1224
f 1222 1223 1225
f 1226 1227 1228
f 1229 1227 1226
f 1225 1223 1229
f 1230 1228 1231
f 1229 1226 1225
f 1232 1233 1231
f 1228 1230 1226
f 1233 1230 1231
f 1233 1232 1234
f 1232 1235 1234
f 1236 1235 1237
f 1238 1237 1239
f 1236 1240 1235
f 1238 1236 1237
f 1239 1197 1238
f 1235 1240 1234
f 1241 1242 1243
f 1241 1243 1244
f 1243 1245 1246
f 1245 1243 1242
f 1246 1245 1247
f 1248 1249 1250
f 1247 1249 1248
f 1251 1252 1253
f 1249 1253 1250
f 1254 1251 1255
f 1247 1248 1246
f 1250 1253 1256
f 1256 1253 1252
f 1200 1197 1239
f 1251 1254 1252
f 1257 1258 1259
f 1260 1259 1261
f 1260 1257 1259
f 1224 1260 1261
f 1261 1218 1224
f 1257 1254 1255
f 1255 1258 1257
f 1244 1262 1241
f 1263 1264 1265
f 1264 1266 1265
f 1266 1264 1267
f 1266 1267 1268
f 1263 1265 1269
f 1270 1271 1268
f 1272 1270 1268
f 1273 1274 1275
f 1272 1275 1276
f 1277 1273 1278
f 1268 1271 1266
f 1272 1276 1270
f 1279 1278 1280
f 1275 1274 1276
f 1274 1273 1277
f 1277 1278 1279
f 1280 1281 1279
f 1282 1283 1281
f 1281 1283 1284
f 1282 1281 1280
f 1285 1284 1283
f 1262 1244 1285
f 1285 1283 1262
f 1286 1287 1288
f 1289 1288 1290
f 1287 1286 1291
f 1286 1288 1289
f 1290 1292 1289
f 1293 1292 1294
f 1295 1293 1294
f 1296 1297 1298
f 1295 1298 1299
f 1297 1296 1300
f 1294 1292 1290
f 1298 1297 1299
f 1297 1300 1301
f 1301 1300 1302
f 1299 1293 1295
f 1303 1304 1305
f 1306 1303 1307
f 1305 1307 1303
f 1269 1305 1304
f 1304 1263 1269
f 1306 1307 1302
f 1300 1306 1302
f 1308 1309 1310
f 1310 1311 1308
f 1312 1310 1309
f 1309 1313 1312
f 1308 1311 1314
f 1312 1313 1315
f 1316 1317 1318
f 1316 1315 1319
f 1319 1315 1313
f 1320 1317 1321
f 1316 1322 1315
f 1323 1321 1324
f 1316 1318 1322
f 1320 1318 1317
f 1321 1323 1320
f 1324 1325 1323
f 1326 1327 1328
f 1329 1328 1330
f 1327 1326 1325
f 1326 1328 1329
f 1329 1330 1287
f 1327 1325 1324
f 1331 1332 1333
f 1333 1334 1331
f 1335 1333 1332
f 1332 1336 1335
f 1331 1334 1337
f 1338 1339 1340
f 1336 1339 1338
f 1341 1342 1343
f 1339 1343 1344
f 1345 1341 1346
f 1336 1338 1335
f 1342 1344 1343
f 1342 1341 1345
f 1287 1291 1329
f 1340 1339 1344
f 1347 1348 1349
f 1350 1349 1351
f 1349 1350 1347
f 1350 1351 1314
f 1351 1308 1314
f 1348 1347 1345
f 1345 1346 1348
f 1352 1353 1354
f 1355 1354 1353
f 1356 1355 1353
f 1353 1357 1356
f 1352 1354 1358
f 1359 1357 1360
f 1356 1357 1359
f 1361 1362 1363
f 1362 1364 1365
f 1360 1365 1366
f 1367 1363 1368
f 1360 1366 1359
f 1367 1368 1369
f 1365 1364 1366
f 1361 1364 1362
f 1363 1367 1361
f 1369 1370 1367
f 1371 1372 1334
f 1373 1372 1371
f 1370 1369 1374
f 1371 1374 1373
f 1372 1337 1334
f 1374 1369 1373
f 1375 1376 1377
f 1378 1375 1379
f 1377 1379 1375
f 1380 1377 1376
f 1376 1381 1380
f 1382 1381 1383
f 1384 1382 1383
f 1385 1384 1386
f 1383 1386 1384
f 1387 1385 1388
f 1381 1382 1380
f 1385 1389 1384
f 1390 1391 1388
f 1385 1387 1389
f 1387 1388 1391
f 1390 1392 1391
f 1393 1394 1395
f 1396 1395 1358
f 1393 1392 1394
f 1396 1393 1395
f 1358 1354 1396
f 1394 1392 1390
f 1397 1398 1399
f 1398 1400 1399
f 1400 1398 1401
f 1400 1401 1402
f 1397 1399 1403
f 1404 1405 1402
f 1406 1404 1402
f 1407 1408 1409
f 1406 1409 1410
f 1411 1407 1412
f 1402 1405 1400
f 1406 1410 1404
f 1413 1412 1414
f 1409 1408 1410
f 1408 1407 1411
f 1411 1412 1413
f 1414 1415 1413
f 1416 1417 1415
f 1415 1417 1418
f 1416 1415 1414
f 1417 1419 1418
f 1379 1419 1378
f 1419 1417 1378
f 1420 1421 1422
f 1423 1422 1424
f 1422 1423 1420
f 1423 1424 1425
f 1424 1426 1425
f 1427 1428 1426
f 1429 1427 1426
f 1430 1431 1432
f 1429 1432 1433
f 1431 1430 1434
f 1426 1428 1425
f 1432 1431 1433
f 1431 1434 1435
f 1436 1435 1437
f 1433 1427 1429
f 1438 1439 1440
f 1438 1440 1436
f 1441 1440 1439
f 1403 1441 1439
f 1439 1397 1403
f 1438 1436 1437
f 1435 1434 1437
f 1442 1443 1444
f 1442 1444 1445
f 1444 1443 1446
f 1443 1447 1446
f 1442 1445 1448
f 1446 1447 1449
f 1450 1451 1452
f 1451 1449 1453
f 1447 1453 1449
f 1454 1452 1455
f 1451 1450 1449
f 1456 1457 1455
f 1452 1454 1450
f 1457 1454 1455
f 1457 1456 1458
f 1456 1459 1458
f 1460 1461 1462
f 1463 1460 1464
f 1463 1464 1459
f 1464 1460 1462
f 1462 1461 1421
f 1463 1459 1456
f 1465 1466 1467
f 1468 1469 1470
f 1467 1470 1465
f 1466 1471 1467
f 1470 1469 1465
f 1471 1472 1473
f 1474 1471 1473
f 1475 1476 1477
f 1473 1477 1478
f 1479 1475 1480
f 1472 1471 1466
f 1475 1479 1476
f 1477 1476 1478
f 1420 1462 1421
f 1474 1473 1478
f 1481 1482 1483
f 1448 1483 1484
f 1482 1481 1485
f 1481 1483 1448
f 1484 1442 1448
f 1485 1479 1480
f 1480 1482 1485
f 1486 1487 1488
f 1489 1488 1487
f 1490 1489 1487
f 1487 1491 1490
f 1486 1488 1492
f 1493 1494 1495
f 1490 1491 1496
f 1497 1498 1499
f 1497 1500 1493
f 1491 1495 1496
f 1501 1498 1502
f 1495 1494 1496
f 1501 1502 1503
f 1493 1500 1494
f 1499 1500 1497
f 1498 1501 1499
f 1503 1504 1501
f 1505 1506 1468
f 1507 1506 1505
f 1508 1504 1503
f 1508 1507 1505
f 1506 1469 1468
f 1508 1503 1507
f 1509 1510 1511
f 1512 1511 1510
f 1513 1512 1510
f 1510 1514 1513
f 1515 1514 1516
f 1513 1514 1515
f 1517 1518 1519
f 1518 1520 1521
f 1516 1521 1520
f 1522 1519 1523
f 1515 1516 1520
f 1520 1518 1517
f 1524 1522 1523
f 1517 1519 1522
f 1525 1526 1527
f 1528 1527 1492
f 1525 1529 1526
f 1528 1525 1527
f 1492 1488 1528
f 1526 1529 1524
f 1523 1526 1524
f 1530 1531 1532
f 1531 1533 1532
f 1533 1531 1534
f 1533 1534 1535
f 1530 1532 1536
f 1537 1535 1538
f 1539 1537 1538
f 1540 1541 1542
f 1538 1542 1539
f 1543 1540 1544
f 1535 1537 1533
f 1542 1541 1539
f 1545 1544 1546
f 1540 1547 1541
f 1547 1540 1543
f 1543 1544 1545
f 1546 1548 1545
f 1548 1549 1550
f 1551 1550 1552
f 1551 1548 1550
f 1553 1551 1552
f 1552 1509 1553
f 1549 1548 1546
f 1554 1555 1556
f 1557 1556 1558
f 1556 1557 1554
f 1557 1558 1559
f 1557 1559 1560
f 1561 1562 1563
f 1564 1559 1562
f 1565 1566 1567
f 1563 1567 1568
f 1569 1565 1570
f 1559 1564 1560
f 1563 1568 1561
f 1568 1567 1566
f 1511 1553 1509
f 1561 1564 1562
f 1569 1570 1571
f 1569 1566 1565
f 1571 1572 1573
f 1574 1571 1573
f 1536 1574 1573
f 1573 1530 1536
f 1572 1571 1570
f 1575 1576 1577
f 1575 1577 1578
f 1577 1576 1579
f 1576 1580 1579
f 1575 1578 1581
f 1582 1583 1584
f 1583 1585 1580
f 1586 1587 1588
f 1584 1587 1589
f 1580 1585 1579
f 1586 1588 1590
f 1584 1589 1582
f 1589 1587 1586
f 1591 1586 1590
f 1591 1590 1592
f 1585 1583 1582
f 1593 1594 1595
f 1596 1593 1597
f 1595 1597 1593
f 1598 1595 1594
f 1594 1555 1598
f 1596 1597 1592
f 1596 1592 1590
f 1599 1600 1601
f 1602 1601 1603
f 1599 1604 1600
f 1602 1599 1601
f 1603 1605 1602
f 1605 1606 1607
f 1608 1605 1607
f 1609 1610 1611
f 1607 1611 1612
f 1613 1609 1614
f 1606 1605 1603
f 1611 1610 1612
f 1610 1609 1613
f 1554 1598 1555
f 1612 1608 1607
f 1615 1616 1617
f 1581 1617 1618
f 1616 1615 1619
f 1615 1617 1581
f 1618 1575 1581
f 1619 1613 1614
f 1614 1616 1619
f 1620 1621 1622
f 1623 1622 1621
f 1624 1625 1623
f 1623 1621 1624
f 1620 1622 1626
f 1627 1628 1629
f 1624 1629 1625
f 1630 1631 1632
f 1627 1630 1633
f 1629 1628 1625
f 1634 1631 1635
f 1628 1627 1636
f 1631 1634 1632
f 1630 1632 1633
f 1636 1627 1633
f 1637 1638 1639
f 1640 1639 1641
f 1639 1640 1637
f 1640 1641 1642
f 1641 1600 1642
f 1638 1637 1634
f 1635 1638 1634
f 1643 1644 1645
f 1646 1645 1644
f 1647 1646 1644
f 1644 1648 1647
f 1649 1648 1650
f 1647 1648 1649
f 1651 1652 1653
f 1652 1654 1655
f 1650 1655 1654
f 1656 1653 1657
f 1649 1650 1654
f 1654 1652 1651
f 1600 1604 1642
f 1653 1656 1651
f 1658 1659 1660
f 1661 1660 1626
f 1658 1662 1659
f 1661 1658 1660
f 1626 1622 1661
f 1659 1662 1656
f 1656 1657 1659
f 1663 1664 1665
f 1666 1667 1668
f 1669 1664 1670
f 1669 1670 1671
f 1672 1673 1674
f 1663 1670 1664
f 1675 1672 1674
f 1676 1677 1678
f 1679 1680 1674
f 1681 1682 1683
f 1680 1675 1674
f 1684 1685 1686
f 1687 1688 1674
f 1689 1687 1674
f 1690 1691 1692
f 1693 1690 1694
f 1695 1696 1697
f 1698 1696 1695
f 1699 1700 1701
f 1699 1702 1703
f 1702 1704 1705
f 1704 1706 1707
f 1708 1709 1710
f 1711 1712 1713
f 1714 1676 1715
f 1688 1679 1674
f 1716 1717 1718
f 1718 1719 1720
f 1721 1722 1723
f 1724 1725 1726
f 1727 1728 1729
f 1730 1731 1726
f 1732 1733 1734
f 1735 1729 1736
f 1735 1737 1722
f 1719 1731 1738
f 1739 1724 1721
f 1740 1741 1742
f 1743 1744 1745
f 1742 1681 1746
f 1747 1748 1749
f 1750 1751 1752
f 1753 1733 1717
f 1748 1754 1727
f 1668 1732 1755
f 1756 1757 1758
f 1759 1760 1761
f 1762 1763 1710
f 1764 1762 1710
f 1765 1766 1767
f 1768 1769 1770
f 1771 1772 1773
f 1774 1775 1776
f 1777 1778 1779
f 1777 1780 1781
f 1782 1783 1770
f 1781 1780 1784
f 1783 1768 1770
f 1703 1702 1705
f 1763 1708 1710
f 1785 1782 1770
f 1786 1787 1788
f 1789 1790 1791
f 1792 1793 1794
f 1795 1796 1797
f 1798 1799 1770
f 1800 1789 1801
f 1799 1785 1770
f 1802 1803 1804
f 1805 1806 1807
f 1808 1803 1802
f 1809 1810 1811
f 1812 1808 1813
f 1814 1815 1816
f 1817 1792 1818
f 1819 1798 1770
f 1820 1812 1813
f 1821 1822 1823
f 1824 1825 1826
f 1827 1828 1829
f 1830 1831 1813
f 1832 1833 1834
f 1831 1820 1813
f 1835 1836 1837
f 1838 1839 1840
f 1841 1835 1837
f 1842 1843 1844
f 1845 1841 1837
f 1843 1846 1847
f 1848 1849 1850
f 1851 1830 1813
f 1852 1853 1854
f 1855 1845 1837
f 1856 1857 1858
f 1859 1837 1860
f 1861 1862 1863
f 1864 1865 1866
f 1867 1868 1837
f 1869 1856 1870
f 1868 1855 1837
f 1871 1872 1873
f 1874 1875 1876
f 1877 1876 1878
f 1879 1880 1881
f 1859 1867 1837
f 1882 1883 1884
f 1885 1886 1887
f 1888 1889 1890
f 1891 1892 1893
f 1894 1895 1896
f 1897 1886 1898
f 1895 1899 1896
f 1900 1888 1901
f 1902 1903 1896
f 1872 1871 1899
f 1797 1796 1904
f 1905 1906 1907
f 1903 1894 1896
f 1908 1909 1910
f 1908 1910 1911
f 1912 1913 1914
f 1915 1916 1912
f 1908 1916 1909
f 1917 1918 1911
f 1918 1917 1919
f 1911 1910 1917
f 1913 1920 1914
f 1912 1914 1915
f 1921 1920 1913
f 1922 1921 1923
f 1913 1923 1921
f 1730 1924 1731
f 1925 1926 1751
f 1750 1927 1928
f 1929 1930 1928
f 1930 1931 1932
f 1930 1929 1931
f 1933 1922 1934
f 1922 1923 1934
f 1933 1667 1666
f 1666 1668 1755
f 1935 1732 1734
f 1936 1733 1753
f 1734 1733 1936
f 1755 1732 1935
f 1753 1717 1716
f 1716 1718 1937
f 1937 1718 1720
f 1938 1719 1738
f 1730 1726 1725
f 1738 1731 1924
f 1720 1719 1938
f 1939 1724 1739
f 1739 1721 1940
f 1723 1722 1737
f 1941 1735 1736
f 1737 1735 1941
f 1940 1721 1723
f 1725 1724 1939
f 1942 1729 1728
f 1728 1727 1754
f 1943 1748 1747
f 1944 1945 1930
f 1754 1748 1943
f 1928 1927 1929
f 1927 1750 1752
f 1751 1946 1925
f 1946 1947 1948
f 1946 1948 1925
f 1752 1751 1926
f 1736 1729 1942
f 1949 1947 1946
f 1950 1951 1952
f 1953 1773 1954
f 1955 1759 1956
f 1761 1957 1951
f 1958 1765 1959
f 1960 1775 1961
f 1962 1766 1963
f 1956 1964 1965
f 1961 1781 1966
f 1967 1788 1968
f 1774 1969 1963
f 1970 1712 1971
f 1972 1973 1711
f 1706 1953 1974
f 1975 1771 1950
f 1976 1811 1977
f 1978 1807 1979
f 1980 1814 1981
f 1976 1982 1805
f 1796 1983 1904
f 1984 1985 1822
f 1757 1692 1758
f 1971 1701 1986
f 1686 1987 1988
f 1852 1989 1990
f 1840 1991 1992
f 1992 1993 1994
f 1995 1849 1842
f 1996 1848 1997
f 1998 1999 2000
f 2001 1858 2002
f 2003 1891 2004
f 1844 1995 1842
f 1838 1996 2005
f 1826 2006 1828
f 2007 1824 1994
f 1866 1865 1863
f 2008 2009 1890
f 2010 1873 1872
f 1885 1887 2011
f 2012 2013 1892
f 2014 2015 1884
f 2016 1907 2017
f 2018 2019 1877
f 2020 1846 2021
f 1832 2022 1984
f 1901 1873 2023
f 2024 1794 2025
f 2026 1744 2027
f 1745 2028 2029
f 2030 1684 2031
f 1715 1988 2032
f 2033 2034 1958
f 1694 1973 2035
f 1967 2036 1778
f 2037 1964 2038
f 2034 2039 2040
f 1678 2041 2028
f 2042 2043 1741
f 1740 2042 1741
f 2044 2045 2040
f 1779 1780 1777
f 1704 1707 1705
f 2046 2047 1682
f 2046 2026 2048
f 2049 1949 2043
f 2049 1947 1949
f 2050 2051 1786
f 2052 1815 1990
f 2053 1801 1904
f 2054 2055 2021
f 2056 1881 2001
f 2057 1874 2015
f 1885 2058 1882
f 2059 2060 1870
f 2061 1898 2003
f 1818 1978 2062
f 2054 1880 2063
f 2064 2024 2065
f 1853 1821 2066
f 2067 1809 2068
f 2069 2064 2070
f 2068 1980 2071
f 1902 1896 2072
f 2073 2012 2009
f 1886 1897 1887
f 1844 1843 1847
f 1861 2019 2074
f 2075 1896 2016
f 2075 2072 1896
f 2050 2076 2077
f 2000 2078 1905
f 2064 2065 2070
f 1791 2079 2076
f 1741 2043 1949
f 2080 1998 2081
f 2082 2081 2083
f 2084 2085 2086
f 2087 2088 2064
f 2089 2090 2091
f 2088 1795 2064
f 2092 1837 1836
f 2093 2094 2064
f 2069 2093 2064
f 2095 2096 2097
f 2098 1747 1749
f 2099 2100 2101
f 2102 2103 2104
f 2094 2087 2064
f 2105 2098 1749
f 2106 2107 2108
f 2109 2110 2111
f 2112 2113 1749
f 2114 2115 2116
f 2113 2105 1749
f 2117 2118 2119
f 2120 1909 1916
f 2121 2122 2123
f 2124 2125 2126
f 1944 1930 1932
f 2127 2128 2129
f 1945 2112 1749
f 2130 2131 2132
f 2133 2120 1916
f 2134 2133 1916
f 2135 2136 2137
f 2138 2134 1916
f 2139 2140 2141
f 2138 1916 2142
f 2143 2144 2145
f 2146 2147 2148
f 2149 2150 2151
f 2152 2153 2154
f 2155 1770 1769
f 2156 2157 2158
f 2159 2160 2161
f 2162 2163 2164
f 2165 2166 2167
f 2168 2169 2170
f 2171 2172 2173
f 2174 2175 2176
f 2177 2178 2179
f 2180 2181 2182
f 2183 2184 2185
f 2186 2187 2188
f 2189 2190 2191
f 2192 2193 2194
f 2195 2196 2197
f 1709 1698 1695
f 2198 2199 2200
f 2201 2202 2203
f 2204 2205 2206
f 2207 2188 2208
f 2209 2210 2211
f 2212 1674 1673
f 2213 2214 2215
f 2216 2217 2218
f 2219 2220 2221
f 2222 2223 2224
f 2225 2226 2227
f 2228 2229 2230
f 2231 2232 2233
f 2234 2235 2236
f 2237 2238 2239
f 2240 2241 2242
f 2243 2244 2237
f 2245 2246 2247
f 2248 2249 2250
f 2251 2252 2253
f 2254 2255 2256
f 2257 2258 2103
f 2099 2259 2260
f 2122 2261 2262
f 2128 2263 2264
f 2265 2106 2266
f 2267 2085 2268
f 2269 2270 2271
f 2272 2273 2274
f 2275 2276 2277
f 2170 2131 2278
f 2279 2131 2130
f 2273 2169 2280
f 2136 2281 2282
f 2132 2277 2283
f 2104 2269 2284
f 2285 2286 2091
f 2135 2287 2275
f 1803 2288 1804
f 2289 2290 2149
f 2163 2291 2292
f 2293 2294 2295
f 2296 2191 2297
f 2178 2190 2179
f 2298 2299 2147
f 2155 2300 2301
f 2140 2302 2303
f 1804 2304 2302
f 2305 2293 2160
f 2306 2307 2171
f 2308 2175 2309
f 2310 2311 2172
f 2312 2307 2313
f 2314 2315 2174
f 2316 2255 2254
f 2139 2317 2318
f 2119 2118 2125
f 2319 2095 2320
f 2321 2322 2265
f 2100 2322 2323
f 2324 2325 2129
f 2110 2326 2327
f 2328 2111 2329
f 2116 2330 2331
f 2115 2114 2332
f 2333 2126 2262
f 2334 2096 2260
f 2258 2335 2086
f 2267 2336 2337
f 2338 2089 2339
f 2107 2332 2340
f 2318 2341 2281
f 2327 2342 2330
f 2343 1851 1813
f 2130 2132 2283
f 2264 2344 2329
f 2345 1813 2346
f 1813 2345 2343
f 1837 2319 2347
f 2348 2349 2167
f 2166 2350 2351
f 2352 2145 2353
f 2150 2354 2355
f 2152 2356 2357
f 2256 2312 2358
f 2359 2156 2360
f 2361 2153 2301
f 2362 2164 2295
f 2354 2357 2363
f 2144 2364 2365
f 1819 1770 2366
f 2346 2299 2367
f 2365 2368 2148
f 2369 2297 2370
f 2292 2371 2157
f 2372 2373 2181
f 2316 2374 2161
f 1770 2359 2375
f 2315 2376 2310
f 2290 2377 2348
f 2353 2351 2378
f 2370 2180 2379
f 2375 2366 1770
f 2272 2380 2123
f 2381 2083 2286
f 2382 2372 2183
f 2383 2384 2252
f 2385 2386 2387
f 2388 2389 2223
f 2390 2391 2216
f 2392 2393 2249
f 2235 2394 2395
f 2396 2397 2198
f 2210 2398 2399
f 2400 2401 2402
f 2387 2202 2403
f 2253 2401 2404
f 2405 2217 2406
f 2407 2408 2213
f 2398 2212 2409
f 2389 2410 2406
f 2209 2411 2402
f 2412 2413 2192
f 2232 2414 2229
f 1664 2415 1665
f 2416 2417 2418
f 2419 2420 2416
f 2421 2422 2423
f 2238 2424 2239
f 2425 1669 1671
f 2426 2427 2428
f 2426 2428 2417
f 2429 2430 2415
f 2431 2429 2422
f 2241 1669 2425
f 2240 2432 2424
f 2244 2433 2434
f 2203 2435 2436
f 2187 2186 2437
f 2193 2438 2439
f 1697 2440 2196
f 1697 1696 2441
f 2206 2386 2442
f 2199 2443 2444
f 2445 2446 2397
f 2447 2214 2391
f 2448 2220 2449
f 2450 2438 2451
f 2452 2453 2195
f 1764 1710 2454
f 2451 2453 2455
f 2186 2188 2207
f 2456 2435 2384
f 1674 2408 2457
f 2458 2459 2448
f 2460 2224 2459
f 2461 1689 1674
f 2462 2454 1710
f 1710 2446 2462
f 2463 2208 2413
f 2393 2464 2221
f 2465 2466 2467
f 2468 2250 2469
f 2233 2465 2470
f 2466 2246 2245
f 2428 2418 2417
f 2247 2395 2471
f 2472 2236 2434
f 2473 2474 2469
f 2473 2475 2476
f 2430 1665 2415
f 2477 2475 2225
f 2431 2430 2429
f 2418 2419 2416
f 2421 2431 2422
f 2423 2419 2421
f 2457 2461 1674
f 2443 2205 2478
f 2437 2184 2187
f 2347 2479 1837
f 2270 2092 2480
f 2337 2481 2339
f 1740 1742 1746
f 1681 1683 1746
f 1682 2482 1683
f 2046 2483 2047
f 2026 2027 2048
f 2046 2048 2483
f 1682 2047 2482
f 1745 2484 1743
f 1745 2029 2484
f 1678 1677 2041
f 1676 1714 2485
f 1676 2485 1677
f 2028 2041 2029
f 1744 1743 2027
f 1715 2032 2486
f 1988 1987 2032
f 1684 2487 1685
f 2031 2488 2030
f 1684 2030 2487
f 1686 1685 1987
f 1756 1758 2489
f 1692 2490 1758
f 1690 2491 1691
f 1694 2035 1693
f 1690 1693 2491
f 1692 1691 2490
f 1715 2486 1714
f 1711 2492 1972
f 1711 1713 2492
f 1971 1986 1970
f 1701 1700 2493
f 1701 2493 1986
f 1712 1970 1713
f 1699 1703 2494
f 1706 1974 2495
f 1773 1772 1954
f 1953 1954 1974
f 1706 2495 1707
f 1699 2494 1700
f 1771 1975 2496
f 1950 2497 1975
f 1951 1957 1952
f 1759 2498 1760
f 1761 1760 1957
f 1950 1952 2497
f 1956 1965 1955
f 1964 2037 1965
f 2040 2499 2044
f 2045 2044 2500
f 2038 2501 2037
f 1759 1955 2498
f 1771 2496 1772
f 1973 1972 2035
f 2034 2033 2039
f 1958 1959 2033
f 1765 1767 2502
f 1963 1969 1962
f 1766 1962 1767
f 1765 2502 1959
f 1774 1776 2503
f 1775 2504 1776
f 1961 1966 1960
f 1781 1784 1966
f 1775 1960 2504
f 1774 2503 1969
f 1778 2036 2505
f 1967 1968 2036
f 1786 2506 1787
f 2050 2077 2051
f 1786 2051 2506
f 1788 1787 1968
f 1791 2507 2079
f 1791 1790 2507
f 1789 1800 2508
f 1904 1983 2053
f 1801 2053 1800
f 1789 2508 1790
f 2076 2079 2077
f 1778 2505 1779
f 2024 2025 2065
f 1792 2509 1793
f 1818 2510 1817
f 1792 1817 2509
f 1794 1793 2025
f 1978 1979 2062
f 1807 1806 1979
f 1805 1982 2511
f 1811 1810 1977
f 1976 1977 1982
f 1805 2511 1806
f 1818 2062 2510
f 1809 2067 2512
f 2068 2513 2067
f 1980 1981 2071
f 1815 2514 1816
f 1814 1816 1981
f 2068 2071 2513
f 1990 1989 2052
f 1853 2515 1854
f 1852 1854 1989
f 1821 2516 2066
f 1822 1985 1823
f 1821 1823 2516
f 1853 2066 2515
f 1815 2052 2514
f 1809 2512 1810
f 2040 2039 2499
f 1832 2517 2022
f 1832 1834 2517
f 1826 2518 2006
f 1828 2006 1829
f 1833 2519 1834
f 1824 2520 1825
f 1824 2007 2520
f 1992 1991 1993
f 1840 1839 2521
f 1840 2521 1991
f 1994 1993 2007
f 1826 1825 2518
f 1996 1997 2005
f 1848 2522 1997
f 1849 2523 1850
f 1849 1995 2523
f 1848 1850 2522
f 1846 2020 2524
f 2021 2525 2020
f 2054 2063 2055
f 1881 2526 1879
f 1880 1879 2063
f 2021 2055 2525
f 1846 2524 1847
f 1838 2005 1839
f 2001 2002 2056
f 1858 1857 2002
f 1856 1869 2527
f 1870 2060 2528
f 1870 2528 1869
f 1856 2527 1857
f 1864 1866 2529
f 1863 1862 2530
f 2019 2018 2074
f 1861 2074 1862
f 1863 2530 1866
f 2059 2531 2060
f 1877 1878 2532
f 1876 2533 1878
f 1874 2057 1875
f 1884 2534 2014
f 2015 2014 2057
f 1876 1875 2533
f 1882 2058 1883
f 1885 2011 2058
f 1898 2535 1897
f 2003 2004 2061
f 1898 2061 2535
f 1884 1883 2534
f 1877 2532 2018
f 1881 2056 2526
f 1892 2536 1893
f 1892 2013 2536
f 2009 2008 2073
f 1890 1889 2537
f 1890 2537 2008
f 2012 2073 2013
f 1888 1900 2538
f 1901 2023 1900
f 2016 2017 2075
f 1873 2010 2023
f 1888 2538 1889
f 1905 2539 1906
f 1905 2078 2539
f 2000 1999 2540
f 2081 2082 2080
f 1998 2080 1999
f 2000 2540 2078
f 2083 2381 2541
f 2286 2285 2381
f 2089 2542 2090
f 2339 2543 2338
f 2089 2338 2542
f 2091 2090 2285
f 2083 2541 2082
f 1907 1906 2017
f 2337 2336 2481
f 2267 2268 2336
f 2085 2084 2544
f 2258 2257 2335
f 2086 2335 2084
f 2085 2544 2268
f 2103 2102 2545
f 2104 2546 2102
f 2269 2271 2284
f 2092 2547 2480
f 2270 2480 2271
f 2104 2284 2546
f 2103 2545 2257
f 2095 2097 2320
f 2096 2334 2548
f 2096 2548 2097
f 2319 2320 2347
f 2099 2101 2259
f 2100 2323 2549
f 2100 2549 2101
f 2322 2321 2550
f 2106 2108 2266
f 2265 2266 2321
f 2322 2550 2323
f 2260 2259 2334
f 2092 1836 2547
f 2339 2481 2543
f 1891 1893 2004
f 1984 2022 1985
f 2107 2340 2551
f 2332 2552 2340
f 2116 2553 2114
f 2330 2554 2331
f 2116 2331 2553
f 2332 2114 2552
f 2327 2326 2342
f 2110 2109 2326
f 2111 2328 2555
f 2264 2263 2344
f 2329 2344 2328
f 2111 2555 2109
f 2330 2342 2554
f 2128 2127 2556
f 2129 2557 2127
f 2324 2558 2325
f 2117 2119 2559
f 2129 2325 2557
f 2125 2124 2560
f 2126 2333 2124
f 2122 2561 2261
f 2123 2562 2121
f 2122 2121 2561
f 2262 2261 2333
f 2125 2560 2119
f 2128 2556 2263
f 2272 2274 2380
f 2273 2280 2274
f 2169 2168 2563
f 2131 2279 2278
f 2170 2278 2168
f 2169 2563 2280
f 2277 2564 2283
f 2277 2276 2564
f 2135 2137 2287
f 2136 2282 2565
f 2136 2565 2137
f 2275 2287 2276
f 2318 2317 2341
f 2139 2566 2317
f 2140 2567 2141
f 2302 2304 2303
f 2140 2303 2567
f 2139 2141 2566
f 2346 2367 2568
f 2147 2146 2298
f 2299 2298 2367
f 2346 2568 2345
f 1804 2288 2304
f 2281 2341 2282
f 2123 2380 2562
f 2148 2368 2569
f 2365 2364 2368
f 2145 2570 2143
f 2353 2571 2352
f 2145 2352 2570
f 2144 2143 2364
f 2351 2350 2378
f 2166 2165 2350
f 2167 2349 2572
f 2290 2289 2377
f 2348 2377 2349
f 2167 2572 2165
f 2353 2378 2571
f 2149 2151 2573
f 2150 2574 2151
f 2354 2363 2355
f 2152 2575 2356
f 2357 2356 2363
f 2150 2355 2574
f 2153 2361 2154
f 2301 2300 2361
f 2155 1769 2576
f 2155 2576 2300
f 2152 2154 2575
f 2149 2573 2289
f 2156 2158 2360
f 2157 2577 2158
f 2292 2291 2371
f 2164 2578 2162
f 2163 2162 2291
f 2157 2371 2577
f 2295 2579 2362
f 2295 2294 2579
f 2160 2159 2305
f 2161 2374 2580
f 2161 2580 2159
f 2293 2305 2294
f 2164 2362 2578
f 2316 2254 2581
f 2256 2582 2254
f 2312 2583 2358
f 2307 2306 2313
f 2312 2313 2583
f 2256 2358 2582
f 2172 2584 2173
f 2310 2376 2311
f 2172 2311 2584
f 2174 2585 2314
f 2175 2586 2176
f 2174 2176 2585
f 2315 2314 2376
f 2171 2173 2306
f 2316 2581 2374
f 2359 2360 2375
f 2148 2569 2146
f 2309 2587 2308
f 2190 2588 2179
f 2191 2589 2189
f 2190 2189 2588
f 2177 2179 2590
f 2297 2369 2296
f 2370 2379 2369
f 2180 2182 2591
f 2372 2382 2373
f 2181 2373 2182
f 2180 2591 2379
f 2191 2296 2589
f 2183 2185 2592
f 2184 2593 2185
f 2208 2463 2594
f 2208 2594 2207
f 2184 2437 2593
f 2192 2194 2412
f 2193 2595 2194
f 2438 2596 2439
f 2451 2455 2450
f 2438 2450 2596
f 2193 2439 2595
f 2413 2412 2463
f 2183 2592 2382
f 2195 2597 2452
f 2195 2197 2597
f 1697 2441 2440
f 2196 2440 2197
f 2446 2445 2598
f 2397 2396 2445
f 2199 2599 2200
f 2443 2478 2444
f 2199 2444 2599
f 2198 2200 2396
f 2446 2598 2462
f 2206 2600 2204
f 2206 2442 2600
f 2386 2385 2601
f 2202 2201 2403
f 2387 2403 2385
f 2386 2601 2442
f 2203 2436 2602
f 2384 2383 2456
f 2435 2456 2436
f 2252 2251 2603
f 2253 2404 2604
f 2253 2604 2251
f 2252 2603 2383
f 2203 2602 2201
f 2205 2204 2478
f 2453 2452 2455
f 2402 2411 2400
f 2209 2605 2411
f 2210 2399 2211
f 2212 2606 2409
f 2398 2409 2399
f 2209 2211 2605
f 2213 2215 2407
f 2214 2447 2607
f 2214 2607 2215
f 2408 2407 2457
f 2212 1673 2606
f 2216 2218 2390
f 2217 2608 2218
f 2406 2609 2405
f 2389 2388 2410
f 2406 2410 2609
f 2217 2405 2608
f 2224 2610 2222
f 2224 2460 2610
f 2459 2458 2611
f 2220 2219 2449
f 2448 2449 2458
f 2459 2611 2460
f 2223 2222 2388
f 2391 2390 2447
f 2221 2464 2612
f 2393 2392 2464
f 2250 2613 2248
f 2469 2614 2468
f 2250 2468 2613
f 2249 2248 2392
f 2473 2476 2474
f 2475 2477 2476
f 2225 2227 2615
f 2226 2616 2227
f 2225 2615 2477
f 2469 2474 2614
f 2232 2231 2414
f 2233 2470 2231
f 2466 2245 2467
f 2395 2394 2471
f 2247 2471 2245
f 2465 2467 2470
f 2236 2472 2234
f 2244 2243 2433
f 2434 2433 2472
f 2424 2432 2239
f 2241 2425 2242
f 2240 2242 2432
f 2237 2239 2243
f 2235 2234 2394
f 2229 2414 2230
f 2221 2612 2219
f 2401 2400 2404
f 2175 2308 2586
f 2107 2551 2108
f 2617 2618 2619
f 2618 2617 2620
f 2621 2619 2622
f 2619 2621 2617
f 2621 2622 2623
f 2624 2625 2626
f 2620 2626 2627
f 2627 2626 2625
f 2620 2627 2618
f 2623 2628 2629
f 2628 2623 2622
f 2629 2630 2631
f 2630 2629 2628
f 2631 2630 2632
f 2632 2633 2634
f 2633 2635 2634
f 2636 2635 2637
f 2637 2635 2633
f 2632 2634 2631
f 2638 2639 2640
f 2640 2641 2642
f 2642 2641 2643
f 2640 2642 2638
f 2643 2644 2645
f 2644 2643 2641
f 2646 2645 2647
f 2647 2645 2644
f 2646 2647 2648
f 2649 2650 2651
f 2649 2652 2637
f 2652 2649 2651
f 2637 2652 2636
f 2650 2653 2651
f 2654 2648 2655
f 2648 2654 2646
f 2656 2655 2653
f 2655 2656 2654
f 2656 2653 2650
f 2657 2658 2659
f 2660 2659 2658
f 2658 2661 2660
f 2657 2659 2662
f 2661 2663 2664
f 2665 2666 2667
f 2663 2665 2667
f 2664 2660 2661
f 2668 2666 2669
f 2663 2667 2664
f 2670 2671 2669
f 2668 2667 2666
f 2669 2671 2668
f 2670 2672 2671
f 2673 2674 2672
f 2674 2675 2672
f 2675 2674 2676
f 2675 2676 2677
f 2673 2672 2670
f 2678 2679 2680
f 2680 2681 2682
f 2681 2680 2679
f 2682 2681 2683
f 2684 2683 2685
f 2686 2687 2688
f 2686 2689 2685
f 2682 2683 2684
f 2688 2687 2690
f 2691 2692 2693
f 2691 2693 2677
f 2693 2692 1643
f 2693 1643 1645
f 2691 2677 2676
f 2684 2685 2689
f 2662 2688 2690
f 2686 2688 2689
f 2690 2657 2662
f 2694 2695 2696
f 2697 2696 2698
f 2699 2700 2701
f 2702 2700 2699
f 2703 2704 2705
f 2706 2707 2708
f 2707 2709 2705
f 2710 2711 2712
f 2704 2713 2698
f 2714 2710 2712
f 2715 2716 2717
f 2718 2719 2720
f 2721 2722 2723
f 2722 2721 2720
f 2724 2725 2712
f 2719 2718 2717
f 2725 2714 2712
f 2726 2706 2708
f 2727 2728 2729
f 2730 2729 2731
f 2732 2733 2712
f 2734 2732 2712
f 2735 2736 2737
f 2738 2739 2740
f 2739 2741 2737
f 2742 2743 2744
f 2736 2730 2731
f 2734 2712 2745
f 2746 2747 2748
f 2746 2748 2749
f 2750 2751 2752
f 2753 2750 2752
f 2754 2755 2756
f 2757 2753 2752
f 2758 2759 2760
f 2759 2758 2756
f 2755 2754 2749
f 2747 2738 2740
f 2728 2761 2723
f 2733 2724 2712
f 2762 2757 2752
f 2763 2764 2765
f 2766 2765 2767
f 2768 2769 2770
f 2771 2772 2773
f 2774 2775 2776
f 2775 2768 2770
f 2769 2766 2767
f 2777 2778 2779
f 2773 2772 2780
f 2781 2782 2783
f 2781 2783 2784
f 2785 2786 2787
f 2788 2772 2789
f 2786 2790 2784
f 2780 2772 2788
f 2782 2791 2776
f 2792 2793 2794
f 2795 2794 2796
f 2797 2798 2799
f 2800 2801 2802
f 2803 2804 2805
f 2804 2797 2799
f 2798 2806 2796
f 2801 2807 2802
f 2808 2800 2802
f 2809 2810 2811
f 2812 2808 2802
f 2813 2814 2815
f 2814 2816 2811
f 2817 2812 2802
f 2818 2819 2820
f 2821 2817 2802
f 2822 2823 2824
f 2823 2825 2820
f 2819 2813 2815
f 2810 2803 2805
f 2793 2792 2711
f 2789 2772 2826
f 2764 2827 2760
f 2828 2821 2802
f 2829 2830 2831
f 2829 2831 2832
f 2833 2834 2835
f 2836 2834 2833
f 2837 2838 2839
f 2840 2841 2842
f 2841 2840 2839
f 2838 2843 2832
f 2844 2845 2846
f 2847 2846 2848
f 2849 2850 2851
f 2851 2850 2852
f 2853 2854 2855
f 2852 2850 2856
f 2857 2858 2859
f 2858 2853 2855
f 2854 2847 2848
f 2845 2860 2842
f 2861 2850 2849
f 2862 2863 2864
f 2865 2862 2864
f 2866 2867 2868
f 2869 2865 2864
f 2870 2871 2872
f 2871 2870 2868
f 2867 2744 2873
f 2874 2869 2864
f 2875 2876 2877
f 2878 2877 2879
f 2880 2881 2882
f 2883 2884 2885
f 2884 2880 2882
f 2886 2887 2864
f 2881 2888 2879
f 2887 2874 2864
f 2876 2875 2872
f 2889 2890 2859
f 2891 2892 2893
f 2891 2893 2894
f 2895 2896 2897
f 2898 2896 2895
f 2899 2900 2901
f 2902 2903 2904
f 2903 2905 2901
f 2906 2907 2908
f 2909 2908 2910
f 2911 2912 2913
f 2913 2912 2914
f 2915 2916 2917
f 2914 2912 2918
f 2919 2920 2921
f 2920 2919 2917
f 2916 2915 2910
f 2907 2902 2904
f 2922 2912 2911
f 2923 2924 2925
f 2926 2925 2927
f 2928 2929 2930
f 2931 2932 2933
f 2934 2935 2936
f 2937 2928 2930
f 2932 2926 2927
f 2938 2939 2940
f 2941 2942 2943
f 2942 2941 2940
f 2944 2945 2930
f 2946 2947 2948
f 2949 2930 2950
f 2951 2952 2953
f 2952 2951 2948
f 2954 2955 2930
f 2947 2956 2943
f 2955 2944 2930
f 2939 2938 2936
f 2945 2937 2930
f 2924 2957 2921
f 2892 2958 2885
f 2959 2886 2864
f 2830 2822 2824
f 2960 2961 2962
f 2963 2964 2965
f 2966 2965 2967
f 2968 2960 2969
f 2970 2971 2972
f 2969 2960 2973
f 2974 2970 2972
f 2971 2966 2967
f 2975 2976 2977
f 2978 2977 2979
f 2980 2981 2982
f 2983 2984 2985
f 2984 2986 2982
f 2987 2988 2989
f 2981 2978 2979
f 2990 2988 2987
f 2976 2975 2991
f 2992 2993 2994
f 2995 2994 2996
f 2997 2998 2999
f 3000 3001 3002
f 3001 3000 2999
f 2998 2997 2996
f 3003 3004 3005
f 3006 3007 3008
f 3009 3010 3011
f 3010 3012 3008
f 3007 3006 3005
f 3013 3014 3002
f 2993 2983 2985
f 2989 2988 3015
f 3016 3017 3018
f 3019 3018 3020
f 3021 3022 3023
f 3024 3025 3026
f 3025 3027 3023
f 3022 3019 3020
f 3028 3029 3030
f 3031 3030 3032
f 3033 3034 3035
f 3036 3037 3038
f 3037 3036 3035
f 3034 3033 3032
f 3029 3024 3026
f 3039 3040 3041
f 3042 3041 3043
f 3044 3045 3046
f 3047 3048 3049
f 3048 3050 3046
f 3045 3042 3043
f 3051 3052 3053
f 3054 3055 3056
f 3055 3051 3053
f 2779 3057 3058
f 3059 3060 3056
f 3052 3047 3049
f 3040 3061 3038
f 3017 3016 3011
f 3062 3063 3064
f 3062 3064 3065
f 3066 3067 3068
f 3069 3070 3071
f 3070 3072 3068
f 3067 3066 3065
f 3073 3074 3075
f 3076 3075 3077
f 3078 3079 3080
f 3081 3078 3080
f 3079 3082 3077
f 3074 3073 3071
f 3083 3084 3085
f 3086 3085 3087
f 3088 3089 3090
f 3091 3092 3093
f 3092 3088 3090
f 3089 3086 3087
f 3094 3095 3096
f 3094 3096 3097
f 3098 3099 3100
f 3101 3102 3103
f 3102 3101 3100
f 3099 3104 3097
f 3095 3105 3093
f 3084 3106 3107
f 3108 3109 3110
f 3111 3112 3113
f 3114 3115 3116
f 3115 3114 3113
f 3112 3117 3110
f 3118 3119 3120
f 3121 3120 3122
f 3123 3124 3125
f 3126 3127 3128
f 3127 3123 3125
f 3124 3121 3122
f 3119 3129 3116
f 3130 3131 3132
f 3130 3132 3133
f 3134 3135 3136
f 3137 3138 3139
f 3138 3134 3136
f 3140 3141 3142
f 3143 3144 3145
f 3144 3146 3142
f 3147 3148 3149
f 3150 3151 3152
f 3151 3153 3149
f 3148 3143 3145
f 3141 3137 3139
f 3131 3154 3128
f 3155 3156 3103
f 3063 3157 3058
f 2964 3158 2953
f 2949 2954 2930
f 3159 3160 3161
f 3159 3161 3162
f 3163 3164 3165
f 3164 3166 3167
f 3168 3169 3162
f 3170 3171 3172
f 3173 3172 3174
f 3175 3176 3177
f 3178 3179 3180
f 3179 3178 3177
f 3176 3175 3174
f 3171 3163 3165
f 3181 3182 3183
f 3184 3183 3185
f 3186 3187 3188
f 3189 3190 3191
f 3190 3192 3188
f 3187 3184 3185
f 3193 3194 3195
f 3193 3195 3196
f 3197 3198 3199
f 3200 3201 3202
f 3201 3200 3199
f 3198 3203 3196
f 3194 3189 3191
f 3182 3204 3180
f 3205 3206 3207
f 3208 3207 3209
f 3210 3211 3212
f 3213 3214 3215
f 3214 3210 3212
f 3211 3216 3209
f 3217 3218 3219
f 3220 3221 3222
f 3221 3223 3219
f 3218 3217 2807
f 3224 3225 3215
f 3226 3227 3228
f 3229 3228 3230
f 3231 3232 3233
f 3234 3235 3236
f 3235 3231 3233
f 3232 3237 3230
f 3238 3239 3240
f 3241 3242 3243
f 3242 3244 3240
f 3245 3246 3247
f 3248 3249 3250
f 3249 3251 3247
f 3246 3241 3243
f 3239 3234 3236
f 3227 3226 3222
f 3206 3205 3202
f 3252 3253 3254
f 3252 3254 3255
f 3256 3257 3258
f 3259 3260 3261
f 3260 3259 3258
f 3257 3262 3255
f 3263 3264 3265
f 3266 3265 3267
f 2835 3268 3269
f 3270 3266 3267
f 3264 3271 3261
f 3272 3273 3274
f 3272 3274 3275
f 3276 3277 3278
f 3279 3280 3281
f 3280 3279 3278
f 3277 3282 3275
f 3283 3284 3285
f 3286 3285 3287
f 3288 3289 3290
f 3291 3288 3290
f 3289 3292 3287
f 3284 3283 3281
f 3273 3293 3269
f 3294 3295 3296
f 3297 3296 3298
f 3299 3300 3301
f 3302 3303 3304
f 3303 3305 3301
f 3300 3297 3298
f 3306 3307 3308
f 3309 3308 3310
f 3311 3312 3313
f 3314 3315 3316
f 3315 3314 3313
f 3312 3311 3310
f 3307 3302 3304
f 3317 3318 3319
f 3320 3321 3322
f 3323 3324 3325
f 3324 3323 3322
f 3321 3320 3319
f 3326 3327 3328
f 3329 3330 3331
f 3330 3329 3328
f 3332 3333 3334
f 3335 3336 3337
f 3336 3335 3334
f 3333 3338 3331
f 3327 3339 3325
f 3340 3341 3316
f 3295 3294 3342
f 3253 3248 3250
f 3343 3344 3345
f 3346 3345 3347
f 3348 3349 3350
f 3351 3352 3353
f 3352 3348 3350
f 3349 3346 3347
f 3354 3355 3356
f 3354 3356 3357
f 3358 3359 3360
f 3361 3362 3363
f 3362 3364 3360
f 3359 3358 3357
f 3355 3365 3353
f 3366 3367 3368
f 3369 3368 3370
f 3371 2863 3372
f 3373 3374 3370
f 3375 3376 3377
f 3378 3377 3379
f 3380 3381 3382
f 3383 3384 3385
f 3384 3386 3382
f 3381 3380 3379
f 3376 3371 3372
f 3367 3366 3363
f 3387 3388 3389
f 3390 3389 3391
f 3392 3393 3394
f 3395 3396 3397
f 3396 3398 3394
f 3393 3390 3391
f 3399 3400 3401
f 3402 3401 3403
f 3404 3405 3406
f 3407 3408 3409
f 3408 3407 3406
f 3405 3404 3403
f 3400 3395 3397
f 3410 3411 3412
f 3413 3412 3414
f 3415 3416 3417
f 3418 3419 3420
f 3419 3421 3417
f 3416 3413 3414
f 2897 3422 3423
f 2922 2898 2912
f 3424 3425 3426
f 3427 3428 3429
f 3428 3424 3426
f 3425 3430 3423
f 3431 3418 3420
f 3411 3432 3409
f 3388 3387 3385
f 3433 3434 3435
f 3436 3435 3437
f 3438 3439 3440
f 3441 3442 3443
f 3442 3444 3440
f 3439 3438 3437
f 3445 3446 3447
f 3448 3449 3450
f 3451 3452 3453
f 3452 3451 3450
f 3449 3454 3455
f 3446 3445 3443
f 3456 3457 3458
f 3459 3458 3460
f 3461 3462 3463
f 3464 3465 3466
f 3465 3461 3463
f 3462 3459 3460
f 3467 3468 3469
f 3467 3469 3470
f 3471 3472 3473
f 3472 3474 3475
f 3476 3477 3470
f 3468 3478 3466
f 3457 3479 3453
f 3480 3481 3482
f 3480 3482 3483
f 3484 3485 3486
f 3487 3488 3489
f 3488 3487 3486
f 3485 3490 3483
f 3491 3492 3493
f 3494 3493 3495
f 3496 3497 3498
f 3499 3500 3501
f 3500 3496 3498
f 3497 3494 3495
f 3492 3502 3489
f 3503 3504 3505
f 3503 3505 3506
f 3507 3508 3509
f 3510 3511 3512
f 3511 3510 3509
f 3508 3513 3506
f 3514 3515 3516
f 3517 3518 3519
f 3518 3520 3516
f 3521 3522 3523
f 3524 3525 3526
f 3525 3527 3523
f 3522 3521 3519
f 3515 3514 3512
f 3504 3499 3501
f 3481 3471 3473
f 3434 3427 3429
f 3344 3343 3337
f 3160 3150 3152
f 3528 3529 3530
f 2701 3531 3528
f 3532 3533 2695
f 2761 2728 2727
f 2700 2702 3533
f 3534 3530 3535
f 3536 3537 3538
f 3537 3539 3540
f 2758 2754 2756
f 2760 2827 2758
f 2738 2741 2739
f 2727 2729 2730
f 2737 2741 2735
f 2766 2769 2768
f 3541 3539 3534
f 2763 2765 2766
f 3542 2712 2787
f 2785 2787 2712
f 2825 2818 2820
f 2822 2825 2823
f 2900 2899 3543
f 2880 2888 2881
f 3544 2752 2889
f 2752 2890 2889
f 2830 2829 2822
f 2879 2888 2878
f 2795 2796 2806
f 2752 3544 2762
f 2837 2839 2840
f 2743 2742 2751
f 2957 2924 2923
f 2908 2909 2906
f 2892 2891 2958
f 2905 2899 2901
f 2915 2909 2910
f 2832 2843 2829
f 2744 2867 2866
f 2791 2782 2781
f 2932 2931 3545
f 2747 2746 2738
f 3546 3536 3538
f 3538 3537 3540
f 3541 3534 3547
f 3539 3541 3540
f 3535 3547 3534
f 3548 3536 3546
f 3535 3530 3529
f 3529 3528 3531
f 2700 3533 3532
f 2726 2715 2706
f 2694 3532 2695
f 3531 2701 2700
f 2797 2804 2803
f 2840 2842 2860
f 2844 2846 2847
f 2880 2884 2883
f 2868 2870 2866
f 2847 2854 2853
f 2814 2813 2816
f 2809 2811 2816
f 2768 2775 2774
f 2792 2712 2711
f 2790 2781 2784
f 2749 3549 2746
f 2902 2905 2903
f 2857 2853 2858
f 3543 3550 2894
f 2872 2875 2870
f 2798 2797 2806
f 2720 2721 2718
f 3550 2891 2894
f 2919 2915 2917
f 2718 2715 2717
f 2923 2925 2926
f 3022 3021 3019
f 2948 2951 2946
f 2963 2965 2966
f 3033 3031 3032
f 3059 2772 3060
f 3036 3033 3035
f 2771 2778 2777
f 3059 3551 2772
f 3039 3041 3042
f 3157 2779 3058
f 3061 3036 3038
f 2991 3552 3553
f 3158 2951 2953
f 2970 2966 2971
f 3050 3048 3047
f 3069 3071 3073
f 3081 3554 3078
f 3069 3072 3070
f 3062 3157 3063
f 2938 2940 2941
f 2936 2938 2934
f 3078 3082 3079
f 3156 3101 3103
f 3183 3184 3181
f 3555 3556 3135
f 3225 3224 2802
f 3189 3194 3193
f 3224 3557 2802
f 3199 3200 3197
f 3220 3223 3221
f 3142 3146 3140
f 3558 3107 3106
f 3149 3153 3147
f 3112 3111 3117
f 3169 3559 3162
f 3192 3190 3189
f 3204 3178 3180
f 3170 3172 3173
f 3175 3173 3174
f 3150 3153 3151
f 3111 3113 3114
f 3101 3098 3100
f 3193 3196 3203
f 3047 3052 3051
f 2772 3551 2826
f 2994 2995 2992
f 2984 2983 2986
f 2995 2996 2997
f 3027 3025 3024
f 3011 3016 3009
f 3560 3014 3013
f 3010 3009 3012
f 3006 3003 3005
f 2975 2977 2978
f 2986 2980 2982
f 3561 2970 2974
f 2991 2975 3552
f 2956 2941 2943
f 3029 3028 3024
f 3084 3083 3106
f 3081 3558 3554
f 3065 3066 3062
f 3076 3073 3075
f 3054 3051 3055
f 3016 3018 3019
f 2999 3000 2997
f 3085 3086 3083
f 3120 3121 3118
f 3131 3130 3154
f 3121 3124 3123
f 3555 3135 3134
f 3186 3184 3187
f 2802 2807 3217
f 3210 3216 3211
f 3091 3093 3105
f 3116 3129 3114
f 3094 3105 3095
f 3562 3130 3133
f 3127 3126 3123
f 3144 3143 3146
f 3208 3205 3207
f 3200 3202 3205
f 3175 3177 3178
f 3134 3138 3137
f 3164 3163 3166
f 3210 3214 3213
f 3098 3104 3099
f 3088 3086 3089
f 3150 3160 3159
f 3045 3044 3042
f 3222 3226 3220
f 2697 2694 2696
f 3557 2828 2802
f 2697 2698 2713
f 2713 2704 2703
f 2709 2707 2706
f 2721 2723 2761
f 2703 2705 2709
f 2730 2736 2735
f 2827 2764 2763
f 3549 2749 2754
f 2790 2786 2785
f 2792 2794 2795
f 2803 2810 2809
f 2813 2819 2818
f 2860 2845 2844
f 2843 2838 2837
f 2774 2776 2791
f 2744 2743 2873
f 2875 2877 2878
f 2883 2885 2958
f 3543 2899 3550
f 2919 2921 2957
f 2902 2907 2906
f 3158 2964 2963
f 2956 2947 2946
f 3553 3552 3561
f 2978 2981 2980
f 2983 2993 2992
f 3000 3002 3014
f 2974 3553 3561
f 2926 2932 3545
f 2857 2859 2890
f 3006 3008 3012
f 3021 3023 3027
f 3028 3030 3031
f 3061 3040 3039
f 3054 3056 3060
f 3044 3046 3050
f 3066 3068 3072
f 3076 3077 3082
f 3558 3106 3554
f 3088 3092 3091
f 3108 3110 3117
f 3094 3097 3104
f 2779 2778 3057
f 3126 3128 3154
f 3133 3556 3562
f 3556 3555 3562
f 3143 3148 3147
f 3159 3162 3559
f 3137 3141 3140
f 3204 3182 3181
f 3186 3188 3192
f 3203 3198 3197
f 3208 3209 3216
f 3213 3215 3225
f 3217 3219 3223
f 3226 3228 3229
f 3163 3171 3170
f 3129 3119 3118
f 3230 3237 3229
f 3292 3289 3288
f 2850 3270 3563
f 3331 3338 3329
f 3564 3565 3342
f 3566 2918 2912
f 2912 3431 3566
f 3410 3412 3413
f 2864 3374 3373
f 3346 3349 3348
f 3437 3438 3436
f 3283 3279 3281
f 2864 3567 2959
f 3301 3305 3299
f 2836 2833 2861
f 3309 3306 3308
f 3355 3354 3365
f 3375 3377 3378
f 2864 3373 3567
f 3418 3431 2912
f 2864 2863 3371
f 3400 3399 3395
f 3421 3419 3418
f 2835 3269 3293
f 3270 2850 3266
f 3424 3430 3425
f 2929 3568 3569
f 3570 3571 3572
f 3573 3574 3575
f 3576 3575 3574
f 3569 3568 3570
f 3499 3504 3503
f 3489 3502 3487
f 3509 3510 3507
f 3517 3519 3521
f 3574 3573 3577
f 2930 2929 3569
f 3526 3578 2930
f 2930 3524 3526
f 3571 3576 3579
f 3454 3580 3455
f 3305 3303 3302
f 2856 2850 3563
f 3263 3265 3266
f 3259 3261 3271
f 3272 3293 3273
f 3386 3384 3383
f 3363 3366 3361
f 3310 3311 3309
f 3288 3291 3581
f 3378 3379 3380
f 3279 3276 3278
f 3282 3277 3276
f 3259 3256 3258
f 3248 3251 3249
f 3241 3246 3245
f 3253 3252 3248
f 3352 3351 3348
f 3339 3327 3326
f 3343 3335 3337
f 3335 3332 3334
f 3323 3320 3322
f 3357 3358 3354
f 3235 3234 3231
f 3242 3241 3244
f 3369 3366 3368
f 3398 3396 3395
f 3392 3394 3398
f 3416 3415 3413
f 3493 3494 3491
f 3506 3513 3503
f 3470 3477 3582
f 3484 3486 3487
f 3514 3510 3512
f 3407 3404 3406
f 3404 3402 3403
f 3449 3448 3454
f 3447 3583 3445
f 3441 3443 3445
f 3438 3440 3444
f 3427 3424 3428
f 3447 3580 3583
f 3478 3468 3467
f 3485 3484 3490
f 3448 3450 3451
f 3466 3478 3464
f 3479 3457 3456
f 3471 3474 3472
f 3494 3497 3496
f 3436 3433 3435
f 3385 3387 3383
f 3459 3456 3458
f 3326 3328 3329
f 3319 3320 3317
f 3232 3231 3237
f 3521 3523 3527
f 3577 3584 3585
f 3585 3586 3587
f 3588 3589 3590
f 3591 3592 3593
f 3591 3589 3592
f 3587 3586 3594
f 3595 3596 3597
f 3595 3597 3598
f 3599 3600 3601
f 3602 3600 3603
f 3602 3601 3600
f 3604 3598 3605
f 3596 3593 3592
f 3606 3607 3608
f 3608 3607 3609
f 3610 3611 3612
f 3613 3614 3615
f 3612 3611 3616
f 3610 3609 3607
f 3617 3618 3619
f 3619 3618 3620
f 2968 2961 2960
f 3621 3622 3623
f 2962 3624 3621
f 3617 3614 3618
f 3625 3603 3626
f 3622 3627 3628
f 2988 3629 3015
f 3605 3599 3604
f 3630 3631 3632
f 3633 3634 3631
f 3635 3636 3637
f 3633 3635 3637
f 3626 3606 3625
f 3585 3587 3577
f 3616 3613 3615
f 3604 3595 3598
f 2960 2990 2973
f 2988 3620 3629
f 3609 3610 3612
f 3619 3620 2988
f 3638 3627 3630
f 3603 3625 3602
f 3595 3593 3596
f 3594 3588 3590
f 3639 3636 3635
f 3640 3639 3641
f 3642 3641 3643
f 3644 3645 3646
f 3647 3648 3649
f 3648 3650 3646
f 3645 3651 3643
f 3651 3645 3644
f 3643 3651 3642
f 3646 3650 3644
f 3649 3652 3653
f 3649 3653 3647
f 3648 3647 3650
f 3640 3641 3642
f 3640 3636 3639
f 3577 3573 3584
f 3244 3238 3240
f 3247 3251 3245
f 3262 3257 3256
f 3255 3262 3252
f 3263 3271 3264
f 3268 2835 2834
f 3272 3275 3282
f 3316 3654 3314
f 3296 3297 3294
f 3358 3360 3364
f 3365 3351 3353
f 3387 3389 3390
f 3370 3374 3369
f 3409 3432 3407
f 3306 3302 3307
f 3311 3313 3314
f 3286 3287 3292
f 3294 3564 3342
f 3565 3564 3581
f 3382 3386 3380
f 3399 3401 3402
f 3581 3291 3565
f 3283 3285 3286
f 3239 3238 3234
f 3299 3297 3300
f 3341 3654 3316
f 3339 3323 3325
f 3332 3338 3333
f 3346 3655 3345
f 3361 3364 3362
f 3375 3371 3376
f 3392 3390 3393
f 3410 3432 3411
f 3422 2897 2896
f 3423 3430 2897
f 3434 3433 3427
f 3417 3421 3415
f 3441 3444 3442
f 3479 3451 3453
f 3583 3580 3454
f 3656 3496 3500
f 3492 3491 3502
f 3569 3570 3572
f 3520 3514 3516
f 3594 3590 3587
f 3604 3599 3601
f 3579 3576 3574
f 3508 3507 3513
f 3480 3471 3481
f 3467 3470 3582
f 3490 3480 3483
f 3527 3525 3524
f 3461 3465 3464
f 3462 3461 3459
f 3499 3656 3500
f 3571 3579 3572
f 3590 3589 3591
f 3517 3520 3518
f 3625 3606 3608
f 3615 3614 3617
f 2962 3621 3623
f 3628 3627 3638
f 3623 3622 3628
f 3632 3631 3634
f 3634 3633 3637
f 3638 3630 3632
f 2962 2961 3624
f 3612 3616 3615
f 3345 3655 3343
f 3657 3658 3659
f 3660 3657 3661
f 3660 3662 3663
f 3658 3657 3660
f 3660 3664 3665
f 3660 3665 3658
f 3658 3666 3659
f 3667 3668 3669
f 3668 3667 3665
f 3664 3668 3665
f 3660 3663 3670
f 3671 3672 3660
f 3660 3672 3664
f 3673 3674 3672
f 3673 3672 3675
f 3676 3672 3674
f 3677 3678 3679
f 3680 3677 3664
f 3680 3664 3672
f 3678 3677 3680
f 3676 3680 3672
f 3674 3681 3676
f 3660 3670 3671
f 3682 3683 3684
f 3685 3686 3687
f 3688 3687 3683
f 3689 3690 3691
f 3692 3693 3694
f 3692 3694 3690
f 3685 3691 3686
f 3682 3695 3688
f 3683 3682 3688
f 3688 3696 3685
f 3682 3697 3695
f 3685 3687 3688
f 3697 3698 3699
f 3700 3685 3701
f 3691 3700 3689
f 3692 3689 3702
f 3693 3692 3703
f 3692 3690 3689
f 3689 3700 3704
f 3700 3691 3685
f 3692 3705 3703
f 3703 3706 3693
f 3707 3708 3709
f 3710 3711 3706
f 3712 3713 3714
f 3715 3714 3711
f 3716 3717 3718
f 3719 3720 3721
f 3722 3721 3717
f 3712 3718 3713
f 3723 3703 3724
f 3706 3723 3710
f 3715 3710 3725
f 3714 3715 3712
f 3715 3711 3710
f 3710 3723 3726
f 3727 3712 3728
f 3718 3727 3716
f 3722 3716 3729
f 3721 3722 3719
f 3720 3719 3730
f 3719 3722 3731
f 3722 3717 3716
f 3716 3727 3732
f 3727 3718 3712
f 3712 3715 3733
f 3730 3734 3720
f 3703 3723 3706
f 3730 3719 3735
f 3695 3736 3696
f 3688 3695 3696
f 3737 3738 3707
f 3738 3697 3707
f 3738 3736 3695
f 3695 3697 3738
f 3701 3696 3739
f 3700 3701 3704
f 3702 3704 3740
f 3692 3702 3705
f 3702 3689 3704
f 3704 3701 3741
f 3701 3685 3696
f 3705 3702 3742
f 3709 3737 3707
f 3743 3736 3738
f 3744 3743 3737
f 3743 3738 3737
f 3736 3745 3739
f 3746 3737 3709
f 3743 3745 3736
f 3701 3739 3741
f 3740 3741 3747
f 3702 3740 3742
f 3740 3704 3741
f 3741 3739 3748
f 3739 3696 3736
f 3740 3749 3742
f 3705 3750 3724
f 3709 3708 3751
f 3752 3726 3724
f 3723 3724 3726
f 3753 3733 3725
f 3715 3725 3733
f 3725 3710 3726
f 3754 3725 3726
f 3755 3732 3728
f 3727 3728 3732
f 3756 3731 3729
f 3722 3729 3731
f 3729 3716 3732
f 3757 3729 3732
f 3728 3712 3733
f 3758 3728 3733
f 3750 3742 3759
f 3752 3724 3750
f 3754 3752 3760
f 3753 3725 3754
f 3752 3754 3726
f 3752 3750 3761
f 3758 3755 3728
f 3733 3753 3758
f 3755 3758 3762
f 3757 3732 3755
f 3756 3729 3757
f 3757 3755 3763
f 3731 3756 3764
f 3758 3753 3765
f 3731 3764 3735
f 3753 3754 3766
f 3735 3719 3731
f 3705 3742 3750
f 3724 3703 3705
f 3757 3767 3756
f 3730 3768 3769
f 3709 3751 3770
f 3771 3734 3769
f 3772 3773 3774
f 3773 3771 3775
f 3776 3777 3778
f 3779 3780 3777
f 3781 3772 3774
f 3779 3781 3782
f 3775 3769 3783
f 3771 3769 3775
f 3782 3774 3784
f 3781 3774 3782
f 3774 3773 3775
f 3774 3775 3785
f 3786 3780 3787
f 3777 3780 3786
f 3788 3778 3789
f 3776 3778 3788
f 3778 3777 3786
f 3778 3786 3790
f 3780 3779 3782
f 3780 3782 3791
f 3788 3792 3776
f 3730 3735 3768
f 3793 3794 3795
f 3796 3797 3793
f 3798 3796 3792
f 3799 3795 3800
f 3801 3802 3803
f 3804 3801 3805
f 3797 3798 3806
f 3797 3796 3798
f 3800 3794 3807
f 3800 3795 3794
f 3797 3794 3793
f 3794 3797 3808
f 3809 3810 3811
f 3799 3800 3811
f 3803 3809 3812
f 3802 3810 3809
f 3803 3802 3809
f 3813 3809 3811
f 3803 3805 3801
f 3814 3811 3800
f 3811 3810 3799
f 3815 3798 3788
f 3805 3816 3804
f 3788 3798 3792
f 3803 3812 3805
f 3817 3783 3768
f 3769 3768 3783
f 3818 3784 3785
f 3774 3785 3784
f 3785 3775 3783
f 3819 3785 3783
f 3820 3787 3791
f 3780 3791 3787
f 3790 3821 3789
f 3778 3790 3789
f 3790 3786 3787
f 3822 3790 3787
f 3791 3782 3784
f 3823 3791 3784
f 3824 3825 3764
f 3825 3735 3764
f 3826 3819 3817
f 3783 3817 3819
f 3817 3768 3825
f 3827 3817 3825
f 3828 3823 3818
f 3784 3818 3823
f 3829 3822 3820
f 3787 3820 3822
f 3820 3791 3823
f 3830 3820 3823
f 3818 3785 3819
f 3831 3818 3819
f 3790 3822 3821
f 3825 3768 3735
f 3806 3815 3832
f 3798 3815 3806
f 3807 3808 3833
f 3794 3808 3807
f 3808 3797 3806
f 3808 3806 3834
f 3813 3814 3835
f 3811 3814 3813
f 3836 3812 3813
f 3805 3812 3837
f 3812 3809 3813
f 3838 3814 3807
f 3814 3800 3807
f 3836 3837 3812
f 3839 3840 3821
f 3840 3789 3821
f 3841 3834 3832
f 3806 3832 3834
f 3832 3815 3840
f 3842 3832 3840
f 3843 3838 3833
f 3807 3833 3838
f 3836 3835 3844
f 3813 3835 3836
f 3837 3836 3845
f 3838 3846 3835
f 3835 3814 3838
f 3834 3847 3833
f 3833 3808 3834
f 3822 3848 3821
f 3845 3849 3837
f 3815 3789 3840
f 3815 3788 3789
f 3850 3764 3756
f 3837 3851 3805
f 3769 3734 3730
f 3845 3836 3844
f 3770 3746 3709
f 3743 3852 3745
f 3853 3744 3746
f 3744 3737 3746
f 3744 3852 3743
f 3854 3746 3770
f 3748 3745 3855
f 3741 3748 3747
f 3749 3747 3856
f 3742 3749 3759
f 3749 3740 3747
f 3747 3748 3857
f 3748 3739 3745
f 3858 3759 3749
f 3859 3854 3770
f 3744 3860 3852
f 3861 3853 3854
f 3853 3746 3854
f 3744 3853 3860
f 3862 3854 3859
f 3860 3863 3852
f 3748 3855 3857
f 3857 3864 3856
f 3865 3857 3855
f 3856 3747 3857
f 3855 3852 3863
f 3855 3745 3852
f 3866 3860 3853
f 3749 3856 3858
f 3867 3868 3869
f 3870 3760 3761
f 3752 3761 3760
f 3871 3765 3766
f 3753 3766 3765
f 3766 3754 3760
f 3872 3766 3760
f 3873 3763 3762
f 3755 3762 3763
f 3874 3850 3767
f 3756 3767 3850
f 3767 3757 3763
f 3875 3767 3763
f 3762 3758 3765
f 3876 3762 3765
f 3858 3856 3877
f 3878 3759 3858
f 3870 3878 3879
f 3760 3870 3872
f 3870 3761 3878
f 3878 3858 3880
f 3871 3872 3881
f 3765 3871 3876
f 3873 3876 3882
f 3763 3873 3875
f 3767 3875 3874
f 3875 3873 3883
f 3873 3762 3876
f 3876 3871 3884
f 3871 3766 3872
f 3872 3870 3885
f 3850 3886 3824
f 3761 3759 3878
f 3761 3750 3759
f 3887 3874 3875
f 3888 3862 3867
f 3862 3859 3867
f 3888 3866 3861
f 3866 3853 3861
f 3862 3861 3854
f 3888 3861 3862
f 3866 3889 3860
f 3855 3863 3865
f 3864 3865 3890
f 3856 3864 3877
f 3864 3857 3865
f 3865 3863 3891
f 3889 3863 3860
f 3877 3864 3892
f 3869 3888 3867
f 3893 3889 3866
f 3893 3866 3888
f 3893 3891 3889
f 3894 3890 3891
f 3865 3891 3890
f 3895 3892 3894
f 3890 3894 3892
f 3892 3864 3890
f 3893 3894 3891
f 3891 3863 3889
f 3877 3895 3880
f 3896 3869 3868
f 3880 3897 3879
f 3878 3880 3879
f 3879 3898 3885
f 3880 3895 3897
f 3885 3870 3879
f 3877 3892 3895
f 3881 3885 3899
f 3871 3881 3884
f 3882 3884 3900
f 3873 3882 3883
f 3882 3876 3884
f 3884 3881 3901
f 3881 3872 3885
f 3883 3882 3902
f 3903 3898 3897
f 3879 3897 3898
f 3904 3899 3903
f 3898 3903 3899
f 3899 3885 3898
f 3895 3903 3897
f 3904 3900 3901
f 3884 3901 3900
f 3904 3905 3900
f 3902 3900 3905
f 3887 3883 3906
f 3902 3882 3900
f 3899 3904 3901
f 3901 3881 3899
f 3905 3906 3902
f 3894 3903 3895
f 3880 3858 3877
f 3887 3875 3883
f 3859 3770 3751
f 3824 3907 3827
f 3825 3824 3827
f 3827 3908 3826
f 3824 3886 3907
f 3826 3817 3827
f 3886 3874 3909
f 3831 3826 3910
f 3818 3831 3828
f 3830 3828 3911
f 3820 3830 3829
f 3830 3823 3828
f 3828 3831 3912
f 3831 3819 3826
f 3913 3829 3830
f 3874 3887 3909
f 3914 3907 3886
f 3915 3914 3909
f 3914 3886 3909
f 3907 3916 3908
f 3917 3909 3887
f 3914 3916 3907
f 3826 3908 3910
f 3912 3910 3918
f 3828 3912 3911
f 3912 3831 3910
f 3910 3908 3919
f 3908 3827 3907
f 3912 3920 3911
f 3830 3911 3913
f 3886 3850 3874
f 3921 3839 3848
f 3821 3848 3839
f 3922 3841 3842
f 3832 3842 3841
f 3842 3840 3839
f 3923 3842 3839
f 3924 3843 3847
f 3833 3847 3843
f 3925 3844 3846
f 3835 3846 3844
f 3846 3838 3843
f 3926 3846 3843
f 3847 3834 3841
f 3927 3847 3841
f 3913 3911 3928
f 3929 3829 3913
f 3921 3929 3930
f 3839 3921 3923
f 3921 3848 3929
f 3929 3913 3931
f 3922 3923 3932
f 3841 3922 3927
f 3924 3927 3933
f 3843 3924 3926
f 3846 3926 3925
f 3926 3924 3934
f 3924 3847 3927
f 3927 3922 3935
f 3922 3842 3923
f 3923 3921 3936
f 3937 3938 3844
f 3848 3829 3929
f 3848 3822 3829
f 3925 3926 3939
f 3917 3915 3909
f 3908 3916 3919
f 3905 3940 3917
f 3917 3887 3906
f 3919 3916 3941
f 3914 3942 3916
f 3918 3919 3943
f 3912 3918 3920
f 3928 3920 3944
f 3913 3928 3931
f 3928 3911 3920
f 3920 3918 3945
f 3918 3910 3919
f 3946 3931 3928
f 3940 3942 3915
f 3942 3914 3915
f 3947 3941 3940
f 3942 3940 3941
f 3941 3916 3942
f 3917 3940 3915
f 3947 3945 3943
f 3918 3943 3945
f 3948 3944 3947
f 3945 3947 3944
f 3944 3948 3946
f 3944 3920 3945
f 3941 3947 3943
f 3943 3919 3941
f 3944 3946 3928
f 3906 3905 3917
f 3946 3949 3931
f 3921 3930 3936
f 3936 3950 3932
f 3951 3936 3930
f 3932 3923 3936
f 3930 3931 3949
f 3935 3932 3952
f 3927 3935 3933
f 3934 3933 3953
f 3926 3934 3939
f 3934 3924 3933
f 3933 3935 3954
f 3935 3922 3932
f 3939 3934 3955
f 3956 3951 3949
f 3930 3949 3951
f 3952 3950 3956
f 3951 3956 3950
f 3950 3936 3951
f 3949 3948 3956
f 3957 3954 3952
f 3935 3952 3954
f 3955 3953 3957
f 3954 3957 3953
f 3934 3953 3955
f 3958 3955 3957
f 3953 3933 3954
f 3956 3957 3952
f 3952 3932 3950
f 3959 3939 3955
f 3946 3948 3949
f 3930 3929 3931
f 3937 3925 3939
f 3883 3902 3906
f 3824 3764 3850
f 3844 3938 3845
f 3960 3867 3859
f 3961 3962 3816
f 3962 3963 3964
f 3961 3963 3962
f 3805 3851 3961
f 3965 3964 3966
f 3967 3968 3969
f 3968 3965 3969
f 3970 3967 3971
f 3963 3972 3966
f 3964 3963 3966
f 3973 3974 3851
f 3974 3961 3851
f 3963 3974 3972
f 3963 3961 3974
f 3972 3975 3966
f 3965 3976 3969
f 3969 3977 3971
f 3978 3969 3976
f 3971 3967 3969
f 3976 3966 3975
f 3976 3965 3966
f 3979 3972 3974
f 3971 3980 3970
f 3837 3849 3851
f 3981 3982 3983
f 3984 3985 3986
f 3987 3986 3982
f 3988 3989 3990
f 3991 3992 3993
f 3994 3993 3989
f 3984 3990 3985
f 3980 3971 3995
f 3983 3980 3981
f 3996 3981 3997
f 3982 3996 3987
f 3996 3982 3981
f 3981 3980 3998
f 3984 3987 3999
f 3990 3984 3988
f 4000 3988 4001
f 3989 4000 3994
f 3993 3994 3991
f 3994 4000 4002
f 4000 3989 3988
f 3988 3984 4003
f 3984 3986 3987
f 3987 3996 4004
f 3991 4005 3992
f 3970 3980 3983
f 4006 3991 3994
f 3849 3973 3851
f 3972 4007 3975
f 4008 3979 3973
f 3979 3974 3973
f 3972 3979 4007
f 4009 3973 3849
f 3978 4010 3977
f 3969 3978 3977
f 4011 4012 4007
f 4012 3975 4007
f 3978 4012 4010
f 3978 3975 4012
f 3978 3976 3975
f 4013 4007 3979
f 4014 4015 3938
f 3938 4015 3845
f 4016 4008 4009
f 4008 3973 4009
f 4015 4009 3849
f 4017 4009 4015
f 4013 4011 4007
f 3979 4008 4013
f 4018 4019 4011
f 4019 4012 4011
f 4010 4020 4021
f 4022 4011 4013
f 4010 4012 4019
f 4023 4013 4008
f 3977 4021 3995
f 4015 3849 3845
f 4024 3998 3995
f 3980 3995 3998
f 4025 4004 3997
f 3996 3997 4004
f 3997 3981 3998
f 4026 3997 3998
f 4027 4003 3999
f 3984 3999 4003
f 4028 4002 4001
f 4000 4001 4002
f 4001 3988 4003
f 4029 4001 4003
f 3999 3987 4004
f 4030 3999 4004
f 4021 4031 4024
f 3995 4021 4024
f 4024 4032 4026
f 4021 4020 4031
f 4026 3998 4024
f 4010 4019 4020
f 4025 4026 4033
f 4004 4025 4030
f 4027 4030 4034
f 4003 4027 4029
f 4001 4029 4028
f 4029 4027 4035
f 4027 3999 4030
f 4030 4025 4036
f 4025 3997 4026
f 4029 4037 4028
f 4038 4006 4002
f 3977 4010 4021
f 3995 3971 3977
f 4039 4020 4019
f 4002 4006 3994
f 3816 3805 3961
f 4040 4041 4005
f 4042 4043 4044
f 4045 4044 4041
f 4046 4047 4048
f 4049 4050 4051
f 4049 4051 4047
f 4042 4048 4043
f 4006 4052 3991
f 4005 4053 4040
f 4040 4054 4045
f 4055 4040 4053
f 4045 4041 4040
f 4052 4053 3991
f 4042 4045 4056
f 4048 4042 4046
f 4057 4046 4058
f 4047 4057 4049
f 4057 4047 4046
f 4046 4042 4059
f 4042 4044 4045
f 4057 4060 4049
f 4049 4061 4050
f 4005 3991 4053
f 4062 4063 4064
f 4065 4066 4067
f 4068 4067 4063
f 4069 4070 4071
f 4072 4073 4074
f 4072 4074 4070
f 4065 4071 4066
f 4061 4049 4075
f 4064 4061 4076
f 4062 4076 4077
f 4063 4062 4068
f 4062 4064 4076
f 4076 4061 4078
f 4065 4068 4079
f 4071 4065 4069
f 4080 4069 4081
f 4070 4080 4072
f 4073 4072 3698
f 4072 4080 4082
f 4080 4070 4069
f 4069 4065 4083
f 4065 4067 4068
f 4068 4062 4084
f 4073 3698 3684
f 4050 4061 4064
f 3698 4072 3699
f 4085 4055 4052
f 4053 4052 4055
f 4086 4056 4054
f 4045 4054 4056
f 4054 4040 4055
f 4087 4054 4055
f 4088 4058 4059
f 4046 4059 4058
f 4060 4089 4075
f 4049 4060 4075
f 4060 4057 4058
f 4090 4060 4058
f 4059 4042 4056
f 4091 4059 4056
f 4038 4028 4092
f 4093 4006 4038
f 4085 4093 4094
f 4055 4085 4087
f 4085 4052 4093
f 4093 4038 4095
f 4086 4087 4096
f 4056 4086 4091
f 4088 4091 4097
f 4058 4088 4090
f 4088 4059 4091
f 4091 4086 4098
f 4086 4054 4087
f 4087 4085 4099
f 4060 4090 4089
f 4052 4006 4093
f 4100 4077 4078
f 4076 4078 4077
f 4101 4079 4084
f 4068 4084 4079
f 4084 4062 4077
f 4102 4084 4077
f 4103 4081 4083
f 4069 4083 4081
f 4104 3699 4082
f 4072 4082 3699
f 4082 4080 4081
f 4105 4082 4081
f 4083 4065 4079
f 4106 4083 4079
f 4089 4090 4107
f 4108 4075 4089
f 4100 4108 4109
f 4077 4100 4102
f 4100 4078 4108
f 4108 4089 4110
f 4101 4102 4111
f 4079 4101 4106
f 4103 4106 4112
f 4081 4103 4105
f 4082 4105 4104
f 4105 4103 4113
f 4103 4083 4106
f 4106 4101 4114
f 4101 4084 4102
f 4102 4100 4115
f 3698 3697 3682
f 4078 4075 4108
f 4078 4061 4075
f 4090 4088 4116
f 3684 3698 3682
f 4002 4028 4038
f 4104 4105 3708
f 4117 4014 3937
f 4014 3938 3937
f 4118 4016 4017
f 4016 4009 4017
f 4014 4017 4015
f 4119 4017 4014
f 4023 4022 4013
f 4008 4016 4023
f 4120 4018 4022
f 4018 4011 4022
f 4019 4018 4039
f 4121 4022 4023
f 4020 4122 4031
f 4123 4023 4016
f 4124 4119 4117
f 4119 4014 4117
f 4125 4123 4118
f 4123 4016 4118
f 4119 4118 4017
f 4126 4118 4119
f 4121 4120 4022
f 4023 4123 4121
f 4127 4128 4120
f 4128 4018 4120
f 4129 4122 4039
f 4130 4120 4121
f 4039 4018 4128
f 4131 4121 4123
f 4039 4122 4020
f 3959 4117 3937
f 4132 4033 4032
f 4026 4032 4033
f 4133 4034 4036
f 4030 4036 4034
f 4036 4025 4033
f 4134 4036 4033
f 4135 4037 4035
f 4029 4035 4037
f 4136 4095 4092
f 4038 4092 4095
f 4092 4028 4037
f 4137 4092 4037
f 4035 4027 4034
f 4138 4035 4034
f 4128 4129 4039
f 4139 4031 4122
f 4132 4139 4140
f 4033 4132 4134
f 4132 4032 4139
f 4139 4122 4141
f 4133 4134 4142
f 4034 4133 4138
f 4135 4138 4143
f 4037 4135 4137
f 4092 4137 4136
f 4137 4135 4144
f 4135 4035 4138
f 4138 4133 4145
f 4133 4036 4134
f 4134 4132 4146
f 4095 4147 4094
f 4032 4031 4139
f 4032 4024 4031
f 4136 4137 4148
f 3955 4149 3959
f 4150 3959 4149
f 4151 4124 4150
f 4117 3959 4150
f 4117 4150 4124
f 3958 4150 4149
f 4125 4131 4123
f 4122 4129 4141
f 4151 4125 4126
f 4124 4126 4119
f 4129 4152 4141
f 4126 4125 4118
f 4128 4153 4129
f 4151 4126 4124
f 3958 4151 4150
f 4154 4131 4125
f 4154 4125 4151
f 4154 4130 4131
f 4154 4155 4127
f 4127 4120 4130
f 4127 4155 4153
f 4153 4155 4152
f 4127 4153 4128
f 4130 4154 4127
f 4131 4130 4121
f 4153 4152 4129
f 3955 3958 4149
f 4152 4156 4141
f 4132 4140 4146
f 4146 4157 4142
f 4158 4146 4140
f 4142 4134 4146
f 4140 4141 4156
f 4145 4142 4159
f 4138 4145 4143
f 4144 4143 4160
f 4137 4144 4148
f 4144 4135 4143
f 4143 4145 4161
f 4145 4133 4142
f 4148 4144 4162
f 4163 4158 4156
f 4140 4156 4158
f 4164 4157 4163
f 4158 4163 4157
f 4157 4146 4158
f 4156 4155 4163
f 4164 4161 4159
f 4145 4159 4161
f 4160 4164 4165
f 4161 4164 4160
f 4144 4160 4162
f 4162 4160 4165
f 4160 4143 4161
f 4157 4164 4159
f 4159 4142 4157
f 4148 4166 4167
f 4152 4155 4156
f 4140 4139 4141
f 4136 4167 4147
f 3939 3959 3937
f 4094 4168 4099
f 4085 4094 4099
f 4099 4169 4096
f 4094 4147 4168
f 4096 4087 4099
f 4167 4136 4148
f 4098 4096 4170
f 4091 4098 4097
f 4116 4097 4171
f 4090 4116 4107
f 4116 4088 4097
f 4097 4098 4172
f 4098 4086 4096
f 4173 4107 4116
f 4168 4174 4169
f 4099 4168 4169
f 4175 4176 4167
f 4176 4147 4167
f 4168 4176 4174
f 4168 4147 4176
f 4174 4177 4169
f 4098 4170 4172
f 4172 4178 4171
f 4179 4172 4170
f 4171 4097 4172
f 4170 4169 4177
f 4170 4096 4169
f 4180 4174 4176
f 4116 4171 4173
f 4166 4148 4162
f 4181 4109 4110
f 4108 4110 4109
f 4182 4111 4115
f 4102 4115 4111
f 4115 4100 4109
f 4183 4115 4109
f 4184 4112 4114
f 4106 4114 4112
f 3751 3708 4113
f 4105 4113 3708
f 4113 4103 4112
f 4185 4113 4112
f 4114 4101 4111
f 4186 4114 4111
f 4173 4171 4187
f 4188 4107 4173
f 4181 4188 4189
f 4109 4181 4183
f 4181 4110 4188
f 4188 4173 4190
f 4182 4183 4191
f 4111 4182 4186
f 4184 4186 4192
f 4112 4184 4185
f 4113 4185 3751
f 4185 4184 4193
f 4184 4114 4186
f 4186 4182 4194
f 4182 4115 4183
f 4183 4181 4195
f 4104 3707 3699
f 4110 4107 4188
f 4110 4089 4107
f 3751 4185 3960
f 4166 4175 4167
f 4174 4196 4177
f 4197 4180 4175
f 4180 4176 4175
f 4180 4196 4174
f 4197 4175 4166
f 4179 4177 4198
f 4172 4179 4178
f 4187 4178 4199
f 4173 4187 4190
f 4187 4171 4178
f 4178 4179 4200
f 4179 4170 4177
f 4190 4187 4201
f 4165 4197 4166
f 4196 4180 4197
f 4196 4197 4202
f 4202 4198 4196
f 4202 4203 4200
f 4179 4198 4200
f 4203 4201 4199
f 4187 4199 4201
f 4204 4201 4203
f 4200 4203 4199
f 4199 4178 4200
f 4198 4202 4200
f 4198 4177 4196
f 4190 4204 4189
f 4166 4162 4165
f 4189 4205 4195
f 4181 4189 4195
f 4195 4206 4191
f 4189 4204 4205
f 4191 4183 4195
f 4190 4201 4204
f 4194 4191 4207
f 4186 4194 4192
f 4193 4192 4208
f 4185 4193 3960
f 4193 4184 4192
f 4192 4194 4209
f 4194 4182 4191
f 3960 4193 3868
f 4210 4206 4205
f 4195 4205 4206
f 4207 4206 4211
f 4210 4211 4206
f 4207 4191 4206
f 4204 4210 4205
f 4211 4208 4209
f 4192 4209 4208
f 4211 3896 4208
f 3868 4208 3896
f 3868 3867 3960
f 3868 4193 4208
f 4207 4211 4209
f 4209 4194 4207
f 3960 3859 3751
f 4203 4210 4204
f 4189 4188 4190
f 3697 3699 3707
f 4147 4095 4136
f 4094 4093 4095
f 3844 3925 3937
f 3707 4104 3708
f 4212 4213 4214
f 4214 4215 4212
f 4214 4213 4216
f 4212 4215 4217
f 968 947 4218
f 4219 4220 4221
f 4213 4220 4216
f 4222 4221 4223
f 4222 4219 4221
f 4224 4225 4226
f 4223 4224 4222
f 4216 4220 4219
f 4225 4227 4228
f 4229 4228 4227
f 4230 4229 4227
f 4225 4228 4226
f 4224 4223 4225
f 4231 4232 4233
f 4231 4233 4218
f 4233 4232 4234
f 4232 4235 4234
f 4231 4218 947
f 4235 4236 4237
f 4238 4239 4236
f 4236 4239 4237
f 4240 4238 4241
f 4235 4237 4234
f 4238 4242 4239
f 4243 4244 4241
f 4242 4238 4240
f 4240 4241 4244
f 4243 4245 4244
f 4246 4247 4248
f 4246 4248 4245
f 4248 4247 4217
f 4247 4212 4217
f 4246 4245 4243
f 4249 4250 4251
f 4251 4250 4252
f 4253 4251 4252
f 4252 4254 4253
f 4250 4255 4256
f 4250 4249 4257
f 4257 4255 4250
f 4250 4256 4258
f 4259 4260 4252
f 4261 4262 4252
f 4259 4252 4262
f 4263 4254 4252
f 4264 4265 4252
f 4266 4264 4252
f 4263 4252 4265
f 4260 4266 4252
f 4252 4267 4261
f 4250 4268 4269
f 4268 4250 4258
f 4269 4270 4250
f 4250 4270 4271
f 4272 4273 4250
f 4272 4250 4271
f 4274 4275 4250
f 4274 4250 4273
f 4275 4274 4276
f 4276 4277 4275
f 4278 4279 4275
f 4277 4278 4275
f 4280 4281 4275
f 4282 4283 4275
f 4284 4282 4275
f 4281 4284 4275
f 4279 4280 4275
f 4275 4283 4285
f 4286 4287 4267
f 4288 4289 4267
f 4286 4267 4289
f 4290 4291 4267
f 4292 4293 4267
f 4290 4267 4293
f 4288 4267 4291
f 4294 4295 4267
f 4296 4294 4267
f 4294 4296 4297
f 4295 4292 4267
f 4298 4299 4296
f 4300 4296 4301
f 4296 4300 4298
f 4301 4296 4302
f 4299 4297 4296
f 4287 4261 4267
f 4303 4304 4305
f 4306 4307 4305
f 4304 4306 4305
f 4285 4308 4305
f 4309 4310 4305
f 4311 4309 4305
f 4308 4311 4305
f 4303 4305 4310
f 4312 4296 4313
f 4302 4296 4314
f 4314 4296 4312
f 4315 4316 4305
f 4317 4296 4318
f 4317 4313 4296
f 4296 4316 4318
f 4315 4305 4307
f 4316 4296 4305
f 4285 4305 4275
f 4319 4320 4321
f 4322 4320 4323
f 4320 4319 4324
f 4323 4320 4324
f 4325 4326 4327
f 4327 4328 4325
f 4329 4330 4331
f 4331 4332 4329
f 4333 4334 4335
f 4335 4336 4333
f 4337 4338 4339
f 4339 4340 4337
f 4341 4342 4343
f 4344 4343 4342
f 4345 4346 4347
f 4347 4348 4345
